frame,pc,system_input,player_input,player_state_2800,airborne_20b0,rider_x_2646,rider_y_2644,jump_anim_20b4,jump_acc_20b5,scroll_command_20b1,scroll_acc_2203,activation_acc_20c2,course_index_2208,course_state_20bc,state_20bd,state_20be,state_20bf,score_bcd_20a0,object_26d0_status,object_26d0_x88,object_26d0_y,object_26d0_timer,object_26d0_code,object_26d0_attr,frame_byte_14,lives_2200,extra_220a,coin_220b,missed_220c,bb_20bb,c1_20c1,c4_20c4,phase_05,phase_06,cb_20cb
1,ca10,ff,ff,00,00,0,0,00,0000,0000,0000,0000,00,00,00,00,00,000000,00,0000,0,00,00,00,00,00,00,00,00,00,00,0000,00,00,00
2,ca0c,ff,ff,00,00,0,0,00,0000,0000,0000,0000,00,00,00,00,00,000000,00,0000,0,00,00,00,00,00,00,00,00,00,00,0000,00,00,00
3,ca0d,ff,ff,00,00,0,0,00,0000,0000,0000,0000,00,00,00,00,00,000000,00,0000,0,00,00,00,00,00,00,00,00,00,00,0000,00,00,00
4,ca0d,ff,ff,00,00,0,0,00,0000,0000,0000,0000,00,00,00,00,00,000000,00,0000,0,00,00,00,00,00,00,00,00,00,00,0000,00,00,00
5,ca0f,ff,ff,00,00,0,0,00,0000,0000,0000,0000,00,00,00,00,00,000000,00,0000,0,00,00,00,00,00,00,00,00,00,00,0000,00,00,00
6,ca0a,ff,ff,00,00,0,0,00,0000,0000,0000,0000,00,00,00,00,00,000000,00,0000,0,00,00,00,00,00,00,00,00,00,00,0000,00,00,00
7,ca0d,ff,ff,00,00,0,0,00,0000,0000,0000,0000,00,00,00,00,00,000000,00,0000,0,00,00,00,00,00,00,00,00,00,00,0000,00,00,00
8,ca0d,ff,ff,00,00,0,0,00,0000,0000,0000,0000,00,00,00,00,00,000000,00,0000,0,00,00,00,00,00,00,00,00,00,00,0000,00,00,00
9,ca0e,ff,ff,00,00,0,0,00,0000,0000,0000,0000,00,00,00,00,00,000000,00,0000,0,00,00,00,00,00,00,00,00,00,00,0000,00,00,00
10,ca10,ff,ff,00,00,0,0,00,0000,0000,0000,0000,00,00,00,00,00,000000,00,0000,0,00,00,00,00,00,00,00,00,00,00,0000,00,00,00
11,ca0c,ff,ff,00,00,0,0,00,0000,0000,0000,0000,00,00,00,00,00,000000,00,0000,0,00,00,00,00,00,00,00,00,00,00,0000,00,00,00
12,ca0d,ff,ff,00,00,0,0,00,0000,0000,0000,0000,00,00,00,00,00,000000,00,0000,0,00,00,00,00,00,00,00,00,00,00,0000,00,00,00
13,ca0d,ff,ff,00,00,0,0,00,0000,0000,0000,0000,00,00,00,00,00,000000,00,0000,0,00,00,00,00,00,00,00,00,00,00,0000,00,00,00
14,ca0f,ff,ff,00,00,0,0,00,0000,0000,0000,0000,00,00,00,00,00,000000,00,0000,0,00,00,00,00,00,00,00,00,00,00,0000,00,00,00
15,ca0a,ff,ff,00,00,0,0,00,0000,0000,0000,0000,00,00,00,00,00,000000,00,0000,0,00,00,00,00,00,00,00,00,00,00,0000,00,00,00
16,ca0d,ff,ff,00,00,0,0,00,0000,0000,0000,0000,00,00,00,00,00,000000,00,0000,0,00,00,00,00,00,00,00,00,00,00,0000,00,00,00
17,ca0d,ff,ff,00,00,0,0,00,0000,0000,0000,0000,00,00,00,00,00,000000,00,0000,0,00,00,00,00,00,00,00,00,00,00,0000,00,00,00
18,ca0e,ff,ff,00,00,0,0,00,0000,0000,0000,0000,00,00,00,00,00,000000,00,0000,0,00,00,00,00,00,00,00,00,00,00,0000,00,00,00
19,ca10,ff,ff,00,00,0,0,00,0000,0000,0000,0000,00,00,00,00,00,000000,00,0000,0,00,00,00,00,00,00,00,00,00,00,0000,00,00,00
20,ca0c,ff,ff,00,00,0,0,00,0000,0000,0000,0000,00,00,00,00,00,000000,00,0000,0,00,00,00,00,00,00,00,00,00,00,0000,00,00,00
21,ca0d,ff,ff,00,00,0,0,00,0000,0000,0000,0000,00,00,00,00,00,000000,00,0000,0,00,00,00,00,00,00,00,00,00,00,0000,00,00,00
22,ca0d,ff,ff,00,00,0,0,00,0000,0000,0000,0000,00,00,00,00,00,000000,00,0000,0,00,00,00,00,00,00,00,00,00,00,0000,00,00,00
23,ca0f,ff,ff,00,00,0,0,00,0000,0000,0000,0000,00,00,00,00,00,000000,00,0000,0,00,00,00,00,00,00,00,00,00,00,0000,00,00,00
24,ca0a,ff,ff,00,00,0,0,00,0000,0000,0000,0000,00,00,00,00,00,000000,00,0000,0,00,00,00,00,00,00,00,00,00,00,0000,00,00,00
25,ca0d,ff,ff,00,00,0,0,00,0000,0000,0000,0000,00,00,00,00,00,000000,00,0000,0,00,00,00,00,00,00,00,00,00,00,0000,00,00,00
26,ca0d,ff,ff,00,00,0,0,00,0000,0000,0000,0000,00,00,00,00,00,000000,00,0000,0,00,00,00,00,00,00,00,00,00,00,0000,00,00,00
27,ca0e,ff,ff,00,00,0,0,00,0000,0000,0000,0000,00,00,00,00,00,000000,00,0000,0,00,00,00,00,00,00,00,00,00,00,0000,00,00,00
28,ca10,ff,ff,00,00,0,0,00,0000,0000,0000,0000,00,00,00,00,00,000000,00,0000,0,00,00,00,00,00,00,00,00,00,00,0000,00,00,00
29,ca0c,ff,ff,00,00,0,0,00,0000,0000,0000,0000,00,00,00,00,00,000000,00,0000,0,00,00,00,00,00,00,00,00,00,00,0000,00,00,00
30,ca0d,ff,ff,00,00,0,0,00,0000,0000,0000,0000,00,00,00,00,00,000000,00,0000,0,00,00,00,00,00,00,00,00,00,00,0000,00,00,00
31,ca0d,ff,ff,00,00,0,0,00,0000,0000,0000,0000,00,00,00,00,00,000000,00,0000,0,00,00,00,00,00,00,00,00,00,00,0000,00,00,00
32,ca0f,ff,ff,00,00,0,0,00,0000,0000,0000,0000,00,00,00,00,00,000000,00,0000,0,00,00,00,00,00,00,00,00,00,00,0000,00,00,00
33,ca0a,ff,ff,00,00,0,0,00,0000,0000,0000,0000,00,00,00,00,00,000000,00,0000,0,00,00,00,00,00,00,00,00,00,00,0000,00,00,00
34,ca0d,ff,ff,00,00,0,0,00,0000,0000,0000,0000,00,00,00,00,00,000000,00,0000,0,00,00,00,00,00,00,00,00,00,00,0000,00,00,00
35,ca0d,ff,ff,00,00,0,0,00,0000,0000,0000,0000,00,00,00,00,00,000000,00,0000,0,00,00,00,00,00,00,00,00,00,00,0000,00,00,00
36,ca0e,ff,ff,00,00,0,0,00,0000,0000,0000,0000,00,00,00,00,00,000000,00,0000,0,00,00,00,00,00,00,00,00,00,00,0000,00,00,00
37,ca10,ff,ff,00,00,0,0,00,0000,0000,0000,0000,00,00,00,00,00,000000,00,0000,0,00,00,00,00,00,00,00,00,00,00,0000,00,00,00
38,ca0c,ff,ff,00,00,0,0,00,0000,0000,0000,0000,00,00,00,00,00,000000,00,0000,0,00,00,00,00,00,00,00,00,00,00,0000,00,00,00
39,ca0d,ff,ff,00,00,0,0,00,0000,0000,0000,0000,00,00,00,00,00,000000,00,0000,0,00,00,00,00,00,00,00,00,00,00,0000,00,00,00
40,ca0d,ff,ff,00,00,0,0,00,0000,0000,0000,0000,00,00,00,00,00,000000,00,0000,0,00,00,00,00,00,00,00,00,00,00,0000,00,00,00
41,ca0f,ff,ff,00,00,0,0,00,0000,0000,0000,0000,00,00,00,00,00,000000,00,0000,0,00,00,00,00,00,00,00,00,00,00,0000,00,00,00
42,ca0a,ff,ff,00,00,0,0,00,0000,0000,0000,0000,00,00,00,00,00,000000,00,0000,0,00,00,00,00,00,00,00,00,00,00,0000,00,00,00
43,ca0d,ff,ff,00,00,0,0,00,0000,0000,0000,0000,00,00,00,00,00,000000,00,0000,0,00,00,00,00,00,00,00,00,00,00,0000,00,00,00
44,ca0d,ff,ff,00,00,0,0,00,0000,0000,0000,0000,00,00,00,00,00,000000,00,0000,0,00,00,00,00,00,00,00,00,00,00,0000,00,00,00
45,ca0e,ff,ff,00,00,0,0,00,0000,0000,0000,0000,00,00,00,00,00,000000,00,0000,0,00,00,00,00,00,00,00,00,00,00,0000,00,00,00
46,ca10,ff,ff,00,00,0,0,00,0000,0000,0000,0000,00,00,00,00,00,000000,00,0000,0,00,00,00,00,00,00,00,00,00,00,0000,00,00,00
47,ca1e,ff,ff,00,00,0,0,00,0000,0000,0000,0000,00,00,00,00,00,000000,00,0000,0,00,00,00,00,00,00,00,00,00,00,0000,00,00,00
48,ca22,ff,ff,00,00,0,0,00,0000,0000,0000,0000,00,00,00,00,00,000000,00,0000,0,00,00,00,00,00,00,00,00,00,00,0000,00,00,00
49,ca27,ff,ff,00,00,0,0,00,0000,0000,0000,0000,00,00,00,00,00,000000,00,0000,0,00,00,00,00,00,00,00,00,00,00,0000,00,00,00
50,ca1e,ff,ff,00,00,0,0,00,0000,0000,0000,0000,00,00,00,00,00,000000,00,0000,0,00,00,00,00,00,00,00,00,00,00,0000,00,00,00
51,ca22,ff,ff,00,00,0,0,00,0000,0000,0000,0000,00,00,00,00,00,000000,00,0000,0,00,00,00,00,00,00,00,00,00,00,0000,00,00,00
52,ca22,ff,ff,00,55,0,0,55,5555,5555,5555,5555,55,55,55,55,55,555555,00,0000,0,00,00,00,55,55,55,55,55,55,55,5555,55,55,55
53,ca26,ff,ff,55,55,85,85,55,5555,5555,5555,5555,55,55,55,55,55,555555,55,5555,85,55,55,55,55,55,55,55,55,55,55,5555,55,55,55
54,ca1e,ff,ff,55,55,85,85,55,5555,5555,5555,5555,55,55,55,55,55,555555,55,5555,85,55,55,55,55,55,55,55,55,55,55,5555,55,55,55
55,ca22,ff,ff,55,55,85,85,55,5555,5555,5555,5555,55,55,55,55,55,555555,55,5555,85,55,55,55,55,55,55,55,55,55,55,5555,55,55,55
56,ca26,ff,ff,55,55,85,85,55,5555,5555,5555,5555,55,55,55,55,55,555555,55,5555,85,55,55,55,55,55,55,55,55,55,55,5555,55,55,55
57,ca25,ff,ff,55,aa,85,85,aa,aaaa,aaaa,aaaa,aaaa,aa,aa,aa,aa,aa,aaaaaa,55,5555,85,55,55,55,aa,aa,aa,aa,aa,aa,aa,aaaa,aa,aa,aa
58,ca1d,ff,ff,55,aa,170,170,aa,aaaa,aaaa,aaaa,aaaa,aa,aa,aa,aa,aa,aaaaaa,aa,aaaa,170,aa,aa,aa,aa,aa,aa,aa,aa,aa,aa,aaaa,aa,aa,aa
59,ca21,ff,ff,aa,aa,170,170,aa,aaaa,aaaa,aaaa,aaaa,aa,aa,aa,aa,aa,aaaaaa,aa,aaaa,170,aa,aa,aa,aa,aa,aa,aa,aa,aa,aa,aaaa,aa,aa,aa
60,ca25,ff,ff,aa,aa,170,170,aa,aaaa,aaaa,aaaa,aaaa,aa,aa,aa,aa,aa,aaaaaa,aa,aaaa,170,aa,aa,aa,aa,aa,aa,aa,aa,aa,aa,aaaa,aa,aa,aa
61,ca1d,ff,ff,aa,aa,170,170,aa,aaaa,aaaa,aaaa,aaaa,aa,aa,aa,aa,aa,aaaaaa,aa,aaaa,170,aa,aa,aa,aa,aa,aa,aa,aa,aa,aa,aaaa,aa,aa,aa
62,ca29,ff,ff,aa,ff,170,170,ff,ffff,ffff,aaaa,ffff,aa,ff,ff,ff,ff,ffffff,aa,aaaa,170,aa,aa,aa,ff,aa,aa,aa,aa,ff,ff,ffff,ff,ff,ff
63,ca20,ff,ff,aa,ff,170,170,ff,ffff,ffff,ffff,ffff,ff,ff,ff,ff,ff,ffffff,aa,aaaa,170,aa,aa,aa,ff,ff,ff,ff,ff,ff,ff,ffff,ff,ff,ff
64,ca24,ff,ff,ff,ff,255,255,ff,ffff,ffff,ffff,ffff,ff,ff,ff,ff,ff,ffffff,ff,ffff,255,ff,ff,ff,ff,ff,ff,ff,ff,ff,ff,ffff,ff,ff,ff
65,ca29,ff,ff,ff,ff,255,255,ff,ffff,ffff,ffff,ffff,ff,ff,ff,ff,ff,ffffff,ff,ffff,255,ff,ff,ff,ff,ff,ff,ff,ff,ff,ff,ffff,ff,ff,ff
66,ca20,ff,ff,ff,ff,255,255,ff,ffff,ffff,ffff,ffff,ff,ff,ff,ff,ff,ffffff,ff,ffff,255,ff,ff,ff,ff,ff,ff,ff,ff,ff,ff,ffff,ff,ff,ff
67,ca24,ff,ff,ff,ff,255,255,ff,ffff,ffff,ffff,ffff,ff,ff,ff,ff,ff,ffffff,ff,ffff,255,ff,ff,ff,ff,ff,ff,ff,ff,ff,ff,ffff,ff,ff,ff
68,ca34,ff,ff,ff,ff,255,255,ff,ffff,ffff,ffff,ffff,ff,ff,ff,ff,ff,ffffff,ff,ffff,255,ff,ff,ff,ff,ff,ff,ff,ff,ff,ff,ffff,ff,ff,ff
69,ca3c,ff,ff,ff,ff,255,255,ff,ffff,ffff,ffff,ffff,ff,ff,ff,ff,ff,ffffff,ff,ffff,255,ff,ff,ff,ff,ff,ff,ff,ff,ff,ff,ffff,ff,ff,ff
70,ca30,ff,ff,ff,ff,255,255,ff,ffff,ffff,ffff,ffff,ff,ff,ff,ff,ff,ffffff,ff,ffff,255,ff,ff,ff,ff,ff,ff,ff,ff,ff,ff,ffff,ff,ff,ff
71,ca3a,ff,ff,ff,ff,255,255,ff,ffff,ffff,ffff,ffff,ff,ff,ff,ff,ff,ffffff,ff,ffff,255,ff,ff,ff,ff,ff,ff,ff,ff,ff,ff,ffff,ff,ff,ff
72,ca41,ff,ff,68,ff,255,255,ff,ffff,ffff,ffff,ffff,ff,ff,ff,ff,ff,ffffff,ff,ffff,255,ff,ff,ff,ff,ff,ff,ff,ff,ff,ff,ffff,ff,ff,ff
73,ca36,ff,ff,68,ff,36,38,ff,ffff,ffff,ffff,ffff,ff,ff,ff,ff,ff,ffffff,99,9392,149,91,8b,8a,ff,ff,ff,ff,ff,ff,ff,ffff,ff,ff,ff
74,ca47,ff,ff,68,00,36,38,00,0000,0000,0000,0000,00,00,00,00,00,000000,99,9392,149,91,8b,8a,00,00,00,00,00,00,00,0000,00,00,00
75,c9f1,ff,ff,00,00,0,0,00,0000,0000,0000,0000,00,00,00,00,00,000000,00,0000,0,00,00,00,00,00,00,00,00,00,00,0000,00,00,00
76,ca6b,ff,ff,00,00,0,0,00,0000,0000,0000,0000,00,00,00,00,00,000000,00,0000,0,00,00,00,00,00,00,00,00,00,00,0000,00,00,00
77,ca6f,ff,ff,00,00,0,0,00,0000,0000,0000,0000,00,00,00,00,00,000000,00,0000,0,00,00,00,00,00,00,00,00,00,00,0000,00,00,00
78,ca73,ff,ff,00,00,0,0,00,0000,0000,0000,0000,00,00,00,00,00,000000,00,0000,0,00,00,00,00,00,00,00,00,00,00,0000,00,00,00
79,ca6d,ff,ff,00,00,0,0,00,0000,0000,0000,0000,00,00,00,00,00,000000,00,0000,0,00,00,00,00,00,00,00,00,00,00,0000,00,00,00
80,ca71,ff,ff,00,00,0,0,00,0000,0000,0000,0000,00,00,00,00,00,000000,00,0000,0,00,00,00,00,00,00,00,00,00,00,0000,00,00,00
81,ca70,ff,ff,00,00,0,0,00,0000,0000,0000,0000,00,00,00,00,00,000000,00,0000,0,00,00,00,00,00,00,00,00,00,00,0000,00,00,00
82,ca75,ff,ff,00,00,0,0,00,0000,0000,0000,0000,00,00,00,00,00,000000,00,0000,0,00,00,00,00,00,00,00,00,00,00,0000,00,00,00
83,ca6f,ff,ff,00,00,0,0,00,0000,0000,0000,0000,00,00,00,00,00,000000,00,0000,0,00,00,00,00,00,00,00,00,00,00,0000,00,00,00
84,ca73,ff,ff,00,00,0,0,00,0000,0000,0000,0000,00,00,00,00,00,000000,00,0000,0,00,00,00,00,00,00,00,00,00,00,0000,00,00,00
85,ca6d,ff,ff,00,00,0,0,00,0000,0000,0000,0000,00,00,00,00,00,000000,00,0000,0,00,00,00,00,00,00,00,00,00,00,0000,00,00,00
86,ca6b,ff,ff,00,00,0,0,00,0000,0000,0000,0000,00,00,00,00,00,000000,00,0000,0,00,00,00,00,00,00,00,00,00,00,0000,00,00,00
87,ca6f,ff,ff,00,00,0,0,00,0000,0000,0000,0000,00,00,00,00,00,000000,00,0000,0,00,00,00,00,00,00,00,00,00,00,0000,00,00,00
88,ca73,ff,ff,00,00,0,0,00,0000,0000,0000,0000,00,00,00,00,00,000000,00,0000,0,00,00,00,00,00,00,00,00,00,00,0000,00,00,00
89,ca6d,ff,ff,00,00,0,0,00,0000,0000,0000,0000,00,00,00,00,00,000000,00,0000,0,00,00,00,00,00,00,00,00,00,00,0000,00,00,00
90,ca72,ff,ff,00,00,0,0,00,0000,0000,0000,0000,00,00,00,00,00,000000,00,0000,0,00,00,00,00,00,00,00,00,00,00,0000,00,00,00
91,ca70,ff,ff,00,00,0,0,00,0000,0000,0000,0000,00,00,00,00,00,000000,00,0000,0,00,00,00,00,00,00,00,00,00,00,0000,00,00,00
92,ca75,ff,ff,00,00,0,0,00,0000,0000,0000,0000,00,00,00,00,00,000000,00,0000,0,00,00,00,00,00,00,00,00,00,00,0000,00,00,00
93,ca6f,ff,ff,00,00,0,0,00,0000,0000,0000,0000,00,00,00,00,00,000000,00,0000,0,00,00,00,00,00,00,00,00,00,00,0000,00,00,00
94,ca73,ff,ff,00,00,0,0,00,0000,0000,0000,0000,00,00,00,00,00,000000,00,0000,0,00,00,00,00,00,00,00,00,00,00,0000,00,00,00
95,ca6d,ff,ff,00,00,0,0,00,0000,0000,0000,0000,00,00,00,00,00,000000,00,0000,0,00,00,00,00,00,00,00,00,00,00,0000,00,00,00
96,ca6c,ff,ff,00,00,0,0,00,0000,0000,0000,0000,00,00,00,00,00,000000,00,0000,0,00,00,00,00,00,00,00,00,00,00,0000,00,00,00
97,ca6f,ff,ff,00,00,0,0,00,0000,0000,0000,0000,00,00,00,00,00,000000,00,0000,0,00,00,00,00,00,00,00,00,00,00,0000,00,00,00
98,ca73,ff,ff,00,00,0,0,00,0000,0000,0000,0000,00,00,00,00,00,000000,00,0000,0,00,00,00,00,00,00,00,00,00,00,0000,00,00,00
99,ca6e,ff,ff,00,00,0,0,00,0000,0000,0000,0000,00,00,00,00,00,000000,00,0000,0,00,00,00,00,00,00,00,00,00,00,0000,00,00,00
100,ca72,ff,ff,00,00,0,0,00,0000,0000,0000,0000,00,00,00,00,00,000000,00,0000,0,00,00,00,00,00,00,00,00,00,00,0000,00,00,00
101,cac4,ff,ff,00,00,0,0,00,0000,0000,0000,0000,00,00,00,00,00,000000,00,0000,0,00,00,00,00,00,00,00,00,00,00,0000,00,00,00
102,cac4,ff,ff,00,00,0,0,00,0000,0000,0000,0000,00,00,00,00,00,000000,00,0000,0,00,00,00,00,00,00,00,00,00,00,0000,00,00,00
103,cac6,ff,ff,00,00,0,0,00,0000,0000,0000,0000,00,00,00,00,00,000000,00,0000,0,00,00,00,00,00,00,00,00,00,00,0000,00,00,00
104,cac2,ff,ff,00,00,0,0,00,0000,0000,0000,0000,00,00,00,00,00,000000,00,0000,0,00,00,00,00,00,00,00,00,00,00,0000,00,00,00
105,cac4,ff,ff,00,00,0,0,00,0000,0000,0000,0000,00,00,00,00,00,000000,00,0000,0,00,00,00,00,00,00,00,00,00,00,0000,00,00,00
106,cac4,ff,ff,00,00,0,0,00,0000,0000,0000,0000,00,00,00,00,00,000000,00,0000,0,00,00,00,00,00,00,00,00,00,00,0000,00,00,00
107,cac6,ff,ff,00,00,0,0,00,0000,0000,0000,0000,00,00,00,00,00,000000,00,0000,0,00,00,00,00,00,00,00,00,00,00,0000,00,00,00
108,cac8,ff,ff,00,00,0,0,00,0000,0000,0000,0000,00,00,00,00,00,000000,00,0000,0,00,00,00,00,00,00,00,00,00,00,0000,00,00,00
109,cac3,ff,ff,00,00,0,0,00,0000,0000,0000,0000,00,00,00,00,00,000000,00,0000,0,00,00,00,00,00,00,00,00,00,00,0000,00,00,00
110,cac4,ff,ff,00,00,0,0,00,0000,0000,0000,0000,00,00,00,00,00,000000,00,0000,0,00,00,00,00,00,00,00,00,00,00,0000,00,00,00
111,cac4,ff,ff,00,00,0,0,00,0000,0000,0000,0000,00,00,00,00,00,000000,00,0000,0,00,00,00,00,00,00,00,00,00,00,0000,00,00,00
112,cac6,ff,ff,00,00,0,0,00,0000,0000,0000,0000,00,00,00,00,00,000000,00,0000,0,00,00,00,00,00,00,00,00,00,00,0000,00,00,00
113,cac2,ff,ff,00,00,0,0,00,0000,0000,0000,0000,00,00,00,00,00,000000,00,0000,0,00,00,00,00,00,00,00,00,00,00,0000,00,00,00
114,cac4,ff,ff,00,00,0,0,00,0000,0000,0000,0000,00,00,00,00,00,000000,00,0000,0,00,00,00,00,00,00,00,00,00,00,0000,00,00,00
115,cac4,ff,ff,00,00,0,0,00,0000,0000,0000,0000,00,00,00,00,00,000000,00,0000,0,00,00,00,00,00,00,00,00,00,00,0000,00,00,00
116,cac6,ff,ff,00,00,0,0,00,0000,0000,0000,0000,00,00,00,00,00,000000,00,0000,0,00,00,00,00,00,00,00,00,00,00,0000,00,00,00
117,cac8,ff,ff,00,00,0,0,00,0000,0000,0000,0000,00,00,00,00,00,000000,00,0000,0,00,00,00,00,00,00,00,00,00,00,0000,00,00,00
118,cac3,ff,ff,00,00,0,0,00,0000,0000,0000,0000,00,00,00,00,00,000000,00,0000,0,00,00,00,00,00,00,00,00,00,00,0000,00,00,00
119,cac4,ff,ff,00,00,0,0,00,0000,0000,0000,0000,00,00,00,00,00,000000,00,0000,0,00,00,00,00,00,00,00,00,00,00,0000,00,00,00
120,cac4,ff,ff,00,00,0,0,00,0000,0000,0000,0000,00,00,00,00,00,000000,00,0000,0,00,00,00,00,00,00,00,00,00,00,0000,00,00,00
121,cac6,ff,ff,00,00,0,0,00,0000,0000,0000,0000,00,00,00,00,00,000000,00,0000,0,00,00,00,00,00,00,00,00,00,00,0000,00,00,00
122,cac2,ff,ff,00,00,0,0,00,0000,0000,0000,0000,00,00,00,00,00,000000,00,0000,0,00,00,00,00,00,00,00,00,00,00,0000,00,00,00
123,cac4,ff,ff,00,00,0,0,00,0000,0000,0000,0000,00,00,00,00,00,000000,00,0000,0,00,00,00,00,00,00,00,00,00,00,0000,00,00,00
124,cac4,ff,ff,00,00,0,0,00,0000,0000,0000,0000,00,00,00,00,00,000000,00,0000,0,00,00,00,00,00,00,00,00,00,00,0000,00,00,00
125,cac6,ff,ff,00,00,0,0,00,0000,0000,0000,0000,00,00,00,00,00,000000,00,0000,0,00,00,00,00,00,00,00,00,00,00,0000,00,00,00
126,cac8,ff,ff,00,00,0,0,00,0000,0000,0000,0000,00,00,00,00,00,000000,00,0000,0,00,00,00,00,00,00,00,00,00,00,0000,00,00,00
127,cac3,ff,ff,00,00,0,0,00,0000,0000,0000,0000,00,00,00,00,00,000000,00,0000,0,00,00,00,00,00,00,00,00,00,00,0000,00,00,00
128,cac4,ff,ff,00,00,0,0,00,0000,0000,0000,0000,00,00,00,00,00,000000,00,0000,0,00,00,00,00,00,00,00,00,00,00,0000,00,00,00
129,cac4,ff,ff,00,00,0,0,00,0000,0000,0000,0000,00,00,00,00,00,000000,00,0000,0,00,00,00,00,00,00,00,00,00,00,0000,00,00,00
130,cac6,ff,ff,00,00,0,0,00,0000,0000,0000,0000,00,00,00,00,00,000000,00,0000,0,00,00,00,00,00,00,00,00,00,00,0000,00,00,00
131,cac2,ff,ff,00,00,0,0,00,0000,0000,0000,0000,00,00,00,00,00,000000,00,0000,0,00,00,00,00,00,00,00,00,00,00,0000,00,00,00
132,cac4,ff,ff,00,00,0,0,00,0000,0000,0000,0000,00,00,00,00,00,000000,00,0000,0,00,00,00,00,00,00,00,00,00,00,0000,00,00,00
133,cac4,ff,ff,00,00,0,0,00,0000,0000,0000,0000,00,00,00,00,00,000000,00,0000,0,00,00,00,00,00,00,00,00,00,00,0000,00,00,00
134,cac6,ff,ff,00,00,0,0,00,0000,0000,0000,0000,00,00,00,00,00,000000,00,0000,0,00,00,00,00,00,00,00,00,00,00,0000,00,00,00
135,cac8,ff,ff,00,00,0,0,00,0000,0000,0000,0000,00,00,00,00,00,000000,00,0000,0,00,00,00,00,00,00,00,00,00,00,0000,00,00,00
136,cac3,ff,ff,00,00,0,0,00,0000,0000,0000,0000,00,00,00,00,00,000000,00,0000,0,00,00,00,00,00,00,00,00,00,00,0000,00,00,00
137,cac4,ff,ff,00,00,0,0,00,0000,0000,0000,0000,00,00,00,00,00,000000,00,0000,0,00,00,00,00,00,00,00,00,00,00,0000,00,00,00
138,cac4,ff,ff,00,00,0,0,00,0000,0000,0000,0000,00,00,00,00,00,000000,00,0000,0,00,00,00,00,00,00,00,00,00,00,0000,00,00,00
139,cac6,ff,ff,00,00,0,0,00,0000,0000,0000,0000,00,00,00,00,00,000000,00,0000,0,00,00,00,00,00,00,00,00,00,00,0000,00,00,00
140,cac2,ff,ff,00,00,0,0,00,0000,0000,0000,0000,00,00,00,00,00,000000,00,0000,0,00,00,00,00,00,00,00,00,00,00,0000,00,00,00
141,cac4,ff,ff,00,00,0,0,00,0000,0000,0000,0000,00,00,00,00,00,000000,00,0000,0,00,00,00,00,00,00,00,00,00,00,0000,00,00,00
142,cac4,ff,ff,00,00,0,0,00,0000,0000,0000,0000,00,00,00,00,00,000000,00,0000,0,00,00,00,00,00,00,00,00,00,00,0000,00,00,00
143,cac6,ff,ff,00,00,0,0,00,0000,0000,0000,0000,00,00,00,00,00,000000,00,0000,0,00,00,00,00,00,00,00,00,00,00,0000,00,00,00
144,cac8,ff,ff,00,00,0,0,00,0000,0000,0000,0000,00,00,00,00,00,000000,00,0000,0,00,00,00,00,00,00,00,00,00,00,0000,00,00,00
145,cac3,ff,ff,00,00,0,0,00,0000,0000,0000,0000,00,00,00,00,00,000000,00,0000,0,00,00,00,00,00,00,00,00,00,00,0000,00,00,00
146,cac4,ff,ff,00,00,0,0,00,0000,0000,0000,0000,00,00,00,00,00,000000,00,0000,0,00,00,00,00,00,00,00,00,00,00,0000,00,00,00
147,600e,ff,ff,00,00,0,0,00,0000,0000,0000,0000,00,00,00,00,00,000000,00,0000,0,00,00,00,00,00,00,00,00,00,00,0000,00,00,00
148,600a,ff,ff,00,00,0,0,00,0000,0000,0000,0000,00,00,00,00,00,000000,00,0000,0,00,00,00,00,00,00,00,00,00,00,0000,00,00,00
149,6006,ff,ff,00,00,0,0,00,0000,0000,0000,0000,00,00,00,00,00,000000,00,0000,0,00,00,00,00,00,00,00,00,00,00,0000,00,00,00
150,600e,ff,ff,00,00,0,0,00,0000,0000,0000,0000,00,00,00,00,00,000000,00,0000,0,00,00,00,00,00,00,00,00,00,00,0000,00,00,00
151,600a,ff,ff,00,00,0,0,00,0000,0000,0000,0000,00,00,00,00,00,000000,00,0000,0,00,00,00,00,00,00,00,00,00,00,0000,00,00,00
152,6006,ff,ff,00,00,0,0,00,0000,0000,0000,0000,00,00,00,00,00,000000,00,0000,0,00,00,00,00,00,00,00,00,00,00,0000,00,00,00
153,600e,ff,ff,00,00,0,0,00,0000,0000,0000,0000,00,00,00,00,00,000000,00,0000,0,00,00,00,00,00,00,00,00,00,00,0000,00,00,00
154,600a,ff,ff,00,00,0,0,00,0000,0000,0000,0000,00,00,00,00,00,000000,00,0000,0,00,00,00,00,00,00,00,00,00,00,0000,00,00,00
155,6006,ff,ff,00,00,0,0,00,0000,0000,0000,0000,00,00,00,00,00,000000,00,0000,0,00,00,00,00,00,00,00,00,00,00,0000,00,00,00
156,600e,ff,ff,00,00,0,0,00,0000,0000,0000,0000,00,00,00,00,00,000000,00,0000,0,00,00,00,00,00,00,00,00,00,00,0000,00,00,00
157,600a,ff,ff,00,00,0,0,00,0000,0000,0000,0000,00,00,00,00,00,000000,00,0000,0,00,00,00,00,00,00,00,00,00,00,0000,00,00,00
158,6006,ff,ff,00,00,0,0,00,0000,0000,0000,0000,00,00,00,00,00,000000,00,0000,0,00,00,00,00,00,00,00,00,00,00,0000,00,00,00
159,600e,ff,ff,00,00,0,0,00,0000,0000,0000,0000,00,00,00,00,00,000000,00,0000,0,00,00,00,00,00,00,00,00,00,00,0000,00,00,00
160,600a,ff,ff,00,00,0,0,00,0000,0000,0000,0000,00,00,00,00,00,000000,00,0000,0,00,00,00,00,00,00,00,00,00,00,0000,00,00,00
161,6006,ff,ff,00,00,0,0,00,0000,0000,0000,0000,00,00,00,00,00,000000,00,0000,0,00,00,00,00,00,00,00,00,00,00,0000,00,00,00
162,600e,ff,ff,00,00,0,0,00,0000,0000,0000,0000,00,00,00,00,00,000000,00,0000,0,00,00,00,00,00,00,00,00,00,00,0000,00,00,00
163,600a,ff,ff,00,00,0,0,00,0000,0000,0000,0000,00,00,00,00,00,000000,00,0000,0,00,00,00,00,00,00,00,00,00,00,0000,00,00,00
164,6006,ff,ff,00,00,0,0,00,0000,0000,0000,0000,00,00,00,00,00,000000,00,0000,0,00,00,00,00,00,00,00,00,00,00,0000,00,00,00
165,600e,ff,ff,00,00,0,0,00,0000,0000,0000,0000,00,00,00,00,00,000000,00,0000,0,00,00,00,00,00,00,00,00,00,00,0000,00,00,00
166,600a,ff,ff,00,00,0,0,00,0000,0000,0000,0000,00,00,00,00,00,000000,00,0000,0,00,00,00,00,00,00,00,00,00,00,0000,00,00,00
167,6006,ff,ff,00,00,0,0,00,0000,0000,0000,0000,00,00,00,00,00,000000,00,0000,0,00,00,00,00,00,00,00,00,00,00,0000,00,00,00
168,600e,ff,ff,00,00,0,0,00,0000,0000,0000,0000,00,00,00,00,00,000000,00,0000,0,00,00,00,00,00,00,00,00,00,00,0000,00,00,00
169,600a,ff,ff,00,00,0,0,00,0000,0000,0000,0000,00,00,00,00,00,000000,00,0000,0,00,00,00,00,00,00,00,00,00,00,0000,00,00,00
170,6006,ff,ff,00,00,0,0,00,0000,0000,0000,0000,00,00,00,00,00,000000,00,0000,0,00,00,00,00,00,00,00,00,00,00,0000,00,00,00
171,600e,ff,ff,00,00,0,0,00,0000,0000,0000,0000,00,00,00,00,00,000000,00,0000,0,00,00,00,00,00,00,00,00,00,00,0000,00,00,00
172,600a,ff,ff,00,00,0,0,00,0000,0000,0000,0000,00,00,00,00,00,000000,00,0000,0,00,00,00,00,00,00,00,00,00,00,0000,00,00,00
173,6006,ff,ff,00,00,0,0,00,0000,0000,0000,0000,00,00,00,00,00,000000,00,0000,0,00,00,00,00,00,00,00,00,00,00,0000,00,00,00
174,600e,ff,ff,00,00,0,0,00,0000,0000,0000,0000,00,00,00,00,00,000000,00,0000,0,00,00,00,00,00,00,00,00,00,00,0000,00,00,00
175,600a,ff,ff,00,00,0,0,00,0000,0000,0000,0000,00,00,00,00,00,000000,00,0000,0,00,00,00,00,00,00,00,00,00,00,0000,00,00,00
176,6006,ff,ff,00,00,0,0,00,0000,0000,0000,0000,00,00,00,00,00,000000,00,0000,0,00,00,00,00,00,00,00,00,00,00,0000,00,00,00
177,600e,ff,ff,00,00,0,0,00,0000,0000,0000,0000,00,00,00,00,00,000000,00,0000,0,00,00,00,00,00,00,00,00,00,00,0000,00,00,00
178,600a,ff,ff,00,00,0,0,00,0000,0000,0000,0000,00,00,00,00,00,000000,00,0000,0,00,00,00,00,00,00,00,00,00,00,0000,00,00,00
179,6006,ff,ff,00,00,0,0,00,0000,0000,0000,0000,00,00,00,00,00,000000,00,0000,0,00,00,00,00,00,00,00,00,00,00,0000,00,00,00
180,600e,ff,ff,00,00,0,0,00,0000,0000,0000,0000,00,00,00,00,00,000000,00,0000,0,00,00,00,00,00,00,00,00,00,00,0000,00,00,00
181,600a,ff,ff,00,00,0,0,00,0000,0000,0000,0000,00,00,00,00,00,000000,00,0000,0,00,00,00,00,00,00,00,00,00,00,0000,00,00,00
182,6006,ff,ff,00,00,0,0,00,0000,0000,0000,0000,00,00,00,00,00,000000,00,0000,0,00,00,00,00,00,00,00,00,00,00,0000,00,00,00
183,600e,ff,ff,00,00,0,0,00,0000,0000,0000,0000,00,00,00,00,00,000000,00,0000,0,00,00,00,00,00,00,00,00,00,00,0000,00,00,00
184,600a,ff,ff,00,00,0,0,00,0000,0000,0000,0000,00,00,00,00,00,000000,00,0000,0,00,00,00,00,00,00,00,00,00,00,0000,00,00,00
185,6006,ff,ff,00,00,0,0,00,0000,0000,0000,0000,00,00,00,00,00,000000,00,0000,0,00,00,00,00,00,00,00,00,00,00,0000,00,00,00
186,6025,ff,ff,00,00,0,0,00,0000,0000,0000,0000,00,00,00,00,00,000000,00,0000,0,00,00,00,00,00,00,00,00,00,00,0000,00,00,00
187,cac4,ff,ff,00,00,0,0,00,0000,0000,0000,0000,00,00,00,00,00,000000,00,0000,0,00,00,00,00,00,00,00,00,00,00,0000,00,00,00
188,cac4,ff,ff,00,00,0,0,00,0000,0000,0000,0000,00,00,00,00,00,000000,00,0000,0,00,00,00,00,00,00,00,00,00,00,0000,00,00,00
189,cac7,ff,ff,00,00,0,0,00,0000,0000,0000,0000,00,00,00,00,00,000000,00,0000,0,00,00,00,00,00,00,00,00,00,00,0000,00,00,00
190,cac3,ff,ff,00,00,0,0,00,0000,0000,0000,0000,00,00,00,00,00,000000,00,0000,0,00,00,00,00,00,00,00,00,00,00,0000,00,00,00
191,cac4,ff,ff,00,00,0,0,00,0000,0000,0000,0000,00,00,00,00,00,000000,00,0000,0,00,00,00,00,00,00,00,00,00,00,0000,00,00,00
192,cac4,ff,ff,00,00,0,0,00,0000,0000,0000,0000,00,00,00,00,00,000000,00,0000,0,00,00,00,00,00,00,00,00,00,00,0000,00,00,00
193,cac6,ff,ff,00,00,0,0,00,0000,0000,0000,0000,00,00,00,00,00,000000,00,0000,0,00,00,00,00,00,00,00,00,00,00,0000,00,00,00
194,cac8,ff,ff,00,00,0,0,00,0000,0000,0000,0000,00,00,00,00,00,000000,00,0000,0,00,00,00,00,00,00,00,00,00,00,0000,00,00,00
195,cac4,ff,ff,00,00,0,0,00,0000,0000,0000,0000,00,00,00,00,00,000000,00,0000,0,00,00,00,00,00,00,00,00,00,00,0000,00,00,00
196,cac4,ff,ff,00,00,0,0,00,0000,0000,0000,0000,00,00,00,00,00,000000,00,0000,0,00,00,00,00,00,00,00,00,00,00,0000,00,00,00
197,cac4,ff,ff,00,00,0,0,00,0000,0000,0000,0000,00,00,00,00,00,000000,00,0000,0,00,00,00,00,00,00,00,00,00,00,0000,00,00,00
198,cac7,ff,ff,00,00,0,0,00,0000,0000,0000,0000,00,00,00,00,00,000000,00,0000,0,00,00,00,00,00,00,00,00,00,00,0000,00,00,00
199,cac3,ff,ff,00,00,0,0,00,0000,0000,0000,0000,00,00,00,00,00,000000,00,0000,0,00,00,00,00,00,00,00,00,00,00,0000,00,00,00
200,cac4,ff,ff,00,00,0,0,00,0000,0000,0000,0000,00,00,00,00,00,000000,00,0000,0,00,00,00,00,00,00,00,00,00,00,0000,00,00,00
201,cac4,ff,ff,00,00,0,0,00,0000,0000,0000,0000,00,00,00,00,00,000000,00,0000,0,00,00,00,00,00,00,00,00,00,00,0000,00,00,00
202,cac6,ff,ff,00,00,0,0,00,0000,0000,0000,0000,00,00,00,00,00,000000,00,0000,0,00,00,00,00,00,00,00,00,00,00,0000,00,00,00
203,cac8,ff,ff,00,00,0,0,00,0000,0000,0000,0000,00,00,00,00,00,000000,00,0000,0,00,00,00,00,00,00,00,00,00,00,0000,00,00,00
204,cac4,ff,ff,00,00,0,0,00,0000,0000,0000,0000,00,00,00,00,00,000000,00,0000,0,00,00,00,00,00,00,00,00,00,00,0000,00,00,00
205,cac4,ff,ff,00,00,0,0,00,0000,0000,0000,0000,00,00,00,00,00,000000,00,0000,0,00,00,00,00,00,00,00,00,00,00,0000,00,00,00
206,cac4,ff,ff,00,00,0,0,00,0000,0000,0000,0000,00,00,00,00,00,000000,00,0000,0,00,00,00,00,00,00,00,00,00,00,0000,00,00,00
207,cac7,ff,ff,00,00,0,0,00,0000,0000,0000,0000,00,00,00,00,00,000000,00,0000,0,00,00,00,00,00,00,00,00,00,00,0000,00,00,00
208,cac3,ff,ff,00,00,0,0,00,0000,0000,0000,0000,00,00,00,00,00,000000,00,0000,0,00,00,00,00,00,00,00,00,00,00,0000,00,00,00
209,cac4,ff,ff,00,00,0,0,00,0000,0000,0000,0000,00,00,00,00,00,000000,00,0000,0,00,00,00,00,00,00,00,00,00,00,0000,00,00,00
210,cac4,ff,ff,00,00,0,0,00,0000,0000,0000,0000,00,00,00,00,00,000000,00,0000,0,00,00,00,00,00,00,00,00,00,00,0000,00,00,00
211,cac6,ff,ff,00,00,0,0,00,0000,0000,0000,0000,00,00,00,00,00,000000,00,0000,0,00,00,00,00,00,00,00,00,00,00,0000,00,00,00
212,cac8,ff,ff,00,00,0,0,00,0000,0000,0000,0000,00,00,00,00,00,000000,00,0000,0,00,00,00,00,00,00,00,00,00,00,0000,00,00,00
213,cac4,ff,ff,00,00,0,0,00,0000,0000,0000,0000,00,00,00,00,00,000000,00,0000,0,00,00,00,00,00,00,00,00,00,00,0000,00,00,00
214,cac4,ff,ff,00,00,0,0,00,0000,0000,0000,0000,00,00,00,00,00,000000,00,0000,0,00,00,00,00,00,00,00,00,00,00,0000,00,00,00
215,cac4,ff,ff,00,00,0,0,00,0000,0000,0000,0000,00,00,00,00,00,000000,00,0000,0,00,00,00,00,00,00,00,00,00,00,0000,00,00,00
216,cac7,ff,ff,00,00,0,0,00,0000,0000,0000,0000,00,00,00,00,00,000000,00,0000,0,00,00,00,00,00,00,00,00,00,00,0000,00,00,00
217,cac3,ff,ff,00,00,0,0,00,0000,0000,0000,0000,00,00,00,00,00,000000,00,0000,0,00,00,00,00,00,00,00,00,00,00,0000,00,00,00
218,cac4,ff,ff,00,00,0,0,00,0000,0000,0000,0000,00,00,00,00,00,000000,00,0000,0,00,00,00,00,00,00,00,00,00,00,0000,00,00,00
219,cac4,ff,ff,00,00,0,0,00,0000,0000,0000,0000,00,00,00,00,00,000000,00,0000,0,00,00,00,00,00,00,00,00,00,00,0000,00,00,00
220,cac6,ff,ff,00,00,0,0,00,0000,0000,0000,0000,00,00,00,00,00,000000,00,0000,0,00,00,00,00,00,00,00,00,00,00,0000,00,00,00
221,cac8,ff,ff,00,00,0,0,00,0000,0000,0000,0000,00,00,00,00,00,000000,00,0000,0,00,00,00,00,00,00,00,00,00,00,0000,00,00,00
222,cac4,ff,ff,00,00,0,0,00,0000,0000,0000,0000,00,00,00,00,00,000000,00,0000,0,00,00,00,00,00,00,00,00,00,00,0000,00,00,00
223,cac4,ff,ff,00,00,0,0,00,0000,0000,0000,0000,00,00,00,00,00,000000,00,0000,0,00,00,00,00,00,00,00,00,00,00,0000,00,00,00
224,cac4,ff,ff,00,00,0,0,00,0000,0000,0000,0000,00,00,00,00,00,000000,00,0000,0,00,00,00,00,00,00,00,00,00,00,0000,00,00,00
225,cac7,ff,ff,00,00,0,0,00,0000,0000,0000,0000,00,00,00,00,00,000000,00,0000,0,00,00,00,00,00,00,00,00,00,00,0000,00,00,00
226,cac3,ff,ff,00,00,0,0,00,0000,0000,0000,0000,00,00,00,00,00,000000,00,0000,0,00,00,00,00,00,00,00,00,00,00,0000,00,00,00
227,cac4,ff,ff,00,00,0,0,00,0000,0000,0000,0000,00,00,00,00,00,000000,00,0000,0,00,00,00,00,00,00,00,00,00,00,0000,00,00,00
228,cac4,ff,ff,00,00,0,0,00,0000,0000,0000,0000,00,00,00,00,00,000000,00,0000,0,00,00,00,00,00,00,00,00,00,00,0000,00,00,00
229,cac6,ff,ff,00,00,0,0,00,0000,0000,0000,0000,00,00,00,00,00,000000,00,0000,0,00,00,00,00,00,00,00,00,00,00,0000,00,00,00
230,cac8,ff,ff,00,00,0,0,00,0000,0000,0000,0000,00,00,00,00,00,000000,00,0000,0,00,00,00,00,00,00,00,00,00,00,0000,00,00,00
231,cac4,ff,ff,00,00,0,0,00,0000,0000,0000,0000,00,00,00,00,00,000000,00,0000,0,00,00,00,00,00,00,00,00,00,00,0000,00,00,00
232,cac4,ff,ff,00,00,0,0,00,0000,0000,0000,0000,00,00,00,00,00,000000,00,0000,0,00,00,00,00,00,00,00,00,00,00,0000,00,00,00
233,cac4,ff,ff,00,00,0,0,00,0000,0000,0000,0000,00,00,00,00,00,000000,00,0000,0,00,00,00,00,00,00,00,00,00,00,0000,00,00,00
234,61b4,ff,ff,00,00,0,0,00,0000,0000,0000,0000,00,00,00,00,00,000000,00,0000,0,00,00,00,00,00,00,00,00,00,00,0000,00,00,00
235,60f6,ff,ff,00,00,0,0,00,0000,0000,0000,0000,00,00,00,00,00,000000,00,0000,0,00,00,00,00,00,00,00,00,00,00,0000,00,00,00
236,60f6,ff,ff,00,00,0,0,00,0000,0000,0000,0000,00,00,00,00,00,000000,00,0000,0,00,00,00,01,00,00,00,00,00,00,0000,01,00,00
237,6231,ff,ff,00,00,0,0,00,0000,0000,0000,0000,00,00,00,00,00,000000,00,0000,0,00,00,00,02,00,00,00,00,00,00,0000,01,00,00
238,60ee,ff,ff,00,00,0,0,00,0000,0000,0000,0000,00,00,00,00,00,000000,00,0000,0,00,00,00,03,00,00,00,00,00,00,0000,01,00,00
239,60ef,ff,ff,00,00,0,0,00,0000,0000,0000,0000,00,00,00,00,00,000000,00,0000,0,00,00,00,04,00,00,00,00,00,00,0000,01,00,00
240,60ef,ff,ff,00,00,0,0,00,0000,0000,0000,0000,00,00,00,00,00,000000,00,0000,0,00,00,00,05,00,00,00,00,00,00,0000,01,00,00
241,60f0,ff,ff,00,00,0,0,00,0000,0000,0000,0000,00,00,00,00,00,000000,00,0000,0,00,00,00,06,00,00,00,00,00,00,0000,01,00,00
242,60f1,ff,ff,00,00,0,0,00,0000,0000,0000,0000,00,00,00,00,00,000000,00,0000,0,00,00,00,07,00,00,00,00,00,00,0000,01,00,00
243,60f1,ff,ff,00,00,0,0,00,0000,0000,0000,0000,00,00,00,00,00,000000,00,0000,0,00,00,00,08,00,00,00,00,00,00,0000,01,00,00
244,60f2,ff,ff,00,00,0,0,00,0000,0000,0000,0000,00,00,00,00,00,000000,00,0000,0,00,00,00,09,00,00,00,00,00,00,0000,01,00,00
245,60f3,ff,ff,00,00,0,0,00,0000,0000,0000,0000,00,00,00,00,00,000000,00,0000,0,00,00,00,0a,00,00,00,00,00,00,0000,01,00,00
246,60f6,ff,ff,00,00,0,0,00,0000,0000,0000,0000,00,00,00,00,00,000000,00,0000,0,00,00,00,0b,00,00,00,00,00,00,0000,01,00,00
247,60f6,ff,ff,00,00,0,0,00,0000,0000,0000,0000,00,00,00,00,00,000000,00,0000,0,00,00,00,0c,00,00,00,00,00,00,0000,01,00,00
248,6204,ff,ff,00,00,0,0,00,0000,0000,0000,0000,00,00,00,00,00,000000,00,0000,0,00,00,00,0d,00,00,00,00,00,00,0000,01,00,00
249,6205,ff,ff,00,00,0,0,00,0000,0000,0000,0000,00,00,00,00,00,000000,00,0000,0,00,00,00,0e,00,00,00,00,00,00,0000,01,00,00
250,6205,ff,ff,00,00,0,0,00,0000,0000,0000,0000,00,00,00,00,00,000000,00,0000,0,00,00,00,0f,00,00,00,00,00,00,0000,01,00,00
251,6206,ff,ff,00,00,0,0,00,0000,0000,0000,0000,00,00,00,00,00,000000,00,0000,0,00,00,00,10,00,00,00,00,00,00,0000,01,00,00
252,6208,ff,ff,00,00,0,0,00,0000,0000,0000,0000,00,00,00,00,00,000000,00,0000,0,00,00,00,11,00,00,00,00,00,00,0000,01,00,00
253,6208,ff,ff,00,00,0,0,00,0000,0000,0000,0000,00,00,00,00,00,000000,00,0000,0,00,00,00,12,00,00,00,00,00,00,0000,01,00,00
254,622e,ff,ff,00,00,0,0,00,0000,0000,0000,0000,00,00,00,00,00,000000,00,0000,0,00,00,00,13,00,00,00,00,00,00,0000,01,00,00
255,622e,ff,ff,00,00,0,0,00,0000,0000,0000,0000,00,00,00,00,00,000000,00,0000,0,00,00,00,14,00,00,00,00,00,00,0000,01,00,00
256,622e,ff,ff,00,00,0,0,00,0000,0000,0000,0000,00,00,00,00,00,000000,00,0000,0,00,00,00,15,00,00,00,00,00,00,0000,01,00,00
257,622f,ff,ff,00,00,0,0,00,0000,0000,0000,0000,00,00,00,00,00,000000,00,0000,0,00,00,00,16,00,00,00,00,00,00,0000,01,00,00
258,6231,ff,ff,00,00,0,0,00,0000,0000,0000,0000,00,00,00,00,00,000000,00,0000,0,00,00,00,17,00,00,00,00,00,00,0000,01,00,00
259,6206,ff,ff,00,00,0,0,00,0000,0000,0000,0000,00,00,00,00,00,000000,00,0000,0,00,00,00,18,00,00,00,00,00,00,0000,01,00,00
260,60f5,ff,ff,00,00,120,100,00,0000,0000,0000,0000,00,00,00,00,00,000000,00,7800,100,00,87,80,19,00,00,00,00,00,00,0000,02,00,00
261,622e,ff,ff,00,00,119,101,00,0000,0000,0000,0000,00,00,00,00,00,000000,00,7af7,100,00,87,84,1a,00,00,00,00,00,00,0000,02,00,00
262,60f1,ff,ff,00,00,118,103,00,0000,0000,0000,0000,00,00,00,00,00,000000,00,7dee,100,00,87,85,1b,00,00,00,00,00,00,0000,02,00,00
263,6205,ff,ff,00,00,117,105,00,0000,0000,0000,0000,00,00,00,00,00,000000,00,80e5,101,00,87,87,1c,00,00,00,00,00,00,0000,02,00,00
264,60ef,ff,ff,00,00,116,107,00,0000,0000,0000,0000,00,00,00,00,00,000000,00,83dc,101,00,87,8b,1d,00,00,00,00,00,00,0000,02,00,00
265,60f5,ff,ff,00,00,115,108,00,0000,0000,0000,0000,00,00,00,00,00,000000,00,86d3,102,00,87,80,1e,00,00,00,00,00,00,0000,02,00,00
266,622e,ff,ff,00,00,114,110,00,0000,0000,0000,0000,00,00,00,00,00,000000,00,89ca,102,00,87,84,1f,00,00,00,00,00,00,0000,02,00,00
267,60f1,ff,ff,00,00,113,112,00,0000,0000,0000,0000,00,00,00,00,00,000000,00,8cc1,102,00,87,85,20,00,00,00,00,00,00,0000,02,00,00
268,6207,ff,ff,00,00,113,114,00,0000,0000,0000,0000,00,00,00,00,00,000000,00,8fb8,103,00,87,87,21,00,00,00,00,00,00,0000,02,00,00
269,60ef,ff,ff,00,00,112,116,00,0000,0000,0000,0000,00,00,00,00,00,000000,00,92af,103,00,87,8b,22,00,00,00,00,00,00,0000,02,00,00
270,6203,ff,ff,00,00,111,117,00,0000,0000,0000,0000,00,00,00,00,00,000000,00,95a6,104,00,87,80,23,00,00,00,00,00,00,0000,02,00,00
271,622e,ff,ff,00,00,110,119,00,0000,0000,0000,0000,00,00,00,00,00,000000,00,989d,104,00,87,84,24,00,00,00,00,00,00,0000,02,00,00
272,60f2,ff,ff,00,00,109,121,00,0000,0000,0000,0000,00,00,00,00,00,000000,00,9b94,104,00,87,85,25,00,00,00,00,00,00,0000,02,00,00
273,6207,ff,ff,00,00,108,123,00,0000,0000,0000,0000,00,00,00,00,00,000000,00,9e8b,105,00,87,87,26,00,00,00,00,00,00,0000,02,00,00
274,60ef,ff,ff,00,00,107,125,00,0000,0000,0000,0000,00,00,00,00,00,000000,00,a182,105,00,87,8b,27,00,00,00,00,00,00,0000,02,00,00
275,60f6,ff,ff,00,00,106,126,00,0000,0000,0000,0000,00,00,00,00,00,000000,00,a479,106,00,87,80,28,00,00,00,00,00,00,0000,02,00,00
276,622f,ff,ff,00,00,106,128,00,0000,0000,0000,0000,00,00,00,00,00,000000,00,a770,106,00,87,84,29,00,00,00,00,00,00,0000,02,00,00
277,60f2,ff,ff,00,00,105,130,00,0000,0000,0000,0000,00,00,00,00,00,000000,00,aa67,106,00,87,85,2a,00,00,00,00,00,00,0000,02,00,00
278,6208,ff,ff,00,00,104,132,00,0000,0000,0000,0000,00,00,00,00,00,000000,00,ad5e,107,00,87,87,2b,00,00,00,00,00,00,0000,02,00,00
279,60ef,ff,ff,00,00,103,133,00,0000,0000,0000,0000,00,00,00,00,00,000000,00,b055,107,00,87,8b,2c,00,00,00,00,00,00,0000,02,00,00
280,6205,ff,ff,00,00,102,135,00,0000,0000,0000,0000,00,00,00,00,00,000000,00,b34c,108,00,87,80,2d,00,00,00,00,00,00,0000,02,00,00
281,622e,ff,ff,00,00,101,137,00,0000,0000,0000,0000,00,00,00,00,00,000000,00,b643,108,00,87,84,2e,00,00,00,00,00,00,0000,02,00,00
282,6206,ff,ff,00,00,100,139,00,0000,0000,0000,0000,00,00,00,00,00,000000,00,b93a,109,00,87,85,2f,00,00,00,00,00,00,0000,02,00,00
283,6205,ff,ff,00,00,99,141,00,0000,0000,0000,0000,00,00,00,00,00,000000,00,bc31,109,00,87,87,30,00,00,00,00,00,00,0000,02,00,00
284,60ef,ff,ff,00,00,99,142,00,0000,0000,0000,0000,00,00,00,00,00,000000,00,bf28,109,00,87,8b,31,00,00,00,00,00,00,0000,02,00,00
285,60f5,ff,ff,00,00,98,144,00,0000,0000,0000,0000,00,00,00,00,00,000000,00,c21f,110,00,87,80,32,00,00,00,00,00,00,0000,02,00,00
286,622e,ff,ff,00,00,97,146,00,0000,0000,0000,0000,00,00,00,00,00,000000,00,c516,110,00,87,84,33,00,00,00,00,00,00,0000,02,00,00
287,6204,ff,ff,00,00,96,148,00,0000,0000,0000,0000,00,00,00,00,00,000000,00,c80d,111,00,87,85,34,00,00,00,00,00,00,0000,02,00,00
288,60f1,ff,ff,00,00,95,150,00,0000,0000,0000,0000,00,00,00,00,00,000000,00,cb04,111,00,87,87,35,00,00,00,00,00,00,0000,02,00,00
289,6206,ff,ff,00,00,94,151,00,0000,0000,0000,0000,00,00,00,00,00,000000,00,cdfb,111,00,87,8b,36,00,00,00,00,00,00,0000,02,00,00
290,60f1,ff,ff,00,00,93,153,00,0000,0000,0000,0000,00,00,00,00,00,000000,00,d0f2,112,00,87,80,37,00,00,00,00,00,00,0000,02,00,00
291,60f1,ff,ff,00,00,92,155,00,0000,0000,0000,0000,00,00,00,00,00,000000,00,d3e9,112,00,87,84,38,00,00,00,00,00,00,0000,02,00,00
292,6206,ff,ff,00,00,92,157,00,0000,0000,0000,0000,00,00,00,00,00,000000,00,d6e0,113,00,87,85,39,00,00,00,00,00,00,0000,02,00,00
293,60f2,ff,ff,00,00,91,159,00,0000,0000,0000,0000,00,00,00,00,00,000000,00,d9d7,113,00,87,87,3a,00,00,00,00,00,00,0000,02,00,00
294,60f4,ff,ff,00,00,90,160,00,0000,0000,0000,0000,00,00,00,00,00,000000,00,dcce,113,00,87,8b,3b,00,00,00,00,00,00,0000,02,00,00
295,6207,ff,ff,00,00,89,162,00,0000,0000,0000,0000,00,00,00,00,00,000000,00,dfc5,114,00,87,80,3c,00,00,00,00,00,00,0000,02,00,00
296,60f6,ff,ff,00,00,88,164,00,0000,0000,0000,0000,00,00,00,00,00,000000,00,e2bc,114,00,87,84,3d,00,00,00,00,00,00,0000,02,00,00
297,622e,ff,ff,00,00,87,166,00,0000,0000,0000,0000,00,00,00,00,00,000000,00,e5b3,115,00,87,85,3e,00,00,00,00,00,00,0000,02,00,00
298,60f1,ff,ff,00,00,86,167,00,0000,0000,0000,0000,00,00,00,00,00,000000,00,e8aa,115,00,87,87,3f,00,00,00,00,00,00,0000,02,00,00
299,6206,ff,ff,00,00,85,169,00,0000,0000,0000,0000,00,00,00,00,00,000000,00,eba1,115,00,87,8b,40,00,00,00,00,00,00,0000,02,00,00
300,6206,ff,ff,00,00,85,171,00,0000,0000,0000,0000,00,00,00,00,00,000000,00,ee98,116,00,87,80,41,00,00,00,00,00,00,0000,02,00,00
301,60f1,fe,ff,00,00,84,173,00,0000,0000,0000,0000,00,00,00,00,00,000000,00,788f,100,00,87,84,42,00,00,00,00,00,00,0000,02,00,00
302,60ee,fe,ff,00,00,83,175,00,0000,0000,0000,0000,00,00,00,00,00,000000,00,7b86,101,00,87,85,43,00,00,00,00,00,00,0000,02,00,00
303,60ee,fe,ff,00,00,82,176,00,0000,0000,0000,0000,00,00,00,00,00,000000,00,7e7d,101,00,87,87,44,00,00,00,00,00,00,0000,02,00,00
304,622d,fe,ff,00,00,81,178,00,0000,0000,0000,0000,00,00,00,00,00,000000,00,8174,102,00,87,8b,45,00,00,00,00,00,00,0000,02,00,00
305,60ef,fe,ff,00,00,80,180,00,0000,0000,0000,0000,00,00,00,00,00,000000,00,846b,102,00,87,80,46,00,00,00,00,00,00,0000,02,00,00
306,622e,fe,ff,00,00,79,182,00,0000,0000,0000,0000,00,00,00,00,00,000000,00,8762,102,00,87,84,47,00,00,00,00,00,00,0000,02,00,00
307,622e,ff,ff,00,00,78,184,00,0000,0000,0000,0000,00,00,00,00,00,000000,00,8a59,103,00,87,85,48,00,00,00,00,00,00,0000,02,00,00
308,60f1,ff,ff,00,00,0,0,00,0000,0000,0000,0000,00,00,00,00,00,000000,00,0059,0,00,87,85,49,00,00,00,00,00,00,0000,01,00,00
309,6209,ff,ff,00,00,0,0,00,0000,0000,0000,0000,00,00,00,00,00,000000,00,0000,0,00,00,00,4a,00,00,00,00,00,00,0000,01,00,00
310,60f1,ff,ff,00,00,0,0,00,0000,0000,0000,0000,00,00,00,00,00,000000,00,0000,0,00,00,00,4b,00,00,00,00,00,00,0000,01,00,00
311,620a,ff,ff,00,00,0,0,00,0000,0000,0000,0000,00,00,00,00,00,000000,00,0000,0,00,00,00,4c,00,00,00,00,00,00,0000,01,00,00
312,60f2,ff,ff,00,00,0,0,00,0000,0000,0000,0000,00,00,00,00,00,000000,00,0000,0,00,00,00,4d,00,00,00,00,00,00,0000,01,00,00
313,6206,ff,ff,00,00,0,0,00,0000,0000,0000,0000,00,00,00,00,00,000000,00,0000,0,00,00,00,4e,00,00,00,00,00,00,0000,01,00,00
314,60ef,ff,ff,00,00,0,0,00,0000,0000,0000,0000,00,00,00,00,00,000000,00,0000,0,00,00,00,4f,00,00,00,00,00,00,0000,01,00,00
315,6208,ff,ff,00,00,0,0,00,0000,0000,0000,0000,00,00,00,00,00,000000,00,0000,0,00,00,00,50,00,00,00,00,00,00,0000,01,00,00
316,60f0,ff,ff,00,00,0,0,00,0000,0000,0000,0000,00,00,00,00,00,000000,00,0000,0,00,00,00,51,00,00,00,00,00,00,0000,01,00,00
317,6209,ff,ff,00,00,0,0,00,0000,0000,0000,0000,00,00,00,00,00,000000,00,0000,0,00,00,00,52,00,00,00,00,00,00,0000,01,00,00
318,60f5,ff,ff,00,00,0,0,00,0000,0000,0000,0000,00,00,00,00,00,000000,00,0000,0,00,00,00,53,00,00,00,00,00,00,0000,01,00,00
319,6231,ff,ff,00,00,0,0,00,0000,0000,0000,0000,00,00,00,00,00,000000,00,0000,0,00,00,00,54,00,00,00,00,00,00,0000,01,00,00
320,6209,ff,ff,00,00,0,0,00,0000,0000,0000,0000,00,00,00,00,00,000000,00,0000,0,00,00,00,55,00,00,00,00,00,00,0000,01,00,00
321,60f4,ff,ff,00,00,0,0,00,0000,0000,0000,0000,00,00,00,00,00,000000,00,0000,0,00,00,00,56,00,00,00,00,00,00,0000,01,00,00
322,6231,ff,ff,00,00,0,0,00,0000,0000,0000,0000,00,00,00,00,00,000000,00,0000,0,00,00,00,57,00,00,00,00,00,00,0000,01,00,00
323,6208,ff,ff,00,00,0,0,00,0000,0000,0000,0000,00,00,00,00,00,000000,00,0000,0,00,00,00,58,00,00,00,00,00,00,0000,01,00,00
324,60f4,ff,ff,00,00,0,0,00,0000,0000,0000,0000,00,00,00,00,00,000000,00,0000,0,00,00,00,59,00,00,00,00,00,00,0000,01,00,00
325,6230,ff,ff,00,00,0,0,00,0000,0000,0000,0000,00,00,00,00,00,000000,00,0000,0,00,00,00,5a,00,00,00,00,00,00,0000,01,00,00
326,6208,ff,ff,00,00,0,0,00,0000,0000,0000,0000,00,00,00,00,00,000000,00,0000,0,00,00,00,5b,00,00,00,00,00,00,0000,01,00,00
327,60f3,ff,ff,00,00,0,0,00,0000,0000,0000,0000,00,00,00,00,00,000000,00,0000,0,00,00,00,5c,00,00,00,00,00,00,0000,01,00,00
328,6230,ff,ff,00,00,0,0,00,0000,0000,0000,0000,00,00,00,00,00,000000,00,0000,0,00,00,00,5d,00,00,00,00,00,00,0000,01,00,00
329,6208,ff,ff,00,00,0,0,00,0000,0000,0000,0000,00,00,00,00,00,000000,00,0000,0,00,00,00,5e,00,00,00,00,00,00,0000,01,00,00
330,60f3,ff,ff,00,00,0,0,00,0000,0000,0000,0000,00,00,00,00,00,000000,00,0000,0,00,00,00,5f,00,00,00,00,00,00,0000,01,00,00
331,620c,ff,ff,00,00,0,0,00,0000,0000,0000,0000,00,00,00,00,00,000000,00,0000,0,00,00,00,60,00,00,00,00,00,00,0000,01,00,00
332,620e,ff,ff,00,00,0,0,00,0000,0000,0000,0000,00,00,00,00,00,000000,00,0000,0,00,00,00,61,00,00,00,00,00,00,0000,01,00,00
333,6209,ff,ff,00,00,0,0,00,0000,0000,0000,0000,00,00,00,00,00,000000,00,0000,0,00,00,00,62,00,00,00,00,00,00,0000,01,00,00
334,6205,ff,ff,00,00,0,0,00,0000,0000,0000,0000,00,00,00,00,00,000000,00,0000,0,00,00,00,63,00,00,00,00,00,00,0000,01,00,00
335,60f4,ff,ff,00,00,0,0,00,0000,0000,0000,0000,00,00,00,00,00,000000,00,0000,0,00,00,00,64,00,00,00,00,00,00,0000,01,00,00
336,60f1,ff,ff,00,00,0,0,00,0000,0000,0000,0000,00,00,00,00,00,000000,00,0000,0,00,00,00,65,00,00,00,00,00,00,0000,01,00,00
337,6231,ff,ff,00,00,0,0,00,0000,0000,0000,0000,00,00,00,00,00,000000,00,0000,0,00,00,00,66,00,00,00,00,00,00,0000,01,00,00
338,6214,ff,ff,00,00,0,0,00,0000,0000,0000,0000,00,00,00,00,00,000000,00,0000,0,00,00,00,67,00,00,00,00,00,00,0000,01,00,00
339,6221,ff,ff,00,00,0,0,00,0000,0000,0000,0000,00,00,00,00,00,000000,00,0000,0,00,00,00,68,00,00,00,00,00,00,0000,01,00,00
340,6208,ff,ff,00,00,0,0,00,0000,0000,0000,0000,00,00,00,00,00,000000,00,0000,0,00,00,00,69,00,00,00,00,00,00,0000,01,00,00
341,6203,ff,ff,00,00,0,0,00,0000,0000,0000,0000,00,00,00,00,00,000000,00,0000,0,00,00,00,6a,00,00,00,00,00,00,0000,01,00,00
342,60f3,ff,ff,00,00,0,0,00,0000,0000,0000,0000,00,00,00,00,00,000000,00,0000,0,00,00,00,6b,00,00,00,00,00,00,0000,01,00,00
343,60ef,ff,ff,00,00,0,0,00,0000,0000,0000,0000,00,00,00,00,00,000000,00,0000,0,00,00,00,6c,00,00,00,00,00,00,0000,01,00,00
344,6230,ff,ff,00,00,0,0,00,0000,0000,0000,0000,00,00,00,00,00,000000,00,0000,0,00,00,00,6d,00,00,00,00,00,00,0000,01,00,00
345,6213,ff,ff,00,00,0,0,00,0000,0000,0000,0000,00,00,00,00,00,000000,00,0000,0,00,00,00,6e,00,00,00,00,00,00,0000,01,00,00
346,620f,ff,ff,00,00,0,0,00,0000,0000,0000,0000,00,00,00,00,00,000000,00,0000,0,00,00,00,6f,00,00,00,00,00,00,0000,01,00,00
347,620a,ff,ff,00,00,0,0,00,0000,0000,0000,0000,00,00,00,00,00,000000,00,0000,0,00,00,00,70,00,00,00,00,00,00,0000,01,00,00
348,6208,ff,ff,00,00,0,0,00,0000,0000,0000,0000,00,00,00,00,00,000000,00,0000,0,00,00,00,71,00,00,00,00,00,00,0000,01,00,00
349,6203,ff,ff,00,00,0,0,00,0000,0000,0000,0000,00,00,00,00,00,000000,00,0000,0,00,00,00,72,00,00,00,00,00,00,0000,01,00,00
350,60f2,ff,ff,00,00,0,0,00,0000,0000,0000,0000,00,00,00,00,00,000000,00,0000,0,00,00,00,73,00,00,00,00,00,00,0000,01,00,00
351,60ef,ff,ff,00,00,0,0,00,0000,0000,0000,0000,00,00,00,00,00,000000,00,0000,0,00,00,00,74,00,00,00,00,00,00,0000,01,00,00
352,6230,ff,ff,00,00,0,0,00,0000,0000,0000,0000,00,00,00,00,00,000000,00,0000,0,00,00,00,75,00,00,00,00,00,00,0000,01,00,00
353,6213,ff,ff,00,00,0,0,00,0000,0000,0000,0000,00,00,00,00,00,000000,00,0000,0,00,00,00,76,00,00,00,00,00,00,0000,01,00,00
354,620f,ff,ff,00,00,0,0,00,0000,0000,0000,0000,00,00,00,00,00,000000,00,0000,0,00,00,00,77,00,00,00,00,00,00,0000,01,00,00
355,620a,ff,ff,00,00,0,0,00,0000,0000,0000,0000,00,00,00,00,00,000000,00,0000,0,00,00,00,78,00,00,00,00,00,00,0000,01,00,00
356,6207,ff,ff,00,00,0,0,00,0000,0000,0000,0000,00,00,00,00,00,000000,00,0000,0,00,00,00,79,00,00,00,00,00,00,0000,01,00,00
357,6203,ff,ff,00,00,0,0,00,0000,0000,0000,0000,00,00,00,00,00,000000,00,0000,0,00,00,00,7a,00,00,00,00,00,00,0000,01,00,00
358,60f2,ff,ff,00,00,0,0,00,0000,0000,0000,0000,00,00,00,00,00,000000,00,0000,0,00,00,00,7b,00,00,00,00,00,00,0000,01,00,00
359,60ef,ff,ff,00,00,0,0,00,0000,0000,0000,0000,00,00,00,00,00,000000,00,0000,0,00,00,00,7c,00,00,00,00,00,00,0000,01,00,00
360,6230,ff,ff,00,00,0,0,00,0000,0000,0000,0000,00,00,00,00,00,000000,00,0000,0,00,00,00,7d,00,00,00,00,00,00,0000,01,00,00
361,6213,ff,ff,00,00,0,0,00,0000,0000,0000,0000,00,00,00,00,00,000000,00,0000,0,00,00,00,7e,00,00,00,00,00,00,0000,01,00,00
362,620f,ff,ff,00,00,0,0,00,0000,0000,0000,0000,00,00,00,00,00,000000,00,0000,0,00,00,00,7f,00,00,00,00,00,00,0000,01,00,00
363,620a,ff,ff,00,00,0,0,00,0000,0000,0000,0000,00,00,00,00,00,000000,00,0000,0,00,00,00,80,00,00,00,00,00,00,0000,01,00,00
364,6207,ff,ff,00,00,0,0,00,0000,0000,0000,0000,00,00,00,00,00,000000,00,0000,0,00,00,00,81,00,00,00,00,00,00,0000,01,00,00
365,6223,ff,ff,00,00,0,0,00,0000,0000,0000,0000,00,00,00,00,00,000000,00,0000,0,00,00,00,82,00,00,00,00,00,00,0000,01,00,00
366,60ef,ff,ff,00,00,0,0,00,0000,0000,0000,0000,00,00,00,00,00,000000,00,0000,0,00,00,00,83,00,00,00,00,00,00,0000,01,00,00
367,6213,ff,ff,00,00,0,0,00,0000,0000,0000,0000,00,00,00,00,00,000000,00,0000,0,00,00,00,84,00,00,00,00,00,00,0000,01,00,00
368,6211,ff,ff,00,00,0,0,00,0000,0000,0000,0000,00,00,00,00,00,000000,00,0000,0,00,00,00,85,00,00,00,00,00,00,0000,01,00,00
369,620d,ff,ff,00,00,0,0,00,0000,0000,0000,0000,00,00,00,00,00,000000,00,0000,0,00,00,00,86,00,00,00,00,00,00,0000,01,00,00
370,6209,ff,ff,00,00,0,0,00,0000,0000,0000,0000,00,00,00,00,00,000000,00,0000,0,00,00,00,87,00,00,00,00,00,00,0000,01,00,00
371,6205,ff,ff,00,00,0,0,00,0000,0000,0000,0000,00,00,00,00,00,000000,00,0000,0,00,00,00,88,00,00,00,00,00,00,0000,01,00,00
372,60f6,ff,ff,00,00,0,0,00,0000,0000,0000,0000,00,00,00,00,00,000000,00,0000,0,00,00,00,89,00,00,00,00,00,00,0000,01,00,00
373,60f1,ff,ff,00,00,0,0,00,0000,0000,0000,0000,00,00,00,00,00,000000,00,0000,0,00,00,00,8a,00,00,00,00,00,00,0000,01,00,00
374,60ee,ff,ff,00,00,0,0,00,0000,0000,0000,0000,00,00,00,00,00,000000,00,0000,0,00,00,00,8b,00,00,00,00,00,00,0000,01,00,00
375,6213,ff,ff,00,00,0,0,00,0000,0000,0000,0000,00,00,00,00,00,000000,00,0000,0,00,00,00,8c,00,00,00,00,00,00,0000,01,00,00
376,6211,ff,ff,00,00,0,0,00,0000,0000,0000,0000,00,00,00,00,00,000000,00,0000,0,00,00,00,8d,00,00,00,00,00,00,0000,01,00,00
377,620c,ff,ff,00,00,0,0,00,0000,0000,0000,0000,00,00,00,00,00,000000,00,0000,0,00,00,00,8e,00,00,00,00,00,00,0000,01,00,00
378,6209,ff,ff,00,00,0,0,00,0000,0000,0000,0000,00,00,00,00,00,000000,00,0000,0,00,00,00,8f,00,00,00,00,00,00,0000,01,00,00
379,6205,ff,ff,00,00,0,0,00,0000,0000,0000,0000,00,00,00,00,00,000000,00,0000,0,00,00,00,90,00,00,00,00,00,00,0000,01,00,00
380,60f5,ff,ff,00,00,0,0,00,0000,0000,0000,0000,00,00,00,00,00,000000,00,0000,0,00,00,00,91,00,00,00,00,00,00,0000,01,00,00
381,60f1,ff,ff,00,00,0,0,00,0000,0000,0000,0000,00,00,00,00,00,000000,00,0000,0,00,00,00,92,00,00,00,00,00,00,0000,01,00,00
382,60ee,ff,ff,00,00,0,0,00,0000,0000,0000,0000,00,00,00,00,00,000000,00,0000,0,00,00,00,93,00,00,00,00,00,00,0000,01,00,00
383,6213,ff,ff,00,00,0,0,00,0000,0000,0000,0000,00,00,00,00,00,000000,00,0000,0,00,00,00,94,00,00,00,00,00,00,0000,01,00,00
384,6211,ff,ff,00,00,0,0,00,0000,0000,0000,0000,00,00,00,00,00,000000,00,0000,0,00,00,00,95,00,00,00,00,00,00,0000,01,00,00
385,620c,ff,ff,00,00,0,0,00,0000,0000,0000,0000,00,00,00,00,00,000000,00,0000,0,00,00,00,96,00,00,00,00,00,00,0000,01,00,00
386,6209,ff,ff,00,00,0,0,00,0000,0000,0000,0000,00,00,00,00,00,000000,00,0000,0,00,00,00,97,00,00,00,00,00,00,0000,01,00,00
387,6205,ff,ff,00,00,0,0,00,0000,0000,0000,0000,00,00,00,00,00,000000,00,0000,0,00,00,00,98,00,00,00,00,00,00,0000,01,00,00
388,60f5,ff,ff,00,00,0,0,00,0000,0000,0000,0000,00,00,00,00,00,000000,00,0000,0,00,00,00,99,00,00,00,00,00,00,0000,01,00,00
389,60f0,ff,ff,00,00,0,0,00,0000,0000,0000,0000,00,00,00,00,00,000000,00,0000,0,00,00,00,9a,00,00,00,00,00,00,0000,01,00,00
390,60ee,ff,ff,00,00,0,0,00,0000,0000,0000,0000,00,00,00,00,00,000000,00,0000,0,00,00,00,9b,00,00,00,00,00,00,0000,01,00,00
391,6213,ff,ff,00,00,0,0,00,0000,0000,0000,0000,00,00,00,00,00,000000,00,0000,0,00,00,00,9c,00,00,00,00,00,00,0000,01,00,00
392,620b,ff,ff,00,00,0,0,00,0000,0000,0000,0000,00,00,00,00,00,000000,00,0000,0,00,00,00,9d,00,00,00,00,00,00,0000,01,00,00
393,6206,ff,ff,00,00,0,0,00,0000,0000,0000,0000,00,00,00,00,00,000000,00,0000,0,00,00,00,9e,00,00,00,00,00,00,0000,01,00,00
394,6204,ff,ff,00,00,0,0,00,0000,0000,0000,0000,00,00,00,00,00,000000,00,0000,0,00,00,00,9f,00,00,00,00,00,00,0000,01,00,00
395,60f1,ff,ff,00,00,0,0,00,0000,0000,0000,0000,00,00,00,00,00,000000,00,0000,0,00,00,00,a0,00,00,00,00,00,00,0000,01,00,00
396,60ef,ff,ff,00,00,0,0,00,0000,0000,0000,0000,00,00,00,00,00,000000,00,0000,0,00,00,00,a1,00,00,00,00,00,00,0000,01,00,00
397,6215,ff,ff,00,00,0,0,00,0000,0000,0000,0000,00,00,00,00,00,000000,00,0000,0,00,00,00,a2,00,00,00,00,00,00,0000,01,00,00
398,6213,ff,ff,00,00,0,0,00,0000,0000,0000,0000,00,00,00,00,00,000000,00,0000,0,00,00,00,a3,00,00,00,00,00,00,0000,01,00,00
399,620e,ff,ff,00,00,0,0,00,0000,0000,0000,0000,00,00,00,00,00,000000,00,0000,0,00,00,00,a4,00,00,00,00,00,00,0000,01,00,00
400,620b,ff,ff,00,00,0,0,00,0000,0000,0000,0000,00,00,00,00,00,000000,00,0000,0,00,00,00,a5,00,00,00,00,00,00,0000,01,00,00
401,69f1,f7,ff,00,00,0,0,00,0000,0000,0000,0000,00,00,00,00,00,000000,00,0000,0,00,00,00,a6,00,00,00,00,00,00,0000,01,00,00
402,60ef,f7,ff,00,00,0,0,00,0000,0000,0000,0000,00,00,00,00,00,000000,00,0000,0,00,00,00,a6,03,00,00,00,00,00,0000,00,00,00
403,6203,f7,ff,00,00,0,0,00,0000,0000,0000,0000,00,00,00,00,00,000000,00,0000,0,00,00,00,a7,03,00,00,00,00,00,0000,01,00,00
404,60ef,f7,ff,00,00,0,0,00,0000,0000,0000,0000,00,00,00,00,00,000000,00,0000,0,00,00,00,a8,03,00,00,00,00,00,0000,01,00,00
405,60f4,f7,ff,00,00,0,0,00,0000,0000,0000,0000,00,00,00,00,00,000000,00,0000,0,00,00,00,a9,03,00,00,00,00,00,0000,01,00,00
406,6205,f7,ff,00,00,0,0,00,0000,0000,0000,0000,00,00,00,00,00,000000,00,0000,0,00,00,00,aa,03,00,00,00,00,00,0000,01,00,00
407,622d,ff,ff,00,00,0,0,00,0000,0000,0000,0000,00,00,00,00,00,000000,00,0000,0,00,00,00,ab,03,00,00,00,00,00,0000,01,00,00
408,6231,ff,ff,00,00,0,0,00,0000,0000,0000,0000,00,00,00,00,00,000000,00,0000,0,00,00,00,ac,03,00,00,00,00,00,0000,01,00,00
409,60f1,ff,ff,00,00,0,0,00,0000,0000,0000,0000,00,00,00,00,00,000000,00,0000,0,00,00,00,ad,03,00,00,00,00,00,0000,01,00,00
410,60f4,ff,ff,00,00,0,0,00,0000,0000,0000,0000,00,00,00,00,00,000000,00,0000,0,00,00,00,ae,03,00,00,00,00,00,0000,01,00,00
411,6205,ff,ff,00,00,0,0,00,0000,0000,0000,0000,00,00,00,00,00,000000,00,0000,0,00,00,00,af,03,00,00,00,00,00,0000,01,00,00
412,622e,ff,ff,00,00,0,0,00,0000,0000,0000,0000,00,00,00,00,00,000000,00,0000,0,00,00,00,b0,03,00,00,00,00,00,0000,01,00,00
413,6231,ff,ff,00,00,0,0,00,0000,0000,0000,0000,00,00,00,00,00,000000,00,0000,0,00,00,00,b1,03,00,00,00,00,00,0000,01,00,00
414,60f1,ff,ff,00,00,0,0,00,0000,0000,0000,0000,00,00,00,00,00,000000,00,0000,0,00,00,00,b2,03,00,00,00,00,00,0000,01,00,00
415,60f6,ff,ff,00,00,0,0,00,0000,0000,0000,0000,00,00,00,00,00,000000,00,0000,0,00,00,00,b3,03,00,00,00,00,00,0000,01,00,00
416,6205,ff,ff,00,00,0,0,00,0000,0000,0000,0000,00,00,00,00,00,000000,00,0000,0,00,00,00,b4,03,00,00,00,00,00,0000,01,00,00
417,622e,ff,ff,00,00,0,0,00,0000,0000,0000,0000,00,00,00,00,00,000000,00,0000,0,00,00,00,b5,03,00,00,00,00,00,0000,01,00,00
418,60ee,ff,ff,00,00,0,0,00,0000,0000,0000,0000,00,00,00,00,00,000000,00,0000,0,00,00,00,b6,03,00,00,00,00,00,0000,01,00,00
419,60f1,ff,ff,00,00,0,0,00,0000,0000,0000,0000,00,00,00,00,00,000000,00,0000,0,00,00,00,b7,03,00,00,00,00,00,0000,01,00,00
420,60f6,ff,ff,00,00,0,0,00,0000,0000,0000,0000,00,00,00,00,00,000000,00,0000,0,00,00,00,b8,03,00,00,00,00,00,0000,01,00,00
421,6206,ff,ff,00,00,0,0,00,0000,0000,0000,0000,00,00,00,00,00,000000,00,0000,0,00,00,00,b9,03,00,00,00,00,00,0000,01,00,00
422,622e,ff,ff,00,00,0,0,00,0000,0000,0000,0000,00,00,00,00,00,000000,00,0000,0,00,00,00,ba,03,00,00,00,00,00,0000,01,00,00
423,60ef,ff,ff,00,00,0,0,00,0000,0000,0000,0000,00,00,00,00,00,000000,00,0000,0,00,00,00,bb,03,00,00,00,00,00,0000,01,00,00
424,60f1,ff,ff,00,00,0,0,00,0000,0000,0000,0000,00,00,00,00,00,000000,00,0000,0,00,00,00,bc,03,00,00,00,00,00,0000,01,00,00
425,6203,ff,ff,00,00,0,0,00,0000,0000,0000,0000,00,00,00,00,00,000000,00,0000,0,00,00,00,bd,03,00,00,00,00,00,0000,01,00,00
426,60f2,ff,ff,00,00,0,0,00,0000,0000,0000,0000,00,00,00,00,00,000000,00,0000,0,00,00,00,be,03,00,00,00,00,00,0000,00,01,00
427,6205,ff,ff,00,00,0,0,00,0000,0000,0000,0000,00,00,00,00,00,000000,00,0000,0,00,00,00,bf,03,00,00,00,00,00,0000,02,01,00
428,6203,ff,ff,00,00,0,0,00,0000,0000,0000,0000,00,00,00,00,00,000000,00,0000,0,00,00,00,c0,03,00,00,00,00,00,0000,00,02,00
429,6208,ff,ff,00,00,0,0,00,0000,0000,0000,0000,00,00,00,00,00,000000,00,0000,0,00,00,00,c1,03,00,00,00,00,00,0000,02,02,00
430,60ef,ff,ff,00,00,0,0,00,0000,0000,0000,0000,00,00,00,00,00,000000,00,0000,0,00,00,00,c2,03,00,00,00,00,00,0000,01,02,00
431,6207,ff,ff,00,00,0,0,00,0000,0000,0000,0000,00,00,00,00,00,000000,00,0000,0,00,00,00,c3,03,00,00,00,00,00,0000,02,02,00
432,60ef,ff,ff,00,00,0,0,00,0000,0000,0000,0000,00,00,00,00,00,000000,00,0000,0,00,00,00,c4,03,00,00,00,00,00,0000,01,02,00
433,6207,ff,ff,00,00,0,0,00,0000,0000,0000,0000,00,00,00,00,00,000000,00,0000,0,00,00,00,c5,03,00,00,00,00,00,0000,02,02,00
434,60ee,ff,ff,00,00,0,0,00,0000,0000,0000,0000,00,00,00,00,00,000000,00,0000,0,00,00,00,c6,03,00,00,00,00,00,0000,01,02,00
435,6207,ff,ff,00,00,0,0,00,0000,0000,0000,0000,00,00,00,00,00,000000,00,0000,0,00,00,00,c7,03,00,00,00,00,00,0000,02,02,00
436,60ee,ff,ff,00,00,0,0,00,0000,0000,0000,0000,00,00,00,00,00,000000,00,0000,0,00,00,00,c8,03,00,00,00,00,00,0000,01,02,00
437,6206,ff,ff,00,00,0,0,00,0000,0000,0000,0000,00,00,00,00,00,000000,00,0000,0,00,00,00,c9,03,00,00,00,00,00,0000,02,02,00
438,60ee,ff,ff,00,00,0,0,00,0000,0000,0000,0000,00,00,00,00,00,000000,00,0000,0,00,00,00,ca,03,00,00,00,00,00,0000,01,02,00
439,6206,ff,ff,00,00,0,0,00,0000,0000,0000,0000,00,00,00,00,00,000000,00,0000,0,00,00,00,cb,03,00,00,00,00,00,0000,02,02,00
440,6231,ff,ff,00,00,0,0,00,0000,0000,0000,0000,00,00,00,00,00,000000,00,0000,0,00,00,00,cc,03,00,00,00,00,00,0000,01,02,00
441,6206,ff,ff,00,00,0,0,00,0000,0000,0000,0000,00,00,00,00,00,000000,00,0000,0,00,00,00,cd,03,00,00,00,00,00,0000,02,02,00
442,6231,ff,ff,00,00,0,0,00,0000,0000,0000,0000,00,00,00,00,00,000000,00,0000,0,00,00,00,ce,03,00,00,00,00,00,0000,01,02,00
443,6206,ff,ff,00,00,0,0,00,0000,0000,0000,0000,00,00,00,00,00,000000,00,0000,0,00,00,00,cf,03,00,00,00,00,00,0000,02,02,00
444,6231,ff,ff,00,00,0,0,00,0000,0000,0000,0000,00,00,00,00,00,000000,00,0000,0,00,00,00,d0,03,00,00,00,00,00,0000,01,02,00
445,6206,ff,ff,00,00,0,0,00,0000,0000,0000,0000,00,00,00,00,00,000000,00,0000,0,00,00,00,d1,03,00,00,00,00,00,0000,02,02,00
446,60f3,ff,ff,00,00,0,0,00,0000,0000,0000,0000,00,00,00,00,00,000000,00,0000,0,00,00,00,d2,03,00,00,00,00,00,0000,01,02,00
447,6231,ff,ff,00,00,0,0,00,0000,0000,0000,0000,00,00,00,00,00,000000,00,0000,0,00,00,00,d3,03,00,00,00,00,00,0000,02,02,00
448,6208,ff,ff,00,00,0,0,00,0000,0000,0000,0000,00,00,00,00,00,000000,00,0000,0,00,00,00,d4,03,00,00,00,00,00,0000,01,02,00
449,60f3,ff,ff,00,00,0,0,00,0000,0000,0000,0000,00,00,00,00,00,000000,00,0000,0,00,00,00,d5,03,00,00,00,00,00,0000,02,02,00
450,60ef,ff,ff,00,00,0,0,00,0000,0000,0000,0000,00,00,00,00,00,000000,00,0000,0,00,00,00,d6,03,00,00,00,00,00,0000,01,02,00
451,6207,ff,ff,00,00,0,0,00,0000,0000,0000,0000,00,00,00,00,00,000000,00,0000,0,00,00,00,d7,03,00,00,00,00,00,0000,02,02,00
452,60f4,ff,ff,00,00,0,0,00,0000,0000,0000,0000,00,00,00,00,00,000000,00,0000,0,00,00,00,d8,03,00,00,00,00,00,0000,01,02,00
453,60ee,ff,ff,00,00,0,0,00,0000,0000,0000,0000,00,00,00,00,00,000000,00,0000,0,00,00,00,d9,03,00,00,00,00,00,0000,02,02,00
454,6208,ff,ff,00,00,0,0,00,0000,0000,0000,0000,00,00,00,00,00,000000,00,0000,0,00,00,00,da,03,00,00,00,00,00,0000,01,02,00
455,60f3,ff,ff,00,00,0,0,00,0000,0000,0000,0000,00,00,00,00,00,000000,00,0000,0,00,00,00,db,03,00,00,00,00,00,0000,02,02,00
456,60ef,ff,ff,00,00,0,0,00,0000,0000,0000,0000,00,00,00,00,00,000000,00,0000,0,00,00,00,dc,03,00,00,00,00,00,0000,01,02,00
457,6207,ff,ff,00,00,0,0,00,0000,0000,0000,0000,00,00,00,00,00,000000,00,0000,0,00,00,00,dd,03,00,00,00,00,00,0000,02,02,00
458,60f4,ff,ff,00,00,0,0,00,0000,0000,0000,0000,00,00,00,00,00,000000,00,0000,0,00,00,00,de,03,00,00,00,00,00,0000,01,02,00
459,60ee,ff,ff,00,00,0,0,00,0000,0000,0000,0000,00,00,00,00,00,000000,00,0000,0,00,00,00,df,03,00,00,00,00,00,0000,02,02,00
460,622e,ff,ff,00,00,0,0,00,0000,0000,0000,0000,00,00,00,00,00,000000,00,0000,0,00,00,00,e0,03,00,00,00,00,00,0000,01,02,00
461,6204,ff,ff,00,00,0,0,00,0000,0000,0000,0000,00,00,00,00,00,000000,00,0000,0,00,00,00,e1,03,00,00,00,00,00,0000,02,02,00
462,6231,ff,ff,00,00,0,0,00,0000,0000,0000,0000,00,00,00,00,00,000000,00,0000,0,00,00,00,e2,03,00,00,00,00,00,0000,01,02,00
463,6206,ff,ff,00,00,0,0,00,0000,0000,0000,0000,00,00,00,00,00,000000,00,0000,0,00,00,00,e3,03,00,00,00,00,00,0000,02,02,00
464,6205,ff,ff,00,00,0,0,00,0000,0000,0000,0000,00,00,00,00,00,000000,00,0000,0,00,00,00,e4,03,00,00,00,00,00,0000,01,02,00
465,60f1,ff,ff,00,00,0,0,00,0000,0000,0000,0000,00,00,00,00,00,000000,00,0000,0,00,00,00,e5,03,00,00,00,00,00,0000,02,02,00
466,6205,ff,ff,00,00,0,0,00,0000,0000,0000,0000,00,00,00,00,00,000000,00,0000,0,00,00,00,e6,03,00,00,00,00,00,0000,01,02,00
467,60f0,ff,ff,00,00,0,0,00,0000,0000,0000,0000,00,00,00,00,00,000000,00,0000,0,00,00,00,e7,03,00,00,00,00,00,0000,02,02,00
468,6205,ff,ff,00,00,0,0,00,0000,0000,0000,0000,00,00,00,00,00,000000,00,0000,0,00,00,00,e8,03,00,00,00,00,00,0000,01,02,00
469,60f0,ff,ff,00,00,0,0,00,0000,0000,0000,0000,00,00,00,00,00,000000,00,0000,0,00,00,00,e9,03,00,00,00,00,00,0000,02,02,00
470,622e,ff,ff,00,00,0,0,00,0000,0000,0000,0000,00,00,00,00,00,000000,00,0000,0,00,00,00,ea,03,00,00,00,00,00,0000,01,02,00
471,60f6,ff,ff,00,00,0,0,00,0000,0000,0000,0000,00,00,00,00,00,000000,00,0000,0,00,00,00,eb,03,00,00,00,00,00,0000,02,02,00
472,60ef,ff,ff,00,00,0,0,00,0000,0000,0000,0000,00,00,00,00,00,000000,00,0000,0,00,00,00,ec,03,00,00,00,00,00,0000,01,02,00
473,6208,ff,ff,00,00,0,0,00,0000,0000,0000,0000,00,00,00,00,00,000000,00,0000,0,00,00,00,ed,03,00,00,00,00,00,0000,02,02,00
474,60f1,ff,ff,00,00,0,0,00,0000,0000,0000,0000,00,00,00,00,00,000000,00,0000,0,00,00,00,ee,03,00,00,00,00,00,0000,01,02,00
475,622e,ff,ff,00,00,0,0,00,0000,0000,0000,0000,00,00,00,00,00,000000,00,0000,0,00,00,00,ef,03,00,00,00,00,00,0000,02,02,00
476,6206,ff,ff,00,00,0,0,00,0000,0000,0000,0000,00,00,00,00,00,000000,00,0000,0,00,00,00,f0,03,00,00,00,00,00,0000,01,02,00
477,60f2,ff,ff,00,00,0,0,00,0000,0000,0000,0000,00,00,00,00,00,000000,00,0000,0,00,00,00,f1,03,00,00,00,00,00,0000,02,02,00
478,622e,ff,fd,00,00,0,0,00,0000,0000,0000,0000,00,00,00,00,00,000000,00,0000,0,00,00,00,f2,03,00,00,00,00,00,0000,01,02,00
479,60f6,ff,fd,00,00,0,0,00,0000,0000,0000,0000,00,00,00,00,00,000000,00,0000,0,00,00,00,f3,03,00,00,00,00,00,0000,02,02,00
480,622f,ff,fd,00,00,0,0,00,0000,0000,0000,0000,00,00,00,00,00,000000,00,0000,0,00,00,00,f4,03,00,00,00,00,00,0000,01,02,00
481,6205,ff,fd,00,00,0,0,00,0000,0000,0000,0000,00,00,00,00,00,000000,00,0000,0,00,00,00,f5,03,00,00,00,00,00,0000,02,02,00
482,60ee,ff,fd,00,00,0,0,00,0000,0000,0000,0000,00,00,00,00,00,000000,00,0000,0,00,00,00,f6,03,00,00,00,00,00,0000,01,02,00
483,6207,ff,fd,00,00,0,0,00,0000,0000,0000,0000,00,00,00,00,00,000000,00,0000,0,00,00,00,f7,03,00,00,00,00,00,0000,02,02,00
484,60f0,ff,fd,00,00,0,0,00,0000,0000,0000,0000,00,00,00,00,00,000000,00,0000,0,00,00,00,f8,03,00,00,00,00,00,0000,01,02,00
485,622e,ff,fd,00,00,0,0,00,0000,0000,0000,0000,00,00,00,00,00,000000,00,0000,0,00,00,00,f9,03,00,00,00,00,00,0000,02,02,00
486,60f2,ff,fd,00,00,0,0,00,0000,0000,0000,0000,00,00,00,00,00,000000,00,0000,0,00,00,00,fa,03,00,00,00,00,00,0000,01,02,00
487,622f,ff,fd,00,00,0,0,00,0000,0000,0000,0000,00,00,00,00,00,000000,00,0000,0,00,00,00,fb,03,00,00,00,00,00,0000,02,02,00
488,60f5,ff,fd,00,00,0,0,00,0000,0000,0000,0000,00,00,00,00,00,000000,00,0000,0,00,00,00,fc,03,00,00,00,00,00,0000,01,02,00
489,60ef,ff,fd,00,00,0,0,00,0000,0000,0000,0000,00,00,00,00,00,000000,00,0000,0,00,00,00,fd,03,00,00,00,00,00,0000,02,02,00
490,6205,ff,fd,00,00,0,0,00,0000,0000,0000,0000,00,00,00,00,00,000000,00,0000,0,00,00,00,fe,03,00,00,00,00,00,0000,01,02,00
491,60f0,ff,fd,00,00,0,0,00,0000,0000,0000,0000,00,00,00,00,00,000000,00,0000,0,00,00,00,ff,03,00,00,00,00,00,0000,02,02,00
492,6206,ff,fd,00,00,0,0,00,0000,0000,0000,0000,00,00,00,00,00,000000,00,0000,0,00,00,00,00,03,00,00,00,00,00,0000,01,02,00
493,60f2,ff,fd,00,00,0,0,00,0000,0000,0000,0000,00,00,00,00,00,000000,00,0000,0,00,00,00,01,03,00,00,00,00,00,0000,02,02,00
494,6205,ff,fd,00,00,0,0,00,0000,0000,0000,0000,00,00,00,00,00,000000,00,0000,0,00,00,00,02,03,00,00,00,00,00,0000,03,02,00
495,60ee,ff,fd,00,00,0,0,00,0000,0000,0000,0000,00,00,00,00,00,000000,00,0000,0,00,00,00,03,03,00,00,00,00,00,0000,00,03,00
496,60ee,ff,fd,01,00,37,208,00,0000,0000,0000,1000,00,10,00,00,00,000000,00,0000,156,00,e4,00,04,03,00,00,00,04,00,0000,00,03,00
497,6208,ff,fd,01,00,37,208,00,0000,fe80,01fe,0e00,00,10,00,00,00,000000,00,0000,156,00,e4,00,05,03,00,00,00,04,00,0200,00,03,00
498,60f6,ff,fd,01,00,37,208,00,0000,fe80,01fd,0c00,00,10,00,00,00,000000,00,0000,156,00,e4,00,06,03,00,00,00,04,00,0400,00,03,00
499,622e,ff,fd,01,00,37,208,00,0000,fe80,01fb,0a00,00,10,00,00,00,000000,00,0000,156,00,e4,00,07,03,00,00,00,04,00,0600,00,03,00
500,60f2,ff,fd,01,00,37,208,00,0000,fe80,01fa,0800,00,10,00,00,00,000000,00,0000,156,00,e4,00,08,03,00,00,00,04,00,0800,00,03,00
501,622e,ff,fd,01,00,37,208,00,0000,fe80,01f8,0600,00,10,00,00,00,000000,00,0000,156,00,e4,00,09,03,00,00,00,04,00,0a00,00,03,00
502,60f1,ff,fd,01,00,37,208,00,0000,fe80,01f7,0400,00,10,00,00,00,000000,00,0000,156,00,e4,00,0a,03,00,00,00,04,00,0c00,00,03,00
503,6206,ff,fd,01,00,37,208,00,0000,fe80,01f5,0200,00,10,00,00,00,000000,00,0000,156,00,e4,00,0b,03,00,00,00,04,00,0e00,00,03,00
504,6207,ff,fd,01,00,37,208,01,0000,fe80,01f4,0000,00,10,00,00,00,000000,00,0000,156,00,e4,00,0c,03,00,00,00,04,00,1000,00,03,00
505,60ef,ff,fd,01,00,37,208,01,0000,fe80,01f2,dc00,01,dc,00,00,00,000000,01,fd80,156,03,e4,03,0d,03,00,00,00,05,00,1200,00,03,00
506,60ee,ff,fd,01,00,37,208,01,0000,fe80,01f1,da00,01,dc,00,00,00,000000,01,fb80,156,02,e4,03,0e,03,00,00,00,05,00,1400,00,03,00
507,60f1,ff,fd,01,00,37,208,01,0000,fe80,01ef,d800,01,dc,00,00,00,000000,01,f980,156,01,e4,03,0f,03,00,00,00,05,00,1600,00,03,00
508,6231,ff,fd,01,00,37,208,01,0000,fe80,01ee,d600,01,dc,00,00,00,000000,01,f780,156,03,e4,05,10,03,00,00,00,05,00,1800,00,03,00
509,6208,ff,fd,01,00,37,208,01,0000,fe80,01ec,d400,01,dc,00,00,00,000000,01,f580,156,02,e4,05,11,03,00,00,00,05,00,1a00,00,03,00
510,60f4,ff,fd,01,00,37,208,01,0000,fe80,01eb,d200,01,dc,00,00,00,000000,01,f380,156,01,e4,05,12,03,00,00,00,05,00,1c00,00,03,00
511,60f1,ff,fd,01,00,37,208,01,0000,fe80,01e9,d000,01,dc,00,00,00,000000,01,f180,156,03,e4,05,13,03,00,00,00,05,00,1e00,00,03,00
512,6203,ff,fd,01,00,37,208,02,0000,fe80,01e8,ce00,01,dc,00,00,00,000000,01,ef80,156,02,e4,05,14,03,00,00,00,05,00,2000,00,03,00
513,60f1,ff,fd,01,00,37,208,02,0000,fe80,01e6,cc00,01,dc,00,00,00,000000,01,ed80,156,01,e4,05,15,03,00,00,00,05,00,2200,00,03,00
514,6208,ff,fd,01,00,37,208,02,0000,fe80,01e5,ca00,01,dc,00,00,00,000000,01,eb80,156,03,e4,04,16,03,00,00,00,05,00,2400,00,03,00
515,60f6,ff,fd,01,00,37,208,02,0000,fe80,01e3,c800,01,dc,00,00,00,000000,01,e980,156,02,e4,04,17,03,00,00,00,05,00,2600,00,03,00
516,60f5,ff,fd,01,00,37,208,02,0000,fe80,01e2,c600,01,dc,00,00,00,000000,01,e780,156,01,e4,04,18,03,00,00,00,05,00,2800,00,03,00
517,622d,ff,fd,01,00,37,208,02,0000,fe80,01e0,c400,01,dc,00,00,00,000000,01,e580,156,03,e4,03,19,03,00,00,00,05,00,2a00,00,03,00
518,60f5,ff,fd,01,00,37,208,02,0000,fe80,01df,c200,01,dc,00,00,00,000000,01,e380,156,02,e4,03,1a,03,00,00,00,05,00,2c00,00,03,00
519,6207,ff,fd,01,00,37,208,00,0000,fe80,01dd,c000,01,dc,00,00,00,000000,01,e180,156,01,e4,03,1b,03,00,00,00,05,00,2e00,00,03,00
520,60f6,ff,fd,01,00,37,208,00,0000,fe80,01dc,be00,01,dc,00,00,00,000000,01,df80,156,03,e4,05,1c,03,00,00,00,05,00,3000,00,03,00
521,60ef,ff,fd,01,00,37,208,00,0000,fe80,01da,bc00,01,dc,00,00,00,000000,01,dd80,156,02,e4,05,1d,03,00,00,00,05,00,3200,00,03,00
522,622e,ff,fd,01,00,37,208,00,0000,fe80,01d9,ba00,01,dc,00,00,00,000000,01,db80,156,01,e4,05,1e,03,00,00,00,05,00,3400,00,03,00
523,6206,ff,fd,01,00,37,208,00,0000,fe80,01d7,b800,01,dc,00,00,00,000000,01,d980,156,03,e4,05,1f,03,00,00,00,05,00,3600,00,03,00
524,60f2,ff,fd,01,00,37,208,00,0000,fe80,01d6,b600,01,dc,00,00,00,000000,01,d780,156,02,e4,05,20,03,00,00,00,05,00,3800,00,03,00
525,60ee,ff,fd,01,00,37,208,00,0000,fe80,01d4,b400,01,dc,00,00,00,000000,01,d580,156,01,e4,05,21,03,00,00,00,05,00,3a00,00,03,00
526,6208,ff,fd,01,00,37,208,01,0000,fe80,01d3,b200,01,dc,00,00,00,000000,01,d380,156,03,e4,04,22,03,00,00,00,05,00,3c00,00,03,00
527,6230,ff,fd,01,00,37,208,01,0000,fe80,01d1,b000,01,dc,00,00,00,000000,01,d180,156,02,e4,04,23,03,00,00,00,05,00,3e00,00,03,00
528,6205,ff,fd,01,00,37,208,01,0000,fe80,01d0,ae00,01,dc,00,00,00,000000,01,cf80,156,01,e4,04,24,03,00,00,00,05,00,4000,00,03,00
529,6203,ff,fd,01,00,37,208,01,0000,fe80,01ce,ac00,01,dc,00,00,00,000000,01,cd80,156,03,e4,03,25,03,00,00,00,05,00,4200,00,03,00
530,6208,ff,fd,01,00,37,208,01,0000,fe80,01cd,aa00,01,dc,00,00,00,000000,01,cb80,156,02,e4,03,26,03,00,00,00,05,00,4400,00,03,00
531,60f0,ff,fd,01,00,37,208,01,0000,fe80,01cb,a800,01,dc,00,00,00,000000,01,c980,156,01,e4,03,27,03,00,00,00,05,00,4600,00,03,00
532,622e,ff,fd,01,00,37,208,01,0000,fe80,01ca,a600,01,dc,00,00,00,000000,01,c780,156,03,e4,05,28,03,00,00,00,05,00,4800,00,03,00
533,622e,ff,fd,01,00,37,208,01,0000,fe80,01c8,a400,01,dc,00,00,00,000000,01,c580,156,02,e4,05,29,03,00,00,00,05,00,4a00,00,03,00
534,6208,ff,fd,01,00,37,208,02,0000,fe80,01c7,a200,01,dc,00,00,00,000000,01,c380,156,01,e4,05,2a,03,00,00,00,05,00,4c00,00,03,00
535,60f1,ff,fd,01,00,37,208,02,0000,fe80,01c5,a000,01,dc,00,00,00,000000,01,c180,156,03,e4,05,2b,03,00,00,00,05,00,4e00,00,03,00
536,622e,ff,fd,01,00,37,208,02,0000,fe80,01c4,9e00,01,dc,00,00,00,000000,01,bf80,156,02,e4,05,2c,03,00,00,00,05,00,5000,00,03,00
537,6208,ff,fd,01,00,37,208,02,0000,fe80,01c2,9c00,01,dc,00,00,00,000000,01,bd80,156,01,e4,05,2d,03,00,00,00,05,00,5200,00,03,00
538,60f1,ff,fd,01,00,37,208,02,0000,fe80,01c1,9a00,01,dc,00,00,00,000000,01,bb80,156,03,e4,04,2e,03,00,00,00,05,00,5400,00,03,00
539,6205,ff,fd,01,00,37,208,02,0000,fe80,01bf,9800,01,dc,00,00,00,000000,01,b980,156,02,e4,04,2f,03,00,00,00,05,00,5600,00,03,00
540,6230,ff,fd,01,00,37,208,02,0000,fe80,01be,9600,01,dc,00,00,00,000000,01,b780,156,01,e4,04,30,03,00,00,00,05,00,5800,00,03,00
541,60ef,ff,fd,01,00,37,208,00,0000,fe80,01bc,9400,01,dc,00,00,00,000000,01,b580,156,03,e4,03,31,03,00,00,00,05,00,5a00,00,03,00
542,60f4,ff,fd,01,00,37,208,00,0000,fe80,01bb,9200,01,dc,00,00,00,000000,01,b380,156,02,e4,03,32,03,00,00,00,05,00,5c00,00,03,00
543,622e,ff,fd,01,00,37,208,00,0000,fe80,01b9,9000,01,dc,00,00,00,000000,01,b180,156,01,e4,03,33,03,00,00,00,05,00,5e00,00,03,00
544,60f1,ff,fd,01,00,37,208,00,0000,fe80,01b8,8e00,01,dc,00,00,00,000000,01,af80,156,03,e4,05,34,03,00,00,00,05,00,6000,00,03,00
545,622f,ff,fd,01,00,37,208,00,0000,fe80,01b6,8c00,01,dc,00,00,00,000000,01,ad80,156,02,e4,05,35,03,00,00,00,05,00,6200,00,03,00
546,6207,ff,fd,01,00,37,208,00,0000,fe80,01b5,8a00,01,dc,00,00,00,000000,01,ab80,156,01,e4,05,36,03,00,00,00,05,00,6400,00,03,00
547,60ef,ff,fd,01,00,37,208,00,0000,fe80,01b3,8800,01,dc,00,00,00,000000,01,a980,156,03,e4,05,37,03,00,00,00,05,00,6600,00,03,00
548,622f,ff,fd,01,00,37,208,01,0000,fe80,01b2,8600,01,dc,00,00,00,000000,01,a780,156,02,e4,05,38,03,00,00,00,05,00,6800,00,03,00
549,6206,ff,fd,01,00,37,208,01,0000,fe80,01b0,8400,01,dc,00,00,00,000000,01,a580,156,01,e4,05,39,03,00,00,00,05,00,6a00,00,03,00
550,60f6,ff,fd,01,00,37,208,01,0000,fe80,01af,8200,01,dc,00,00,00,000000,01,a380,156,03,e4,04,3a,03,00,00,00,05,00,6c00,00,03,00
551,60f0,ff,fd,01,00,37,208,01,0000,fe80,01ad,8000,01,dc,00,00,00,000000,01,a180,156,02,e4,04,3b,03,00,00,00,05,00,6e00,00,03,00
552,622e,ff,fd,01,00,37,208,01,0000,fe80,01ac,7e00,01,dc,00,00,00,000000,01,9f80,156,01,e4,04,3c,03,00,00,00,05,00,7000,00,03,00
553,6207,ff,fd,01,00,37,208,01,0000,fe80,01aa,7c00,01,dc,00,00,00,000000,01,9d80,156,03,e4,03,3d,03,00,00,00,05,00,7200,00,03,00
554,60f2,ff,fd,01,00,37,208,01,0000,fe80,01a9,7a00,01,dc,00,00,00,000000,01,9b80,156,02,e4,03,3e,03,00,00,00,05,00,7400,00,03,00
555,60ef,ff,fd,01,00,37,208,01,0000,fe80,01a7,7800,01,dc,00,00,00,000000,01,9980,156,01,e4,03,3f,03,00,00,00,05,00,7600,00,03,00
556,622e,ff,fd,01,00,37,208,02,0000,fe80,01a6,7600,01,dc,00,00,00,000000,01,9780,156,03,e4,05,40,03,00,00,00,05,00,7800,00,03,00
557,60ef,ff,fd,01,00,37,208,02,0000,fe80,01a4,7400,01,dc,00,00,00,000000,01,9580,156,02,e4,05,41,03,00,00,00,05,00,7a00,00,03,00
558,622e,ff,fd,01,00,37,208,02,0000,fe80,01a3,7200,01,dc,00,00,00,000000,01,9380,156,01,e4,05,42,03,00,00,00,05,00,7c00,00,03,00
559,6208,ff,fd,01,00,37,208,02,0000,fe80,01a1,7000,01,dc,00,00,00,000000,01,9180,156,03,e4,05,43,03,00,00,00,05,00,7e00,00,03,00
560,60f5,ff,fd,01,00,37,208,02,0000,fe80,01a0,6e00,01,dc,00,00,00,000000,01,8f80,156,02,e4,05,44,03,00,00,00,05,00,8000,00,03,00
561,60f1,ff,fd,01,00,37,208,02,0000,fe80,019e,6c00,01,dc,00,00,00,000000,01,8d80,156,01,e4,05,45,03,00,00,00,05,00,8200,00,03,00
562,60ee,ff,fd,01,00,37,208,02,0000,fe80,019d,6a00,01,dc,00,00,00,000000,01,8b80,156,03,e4,04,46,03,00,00,00,05,00,8400,00,03,00
563,60f1,ff,fd,01,00,37,208,00,0000,fe80,019b,6800,01,dc,00,00,00,000000,01,8980,156,02,e4,04,47,03,00,00,00,05,00,8600,00,03,00
564,622f,ff,fd,01,00,37,208,00,0000,fe80,019a,6600,01,dc,00,00,00,000000,01,8780,156,01,e4,04,48,03,00,00,00,05,00,8800,00,03,00
565,6205,ff,fd,01,00,37,208,00,0000,fe80,0198,6400,01,dc,00,00,00,000000,01,8580,156,03,e4,03,49,03,00,00,00,05,00,8a00,00,03,00
566,6205,ff,fd,01,00,37,208,00,0000,fe80,0197,6200,01,dc,00,00,00,000000,01,8380,156,02,e4,03,4a,03,00,00,00,05,00,8c00,00,03,00
567,622e,ff,fd,01,00,37,208,00,0000,fe80,0195,6000,01,dc,00,00,00,000000,01,8180,156,01,e4,03,4b,03,00,00,00,05,00,8e00,00,03,00
568,6206,ff,fd,01,00,37,208,00,0000,fe80,0194,5e00,01,dc,00,00,00,000000,01,7f80,156,03,e4,05,4c,03,00,00,00,05,00,9000,00,03,00
569,60f5,ff,fd,01,00,37,208,00,0000,fe80,0192,5c00,01,dc,00,00,00,000000,01,7d80,156,02,e4,05,4d,03,00,00,00,05,00,9200,00,03,00
570,6207,ff,ed,01,01,37,208,00,fc80,fe80,0191,5a00,01,dc,00,00,00,000000,01,7b80,156,01,e4,05,4e,03,00,00,00,05,00,9400,00,03,00
571,6206,ff,ed,01,01,37,204,00,fc9c,fe80,018f,5800,01,dc,00,00,00,000000,01,7980,156,03,e4,05,4f,03,00,00,00,05,00,9600,00,03,00
572,60f6,ff,ed,01,01,37,201,00,fcb8,fe80,018e,5600,01,dc,00,00,00,000000,01,7780,156,02,e4,05,50,03,00,00,00,05,00,9800,00,03,00
573,60f2,ff,ed,01,01,37,198,00,fcd4,fe80,018c,5400,01,dc,00,00,00,000000,01,7580,156,01,e4,05,51,03,00,00,00,05,00,9a00,00,03,00
574,60f1,ff,ed,01,01,37,195,00,fcf0,fe80,018b,5200,01,dc,00,00,00,000000,01,7380,156,03,e4,04,52,03,00,00,00,05,00,9c00,00,03,00
575,60ef,ff,ed,01,01,37,192,00,fd0c,fe80,0189,5000,01,dc,00,00,00,000000,01,7180,156,02,e4,04,53,03,00,00,00,05,00,9e00,00,03,00
576,60f1,ff,ed,01,01,37,189,00,fd28,fe80,0188,4e00,01,dc,00,00,00,000000,01,6f80,156,01,e4,04,54,03,00,00,00,05,00,a000,00,03,00
577,622e,ff,ed,01,01,37,186,00,fd44,fe80,0186,4c00,01,dc,00,00,00,000000,01,6d80,156,03,e4,03,55,03,00,00,00,05,00,a200,00,03,00
578,6205,ff,ed,01,01,37,183,00,fd60,fe80,0185,4a00,01,dc,00,00,00,000000,01,6b80,156,02,e4,03,56,03,00,00,00,05,00,a400,00,03,00
579,6203,ff,fd,01,01,37,181,00,fd7c,fe80,0183,4800,01,dc,00,00,00,000000,01,6980,156,01,e4,03,57,03,00,00,00,05,00,a600,00,03,00
580,60f4,ff,fd,01,01,37,179,00,fd98,fe80,0182,4600,01,dc,00,00,00,000000,01,6780,156,03,e4,05,58,03,00,00,00,05,00,a800,00,03,00
581,60f1,ff,fd,01,01,37,176,00,fdb4,fe80,0180,4400,01,dc,00,00,00,000000,01,6580,156,02,e4,05,59,03,00,00,00,05,00,aa00,00,03,00
582,622d,ff,fd,01,01,37,174,00,fdd0,fe80,017f,4200,01,dc,00,00,00,000000,01,6380,156,01,e4,05,5a,03,00,00,00,05,00,ac00,00,03,00
583,622e,ff,fd,01,01,37,172,00,fdec,fe80,017d,4000,01,dc,00,00,00,000000,01,6180,156,03,e4,05,5b,03,00,00,00,05,00,ae00,00,03,00
584,6205,ff,fd,01,01,37,170,00,fe08,fe80,017c,3e00,01,dc,00,00,00,000000,01,5f80,156,02,e4,05,5c,03,00,00,00,05,00,b000,00,03,00
585,6203,ff,fd,01,01,37,168,00,fe24,fe80,017a,3c00,01,dc,00,00,00,000000,01,5d80,156,01,e4,05,5d,03,00,00,00,05,00,b200,00,03,00
586,6208,ff,fd,01,01,37,166,00,fe40,fe80,0179,3a00,01,dc,00,00,00,000000,01,5b80,156,03,e4,04,5e,03,00,00,00,05,00,b400,00,03,00
587,60ef,ff,fd,01,01,37,165,00,fe5c,fe80,0177,3800,01,dc,00,00,00,000000,01,5980,156,02,e4,04,5f,03,00,00,00,05,00,b600,00,03,00
588,622f,ff,fd,01,01,37,163,00,fe78,fe80,0176,3600,01,dc,00,00,00,000000,01,5780,156,01,e4,04,60,03,00,00,00,05,00,b800,00,03,00
589,6230,ff,fd,01,01,37,162,00,fe94,fe80,0174,3400,01,dc,00,00,00,000000,01,5580,156,03,e4,03,61,03,00,00,00,05,00,ba00,00,03,00
590,6208,ff,fd,01,01,37,160,00,feb0,fe80,0173,3200,01,dc,00,00,00,000000,01,5380,156,02,e4,03,62,03,00,00,00,05,00,bc00,00,03,00
591,6206,ff,fd,01,01,37,159,00,fecc,fe80,0171,3000,01,dc,00,00,00,000000,01,5180,156,01,e4,03,63,03,00,00,00,05,00,be00,00,03,00
592,6205,ff,fd,01,01,37,158,00,fee8,fe80,0170,2e00,01,dc,00,00,00,000000,01,4f80,156,03,e4,05,64,03,00,00,00,05,00,c000,00,03,00
593,60f5,ff,fd,01,01,37,157,00,ff04,fe80,016e,2c00,01,dc,00,00,00,000000,01,4d80,156,02,e4,05,65,03,00,00,00,05,00,c200,00,03,00
594,622f,ff,fd,01,01,37,156,00,ff20,fe80,016d,2a00,01,dc,00,00,00,000000,01,4b80,156,01,e4,05,66,03,00,00,00,05,00,c400,00,03,00
595,60f4,ff,fd,01,01,37,156,00,ff3c,fe80,016b,2800,01,dc,00,00,00,000000,01,4980,156,03,e4,05,67,03,00,00,00,05,00,c600,00,03,00
596,622e,ff,fd,01,01,37,155,00,ff58,fe80,016a,2600,01,dc,00,00,00,000000,01,4780,156,02,e4,05,68,03,00,00,00,05,00,c800,00,03,00
597,60f5,ff,fd,01,01,37,154,00,ff74,fe80,0168,2400,01,dc,00,00,00,000000,01,4580,156,01,e4,05,69,03,00,00,00,05,00,ca00,00,03,00
598,60ef,ff,fd,01,01,37,154,00,ff90,fe80,0167,2200,01,dc,00,00,00,000000,01,4380,156,03,e4,04,6a,03,00,00,00,05,00,cc00,00,03,00
599,60f3,ff,fd,01,01,37,154,00,ffac,fe80,0165,2000,01,dc,00,00,00,000000,01,4180,156,02,e4,04,6b,03,00,00,00,05,00,ce00,00,03,00
600,622e,ff,fd,01,01,37,153,00,ffc8,fe80,0164,1e00,01,dc,00,00,00,000000,01,3f80,156,01,e4,04,6c,03,00,00,00,05,00,d000,00,03,00
601,6205,ff,fd,01,01,37,153,00,ffe4,fe80,0162,1c00,01,dc,00,00,00,000000,01,3d80,156,03,e4,03,6d,03,00,00,00,05,00,d200,00,03,00
602,6231,ff,fd,01,01,37,153,00,0000,fe80,0161,1a00,01,dc,00,00,00,000000,01,3b80,156,02,e4,03,6e,03,00,00,00,05,00,d400,00,03,00
603,6205,ff,fd,01,01,37,153,00,001c,fe80,015f,1800,01,dc,00,00,00,000000,01,3980,156,01,e4,03,6f,03,00,00,00,05,00,d600,00,03,00
604,60ef,ff,fd,01,01,37,154,00,0038,fe80,015e,1600,01,dc,00,00,00,000000,01,3780,156,03,e4,05,70,03,00,00,00,05,00,d800,00,03,00
605,6206,ff,fd,01,01,37,154,00,0054,fe80,015c,1400,01,dc,00,00,00,000000,01,3580,156,02,e4,05,71,03,00,00,00,05,00,da00,00,03,00
606,60f6,ff,fd,01,01,37,154,00,0070,fe80,015b,1200,01,dc,00,00,00,000000,01,3380,156,01,e4,05,72,03,00,00,00,05,00,dc00,00,03,00
607,6205,ff,fd,01,01,37,155,00,008c,fe80,0159,1000,01,dc,00,00,00,000000,01,3180,156,03,e4,05,73,03,00,00,00,05,00,de00,00,03,00
608,60f3,ff,fd,01,01,37,156,00,00a8,fe80,0158,0e00,01,dc,00,00,00,000000,01,2f80,156,02,e4,05,74,03,00,00,00,05,00,e000,00,03,00
609,60f1,ff,fd,01,01,37,156,00,00c4,fe80,0156,0c00,01,dc,00,00,00,000000,01,2d80,156,01,e4,05,75,03,00,00,00,05,00,e200,00,03,00
610,60ef,ff,fd,01,01,37,157,00,00e0,fe80,0155,0a00,01,dc,00,00,00,000000,01,2b80,156,03,e4,04,76,03,00,00,00,05,00,e400,00,03,00
611,622e,ff,fd,01,01,37,158,00,00fc,fe80,0153,0800,01,dc,00,00,00,000000,01,2980,156,02,e4,04,77,03,00,00,00,05,00,e600,00,03,00
612,6206,ff,fd,01,01,37,159,00,0118,fe80,0152,0600,01,dc,00,00,00,000000,01,2780,156,01,e4,04,78,03,00,00,00,05,00,e800,00,03,00
613,6206,ff,fd,01,01,37,160,00,0134,fe80,0150,0400,01,dc,00,00,00,000000,01,2580,156,03,e4,03,79,03,00,00,00,05,00,ea00,00,03,00
614,60f4,ff,fd,01,01,37,162,00,0150,fe80,014f,0200,01,dc,00,00,00,000000,01,2380,156,02,e4,03,7a,03,00,00,00,05,00,ec00,00,03,00
615,60f1,ff,fd,01,01,37,163,00,016c,fe80,014d,0000,01,dc,00,00,00,000000,01,2180,156,01,e4,03,7b,03,00,00,00,05,00,ee00,00,03,00
616,6207,ff,fd,01,01,37,165,00,0188,fe80,014c,f400,02,f4,00,00,00,000000,01,1f80,156,03,e4,05,7c,03,00,00,00,05,00,f000,00,03,00
617,60f1,ff,fd,01,01,37,166,00,01a4,fe80,014a,f200,02,f4,00,00,00,000000,01,1d80,156,02,e4,05,7d,03,00,00,00,05,00,f200,00,03,00
618,60f1,ff,fd,01,01,37,168,00,01c0,fe80,0149,f000,02,f4,00,00,00,000000,01,1b80,156,01,e4,05,7e,03,00,00,00,05,00,f400,00,03,00
619,6205,ff,fd,01,01,37,170,00,01dc,fe80,0147,ee00,02,f4,00,00,00,000000,01,1980,156,03,e4,05,7f,03,00,00,00,05,00,f600,00,03,00
620,6205,ff,fd,01,01,37,172,00,01f8,fe80,0146,ec00,02,f4,00,00,00,000000,01,1780,156,02,e4,05,80,03,00,00,00,05,00,f800,00,03,00
621,6206,ff,fd,01,01,37,174,00,0214,fe80,0144,ea00,02,f4,00,00,00,000000,01,1580,156,01,e4,05,81,03,00,00,00,05,00,fa00,00,03,00
622,6230,ff,fd,01,01,37,176,00,0230,fe80,0143,e800,02,f4,00,00,00,000000,01,1380,156,03,e4,04,82,03,00,00,00,05,00,fc00,00,03,00
623,6231,ff,fd,01,01,37,179,00,024c,fe80,0141,e600,02,f4,00,00,00,000000,01,1180,156,02,e4,04,83,03,00,00,00,05,00,fe00,00,03,00
624,6231,ff,fd,01,01,37,181,00,0268,fe80,0140,e400,02,f4,00,00,00,000000,01,0f80,156,01,e4,04,84,03,00,00,00,05,00,0000,00,03,00
625,60f4,ff,fd,01,01,37,183,00,0284,fe80,013e,e200,02,f4,00,00,00,000000,01,0d80,156,03,e4,03,85,03,00,00,00,05,00,0200,00,03,00
626,6206,ff,fd,01,01,37,186,00,02a0,fe80,013d,e000,02,f4,00,00,00,000000,01,0b80,156,02,e4,03,86,03,00,00,00,05,00,0400,00,03,00
627,60f1,ff,fd,01,01,37,189,00,02bc,fe80,013b,de00,02,f4,00,00,00,000000,01,0980,156,01,e4,03,87,03,00,00,00,05,00,0600,00,03,00
628,60f6,ff,fd,01,01,37,192,00,02d8,fe80,013a,dc00,02,f4,00,00,00,000000,01,0780,156,03,e4,05,88,03,00,00,00,05,00,0800,00,03,00
629,60f3,ff,fd,01,01,37,195,00,02f4,fe80,0138,da00,02,f4,00,00,00,000000,01,0580,156,02,e4,05,89,03,00,00,00,05,00,0a00,00,03,00
630,60f3,ff,fd,01,01,37,198,00,0310,fe80,0137,d800,02,f4,00,00,00,000000,01,0380,156,01,e4,05,8a,03,00,00,00,05,00,0c00,00,03,00
631,6208,ff,fd,01,01,37,201,00,032c,fe80,0135,d600,02,f4,00,00,00,000000,01,0180,156,03,e4,05,8b,03,00,00,00,05,00,0e00,00,03,00
632,60f1,ff,fd,01,01,37,204,00,0348,fe80,0134,d400,02,f4,00,00,00,000000,00,0000,156,03,e4,05,8c,03,00,00,00,05,00,0000,00,03,00
633,6208,ff,fd,01,00,37,208,00,0364,fe80,0132,d200,02,f4,00,00,00,000100,00,0000,156,03,e4,05,8d,03,00,00,00,05,00,0200,00,03,00
634,6208,ff,fd,01,00,37,208,00,0364,fe80,0131,d000,02,f4,00,00,00,000100,00,0000,156,03,e4,05,8e,03,00,00,00,05,00,0400,00,03,00
635,6206,ff,fd,01,00,37,208,00,0364,fe80,012f,ce00,02,f4,00,00,00,000100,00,0000,156,03,e4,05,8f,03,00,00,00,05,00,0600,00,03,00
636,622e,ff,fd,01,00,37,208,00,0364,fe80,012e,cc00,02,f4,00,00,00,000100,00,0000,156,03,e4,05,90,03,00,00,00,05,00,0800,00,03,00
637,6231,ff,fd,01,00,37,208,00,0364,fe80,012c,ca00,02,f4,00,00,00,000100,00,0000,156,03,e4,05,91,03,00,00,00,05,00,0a00,00,03,00
638,622e,ff,fd,01,00,37,208,00,0364,fe80,012b,c800,02,f4,00,00,00,000100,00,0000,156,03,e4,05,92,03,00,00,00,05,00,0c00,00,03,00
639,60f2,ff,fd,01,00,37,208,00,0364,fe80,0129,c600,02,f4,00,00,00,000100,00,0000,156,03,e4,05,93,03,00,00,00,05,00,0e00,00,03,00
640,622e,ff,fd,01,00,37,208,01,0364,fe80,0128,c400,02,f4,00,00,00,000100,00,0000,156,03,e4,05,94,03,00,00,00,05,00,1000,00,03,00
641,60f2,ff,fd,01,00,37,208,01,0364,fe80,0126,c200,02,f4,00,00,00,000100,00,0000,156,03,e4,05,95,03,00,00,00,05,00,1200,00,03,00
642,60f0,ff,fd,01,00,37,208,01,0364,fe80,0125,c000,02,f4,00,00,00,000100,00,0000,156,03,e4,05,96,03,00,00,00,05,00,1400,00,03,00
643,622d,ff,fd,01,00,37,208,01,0364,fe80,0123,be00,02,f4,00,00,00,000100,00,0000,156,03,e4,05,97,03,00,00,00,05,00,1600,00,03,00
644,6230,ff,fd,01,00,37,208,01,0364,fe80,0122,bc00,02,f4,00,00,00,000100,00,0000,156,03,e4,05,98,03,00,00,00,05,00,1800,00,03,00
645,60f6,ff,fd,01,00,37,208,01,0364,fe80,0120,ba00,02,f4,00,00,00,000100,00,0000,156,03,e4,05,99,03,00,00,00,05,00,1a00,00,03,00
646,6208,ff,fd,01,00,37,208,01,0364,fe80,011f,b800,02,f4,00,00,00,000100,00,0000,156,03,e4,05,9a,03,00,00,00,05,00,1c00,00,03,00
647,6207,ff,fd,01,00,37,208,01,0364,fe80,011d,b600,02,f4,00,00,00,000100,00,0000,156,03,e4,05,9b,03,00,00,00,05,00,1e00,00,03,00
648,6208,ff,fd,01,00,37,208,02,0364,fe80,011c,b400,02,f4,00,00,00,000100,00,0000,156,03,e4,05,9c,03,00,00,00,05,00,2000,00,03,00
649,622e,ff,fd,01,00,37,208,02,0364,fe80,011a,b200,02,f4,00,00,00,000100,00,0000,156,03,e4,05,9d,03,00,00,00,05,00,2200,00,03,00
650,6231,ff,fd,01,00,37,208,02,0364,fe80,0119,b000,02,f4,00,00,00,000100,00,0000,156,03,e4,05,9e,03,00,00,00,05,00,2400,00,03,00
651,6205,ff,fd,01,00,37,208,02,0364,fe80,0117,ae00,02,f4,00,00,00,000100,00,0000,156,03,e4,05,9f,03,00,00,00,05,00,2600,00,03,00
652,6205,ff,fd,01,00,37,208,02,0364,fe80,0116,ac00,02,f4,00,00,00,000100,00,0000,156,03,e4,05,a0,03,00,00,00,05,00,2800,00,03,00
653,60ee,ff,fd,01,00,37,208,02,0364,fe80,0114,aa00,02,f4,00,00,00,000100,00,0000,156,03,e4,05,a1,03,00,00,00,05,00,2a00,00,03,00
654,6203,ff,fd,01,00,37,208,02,0364,fe80,0113,a800,02,f4,00,00,00,000100,00,0000,156,03,e4,05,a2,03,00,00,00,05,00,2c00,00,03,00
655,6208,ff,fd,01,00,37,208,00,0364,fe80,0111,a600,02,f4,00,00,00,000100,00,0000,156,03,e4,05,a3,03,00,00,00,05,00,2e00,00,03,00
656,60f6,ff,fd,01,00,37,208,00,0364,fe80,0110,a400,02,f4,00,00,00,000100,00,0000,156,03,e4,05,a4,03,00,00,00,05,00,3000,00,03,00
657,6203,ff,fd,01,00,37,208,00,0364,fe80,010e,a200,02,f4,00,00,00,000100,00,0000,156,03,e4,05,a5,03,00,00,00,05,00,3200,00,03,00
658,6205,ff,fd,01,00,37,208,00,0364,fe80,010d,a000,02,f4,00,00,00,000100,00,0000,156,03,e4,05,a6,03,00,00,00,05,00,3400,00,03,00
659,60ee,ff,fd,01,00,37,208,00,0364,fe80,010b,9e00,02,f4,00,00,00,000100,00,0000,156,03,e4,05,a7,03,00,00,00,05,00,3600,00,03,00
660,6203,ff,fd,01,00,37,208,00,0364,fe80,010a,9c00,02,f4,00,00,00,000100,00,0000,156,03,e4,05,a8,03,00,00,00,05,00,3800,00,03,00
661,60ef,ff,fd,01,00,37,208,00,0364,fe80,0108,9a00,02,f4,00,00,00,000100,00,0000,156,03,e4,05,a9,03,00,00,00,05,00,3a00,00,03,00
662,60f1,ff,fd,01,00,37,208,01,0364,fe80,0107,9800,02,f4,00,00,00,000100,00,0000,156,03,e4,05,aa,03,00,00,00,05,00,3c00,00,03,00
663,622d,ff,fd,01,00,37,208,01,0364,fe80,0105,9600,02,f4,00,00,00,000100,00,0000,156,03,e4,05,ab,03,00,00,00,05,00,3e00,00,03,00
664,60f2,ff,fd,01,00,37,208,01,0364,fe80,0104,9400,02,f4,00,00,00,000100,00,0000,156,03,e4,05,ac,03,00,00,00,05,00,4000,00,03,00
665,622e,ff,fd,01,00,37,208,01,0364,fe80,0102,9200,02,f4,00,00,00,000100,00,0000,156,03,e4,05,ad,03,00,00,00,05,00,4200,00,03,00
666,6205,ff,fd,01,00,37,208,01,0364,fe80,0101,9000,02,f4,00,00,00,000100,00,0000,156,03,e4,05,ae,03,00,00,00,05,00,4400,00,03,00
667,60ef,ff,fd,01,00,37,208,01,0364,fe80,02ff,8e00,02,f4,00,00,00,000100,00,0000,156,03,e4,05,af,03,00,00,00,05,00,4600,00,03,00
668,6205,ff,fd,01,00,37,208,01,0364,fe80,02fe,8c00,02,f4,00,00,00,000100,00,0000,156,03,e4,05,b0,03,00,00,00,05,00,4800,00,03,00
669,60ef,ff,fd,01,00,37,208,01,0364,fe80,02fc,8a00,02,f4,00,00,00,000100,00,0000,156,03,e4,05,b1,03,00,00,00,05,00,4a00,00,03,00
670,60f2,ff,fd,01,00,37,208,02,0364,fe80,02fb,8800,02,f4,00,00,00,000100,00,0000,156,03,e4,05,b2,03,00,00,00,05,00,4c00,00,03,00
671,622e,ff,fd,01,00,37,208,02,0364,fe80,02f9,8600,02,f4,00,00,00,000100,00,0000,156,03,e4,05,b3,03,00,00,00,05,00,4e00,00,03,00
672,60f1,ff,fd,01,00,37,208,02,0364,fe80,02f8,8400,02,f4,00,00,00,000100,00,0000,156,03,e4,05,b4,03,00,00,00,05,00,5000,00,03,00
673,622e,ff,fd,01,00,37,208,02,0364,fe80,02f6,8200,02,f4,00,00,00,000100,00,0000,156,03,e4,05,b5,03,00,00,00,05,00,5200,00,03,00
674,622e,ff,fd,01,00,37,208,02,0364,fe80,02f5,8000,02,f4,00,00,00,000100,00,0000,156,03,e4,05,b6,03,00,00,00,05,00,5400,00,03,00
675,622e,ff,ed,01,01,37,208,02,fc80,fe80,02f3,7e00,02,f4,00,00,00,000100,00,0000,156,03,e4,05,b7,03,00,00,00,05,00,5600,00,03,00
676,622d,ff,ed,01,01,37,204,02,fc9c,fe80,02f2,7c00,02,f4,00,00,00,000100,00,0000,156,03,e4,05,b8,03,00,00,00,05,00,5800,00,03,00
677,622e,ff,ed,01,01,37,201,02,fcb8,fe80,02f0,7a00,02,f4,00,00,00,000100,00,0000,156,03,e4,05,b9,03,00,00,00,05,00,5a00,00,03,00
678,60f6,ff,ed,01,01,37,198,02,fcd4,fe80,02ef,7800,02,f4,00,00,00,000100,00,0000,156,03,e4,05,ba,03,00,00,00,05,00,5c00,00,03,00
679,6206,ff,ed,01,01,37,195,02,fcf0,fe80,02ed,7600,02,f4,00,00,00,000100,00,0000,156,03,e4,05,bb,03,00,00,00,05,00,5e00,00,03,00
680,60f1,ff,ed,01,01,37,192,02,fd0c,fe80,02ec,7400,02,f4,00,00,00,000100,00,0000,156,03,e4,05,bc,03,00,00,00,05,00,6000,00,03,00
681,622e,ff,ed,01,01,37,189,02,fd28,fe80,02ea,7200,02,f4,00,00,00,000100,00,0000,156,03,e4,05,bd,03,00,00,00,05,00,6200,00,03,00
682,6204,ff,ed,01,01,37,186,02,fd44,fe80,02e9,7000,02,f4,00,00,00,000100,00,0000,156,03,e4,05,be,03,00,00,00,05,00,6400,00,03,00
683,60ef,ff,ed,01,01,37,183,02,fd60,fe80,02e7,6e00,02,f4,00,00,00,000100,00,0000,156,03,e4,05,bf,03,00,00,00,05,00,6600,00,03,00
684,622d,ff,fd,01,01,37,181,02,fd7c,fe80,02e6,6c00,02,f4,00,00,00,000100,00,0000,156,03,e4,05,c0,03,00,00,00,05,00,6800,00,03,00
685,6205,ff,fd,01,01,37,179,02,fd98,fe80,02e4,6a00,02,f4,00,00,00,000100,00,0000,156,03,e4,05,c1,03,00,00,00,05,00,6a00,00,03,00
686,60f4,ff,fd,01,01,37,176,02,fdb4,fe80,02e3,6800,02,f4,00,00,00,000100,00,0000,156,03,e4,05,c2,03,00,00,00,05,00,6c00,00,03,00
687,6204,ff,fd,01,01,37,174,02,fdd0,fe80,02e1,6600,02,f4,00,00,00,000100,00,0000,156,03,e4,05,c3,03,00,00,00,05,00,6e00,00,03,00
688,60ef,ff,fd,01,01,37,172,02,fdec,fe80,02e0,6400,02,f4,00,00,00,000100,00,0000,156,03,e4,05,c4,03,00,00,00,05,00,7000,00,03,00
689,6208,ff,fd,01,01,37,170,02,fe08,fe80,02de,6200,02,f4,00,00,00,000100,00,0000,156,03,e4,05,c5,03,00,00,00,05,00,7200,00,03,00
690,6205,ff,fd,01,01,37,168,02,fe24,fe80,02dd,6000,02,f4,00,00,00,000100,00,0000,156,03,e4,05,c6,03,00,00,00,05,00,7400,00,03,00
691,6205,ff,fd,01,01,37,166,02,fe40,fe80,02db,5e00,02,f4,00,00,00,000100,00,0000,156,03,e4,05,c7,03,00,00,00,05,00,7600,00,03,00
692,60f3,ff,fd,01,01,37,165,02,fe5c,fe80,02da,5c00,02,f4,00,00,00,000100,00,0000,156,03,e4,05,c8,03,00,00,00,05,00,7800,00,03,00
693,6230,ff,fd,01,01,37,163,02,fe78,fe80,02d8,5a00,02,f4,00,00,00,000100,00,0000,156,03,e4,05,c9,03,00,00,00,05,00,7a00,00,03,00
694,622e,ff,fd,01,01,37,162,02,fe94,fe80,02d7,5800,02,f4,00,00,00,000100,00,0000,156,03,e4,05,ca,03,00,00,00,05,00,7c00,00,03,00
695,6206,ff,fd,01,01,37,160,02,feb0,fe80,02d5,5600,02,f4,00,00,00,000100,00,0000,156,03,e4,05,cb,03,00,00,00,05,00,7e00,00,03,00
696,622d,ff,fd,01,01,37,159,02,fecc,fe80,02d4,5400,02,f4,00,00,00,000100,00,0000,156,03,e4,05,cc,03,00,00,00,05,00,8000,00,03,00
697,622e,ff,fd,01,01,37,158,02,fee8,fe80,02d2,5200,02,f4,00,00,00,000100,00,0000,156,03,e4,05,cd,03,00,00,00,05,00,8200,00,03,00
698,6205,ff,fd,01,01,37,157,02,ff04,fe80,02d1,5000,02,f4,00,00,00,000100,00,0000,156,03,e4,05,ce,03,00,00,00,05,00,8400,00,03,00
699,6203,ff,fd,01,01,37,156,02,ff20,fe80,02cf,4e00,02,f4,00,00,00,000100,00,0000,156,03,e4,05,cf,03,00,00,00,05,00,8600,00,03,00
700,60f4,ff,fd,01,01,37,156,02,ff3c,fe80,02ce,4c00,02,f4,00,00,00,000100,00,0000,156,03,e4,05,d0,03,00,00,00,05,00,8800,00,03,00
701,6230,ff,fd,01,01,37,155,02,ff58,fe80,02cc,4a00,02,f4,00,00,00,000100,00,0000,156,03,e4,05,d1,03,00,00,00,05,00,8a00,00,03,00
702,622d,ff,fd,01,01,37,154,02,ff74,fe80,02cb,4800,02,f4,00,00,00,000100,00,0000,156,03,e4,05,d2,03,00,00,00,05,00,8c00,00,03,00
703,60ee,ff,fd,01,01,37,154,02,ff90,fe80,02c9,4600,02,f4,00,00,00,000100,00,0000,156,03,e4,05,d3,03,00,00,00,05,00,8e00,00,03,00
704,60ef,ff,fd,01,01,37,154,02,ffac,fe80,02c8,4400,02,f4,00,00,00,000100,00,0000,156,03,e4,05,d4,03,00,00,00,05,00,9000,00,03,00
705,6204,ff,fd,01,01,37,153,02,ffc8,fe80,02c6,4200,02,f4,00,00,00,000100,00,0000,156,03,e4,05,d5,03,00,00,00,05,00,9200,00,03,00
706,60f2,ff,fd,01,01,37,153,02,ffe4,fe80,02c5,4000,02,f4,00,00,00,000100,00,0000,156,03,e4,05,d6,03,00,00,00,05,00,9400,00,03,00
707,60f1,ff,fd,01,01,37,153,02,0000,fe80,02c3,3e00,02,f4,00,00,00,000100,00,0000,156,03,e4,05,d7,03,00,00,00,05,00,9600,00,03,00
708,6205,ff,fd,01,01,37,153,02,001c,fe80,02c2,3c00,02,f4,00,00,00,000100,00,0000,156,03,e4,05,d8,03,00,00,00,05,00,9800,00,03,00
709,60f1,ff,fd,01,01,37,154,02,0038,fe80,02c0,3a00,02,f4,00,00,00,000100,00,0000,156,03,e4,05,d9,03,00,00,00,05,00,9a00,00,03,00
710,6205,ff,fd,01,01,37,154,02,0054,fe80,02bf,3800,02,f4,00,00,00,000100,00,0000,156,03,e4,05,da,03,00,00,00,05,00,9c00,00,03,00
711,6231,ff,fd,01,01,37,154,02,0070,fe80,02bd,3600,02,f4,00,00,00,000100,00,0000,156,03,e4,05,db,03,00,00,00,05,00,9e00,00,03,00
712,60f4,ff,fd,01,01,37,155,02,008c,fe80,02bc,3400,02,f4,00,00,00,000100,00,0000,156,03,e4,05,dc,03,00,00,00,05,00,a000,00,03,00
713,6208,ff,fd,01,01,37,156,02,00a8,fe80,02ba,3200,02,f4,00,00,00,000100,00,0000,156,03,e4,05,dd,03,00,00,00,05,00,a200,00,03,00
714,60ef,ff,fd,01,01,37,156,02,00c4,fe80,02b9,3000,02,f4,00,00,00,000100,00,0000,156,03,e4,05,de,03,00,00,00,05,00,a400,00,03,00
715,622e,ff,fd,01,01,37,157,02,00e0,fe80,02b7,2e00,02,f4,00,00,00,000100,00,0000,156,03,e4,05,df,03,00,00,00,05,00,a600,00,03,00
716,622e,ff,fd,01,01,37,158,02,00fc,fe80,02b6,2c00,02,f4,00,00,00,000100,00,0000,156,03,e4,05,e0,03,00,00,00,05,00,a800,00,03,00
717,60ee,ff,fd,01,01,37,159,02,0118,fe80,02b4,2a00,02,f4,00,00,00,000100,00,0000,156,03,e4,05,e1,03,00,00,00,05,00,aa00,00,03,00
718,6204,ff,fd,01,01,37,160,02,0134,fe80,02b3,2800,02,f4,00,00,00,000100,00,0000,156,03,e4,05,e2,03,00,00,00,05,00,ac00,00,03,00
719,60f1,ff,fd,01,01,37,162,02,0150,fe80,02b1,2600,02,f4,00,00,00,000100,00,0000,156,03,e4,05,e3,03,00,00,00,05,00,ae00,00,03,00
720,6231,ff,fd,01,01,37,163,02,016c,fe80,02b0,2400,02,f4,00,00,00,000100,00,0000,156,03,e4,05,e4,03,00,00,00,05,00,b000,00,03,00
721,622e,ff,fd,01,01,37,165,02,0188,fe80,02ae,2200,02,f4,00,00,00,000100,00,0000,156,03,e4,05,e5,03,00,00,00,05,00,b200,00,03,00
722,6205,ff,fd,01,01,37,166,02,01a4,fe80,02ad,2000,02,f4,00,00,00,000100,00,0000,156,03,e4,05,e6,03,00,00,00,05,00,b400,00,03,00
723,60f4,ff,fd,01,01,37,168,02,01c0,fe80,02ab,1e00,02,f4,00,00,00,000100,00,0000,156,03,e4,05,e7,03,00,00,00,05,00,b600,00,03,00
724,60f0,ff,fd,01,01,37,170,02,01dc,fe80,02aa,1c00,02,f4,00,00,00,000100,00,0000,156,03,e4,05,e8,03,00,00,00,05,00,b800,00,03,00
725,622f,ff,fd,01,01,37,172,02,01f8,fe80,02a8,1a00,02,f4,00,00,00,000100,00,0000,156,03,e4,05,e9,03,00,00,00,05,00,ba00,00,03,00
726,6231,ff,fd,01,01,37,174,02,0214,fe80,02a7,1800,02,f4,00,00,00,000100,00,0000,156,03,e4,05,ea,03,00,00,00,05,00,bc00,00,03,00
727,6203,ff,fd,01,01,37,176,02,0230,fe80,02a5,1600,02,f4,00,00,00,000100,00,0000,156,03,e4,05,eb,03,00,00,00,05,00,be00,00,03,00
728,622e,ff,fd,01,01,37,179,02,024c,fe80,02a4,1400,02,f4,00,00,00,000100,00,0000,156,03,e4,05,ec,03,00,00,00,05,00,c000,00,03,00
729,6206,ff,fd,01,01,37,181,02,0268,fe80,02a2,1200,02,f4,00,00,00,000100,00,0000,156,03,e4,05,ed,03,00,00,00,05,00,c200,00,03,00
730,6205,ff,fd,01,01,37,183,02,0284,fe80,02a1,1000,02,f4,00,00,00,000100,00,0000,156,03,e4,05,ee,03,00,00,00,05,00,c400,00,03,00
731,60f4,ff,fd,01,01,37,186,02,02a0,fe80,029f,0e00,02,f4,00,00,00,000100,00,0000,156,03,e4,05,ef,03,00,00,00,05,00,c600,00,03,00
732,60ef,ff,fd,01,01,37,189,02,02bc,fe80,029e,0c00,02,f4,00,00,00,000100,00,0000,156,03,e4,05,f0,03,00,00,00,05,00,c800,00,03,00
733,60ef,ff,fd,01,01,37,192,02,02d8,fe80,029c,0a00,02,f4,00,00,00,000100,00,0000,156,03,e4,05,f1,03,00,00,00,05,00,ca00,00,03,00
734,622e,ff,fd,01,01,37,195,02,02f4,fe80,029b,0800,02,f4,00,00,00,000100,00,0000,156,03,e4,05,f2,03,00,00,00,05,00,cc00,00,03,00
735,60f5,ff,fd,01,01,37,198,02,0310,fe80,0299,0600,02,f4,00,00,00,000100,00,0000,156,03,e4,05,f3,03,00,00,00,05,00,ce00,00,03,00
736,6205,ff,fd,01,01,37,201,02,032c,fe80,0298,0400,02,f4,00,00,00,000100,00,0000,156,03,e4,05,f4,03,00,00,00,05,00,d000,00,03,00
737,6205,ff,fd,01,01,37,204,02,0348,fe80,0296,0200,02,f4,00,00,00,000100,00,0000,156,03,e4,05,f5,03,00,00,00,05,00,d200,00,03,00
738,60f1,ff,fd,01,00,37,208,00,0364,fe80,0295,0000,02,f4,00,00,00,000200,00,0000,156,03,e4,05,f6,03,00,00,00,05,00,d400,00,03,00
739,6205,ff,fd,01,00,37,208,00,0364,fe80,0293,d400,03,d4,00,00,00,000200,01,fd80,156,03,e4,05,f7,03,00,00,00,05,00,d600,00,03,00
740,6207,ff,fd,01,00,37,208,00,0364,fe80,0292,d200,03,d4,00,00,00,000200,01,fb80,156,02,e4,05,f8,03,00,00,00,05,00,d800,00,03,00
741,622e,ff,fd,01,00,37,208,00,0364,fe80,0290,d000,03,d4,00,00,00,000200,01,f980,156,01,e4,05,f9,03,00,00,00,05,00,da00,00,03,00
742,6205,ff,fd,01,00,37,208,00,0364,fe80,028f,ce00,03,d4,00,00,00,000200,01,f780,156,03,e4,04,fa,03,00,00,00,05,00,dc00,00,03,00
743,6203,ff,fe,01,00,37,208,00,0364,0130,0290,ceb0,03,d4,00,00,00,000200,01,f830,156,02,e4,04,fb,03,00,00,00,05,00,db50,00,03,00
744,622e,ff,fe,01,00,37,208,00,0364,0130,0291,cf60,03,d4,00,00,00,000200,01,f8e0,156,01,e4,04,fc,03,00,00,00,05,00,daa0,00,03,00
745,6231,ff,fe,01,00,37,208,00,0364,0130,0292,d010,03,d4,00,00,00,000200,01,f990,156,03,e4,03,fd,03,00,00,00,05,00,d9f0,00,03,00
746,6206,ff,fe,01,00,37,208,00,0364,0130,0293,d0c0,03,d4,00,00,00,000200,01,fa40,156,02,e4,03,fe,03,00,00,00,05,00,d940,00,03,00
747,60ee,ff,fe,01,00,37,208,00,0364,0130,0294,d170,03,d4,00,00,00,000200,01,faf0,156,01,e4,03,ff,03,00,00,00,05,00,d890,00,03,00
748,6205,ff,fe,01,00,37,208,00,0364,0130,0296,d220,03,d4,00,00,00,000200,01,fba0,156,03,e4,05,00,03,00,00,00,05,00,d7e0,00,03,00
749,6231,ff,fe,01,00,37,208,00,0364,0130,0297,d2d0,03,d4,00,00,00,000200,01,fc50,156,02,e4,05,01,03,00,00,00,05,00,d730,00,03,00
750,60f2,ff,fe,01,00,37,208,00,0364,0130,0298,d380,03,d4,00,00,00,000200,01,fd00,156,01,e4,05,02,03,00,00,00,05,00,d680,00,03,00
751,6204,ff,fe,01,00,37,208,00,0364,0130,0299,d430,03,d4,00,00,00,000200,01,fdb0,156,03,e4,05,03,03,00,00,00,05,00,d5d0,00,03,00
752,60f6,ff,fe,01,00,37,208,00,0364,0130,029a,d4e0,03,d4,00,00,00,000200,01,fe60,156,02,e4,05,04,03,00,00,00,05,00,d520,00,03,00
753,622e,ff,fe,01,00,37,208,00,0364,0130,029c,d590,03,d4,00,00,00,000200,01,ff10,156,01,e4,05,05,03,00,00,00,05,00,d470,00,03,00
754,6231,ff,fe,01,00,37,208,00,0364,0130,029d,d640,03,d4,00,00,00,000200,01,ffc0,156,03,e4,04,06,03,00,00,00,05,00,d3c0,00,03,00
755,60f2,ff,fe,01,00,37,208,00,0364,0130,029e,00f0,02,d4,00,00,00,000200,00,0000,156,03,e4,04,07,03,00,00,00,05,00,d310,00,03,00
756,60ef,ff,fe,01,00,37,208,01,0364,0130,029f,01a0,02,d4,00,00,00,000200,00,0000,156,03,e4,04,08,03,00,00,00,05,00,d260,00,03,00
757,60f2,ff,fe,01,00,37,208,01,0364,0130,02a0,0250,02,d4,00,00,00,000200,00,0000,156,03,e4,04,09,03,00,00,00,05,00,d1b0,00,03,00
758,60f2,ff,fe,01,00,37,208,01,0364,0130,02a2,0300,02,d4,00,00,00,000200,00,0000,156,03,e4,04,0a,03,00,00,00,05,00,d100,00,03,00
759,60f5,ff,fe,01,00,37,208,01,0364,0130,02a3,03b0,02,d4,00,00,00,000200,00,0000,156,03,e4,04,0b,03,00,00,00,05,00,d050,00,03,00
760,6205,ff,fe,01,00,37,208,01,0364,0130,02a4,0460,02,d4,00,00,00,000200,00,0000,156,03,e4,04,0c,03,00,00,00,05,00,cfa0,00,03,00
761,6203,ff,fe,01,00,37,208,01,0364,0130,02a5,0510,02,d4,00,00,00,000200,00,0000,156,03,e4,04,0d,03,00,00,00,05,00,cef0,00,03,00
762,622f,ff,fe,01,00,37,208,02,0364,0130,02a6,05c0,02,d4,00,00,00,000200,00,0000,156,03,e4,04,0e,03,00,00,00,05,00,ce40,00,03,00
763,6206,ff,fe,01,00,37,208,02,0364,0130,02a7,0670,02,d4,00,00,00,000200,00,0000,156,03,e4,04,0f,03,00,00,00,05,00,cd90,00,03,00
764,6206,ff,fe,01,00,37,208,02,0364,0130,02a9,0720,02,d4,00,00,00,000200,00,0000,156,03,e4,04,10,03,00,00,00,05,00,cce0,00,03,00
765,6208,ff,fe,01,00,37,208,02,0364,0130,02aa,07d0,02,d4,00,00,00,000200,00,0000,156,03,e4,04,11,03,00,00,00,05,00,cc30,00,03,00
766,60f1,ff,fe,01,00,37,208,02,0364,0130,02ab,0880,02,d4,00,00,00,000200,00,0000,156,03,e4,04,12,03,00,00,00,05,00,cb80,00,03,00
767,60f1,ff,fe,01,00,37,208,02,0364,0130,02ac,0930,02,d4,00,00,00,000200,00,0000,156,03,e4,04,13,03,00,00,00,05,00,cad0,00,03,00
768,6206,ff,fe,01,00,37,208,00,0364,0130,02ad,09e0,02,d4,00,00,00,000200,00,0000,156,03,e4,04,14,03,00,00,00,05,00,ca20,00,03,00
769,6205,ff,fe,01,00,37,208,00,0364,0130,02af,0a90,02,d4,00,00,00,000200,00,0000,156,03,e4,04,15,03,00,00,00,05,00,c970,00,03,00
770,6205,ff,fe,01,00,37,208,00,0364,0130,02b0,0b40,02,d4,00,00,00,000200,00,0000,156,03,e4,04,16,03,00,00,00,05,00,c8c0,00,03,00
771,60f1,ff,fe,01,00,37,208,00,0364,0130,02b1,0bf0,02,d4,00,00,00,000200,00,0000,156,03,e4,04,17,03,00,00,00,05,00,c810,00,03,00
772,60f2,ff,fe,01,00,37,208,00,0364,0130,02b2,0ca0,02,d4,00,00,00,000200,00,0000,156,03,e4,04,18,03,00,00,00,05,00,c760,00,03,00
773,60f4,ff,fe,01,00,37,208,00,0364,0130,02b3,0d50,02,d4,00,00,00,000200,00,0000,156,03,e4,04,19,03,00,00,00,05,00,c6b0,00,03,00
774,622e,ff,fe,01,00,37,208,01,0364,0130,02b5,0e00,02,d4,00,00,00,000200,00,0000,156,03,e4,04,1a,03,00,00,00,05,00,c600,00,03,00
775,60ef,ff,fe,01,00,37,208,01,0364,0130,02b6,0eb0,02,d4,00,00,00,000200,00,0000,156,03,e4,04,1b,03,00,00,00,05,00,c550,00,03,00
776,60f5,ff,fe,01,00,37,208,01,0364,0130,02b7,0f60,02,d4,00,00,00,000200,00,0000,156,03,e4,04,1c,03,00,00,00,05,00,c4a0,00,03,00
777,6230,ff,fe,01,00,37,208,01,0364,0130,02b8,1010,02,d4,00,00,00,000200,00,0000,156,03,e4,04,1d,03,00,00,00,05,00,c3f0,00,03,00
778,60ef,ff,fe,01,00,37,208,01,0364,0130,02b9,10c0,02,d4,00,00,00,000200,00,0000,156,03,e4,04,1e,03,00,00,00,05,00,c340,00,03,00
779,6205,ff,fe,01,00,37,208,01,0364,0130,02ba,1170,02,d4,00,00,00,000200,00,0000,156,03,e4,04,1f,03,00,00,00,05,00,c290,00,03,00
780,6230,ff,fe,01,00,37,208,02,0364,0130,02bc,1220,02,d4,00,00,00,000200,00,0000,156,03,e4,04,20,03,00,00,00,05,00,c1e0,00,03,00
781,60ef,ff,fe,01,00,37,208,02,0364,0130,02bd,12d0,02,d4,00,00,00,000200,00,0000,156,03,e4,04,21,03,00,00,00,05,00,c130,00,03,00
782,60ef,ff,fe,01,00,37,208,02,0364,0130,02be,1380,02,d4,00,00,00,000200,00,0000,156,03,e4,04,22,03,00,00,00,05,00,c080,00,03,00
783,60ef,ff,fe,01,00,37,208,02,0364,0130,02bf,1430,02,d4,00,00,00,000200,00,0000,156,03,e4,04,23,03,00,00,00,05,00,bfd0,00,03,00
784,6206,ff,fe,01,00,37,208,02,0364,0130,02c0,14e0,02,d4,00,00,00,000200,00,0000,156,03,e4,04,24,03,00,00,00,05,00,bf20,00,03,00
785,6207,ff,fe,01,00,37,208,02,0364,0130,02c2,1590,02,d4,00,00,00,000200,00,0000,156,03,e4,04,25,03,00,00,00,05,00,be70,00,03,00
786,60ef,ff,fe,01,00,37,208,00,0364,0130,02c3,1640,02,d4,00,00,00,000200,00,0000,156,03,e4,04,26,03,00,00,00,05,00,bdc0,00,03,00
787,6208,ff,fe,01,00,37,208,00,0364,0130,02c4,16f0,02,d4,00,00,00,000200,00,0000,156,03,e4,04,27,03,00,00,00,05,00,bd10,00,03,00
788,6207,ff,fe,01,00,37,208,00,0364,0130,02c5,17a0,02,d4,00,00,00,000200,00,0000,156,03,e4,04,28,03,00,00,00,05,00,bc60,00,03,00
789,60f1,ff,fe,01,00,37,208,00,0364,0130,02c6,1850,02,d4,00,00,00,000200,00,0000,156,03,e4,04,29,03,00,00,00,05,00,bbb0,00,03,00
790,6231,ff,fe,01,00,37,208,00,0364,0130,02c8,1900,02,d4,00,00,00,000200,00,0000,156,03,e4,04,2a,03,00,00,00,05,00,bb00,00,03,00
791,622e,ff,fe,01,00,37,208,01,0364,0130,02c9,19b0,02,d4,00,00,00,000200,00,0000,156,03,e4,04,2b,03,00,00,00,05,00,ba50,00,03,00
792,6204,ff,fe,01,00,37,208,01,0364,0130,02ca,1a60,02,d4,00,00,00,000200,00,0000,156,03,e4,04,2c,03,00,00,00,05,00,b9a0,00,03,00
793,60f4,ff,fe,01,00,37,208,01,0364,0130,02cb,1b10,02,d4,00,00,00,000200,00,0000,156,03,e4,04,2d,03,00,00,00,05,00,b8f0,00,03,00
794,6205,ff,fe,01,00,37,208,01,0364,0130,02cc,1bc0,02,d4,00,00,00,000200,00,0000,156,03,e4,04,2e,03,00,00,00,05,00,b840,00,03,00
795,6205,ff,fe,01,00,37,208,01,0364,0130,02cd,1c70,02,d4,00,00,00,000200,00,0000,156,03,e4,04,2f,03,00,00,00,05,00,b790,00,03,00
796,622e,ff,fe,01,00,37,208,01,0364,0130,02cf,1d20,02,d4,00,00,00,000200,00,0000,156,03,e4,04,30,03,00,00,00,05,00,b6e0,00,03,00
797,60f2,ff,fe,01,00,37,208,02,0364,0130,02d0,1dd0,02,d4,00,00,00,000200,00,0000,156,03,e4,04,31,03,00,00,00,05,00,b630,00,03,00
798,60f1,ff,fe,01,00,37,208,02,0364,0130,02d1,1e80,02,d4,00,00,00,000200,00,0000,156,03,e4,04,32,03,00,00,00,05,00,b580,00,03,00
799,60f3,ff,fe,01,00,37,208,02,0364,0130,02d2,1f30,02,d4,00,00,00,000200,00,0000,156,03,e4,04,33,03,00,00,00,05,00,b4d0,00,03,00
800,6231,ff,ee,01,01,37,208,02,fc80,0130,02d3,1fe0,02,d4,00,00,00,000200,00,0000,156,03,e4,04,34,03,00,00,00,05,00,b420,00,03,00
801,6231,ff,ee,01,01,37,204,02,fc9c,0130,02d5,2090,02,d4,00,00,00,000200,00,0000,156,03,e4,04,35,03,00,00,00,05,00,b370,00,03,00
802,60f0,ff,ee,01,01,37,201,02,fcb8,0130,02d6,2140,02,d4,00,00,00,000200,00,0000,156,03,e4,04,36,03,00,00,00,05,00,b2c0,00,03,00
803,6230,ff,ee,01,01,37,198,02,fcd4,0130,02d7,21f0,02,d4,00,00,00,000200,00,0000,156,03,e4,04,37,03,00,00,00,05,00,b210,00,03,00
804,6206,ff,ee,01,01,37,195,02,fcf0,0130,02d8,22a0,02,d4,00,00,00,000200,00,0000,156,03,e4,04,38,03,00,00,00,05,00,b160,00,03,00
805,6205,ff,ee,01,01,37,192,02,fd0c,0130,02d9,2350,02,d4,00,00,00,000200,00,0000,156,03,e4,04,39,03,00,00,00,05,00,b0b0,00,03,00
806,60f1,ff,ee,01,01,37,189,02,fd28,0130,02db,2400,02,d4,00,00,00,000200,00,0000,156,03,e4,04,3a,03,00,00,00,05,00,b000,00,03,00
807,60f1,ff,ee,01,01,37,186,02,fd44,0130,02dc,24b0,02,d4,00,00,00,000200,00,0000,156,03,e4,04,3b,03,00,00,00,05,00,af50,00,03,00
808,6208,ff,ee,01,01,37,183,02,fd60,0130,02dd,2560,02,d4,00,00,00,000200,00,0000,156,03,e4,04,3c,03,00,00,00,05,00,aea0,00,03,00
809,60f0,ff,ee,01,01,37,181,02,fd7c,0130,02de,2610,02,d4,00,00,00,000200,00,0000,156,03,e4,04,3d,03,00,00,00,05,00,adf0,00,03,00
810,6205,ff,ee,01,01,37,179,02,fd98,0130,02df,26c0,02,d4,00,00,00,000200,00,0000,156,03,e4,04,3e,03,00,00,00,05,00,ad40,00,03,00
811,60f0,ff,ee,01,01,37,176,02,fdb4,0130,02e0,2770,02,d4,00,00,00,000200,00,0000,156,03,e4,04,3f,03,00,00,00,05,00,ac90,00,03,00
812,6205,ff,ee,01,01,37,174,02,fdd0,0130,02e2,2820,02,d4,00,00,00,000200,00,0000,156,03,e4,04,40,03,00,00,00,05,00,abe0,00,03,00
813,6231,ff,ee,01,01,37,172,02,fdec,0130,02e3,28d0,02,d4,00,00,00,000200,00,0000,156,03,e4,04,41,03,00,00,00,05,00,ab30,00,03,00
814,6205,ff,ee,01,01,37,170,02,fe08,0130,02e4,2980,02,d4,00,00,00,000200,00,0000,156,03,e4,04,42,03,00,00,00,05,00,aa80,00,03,00
815,622e,ff,ee,01,01,37,168,02,fe24,0130,02e5,2a30,02,d4,00,00,00,000200,00,0000,156,03,e4,04,43,03,00,00,00,05,00,a9d0,00,03,00
816,6205,ff,ee,01,01,37,166,02,fe40,0130,02e6,2ae0,02,d4,00,00,00,000200,00,0000,156,03,e4,04,44,03,00,00,00,05,00,a920,00,03,00
817,6205,ff,ee,01,01,37,165,02,fe5c,0130,02e8,2b90,02,d4,00,00,00,000200,00,0000,156,03,e4,04,45,03,00,00,00,05,00,a870,00,03,00
818,622e,ff,ee,01,01,37,163,02,fe78,0130,02e9,2c40,02,d4,00,00,00,000200,00,0000,156,03,e4,04,46,03,00,00,00,05,00,a7c0,00,03,00
819,60f1,ff,ee,01,01,37,162,02,fe94,0130,02ea,2cf0,02,d4,00,00,00,000200,00,0000,156,03,e4,04,47,03,00,00,00,05,00,a710,00,03,00
820,60f1,ff,ee,01,01,37,160,02,feb0,0130,02eb,2da0,02,d4,00,00,00,000200,00,0000,156,03,e4,04,48,03,00,00,00,05,00,a660,00,03,00
821,6206,ff,ee,01,01,37,159,02,fecc,0130,02ec,2e50,02,d4,00,00,00,000200,00,0000,156,03,e4,04,49,03,00,00,00,05,00,a5b0,00,03,00
822,6230,ff,ee,01,01,37,158,02,fee8,0130,02ee,2f00,02,d4,00,00,00,000200,00,0000,156,03,e4,04,4a,03,00,00,00,05,00,a500,00,03,00
823,6203,ff,ee,01,01,37,157,02,ff04,0130,02ef,2fb0,02,d4,00,00,00,000200,00,0000,156,03,e4,04,4b,03,00,00,00,05,00,a450,00,03,00
824,622d,ff,ee,01,01,37,156,02,ff20,0130,02f0,3060,02,d4,00,00,00,000200,00,0000,156,03,e4,04,4c,03,00,00,00,05,00,a3a0,00,03,00
825,60f0,ff,ee,01,01,37,156,02,ff3c,0130,02f1,3110,02,d4,00,00,00,000200,00,0000,156,03,e4,04,4d,03,00,00,00,05,00,a2f0,00,03,00
826,622f,ff,ee,01,01,37,155,02,ff58,0130,02f2,31c0,02,d4,00,00,00,000200,00,0000,156,03,e4,04,4e,03,00,00,00,05,00,a240,00,03,00
827,6206,ff,ee,01,01,37,154,02,ff74,0130,02f3,3270,02,d4,00,00,00,000200,00,0000,156,03,e4,04,4f,03,00,00,00,05,00,a190,00,03,00
828,6231,ff,fe,01,01,37,154,02,ff90,0130,02f5,3320,02,d4,00,00,00,000200,00,0000,156,03,e4,04,50,03,00,00,00,05,00,a0e0,00,03,00
829,6204,ff,fe,01,01,37,154,02,ffac,0130,02f6,33d0,02,d4,00,00,00,000200,00,0000,156,03,e4,04,51,03,00,00,00,05,00,a030,00,03,00
830,622e,ff,fe,01,01,37,153,02,ffc8,0130,02f7,3480,02,d4,00,00,00,000200,00,0000,156,03,e4,04,52,03,00,00,00,05,00,9f80,00,03,00
831,60f1,ff,fe,01,01,37,153,02,ffe4,0130,02f8,3530,02,d4,00,00,00,000200,00,0000,156,03,e4,04,53,03,00,00,00,05,00,9ed0,00,03,00
832,6205,ff,fe,01,01,37,153,02,0000,0130,02f9,35e0,02,d4,00,00,00,000200,00,0000,156,03,e4,04,54,03,00,00,00,05,00,9e20,00,03,00
833,6230,ff,fe,01,01,37,153,02,001c,0130,02fb,3690,02,d4,00,00,00,000200,00,0000,156,03,e4,04,55,03,00,00,00,05,00,9d70,00,03,00
834,60f2,ff,fe,01,01,37,154,02,0038,0130,02fc,3740,02,d4,00,00,00,000200,00,0000,156,03,e4,04,56,03,00,00,00,05,00,9cc0,00,03,00
835,622e,ff,fe,01,01,37,154,02,0054,0130,02fd,37f0,02,d4,00,00,00,000200,00,0000,156,03,e4,04,57,03,00,00,00,05,00,9c10,00,03,00
836,6205,ff,fe,01,01,37,154,02,0070,0130,02fe,38a0,02,d4,00,00,00,000200,00,0000,156,03,e4,04,58,03,00,00,00,05,00,9b60,00,03,00
837,60f1,ff,fe,01,01,37,155,02,008c,0130,02ff,3950,02,d4,00,00,00,000200,00,0000,156,03,e4,04,59,03,00,00,00,05,00,9ab0,00,03,00
838,60f6,ff,fe,01,01,37,156,02,00a8,0130,0101,3a00,02,d4,00,00,00,000200,00,0000,156,03,e4,04,5a,03,00,00,00,05,00,9a00,00,03,00
839,622e,ff,fe,01,01,37,156,02,00c4,0130,0102,3ab0,02,d4,00,00,00,000200,00,0000,156,03,e4,04,5b,03,00,00,00,05,00,9950,00,03,00
840,60ee,ff,fe,01,01,37,157,02,00e0,0130,0103,3b60,02,d4,00,00,00,000200,00,0000,156,03,e4,04,5c,03,00,00,00,05,00,98a0,00,03,00
841,6205,ff,fe,01,01,37,158,02,00fc,0130,0104,3c10,02,d4,00,00,00,000200,00,0000,156,03,e4,04,5d,03,00,00,00,05,00,97f0,00,03,00
842,6230,ff,fe,01,01,37,159,02,0118,0130,0105,3cc0,02,d4,00,00,00,000200,00,0000,156,03,e4,04,5e,03,00,00,00,05,00,9740,00,03,00
843,60f5,ff,fe,01,01,37,160,02,0134,0130,0106,3d70,02,d4,00,00,00,000200,00,0000,156,03,e4,04,5f,03,00,00,00,05,00,9690,00,03,00
844,622e,ff,fe,01,01,37,162,02,0150,0130,0108,3e20,02,d4,00,00,00,000200,00,0000,156,03,e4,04,60,03,00,00,00,05,00,95e0,00,03,00
845,60f1,ff,fe,01,01,37,163,02,016c,0130,0109,3ed0,02,d4,00,00,00,000200,00,0000,156,03,e4,04,61,03,00,00,00,05,00,9530,00,03,00
846,6230,ff,fe,01,01,37,165,02,0188,0130,010a,3f80,02,d4,00,00,00,000200,00,0000,156,03,e4,04,62,03,00,00,00,05,00,9480,00,03,00
847,60ee,ff,fe,01,01,37,166,02,01a4,0130,010b,4030,02,d4,00,00,00,000200,00,0000,156,03,e4,04,63,03,00,00,00,05,00,93d0,00,03,00
848,60f4,ff,fe,01,01,37,168,02,01c0,0130,010c,40e0,02,d4,00,00,00,000200,00,0000,156,03,e4,04,64,03,00,00,00,05,00,9320,00,03,00
849,622e,ff,fe,01,01,37,170,02,01dc,0130,010e,4190,02,d4,00,00,00,000200,00,0000,156,03,e4,04,65,03,00,00,00,05,00,9270,00,03,00
850,60f2,ff,fe,01,01,37,172,02,01f8,0130,010f,4240,02,d4,00,00,00,000200,00,0000,156,03,e4,04,66,03,00,00,00,05,00,91c0,00,03,00
851,6208,ff,fe,01,01,37,174,02,0214,0130,0110,42f0,02,d4,00,00,00,000200,00,0000,156,03,e4,04,67,03,00,00,00,05,00,9110,00,03,00
852,60ef,ff,fe,01,01,37,176,02,0230,0130,0111,43a0,02,d4,00,00,00,000200,00,0000,156,03,e4,04,68,03,00,00,00,05,00,9060,00,03,00
853,6207,ff,fe,01,01,37,179,02,024c,0130,0112,4450,02,d4,00,00,00,000200,00,0000,156,03,e4,04,69,03,00,00,00,05,00,8fb0,00,03,00
854,6208,ff,fe,01,01,37,181,02,0268,0130,0114,4500,02,d4,00,00,00,000200,00,0000,156,03,e4,04,6a,03,00,00,00,05,00,8f00,00,03,00
855,60f1,ff,fe,01,01,37,183,02,0284,0130,0115,45b0,02,d4,00,00,00,000200,00,0000,156,03,e4,04,6b,03,00,00,00,05,00,8e50,00,03,00
856,60ef,ff,fe,01,01,37,186,02,02a0,0130,0116,4660,02,d4,00,00,00,000200,00,0000,156,03,e4,04,6c,03,00,00,00,05,00,8da0,00,03,00
857,60ef,ff,fe,01,01,37,189,02,02bc,0130,0117,4710,02,d4,00,00,00,000200,00,0000,156,03,e4,04,6d,03,00,00,00,05,00,8cf0,00,03,00
858,6205,ff,fe,01,01,37,192,02,02d8,0130,0118,47c0,02,d4,00,00,00,000200,00,0000,156,03,e4,04,6e,03,00,00,00,05,00,8c40,00,03,00
859,60f1,ff,fe,01,01,37,195,02,02f4,0130,0119,4870,02,d4,00,00,00,000200,00,0000,156,03,e4,04,6f,03,00,00,00,05,00,8b90,00,03,00
860,60f1,ff,fe,01,01,37,198,02,0310,0130,011b,4920,02,d4,00,00,00,000200,00,0000,156,03,e4,04,70,03,00,00,00,05,00,8ae0,00,03,00
861,622d,ff,fe,01,01,37,201,02,032c,0130,011c,49d0,02,d4,00,00,00,000200,00,0000,156,03,e4,04,71,03,00,00,00,05,00,8a30,00,03,00
862,6231,ff,fe,01,01,37,204,02,0348,0130,011d,4a80,02,d4,00,00,00,000200,00,0000,156,03,e4,04,72,03,00,00,00,05,00,8980,00,03,00
863,60f1,ff,fe,01,00,37,208,00,0364,0130,011e,4b30,02,d4,00,00,00,000200,00,0000,156,03,e4,04,73,03,01,00,00,05,00,88d0,00,03,00
864,6205,ff,fe,01,00,37,208,00,0364,0130,011f,4be0,02,d4,00,00,00,000200,00,0000,156,03,e4,04,74,03,01,00,00,05,00,8820,00,03,00
865,60f0,ff,fe,01,00,37,208,00,0364,0130,0121,4c90,02,d4,00,00,00,000200,00,0000,156,03,e4,04,75,03,01,00,00,05,00,8770,00,03,00
866,622e,ff,fe,01,00,37,208,00,0364,0130,0122,4d40,02,d4,00,00,00,000200,00,0000,156,03,e4,04,76,03,01,00,00,05,00,86c0,00,03,00
867,6208,ff,fe,01,00,37,208,00,0364,0130,0123,4df0,02,d4,00,00,00,000200,00,0000,156,03,e4,04,77,03,01,00,00,05,00,8610,00,03,00
868,60ef,ff,fe,01,00,37,208,00,0364,0130,0124,4ea0,02,d4,00,00,00,000200,00,0000,156,03,e4,04,78,03,01,00,00,05,00,8560,00,03,00
869,6205,ff,fe,01,00,37,208,00,0364,0130,0125,4f50,02,d4,00,00,00,000200,00,0000,156,03,e4,04,79,03,01,00,00,05,00,84b0,00,03,00
870,60f2,ff,fe,01,00,37,208,01,0364,0130,0127,5000,02,d4,00,00,00,000200,00,0000,156,03,e4,04,7a,03,01,00,00,05,00,8400,00,03,00
871,6205,ff,fe,01,00,37,208,01,0364,0130,0128,50b0,02,d4,00,00,00,000200,00,0000,156,03,e4,04,7b,03,01,00,00,05,00,8350,00,03,00
872,622e,ff,fe,01,00,37,208,01,0364,0130,0129,5160,02,d4,00,00,00,000200,00,0000,156,03,e4,04,7c,03,01,00,00,05,00,82a0,00,03,00
873,60f2,ff,fe,01,00,37,208,01,0364,0130,012a,5210,02,d4,00,00,00,000200,00,0000,156,03,e4,04,7d,03,01,00,00,05,00,81f0,00,03,00
874,622d,ff,fe,01,00,37,208,01,0364,0130,012b,52c0,02,d4,00,00,00,000200,00,0000,156,03,e4,04,7e,03,01,00,00,05,00,8140,00,03,00
875,60f0,ff,fe,01,00,37,208,01,0364,0130,012c,5370,02,d4,00,00,00,000200,00,0000,156,03,e4,04,7f,03,01,00,00,05,00,8090,00,03,00
876,60f1,ff,fe,01,00,37,208,02,0364,0130,012e,5420,02,d4,00,00,00,000200,00,0000,156,03,e4,04,80,03,01,00,00,05,00,7fe0,00,03,00
877,60f2,ff,fe,01,00,37,208,02,0364,0130,012f,54d0,02,d4,00,00,00,000200,00,0000,156,03,e4,04,81,03,01,00,00,05,00,7f30,00,03,00
878,6205,ff,fe,01,00,37,208,02,0364,0130,0130,5580,02,d4,00,00,00,000200,00,0000,156,03,e4,04,82,03,01,00,00,05,00,7e80,00,03,00
879,60ee,ff,fe,01,00,37,208,02,0364,0130,0131,5630,02,d4,00,00,00,000200,00,0000,156,03,e4,04,83,03,01,00,00,05,00,7dd0,00,03,00
880,60f6,ff,fe,01,00,37,208,02,0364,0130,0132,56e0,02,d4,00,00,00,000200,00,0000,156,03,e4,04,84,03,01,00,00,05,00,7d20,00,03,00
881,622e,ff,fe,01,00,37,208,02,0364,0130,0134,5790,02,d4,00,00,00,000200,00,0000,156,03,e4,04,85,03,01,00,00,05,00,7c70,00,03,00
882,6205,ff,fe,01,00,37,208,00,0364,0130,0135,5840,02,d4,00,00,00,000200,00,0000,156,03,e4,04,86,03,01,00,00,05,00,7bc0,00,03,00
883,60ef,ff,fe,01,00,37,208,00,0364,0130,0136,58f0,02,d4,00,00,00,000200,00,0000,156,03,e4,04,87,03,01,00,00,05,00,7b10,00,03,00
884,60f6,ff,fe,01,00,37,208,00,0364,0130,0137,59a0,02,d4,00,00,00,000200,00,0000,156,03,e4,04,88,03,01,00,00,05,00,7a60,00,03,00
885,622e,ff,fe,01,00,37,208,00,0364,0130,0138,5a50,02,d4,00,00,00,000200,00,0000,156,03,e4,04,89,03,01,00,00,05,00,79b0,00,03,00
886,6206,ff,fe,01,00,37,208,00,0364,0130,013a,5b00,02,d4,00,00,00,000200,00,0000,156,03,e4,04,8a,03,01,00,00,05,00,7900,00,03,00
887,6230,ff,fe,01,00,37,208,01,0364,0130,013b,5bb0,02,d4,00,00,00,000200,00,0000,156,03,e4,04,8b,03,01,00,00,05,00,7850,00,03,00
888,622f,ff,fe,01,00,37,208,01,0364,0130,013c,5c60,02,d4,00,00,00,000200,00,0000,156,03,e4,04,8c,03,01,00,00,05,00,77a0,00,03,00
889,60f1,ff,fe,01,00,37,208,01,0364,0130,013d,5d10,02,d4,00,00,00,000200,00,0000,156,03,e4,04,8d,03,01,00,00,05,00,76f0,00,03,00
890,6204,ff,fe,01,00,37,208,01,0364,0130,013e,5dc0,02,d4,00,00,00,000200,00,0000,156,03,e4,04,8e,03,01,00,00,05,00,7640,00,03,00
891,622f,ff,fe,01,00,37,208,01,0364,0130,013f,5e70,02,d4,00,00,00,000200,00,0000,156,03,e4,04,8f,03,01,00,00,05,00,7590,00,03,00
892,60f3,ff,fe,01,00,37,208,01,0364,0130,0141,5f20,02,d4,00,00,00,000200,00,0000,156,03,e4,04,90,03,01,00,00,05,00,74e0,00,03,00
893,60ee,ff,fe,01,00,37,208,02,0364,0130,0142,5fd0,02,d4,00,00,00,000200,00,0000,156,03,e4,04,91,03,01,00,00,05,00,7430,00,03,00
894,60f4,ff,fe,01,00,37,208,02,0364,0130,0143,6080,02,d4,00,00,00,000200,00,0000,156,03,e4,04,92,03,01,00,00,05,00,7380,00,03,00
895,622f,ff,fe,01,00,37,208,02,0364,0130,0144,6130,02,d4,00,00,00,000200,00,0000,156,03,e4,04,93,03,01,00,00,05,00,72d0,00,03,00
896,6205,ff,fe,01,00,37,208,02,0364,0130,0145,61e0,02,d4,00,00,00,000200,00,0000,156,03,e4,04,94,03,01,00,00,05,00,7220,00,03,00
897,6231,ff,fe,01,00,37,208,02,0364,0130,0147,6290,02,d4,00,00,00,000200,00,0000,156,03,e4,04,95,03,01,00,00,05,00,7170,00,03,00
898,60f6,ff,fe,01,00,37,208,02,0364,0130,0148,6340,02,d4,00,00,00,000200,00,0000,156,03,e4,04,96,03,01,00,00,05,00,70c0,00,03,00
899,60f1,ff,fe,01,00,37,208,00,0364,0130,0149,63f0,02,d4,00,00,00,000200,00,0000,156,03,e4,04,97,03,01,00,00,05,00,7010,00,03,00
900,6205,ff,fe,01,00,37,208,00,0364,0130,014a,64a0,02,d4,00,00,00,000200,00,0000,156,03,e4,04,98,03,01,00,00,05,00,6f60,00,03,00
901,60ef,ff,fe,01,00,37,208,00,0364,0130,014b,6550,02,d4,00,00,00,000200,00,0000,156,03,e4,04,99,03,01,00,00,05,00,6eb0,00,03,00
902,60f6,ff,fe,01,00,37,208,00,0364,0130,014d,6600,02,d4,00,00,00,000200,00,0000,156,03,e4,04,9a,03,01,00,00,05,00,6e00,00,03,00
903,622e,ff,fe,01,00,37,208,00,0364,0130,014e,66b0,02,d4,00,00,00,000200,00,0000,156,03,e4,04,9b,03,01,00,00,05,00,6d50,00,03,00
904,60f1,ff,fe,01,00,37,208,00,0364,0130,014f,6760,02,d4,00,00,00,000200,00,0000,156,03,e4,04,9c,03,01,00,00,05,00,6ca0,00,03,00
905,622e,ff,fe,01,00,37,208,01,0364,0130,0150,6810,02,d4,00,00,00,000200,00,0000,156,03,e4,04,9d,03,01,00,00,05,00,6bf0,00,03,00
906,60f6,ff,fe,01,00,37,208,01,0364,0130,0151,68c0,02,d4,00,00,00,000200,00,0000,156,03,e4,04,9e,03,01,00,00,05,00,6b40,00,03,00
907,6204,ff,fe,01,00,37,208,01,0364,0130,0152,6970,02,d4,00,00,00,000200,00,0000,156,03,e4,04,9f,03,01,00,00,05,00,6a90,00,03,00
908,622e,ff,fe,01,00,37,208,01,0364,0130,0154,6a20,02,d4,00,00,00,000200,00,0000,156,03,e4,04,a0,03,01,00,00,05,00,69e0,00,03,00
909,60f1,ff,fe,01,00,37,208,01,0364,0130,0155,6ad0,02,d4,00,00,00,000200,00,0000,156,03,e4,04,a1,03,01,00,00,05,00,6930,00,03,00
910,6208,ff,fe,01,00,37,208,01,0364,0130,0156,6b80,02,d4,00,00,00,000200,00,0000,156,03,e4,04,a2,03,01,00,00,05,00,6880,00,03,00
911,6205,ff,fe,01,00,37,208,02,0364,0130,0157,6c30,02,d4,00,00,00,000200,00,0000,156,03,e4,04,a3,03,01,00,00,05,00,67d0,00,03,00
912,622e,ff,fe,01,00,37,208,02,0364,0130,0158,6ce0,02,d4,00,00,00,000200,00,0000,156,03,e4,04,a4,03,01,00,00,05,00,6720,00,03,00
913,60f6,ff,fe,01,00,37,208,02,0364,0130,015a,6d90,02,d4,00,00,00,000200,00,0000,156,03,e4,04,a5,03,01,00,00,05,00,6670,00,03,00
914,6208,ff,fe,01,00,37,208,02,0364,0130,015b,6e40,02,d4,00,00,00,000200,00,0000,156,03,e4,04,a6,03,01,00,00,05,00,65c0,00,03,00
915,60f0,ff,fe,01,00,37,208,02,0364,0130,015c,6ef0,02,d4,00,00,00,000200,00,0000,156,03,e4,04,a7,03,01,00,00,05,00,6510,00,03,00
916,622e,ff,fe,01,00,37,208,02,0364,0130,015d,6fa0,02,d4,00,00,00,000200,00,0000,156,03,e4,04,a8,03,01,00,00,05,00,6460,00,03,00
917,60f0,ff,fe,01,00,37,208,00,0364,0130,015e,7050,02,d4,00,00,00,000200,00,0000,156,03,e4,04,a9,03,01,00,00,05,00,63b0,00,03,00
918,6204,ff,fe,01,00,37,208,00,0364,0130,0160,7100,02,d4,00,00,00,000200,00,0000,156,03,e4,04,aa,03,01,00,00,05,00,6300,00,03,00
919,60ef,ff,fe,01,00,37,208,00,0364,0130,0161,71b0,02,d4,00,00,00,000200,00,0000,156,03,e4,04,ab,03,01,00,00,05,00,6250,00,03,00
920,60f4,ff,fe,01,00,37,208,00,0364,0130,0162,7260,02,d4,00,00,00,000200,00,0000,156,03,e4,04,ac,03,01,00,00,05,00,61a0,00,03,00
921,622e,ff,fe,01,00,37,208,00,0364,0130,0163,7310,02,d4,00,00,00,000200,00,0000,156,03,e4,04,ad,03,01,00,00,05,00,60f0,00,03,00
922,6231,ff,fe,01,00,37,208,00,0364,0130,0164,73c0,02,d4,00,00,00,000200,00,0000,156,03,e4,04,ae,03,01,00,00,05,00,6040,00,03,00
923,622e,ff,fe,01,00,37,208,01,0364,0130,0165,7470,02,d4,00,00,00,000200,00,0000,156,03,e4,04,af,03,01,00,00,05,00,5f90,00,03,00
924,60ef,ff,fe,01,00,37,208,01,0364,0130,0167,7520,02,d4,00,00,00,000200,00,0000,156,03,e4,04,b0,03,01,00,00,05,00,5ee0,00,03,00
925,6207,ff,fe,01,00,37,208,01,0364,0130,0168,75d0,02,d4,00,00,00,000200,00,0000,156,03,e4,04,b1,03,01,00,00,05,00,5e30,00,03,00
926,622f,ff,fe,01,00,37,208,01,0364,0130,0169,7680,02,d4,00,00,00,000200,00,0000,156,03,e4,04,b2,03,01,00,00,05,00,5d80,00,03,00
927,622e,ff,fe,01,00,37,208,01,0364,0130,016a,7730,02,d4,00,00,00,000200,00,0000,156,03,e4,04,b3,03,01,00,00,05,00,5cd0,00,03,00
928,60f1,ff,fe,01,00,37,208,01,0364,0130,016b,77e0,02,d4,00,00,00,000200,00,0000,156,03,e4,04,b4,03,01,00,00,05,00,5c20,00,03,00
929,60ef,ff,fe,01,00,37,208,02,0364,0130,016d,7890,02,d4,00,00,00,000200,00,0000,156,03,e4,04,b5,03,01,00,00,05,00,5b70,00,03,00
930,60f6,ff,fe,01,00,37,208,02,0364,0130,016e,7940,02,d4,00,00,00,000200,00,0000,156,03,e4,04,b6,03,01,00,00,05,00,5ac0,00,03,00
931,6231,ff,fe,01,00,37,208,02,0364,0130,016f,79f0,02,d4,00,00,00,000200,00,0000,156,03,e4,04,b7,03,01,00,00,05,00,5a10,00,03,00
932,60f2,ff,fe,01,00,37,208,02,0364,0130,0170,7aa0,02,d4,00,00,00,000200,00,0000,156,03,e4,04,b8,03,01,00,00,05,00,5960,00,03,00
933,6208,ff,fe,01,00,37,208,02,0364,0130,0171,7b50,02,d4,00,00,00,000200,00,0000,156,03,e4,04,b9,03,01,00,00,05,00,58b0,00,03,00
934,60f1,ff,fe,01,00,37,208,02,0364,0130,0173,7c00,02,d4,00,00,00,000200,00,0000,156,03,e4,04,ba,03,01,00,00,05,00,5800,00,03,00
935,6230,ff,fe,01,00,37,208,00,0364,0130,0174,7cb0,02,d4,00,00,00,000200,00,0000,156,03,e4,04,bb,03,01,00,00,05,00,5750,00,03,00
936,6205,ff,fe,01,00,37,208,00,0364,0130,0175,7d60,02,d4,00,00,00,000200,00,0000,156,03,e4,04,bc,03,01,00,00,05,00,56a0,00,03,00
937,6206,ff,fe,01,00,37,208,00,0364,0130,0176,7e10,02,d4,00,00,00,000200,00,0000,156,03,e4,04,bd,03,01,00,00,05,00,55f0,00,03,00
938,622d,ff,fe,01,00,37,208,00,0364,0130,0177,7ec0,02,d4,00,00,00,000200,00,0000,156,03,e4,04,be,03,01,00,00,05,00,5540,00,03,00
939,622e,ff,fe,01,00,37,208,00,0364,0130,0178,7f70,02,d4,00,00,00,000200,00,0000,156,03,e4,04,bf,03,01,00,00,05,00,5490,00,03,00
940,60f2,ff,fe,01,00,37,208,00,0364,0130,017a,8020,02,d4,00,00,00,000200,00,0000,156,03,e4,04,c0,03,01,00,00,05,00,53e0,00,03,00
941,60ef,ff,fe,01,00,37,208,01,0364,0130,017b,80d0,02,d4,00,00,00,000200,00,0000,156,03,e4,04,c1,03,01,00,00,05,00,5330,00,03,00
942,6205,ff,ff,01,00,37,208,00,0364,0000,017b,8050,02,d4,00,00,00,000200,00,0000,156,03,e4,04,c2,03,01,00,00,05,00,53b0,00,03,00
943,60f1,ff,ff,01,00,37,208,00,0364,0000,017b,7fd0,02,d4,00,00,00,000200,00,0000,156,03,e4,04,c3,03,01,00,00,05,00,5430,00,03,00
944,6206,ff,ff,01,00,37,208,00,0364,0000,017b,7f50,02,d4,00,00,00,000200,00,0000,156,03,e4,04,c4,03,01,00,00,05,00,54b0,00,03,00
945,60f1,ff,ff,01,00,37,208,00,0364,0000,017b,7ed0,02,d4,00,00,00,000200,00,0000,156,03,e4,04,c5,03,01,00,00,05,00,5530,00,03,00
946,60f3,ff,fd,01,00,37,208,00,0364,fe80,0179,7cd0,02,d4,00,00,00,000200,00,0000,156,03,e4,04,c6,03,01,00,00,05,00,5730,00,03,00
947,6205,ff,fd,01,00,37,208,00,0364,fe80,0178,7ad0,02,d4,00,00,00,000200,00,0000,156,03,e4,04,c7,03,01,00,00,05,00,5930,00,03,00
948,60f2,ff,fd,01,00,37,208,00,0364,fe80,0176,78d0,02,d4,00,00,00,000200,00,0000,156,03,e4,04,c8,03,01,00,00,05,00,5b30,00,03,00
949,60f1,ff,fd,01,00,37,208,00,0364,fe80,0175,76d0,02,d4,00,00,00,000200,00,0000,156,03,e4,04,c9,03,01,00,00,05,00,5d30,00,03,00
950,622f,ff,fd,01,00,37,208,00,0364,fe80,0173,74d0,02,d4,00,00,00,000200,00,0000,156,03,e4,04,ca,03,01,00,00,05,00,5f30,00,03,00
951,6208,ff,fd,01,00,37,208,00,0364,fe80,0172,72d0,02,d4,00,00,00,000200,00,0000,156,03,e4,04,cb,03,01,00,00,05,00,6130,00,03,00
952,6204,ff,fd,01,00,37,208,00,0364,fe80,0170,70d0,02,d4,00,00,00,000200,00,0000,156,03,e4,04,cc,03,01,00,00,05,00,6330,00,03,00
953,622e,ff,ed,01,01,37,208,00,fc80,fe80,016f,6ed0,02,d4,00,00,00,000200,00,0000,156,03,e4,04,cd,03,01,00,00,05,00,6530,00,03,00
954,6205,ff,ed,01,01,37,204,00,fc9c,fe80,016d,6cd0,02,d4,00,00,00,000200,00,0000,156,03,e4,04,ce,03,01,00,00,05,00,6730,00,03,00
955,6205,ff,ed,01,01,37,201,00,fcb8,fe80,016c,6ad0,02,d4,00,00,00,000200,00,0000,156,03,e4,04,cf,03,01,00,00,05,00,6930,00,03,00
956,60f3,ff,ed,01,01,37,198,00,fcd4,fe80,016a,68d0,02,d4,00,00,00,000200,00,0000,156,03,e4,04,d0,03,01,00,00,05,00,6b30,00,03,00
957,6208,ff,ed,01,01,37,195,00,fcf0,fe80,0169,66d0,02,d4,00,00,00,000200,00,0000,156,03,e4,04,d1,03,01,00,00,05,00,6d30,00,03,00
958,6207,ff,ed,01,01,37,192,00,fd0c,fe80,0167,64d0,02,d4,00,00,00,000200,00,0000,156,03,e4,04,d2,03,01,00,00,05,00,6f30,00,03,00
959,60f6,ff,ed,01,01,37,189,00,fd28,fe80,0166,62d0,02,d4,00,00,00,000200,00,0000,156,03,e4,04,d3,03,01,00,00,05,00,7130,00,03,00
960,60f1,ff,ed,01,01,37,186,00,fd44,fe80,0164,60d0,02,d4,00,00,00,000200,00,0000,156,03,e4,04,d4,03,01,00,00,05,00,7330,00,03,00
961,60f1,ff,ed,01,01,37,183,00,fd60,fe80,0163,5ed0,02,d4,00,00,00,000200,00,0000,156,03,e4,04,d5,03,01,00,00,05,00,7530,00,03,00
962,60ef,ff,fd,01,01,37,181,00,fd7c,fe80,0161,5cd0,02,d4,00,00,00,000200,00,0000,156,03,e4,04,d6,03,01,00,00,05,00,7730,00,03,00
963,6230,ff,fd,01,01,37,179,00,fd98,fe80,0160,5ad0,02,d4,00,00,00,000200,00,0000,156,03,e4,04,d7,03,01,00,00,05,00,7930,00,03,00
964,622e,ff,fd,01,01,37,176,00,fdb4,fe80,015e,58d0,02,d4,00,00,00,000200,00,0000,156,03,e4,04,d8,03,01,00,00,05,00,7b30,00,03,00
965,6208,ff,fd,01,01,37,174,00,fdd0,fe80,015d,56d0,02,d4,00,00,00,000200,00,0000,156,03,e4,04,d9,03,01,00,00,05,00,7d30,00,03,00
966,622e,ff,fd,01,01,37,172,00,fdec,fe80,015b,54d0,02,d4,00,00,00,000200,00,0000,156,03,e4,04,da,03,01,00,00,05,00,7f30,00,03,00
967,60f4,ff,fd,01,01,37,170,00,fe08,fe80,015a,52d0,02,d4,00,00,00,000200,00,0000,156,03,e4,04,db,03,01,00,00,05,00,8130,00,03,00
968,60f0,ff,fd,01,01,37,168,00,fe24,fe80,0158,50d0,02,d4,00,00,00,000200,00,0000,156,03,e4,04,dc,03,01,00,00,05,00,8330,00,03,00
969,60ef,ff,fd,01,01,37,166,00,fe40,fe80,0157,4ed0,02,d4,00,00,00,000200,00,0000,156,03,e4,04,dd,03,01,00,00,05,00,8530,00,03,00
970,6231,ff,fd,01,01,37,165,00,fe5c,fe80,0155,4cd0,02,d4,00,00,00,000200,00,0000,156,03,e4,04,de,03,01,00,00,05,00,8730,00,03,00
971,622e,ff,fd,01,01,37,163,00,fe78,fe80,0154,4ad0,02,d4,00,00,00,000200,00,0000,156,03,e4,04,df,03,01,00,00,05,00,8930,00,03,00
972,6207,ff,fd,01,01,37,162,00,fe94,fe80,0152,48d0,02,d4,00,00,00,000200,00,0000,156,03,e4,04,e0,03,01,00,00,05,00,8b30,00,03,00
973,60f6,ff,fd,01,01,37,160,00,feb0,fe80,0151,46d0,02,d4,00,00,00,000200,00,0000,156,03,e4,04,e1,03,01,00,00,05,00,8d30,00,03,00
974,60f1,ff,fd,01,01,37,159,00,fecc,fe80,014f,44d0,02,d4,00,00,00,000200,00,0000,156,03,e4,04,e2,03,01,00,00,05,00,8f30,00,03,00
975,60ef,ff,fd,01,01,37,158,00,fee8,fe80,014e,42d0,02,d4,00,00,00,000200,00,0000,156,03,e4,04,e3,03,01,00,00,05,00,9130,00,03,00
976,60f1,ff,fd,01,01,37,157,00,ff04,fe80,014c,40d0,02,d4,00,00,00,000200,00,0000,156,03,e4,04,e4,03,01,00,00,05,00,9330,00,03,00
977,6205,ff,fd,01,01,37,156,00,ff20,fe80,014b,3ed0,02,d4,00,00,00,000200,00,0000,156,03,e4,04,e5,03,01,00,00,05,00,9530,00,03,00
978,60f1,ff,fd,01,01,37,156,00,ff3c,fe80,0149,3cd0,02,d4,00,00,00,000200,00,0000,156,03,e4,04,e6,03,01,00,00,05,00,9730,00,03,00
979,60f1,ff,fd,01,01,37,155,00,ff58,fe80,0148,3ad0,02,d4,00,00,00,000200,00,0000,156,03,e4,04,e7,03,01,00,00,05,00,9930,00,03,00
980,622f,ff,fd,01,01,37,154,00,ff74,fe80,0146,38d0,02,d4,00,00,00,000200,00,0000,156,03,e4,04,e8,03,01,00,00,05,00,9b30,00,03,00
981,6208,ff,fd,01,01,37,154,00,ff90,fe80,0145,36d0,02,d4,00,00,00,000200,00,0000,156,03,e4,04,e9,03,01,00,00,05,00,9d30,00,03,00
982,6205,ff,fd,01,01,37,154,00,ffac,fe80,0143,34d0,02,d4,00,00,00,000200,00,0000,156,03,e4,04,ea,03,01,00,00,05,00,9f30,00,03,00
983,60f3,ff,fd,01,01,37,153,00,ffc8,fe80,0142,32d0,02,d4,00,00,00,000200,00,0000,156,03,e4,04,eb,03,01,00,00,05,00,a130,00,03,00
984,60ee,ff,fd,01,01,37,153,00,ffe4,fe80,0140,30d0,02,d4,00,00,00,000200,00,0000,156,03,e4,04,ec,03,01,00,00,05,00,a330,00,03,00
985,622f,ff,fd,01,01,37,153,00,0000,fe80,013f,2ed0,02,d4,00,00,00,000200,00,0000,156,03,e4,04,ed,03,01,00,00,05,00,a530,00,03,00
986,622e,ff,fd,01,01,37,153,00,001c,fe80,013d,2cd0,02,d4,00,00,00,000200,00,0000,156,03,e4,04,ee,03,01,00,00,05,00,a730,00,03,00
987,622e,ff,fd,01,01,37,154,00,0038,fe80,013c,2ad0,02,d4,00,00,00,000200,00,0000,156,03,e4,04,ef,03,01,00,00,05,00,a930,00,03,00
988,6206,ff,fd,01,01,37,154,00,0054,fe80,013a,28d0,02,d4,00,00,00,000200,00,0000,156,03,e4,04,f0,03,01,00,00,05,00,ab30,00,03,00
989,60f6,ff,fd,01,01,37,154,00,0070,fe80,0139,26d0,02,d4,00,00,00,000200,00,0000,156,03,e4,04,f1,03,01,00,00,05,00,ad30,00,03,00
990,622f,ff,fd,01,01,37,155,00,008c,fe80,0137,24d0,02,d4,00,00,00,000200,00,0000,156,03,e4,04,f2,03,01,00,00,05,00,af30,00,03,00
991,622e,ff,fd,01,01,37,156,00,00a8,fe80,0136,22d0,02,d4,00,00,00,000200,00,0000,156,03,e4,04,f3,03,01,00,00,05,00,b130,00,03,00
992,60f1,ff,fd,01,01,37,156,00,00c4,fe80,0134,20d0,02,d4,00,00,00,000200,00,0000,156,03,e4,04,f4,03,01,00,00,05,00,b330,00,03,00
993,60ef,ff,fd,01,01,37,157,00,00e0,fe80,0133,1ed0,02,d4,00,00,00,000200,00,0000,156,03,e4,04,f5,03,01,00,00,05,00,b530,00,03,00
994,6231,ff,fd,01,01,37,158,00,00fc,fe80,0131,1cd0,02,d4,00,00,00,000200,00,0000,156,03,e4,04,f6,03,01,00,00,05,00,b730,00,03,00
995,622e,ff,fd,01,01,37,159,00,0118,fe80,0130,1ad0,02,d4,00,00,00,000200,00,0000,156,03,e4,04,f7,03,01,00,00,05,00,b930,00,03,00
996,622e,ff,fd,01,01,37,160,00,0134,fe80,012e,18d0,02,d4,00,00,00,000200,00,0000,156,03,e4,04,f8,03,01,00,00,05,00,bb30,00,03,00
997,622e,ff,fd,01,01,37,162,00,0150,fe80,012d,16d0,02,d4,00,00,00,000200,00,0000,156,03,e4,04,f9,03,01,00,00,05,00,bd30,00,03,00
998,6205,ff,fd,01,01,37,163,00,016c,fe80,012b,14d0,02,d4,00,00,00,000200,00,0000,156,03,e4,04,fa,03,01,00,00,05,00,bf30,00,03,00
999,60f6,ff,fd,01,01,37,165,00,0188,fe80,012a,12d0,02,d4,00,00,00,000200,00,0000,156,03,e4,04,fb,03,01,00,00,05,00,c130,00,03,00
1000,60f1,ff,fd,01,01,37,166,00,01a4,fe80,0128,10d0,02,d4,00,00,00,000200,00,0000,156,03,e4,04,fc,03,01,00,00,05,00,c330,00,03,00
1001,60ef,ff,fd,01,01,37,168,00,01c0,fe80,0127,0ed0,02,d4,00,00,00,000200,00,0000,156,03,e4,04,fd,03,01,00,00,05,00,c530,00,03,00
1002,622e,ff,fd,01,01,37,170,00,01dc,fe80,0125,0cd0,02,d4,00,00,00,000200,00,0000,156,03,e4,04,fe,03,01,00,00,05,00,c730,00,03,00
1003,622e,ff,fd,01,01,37,172,00,01f8,fe80,0124,0ad0,02,d4,00,00,00,000200,00,0000,156,03,e4,04,ff,03,01,00,00,05,00,c930,00,03,00
1004,6205,ff,fd,01,01,37,174,00,0214,fe80,0122,08d0,02,d4,00,00,00,000200,00,0000,156,03,e4,04,00,03,01,00,00,05,00,cb30,00,03,00
1005,60f5,ff,fd,01,01,37,176,00,0230,fe80,0121,06d0,02,d4,00,00,00,000200,00,0000,156,03,e4,04,01,03,01,00,00,05,00,cd30,00,03,00
1006,6205,ff,fd,01,01,37,179,00,024c,fe80,011f,04d0,02,d4,00,00,00,000200,00,0000,156,03,e4,04,02,03,01,00,00,05,00,cf30,00,03,00
1007,6206,ff,fd,01,01,37,181,00,0268,fe80,011e,02d0,02,d4,00,00,00,000200,00,0000,156,03,e4,04,03,03,01,00,00,05,00,d130,00,03,00
1008,60f5,ff,fd,01,01,37,183,00,0284,fe80,011c,00d0,02,d4,00,00,00,000200,00,0000,156,03,e4,04,04,03,01,00,00,05,00,d330,00,03,00
1009,60f1,ff,fd,01,01,37,186,00,02a0,fe80,011b,d400,03,d4,00,00,26,000200,01,fd80,144,01,41,80,05,03,02,00,00,05,00,d530,00,03,00
1010,6204,ff,fd,01,01,37,189,00,02bc,fe80,0119,d200,03,d4,00,00,26,000200,01,fb80,144,01,41,80,06,03,02,00,00,05,00,d730,00,03,00
1011,622e,ff,fd,01,01,37,192,00,02d8,fe80,0118,d000,03,d4,00,00,26,000200,01,f980,144,01,41,80,07,03,02,00,00,05,00,d930,00,03,00
1012,60f1,ff,fd,01,01,37,195,00,02f4,fe80,0116,ce00,03,d4,00,00,26,000200,01,f780,144,01,41,80,08,03,02,00,00,05,00,db30,00,03,00
1013,6204,ff,fd,01,01,37,198,00,0310,fe80,0115,cc00,03,d4,00,00,26,000200,01,f580,144,01,41,80,09,03,02,00,00,05,00,dd30,00,03,00
1014,6207,ff,fd,01,01,37,201,00,032c,fe80,0113,ca00,03,d4,00,00,26,000200,01,f380,144,01,41,80,0a,03,02,00,00,05,00,0030,00,03,00
1015,60f6,ff,fd,01,01,37,204,00,0348,fe80,0112,c800,03,d4,00,00,26,000200,01,f180,144,01,41,80,0b,03,02,00,00,05,00,0230,00,03,00
1016,6206,ff,fd,01,00,37,208,00,0364,fe80,0110,c600,03,d4,00,00,26,000300,01,ef80,144,01,41,80,0c,03,02,00,00,05,00,0430,00,03,00
1017,60f4,ff,fd,01,00,37,208,00,0364,fe80,010f,c400,03,d4,00,00,26,000300,01,ed80,144,01,41,80,0d,03,02,00,00,05,00,0630,00,03,00
1018,6203,ff,fd,01,00,37,208,00,0364,fe80,010d,c200,03,d4,00,00,26,000300,01,eb80,144,01,41,80,0e,03,02,00,00,05,00,0830,00,03,00
1019,6206,ff,fd,01,00,37,208,00,0364,fe80,010c,c000,03,d4,00,00,26,000300,01,e980,144,01,41,80,0f,03,02,00,00,05,00,0a30,00,03,00
1020,60f3,ff,fd,01,00,37,208,00,0364,fe80,010a,be00,03,d4,00,00,26,000300,01,e780,144,01,41,80,10,03,02,00,00,05,00,0c30,00,03,00
1021,6205,ff,fd,01,00,37,208,00,0364,fe80,0109,bc00,03,d4,00,00,26,000300,01,e580,144,01,41,80,11,03,02,00,00,05,00,0e30,00,03,00
1022,60f0,ff,fd,01,00,37,208,00,0364,fe80,0107,ba00,03,d4,00,00,26,000300,01,e380,144,01,41,80,12,03,02,00,00,05,00,1030,00,03,00
1023,6231,ff,fd,01,00,37,208,01,0364,fe80,0106,b800,03,d4,00,00,26,000300,01,e180,144,01,41,80,13,03,02,00,00,05,00,1230,00,03,00
1024,60f1,ff,fd,01,00,37,208,01,0364,fe80,0104,b600,03,d4,00,00,26,000300,01,df80,144,01,41,80,14,03,02,00,00,05,00,1430,00,03,00
1025,60f2,ff,fd,01,00,37,208,01,0364,fe80,0103,b400,03,d4,00,00,26,000300,01,dd80,144,01,41,80,15,03,02,00,00,05,00,1630,00,03,00
1026,622e,ff,fd,01,00,37,208,01,0364,fe80,0101,b200,03,d4,00,00,26,000300,01,db80,144,01,41,80,16,03,02,00,00,05,00,1830,00,03,00
1027,622e,ff,ff,01,00,37,208,00,0364,0000,0101,b180,03,d4,00,00,26,000300,01,db00,144,01,41,80,17,03,02,00,00,05,00,18b0,00,03,00
1028,60f0,ff,ff,01,00,37,208,00,0364,0000,0101,b100,03,d4,00,00,26,000300,01,da80,144,01,41,80,18,03,02,00,00,05,00,1930,00,03,00
1029,60ef,ff,ff,01,00,37,208,00,0364,0000,0101,b080,03,d4,00,00,26,000300,01,da00,144,01,41,80,19,03,02,00,00,05,00,19b0,00,03,00
1030,6203,ff,ff,01,00,37,208,00,0364,0000,0101,b000,03,d4,00,00,26,000300,01,d980,144,01,41,80,1a,03,02,00,00,05,00,1a30,00,03,00
1031,622f,ff,ff,01,00,37,208,00,0364,0000,0101,af80,03,d4,00,00,26,000300,01,d900,144,01,41,80,1b,03,02,00,00,05,00,1ab0,00,03,00
1032,622e,ff,ff,01,00,37,208,00,0364,0000,0101,af00,03,d4,00,00,26,000300,01,d880,144,01,41,80,1c,03,02,00,00,05,00,1b30,00,03,00
1033,60f1,ff,ff,01,00,37,208,00,0364,0000,0101,ae80,03,d4,00,00,26,000300,01,d800,144,01,41,80,1d,03,02,00,00,05,00,1bb0,00,03,00
1034,6205,ff,ff,01,00,37,208,00,0364,0000,0101,ae00,03,d4,00,00,26,000300,01,d780,144,01,41,80,1e,03,02,00,00,05,00,1c30,00,03,00
1035,6205,ff,ff,01,00,37,208,00,0364,0000,0101,ad80,03,d4,00,00,26,000300,01,d700,144,01,41,80,1f,03,02,00,00,05,00,1cb0,00,03,00
1036,60ee,ff,ff,01,00,37,208,00,0364,0000,0101,ad00,03,d4,00,00,26,000300,01,d680,144,01,41,80,20,03,02,00,00,05,00,1d30,00,03,00
1037,6231,ff,ff,01,00,37,208,00,0364,0000,0101,ac80,03,d4,00,00,26,000300,01,d600,144,01,41,80,21,03,02,00,00,05,00,1db0,00,03,00
1038,60f5,ff,ff,01,00,37,208,00,0364,0000,0101,ac00,03,d4,00,00,26,000300,01,d580,144,01,41,80,22,03,02,00,00,05,00,1e30,00,03,00
1039,622e,ff,ff,01,00,37,208,00,0364,0000,0101,ab80,03,d4,00,00,26,000300,01,d500,144,01,41,80,23,03,02,00,00,05,00,1eb0,00,03,00
1040,60f1,ff,ff,01,00,37,208,00,0364,0000,0101,ab00,03,d4,00,00,26,000300,01,d480,144,01,41,80,24,03,02,00,00,05,00,1f30,00,03,00
1041,622e,ff,ff,01,00,37,208,00,0364,0000,0101,aa80,03,d4,00,00,26,000300,01,d400,144,01,41,80,25,03,02,00,00,05,00,1fb0,00,03,00
1042,60f1,ff,ff,01,00,37,208,00,0364,0000,0101,aa00,03,d4,00,00,26,000300,01,d380,144,01,41,80,26,03,02,00,00,05,00,2030,00,03,00
1043,6207,ff,ff,01,00,37,208,00,0364,0000,0101,a980,03,d4,00,00,26,000300,01,d300,144,01,41,80,27,03,02,00,00,05,00,20b0,00,03,00
1044,60ef,ff,ff,01,00,37,208,00,0364,0000,0101,a900,03,d4,00,00,26,000300,01,d280,144,01,41,80,28,03,02,00,00,05,00,2130,00,03,00
1045,6231,ff,ff,01,00,37,208,00,0364,0000,0101,a880,03,d4,00,00,26,000300,01,d200,144,01,41,80,29,03,02,00,00,05,00,21b0,00,03,00
1046,6207,ff,ff,01,00,37,208,00,0364,0000,0101,a800,03,d4,00,00,26,000300,01,d180,144,01,41,80,2a,03,02,00,00,05,00,2230,00,03,00
1047,6206,ff,ff,01,00,37,208,00,0364,0000,0101,a780,03,d4,00,00,26,000300,01,d100,144,01,41,80,2b,03,02,00,00,05,00,22b0,00,03,00
1048,60ee,ff,ff,01,00,37,208,00,0364,0000,0101,a700,03,d4,00,00,26,000300,01,d080,144,01,41,80,2c,03,02,00,00,05,00,2330,00,03,00
1049,6230,ff,ff,01,00,37,208,00,0364,0000,0101,a680,03,d4,00,00,26,000300,01,d000,144,01,41,80,2d,03,02,00,00,05,00,23b0,00,03,00
1050,60f3,ff,ff,01,00,37,208,00,0364,0000,0101,a600,03,d4,00,00,26,000300,01,cf80,144,01,41,80,2e,03,02,00,00,05,00,2430,00,03,00
1051,622e,ff,ff,01,00,37,208,00,0364,0000,0101,a580,03,d4,00,00,26,000300,01,cf00,144,01,41,80,2f,03,02,00,00,05,00,24b0,00,03,00
1052,60f0,ff,ff,01,00,37,208,00,0364,0000,0101,a500,03,d4,00,00,26,000300,01,ce80,144,01,41,80,30,03,02,00,00,05,00,2530,00,03,00
1053,6206,ff,ff,01,00,37,208,00,0364,0000,0101,a480,03,d4,00,00,26,000300,01,ce00,144,01,41,80,31,03,02,00,00,05,00,25b0,00,03,00
1054,60ee,ff,ff,01,00,37,208,00,0364,0000,0101,a400,03,d4,00,00,26,000300,01,cd80,144,01,41,80,32,03,02,00,00,05,00,2630,00,03,00
1055,6203,ff,ff,01,00,37,208,00,0364,0000,0101,a380,03,d4,00,00,26,000300,01,cd00,144,01,41,80,33,03,02,00,00,05,00,26b0,00,03,00
1056,60f1,ff,ff,01,00,37,208,00,0364,0000,0101,a300,03,d4,00,00,26,000300,01,cc80,144,01,41,80,34,03,02,00,00,05,00,2730,00,03,00
1057,6205,ff,ff,01,00,37,208,00,0364,0000,0101,a280,03,d4,00,00,26,000300,01,cc00,144,01,41,80,35,03,02,00,00,05,00,27b0,00,03,00
1058,60f2,ff,ff,01,00,37,208,00,0364,0000,0101,a200,03,d4,00,00,26,000300,01,cb80,144,01,41,80,36,03,02,00,00,05,00,2830,00,03,00
1059,622d,ff,ff,01,00,37,208,00,0364,0000,0101,a180,03,d4,00,00,26,000300,01,cb00,144,01,41,80,37,03,02,00,00,05,00,28b0,00,03,00
1060,60ef,ff,ff,01,00,37,208,00,0364,0000,0101,a100,03,d4,00,00,26,000300,01,ca80,144,01,41,80,38,03,02,00,00,05,00,2930,00,03,00
1061,6205,ff,ff,01,00,37,208,00,0364,0000,0101,a080,03,d4,00,00,26,000300,01,ca00,144,01,41,80,39,03,02,00,00,05,00,29b0,00,03,00
1062,60f6,ff,ff,01,00,37,208,00,0364,0000,0101,a000,03,d4,00,00,26,000300,01,c980,144,01,41,80,3a,03,02,00,00,05,00,2a30,00,03,00
1063,622e,ff,ff,01,00,37,208,00,0364,0000,0101,9f80,03,d4,00,00,26,000300,01,c900,144,01,41,80,3b,03,02,00,00,05,00,2ab0,00,03,00
1064,60f1,ff,ff,01,00,37,208,00,0364,0000,0101,9f00,03,d4,00,00,26,000300,01,c880,144,01,41,80,3c,03,02,00,00,05,00,2b30,00,03,00
1065,6208,ff,ff,01,00,37,208,00,0364,0000,0101,9e80,03,d4,00,00,26,000300,01,c800,144,01,41,80,3d,03,02,00,00,05,00,2bb0,00,03,00
1066,60f6,ff,ff,01,00,37,208,00,0364,0000,0101,9e00,03,d4,00,00,26,000300,01,c780,144,01,41,80,3e,03,02,00,00,05,00,2c30,00,03,00
1067,622e,ff,ff,01,00,37,208,00,0364,0000,0101,9d80,03,d4,00,00,26,000300,01,c700,144,01,41,80,3f,03,02,00,00,05,00,2cb0,00,03,00
1068,60f1,ff,ff,01,00,37,208,00,0364,0000,0101,9d00,03,d4,00,00,26,000300,01,c680,144,01,41,80,40,03,02,00,00,05,00,2d30,00,03,00
1069,6207,ff,ff,01,00,37,208,00,0364,0000,0101,9c80,03,d4,00,00,26,000300,01,c600,144,01,41,80,41,03,02,00,00,05,00,2db0,00,03,00
1070,60ef,ff,ff,01,00,37,208,00,0364,0000,0101,9c00,03,d4,00,00,26,000300,01,c580,144,01,41,80,42,03,02,00,00,05,00,2e30,00,03,00
1071,6205,ff,ff,01,00,37,208,00,0364,0000,0101,9b80,03,d4,00,00,26,000300,01,c500,144,01,41,80,43,03,02,00,00,05,00,2eb0,00,03,00
1072,622e,ff,ff,01,00,37,208,00,0364,0000,0101,9b00,03,d4,00,00,26,000300,01,c480,144,01,41,80,44,03,02,00,00,05,00,2f30,00,03,00
1073,6205,ff,ff,01,00,37,208,00,0364,0000,0101,9a80,03,d4,00,00,26,000300,01,c400,144,01,41,80,45,03,02,00,00,05,00,2fb0,00,03,00
1074,60f1,ff,ff,01,00,37,208,00,0364,0000,0101,9a00,03,d4,00,00,26,000300,01,c380,144,01,41,80,46,03,02,00,00,05,00,3030,00,03,00
1075,6206,ff,ff,01,00,37,208,00,0364,0000,0101,9980,03,d4,00,00,26,000300,01,c300,144,01,41,80,47,03,02,00,00,05,00,30b0,00,03,00
1076,6205,ff,ff,01,00,37,208,00,0364,0000,0101,9900,03,d4,00,00,26,000300,01,c280,144,01,41,80,48,03,02,00,00,05,00,3130,00,03,00
1077,622e,ff,ff,01,00,37,208,00,0364,0000,0101,9880,03,d4,00,00,26,000300,01,c200,144,01,41,80,49,03,02,00,00,05,00,31b0,00,03,00
1078,6203,ff,ff,01,00,37,208,00,0364,0000,0101,9800,03,d4,00,00,26,000300,01,c180,144,01,41,80,4a,03,02,00,00,05,00,3230,00,03,00
1079,60f1,ff,ff,01,00,37,208,00,0364,0000,0101,9780,03,d4,00,00,26,000300,01,c100,144,01,41,80,4b,03,02,00,00,05,00,32b0,00,03,00
1080,622e,ff,ff,01,00,37,208,00,0364,0000,0101,9700,03,d4,00,00,26,000300,01,c080,144,01,41,80,4c,03,02,00,00,05,00,3330,00,03,00
1081,6205,ff,ff,01,00,37,208,00,0364,0000,0101,9680,03,d4,00,00,26,000300,01,c000,144,01,41,80,4d,03,02,00,00,05,00,33b0,00,03,00
1082,60f1,ff,ff,01,00,37,208,00,0364,0000,0101,9600,03,d4,00,00,26,000300,01,bf80,144,01,41,80,4e,03,02,00,00,05,00,3430,00,03,00
1083,6231,ff,ff,01,00,37,208,00,0364,0000,0101,9580,03,d4,00,00,26,000300,01,bf00,144,01,41,80,4f,03,02,00,00,05,00,34b0,00,03,00
1084,6206,ff,ff,01,00,37,208,00,0364,0000,0101,9500,03,d4,00,00,26,000300,01,be80,144,01,41,80,50,03,02,00,00,05,00,3530,00,03,00
1085,60ef,ff,ff,01,00,37,208,00,0364,0000,0101,9480,03,d4,00,00,26,000300,01,be00,144,01,41,80,51,03,02,00,00,05,00,35b0,00,03,00
1086,60f0,ff,ff,01,00,37,208,00,0364,0000,0101,9400,03,d4,00,00,26,000300,01,bd80,144,01,41,80,52,03,02,00,00,05,00,3630,00,03,00
1087,60f6,ff,ff,01,00,37,208,00,0364,0000,0101,9380,03,d4,00,00,26,000300,01,bd00,144,01,41,80,53,03,02,00,00,05,00,36b0,00,03,00
1088,60ef,ff,ff,01,00,37,208,00,0364,0000,0101,9300,03,d4,00,00,26,000300,01,bc80,144,01,41,80,54,03,02,00,00,05,00,3730,00,03,00
1089,622e,ff,ff,01,00,37,208,00,0364,0000,0101,9280,03,d4,00,00,26,000300,01,bc00,144,01,41,80,55,03,02,00,00,05,00,37b0,00,03,00
1090,6205,ff,ff,01,00,37,208,00,0364,0000,0101,9200,03,d4,00,00,26,000300,01,bb80,144,01,41,80,56,03,02,00,00,05,00,3830,00,03,00
1091,60f1,ff,ff,01,00,37,208,00,0364,0000,0101,9180,03,d4,00,00,26,000300,01,bb00,144,01,41,80,57,03,02,00,00,05,00,38b0,00,03,00
1092,6205,ff,ff,01,00,37,208,00,0364,0000,0101,9100,03,d4,00,00,26,000300,01,ba80,144,01,41,80,58,03,02,00,00,05,00,3930,00,03,00
1093,60f2,ff,ff,01,00,37,208,00,0364,0000,0101,9080,03,d4,00,00,26,000300,01,ba00,144,01,41,80,59,03,02,00,00,05,00,39b0,00,03,00
1094,6231,ff,ff,01,00,37,208,00,0364,0000,0101,9000,03,d4,00,00,26,000300,01,b980,144,01,41,80,5a,03,02,00,00,05,00,3a30,00,03,00
1095,622e,ff,ff,01,00,37,208,00,0364,0000,0101,8f80,03,d4,00,00,26,000300,01,b900,144,01,41,80,5b,03,02,00,00,05,00,3ab0,00,03,00
1096,622e,ff,ff,01,00,37,208,00,0364,0000,0101,8f00,03,d4,00,00,26,000300,01,b880,144,01,41,80,5c,03,02,00,00,05,00,3b30,00,03,00
1097,6205,ff,ff,01,00,37,208,00,0364,0000,0101,8e80,03,d4,00,00,26,000300,01,b800,144,01,41,80,5d,03,02,00,00,05,00,3bb0,00,03,00
1098,60f1,ff,ff,01,00,37,208,00,0364,0000,0101,8e00,03,d4,00,00,26,000300,01,b780,144,01,41,80,5e,03,02,00,00,05,00,3c30,00,03,00
1099,60ee,ff,ff,01,00,37,208,00,0364,0000,0101,8d80,03,d4,00,00,26,000300,01,b700,144,01,41,80,5f,03,02,00,00,05,00,3cb0,00,03,00
1100,6208,ff,ff,01,00,37,208,00,0364,0000,0101,8d00,03,d4,00,00,26,000300,01,b680,144,01,41,80,60,03,02,00,00,05,00,3d30,00,03,00
1101,6204,ff,ff,01,00,37,208,00,0364,0000,0101,8c80,03,d4,00,00,26,000300,01,b600,144,01,41,80,61,03,02,00,00,05,00,3db0,00,03,00
1102,60f1,ff,ff,01,00,37,208,00,0364,0000,0101,8c00,03,d4,00,00,26,000300,01,b580,144,01,41,80,62,03,02,00,00,05,00,3e30,00,03,00
1103,6230,ff,ff,01,00,37,208,00,0364,0000,0101,8b80,03,d4,00,00,26,000300,01,b500,144,01,41,80,63,03,02,00,00,05,00,3eb0,00,03,00
1104,6206,ff,ff,01,00,37,208,00,0364,0000,0101,8b00,03,d4,00,00,26,000300,01,b480,144,01,41,80,64,03,02,00,00,05,00,3f30,00,03,00
1105,60f6,ff,ff,01,00,37,208,00,0364,0000,0101,8a80,03,d4,00,00,26,000300,01,b400,144,01,41,80,65,03,02,00,00,05,00,3fb0,00,03,00
1106,60f6,ff,ff,01,00,37,208,00,0364,0000,0101,8a00,03,d4,00,00,26,000300,01,b380,144,01,41,80,66,03,02,00,00,05,00,4030,00,03,00
1107,6208,ff,ff,01,00,37,208,00,0364,0000,0101,8980,03,d4,00,00,26,000300,01,b300,144,01,41,80,67,03,02,00,00,05,00,40b0,00,03,00
1108,60f5,ff,ff,01,00,37,208,00,0364,0000,0101,8900,03,d4,00,00,26,000300,01,b280,144,01,41,80,68,03,02,00,00,05,00,4130,00,03,00
1109,622e,ff,ff,01,00,37,208,00,0364,0000,0101,8880,03,d4,00,00,26,000300,01,b200,144,01,41,80,69,03,02,00,00,05,00,41b0,00,03,00
1110,6205,ff,ff,01,00,37,208,00,0364,0000,0101,8800,03,d4,00,00,26,000300,01,b180,144,01,41,80,6a,03,02,00,00,05,00,4230,00,03,00
1111,60f3,ff,ff,01,00,37,208,00,0364,0000,0101,8780,03,d4,00,00,26,000300,01,b100,144,01,41,80,6b,03,02,00,00,05,00,42b0,00,03,00
1112,60ee,ff,ff,01,00,37,208,00,0364,0000,0101,8700,03,d4,00,00,26,000300,01,b080,144,01,41,80,6c,03,02,00,00,05,00,4330,00,03,00
1113,622e,ff,ff,01,00,37,208,00,0364,0000,0101,8680,03,d4,00,00,26,000300,01,b000,144,01,41,80,6d,03,02,00,00,05,00,43b0,00,03,00
1114,6204,ff,ff,01,00,37,208,00,0364,0000,0101,8600,03,d4,00,00,26,000300,01,af80,144,01,41,80,6e,03,02,00,00,05,00,4430,00,03,00
1115,60f1,ff,ff,01,00,37,208,00,0364,0000,0101,8580,03,d4,00,00,26,000300,01,af00,144,01,41,80,6f,03,02,00,00,05,00,44b0,00,03,00
1116,60f2,ff,ff,01,00,37,208,00,0364,0000,0101,8500,03,d4,00,00,26,000300,01,ae80,144,01,41,80,70,03,02,00,00,05,00,4530,00,03,00
1117,6205,ff,ff,01,00,37,208,00,0364,0000,0101,8480,03,d4,00,00,26,000300,01,ae00,144,01,41,80,71,03,02,00,00,05,00,45b0,00,03,00
1118,60f1,ff,ff,01,00,37,208,00,0364,0000,0101,8400,03,d4,00,00,26,000300,01,ad80,144,01,41,80,72,03,02,00,00,05,00,4630,00,03,00
1119,60ee,ff,ff,01,00,37,208,00,0364,0000,0101,8380,03,d4,00,00,26,000300,01,ad00,144,01,41,80,73,03,02,00,00,05,00,46b0,00,03,00
1120,6208,ff,ff,01,00,37,208,00,0364,0000,0101,8300,03,d4,00,00,26,000300,01,ac80,144,01,41,80,74,03,02,00,00,05,00,4730,00,03,00
1121,6203,ff,ff,01,00,37,208,00,0364,0000,0101,8280,03,d4,00,00,26,000300,01,ac00,144,01,41,80,75,03,02,00,00,05,00,47b0,00,03,00
1122,60f1,ff,ff,01,00,37,208,00,0364,0000,0101,8200,03,d4,00,00,26,000300,01,ab80,144,01,41,80,76,03,02,00,00,05,00,4830,00,03,00
1123,6230,ff,ff,01,00,37,208,00,0364,0000,0101,8180,03,d4,00,00,26,000300,01,ab00,144,01,41,80,77,03,02,00,00,05,00,48b0,00,03,00
1124,60f1,ff,ff,01,00,37,208,00,0364,0000,0101,8100,03,d4,00,00,26,000300,01,aa80,144,01,41,80,78,03,02,00,00,05,00,4930,00,03,00
1125,60ee,ff,ff,01,00,37,208,00,0364,0000,0101,8080,03,d4,00,00,26,000300,01,aa00,144,01,41,80,79,03,02,00,00,05,00,49b0,00,03,00
1126,6208,ff,ff,01,00,37,208,00,0364,0000,0101,8000,03,d4,00,00,26,000300,01,a980,144,01,41,80,7a,03,02,00,00,05,00,4a30,00,03,00
1127,6231,ff,ff,01,00,37,208,00,0364,0000,0101,7f80,03,d4,00,00,26,000300,01,a900,144,01,41,80,7b,03,02,00,00,05,00,4ab0,00,03,00
1128,6208,ff,ff,01,00,37,208,00,0364,0000,0101,7f00,03,d4,00,00,26,000300,01,a880,144,01,41,80,7c,03,02,00,00,05,00,4b30,00,03,00
1129,6203,ff,ff,01,00,37,208,00,0364,0000,0101,7e80,03,d4,00,00,26,000300,01,a800,144,01,41,80,7d,03,02,00,00,05,00,4bb0,00,03,00
1130,60f0,ff,ff,01,00,37,208,00,0364,0000,0101,7e00,03,d4,00,00,26,000300,01,a780,144,01,41,80,7e,03,02,00,00,05,00,4c30,00,03,00
1131,6230,ff,ff,01,00,37,208,00,0364,0000,0101,7d80,03,d4,00,00,26,000300,01,a700,144,01,41,80,7f,03,02,00,00,05,00,4cb0,00,03,00
1132,6206,ff,ff,01,00,37,208,00,0364,0000,0101,7d00,03,d4,00,00,26,000300,01,a680,144,01,41,80,80,03,02,00,00,05,00,4d30,00,03,00
1133,60f5,ff,ff,01,00,37,208,00,0364,0000,0101,7c80,03,d4,00,00,26,000300,01,a600,144,01,41,80,81,03,02,00,00,05,00,4db0,00,03,00
1134,622e,ff,ff,01,00,37,208,00,0364,0000,0101,7c00,03,d4,00,00,26,000300,01,a580,144,01,41,80,82,03,02,00,00,05,00,4e30,00,03,00
1135,6206,ff,ff,01,00,37,208,00,0364,0000,0101,7b80,03,d4,00,00,26,000300,01,a500,144,01,41,80,83,03,02,00,00,05,00,4eb0,00,03,00
1136,6206,ff,ff,01,00,37,208,00,0364,0000,0101,7b00,03,d4,00,00,26,000300,01,a480,144,01,41,80,84,03,02,00,00,05,00,4f30,00,03,00
1137,6230,ff,ff,01,00,37,208,00,0364,0000,0101,7a80,03,d4,00,00,26,000300,01,a400,144,01,41,80,85,03,02,00,00,05,00,4fb0,00,03,00
1138,6206,ff,ff,01,00,37,208,00,0364,0000,0101,7a00,03,d4,00,00,26,000300,01,a380,144,01,41,80,86,03,02,00,00,05,00,5030,00,03,00
1139,60f5,ff,ff,01,00,37,208,00,0364,0000,0101,7980,03,d4,00,00,26,000300,01,a300,144,01,41,80,87,03,02,00,00,05,00,50b0,00,03,00
1140,60ef,ff,ff,01,00,37,208,00,0364,0000,0101,7900,03,d4,00,00,26,000300,01,a280,144,01,41,80,88,03,02,00,00,05,00,5130,00,03,00
1141,622e,ff,ff,01,00,37,208,00,0364,0000,0101,7880,03,d4,00,00,26,000300,01,a200,144,01,41,80,89,03,02,00,00,05,00,51b0,00,03,00
1142,6205,ff,ff,01,00,37,208,00,0364,0000,0101,7800,03,d4,00,00,26,000300,01,a180,144,01,41,80,8a,03,02,00,00,05,00,5230,00,03,00
1143,60ef,ff,ff,01,00,37,208,00,0364,0000,0101,7780,03,d4,00,00,26,000300,01,a100,144,01,41,80,8b,03,02,00,00,05,00,52b0,00,03,00
1144,6208,ff,ff,01,00,37,208,00,0364,0000,0101,7700,03,d4,00,00,26,000300,01,a080,144,01,41,80,8c,03,02,00,00,05,00,5330,00,03,00
1145,6204,ff,ff,01,00,37,208,00,0364,0000,0101,7680,03,d4,00,00,26,000300,01,a000,144,01,41,80,8d,03,02,00,00,05,00,53b0,00,03,00
1146,6205,ff,ff,01,00,37,208,00,0364,0000,0101,7600,03,d4,00,00,26,000300,01,9f80,144,01,41,80,8e,03,02,00,00,05,00,5430,00,03,00
1147,622e,ff,ff,01,00,37,208,00,0364,0000,0101,7580,03,d4,00,00,26,000300,01,9f00,144,01,41,80,8f,03,02,00,00,05,00,54b0,00,03,00
1148,6203,ff,ff,01,00,37,208,00,0364,0000,0101,7500,03,d4,00,00,26,000300,01,9e80,144,01,41,80,90,03,02,00,00,05,00,5530,00,03,00
1149,60f1,ff,ff,01,00,37,208,00,0364,0000,0101,7480,03,d4,00,00,26,000300,01,9e00,144,01,41,80,91,03,02,00,00,05,00,55b0,00,03,00
1150,6230,ff,ff,01,00,37,208,00,0364,0000,0101,7400,03,d4,00,00,26,000300,01,9d80,144,01,41,80,92,03,02,00,00,05,00,5630,00,03,00
1151,6208,ff,ff,01,00,37,208,00,0364,0000,0101,7380,03,d4,00,00,26,000300,01,9d00,144,01,41,80,93,03,02,00,00,05,00,56b0,00,03,00
1152,60f6,ff,ff,01,00,37,208,00,0364,0000,0101,7300,03,d4,00,00,26,000300,01,9c80,144,01,41,80,94,03,02,00,00,05,00,5730,00,03,00
1153,60f1,ff,ff,01,00,37,208,00,0364,0000,0101,7280,03,d4,00,00,26,000300,01,9c00,144,01,41,80,95,03,02,00,00,05,00,57b0,00,03,00
1154,622e,ff,ff,01,00,37,208,00,0364,0000,0101,7200,03,d4,00,00,26,000300,01,9b80,144,01,41,80,96,03,02,00,00,05,00,5830,00,03,00
1155,6206,ff,ff,01,00,37,208,00,0364,0000,0101,7180,03,d4,00,00,26,000300,01,9b00,144,01,41,80,97,03,02,00,00,05,00,58b0,00,03,00
1156,6206,ff,ff,01,00,37,208,00,0364,0000,0101,7100,03,d4,00,00,26,000300,01,9a80,144,01,41,80,98,03,02,00,00,05,00,5930,00,03,00
1157,622e,ff,ff,01,00,37,208,00,0364,0000,0101,7080,03,d4,00,00,26,000300,01,9a00,144,01,41,80,99,03,02,00,00,05,00,59b0,00,03,00
1158,6204,ff,ff,01,00,37,208,00,0364,0000,0101,7000,03,d4,00,00,26,000300,01,9980,144,01,41,80,9a,03,02,00,00,05,00,5a30,00,03,00
1159,60f1,ff,ff,01,00,37,208,00,0364,0000,0101,6f80,03,d4,00,00,26,000300,01,9900,144,01,41,80,9b,03,02,00,00,05,00,5ab0,00,03,00
1160,6205,ff,ff,01,00,37,208,00,0364,0000,0101,6f00,03,d4,00,00,26,000300,01,9880,144,01,41,80,9c,03,02,00,00,05,00,5b30,00,03,00
1161,60f4,ff,ff,01,00,37,208,00,0364,0000,0101,6e80,03,d4,00,00,26,000300,01,9800,144,01,41,80,9d,03,02,00,00,05,00,5bb0,00,03,00
1162,60ef,ff,ff,01,00,37,208,00,0364,0000,0101,6e00,03,d4,00,00,26,000300,01,9780,144,01,41,80,9e,03,02,00,00,05,00,5c30,00,03,00
1163,622e,ff,ff,01,00,37,208,00,0364,0000,0101,6d80,03,d4,00,00,26,000300,01,9700,144,01,41,80,9f,03,02,00,00,05,00,5cb0,00,03,00
1164,6205,ff,ff,01,00,37,208,00,0364,0000,0101,6d00,03,d4,00,00,26,000300,01,9680,144,01,41,80,a0,03,02,00,00,05,00,5d30,00,03,00
1165,60f2,ff,ff,01,00,37,208,00,0364,0000,0101,6c80,03,d4,00,00,26,000300,01,9600,144,01,41,80,a1,03,02,00,00,05,00,5db0,00,03,00
1166,60f2,ff,ff,01,00,37,208,00,0364,0000,0101,6c00,03,d4,00,00,26,000300,01,9580,144,01,41,80,a2,03,02,00,00,05,00,5e30,00,03,00
1167,6205,ff,ff,01,00,37,208,00,0364,0000,0101,6b80,03,d4,00,00,26,000300,01,9500,144,01,41,80,a3,03,02,00,00,05,00,5eb0,00,03,00
1168,60f1,ff,ff,01,00,37,208,00,0364,0000,0101,6b00,03,d4,00,00,26,000300,01,9480,144,01,41,80,a4,03,02,00,00,05,00,5f30,00,03,00
1169,60ee,ff,ff,01,00,37,208,00,0364,0000,0101,6a80,03,d4,00,00,26,000300,01,9400,144,01,41,80,a5,03,02,00,00,05,00,5fb0,00,03,00
1170,6208,ff,ff,01,00,37,208,00,0364,0000,0101,6a00,03,d4,00,00,26,000300,01,9380,144,01,41,80,a6,03,02,00,00,05,00,6030,00,03,00
1171,6204,ff,ff,01,00,37,208,00,0364,0000,0101,6980,03,d4,00,00,26,000300,01,9300,144,01,41,80,a7,03,02,00,00,05,00,60b0,00,03,00
1172,60f1,ff,ff,01,00,37,208,00,0364,0000,0101,6900,03,d4,00,00,26,000300,01,9280,144,01,41,80,a8,03,02,00,00,05,00,6130,00,03,00
1173,6231,ff,ff,01,00,37,208,00,0364,0000,0101,6880,03,d4,00,00,26,000300,01,9200,144,01,41,80,a9,03,02,00,00,05,00,61b0,00,03,00
1174,6206,ff,ff,01,00,37,208,00,0364,0000,0101,6800,03,d4,00,00,26,000300,01,9180,144,01,41,80,aa,03,02,00,00,05,00,6230,00,03,00
1175,60f6,ff,ff,01,00,37,208,00,0364,0000,0101,6780,03,d4,00,00,26,000300,01,9100,144,01,41,80,ab,03,02,00,00,05,00,62b0,00,03,00
1176,60f6,ff,ff,01,00,37,208,00,0364,0000,0101,6700,03,d4,00,00,26,000300,01,9080,144,01,41,80,ac,03,02,00,00,05,00,6330,00,03,00
1177,60f6,ff,ff,01,00,37,208,00,0364,0000,0101,6680,03,d4,00,00,26,000300,01,9000,144,01,41,80,ad,03,02,00,00,05,00,63b0,00,03,00
1178,60ef,ff,ff,01,00,37,208,00,0364,0000,0101,6600,03,d4,00,00,26,000300,01,8f80,144,01,41,80,ae,03,02,00,00,05,00,6430,00,03,00
1179,622e,ff,ff,01,00,37,208,00,0364,0000,0101,6580,03,d4,00,00,26,000300,01,8f00,144,01,41,80,af,03,02,00,00,05,00,64b0,00,03,00
1180,6205,ff,ff,01,00,37,208,00,0364,0000,0101,6500,03,d4,00,00,26,000300,01,8e80,144,01,41,80,b0,03,02,00,00,05,00,6530,00,03,00
1181,60f3,ff,ff,01,00,37,208,00,0364,0000,0101,6480,03,d4,00,00,26,000300,01,8e00,144,01,41,80,b1,03,02,00,00,05,00,65b0,00,03,00
1182,60ef,ff,ff,01,00,37,208,00,0364,0000,0101,6400,03,d4,00,00,26,000300,01,8d80,144,01,41,80,b2,03,02,00,00,05,00,6630,00,03,00
1183,6205,ff,ff,01,00,37,208,00,0364,0000,0101,6380,03,d4,00,00,26,000300,01,8d00,144,01,41,80,b3,03,02,00,00,05,00,66b0,00,03,00
1184,60f1,ff,ff,01,00,37,208,00,0364,0000,0101,6300,03,d4,00,00,26,000300,01,8c80,144,01,41,80,b4,03,02,00,00,05,00,6730,00,03,00
1185,6231,ff,ff,01,00,37,208,00,0364,0000,0101,6280,03,d4,00,00,26,000300,01,8c00,144,01,41,80,b5,03,02,00,00,05,00,67b0,00,03,00
1186,6231,ff,ff,01,00,37,208,00,0364,0000,0101,6200,03,d4,00,00,26,000300,01,8b80,144,01,41,80,b6,03,02,00,00,05,00,6830,00,03,00
1187,60f1,ff,ff,01,00,37,208,00,0364,0000,0101,6180,03,d4,00,00,26,000300,01,8b00,144,01,41,80,b7,03,02,00,00,05,00,68b0,00,03,00
1188,6231,ff,ff,01,00,37,208,00,0364,0000,0101,6100,03,d4,00,00,26,000300,01,8a80,144,01,41,80,b8,03,02,00,00,05,00,6930,00,03,00
1189,6208,ff,ff,01,00,37,208,00,0364,0000,0101,6080,03,d4,00,00,26,000300,01,8a00,144,01,41,80,b9,03,02,00,00,05,00,69b0,00,03,00
1190,60ee,ff,ff,01,00,37,208,00,0364,0000,0101,6000,03,d4,00,00,26,000300,01,8980,144,01,41,80,ba,03,02,00,00,05,00,6a30,00,03,00
1191,622e,ff,ff,01,00,37,208,00,0364,0000,0101,5f80,03,d4,00,00,26,000300,01,8900,144,01,41,80,bb,03,02,00,00,05,00,6ab0,00,03,00
1192,6204,ff,ff,01,00,37,208,00,0364,0000,0101,5f00,03,d4,00,00,26,000300,01,8880,144,01,41,80,bc,03,02,00,00,05,00,6b30,00,03,00
1193,60f1,ff,ff,01,00,37,208,00,0364,0000,0101,5e80,03,d4,00,00,26,000300,01,8800,144,01,41,80,bd,03,02,00,00,05,00,6bb0,00,03,00
1194,6207,ff,ff,01,00,37,208,00,0364,0000,0101,5e00,03,d4,00,00,26,000300,01,8780,144,01,41,80,be,03,02,00,00,05,00,6c30,00,03,00
1195,60f6,ff,ff,01,00,37,208,00,0364,0000,0101,5d80,03,d4,00,00,26,000300,01,8700,144,01,41,80,bf,03,02,00,00,05,00,6cb0,00,03,00
1196,60f6,ff,ff,01,00,37,208,00,0364,0000,0101,5d00,03,d4,00,00,26,000300,01,8680,144,01,41,80,c0,03,02,00,00,05,00,6d30,00,03,00
1197,60f1,ff,ff,01,00,37,208,00,0364,0000,0101,5c80,03,d4,00,00,26,000300,01,8600,144,01,41,80,c1,03,02,00,00,05,00,6db0,00,03,00
1198,622f,ff,ff,01,00,37,208,00,0364,0000,0101,5c00,03,d4,00,00,26,000300,01,8580,144,01,41,80,c2,03,02,00,00,05,00,6e30,00,03,00
1199,6207,ff,ff,01,00,37,208,00,0364,0000,0101,5b80,03,d4,00,00,26,000300,01,8500,144,01,41,80,c3,03,02,00,00,05,00,6eb0,00,03,00
1200,60f5,ff,ff,01,00,37,208,00,0364,0000,0101,5b00,03,d4,00,00,26,000300,01,8480,144,01,41,80,c4,03,02,00,00,05,00,6f30,00,03,00
1201,6231,ff,fd,01,00,37,208,00,0364,fe80,0100,5900,03,d4,00,00,26,000300,01,8280,144,01,41,80,c5,03,02,00,00,05,00,7130,00,03,00
1202,6205,ff,fd,01,00,37,208,00,0364,fe80,02fe,5700,03,d4,00,00,26,000300,01,8080,144,01,41,80,c6,03,02,00,00,05,00,7330,00,03,00
1203,6206,ff,fd,01,00,37,208,00,0364,fe80,02fd,5500,03,d4,00,00,26,000300,01,7e80,144,01,41,80,c7,03,02,00,00,05,00,7530,00,03,00
1204,6205,ff,fd,01,00,37,208,00,0364,fe80,02fb,5300,03,d4,00,00,26,000300,01,7c80,144,01,41,80,c8,03,02,00,00,05,00,7730,00,03,00
1205,60f1,ff,fd,01,00,37,208,01,0364,fe80,02fa,5100,03,d4,00,00,26,000300,01,7a80,144,01,41,80,c9,03,02,00,00,05,00,7930,00,03,00
1206,6205,ff,fd,01,00,37,208,01,0364,fe80,02f8,4f00,03,d4,00,00,26,000300,01,7880,144,01,41,80,ca,03,02,00,00,05,00,7b30,00,03,00
1207,60ef,ff,fd,01,00,37,208,01,0364,fe80,02f7,4d00,03,d4,00,00,26,000300,01,7680,144,01,41,80,cb,03,02,00,00,05,00,7d30,00,03,00
1208,6231,ff,fd,01,00,37,208,01,0364,fe80,02f5,4b00,03,d4,00,00,26,000300,01,7480,144,01,41,80,cc,03,02,00,00,05,00,7f30,00,03,00
1209,60ef,ff,fd,01,00,37,208,01,0364,fe80,02f4,4900,03,d4,00,00,26,000300,01,7280,144,01,41,80,cd,03,02,00,00,05,00,8130,00,03,00
1210,6231,ff,fd,01,00,37,208,01,0364,fe80,02f2,4700,03,d4,00,00,26,000300,01,7080,144,01,41,80,ce,03,02,00,00,05,00,8330,00,03,00
1211,6208,ff,fd,01,00,37,208,01,0364,fe80,02f1,4500,03,d4,00,00,26,000300,01,6e80,144,01,41,80,cf,03,02,00,00,05,00,8530,00,03,00
1212,60f2,ff,fd,01,00,37,208,02,0364,fe80,02ef,4300,03,d4,00,00,26,000300,01,6c80,144,01,41,80,d0,03,02,00,00,05,00,8730,00,03,00
1213,60f3,ff,fd,01,00,37,208,02,0364,fe80,02ee,4100,03,d4,00,00,26,000300,01,6a80,144,01,41,80,d1,03,02,00,00,05,00,8930,00,03,00
1214,60f2,ff,fd,01,00,37,208,02,0364,fe80,02ec,3f00,03,d4,00,00,26,000300,01,6880,144,01,41,80,d2,03,02,00,00,05,00,8b30,00,03,00
1215,60f3,ff,fd,01,00,37,208,02,0364,fe80,02eb,3d00,03,d4,00,00,26,000300,01,6680,144,01,41,80,d3,03,02,00,00,05,00,8d30,00,03,00
1216,6205,ff,fd,01,00,37,208,02,0364,fe80,02e9,3b00,03,d4,00,00,26,000300,01,6480,144,01,41,80,d4,03,02,00,00,05,00,8f30,00,03,00
1217,60ef,ff,fd,01,00,37,208,02,0364,fe80,02e8,3900,03,d4,00,00,26,000300,01,6280,144,01,41,80,d5,03,02,00,00,05,00,9130,00,03,00
1218,60ef,ff,fd,01,00,37,208,02,0364,fe80,02e6,3700,03,d4,00,00,26,000300,01,6080,144,01,41,80,d6,03,02,00,00,05,00,9330,00,03,00
1219,6207,ff,fd,01,00,37,208,00,0364,fe80,02e5,3500,03,d4,00,00,26,000300,01,5e80,144,01,41,80,d7,03,02,00,00,05,00,9530,00,03,00
1220,6206,ff,fd,01,00,37,208,00,0364,fe80,02e3,3300,03,d4,00,00,26,000300,01,5c80,144,01,41,80,d8,03,02,00,00,05,00,9730,00,03,00
1221,6207,ff,fd,01,00,37,208,00,0364,fe80,02e2,3100,03,d4,00,00,26,000300,01,5a80,144,01,41,80,d9,03,02,00,00,05,00,9930,00,03,00
1222,6206,ff,fd,01,00,37,208,00,0364,fe80,02e0,2f00,03,d4,00,00,26,000300,01,5880,144,01,41,80,da,03,02,00,00,05,00,9b30,00,03,00
1223,6205,ff,fd,01,00,37,208,00,0364,fe80,02df,2d00,03,d4,00,00,26,000300,01,5680,144,01,41,80,db,03,02,00,00,05,00,9d30,00,03,00
1224,6204,ff,fd,01,00,37,208,00,0364,fe80,02dd,2b00,03,d4,00,00,26,000300,01,5480,144,01,41,80,dc,03,02,00,00,05,00,9f30,00,03,00
1225,6205,ff,fd,01,00,37,208,00,0364,fe80,02dc,2900,03,d4,00,00,26,000300,01,5280,144,01,41,80,dd,03,02,00,00,05,00,a130,00,03,00
1226,622e,ff,fd,01,00,37,208,00,0364,fe80,02da,2700,03,d4,00,00,26,000300,01,5080,144,01,41,80,de,03,02,00,00,05,00,a330,00,03,00
1227,6230,ff,fd,01,00,37,208,01,0364,fe80,02d9,2500,03,d4,00,00,26,000300,01,4e80,144,01,41,80,df,03,02,00,00,05,00,a530,00,03,00
1228,6205,ff,fd,01,00,37,208,01,0364,fe80,02d7,2300,03,d4,00,00,26,000300,01,4c80,144,01,41,80,e0,03,02,00,00,05,00,a730,00,03,00
1229,60f6,ff,fd,01,00,37,208,01,0364,fe80,02d6,2100,03,d4,00,00,26,000300,01,4a80,144,01,41,80,e1,03,02,00,00,05,00,a930,00,03,00
1230,60f1,ff,fd,01,00,37,208,01,0364,fe80,02d4,1f00,03,d4,00,00,26,000300,01,4880,144,01,41,80,e2,03,02,00,00,05,00,ab30,00,03,00
1231,60f0,ff,fd,01,00,37,208,01,0364,fe80,02d3,1d00,03,d4,00,00,26,000300,01,4680,144,01,41,80,e3,03,02,00,00,05,00,ad30,00,03,00
1232,622d,ff,fd,01,00,37,208,01,0364,fe80,02d1,1b00,03,d4,00,00,26,000300,01,4480,144,01,41,80,e4,03,02,00,00,05,00,af30,00,03,00
1233,6207,ff,fd,01,00,37,208,01,0364,fe80,02d0,1900,03,d4,00,00,26,000300,01,4280,144,01,41,80,e5,03,02,00,00,05,00,b130,00,03,00
1234,60ef,ff,fd,01,00,37,208,02,0364,fe80,02ce,1700,03,d4,00,00,26,000300,01,4080,144,01,41,80,e6,03,02,00,00,05,00,b330,00,03,00
1235,6231,ff,fd,01,00,37,208,02,0364,fe80,02cd,1500,03,d4,00,00,26,000300,01,3e80,144,01,41,80,e7,03,02,00,00,05,00,b530,00,03,00
1236,60ef,ff,fd,01,00,37,208,02,0364,fe80,02cb,1300,03,d4,00,00,26,000300,01,3c80,144,01,41,80,e8,03,02,00,00,05,00,b730,00,03,00
1237,60f6,ff,fd,01,00,37,208,02,0364,fe80,02ca,1100,03,d4,00,00,26,000300,01,3a80,144,01,41,80,e9,03,02,00,00,05,00,b930,00,03,00
1238,60f6,ff,fd,01,00,37,208,02,0364,fe80,02c8,0f00,03,d4,00,00,26,000300,01,3880,144,01,41,80,ea,03,02,00,00,05,00,bb30,00,03,00
1239,6230,ff,fd,01,00,37,208,02,0364,fe80,02c7,0d00,03,d4,00,00,26,000300,01,3680,144,01,41,80,eb,03,02,00,00,05,00,bd30,00,03,00
1240,60f3,ff,fd,01,00,37,208,02,0364,fe80,02c5,0b00,03,d4,00,00,26,000300,01,3480,144,01,41,80,ec,03,02,00,00,05,00,bf30,00,03,00
1241,60f4,ff,fd,01,00,37,208,00,0364,fe80,02c4,0900,03,d4,00,00,26,000300,01,3280,144,01,41,80,ed,03,02,00,00,05,00,c130,00,03,00
1242,622f,ff,fd,01,00,37,208,00,0364,fe80,02c2,0700,03,d4,00,00,26,000300,01,3080,144,01,41,80,ee,03,02,00,00,05,00,c330,00,03,00
1243,6205,ff,fd,01,00,37,208,00,0364,fe80,02c1,0500,03,d4,00,00,26,000300,01,2e80,144,01,41,80,ef,03,02,00,00,05,00,c530,00,03,00
1244,60ef,ff,fd,01,00,37,208,00,0364,fe80,02bf,0300,03,d4,00,00,26,000300,01,2c80,144,01,41,80,f0,03,02,00,00,05,00,c730,00,03,00
1245,60f5,ff,fd,01,00,37,208,00,0364,fe80,02be,0100,03,d4,00,00,26,000300,01,2a80,144,01,41,80,f1,03,02,00,00,05,00,c930,00,03,00
1246,60f2,ff,fd,01,00,37,208,00,0364,fe80,02bc,f200,04,f2,00,00,26,000300,01,2880,144,01,41,80,f2,03,02,00,00,05,00,cb30,00,03,00
1247,60f1,ff,fd,01,00,37,208,00,0364,fe80,02bb,f000,04,f2,00,00,26,000300,01,2680,144,01,41,80,f3,03,02,00,00,05,00,cd30,00,03,00
1248,6206,ff,fd,01,00,37,208,00,0364,fe80,02b9,ee00,04,f2,00,00,26,000300,01,2480,144,01,41,80,f4,03,02,00,00,05,00,cf30,00,03,00
1249,622e,ff,fd,01,00,37,208,01,0364,fe80,02b8,ec00,04,f2,00,00,26,000300,01,2280,144,01,41,80,f5,03,02,00,00,05,00,d130,00,03,00
1250,6205,ff,fd,01,00,37,208,01,0364,fe80,02b6,ea00,04,f2,00,00,26,000300,01,2080,144,01,41,80,f6,03,02,00,00,05,00,d330,00,03,00
1251,60f3,ff,fd,01,00,37,208,01,0364,fe80,02b5,e800,04,f2,00,00,26,000300,01,1e80,144,01,41,80,f7,03,02,00,00,05,00,d530,00,03,00
1252,60ef,ff,fd,01,00,37,208,01,0364,fe80,02b3,e600,04,f2,00,00,26,000300,01,1c80,144,01,41,80,f8,03,02,00,00,05,00,d730,00,03,00
1253,622e,ff,fd,01,00,37,208,01,0364,fe80,02b2,e400,04,f2,00,00,26,000300,01,1a80,144,01,41,80,f9,03,02,00,00,05,00,d930,00,03,00
1254,6205,ff,fd,01,00,37,208,01,0364,fe80,02b0,e200,04,f2,00,00,26,000300,01,1880,144,01,41,80,fa,03,02,00,00,05,00,db30,00,03,00
1255,6205,ff,fd,01,00,37,208,01,0364,fe80,02af,e000,04,f2,00,00,26,000300,01,1680,144,01,41,80,fb,03,02,00,00,05,00,dd30,00,03,00
1256,6208,ff,fd,01,00,37,208,02,0364,fe80,02ad,de00,04,f2,00,00,26,000300,01,1480,144,01,41,80,fc,03,02,00,00,05,00,df30,00,03,00
1257,60ee,ff,fd,01,00,37,208,02,0364,fe80,02ac,dc00,04,f2,00,00,26,000300,01,1280,144,01,41,80,fd,03,02,00,00,05,00,e130,00,03,00
1258,622e,ff,fd,01,00,37,208,02,0364,fe80,02aa,da00,04,f2,00,00,26,000300,01,1080,144,01,41,80,fe,03,02,00,00,05,00,e330,00,03,00
1259,6206,ff,fd,01,00,37,208,02,0364,fe80,02a9,d800,04,f2,00,00,26,000300,01,0e80,144,01,41,80,ff,03,02,00,00,05,00,e530,00,03,00
1260,60f5,ff,fd,01,00,37,208,02,0364,fe80,02a7,d600,04,f2,00,00,26,000300,01,0c80,144,01,41,80,00,03,02,00,00,05,00,e730,00,03,00
1261,60f4,ff,fd,01,00,37,208,02,0364,fe80,02a6,d400,04,f2,00,00,26,000300,01,0a80,144,01,41,80,01,03,02,00,00,05,00,e930,00,03,00
1262,622e,ff,fd,01,00,37,208,02,0364,fe80,02a4,d200,04,f2,00,00,26,000300,01,0880,144,01,41,80,02,03,02,00,00,05,00,eb30,00,03,00
1263,60f1,ff,fd,01,00,37,208,00,0364,fe80,02a3,d000,04,f2,00,00,26,000300,01,0680,144,01,41,80,03,03,02,00,00,05,00,ed30,00,03,00
1264,60ef,ff,fd,01,00,37,208,00,0364,fe80,02a1,ce00,04,f2,00,00,26,000300,01,0480,144,01,41,80,04,03,02,00,00,05,00,ef30,00,03,00
1265,622e,ff,fd,01,00,37,208,00,0364,fe80,02a0,cc00,04,f2,00,00,26,000300,01,0280,144,01,41,80,05,03,02,00,00,05,00,f130,00,03,00
1266,6230,ff,fd,01,00,37,208,00,0364,fe80,029e,ca00,04,f2,00,00,26,000300,01,0080,144,01,41,80,06,03,02,00,00,05,00,f330,00,03,00
1267,60f4,ff,fd,01,00,37,208,00,0364,fe80,029d,c800,04,f2,00,00,00,000300,00,0000,156,01,e4,80,07,03,02,00,00,05,00,0030,00,03,00
1268,6205,ff,fd,01,00,37,208,00,0364,fe80,029b,c600,04,f2,00,00,00,000300,00,0000,156,01,e4,80,08,03,02,00,00,05,00,0230,00,03,00
1269,6230,ff,fd,01,00,37,208,00,0364,fe80,029a,c400,04,f2,00,00,00,000300,00,0000,156,01,e4,80,09,03,02,00,00,05,00,0430,00,03,00
1270,60f3,ff,fd,01,00,37,208,00,0364,fe80,0298,c200,04,f2,00,00,00,000300,00,0000,156,01,e4,80,0a,03,02,00,00,05,00,0630,00,03,00
1271,60f1,ff,fd,01,00,37,208,01,0364,fe80,0297,c000,04,f2,00,00,00,000300,00,0000,156,01,e4,80,0b,03,02,00,00,05,00,0830,00,03,00
1272,6205,ff,fd,01,00,37,208,01,0364,fe80,0295,be00,04,f2,00,00,00,000300,00,0000,156,01,e4,80,0c,03,02,00,00,05,00,0a30,00,03,00
1273,6231,ff,fd,01,00,37,208,01,0364,fe80,0294,bc00,04,f2,00,00,00,000300,00,0000,156,01,e4,80,0d,03,02,00,00,05,00,0c30,00,03,00
1274,60f1,ff,fd,01,00,37,208,01,0364,fe80,0292,ba00,04,f2,00,00,00,000300,00,0000,156,01,e4,80,0e,03,02,00,00,05,00,0e30,00,03,00
1275,6205,ff,fd,01,00,37,208,01,0364,fe80,0291,b800,04,f2,00,00,00,000300,00,0000,156,01,e4,80,0f,03,02,00,00,05,00,1030,00,03,00
1276,60f1,ff,fd,01,00,37,208,01,0364,fe80,028f,b600,04,f2,00,00,00,000300,00,0000,156,01,e4,80,10,03,02,00,00,05,00,1230,00,03,00
1277,60ef,ff,fd,01,00,37,208,01,0364,fe80,028e,b400,04,f2,00,00,00,000300,00,0000,156,01,e4,80,11,03,02,00,00,05,00,1430,00,03,00
1278,6231,ff,fd,01,00,37,208,02,0364,fe80,028c,b200,04,f2,00,00,00,000300,00,0000,156,01,e4,80,12,03,02,00,00,05,00,1630,00,03,00
1279,60f1,ff,fd,01,00,37,208,02,0364,fe80,028b,b000,04,f2,00,00,00,000300,00,0000,156,01,e4,80,13,03,02,00,00,05,00,1830,00,03,00
1280,6204,ff,fd,01,00,37,208,02,0364,fe80,0289,ae00,04,f2,00,00,00,000300,00,0000,156,01,e4,80,14,03,02,00,00,05,00,1a30,00,03,00
1281,6205,ff,fd,01,00,37,208,02,0364,fe80,0288,ac00,04,f2,00,00,00,000300,00,0000,156,01,e4,80,15,03,02,00,00,05,00,1c30,00,03,00
1282,60ef,ff,fd,01,00,37,208,02,0364,fe80,0286,aa00,04,f2,00,00,00,000300,00,0000,156,01,e4,80,16,03,02,00,00,05,00,1e30,00,03,00
1283,60f6,ff,fd,01,00,37,208,02,0364,fe80,0285,a800,04,f2,00,00,00,000300,00,0000,156,01,e4,80,17,03,02,00,00,05,00,2030,00,03,00
1284,6208,ff,fd,01,00,37,208,02,0364,fe80,0283,a600,04,f2,00,00,00,000300,00,0000,156,01,e4,80,18,03,02,00,00,05,00,2230,00,03,00
1285,622e,ff,fd,01,00,37,208,00,0364,fe80,0282,a400,04,f2,00,00,00,000300,00,0000,156,01,e4,80,19,03,02,00,00,05,00,2430,00,03,00
1286,60f6,ff,fd,01,00,37,208,00,0364,fe80,0280,a200,04,f2,00,00,00,000300,00,0000,156,01,e4,80,1a,03,02,00,00,05,00,2630,00,03,00
1287,60f2,ff,fd,01,00,37,208,00,0364,fe80,027f,a000,04,f2,00,00,00,000300,00,0000,156,01,e4,80,1b,03,02,00,00,05,00,2830,00,03,00
1288,6208,ff,fd,01,00,37,208,00,0364,fe80,027d,9e00,04,f2,00,00,00,000300,00,0000,156,01,e4,80,1c,03,02,00,00,05,00,2a30,00,03,00
1289,6230,ff,fd,01,00,37,208,00,0364,fe80,027c,9c00,04,f2,00,00,00,000300,00,0000,156,01,e4,80,1d,03,02,00,00,05,00,2c30,00,03,00
1290,60f1,ff,fd,01,00,37,208,00,0364,fe80,027a,9a00,04,f2,00,00,00,000300,00,0000,156,01,e4,80,1e,03,02,00,00,05,00,2e30,00,03,00
1291,622e,ff,fd,01,00,37,208,00,0364,fe80,0279,9800,04,f2,00,00,00,000300,00,0000,156,01,e4,80,1f,03,02,00,00,05,00,3030,00,03,00
1292,60ef,ff,fd,01,00,37,208,00,0364,fe80,0277,9600,04,f2,00,00,00,000300,00,0000,156,01,e4,80,20,03,02,00,00,05,00,3230,00,03,00
1293,60ef,ff,fd,01,00,37,208,01,0364,fe80,0276,9400,04,f2,00,00,00,000300,00,0000,156,01,e4,80,21,03,02,00,00,05,00,3430,00,03,00
1294,6205,ff,fd,01,00,37,208,01,0364,fe80,0274,9200,04,f2,00,00,00,000300,00,0000,156,01,e4,80,22,03,02,00,00,05,00,3630,00,03,00
1295,622e,ff,fd,01,00,37,208,01,0364,fe80,0273,9000,04,f2,00,00,00,000300,00,0000,156,01,e4,80,23,03,02,00,00,05,00,3830,00,03,00
1296,60f0,ff,fd,01,00,37,208,01,0364,fe80,0271,8e00,04,f2,00,00,00,000300,00,0000,156,01,e4,80,24,03,02,00,00,05,00,3a30,00,03,00
1297,60f1,ff,fd,01,00,37,208,01,0364,fe80,0270,8c00,04,f2,00,00,00,000300,00,0000,156,01,e4,80,25,03,02,00,00,05,00,3c30,00,03,00
1298,6205,ff,fd,01,00,37,208,01,0364,fe80,026e,8a00,04,f2,00,00,00,000300,00,0000,156,01,e4,80,26,03,02,00,00,05,00,3e30,00,03,00
1299,6230,ff,fd,01,00,37,208,01,0364,fe80,026d,8800,04,f2,00,00,00,000300,00,0000,156,01,e4,80,27,03,02,00,00,05,00,4030,00,03,00
1300,6230,ff,fd,01,00,37,208,02,0364,fe80,026b,8600,04,f2,00,00,00,000300,00,0000,156,01,e4,80,28,03,02,00,00,05,00,4230,00,03,00
1301,60f2,ff,fd,01,00,37,208,02,0364,fe80,026a,8400,04,f2,00,00,00,000300,00,0000,156,01,e4,80,29,03,02,00,00,05,00,4430,00,03,00
1302,6206,ff,fd,01,00,37,208,02,0364,fe80,0268,8200,04,f2,00,00,00,000300,00,0000,156,01,e4,80,2a,03,02,00,00,05,00,4630,00,03,00
1303,60f0,ff,fd,01,00,37,208,02,0364,fe80,0267,8000,04,f2,00,00,00,000300,00,0000,156,01,e4,80,2b,03,02,00,00,05,00,4830,00,03,00
1304,60f6,ff,fd,01,00,37,208,02,0364,fe80,0265,7e00,04,f2,00,00,00,000300,00,0000,156,01,e4,80,2c,03,02,00,00,05,00,4a30,00,03,00
1305,622e,ff,fd,01,00,37,208,02,0364,fe80,0264,7c00,04,f2,00,00,00,000300,00,0000,156,01,e4,80,2d,03,02,00,00,05,00,4c30,00,03,00
1306,6205,ff,fd,01,00,37,208,02,0364,fe80,0262,7a00,04,f2,00,00,00,000300,00,0000,156,01,e4,80,2e,03,02,00,00,05,00,4e30,00,03,00
1307,60ee,ff,fd,01,00,37,208,00,0364,fe80,0261,7800,04,f2,00,00,00,000300,00,0000,156,01,e4,80,2f,03,02,00,00,05,00,5030,00,03,00
1308,60f3,ff,fd,01,00,37,208,00,0364,fe80,025f,7600,04,f2,00,00,00,000300,00,0000,156,01,e4,80,30,03,02,00,00,05,00,5230,00,03,00
1309,622e,ff,fd,01,00,37,208,00,0364,fe80,025e,7400,04,f2,00,00,00,000300,00,0000,156,01,e4,80,31,03,02,00,00,05,00,5430,00,03,00
1310,60f0,ff,fd,01,00,37,208,00,0364,fe80,025c,7200,04,f2,00,00,00,000300,00,0000,156,01,e4,80,32,03,02,00,00,05,00,5630,00,03,00
1311,6205,ff,fd,01,00,37,208,00,0364,fe80,025b,7000,04,f2,00,00,00,000300,00,0000,156,01,e4,80,33,03,02,00,00,05,00,5830,00,03,00
1312,6230,ff,fd,01,00,37,208,00,0364,fe80,0259,6e00,04,f2,00,00,00,000300,00,0000,156,01,e4,80,34,03,02,00,00,05,00,5a30,00,03,00
1313,60ee,ff,fd,01,00,37,208,00,0364,fe80,0258,6c00,04,f2,00,00,00,000300,00,0000,156,01,e4,80,35,03,02,00,00,05,00,5c30,00,03,00
1314,60f3,ff,fd,01,00,37,208,00,0364,fe80,0256,6a00,04,f2,00,00,00,000300,00,0000,156,01,e4,80,36,03,02,00,00,05,00,5e30,00,03,00
1315,6203,ff,fd,01,00,37,208,01,0364,fe80,0255,6800,04,f2,00,00,00,000300,00,0000,156,01,e4,80,37,03,02,00,00,05,00,6030,00,03,00
1316,60ef,ff,fd,01,00,37,208,01,0364,fe80,0253,6600,04,f2,00,00,00,000300,00,0000,156,01,e4,80,38,03,02,00,00,05,00,6230,00,03,00
1317,6231,ff,fd,01,00,37,208,01,0364,fe80,0252,6400,04,f2,00,00,00,000300,00,0000,156,01,e4,80,39,03,02,00,00,05,00,6430,00,03,00
1318,60f6,ff,fd,01,00,37,208,01,0364,fe80,0250,6200,04,f2,00,00,00,000300,00,0000,156,01,e4,80,3a,03,02,00,00,05,00,6630,00,03,00
1319,622e,ff,fd,01,00,37,208,01,0364,fe80,024f,6000,04,f2,00,00,00,000300,00,0000,156,01,e4,80,3b,03,02,00,00,05,00,6830,00,03,00
1320,60ef,ff,fd,01,00,37,208,01,0364,fe80,024d,5e00,04,f2,00,00,00,000300,00,0000,156,01,e4,80,3c,03,02,00,00,05,00,6a30,00,03,00
1321,6206,ff,fd,01,00,37,208,01,0364,fe80,024c,5c00,04,f2,00,00,00,000300,00,0000,156,01,e4,80,3d,03,02,00,00,05,00,6c30,00,03,00
1322,60ef,ff,fd,01,00,37,208,02,0364,fe80,024a,5a00,04,f2,00,00,00,000300,00,0000,156,01,e4,80,3e,03,02,00,00,05,00,6e30,00,03,00
1323,6205,ff,fd,01,00,37,208,02,0364,fe80,0249,5800,04,f2,00,00,00,000300,00,0000,156,01,e4,80,3f,03,02,00,00,05,00,7030,00,03,00
1324,622f,ff,fd,01,00,37,208,02,0364,fe80,0247,5600,04,f2,00,00,00,000300,00,0000,156,01,e4,80,40,03,02,00,00,05,00,7230,00,03,00
1325,60f2,ff,fd,01,00,37,208,02,0364,fe80,0246,5400,04,f2,00,00,00,000300,00,0000,156,01,e4,80,41,03,02,00,00,05,00,7430,00,03,00
1326,622f,ff,fd,01,00,37,208,02,0364,fe80,0244,5200,04,f2,00,00,00,000300,00,0000,156,01,e4,80,42,03,02,00,00,05,00,7630,00,03,00
1327,6230,ff,fd,01,00,37,208,02,0364,fe80,0243,5000,04,f2,00,00,00,000300,00,0000,156,01,e4,80,43,03,02,00,00,05,00,7830,00,03,00
1328,60f1,ff,fd,01,00,37,208,02,0364,fe80,0241,4e00,04,f2,00,00,00,000300,00,0000,156,01,e4,80,44,03,02,00,00,05,00,7a30,00,03,00
1329,60f1,ff,fd,01,00,37,208,00,0364,fe80,0240,4c00,04,f2,00,00,00,000300,00,0000,156,01,e4,80,45,03,02,00,00,05,00,7c30,00,03,00
1330,60ef,ff,fd,01,00,37,208,00,0364,fe80,023e,4a00,04,f2,00,00,00,000300,00,0000,156,01,e4,80,46,03,02,00,00,05,00,7e30,00,03,00
1331,6204,ff,fd,01,00,37,208,00,0364,fe80,023d,4800,04,f2,00,00,00,000300,00,0000,156,01,e4,80,47,03,02,00,00,05,00,8030,00,03,00
1332,622e,ff,fd,01,00,37,208,00,0364,fe80,023b,4600,04,f2,00,00,00,000300,00,0000,156,01,e4,80,48,03,02,00,00,05,00,8230,00,03,00
1333,60f3,ff,fd,01,00,37,208,00,0364,fe80,023a,4400,04,f2,00,00,00,000300,00,0000,156,01,e4,80,49,03,02,00,00,05,00,8430,00,03,00
1334,6206,ff,fd,01,00,37,208,00,0364,fe80,0238,4200,04,f2,00,00,00,000300,00,0000,156,01,e4,80,4a,03,02,00,00,05,00,8630,00,03,00
1335,60f1,ff,fd,01,00,37,208,00,0364,fe80,0237,4000,04,f2,00,00,00,000300,00,0000,156,01,e4,80,4b,03,02,00,00,05,00,8830,00,03,00
1336,60f1,ff,fd,01,00,37,208,00,0364,fe80,0235,3e00,04,f2,00,00,00,000300,00,0000,156,01,e4,80,4c,03,02,00,00,05,00,8a30,00,03,00
1337,622f,ff,fd,01,00,37,208,01,0364,fe80,0234,3c00,04,f2,00,00,00,000300,00,0000,156,01,e4,80,4d,03,02,00,00,05,00,8c30,00,03,00
1338,6203,ff,fd,01,00,37,208,01,0364,fe80,0232,3a00,04,f2,00,00,00,000300,00,0000,156,01,e4,80,4e,03,02,00,00,05,00,8e30,00,03,00
1339,60f1,ff,fd,01,00,37,208,01,0364,fe80,0231,3800,04,f2,00,00,00,000300,00,0000,156,01,e4,80,4f,03,02,00,00,05,00,9030,00,03,00
1340,622d,ff,fd,01,00,37,208,01,0364,fe80,022f,3600,04,f2,00,00,00,000300,00,0000,156,01,e4,80,50,03,02,00,00,05,00,9230,00,03,00
1341,60f5,ff,fd,01,00,37,208,01,0364,fe80,022e,3400,04,f2,00,00,00,000300,00,0000,156,01,e4,80,51,03,02,00,00,05,00,9430,00,03,00
1342,60ee,ff,fd,01,00,37,208,01,0364,fe80,022c,3200,04,f2,00,00,00,000300,00,0000,156,01,e4,80,52,03,02,00,00,05,00,9630,00,03,00
1343,6205,ff,fd,01,00,37,208,01,0364,fe80,022b,3000,04,f2,00,00,00,000300,00,0000,156,01,e4,80,53,03,02,00,00,05,00,9830,00,03,00
1344,6207,ff,fd,01,00,37,208,02,0364,fe80,0229,2e00,04,f2,00,00,00,000300,00,0000,156,01,e4,80,54,03,02,00,00,05,00,9a30,00,03,00
1345,60f5,ff,fd,01,00,37,208,02,0364,fe80,0228,2c00,04,f2,00,00,00,000300,00,0000,156,01,e4,80,55,03,02,00,00,05,00,9c30,00,03,00
1346,60f1,ff,fd,01,00,37,208,02,0364,fe80,0226,2a00,04,f2,00,00,00,000300,00,0000,156,01,e4,80,56,03,02,00,00,05,00,9e30,00,03,00
1347,6231,ff,fd,01,00,37,208,02,0364,fe80,0225,2800,04,f2,00,00,00,000300,00,0000,156,01,e4,80,57,03,02,00,00,05,00,a030,00,03,00
1348,6205,ff,fd,01,00,37,208,02,0364,fe80,0223,2600,04,f2,00,00,00,000300,00,0000,156,01,e4,80,58,03,02,00,00,05,00,a230,00,03,00
1349,622e,ff,fd,01,00,37,208,02,0364,fe80,0222,2400,04,f2,00,00,00,000300,00,0000,156,01,e4,80,59,03,02,00,00,05,00,a430,00,03,00
1350,60ef,ff,fd,01,00,37,208,02,0364,fe80,0220,2200,04,f2,00,00,00,000300,00,0000,156,01,e4,80,5a,03,02,00,00,05,00,a630,00,03,00
1351,60f0,ff,fd,01,00,37,208,00,0364,fe80,021f,2000,04,f2,00,00,00,000300,00,0000,156,01,e4,80,5b,03,02,00,00,05,00,a830,00,03,00
1352,60f5,ff,fd,01,00,37,208,00,0364,fe80,021d,1e00,04,f2,00,00,00,000300,00,0000,156,01,e4,80,5c,03,02,00,00,05,00,aa30,00,03,00
1353,6208,ff,fd,01,00,37,208,00,0364,fe80,021c,1c00,04,f2,00,00,00,000300,00,0000,156,01,e4,80,5d,03,02,00,00,05,00,ac30,00,03,00
1354,60ef,ff,fd,01,00,37,208,00,0364,fe80,021a,1a00,04,f2,00,00,00,000300,00,0000,156,01,e4,80,5e,03,02,00,00,05,00,ae30,00,03,00
1355,60f2,ff,fd,01,00,37,208,00,0364,fe80,0219,1800,04,f2,00,00,00,000300,00,0000,156,01,e4,80,5f,03,02,00,00,05,00,b030,00,03,00
1356,622e,ff,fd,01,00,37,208,00,0364,fe80,0217,1600,04,f2,00,00,00,000300,00,0000,156,01,e4,80,60,03,02,00,00,05,00,b230,00,03,00
1357,622e,ff,fd,01,00,37,208,00,0364,fe80,0216,1400,04,f2,00,00,00,000300,00,0000,156,01,e4,80,61,03,02,00,00,05,00,b430,00,03,00
1358,60ef,ff,fd,01,00,37,208,00,0364,fe80,0214,1200,04,f2,00,00,00,000300,00,0000,156,01,e4,80,62,03,02,00,00,05,00,b630,00,03,00
1359,60ef,ff,fd,01,00,37,208,01,0364,fe80,0213,1000,04,f2,00,00,00,000300,00,0000,156,01,e4,80,63,03,02,00,00,05,00,b830,00,03,00
1360,60f5,ff,fd,01,00,37,208,01,0364,fe80,0211,0e00,04,f2,00,00,00,000300,00,0000,156,01,e4,80,64,03,02,00,00,05,00,ba30,00,03,00
1361,6208,ff,fd,01,00,37,208,01,0364,fe80,0210,0c00,04,f2,00,00,00,000300,00,0000,156,01,e4,80,65,03,02,00,00,05,00,bc30,00,03,00
1362,6231,ff,fd,01,00,37,208,01,0364,fe80,020e,0a00,04,f2,00,00,00,000300,00,0000,156,01,e4,80,66,03,02,00,00,05,00,be30,00,03,00
1363,60f6,ff,fd,01,00,37,208,01,0364,fe80,020d,0800,04,f2,00,00,00,000300,00,0000,156,01,e4,80,67,03,02,00,00,05,00,c030,00,03,00
1364,60f2,ff,fd,01,00,37,208,01,0364,fe80,020b,0600,04,f2,00,00,00,000300,00,0000,156,01,e4,80,68,03,02,00,00,05,00,c230,00,03,00
1365,6206,ff,fd,01,00,37,208,01,0364,fe80,020a,0400,04,f2,00,00,00,000300,00,0000,156,01,e4,80,69,03,02,00,00,05,00,c430,00,03,00
1366,6231,ff,fd,01,00,37,208,02,0364,fe80,0208,0200,04,f2,00,00,00,000300,00,0000,156,01,e4,80,6a,03,02,00,00,05,00,c630,00,03,00
1367,622e,ff,fd,01,00,37,208,02,0364,fe80,0207,0000,04,f2,00,00,00,000300,00,0000,156,01,e4,80,6b,03,02,00,00,05,00,c830,00,03,00
1368,60f2,ff,fd,01,00,37,208,02,0364,fe80,0205,dc00,05,dc,00,00,00,000300,01,fd80,156,03,e4,05,6c,03,02,00,00,05,00,ca30,00,03,00
1369,60ee,ff,fd,01,00,37,208,02,0364,fe80,0204,da00,05,dc,00,00,00,000300,01,fb80,156,02,e4,05,6d,03,02,00,00,05,00,cc30,00,03,00
1370,6204,ff,fd,01,00,37,208,02,0364,fe80,0202,d800,05,dc,00,00,00,000300,01,f980,156,01,e4,05,6e,03,02,00,00,05,00,ce30,00,03,00
1371,60f3,ff,fd,01,00,37,208,02,0364,fe80,0201,d600,05,dc,00,00,00,000300,01,f780,156,03,e4,05,6f,03,02,00,00,05,00,d030,00,03,00
1372,60ef,ff,fd,01,00,37,208,02,0364,fe80,03ff,d400,05,dc,00,00,00,000300,01,f580,156,02,e4,05,70,03,02,00,00,05,00,d230,00,03,00
1373,6230,ff,fd,01,00,37,208,00,0364,fe80,03fe,d200,05,dc,01,00,00,000300,01,f380,156,01,e4,05,71,03,02,00,01,05,00,0030,00,03,00
1374,622e,ff,fd,01,00,37,208,00,0364,fe80,03fc,d000,05,dc,01,00,00,000300,01,f180,156,03,e4,04,72,03,02,00,01,05,00,0230,00,03,00
1375,6207,ff,fd,01,00,37,208,00,0364,fe80,03fb,ce00,05,dc,01,00,00,000300,01,ef80,156,02,e4,04,73,03,02,00,01,05,00,0430,00,03,00
1376,6208,ff,fd,01,00,37,208,00,0364,fe80,03f9,cc00,05,dc,01,00,00,000300,01,ed80,156,01,e4,04,74,03,02,00,01,05,00,0630,00,03,00
1377,60f1,ff,fd,01,00,37,208,00,0364,fe80,03f8,ca00,05,dc,01,00,00,000300,01,eb80,156,03,e4,03,75,03,02,00,01,05,00,0830,00,03,00
1378,6231,ff,fd,01,00,37,208,00,0364,fe80,03f6,c800,05,dc,01,00,00,000300,01,e980,156,02,e4,03,76,03,02,00,01,05,00,0a30,00,03,00
1379,6204,ff,fd,01,00,37,208,00,0364,fe80,03f5,c600,05,dc,01,00,00,000300,01,e780,156,01,e4,03,77,03,02,00,01,05,00,0c30,00,03,00
1380,60f4,ff,fd,01,00,37,208,00,0364,fe80,03f3,c400,05,dc,01,00,00,000300,01,e580,156,03,e4,05,78,03,02,00,01,05,00,0e30,00,03,00
1381,6204,ff,fd,01,00,37,208,01,0364,fe80,03f2,c200,05,dc,01,00,00,000300,01,e380,156,02,e4,05,79,03,02,00,01,05,00,1030,00,03,00
1382,60f1,ff,fd,01,00,37,208,01,0364,fe80,03f0,c000,05,dc,01,00,00,000300,01,e180,156,01,e4,05,7a,03,02,00,01,05,00,1230,00,03,00
1383,60f1,ff,fd,01,00,37,208,01,0364,fe80,03ef,be00,05,dc,01,00,00,000300,01,df80,156,03,e4,05,7b,03,02,00,01,05,00,1430,00,03,00
1384,6231,ff,fd,01,00,37,208,01,0364,fe80,03ed,bc00,05,dc,01,00,00,000300,01,dd80,156,02,e4,05,7c,03,02,00,01,05,00,1630,00,03,00
1385,622e,ff,fd,01,00,37,208,01,0364,fe80,03ec,ba00,05,dc,01,00,00,000300,01,db80,156,01,e4,05,7d,03,02,00,01,05,00,1830,00,03,00
1386,60ee,ff,fd,01,00,37,208,01,0364,fe80,03ea,b800,05,dc,01,00,00,000300,01,d980,156,03,e4,04,7e,03,02,00,01,05,00,1a30,00,03,00
1387,60f3,ff,fd,01,00,37,208,01,0364,fe80,03e9,b600,05,dc,01,00,00,000300,01,d780,156,02,e4,04,7f,03,02,00,01,05,00,1c30,00,03,00
1388,60f2,ff,fd,01,00,37,208,02,0364,fe80,03e7,b400,05,dc,01,00,00,000300,01,d580,156,01,e4,04,80,03,02,00,01,05,00,1e30,00,03,00
1389,60f2,ff,fd,01,00,37,208,02,0364,fe80,03e6,b200,05,dc,01,00,00,000300,01,d380,156,03,e4,03,81,03,02,00,01,05,00,2030,00,03,00
1390,60ee,ff,fd,01,00,37,208,02,0364,fe80,03e4,b000,05,dc,01,00,00,000300,01,d180,156,02,e4,03,82,03,02,00,01,05,00,2230,00,03,00
1391,622e,ff,fd,01,00,37,208,02,0364,fe80,03e3,ae00,05,dc,01,00,00,000300,01,cf80,156,01,e4,03,83,03,02,00,01,05,00,2430,00,03,00
1392,6208,ff,fd,01,00,37,208,02,0364,fe80,03e1,ac00,05,dc,01,00,00,000300,01,cd80,156,03,e4,05,84,03,02,00,01,05,00,2630,00,03,00
1393,6205,ff,fd,01,00,37,208,02,0364,fe80,03e0,aa00,05,dc,01,00,00,000300,01,cb80,156,02,e4,05,85,03,02,00,01,05,00,2830,00,03,00
1394,60f1,ff,fd,01,00,37,208,02,0364,fe80,03de,a800,05,dc,01,00,00,000300,01,c980,156,01,e4,05,86,03,02,00,01,05,00,2a30,00,03,00
1395,622e,ff,fd,01,00,37,208,00,0364,fe80,03dd,a600,05,dc,01,00,00,000300,01,c780,156,03,e4,05,87,03,02,00,01,05,00,2c30,00,03,00
1396,622e,ff,fd,01,00,37,208,00,0364,fe80,03db,a400,05,dc,01,00,00,000300,01,c580,156,02,e4,05,88,03,02,00,01,05,00,2e30,00,03,00
1397,6207,ff,fd,01,00,37,208,00,0364,fe80,03da,a200,05,dc,01,00,00,000300,01,c380,156,01,e4,05,89,03,02,00,01,05,00,3030,00,03,00
1398,60f2,ff,fd,01,00,37,208,00,0364,fe80,03d8,a000,05,dc,01,00,00,000300,01,c180,156,03,e4,04,8a,03,02,00,01,05,00,3230,00,03,00
1399,60ef,ff,fd,01,00,37,208,00,0364,fe80,03d7,9e00,05,dc,01,00,00,000300,01,bf80,156,02,e4,04,8b,03,02,00,01,05,00,3430,00,03,00
1400,622f,ff,fd,01,00,37,208,00,0364,fe80,03d5,9c00,05,dc,01,00,00,000300,01,bd80,156,01,e4,04,8c,03,02,00,01,05,00,3630,00,03,00
1401,6231,ff,fd,01,00,37,208,00,0364,fe80,03d4,9a00,05,dc,01,00,00,000300,01,bb80,156,03,e4,03,8d,03,02,00,01,05,00,3830,00,03,00
1402,622d,ff,fd,01,00,37,208,00,0364,fe80,03d2,9800,05,dc,01,00,00,000300,01,b980,156,02,e4,03,8e,03,02,00,01,05,00,3a30,00,03,00
1403,60f1,ff,fd,01,00,37,208,01,0364,fe80,03d1,9600,05,dc,01,00,00,000300,01,b780,156,01,e4,03,8f,03,02,00,01,05,00,3c30,00,03,00
1404,60f0,ff,fd,01,00,37,208,01,0364,fe80,03cf,9400,05,dc,01,00,00,000300,01,b580,156,03,e4,05,90,03,02,00,01,05,00,3e30,00,03,00
1405,60ee,ff,fd,01,00,37,208,01,0364,fe80,03ce,9200,05,dc,01,00,00,000300,01,b380,156,02,e4,05,91,03,02,00,01,05,00,4030,00,03,00
1406,60ef,ff,fd,01,00,37,208,01,0364,fe80,03cc,9000,05,dc,01,00,00,000300,01,b180,156,01,e4,05,92,03,02,00,01,05,00,4230,00,03,00
1407,6207,ff,fd,01,00,37,208,01,0364,fe80,03cb,8e00,05,dc,01,00,00,000300,01,af80,156,03,e4,05,93,03,02,00,01,05,00,4430,00,03,00
1408,6208,ff,fd,01,00,37,208,01,0364,fe80,03c9,8c00,05,dc,01,00,00,000300,01,ad80,156,02,e4,05,94,03,02,00,01,05,00,4630,00,03,00
1409,622e,ff,fd,01,00,37,208,01,0364,fe80,03c8,8a00,05,dc,01,00,00,000300,01,ab80,156,01,e4,05,95,03,02,00,01,05,00,4830,00,03,00
1410,60ee,ff,fd,01,00,37,208,02,0364,fe80,03c6,8800,05,dc,01,00,00,000300,01,a980,156,03,e4,04,96,03,02,00,01,05,00,4a30,00,03,00
1411,6205,ff,fd,01,00,37,208,02,0364,fe80,03c5,8600,05,dc,01,00,00,000300,01,a780,156,02,e4,04,97,03,02,00,01,05,00,4c30,00,03,00
1412,6230,ff,fd,01,00,37,208,02,0364,fe80,03c3,8400,05,dc,01,00,00,000300,01,a580,156,01,e4,04,98,03,02,00,01,05,00,4e30,00,03,00
1413,6206,ff,fd,01,00,37,208,02,0364,fe80,03c2,8200,05,dc,01,00,00,000300,01,a380,156,03,e4,03,99,03,02,00,01,05,00,5030,00,03,00
1414,60f1,ff,fd,01,00,37,208,02,0364,fe80,03c0,8000,05,dc,01,00,00,000300,01,a180,156,02,e4,03,9a,03,02,00,01,05,00,5230,00,03,00
1415,6203,ff,fd,01,00,37,208,02,0364,fe80,03bf,7e00,05,dc,01,00,00,000300,01,9f80,156,01,e4,03,9b,03,02,00,01,05,00,5430,00,03,00
1416,60f0,ff,fd,01,00,37,208,02,0364,fe80,03bd,7c00,05,dc,01,00,00,000300,01,9d80,156,03,e4,05,9c,03,02,00,01,05,00,5630,00,03,00
1417,6205,ff,fd,01,00,37,208,00,0364,fe80,03bc,7a00,05,dc,01,00,00,000300,01,9b80,156,02,e4,05,9d,03,02,00,01,05,00,5830,00,03,00
1418,622d,ff,fd,01,00,37,208,00,0364,fe80,03ba,7800,05,dc,01,00,00,000300,01,9980,156,01,e4,05,9e,03,02,00,01,05,00,5a30,00,03,00
1419,60f1,ff,fd,01,00,37,208,00,0364,fe80,03b9,7600,05,dc,01,00,00,000300,01,9780,156,03,e4,05,9f,03,02,00,01,05,00,5c30,00,03,00
1420,60ee,ff,fd,01,00,37,208,00,0364,fe80,03b7,7400,05,dc,01,00,00,000300,01,9580,156,02,e4,05,a0,03,02,00,01,05,00,5e30,00,03,00
1421,6205,ff,fd,01,00,37,208,00,0364,fe80,03b6,7200,05,dc,01,00,00,000300,01,9380,156,01,e4,05,a1,03,02,00,01,05,00,6030,00,03,00
1422,60f1,ff,fd,01,00,37,208,00,0364,fe80,03b4,7000,05,dc,01,00,00,000300,01,9180,156,03,e4,04,a2,03,02,00,01,05,00,6230,00,03,00
1423,622e,ff,fd,01,00,37,208,00,0364,fe80,03b3,6e00,05,dc,01,00,00,000300,01,8f80,156,02,e4,04,a3,03,02,00,01,05,00,6430,00,03,00
1424,60f6,ff,fd,01,00,37,208,00,0364,fe80,03b1,6c00,05,dc,01,00,00,000300,01,8d80,156,01,e4,04,a4,03,02,00,01,05,00,6630,00,03,00
1425,60ef,ff,fd,01,00,37,208,01,0364,fe80,03b0,6a00,05,dc,01,00,00,000300,01,8b80,156,03,e4,03,a5,03,02,00,01,05,00,6830,00,03,00
1426,6231,ff,fd,01,00,37,208,01,0364,fe80,03ae,6800,05,dc,01,00,00,000300,01,8980,156,02,e4,03,a6,03,02,00,01,05,00,6a30,00,03,00
1427,60ef,ff,fd,01,00,37,208,01,0364,fe80,03ad,6600,05,dc,01,00,00,000300,01,8780,156,01,e4,03,a7,03,02,00,01,05,00,6c30,00,03,00
1428,6205,ff,fd,01,00,37,208,01,0364,fe80,03ab,6400,05,dc,01,00,00,000300,01,8580,156,03,e4,05,a8,03,02,00,01,05,00,6e30,00,03,00
1429,60f1,ff,fd,01,00,37,208,01,0364,fe80,03aa,6200,05,dc,01,00,00,000300,01,8380,156,02,e4,05,a9,03,02,00,01,05,00,7030,00,03,00
1430,60ef,ff,fd,01,00,37,208,01,0364,fe80,03a8,6000,05,dc,01,00,00,000300,01,8180,156,01,e4,05,aa,03,02,00,01,05,00,7230,00,03,00
1431,622f,ff,fd,01,00,37,208,01,0364,fe80,03a7,5e00,05,dc,01,00,00,000300,01,7f80,156,03,e4,05,ab,03,02,00,01,05,00,7430,00,03,00
1432,622d,ff,fd,01,00,37,208,02,0364,fe80,03a5,5c00,05,dc,01,00,00,000300,01,7d80,156,02,e4,05,ac,03,02,00,01,05,00,7630,00,03,00
1433,60f6,ff,fd,01,00,37,208,02,0364,fe80,03a4,5a00,05,dc,01,00,00,000300,01,7b80,156,01,e4,05,ad,03,02,00,01,05,00,7830,00,03,00
1434,60f1,ff,fd,01,00,37,208,02,0364,fe80,03a2,5800,05,dc,01,00,00,000300,01,7980,156,03,e4,04,ae,03,02,00,01,05,00,7a30,00,03,00
1435,60f1,ff,fd,01,00,37,208,02,0364,fe80,03a1,5600,05,dc,01,00,00,000300,01,7780,156,02,e4,04,af,03,02,00,01,05,00,7c30,00,03,00
1436,60ef,ff,fd,01,00,37,208,02,0364,fe80,039f,5400,05,dc,01,00,00,000300,01,7580,156,01,e4,04,b0,03,02,00,01,05,00,7e30,00,03,00
1437,6203,ff,fd,01,00,37,208,02,0364,fe80,039e,5200,05,dc,01,00,00,000300,01,7380,156,03,e4,03,b1,03,02,00,01,05,00,8030,00,03,00
1438,60ef,ff,fd,01,00,37,208,02,0364,fe80,039c,5000,05,dc,01,00,00,000300,01,7180,156,02,e4,03,b2,03,02,00,01,05,00,8230,00,03,00
1439,60f2,ff,fd,01,00,37,208,00,0364,fe80,039b,4e00,05,dc,01,00,00,000300,01,6f80,156,01,e4,03,b3,03,02,00,01,05,00,8430,00,03,00
1440,60f1,ff,fd,01,00,37,208,00,0364,fe80,0399,4c00,05,dc,01,00,00,000300,01,6d80,156,03,e4,05,b4,03,02,00,01,05,00,8630,00,03,00
1441,6230,ff,fd,01,00,37,208,00,0364,fe80,0398,4a00,05,dc,01,00,00,000300,01,6b80,156,02,e4,05,b5,03,02,00,01,05,00,8830,00,03,00
1442,6205,ff,fd,01,00,37,208,00,0364,fe80,0396,4800,05,dc,01,00,00,000300,01,6980,156,01,e4,05,b6,03,02,00,01,05,00,8a30,00,03,00
1443,60f6,ff,fd,01,00,37,208,00,0364,fe80,0395,4600,05,dc,01,00,00,000300,01,6780,156,03,e4,05,b7,03,02,00,01,05,00,8c30,00,03,00
1444,60ee,ff,fd,01,00,37,208,00,0364,fe80,0393,4400,05,dc,01,00,00,000300,01,6580,156,02,e4,05,b8,03,02,00,01,05,00,8e30,00,03,00
1445,6231,ff,fd,01,00,37,208,00,0364,fe80,0392,4200,05,dc,01,00,00,000300,01,6380,156,01,e4,05,b9,03,02,00,01,05,00,9030,00,03,00
1446,60ef,ff,fd,01,00,37,208,00,0364,fe80,0390,4000,05,dc,01,00,00,000300,01,6180,156,03,e4,04,ba,03,02,00,01,05,00,9230,00,03,00
1447,622e,ff,fd,01,00,37,208,01,0364,fe80,038f,3e00,05,dc,01,00,00,000300,01,5f80,156,02,e4,04,bb,03,02,00,01,05,00,9430,00,03,00
1448,6203,ff,fd,01,00,37,208,01,0364,fe80,038d,3c00,05,dc,01,00,00,000300,01,5d80,156,01,e4,04,bc,03,02,00,01,05,00,9630,00,03,00
1449,60ef,ff,fd,01,00,37,208,01,0364,fe80,038c,3a00,05,dc,01,00,00,000300,01,5b80,156,03,e4,03,bd,03,02,00,01,05,00,9830,00,03,00
1450,622f,ff,fd,01,00,37,208,01,0364,fe80,038a,3800,05,dc,01,00,00,000300,01,5980,156,02,e4,03,be,03,02,00,01,05,00,9a30,00,03,00
1451,6205,ff,fd,01,00,37,208,01,0364,fe80,0389,3600,05,dc,01,00,00,000300,01,5780,156,01,e4,03,bf,03,02,00,01,05,00,9c30,00,03,00
1452,60f3,ff,fd,01,00,37,208,01,0364,fe80,0387,3400,05,dc,01,00,00,000300,01,5580,156,03,e4,05,c0,03,02,00,01,05,00,9e30,00,03,00
1453,60ee,ff,fd,01,00,37,208,01,0364,fe80,0386,3200,05,dc,01,00,00,000300,01,5380,156,02,e4,05,c1,03,02,00,01,05,00,a030,00,03,00
1454,622e,ff,fd,01,00,37,208,02,0364,fe80,0384,3000,05,dc,01,00,00,000300,01,5180,156,01,e4,05,c2,03,02,00,01,05,00,a230,00,03,00
1455,6231,ff,fd,01,00,37,208,02,0364,fe80,0383,2e00,05,dc,01,00,00,000300,01,4f80,156,03,e4,05,c3,03,02,00,01,05,00,a430,00,03,00
1456,622e,ff,fd,01,00,37,208,02,0364,fe80,0381,2c00,05,dc,01,00,00,000300,01,4d80,156,02,e4,05,c4,03,02,00,01,05,00,a630,00,03,00
1457,6208,ff,fd,01,00,37,208,02,0364,fe80,0380,2a00,05,dc,01,00,00,000300,01,4b80,156,01,e4,05,c5,03,02,00,01,05,00,a830,00,03,00
1458,60f1,ff,fd,01,00,37,208,02,0364,fe80,037e,2800,05,dc,01,00,00,000300,01,4980,156,03,e4,04,c6,03,02,00,01,05,00,aa30,00,03,00
1459,6205,ff,fd,01,00,37,208,02,0364,fe80,037d,2600,05,dc,01,00,00,000300,01,4780,156,02,e4,04,c7,03,02,00,01,05,00,ac30,00,03,00
1460,6231,ff,fd,01,00,37,208,02,0364,fe80,037b,2400,05,dc,01,00,00,000300,01,4580,156,01,e4,04,c8,03,02,00,01,05,00,ae30,00,03,00
1461,60ef,ff,fd,01,00,37,208,00,0364,fe80,037a,2200,05,dc,01,00,00,000300,01,4380,156,03,e4,03,c9,03,02,00,01,05,00,b030,00,03,00
1462,60f3,ff,fd,01,00,37,208,00,0364,fe80,0378,2000,05,dc,01,00,00,000300,01,4180,156,02,e4,03,ca,03,02,00,01,05,00,b230,00,03,00
1463,622e,ff,fd,03,00,37,208,00,0364,fe80,0378,2000,05,dc,01,00,00,000300,01,4180,156,02,e4,03,cb,03,01,00,01,05,00,b230,00,03,40
1464,6205,ff,fd,03,00,37,208,00,0364,fe80,0378,2000,05,dc,01,00,00,000300,01,4180,156,02,e4,03,cc,03,01,00,01,05,00,b230,00,03,3f
1465,60f2,ff,fd,03,00,37,208,00,0364,fe80,0378,2000,05,dc,01,00,00,000300,01,4180,156,02,e4,03,cd,03,01,00,01,05,00,b230,00,03,3e
1466,6230,ff,fd,03,00,37,208,00,0364,fe80,0378,2000,05,dc,01,00,00,000300,01,4180,156,02,e4,03,ce,03,01,00,01,05,00,b230,00,03,3d
1467,60f6,ff,fd,03,00,37,208,00,0364,fe80,0378,2000,05,dc,01,00,00,000300,01,4180,156,02,e4,03,cf,03,01,00,01,05,00,b230,00,03,3c
1468,622e,ff,fd,03,00,37,208,00,0364,fe80,0378,2000,05,dc,01,00,00,000300,01,4180,156,02,e4,03,d0,03,01,00,01,05,00,b230,00,03,3b
1469,60f2,ff,fd,03,00,37,208,00,0364,fe80,0378,2000,05,dc,01,00,00,000300,01,4180,156,02,e4,03,d1,03,01,00,01,05,00,b230,00,03,3a
1470,6208,ff,fd,03,00,37,208,00,0364,fe80,0378,2000,05,dc,01,00,00,000300,01,4180,156,02,e4,03,d2,03,01,00,01,05,00,b230,00,03,39
1471,60f1,ff,fd,03,00,37,208,00,0364,fe80,0378,2000,05,dc,01,00,00,000300,01,4180,156,02,e4,03,d3,03,01,00,01,05,00,b230,00,03,38
1472,6205,ff,fd,03,00,37,208,00,0364,fe80,0378,2000,05,dc,01,00,00,000300,01,4180,156,02,e4,03,d4,03,01,00,01,05,00,b230,00,03,37
1473,60ef,ff,fd,03,00,37,208,00,0364,fe80,0378,2000,05,dc,01,00,00,000300,01,4180,156,02,e4,03,d5,03,01,00,01,05,00,b230,00,03,36
1474,6204,ff,fd,03,00,37,208,00,0364,fe80,0378,2000,05,dc,01,00,00,000300,01,4180,156,02,e4,03,d6,03,01,00,01,05,00,b230,00,03,35
1475,6231,ff,fd,03,00,37,208,00,0364,fe80,0378,2000,05,dc,01,00,00,000300,01,4180,156,02,e4,03,d7,03,01,00,01,05,00,b230,00,03,34
1476,60f5,ff,fd,03,00,37,208,00,0364,fe80,0378,2000,05,dc,01,00,00,000300,01,4180,156,02,e4,03,d8,03,01,00,01,05,00,b230,00,03,33
1477,622e,ff,fd,03,00,37,208,00,0364,fe80,0378,2000,05,dc,01,00,00,000300,01,4180,156,02,e4,03,d9,03,01,00,01,05,00,b230,00,03,32
1478,60f1,ff,fd,03,00,37,208,00,0364,fe80,0378,2000,05,dc,01,00,00,000300,01,4180,156,02,e4,03,da,03,01,00,01,05,00,b230,00,03,31
1479,622d,ff,fd,03,00,37,208,00,0364,fe80,0378,2000,05,dc,01,00,00,000300,01,4180,156,02,e4,03,db,03,01,00,01,05,00,b230,00,03,30
1480,60f0,ff,fd,03,00,37,208,00,0364,fe80,0378,2000,05,dc,01,00,00,000300,01,4180,156,02,e4,03,dc,03,01,00,01,05,00,b230,00,03,2f
1481,6206,ff,fd,03,00,37,208,00,0364,fe80,0378,2000,05,dc,01,00,00,000300,01,4180,156,02,e4,03,dd,03,01,00,01,05,00,b230,00,03,2e
1482,60ef,ff,fd,03,00,37,208,00,0364,fe80,0378,2000,05,dc,01,00,00,000300,01,4180,156,02,e4,03,de,03,01,00,01,05,00,b230,00,03,2d
1483,6205,ff,fd,03,00,37,208,00,0364,fe80,0378,2000,05,dc,01,00,00,000300,01,4180,156,02,e4,03,df,03,01,00,01,05,00,b230,00,03,2c
1484,622f,ff,fd,03,00,37,208,00,0364,fe80,0378,2000,05,dc,01,00,00,000300,01,4180,156,02,e4,03,e0,03,01,00,01,05,00,b230,00,03,2b
1485,60f6,ff,fd,03,00,37,208,00,0364,fe80,0378,2000,05,dc,01,00,00,000300,01,4180,156,02,e4,03,e1,03,01,00,01,05,00,b230,00,03,2a
1486,622e,ff,fd,03,00,37,208,00,0364,fe80,0378,2000,05,dc,01,00,00,000300,01,4180,156,02,e4,03,e2,03,01,00,01,05,00,b230,00,03,29
1487,60f2,ff,fd,03,00,37,208,00,0364,fe80,0378,2000,05,dc,01,00,00,000300,01,4180,156,02,e4,03,e3,03,01,00,01,05,00,b230,00,03,28
1488,6208,ff,fd,03,00,37,208,00,0364,fe80,0378,2000,05,dc,01,00,00,000300,01,4180,156,02,e4,03,e4,03,01,00,01,05,00,b230,00,03,27
1489,60f1,ff,fd,03,00,37,208,00,0364,fe80,0378,2000,05,dc,01,00,00,000300,01,4180,156,02,e4,03,e5,03,01,00,01,05,00,b230,00,03,26
1490,6205,ff,fd,03,00,37,208,00,0364,fe80,0378,2000,05,dc,01,00,00,000300,01,4180,156,02,e4,03,e6,03,01,00,01,05,00,b230,00,03,25
1491,60ef,ff,fd,03,00,37,208,00,0364,fe80,0378,2000,05,dc,01,00,00,000300,01,4180,156,02,e4,03,e7,03,01,00,01,05,00,b230,00,03,24
1492,6203,ff,fd,03,00,37,208,00,0364,fe80,0378,2000,05,dc,01,00,00,000300,01,4180,156,02,e4,03,e8,03,01,00,01,05,00,b230,00,03,23
1493,6230,ff,fd,03,00,37,208,00,0364,fe80,0378,2000,05,dc,01,00,00,000300,01,4180,156,02,e4,03,e9,03,01,00,01,05,00,b230,00,03,22
1494,60f4,ff,fd,03,00,37,208,00,0364,fe80,0378,2000,05,dc,01,00,00,000300,01,4180,156,02,e4,03,ea,03,01,00,01,05,00,b230,00,03,21
1495,622e,ff,fd,03,00,37,208,00,0364,fe80,0378,2000,05,dc,01,00,00,000300,01,4180,156,02,e4,03,eb,03,01,00,01,05,00,b230,00,03,20
1496,60f1,ff,fd,03,00,37,208,00,0364,fe80,0378,2000,05,dc,01,00,00,000300,01,4180,156,02,e4,03,ec,03,01,00,01,05,00,b230,00,03,1f
1497,6208,ff,fd,03,00,37,208,00,0364,fe80,0378,2000,05,dc,01,00,00,000300,01,4180,156,02,e4,03,ed,03,01,00,01,05,00,b230,00,03,1e
1498,60ef,ff,fd,03,00,37,208,00,0364,fe80,0378,2000,05,dc,01,00,00,000300,01,4180,156,02,e4,03,ee,03,01,00,01,05,00,b230,00,03,1d
1499,6205,ff,fd,03,00,37,208,00,0364,fe80,0378,2000,05,dc,01,00,00,000300,01,4180,156,02,e4,03,ef,03,01,00,01,05,00,b230,00,03,1c
1500,60ee,ff,fd,03,00,37,208,00,0364,fe80,0378,2000,05,dc,01,00,00,000300,01,4180,156,02,e4,03,f0,03,01,00,01,05,00,b230,00,03,1b
1501,6204,ff,fd,03,00,37,208,00,0364,fe80,0378,2000,05,dc,01,00,00,000300,01,4180,156,02,e4,03,f1,03,01,00,01,05,00,b230,00,03,1a
1502,622e,ff,fd,03,00,37,208,00,0364,fe80,0378,2000,05,dc,01,00,00,000300,01,4180,156,02,e4,03,f2,03,01,00,01,05,00,b230,00,03,19
1503,60f5,ff,fd,03,00,37,208,00,0364,fe80,0378,2000,05,dc,01,00,00,000300,01,4180,156,02,e4,03,f3,03,01,00,01,05,00,b230,00,03,18
1504,622e,ff,fd,03,00,37,208,00,0364,fe80,0378,2000,05,dc,01,00,00,000300,01,4180,156,02,e4,03,f4,03,01,00,01,05,00,b230,00,03,17
1505,60f1,ff,fd,03,00,37,208,00,0364,fe80,0378,2000,05,dc,01,00,00,000300,01,4180,156,02,e4,03,f5,03,01,00,01,05,00,b230,00,03,16
1506,6207,ff,fd,03,00,37,208,00,0364,fe80,0378,2000,05,dc,01,00,00,000300,01,4180,156,02,e4,03,f6,03,01,00,01,05,00,b230,00,03,15
1507,60f0,ff,fd,03,00,37,208,00,0364,fe80,0378,2000,05,dc,01,00,00,000300,01,4180,156,02,e4,03,f7,03,01,00,01,05,00,b230,00,03,14
1508,6205,ff,fd,03,00,37,208,00,0364,fe80,0378,2000,05,dc,01,00,00,000300,01,4180,156,02,e4,03,f8,03,01,00,01,05,00,b230,00,03,13
1509,60ef,ff,fd,03,00,37,208,00,0364,fe80,0378,2000,05,dc,01,00,00,000300,01,4180,156,02,e4,03,f9,03,01,00,01,05,00,b230,00,03,12
1510,60f6,ff,fd,03,00,37,208,00,0364,fe80,0378,2000,05,dc,01,00,00,000300,01,4180,156,02,e4,03,fa,03,01,00,01,05,00,b230,00,03,11
1511,622f,ff,fd,03,00,37,208,00,0364,fe80,0378,2000,05,dc,01,00,00,000300,01,4180,156,02,e4,03,fb,03,01,00,01,05,00,b230,00,03,10
1512,60f3,ff,fd,03,00,37,208,00,0364,fe80,0378,2000,05,dc,01,00,00,000300,01,4180,156,02,e4,03,fc,03,01,00,01,05,00,b230,00,03,0f
1513,622e,ff,fd,03,00,37,208,00,0364,fe80,0378,2000,05,dc,01,00,00,000300,01,4180,156,02,e4,03,fd,03,01,00,01,05,00,b230,00,03,0e
1514,60f1,ff,fd,03,00,37,208,00,0364,fe80,0378,2000,05,dc,01,00,00,000300,01,4180,156,02,e4,03,fe,03,01,00,01,05,00,b230,00,03,0d
1515,6208,ff,fd,03,00,37,208,00,0364,fe80,0378,2000,05,dc,01,00,00,000300,01,4180,156,02,e4,03,ff,03,01,00,01,05,00,b230,00,03,0c
1516,60ef,ff,fd,03,00,37,208,00,0364,fe80,0378,2000,05,dc,01,00,00,000300,01,4180,156,02,e4,03,00,03,01,00,01,05,00,b230,00,03,0b
1517,6205,ff,fd,03,00,37,208,00,0364,fe80,0378,2000,05,dc,01,00,00,000300,01,4180,156,02,e4,03,01,03,01,00,01,05,00,b230,00,03,0a
1518,6231,ff,fd,03,00,37,208,00,0364,fe80,0378,2000,05,dc,01,00,00,000300,01,4180,156,02,e4,03,02,03,01,00,01,05,00,b230,00,03,09
1519,6203,ff,fd,03,00,37,208,00,0364,fe80,0378,2000,05,dc,01,00,00,000300,01,4180,156,02,e4,03,03,03,01,00,01,05,00,b230,00,03,08
1520,622e,ff,fd,03,00,37,208,00,0364,fe80,0378,2000,05,dc,01,00,00,000300,01,4180,156,02,e4,03,04,03,01,00,01,05,00,b230,00,03,07
1521,60f4,ff,fd,03,00,37,208,00,0364,fe80,0378,2000,05,dc,01,00,00,000300,01,4180,156,02,e4,03,05,03,01,00,01,05,00,b230,00,03,06
1522,622d,ff,fd,03,00,37,208,00,0364,fe80,0378,2000,05,dc,01,00,00,000300,01,4180,156,02,e4,03,06,03,01,00,01,05,00,b230,00,03,05
1523,60f1,ff,fd,03,00,37,208,00,0364,fe80,0378,2000,05,dc,01,00,00,000300,01,4180,156,02,e4,03,07,03,01,00,01,05,00,b230,00,03,04
1524,6206,ff,fd,03,00,37,208,00,0364,fe80,0378,2000,05,dc,01,00,00,000300,01,4180,156,02,e4,03,08,03,01,00,01,05,00,b230,00,03,03
1525,60ef,ff,fd,03,00,37,208,00,0364,fe80,0378,2000,05,dc,01,00,00,000300,01,4180,156,02,e4,03,09,03,01,00,01,05,00,b230,00,03,02
1526,6205,ff,fd,03,00,37,208,00,0364,fe80,0378,2000,05,dc,01,00,00,000300,01,4180,156,02,e4,03,0a,03,01,00,01,05,00,b230,00,03,01
1527,622e,ff,fd,03,00,37,208,00,0364,fe80,0278,2000,05,dc,01,00,00,000300,01,4180,156,02,e4,03,0b,03,01,00,02,05,00,b230,00,05,00
1528,622e,ff,fd,03,00,37,208,00,0364,fe80,0278,2000,05,dc,01,00,00,000300,01,4180,156,02,e4,03,0c,02,01,00,02,05,00,b230,00,06,00
1529,60f4,ff,fd,03,00,37,208,00,0364,fe80,0278,2000,05,dc,01,00,00,000300,01,4180,156,02,e4,03,0d,02,01,00,02,05,00,b230,00,00,00
1530,6206,ff,fd,03,00,37,208,00,0364,fe80,0278,2000,05,dc,01,00,00,000300,01,4180,156,02,e4,03,0e,02,01,00,02,05,00,b230,01,00,00
1531,60f5,ff,fd,00,00,0,0,00,0364,fe80,0278,2000,05,dc,01,00,00,000300,00,0000,0,00,00,00,0f,02,01,00,02,05,00,b230,01,00,00
1532,6205,ff,fd,00,00,0,0,00,0364,fe80,0278,2000,05,dc,01,00,00,000300,00,0000,0,00,00,00,10,02,01,00,02,05,00,b230,01,00,00
1533,622e,ff,fd,00,00,0,0,00,0364,fe80,0278,2000,05,dc,01,00,00,000300,00,0000,0,00,00,00,11,02,01,00,02,05,00,b230,01,00,00
1534,6230,ff,fd,00,00,0,0,00,0364,fe80,0278,2000,05,dc,01,00,00,000300,00,0000,0,00,00,00,12,02,01,00,02,05,00,b230,01,00,00
1535,60f1,ff,fd,00,00,0,0,00,0364,fe80,0278,2000,05,dc,01,00,00,000300,00,0000,0,00,00,00,13,02,01,00,02,05,00,b230,01,00,00
1536,60f4,ff,fd,00,00,0,0,00,0364,fe80,0278,2000,05,dc,01,00,00,000300,00,0000,0,00,00,00,14,02,01,00,02,05,00,b230,01,00,00
1537,6206,ff,fd,00,00,0,0,00,0364,fe80,0278,2000,05,dc,01,00,00,000300,00,0000,0,00,00,00,15,02,01,00,02,05,00,b230,01,00,00
1538,622d,ff,fd,00,00,0,0,00,0364,fe80,0278,2000,05,dc,01,00,00,000300,00,0000,0,00,00,00,16,02,01,00,02,05,00,b230,01,00,00
1539,60ef,ff,fd,00,00,0,0,00,0364,fe80,0278,2000,05,dc,01,00,00,000300,00,0000,0,00,00,00,17,02,01,00,02,05,00,b230,01,00,00
1540,60f1,ff,fd,00,00,0,0,00,0364,fe80,0278,2000,05,dc,01,00,00,000300,00,0000,0,00,00,00,18,02,01,00,02,05,00,b230,01,00,00
1541,60f6,ff,fd,00,00,0,0,00,0364,fe80,0278,2000,05,dc,01,00,00,000300,00,0000,0,00,00,00,19,02,01,00,02,05,00,b230,01,00,00
1542,6205,ff,fd,00,00,0,0,00,0364,fe80,0278,2000,05,dc,01,00,00,000300,00,0000,0,00,00,00,1a,02,01,00,02,05,00,b230,01,00,00
1543,622e,ff,fd,00,00,0,0,00,0364,fe80,0278,2000,05,dc,01,00,00,000300,00,0000,0,00,00,00,1b,02,01,00,02,05,00,b230,01,00,00
1544,6231,ff,fd,00,00,0,0,00,0364,fe80,0278,2000,05,dc,01,00,00,000300,00,0000,0,00,00,00,1c,02,01,00,02,05,00,b230,01,00,00
1545,60f2,ff,fd,00,00,0,0,00,0364,fe80,0278,2000,05,dc,01,00,00,000300,00,0000,0,00,00,00,1d,02,01,00,02,05,00,b230,01,00,00
1546,60f6,ff,fd,00,00,0,0,00,0364,fe80,0278,2000,05,dc,01,00,00,000300,00,0000,0,00,00,00,1e,02,01,00,02,05,00,b230,01,00,00
1547,6207,ff,fd,00,00,0,0,00,0364,fe80,0278,2000,05,dc,01,00,00,000300,00,0000,0,00,00,00,1f,02,01,00,02,05,00,b230,01,00,00
1548,622e,ff,fd,00,00,0,0,00,0364,fe80,0278,2000,05,dc,01,00,00,000300,00,0000,0,00,00,00,20,02,01,00,02,05,00,b230,01,00,00
1549,60ef,ff,fd,00,00,0,0,00,0364,fe80,0278,2000,05,dc,01,00,00,000300,00,0000,0,00,00,00,21,02,01,00,02,05,00,b230,01,00,00
1550,60f1,ff,fd,00,00,0,0,00,0364,fe80,0278,2000,05,dc,01,00,00,000300,00,0000,0,00,00,00,22,02,01,00,02,05,00,b230,01,00,00
1551,6205,ff,fd,00,00,0,0,00,0364,fe80,0278,2000,05,dc,01,00,00,000300,00,0000,0,00,00,00,23,02,01,00,02,05,00,b230,01,00,00
1552,6206,ff,fd,00,00,0,0,00,0364,fe80,0278,2000,05,dc,01,00,00,000300,00,0000,0,00,00,00,24,02,01,00,02,05,00,b230,01,00,00
1553,6205,ff,fd,00,00,0,0,00,0364,fe80,0200,2000,05,dc,01,00,00,000300,00,0000,0,00,00,00,25,02,01,00,02,05,00,b230,00,01,00
1554,622d,ff,fd,00,00,0,0,00,0364,fe80,0200,2000,05,dc,01,00,00,000300,00,0000,0,00,00,00,26,02,01,00,02,05,00,b230,02,01,00
1555,6208,ff,fd,00,00,0,0,00,0364,fe80,0200,2000,05,dc,01,00,00,000300,00,0000,0,00,00,00,27,02,01,00,02,05,00,b230,00,02,00
1556,622e,ff,fd,00,00,0,0,00,0364,fe80,0200,2000,05,dc,01,00,00,000300,00,0000,0,00,00,00,28,02,01,00,02,05,00,b230,02,02,00
1557,60f2,ff,fd,00,00,0,0,00,0364,fe80,0200,2000,05,dc,01,00,00,000300,00,0000,0,00,00,00,29,02,01,00,02,05,00,b230,01,02,00
1558,622e,ff,fd,00,00,0,0,00,0364,fe80,0200,2000,05,dc,01,00,00,000300,00,0000,0,00,00,00,2a,02,01,00,02,05,00,b230,02,02,00
1559,60f2,ff,fd,00,00,0,0,00,0364,fe80,0200,2000,05,dc,01,00,00,000300,00,0000,0,00,00,00,2b,02,01,00,02,05,00,b230,01,02,00
1560,622e,ff,fd,00,00,0,0,00,0364,fe80,0200,2000,05,dc,01,00,00,000300,00,0000,0,00,00,00,2c,02,01,00,02,05,00,b230,02,02,00
1561,60f2,ff,fd,00,00,0,0,00,0364,fe80,0200,2000,05,dc,01,00,00,000300,00,0000,0,00,00,00,2d,02,01,00,02,05,00,b230,01,02,00
1562,622e,ff,fd,00,00,0,0,00,0364,fe80,0200,2000,05,dc,01,00,00,000300,00,0000,0,00,00,00,2e,02,01,00,02,05,00,b230,02,02,00
1563,60f2,ff,fd,00,00,0,0,00,0364,fe80,0200,2000,05,dc,01,00,00,000300,00,0000,0,00,00,00,2f,02,01,00,02,05,00,b230,01,02,00
1564,622e,ff,fd,00,00,0,0,00,0364,fe80,0200,2000,05,dc,01,00,00,000300,00,0000,0,00,00,00,30,02,01,00,02,05,00,b230,02,02,00
1565,60f1,ff,fd,00,00,0,0,00,0364,fe80,0200,2000,05,dc,01,00,00,000300,00,0000,0,00,00,00,31,02,01,00,02,05,00,b230,01,02,00
1566,622e,ff,fd,00,00,0,0,00,0364,fe80,0200,2000,05,dc,01,00,00,000300,00,0000,0,00,00,00,32,02,01,00,02,05,00,b230,02,02,00
1567,60f1,ff,fd,00,00,0,0,00,0364,fe80,0200,2000,05,dc,01,00,00,000300,00,0000,0,00,00,00,33,02,01,00,02,05,00,b230,01,02,00
1568,622e,ff,fd,00,00,0,0,00,0364,fe80,0200,2000,05,dc,01,00,00,000300,00,0000,0,00,00,00,34,02,01,00,02,05,00,b230,02,02,00
1569,60f1,ff,fd,00,00,0,0,00,0364,fe80,0200,2000,05,dc,01,00,00,000300,00,0000,0,00,00,00,35,02,01,00,02,05,00,b230,01,02,00
1570,622e,ff,fd,00,00,0,0,00,0364,fe80,0200,2000,05,dc,01,00,00,000300,00,0000,0,00,00,00,36,02,01,00,02,05,00,b230,02,02,00
1571,60f1,ff,fd,00,00,0,0,00,0364,fe80,0200,2000,05,dc,01,00,00,000300,00,0000,0,00,00,00,37,02,01,00,02,05,00,b230,01,02,00
1572,622e,ff,fd,00,00,0,0,00,0364,fe80,0200,2000,05,dc,01,00,00,000300,00,0000,0,00,00,00,38,02,01,00,02,05,00,b230,02,02,00
1573,6205,ff,fd,00,00,0,0,00,0364,fe80,0200,2000,05,dc,01,00,00,000300,00,0000,0,00,00,00,39,02,01,00,02,05,00,b230,01,02,00
1574,60f0,ff,fd,00,00,0,0,00,0364,fe80,0200,2000,05,dc,01,00,00,000300,00,0000,0,00,00,00,3a,02,01,00,02,05,00,b230,02,02,00
1575,6231,ff,fd,00,00,0,0,00,0364,fe80,0200,2000,05,dc,01,00,00,000300,00,0000,0,00,00,00,3b,02,01,00,02,05,00,b230,01,02,00
1576,6205,ff,fd,00,00,0,0,00,0364,fe80,0200,2000,05,dc,01,00,00,000300,00,0000,0,00,00,00,3c,02,01,00,02,05,00,b230,02,02,00
1577,60f2,ff,fd,00,00,0,0,00,0364,fe80,0200,2000,05,dc,01,00,00,000300,00,0000,0,00,00,00,3d,02,01,00,02,05,00,b230,01,02,00
1578,622e,ff,fd,00,00,0,0,00,0364,fe80,0200,2000,05,dc,01,00,00,000300,00,0000,0,00,00,00,3e,02,01,00,02,05,00,b230,02,02,00
1579,6206,ff,fd,00,00,0,0,00,0364,fe80,0200,2000,05,dc,01,00,00,000300,00,0000,0,00,00,00,3f,02,01,00,02,05,00,b230,01,02,00
1580,60f1,ff,fd,00,00,0,0,00,0364,fe80,0200,2000,05,dc,01,00,00,000300,00,0000,0,00,00,00,40,02,01,00,02,05,00,b230,02,02,00
1581,6231,ff,fd,00,00,0,0,00,0364,fe80,0200,2000,05,dc,01,00,00,000300,00,0000,0,00,00,00,41,02,01,00,02,05,00,b230,01,02,00
1582,6205,ff,fd,00,00,0,0,00,0364,fe80,0200,2000,05,dc,01,00,00,000300,00,0000,0,00,00,00,42,02,01,00,02,05,00,b230,02,02,00
1583,60f2,ff,fd,00,00,0,0,00,0364,fe80,0200,2000,05,dc,01,00,00,000300,00,0000,0,00,00,00,43,02,01,00,02,05,00,b230,01,02,00
1584,622e,ff,fd,00,00,0,0,00,0364,fe80,0200,2000,05,dc,01,00,00,000300,00,0000,0,00,00,00,44,02,01,00,02,05,00,b230,02,02,00
1585,6206,ff,fd,00,00,0,0,00,0364,fe80,0200,2000,05,dc,01,00,00,000300,00,0000,0,00,00,00,45,02,01,00,02,05,00,b230,01,02,00
1586,60f1,ff,fd,00,00,0,0,00,0364,fe80,0200,2000,05,dc,01,00,00,000300,00,0000,0,00,00,00,46,02,01,00,02,05,00,b230,02,02,00
1587,60ef,ff,fd,00,00,0,0,00,0364,fe80,0200,2000,05,dc,01,00,00,000300,00,0000,0,00,00,00,47,02,01,00,02,05,00,b230,01,02,00
1588,6207,ff,fd,00,00,0,0,00,0364,fe80,0200,2000,05,dc,01,00,00,000300,00,0000,0,00,00,00,48,02,01,00,02,05,00,b230,02,02,00
1589,60f1,ff,fd,00,00,0,0,00,0364,fe80,0200,2000,05,dc,01,00,00,000300,00,0000,0,00,00,00,49,02,01,00,02,05,00,b230,01,02,00
1590,622e,ff,fd,00,00,0,0,00,0364,fe80,0200,2000,05,dc,01,00,00,000300,00,0000,0,00,00,00,4a,02,01,00,02,05,00,b230,02,02,00
1591,622e,ff,fd,00,00,0,0,00,0364,fe80,0200,2000,05,dc,01,00,00,000300,00,0000,0,00,00,00,4b,02,01,00,02,05,00,b230,01,02,00
1592,60f3,ff,fd,00,00,0,0,00,0364,fe80,0200,2000,05,dc,01,00,00,000300,00,0000,0,00,00,00,4c,02,01,00,02,05,00,b230,02,02,00
1593,622e,ff,fd,00,00,0,0,00,0364,fe80,0200,2000,05,dc,01,00,00,000300,00,0000,0,00,00,00,4d,02,01,00,02,05,00,b230,01,02,00
1594,60f3,ff,fd,00,00,0,0,00,0364,fe80,0200,2000,05,dc,01,00,00,000300,00,0000,0,00,00,00,4e,02,01,00,02,05,00,b230,02,02,00
1595,622d,ff,fd,00,00,0,0,00,0364,fe80,0200,2000,05,dc,01,00,00,000300,00,0000,0,00,00,00,4f,02,01,00,02,05,00,b230,01,02,00
1596,60f3,ff,fd,00,00,0,0,00,0364,fe80,0200,2000,05,dc,01,00,00,000300,00,0000,0,00,00,00,50,02,01,00,02,05,00,b230,02,02,00
1597,60ef,ff,fd,00,00,0,0,00,0364,fe80,0200,2000,05,dc,01,00,00,000300,00,0000,0,00,00,00,51,02,01,00,02,05,00,b230,01,02,00
1598,6205,ff,fd,00,00,0,0,00,0364,fe80,0200,2000,05,dc,01,00,00,000300,00,0000,0,00,00,00,52,02,01,00,02,05,00,b230,02,02,00
1599,60f3,ff,fd,00,00,0,0,00,0364,fe80,0200,2000,05,dc,01,00,00,000300,00,0000,0,00,00,00,53,02,01,00,02,05,00,b230,01,02,00
1600,622e,ff,fd,00,00,0,0,00,0364,fe80,0200,2000,05,dc,01,00,00,000300,00,0000,0,00,00,00,54,02,01,00,02,05,00,b230,02,02,00
1601,60f6,ff,fd,00,00,0,0,00,0364,fe80,0200,2000,05,dc,01,00,00,000300,00,0000,0,00,00,00,55,02,01,00,02,05,00,b230,01,02,00
1602,6231,ff,fd,00,00,0,0,00,0364,fe80,0200,2000,05,dc,01,00,00,000300,00,0000,0,00,00,00,56,02,01,00,02,05,00,b230,02,02,00
1603,622f,ff,fd,00,00,0,0,00,0364,fe80,0200,2000,05,dc,01,00,00,000300,00,0000,0,00,00,00,57,02,01,00,02,05,00,b230,01,02,00
1604,6203,ff,fd,00,00,0,0,00,0364,fe80,0200,2000,05,dc,01,00,00,000300,00,0000,0,00,00,00,58,02,01,00,02,05,00,b230,02,02,00
1605,60ef,ff,fd,00,00,0,0,00,0364,fe80,0200,2000,05,dc,01,00,00,000300,00,0000,0,00,00,00,59,02,01,00,02,05,00,b230,01,02,00
1606,6205,ff,fd,00,00,0,0,00,0364,fe80,0200,2000,05,dc,01,00,00,000300,00,0000,0,00,00,00,5a,02,01,00,02,05,00,b230,02,02,00
1607,60f0,ff,fd,00,00,0,0,00,0364,fe80,0200,2000,05,dc,01,00,00,000300,00,0000,0,00,00,00,5b,02,01,00,02,05,00,b230,01,02,00
1608,6208,ff,fd,00,00,0,0,00,0364,fe80,0200,2000,05,dc,01,00,00,000300,00,0000,0,00,00,00,5c,02,01,00,02,05,00,b230,02,02,00
1609,60f2,ff,fd,00,00,0,0,00,0364,fe80,0200,2000,05,dc,01,00,00,000300,00,0000,0,00,00,00,5d,02,01,00,02,05,00,b230,01,02,00
1610,622e,ff,fd,00,00,0,0,00,0364,fe80,0200,2000,05,dc,01,00,00,000300,00,0000,0,00,00,00,5e,02,01,00,02,05,00,b230,02,02,00
1611,60f6,ff,fd,00,00,0,0,00,0364,fe80,0200,2000,05,dc,01,00,00,000300,00,0000,0,00,00,00,5f,02,01,00,02,05,00,b230,01,02,00
1612,6231,ff,fd,00,00,0,0,00,0364,fe80,0200,2000,05,dc,01,00,00,000300,00,0000,0,00,00,00,60,02,01,00,02,05,00,b230,02,02,00
1613,6205,ff,fd,00,00,0,0,00,0364,fe80,0200,2000,05,dc,01,00,00,000300,00,0000,0,00,00,00,61,02,01,00,02,05,00,b230,01,02,00
1614,60ef,ff,fd,00,00,0,0,00,0364,fe80,0200,2000,05,dc,01,00,00,000300,00,0000,0,00,00,00,62,02,01,00,02,05,00,b230,02,02,00
1615,6206,ff,fd,00,00,0,0,00,0364,fe80,0200,2000,05,dc,01,00,00,000300,00,0000,0,00,00,00,63,02,01,00,02,05,00,b230,01,02,00
1616,60f1,ff,fd,00,00,0,0,00,0364,fe80,0200,2000,05,dc,01,00,00,000300,00,0000,0,00,00,00,64,02,01,00,02,05,00,b230,02,02,00
1617,622e,ff,fd,00,00,0,0,00,0364,fe80,0200,2000,05,dc,01,00,00,000300,00,0000,0,00,00,00,65,02,01,00,02,05,00,b230,01,02,00
1618,60f3,ff,fd,00,00,0,0,00,0364,fe80,0200,2000,05,dc,01,00,00,000300,00,0000,0,00,00,00,66,02,01,00,02,05,00,b230,02,02,00
1619,622e,ff,fd,00,00,0,0,00,0364,fe80,0200,2000,05,dc,01,00,00,000300,00,0000,0,00,00,00,67,02,01,00,02,05,00,b230,01,02,00
1620,6203,ff,fd,00,00,0,0,00,0364,fe80,0200,2000,05,dc,01,00,00,000300,00,0000,0,00,00,00,68,02,01,00,02,05,00,b230,02,02,00
1621,622e,ff,fd,00,00,0,0,00,0364,fe80,0200,2000,05,dc,01,00,00,000300,00,0000,0,00,00,00,69,02,01,00,02,05,00,b230,03,02,00
1622,6230,ff,fd,00,00,0,0,00,0364,fe80,0200,2000,05,dc,01,00,00,000300,00,0000,0,00,00,00,6a,02,01,00,02,05,00,b230,00,03,00
1623,6205,ff,fd,01,00,37,208,00,0000,0000,0200,1000,05,10,00,00,00,000300,00,0000,156,00,e4,00,6b,02,01,00,02,6b,00,0000,00,03,00
1624,60f6,ff,fd,01,00,37,208,00,0000,fe80,03fe,0e00,05,10,00,00,00,000300,00,0000,156,00,e4,00,6c,02,01,00,02,6b,00,0200,00,03,00
1625,60f6,ff,fd,01,00,37,208,00,0000,fe80,03fd,0c00,05,10,00,00,00,000300,00,0000,156,00,e4,00,6d,02,01,00,02,6b,00,0400,00,03,00
1626,60ef,ff,fd,01,00,37,208,00,0000,fe80,03fb,0a00,05,10,00,00,00,000300,00,0000,156,00,e4,00,6e,02,01,00,02,6b,00,0600,00,03,00
1627,60ee,ff,fd,01,00,37,208,00,0000,fe80,03fa,0800,05,10,00,00,00,000300,00,0000,156,00,e4,00,6f,02,01,00,02,6b,00,0800,00,03,00
1628,622f,ff,fd,01,00,37,208,00,0000,fe80,03f8,0600,05,10,00,00,00,000300,00,0000,156,00,e4,00,70,02,01,00,02,6b,00,0a00,00,03,00
1629,622f,ff,fd,01,00,37,208,00,0000,fe80,03f7,0400,05,10,00,00,00,000300,00,0000,156,00,e4,00,71,02,01,00,02,6b,00,0c00,00,03,00
1630,622e,ff,fd,01,00,37,208,00,0000,fe80,03f5,0200,05,10,00,00,00,000300,00,0000,156,00,e4,00,72,02,01,00,02,6b,00,0e00,00,03,00
1631,60f5,ff,fd,01,00,37,208,01,0000,fe80,03f4,0000,05,10,00,00,00,000300,00,0000,156,00,e4,00,73,02,01,00,02,6b,00,1000,00,03,00
1632,622e,ff,fd,01,00,37,208,01,0000,fe80,03f2,e400,06,e4,00,00,26,000300,01,fd80,144,01,41,80,74,02,02,00,02,6c,00,1200,00,03,00
1633,6205,ff,fd,01,00,37,208,01,0000,fe80,03f1,e200,06,e4,00,00,26,000300,01,fb80,144,01,41,80,75,02,02,00,02,6c,00,1400,00,03,00
1634,6204,ff,fd,01,00,37,208,01,0000,fe80,03ef,e000,06,e4,00,00,26,000300,01,f980,144,01,41,80,76,02,02,00,02,6c,00,1600,00,03,00
1635,6231,ff,fd,01,00,37,208,01,0000,fe80,03ee,de00,06,e4,00,00,26,000300,01,f780,144,01,41,80,77,02,02,00,02,6c,00,1800,00,03,00
1636,60f5,ff,fd,01,00,37,208,01,0000,fe80,03ec,dc00,06,e4,00,00,26,000300,01,f580,144,01,41,80,78,02,02,00,02,6c,00,1a00,00,03,00
1637,6205,ff,fd,01,00,37,208,01,0000,fe80,03eb,da00,06,e4,00,00,26,000300,01,f380,144,01,41,80,79,02,02,00,02,6c,00,1c00,00,03,00
1638,6231,ff,fd,01,00,37,208,01,0000,fe80,03e9,d800,06,e4,00,00,26,000300,01,f180,144,01,41,80,7a,02,02,00,02,6c,00,1e00,00,03,00
1639,60ef,ff,fd,01,00,37,208,02,0000,fe80,03e8,d600,06,e4,00,00,26,000300,01,ef80,144,01,41,80,7b,02,02,00,02,6c,00,2000,00,03,00
1640,6203,ff,fd,01,00,37,208,02,0000,fe80,03e6,d400,06,e4,00,00,26,000300,01,ed80,144,01,41,80,7c,02,02,00,02,6c,00,2200,00,03,00
1641,6231,ff,fd,01,00,37,208,02,0000,fe80,03e5,d200,06,e4,00,00,26,000300,01,eb80,144,01,41,80,7d,02,02,00,02,6c,00,2400,00,03,00
1642,60f4,ff,fd,01,00,37,208,02,0000,fe80,03e3,d000,06,e4,00,00,26,000300,01,e980,144,01,41,80,7e,02,02,00,02,6c,00,2600,00,03,00
1643,622e,ff,fd,01,00,37,208,02,0000,fe80,03e2,ce00,06,e4,00,00,26,000300,01,e780,144,01,41,80,7f,02,02,00,02,6c,00,2800,00,03,00
1644,622e,ff,fd,01,00,37,208,02,0000,fe80,03e0,cc00,06,e4,00,00,26,000300,01,e580,144,01,41,80,80,02,02,00,02,6c,00,2a00,00,03,00
1645,60f1,ff,fd,01,00,37,208,02,0000,fe80,03df,ca00,06,e4,00,00,26,000300,01,e380,144,01,41,80,81,02,02,00,02,6c,00,2c00,00,03,00
1646,60f1,ff,fd,01,00,37,208,00,0000,fe80,03dd,c800,06,e4,00,00,26,000300,01,e180,144,01,41,80,82,02,02,00,02,6c,00,2e00,00,03,00
1647,6205,ff,fd,01,00,37,208,00,0000,fe80,03dc,c600,06,e4,00,00,26,000300,01,df80,144,01,41,80,83,02,02,00,02,6c,00,3000,00,03,00
1648,6231,ff,fd,01,00,37,208,00,0000,fe80,03da,c400,06,e4,00,00,26,000300,01,dd80,144,01,41,80,84,02,02,00,02,6c,00,3200,00,03,00
1649,60f6,ff,fd,01,00,37,208,00,0000,fe80,03d9,c200,06,e4,00,00,26,000300,01,db80,144,01,41,80,85,02,02,00,02,6c,00,3400,00,03,00
1650,622e,ff,fd,01,00,37,208,00,0000,fe80,03d7,c000,06,e4,00,00,26,000300,01,d980,144,01,41,80,86,02,02,00,02,6c,00,3600,00,03,00
1651,60f3,ff,fd,01,00,37,208,00,0000,fe80,03d6,be00,06,e4,00,00,26,000300,01,d780,144,01,41,80,87,02,02,00,02,6c,00,3800,00,03,00
1652,6208,ff,fd,01,00,37,208,00,0000,fe80,03d4,bc00,06,e4,00,00,26,000300,01,d580,144,01,41,80,88,02,02,00,02,6c,00,3a00,00,03,00
1653,60f0,ff,fd,01,00,37,208,01,0000,fe80,03d3,ba00,06,e4,00,00,26,000300,01,d380,144,01,41,80,89,02,02,00,02,6c,00,3c00,00,03,00
1654,60ef,ff,fd,01,00,37,208,01,0000,fe80,03d1,b800,06,e4,00,00,26,000300,01,d180,144,01,41,80,8a,02,02,00,02,6c,00,3e00,00,03,00
1655,6205,ff,fd,01,00,37,208,01,0000,fe80,03d0,b600,06,e4,00,00,26,000300,01,cf80,144,01,41,80,8b,02,02,00,02,6c,00,4000,00,03,00
1656,6230,ff,fd,01,00,37,208,01,0000,fe80,03ce,b400,06,e4,00,00,26,000300,01,cd80,144,01,41,80,8c,02,02,00,02,6c,00,4200,00,03,00
1657,60f6,ff,fd,01,00,37,208,01,0000,fe80,03cd,b200,06,e4,00,00,26,000300,01,cb80,144,01,41,80,8d,02,02,00,02,6c,00,4400,00,03,00
1658,622e,ff,fd,01,00,37,208,01,0000,fe80,03cb,b000,06,e4,00,00,26,000300,01,c980,144,01,41,80,8e,02,02,00,02,6c,00,4600,00,03,00
1659,60f2,ff,fd,01,00,37,208,01,0000,fe80,03ca,ae00,06,e4,00,00,26,000300,01,c780,144,01,41,80,8f,02,02,00,02,6c,00,4800,00,03,00
1660,6205,ff,fd,01,00,37,208,01,0000,fe80,03c8,ac00,06,e4,00,00,26,000300,01,c580,144,01,41,80,90,02,02,00,02,6c,00,4a00,00,03,00
1661,60f2,ff,fd,01,00,37,208,02,0000,fe80,03c7,aa00,06,e4,00,00,26,000300,01,c380,144,01,41,80,91,02,02,00,02,6c,00,4c00,00,03,00
1662,60f3,ff,fd,01,00,37,208,02,0000,fe80,03c5,a800,06,e4,00,00,26,000300,01,c180,144,01,41,80,92,02,02,00,02,6c,00,4e00,00,03,00
1663,622d,ff,fd,01,00,37,208,02,0000,fe80,03c4,a600,06,e4,00,00,26,000300,01,bf80,144,01,41,80,93,02,02,00,02,6c,00,5000,00,03,00
1664,60f3,ff,fd,01,00,37,208,02,0000,fe80,03c2,a400,06,e4,00,00,26,000300,01,bd80,144,01,41,80,94,02,02,00,02,6c,00,5200,00,03,00
1665,6205,ff,fd,01,00,37,208,02,0000,fe80,03c1,a200,06,e4,00,00,26,000300,01,bb80,144,01,41,80,95,02,02,00,02,6c,00,5400,00,03,00
1666,60ef,ff,fd,01,00,37,208,02,0000,fe80,03bf,a000,06,e4,00,00,26,000300,01,b980,144,01,41,80,96,02,02,00,02,6c,00,5600,00,03,00
1667,60f2,ff,fd,01,00,37,208,02,0000,fe80,03be,9e00,06,e4,00,00,26,000300,01,b780,144,01,41,80,97,02,02,00,02,6c,00,5800,00,03,00
1668,622e,ff,fd,01,00,37,208,00,0000,fe80,03bc,9c00,06,e4,00,00,26,000300,01,b580,144,01,41,80,98,02,02,00,02,6c,00,5a00,00,03,00
1669,622e,ff,fd,01,00,37,208,00,0000,fe80,03bb,9a00,06,e4,00,00,26,000300,01,b380,144,01,41,80,99,02,02,00,02,6c,00,5c00,00,03,00
1670,6208,ff,fd,01,00,37,208,00,0000,fe80,03b9,9800,06,e4,00,00,26,000300,01,b180,144,01,41,80,9a,02,02,00,02,6c,00,5e00,00,03,00
1671,622d,ff,fd,01,00,37,208,00,0000,fe80,03b8,9600,06,e4,00,00,26,000300,01,af80,144,01,41,80,9b,02,02,00,02,6c,00,6000,00,03,00
1672,60f1,ff,fd,01,00,37,208,00,0000,fe80,03b6,9400,06,e4,00,00,26,000300,01,ad80,144,01,41,80,9c,02,02,00,02,6c,00,6200,00,03,00
1673,622e,ff,fd,01,00,37,208,00,0000,fe80,03b5,9200,06,e4,00,00,26,000300,01,ab80,144,01,41,80,9d,02,02,00,02,6c,00,6400,00,03,00
1674,6205,ff,fd,01,00,37,208,00,0000,fe80,03b3,9000,06,e4,00,00,26,000300,01,a980,144,01,41,80,9e,02,02,00,02,6c,00,6600,00,03,00
1675,6205,ff,fd,01,00,37,208,01,0000,fe80,03b2,8e00,06,e4,00,00,26,000300,01,a780,144,01,41,80,9f,02,02,00,02,6c,00,6800,00,03,00
1676,622d,ff,fd,01,00,37,208,01,0000,fe80,03b0,8c00,06,e4,00,00,26,000300,01,a580,144,01,41,80,a0,02,02,00,02,6c,00,6a00,00,03,00
1677,60ef,ff,fd,01,00,37,208,01,0000,fe80,03af,8a00,06,e4,00,00,26,000300,01,a380,144,01,41,80,a1,02,02,00,02,6c,00,6c00,00,03,00
1678,60f2,ff,fd,01,00,37,208,01,0000,fe80,03ad,8800,06,e4,00,00,26,000300,01,a180,144,01,41,80,a2,02,02,00,02,6c,00,6e00,00,03,00
1679,6206,ff,fd,01,00,37,208,01,0000,fe80,03ac,8600,06,e4,00,00,26,000300,01,9f80,144,01,41,80,a3,02,02,00,02,6c,00,7000,00,03,00
1680,6204,ff,fd,01,00,37,208,01,0000,fe80,03aa,8400,06,e4,00,00,26,000300,01,9d80,144,01,41,80,a4,02,02,00,02,6c,00,7200,00,03,00
1681,622e,ff,fd,01,00,37,208,01,0000,fe80,03a9,8200,06,e4,00,00,26,000300,01,9b80,144,01,41,80,a5,02,02,00,02,6c,00,7400,00,03,00
1682,60f4,ff,fd,01,00,37,208,01,0000,fe80,03a7,8000,06,e4,00,00,26,000300,01,9980,144,01,41,80,a6,02,02,00,02,6c,00,7600,00,03,00
1683,6207,ff,fd,01,00,37,208,02,0000,fe80,03a6,7e00,06,e4,00,00,26,000300,01,9780,144,01,41,80,a7,02,02,00,02,6c,00,7800,00,03,00
1684,6203,ff,fd,01,00,37,208,02,0000,fe80,03a4,7c00,06,e4,00,00,26,000300,01,9580,144,01,41,80,a8,02,02,00,02,6c,00,7a00,00,03,00
1685,622e,ff,fd,01,00,37,208,02,0000,fe80,03a3,7a00,06,e4,00,00,26,000300,01,9380,144,01,41,80,a9,02,02,00,02,6c,00,7c00,00,03,00
1686,6230,ff,fd,01,00,37,208,02,0000,fe80,03a1,7800,06,e4,00,00,26,000300,01,9180,144,01,41,80,aa,02,02,00,02,6c,00,7e00,00,03,00
1687,6205,ff,fd,01,00,37,208,02,0000,fe80,03a0,7600,06,e4,00,00,26,000300,01,8f80,144,01,41,80,ab,02,02,00,02,6c,00,8000,00,03,00
1688,622e,ff,fd,01,00,37,208,02,0000,fe80,039e,7400,06,e4,00,00,26,000300,01,8d80,144,01,41,80,ac,02,02,00,02,6c,00,8200,00,03,00
1689,60f1,ff,fd,01,00,37,208,02,0000,fe80,039d,7200,06,e4,00,00,26,000300,01,8b80,144,01,41,80,ad,02,02,00,02,6c,00,8400,00,03,00
1690,60ef,ff,fd,01,00,37,208,00,0000,fe80,039b,7000,06,e4,00,00,26,000300,01,8980,144,01,41,80,ae,02,02,00,02,6c,00,8600,00,03,00
1691,6203,ff,fd,01,00,37,208,00,0000,fe80,039a,6e00,06,e4,00,00,26,000300,01,8780,144,01,41,80,af,02,02,00,02,6c,00,8800,00,03,00
1692,6231,ff,fd,01,00,37,208,00,0000,fe80,0398,6c00,06,e4,00,00,26,000300,01,8580,144,01,41,80,b0,02,02,00,02,6c,00,8a00,00,03,00
1693,6207,ff,fd,01,00,37,208,00,0000,fe80,0397,6a00,06,e4,00,00,26,000300,01,8380,144,01,41,80,b1,02,02,00,02,6c,00,8c00,00,03,00
1694,60f1,ff,fd,01,00,37,208,00,0000,fe80,0395,6800,06,e4,00,00,26,000300,01,8180,144,01,41,80,b2,02,02,00,02,6c,00,8e00,00,03,00
1695,6205,ff,fd,01,00,37,208,00,0000,fe80,0394,6600,06,e4,00,00,26,000300,01,7f80,144,01,41,80,b3,02,02,00,02,6c,00,9000,00,03,00
1696,622e,ff,fd,01,00,37,208,00,0000,fe80,0392,6400,06,e4,00,00,26,000300,01,7d80,144,01,41,80,b4,02,02,00,02,6c,00,9200,00,03,00
1697,60ef,ff,fd,01,00,37,208,01,0000,fe80,0391,6200,06,e4,00,00,26,000300,01,7b80,144,01,41,80,b5,02,02,00,02,6c,00,9400,00,03,00
1698,60f6,ff,fd,01,00,37,208,01,0000,fe80,038f,6000,06,e4,00,00,26,000300,01,7980,144,01,41,80,b6,02,02,00,02,6c,00,9600,00,03,00
1699,622e,ff,fd,01,00,37,208,01,0000,fe80,038e,5e00,06,e4,00,00,26,000300,01,7780,144,01,41,80,b7,02,02,00,02,6c,00,9800,00,03,00
1700,60ef,ff,fd,01,00,37,208,01,0000,fe80,038c,5c00,06,e4,00,00,26,000300,01,7580,144,01,41,80,b8,02,02,00,02,6c,00,9a00,00,03,00
1701,6203,ff,fd,01,00,37,208,01,0000,fe80,038b,5a00,06,e4,00,00,26,000300,01,7380,144,01,41,80,b9,02,02,00,02,6c,00,9c00,00,03,00
1702,60ee,ff,fd,01,00,37,208,01,0000,fe80,0389,5800,06,e4,00,00,26,000300,01,7180,144,01,41,80,ba,02,02,00,02,6c,00,9e00,00,03,00
1703,6208,ff,fd,01,00,37,208,01,0000,fe80,0388,5600,06,e4,00,00,26,000300,01,6f80,144,01,41,80,bb,02,02,00,02,6c,00,a000,00,03,00
1704,6205,ff,fd,01,00,37,208,01,0000,fe80,0386,5400,06,e4,00,00,26,000300,01,6d80,144,01,41,80,bc,02,02,00,02,6c,00,a200,00,03,00
1705,6204,ff,fd,01,00,37,208,02,0000,fe80,0385,5200,06,e4,00,00,26,000300,01,6b80,144,01,41,80,bd,02,02,00,02,6c,00,a400,00,03,00
1706,622e,ff,fd,01,00,37,208,02,0000,fe80,0383,5000,06,e4,00,00,26,000300,01,6980,144,01,41,80,be,02,02,00,02,6c,00,a600,00,03,00
1707,60f6,ff,fd,01,00,37,208,02,0000,fe80,0382,4e00,06,e4,00,00,26,000300,01,6780,144,01,41,80,bf,02,02,00,02,6c,00,a800,00,03,00
1708,6208,ff,fd,01,00,37,208,02,0000,fe80,0380,4c00,06,e4,00,00,26,000300,01,6580,144,01,41,80,c0,02,02,00,02,6c,00,aa00,00,03,00
1709,60ef,ff,fd,01,00,37,208,02,0000,fe80,037f,4a00,06,e4,00,00,26,000300,01,6380,144,01,41,80,c1,02,02,00,02,6c,00,ac00,00,03,00
1710,60f6,ff,fd,01,00,37,208,02,0000,fe80,037d,4800,06,e4,00,00,26,000300,01,6180,144,01,41,80,c2,02,02,00,02,6c,00,ae00,00,03,00
1711,6204,ff,fd,01,00,37,208,02,0000,fe80,037c,4600,06,e4,00,00,26,000300,01,5f80,144,01,41,80,c3,02,02,00,02,6c,00,b000,00,03,00
1712,6205,ff,fd,01,00,37,208,00,0000,fe80,037a,4400,06,e4,00,00,26,000300,01,5d80,144,01,41,80,c4,02,02,00,02,6c,00,b200,00,03,00
1713,60ef,ff,fd,01,00,37,208,00,0000,fe80,0379,4200,06,e4,00,00,26,000300,01,5b80,144,01,41,80,c5,02,02,00,02,6c,00,b400,00,03,00
1714,622f,ff,fd,01,00,37,208,00,0000,fe80,0377,4000,06,e4,00,00,26,000300,01,5980,144,01,41,80,c6,02,02,00,02,6c,00,b600,00,03,00
1715,60f2,ff,fd,01,00,37,208,00,0000,fe80,0376,3e00,06,e4,00,00,26,000300,01,5780,144,01,41,80,c7,02,02,00,02,6c,00,b800,00,03,00
1716,6205,ff,fd,01,00,37,208,00,0000,fe80,0374,3c00,06,e4,00,00,26,000300,01,5580,144,01,41,80,c8,02,02,00,02,6c,00,ba00,00,03,00
1717,60f1,ff,fd,01,00,37,208,00,0000,fe80,0373,3a00,06,e4,00,00,26,000300,01,5380,144,01,41,80,c9,02,02,00,02,6c,00,bc00,00,03,00
1718,6205,ff,fd,01,00,37,208,00,0000,fe80,0371,3800,06,e4,00,00,26,000300,01,5180,144,01,41,80,ca,02,02,00,02,6c,00,be00,00,03,00
1719,6205,ff,fd,01,00,37,208,01,0000,fe80,0370,3600,06,e4,00,00,26,000300,01,4f80,144,01,41,80,cb,02,02,00,02,6c,00,c000,00,03,00
1720,622e,ff,fd,01,00,37,208,01,0000,fe80,036e,3400,06,e4,00,00,26,000300,01,4d80,144,01,41,80,cc,02,02,00,02,6c,00,c200,00,03,00
1721,60ef,ff,fd,01,00,37,208,01,0000,fe80,036d,3200,06,e4,00,00,26,000300,01,4b80,144,01,41,80,cd,02,02,00,02,6c,00,c400,00,03,00
1722,6204,ff,fd,01,00,37,208,01,0000,fe80,036b,3000,06,e4,00,00,26,000300,01,4980,144,01,41,80,ce,02,02,00,02,6c,00,c600,00,03,00
1723,60ef,ff,fd,01,00,37,208,01,0000,fe80,036a,2e00,06,e4,00,00,26,000300,01,4780,144,01,41,80,cf,02,02,00,02,6c,00,c800,00,03,00
1724,60f1,ff,fd,01,00,37,208,01,0000,fe80,0368,2c00,06,e4,00,00,26,000300,01,4580,144,01,41,80,d0,02,02,00,02,6c,00,ca00,00,03,00
1725,6203,ff,fd,01,00,37,208,01,0000,fe80,0367,2a00,06,e4,00,00,26,000300,01,4380,144,01,41,80,d1,02,02,00,02,6c,00,cc00,00,03,00
1726,6206,ff,fd,01,00,37,208,01,0000,fe80,0365,2800,06,e4,00,00,26,000300,01,4180,144,01,41,80,d2,02,02,00,02,6c,00,ce00,00,03,00
1727,6208,ff,fd,01,00,37,208,02,0000,fe80,0364,2600,06,e4,00,00,26,000300,01,3f80,144,01,41,80,d3,02,02,00,02,6c,00,d000,00,03,00
1728,6204,ff,fd,01,00,37,208,02,0000,fe80,0362,2400,06,e4,00,00,26,000300,01,3d80,144,01,41,80,d4,02,02,00,02,6c,00,d200,00,03,00
1729,6207,ff,fd,01,00,37,208,02,0000,fe80,0361,2200,06,e4,00,00,26,000300,01,3b80,144,01,41,80,d5,02,02,00,02,6c,00,d400,00,03,00
1730,622e,ff,fd,01,00,37,208,02,0000,fe80,035f,2000,06,e4,00,00,26,000300,01,3980,144,01,41,80,d6,02,02,00,02,6c,00,d600,00,03,00
1731,6231,ff,fd,01,00,37,208,02,0000,fe80,035e,1e00,06,e4,00,00,26,000300,01,3780,144,01,41,80,d7,02,02,00,02,6c,00,d800,00,03,00
1732,60f2,ff,fd,01,00,37,208,02,0000,fe80,035c,1c00,06,e4,00,00,26,000300,01,3580,144,01,41,80,d8,02,02,00,02,6c,00,da00,00,03,00
1733,622e,ff,fd,01,00,37,208,02,0000,fe80,035b,1a00,06,e4,00,00,26,000300,01,3380,144,01,41,80,d9,02,02,00,02,6c,00,dc00,00,03,00
1734,6231,ff,fd,01,00,37,208,00,0000,fe80,0359,1800,06,e4,00,00,26,000300,01,3180,144,01,41,80,da,02,02,00,02,6c,00,de00,00,03,00
1735,60ee,ff,fd,01,00,37,208,00,0000,fe80,0358,1600,06,e4,00,00,26,000300,01,2f80,144,01,41,80,db,02,02,00,02,6c,00,e000,00,03,00
1736,60f1,ff,fd,01,00,37,208,00,0000,fe80,0356,1400,06,e4,00,00,26,000300,01,2d80,144,01,41,80,dc,02,02,00,02,6c,00,e200,00,03,00
1737,622e,ff,fd,01,00,37,208,00,0000,fe80,0355,1200,06,e4,00,00,26,000300,01,2b80,144,01,41,80,dd,02,02,00,02,6c,00,e400,00,03,00
1738,60ef,ff,fd,01,00,37,208,00,0000,fe80,0353,1000,06,e4,00,00,26,000300,01,2980,144,01,41,80,de,02,02,00,02,6c,00,e600,00,03,00
1739,60f6,ff,fd,01,00,37,208,00,0000,fe80,0352,0e00,06,e4,00,00,26,000300,01,2780,144,01,41,80,df,02,02,00,02,6c,00,e800,00,03,00
1740,6207,ff,fd,01,00,37,208,00,0000,fe80,0350,0c00,06,e4,00,00,26,000300,01,2580,144,01,41,80,e0,02,02,00,02,6c,00,ea00,00,03,00
1741,6205,ff,fd,01,00,37,208,01,0000,fe80,034f,0a00,06,e4,00,00,26,000300,01,2380,144,01,41,80,e1,02,02,00,02,6c,00,ec00,00,03,00
1742,60ef,ff,fd,01,00,37,208,01,0000,fe80,034d,0800,06,e4,00,00,26,000300,01,2180,144,01,41,80,e2,02,02,00,02,6c,00,ee00,00,03,00
1743,622d,ff,fd,01,00,37,208,01,0000,fe80,034c,0600,06,e4,00,00,26,000300,01,1f80,144,01,41,80,e3,02,02,00,02,6c,00,f000,00,03,00
1744,6204,ff,fd,01,00,37,208,01,0000,fe80,034a,0400,06,e4,00,00,26,000300,01,1d80,144,01,41,80,e4,02,02,00,02,6c,00,f200,00,03,00
1745,6205,ff,fd,01,00,37,208,01,0000,fe80,0349,0200,06,e4,00,00,26,000300,01,1b80,144,01,41,80,e5,02,02,00,02,6c,00,f400,00,03,00
1746,60f5,ff,fd,01,00,37,208,01,0000,fe80,0347,0000,06,e4,00,00,26,000300,01,1980,144,01,41,80,e6,02,02,00,02,6c,00,f600,00,03,00
1747,6208,ff,fd,01,00,37,208,01,0000,fe80,0346,de00,07,de,00,00,26,000300,01,1780,144,01,41,80,e7,02,02,00,02,6c,00,f800,00,03,00
1748,60f1,ff,fd,01,00,37,208,01,0000,fe80,0344,dc00,07,de,00,00,26,000300,01,1580,144,01,41,80,e8,02,02,00,02,6c,00,fa00,00,03,00
1749,60f4,ff,fd,01,00,37,208,02,0000,fe80,0343,da00,07,de,00,00,26,000300,01,1380,144,01,41,80,e9,02,02,00,02,6c,00,fc00,00,03,00
1750,6231,ff,fd,01,00,37,208,02,0000,fe80,0341,d800,07,de,00,00,26,000300,01,1180,144,01,41,80,ea,02,02,00,02,6c,00,fe00,00,03,00
1751,6205,ff,fd,01,00,37,208,02,0000,fe80,0340,d600,07,de,00,00,26,000300,01,0f80,144,01,41,80,eb,02,02,00,02,6c,00,0000,00,03,00
1752,60f1,ff,fd,01,00,37,208,02,0000,fe80,033e,d400,07,de,00,00,26,000300,01,0d80,144,01,41,80,ec,02,02,00,02,6c,00,0200,00,03,00
1753,60f2,ff,fd,01,00,37,208,02,0000,fe80,033d,d200,07,de,00,00,26,000300,01,0b80,144,01,41,80,ed,02,02,00,02,6c,00,0400,00,03,00
1754,60f1,ff,fd,01,00,37,208,02,0000,fe80,033b,d000,07,de,00,00,26,000300,01,0980,144,01,41,80,ee,02,02,00,02,6c,00,0600,00,03,00
1755,622e,ff,fd,01,00,37,208,02,0000,fe80,033a,ce00,07,de,00,00,26,000300,01,0780,144,01,41,80,ef,02,02,00,02,6c,00,0800,00,03,00
1756,6231,ff,fd,01,00,37,208,00,0000,fe80,0338,cc00,07,de,00,00,26,000300,01,0580,144,01,41,80,f0,02,02,00,02,6c,00,0a00,00,03,00
1757,622e,ff,fd,01,00,37,208,00,0000,fe80,0337,ca00,07,de,00,00,26,000300,01,0380,144,01,41,80,f1,02,02,00,02,6c,00,0c00,00,03,00
1758,60f2,ff,fd,01,00,37,208,00,0000,fe80,0335,c800,07,de,00,00,26,000300,01,0180,144,01,41,80,f2,02,02,00,02,6c,00,0e00,00,03,00
1759,6230,ff,fd,01,00,37,208,00,0000,fe80,0334,c600,07,de,00,00,00,000300,00,0000,156,01,e4,80,f3,02,02,00,02,6c,00,0000,00,03,00
1760,622f,ff,fd,01,00,37,208,00,0000,fe80,0332,c400,07,de,00,00,00,000300,00,0000,156,01,e4,80,f4,02,02,00,02,6c,00,0200,00,03,00
1761,6231,ff,fd,01,00,37,208,00,0000,fe80,0331,c200,07,de,00,00,00,000300,00,0000,156,01,e4,80,f5,02,02,00,02,6c,00,0400,00,03,00
1762,60ef,ff,fd,01,00,37,208,00,0000,fe80,032f,c000,07,de,00,00,00,000300,00,0000,156,01,e4,80,f6,02,02,00,02,6c,00,0600,00,03,00
1763,60ef,ff,fd,01,00,37,208,01,0000,fe80,032e,be00,07,de,00,00,00,000300,00,0000,156,01,e4,80,f7,02,02,00,02,6c,00,0800,00,03,00
1764,6205,ff,fd,01,00,37,208,01,0000,fe80,032c,bc00,07,de,00,00,00,000300,00,0000,156,01,e4,80,f8,02,02,00,02,6c,00,0a00,00,03,00
1765,622e,ff,fd,01,00,37,208,01,0000,fe80,032b,ba00,07,de,00,00,00,000300,00,0000,156,01,e4,80,f9,02,02,00,02,6c,00,0c00,00,03,00
1766,622d,ff,fd,01,00,37,208,01,0000,fe80,0329,b800,07,de,00,00,00,000300,00,0000,156,01,e4,80,fa,02,02,00,02,6c,00,0e00,00,03,00
1767,60ef,ff,fd,01,00,37,208,01,0000,fe80,0328,b600,07,de,00,00,00,000300,00,0000,156,01,e4,80,fb,02,02,00,02,6c,00,1000,00,03,00
1768,60f1,ff,fd,01,00,37,208,01,0000,fe80,0326,b400,07,de,00,00,00,000300,00,0000,156,01,e4,80,fc,02,02,00,02,6c,00,1200,00,03,00
1769,60f1,ff,fd,01,00,37,208,01,0000,fe80,0325,b200,07,de,00,00,00,000300,00,0000,156,01,e4,80,fd,02,02,00,02,6c,00,1400,00,03,00
1770,60f1,ff,fd,01,00,37,208,01,0000,fe80,0323,b000,07,de,00,00,00,000300,00,0000,156,01,e4,80,fe,02,02,00,02,6c,00,1600,00,03,00
1771,60ef,ff,fd,01,00,37,208,02,0000,fe80,0322,ae00,07,de,00,00,00,000300,00,0000,156,01,e4,80,ff,02,02,00,02,6c,00,1800,00,03,00
1772,60f1,ff,fd,01,00,37,208,02,0000,fe80,0320,ac00,07,de,00,00,00,000300,00,0000,156,01,e4,80,00,02,02,00,02,6c,00,1a00,00,03,00
1773,6206,ff,fd,01,00,37,208,02,0000,fe80,031f,aa00,07,de,00,00,00,000300,00,0000,156,01,e4,80,01,02,02,00,02,6c,00,1c00,00,03,00
1774,60f1,ff,fd,01,00,37,208,02,0000,fe80,031d,a800,07,de,00,00,00,000300,00,0000,156,01,e4,80,02,02,02,00,02,6c,00,1e00,00,03,00
1775,60f2,ff,fd,01,00,37,208,02,0000,fe80,031c,a600,07,de,00,00,00,000300,00,0000,156,01,e4,80,03,02,02,00,02,6c,00,2000,00,03,00
1776,60f2,ff,fd,01,00,37,208,02,0000,fe80,031a,a400,07,de,00,00,00,000300,00,0000,156,01,e4,80,04,02,02,00,02,6c,00,2200,00,03,00
1777,622e,ff,fd,01,00,37,208,02,0000,fe80,0319,a200,07,de,00,00,00,000300,00,0000,156,01,e4,80,05,02,02,00,02,6c,00,2400,00,03,00
1778,60f2,ff,fd,01,00,37,208,00,0000,fe80,0317,a000,07,de,00,00,00,000300,00,0000,156,01,e4,80,06,02,02,00,02,6c,00,2600,00,03,00
1779,60ee,ff,fd,01,00,37,208,00,0000,fe80,0316,9e00,07,de,00,00,00,000300,00,0000,156,01,e4,80,07,02,02,00,02,6c,00,2800,00,03,00
1780,60f1,ff,fd,03,00,37,208,00,0000,fe80,0316,9e00,07,de,00,00,00,000300,00,0000,156,01,e4,80,08,02,01,00,02,6c,00,2800,00,03,40
1781,6230,ff,fd,03,00,37,208,00,0000,fe80,0316,9e00,07,de,00,00,00,000300,00,0000,156,01,e4,80,09,02,01,00,02,6c,00,2800,00,03,3f
1782,6206,ff,fd,03,00,37,208,00,0000,fe80,0316,9e00,07,de,00,00,00,000300,00,0000,156,01,e4,80,0a,02,01,00,02,6c,00,2800,00,03,3e
1783,60f4,ff,fd,03,00,37,208,00,0000,fe80,0316,9e00,07,de,00,00,00,000300,00,0000,156,01,e4,80,0b,02,01,00,02,6c,00,2800,00,03,3d
1784,622d,ff,fd,03,00,37,208,00,0000,fe80,0316,9e00,07,de,00,00,00,000300,00,0000,156,01,e4,80,0c,02,01,00,02,6c,00,2800,00,03,3c
1785,60f1,ff,fd,03,00,37,208,00,0000,fe80,0316,9e00,07,de,00,00,00,000300,00,0000,156,01,e4,80,0d,02,01,00,02,6c,00,2800,00,03,3b
1786,6206,ff,fd,03,00,37,208,00,0000,fe80,0316,9e00,07,de,00,00,00,000300,00,0000,156,01,e4,80,0e,02,01,00,02,6c,00,2800,00,03,3a
1787,60ef,ff,fd,03,00,37,208,00,0000,fe80,0316,9e00,07,de,00,00,00,000300,00,0000,156,01,e4,80,0f,02,01,00,02,6c,00,2800,00,03,39
1788,6205,ff,fd,03,00,37,208,00,0000,fe80,0316,9e00,07,de,00,00,00,000300,00,0000,156,01,e4,80,10,02,01,00,02,6c,00,2800,00,03,38
1789,60ee,ff,fd,03,00,37,208,00,0000,fe80,0316,9e00,07,de,00,00,00,000300,00,0000,156,01,e4,80,11,02,01,00,02,6c,00,2800,00,03,37
1790,60f6,ff,fd,03,00,37,208,00,0000,fe80,0316,9e00,07,de,00,00,00,000300,00,0000,156,01,e4,80,12,02,01,00,02,6c,00,2800,00,03,36
1791,622f,ff,fd,03,00,37,208,00,0000,fe80,0316,9e00,07,de,00,00,00,000300,00,0000,156,01,e4,80,13,02,01,00,02,6c,00,2800,00,03,35
1792,60f2,ff,fd,03,00,37,208,00,0000,fe80,0316,9e00,07,de,00,00,00,000300,00,0000,156,01,e4,80,14,02,01,00,02,6c,00,2800,00,03,34
1793,622e,ff,fd,03,00,37,208,00,0000,fe80,0316,9e00,07,de,00,00,00,000300,00,0000,156,01,e4,80,15,02,01,00,02,6c,00,2800,00,03,33
1794,60f1,ff,fd,03,00,37,208,00,0000,fe80,0316,9e00,07,de,00,00,00,000300,00,0000,156,01,e4,80,16,02,01,00,02,6c,00,2800,00,03,32
1795,6207,ff,fd,03,00,37,208,00,0000,fe80,0316,9e00,07,de,00,00,00,000300,00,0000,156,01,e4,80,17,02,01,00,02,6c,00,2800,00,03,31
1796,60ef,ff,fd,03,00,37,208,00,0000,fe80,0316,9e00,07,de,00,00,00,000300,00,0000,156,01,e4,80,18,02,01,00,02,6c,00,2800,00,03,30
1797,6205,ff,fd,03,00,37,208,00,0000,fe80,0316,9e00,07,de,00,00,00,000300,00,0000,156,01,e4,80,19,02,01,00,02,6c,00,2800,00,03,2f
1798,6231,ff,fd,03,00,37,208,00,0000,fe80,0316,9e00,07,de,00,00,00,000300,00,0000,156,01,e4,80,1a,02,01,00,02,6c,00,2800,00,03,2e
1799,60f6,ff,fd,03,00,37,208,00,0000,fe80,0316,9e00,07,de,00,00,00,000300,00,0000,156,01,e4,80,1b,02,01,00,02,6c,00,2800,00,03,2d
1800,622e,ff,fd,03,00,37,208,00,0000,fe80,0316,9e00,07,de,00,00,00,000300,00,0000,156,01,e4,80,1c,02,01,00,02,6c,00,2800,00,03,2c
1801,60f3,ff,fd,03,00,37,208,00,0000,fe80,0316,9e00,07,de,00,00,00,000300,00,0000,156,01,e4,80,1d,02,01,00,02,6c,00,2800,00,03,2b
1802,6208,ff,fd,03,00,37,208,00,0000,fe80,0316,9e00,07,de,00,00,00,000300,00,0000,156,01,e4,80,1e,02,01,00,02,6c,00,2800,00,03,2a
1803,60f1,ff,fd,03,00,37,208,00,0000,fe80,0316,9e00,07,de,00,00,00,000300,00,0000,156,01,e4,80,1f,02,01,00,02,6c,00,2800,00,03,29
1804,6206,ff,fd,03,00,37,208,00,0000,fe80,0316,9e00,07,de,00,00,00,000300,00,0000,156,01,e4,80,20,02,01,00,02,6c,00,2800,00,03,28
1805,60ef,ff,fd,03,00,37,208,00,0000,fe80,0316,9e00,07,de,00,00,00,000300,00,0000,156,01,e4,80,21,02,01,00,02,6c,00,2800,00,03,27
1806,6205,ff,fd,03,00,37,208,00,0000,fe80,0316,9e00,07,de,00,00,00,000300,00,0000,156,01,e4,80,22,02,01,00,02,6c,00,2800,00,03,26
1807,6231,ff,fd,03,00,37,208,00,0000,fe80,0316,9e00,07,de,00,00,00,000300,00,0000,156,01,e4,80,23,02,01,00,02,6c,00,2800,00,03,25
1808,60f5,ff,fd,03,00,37,208,00,0000,fe80,0316,9e00,07,de,00,00,00,000300,00,0000,156,01,e4,80,24,02,01,00,02,6c,00,2800,00,03,24
1809,622e,ff,fd,03,00,37,208,00,0000,fe80,0316,9e00,07,de,00,00,00,000300,00,0000,156,01,e4,80,25,02,01,00,02,6c,00,2800,00,03,23
1810,60f2,ff,fd,03,00,37,208,00,0000,fe80,0316,9e00,07,de,00,00,00,000300,00,0000,156,01,e4,80,26,02,01,00,02,6c,00,2800,00,03,22
1811,622d,ff,fd,03,00,37,208,00,0000,fe80,0316,9e00,07,de,00,00,00,000300,00,0000,156,01,e4,80,27,02,01,00,02,6c,00,2800,00,03,21
1812,60f1,ff,fd,03,00,37,208,00,0000,fe80,0316,9e00,07,de,00,00,00,000300,00,0000,156,01,e4,80,28,02,01,00,02,6c,00,2800,00,03,20
1813,6206,ff,fd,03,00,37,208,00,0000,fe80,0316,9e00,07,de,00,00,00,000300,00,0000,156,01,e4,80,29,02,01,00,02,6c,00,2800,00,03,1f
1814,60ef,ff,fd,03,00,37,208,00,0000,fe80,0316,9e00,07,de,00,00,00,000300,00,0000,156,01,e4,80,2a,02,01,00,02,6c,00,2800,00,03,1e
1815,6205,ff,fd,03,00,37,208,00,0000,fe80,0316,9e00,07,de,00,00,00,000300,00,0000,156,01,e4,80,2b,02,01,00,02,6c,00,2800,00,03,1d
1816,6230,ff,fd,03,00,37,208,00,0000,fe80,0316,9e00,07,de,00,00,00,000300,00,0000,156,01,e4,80,2c,02,01,00,02,6c,00,2800,00,03,1c
1817,60f6,ff,fd,03,00,37,208,00,0000,fe80,0316,9e00,07,de,00,00,00,000300,00,0000,156,01,e4,80,2d,02,01,00,02,6c,00,2800,00,03,1b
1818,622e,ff,fd,03,00,37,208,00,0000,fe80,0316,9e00,07,de,00,00,00,000300,00,0000,156,01,e4,80,2e,02,01,00,02,6c,00,2800,00,03,1a
1819,60f2,ff,fd,03,00,37,208,00,0000,fe80,0316,9e00,07,de,00,00,00,000300,00,0000,156,01,e4,80,2f,02,01,00,02,6c,00,2800,00,03,19
1820,6208,ff,fd,03,00,37,208,00,0000,fe80,0316,9e00,07,de,00,00,00,000300,00,0000,156,01,e4,80,30,02,01,00,02,6c,00,2800,00,03,18
1821,60f1,ff,fd,03,00,37,208,00,0000,fe80,0316,9e00,07,de,00,00,00,000300,00,0000,156,01,e4,80,31,02,01,00,02,6c,00,2800,00,03,17
1822,6205,ff,fd,03,00,37,208,00,0000,fe80,0316,9e00,07,de,00,00,00,000300,00,0000,156,01,e4,80,32,02,01,00,02,6c,00,2800,00,03,16
1823,60ef,ff,fd,03,00,37,208,00,0000,fe80,0316,9e00,07,de,00,00,00,000300,00,0000,156,01,e4,80,33,02,01,00,02,6c,00,2800,00,03,15
1824,6204,ff,fd,03,00,37,208,00,0000,fe80,0316,9e00,07,de,00,00,00,000300,00,0000,156,01,e4,80,34,02,01,00,02,6c,00,2800,00,03,14
1825,6231,ff,fd,03,00,37,208,00,0000,fe80,0316,9e00,07,de,00,00,00,000300,00,0000,156,01,e4,80,35,02,01,00,02,6c,00,2800,00,03,13
1826,60f4,ff,fd,03,00,37,208,00,0000,fe80,0316,9e00,07,de,00,00,00,000300,00,0000,156,01,e4,80,36,02,01,00,02,6c,00,2800,00,03,12
1827,622e,ff,fd,03,00,37,208,00,0000,fe80,0316,9e00,07,de,00,00,00,000300,00,0000,156,01,e4,80,37,02,01,00,02,6c,00,2800,00,03,11
1828,60f1,ff,fd,03,00,37,208,00,0000,fe80,0316,9e00,07,de,00,00,00,000300,00,0000,156,01,e4,80,38,02,01,00,02,6c,00,2800,00,03,10
1829,6208,ff,fd,03,00,37,208,00,0000,fe80,0316,9e00,07,de,00,00,00,000300,00,0000,156,01,e4,80,39,02,01,00,02,6c,00,2800,00,03,0f
1830,60f0,ff,fd,03,00,37,208,00,0000,fe80,0316,9e00,07,de,00,00,00,000300,00,0000,156,01,e4,80,3a,02,01,00,02,6c,00,2800,00,03,0e
1831,6206,ff,fd,03,00,37,208,00,0000,fe80,0316,9e00,07,de,00,00,00,000300,00,0000,156,01,e4,80,3b,02,01,00,02,6c,00,2800,00,03,0d
1832,60ee,ff,fd,03,00,37,208,00,0000,fe80,0316,9e00,07,de,00,00,00,000300,00,0000,156,01,e4,80,3c,02,01,00,02,6c,00,2800,00,03,0c
1833,6205,ff,fd,03,00,37,208,00,0000,fe80,0316,9e00,07,de,00,00,00,000300,00,0000,156,01,e4,80,3d,02,01,00,02,6c,00,2800,00,03,0b
1834,622f,ff,fd,03,00,37,208,00,0000,fe80,0316,9e00,07,de,00,00,00,000300,00,0000,156,01,e4,80,3e,02,01,00,02,6c,00,2800,00,03,0a
1835,60f5,ff,fd,03,00,37,208,00,0000,fe80,0316,9e00,07,de,00,00,00,000300,00,0000,156,01,e4,80,3f,02,01,00,02,6c,00,2800,00,03,09
1836,622e,ff,fd,03,00,37,208,00,0000,fe80,0316,9e00,07,de,00,00,00,000300,00,0000,156,01,e4,80,40,02,01,00,02,6c,00,2800,00,03,08
1837,60f2,ff,fd,03,00,37,208,00,0000,fe80,0316,9e00,07,de,00,00,00,000300,00,0000,156,01,e4,80,41,02,01,00,02,6c,00,2800,00,03,07
1838,6207,ff,fd,03,00,37,208,00,0000,fe80,0316,9e00,07,de,00,00,00,000300,00,0000,156,01,e4,80,42,02,01,00,02,6c,00,2800,00,03,06
1839,60f1,ff,fd,03,00,37,208,00,0000,fe80,0316,9e00,07,de,00,00,00,000300,00,0000,156,01,e4,80,43,02,01,00,02,6c,00,2800,00,03,05
1840,6205,ff,fd,03,00,37,208,00,0000,fe80,0316,9e00,07,de,00,00,00,000300,00,0000,156,01,e4,80,44,02,01,00,02,6c,00,2800,00,03,04
1841,60ef,ff,fd,03,00,37,208,00,0000,fe80,0316,9e00,07,de,00,00,00,000300,00,0000,156,01,e4,80,45,02,01,00,02,6c,00,2800,00,03,03
1842,6203,ff,fd,03,00,37,208,00,0000,fe80,0316,9e00,07,de,00,00,00,000300,00,0000,156,01,e4,80,46,02,01,00,02,6c,00,2800,00,03,02
1843,6230,ff,fd,03,00,37,208,00,0000,fe80,0316,9e00,07,de,00,00,00,000300,00,0000,156,01,e4,80,47,02,01,00,02,6c,00,2800,00,03,01
1844,60f0,ff,fd,03,00,37,208,00,0000,fe80,0216,9e00,07,de,00,00,00,000300,00,0000,156,01,e4,80,48,02,01,00,03,6c,00,2800,00,05,00
1845,60f2,ff,fd,03,00,37,208,00,0000,fe80,0216,9e00,07,de,00,00,00,000300,00,0000,156,01,e4,80,49,01,01,00,03,6c,00,2800,00,06,00
1846,6208,ff,fd,03,00,37,208,00,0000,fe80,0216,9e00,07,de,00,00,00,000300,00,0000,156,01,e4,80,4a,01,01,00,03,6c,00,2800,00,00,00
1847,60ef,ff,fd,03,00,37,208,00,0000,fe80,0216,9e00,07,de,00,00,00,000300,00,0000,156,01,e4,80,4b,01,01,00,03,6c,00,2800,01,00,00
1848,6208,ff,fd,00,00,0,0,00,0000,fe80,0216,9e00,07,de,00,00,00,000300,00,0000,0,00,00,00,4c,01,01,00,03,6c,00,2800,01,00,00
1849,6230,ff,fd,00,00,0,0,00,0000,fe80,0216,9e00,07,de,00,00,00,000300,00,0000,0,00,00,00,4d,01,01,00,03,6c,00,2800,01,00,00
1850,60ef,ff,fd,00,00,0,0,00,0000,fe80,0216,9e00,07,de,00,00,00,000300,00,0000,0,00,00,00,4e,01,01,00,03,6c,00,2800,01,00,00
1851,60f4,ff,fd,00,00,0,0,00,0000,fe80,0216,9e00,07,de,00,00,00,000300,00,0000,0,00,00,00,4f,01,01,00,03,6c,00,2800,01,00,00
1852,6205,ff,fd,00,00,0,0,00,0000,fe80,0216,9e00,07,de,00,00,00,000300,00,0000,0,00,00,00,50,01,01,00,03,6c,00,2800,01,00,00
1853,622d,ff,fd,00,00,0,0,00,0000,fe80,0216,9e00,07,de,00,00,00,000300,00,0000,0,00,00,00,51,01,01,00,03,6c,00,2800,01,00,00
1854,6231,ff,fd,00,00,0,0,00,0000,fe80,0216,9e00,07,de,00,00,00,000300,00,0000,0,00,00,00,52,01,01,00,03,6c,00,2800,01,00,00
1855,60f1,ff,fd,00,00,0,0,00,0000,fe80,0216,9e00,07,de,00,00,00,000300,00,0000,0,00,00,00,53,01,01,00,03,6c,00,2800,01,00,00
1856,60f4,ff,fd,00,00,0,0,00,0000,fe80,0216,9e00,07,de,00,00,00,000300,00,0000,0,00,00,00,54,01,01,00,03,6c,00,2800,01,00,00
1857,6205,ff,fd,00,00,0,0,00,0000,fe80,0216,9e00,07,de,00,00,00,000300,00,0000,0,00,00,00,55,01,01,00,03,6c,00,2800,01,00,00
1858,622e,ff,fd,00,00,0,0,00,0000,fe80,0216,9e00,07,de,00,00,00,000300,00,0000,0,00,00,00,56,01,01,00,03,6c,00,2800,01,00,00
1859,6231,ff,fd,00,00,0,0,00,0000,fe80,0216,9e00,07,de,00,00,00,000300,00,0000,0,00,00,00,57,01,01,00,03,6c,00,2800,01,00,00
1860,60f1,ff,fd,00,00,0,0,00,0000,fe80,0216,9e00,07,de,00,00,00,000300,00,0000,0,00,00,00,58,01,01,00,03,6c,00,2800,01,00,00
1861,60f6,ff,fd,00,00,0,0,00,0000,fe80,0216,9e00,07,de,00,00,00,000300,00,0000,0,00,00,00,59,01,01,00,03,6c,00,2800,01,00,00
1862,6205,ff,fd,00,00,0,0,00,0000,fe80,0216,9e00,07,de,00,00,00,000300,00,0000,0,00,00,00,5a,01,01,00,03,6c,00,2800,01,00,00
1863,622e,ff,fd,00,00,0,0,00,0000,fe80,0216,9e00,07,de,00,00,00,000300,00,0000,0,00,00,00,5b,01,01,00,03,6c,00,2800,01,00,00
1864,60ee,ff,fd,00,00,0,0,00,0000,fe80,0216,9e00,07,de,00,00,00,000300,00,0000,0,00,00,00,5c,01,01,00,03,6c,00,2800,01,00,00
1865,60f1,ff,fd,00,00,0,0,00,0000,fe80,0216,9e00,07,de,00,00,00,000300,00,0000,0,00,00,00,5d,01,01,00,03,6c,00,2800,01,00,00
1866,60f6,ff,fd,00,00,0,0,00,0000,fe80,0216,9e00,07,de,00,00,00,000300,00,0000,0,00,00,00,5e,01,01,00,03,6c,00,2800,01,00,00
1867,6206,ff,fd,00,00,0,0,00,0000,fe80,0216,9e00,07,de,00,00,00,000300,00,0000,0,00,00,00,5f,01,01,00,03,6c,00,2800,01,00,00
1868,622e,ff,fd,00,00,0,0,00,0000,fe80,0216,9e00,07,de,00,00,00,000300,00,0000,0,00,00,00,60,01,01,00,03,6c,00,2800,01,00,00
1869,60ef,ff,fd,00,00,0,0,00,0000,fe80,0216,9e00,07,de,00,00,00,000300,00,0000,0,00,00,00,61,01,01,00,03,6c,00,2800,01,00,00
1870,622e,ff,fd,00,00,0,0,00,0000,fe80,0200,9e00,07,de,00,00,00,000300,00,0000,0,00,00,00,62,01,01,00,03,6c,00,2800,00,01,00
1871,60f0,ff,fd,00,00,0,0,00,0000,fe80,0200,9e00,07,de,00,00,00,000300,00,0000,0,00,00,00,63,01,01,00,03,6c,00,2800,02,01,00
1872,60ef,ff,fd,00,00,0,0,00,0000,fe80,0200,9e00,07,de,00,00,00,000300,00,0000,0,00,00,00,64,01,01,00,03,6c,00,2800,00,02,00
1873,60f2,ff,fd,00,00,0,0,00,0000,fe80,0200,9e00,07,de,00,00,00,000300,00,0000,0,00,00,00,65,01,01,00,03,6c,00,2800,02,02,00
1874,6206,ff,fd,00,00,0,0,00,0000,fe80,0200,9e00,07,de,00,00,00,000300,00,0000,0,00,00,00,66,01,01,00,03,6c,00,2800,01,02,00
1875,60f2,ff,fd,00,00,0,0,00,0000,fe80,0200,9e00,07,de,00,00,00,000300,00,0000,0,00,00,00,67,01,01,00,03,6c,00,2800,02,02,00
1876,6206,ff,fd,00,00,0,0,00,0000,fe80,0200,9e00,07,de,00,00,00,000300,00,0000,0,00,00,00,68,01,01,00,03,6c,00,2800,01,02,00
1877,60f1,ff,fd,00,00,0,0,00,0000,fe80,0200,9e00,07,de,00,00,00,000300,00,0000,0,00,00,00,69,01,01,00,03,6c,00,2800,02,02,00
1878,6206,ff,fd,00,00,0,0,00,0000,fe80,0200,9e00,07,de,00,00,00,000300,00,0000,0,00,00,00,6a,01,01,00,03,6c,00,2800,01,02,00
1879,60f1,ff,fd,00,00,0,0,00,0000,fe80,0200,9e00,07,de,00,00,00,000300,00,0000,0,00,00,00,6b,01,01,00,03,6c,00,2800,02,02,00
1880,6205,ff,fd,00,00,0,0,00,0000,fe80,0200,9e00,07,de,00,00,00,000300,00,0000,0,00,00,00,6c,01,01,00,03,6c,00,2800,01,02,00
1881,60f1,ff,fd,00,00,0,0,00,0000,fe80,0200,9e00,07,de,00,00,00,000300,00,0000,0,00,00,00,6d,01,01,00,03,6c,00,2800,02,02,00
1882,6205,ff,fd,00,00,0,0,00,0000,fe80,0200,9e00,07,de,00,00,00,000300,00,0000,0,00,00,00,6e,01,01,00,03,6c,00,2800,01,02,00
1883,60f1,ff,fd,00,00,0,0,00,0000,fe80,0200,9e00,07,de,00,00,00,000300,00,0000,0,00,00,00,6f,01,01,00,03,6c,00,2800,02,02,00
1884,6205,ff,fd,00,00,0,0,00,0000,fe80,0200,9e00,07,de,00,00,00,000300,00,0000,0,00,00,00,70,01,01,00,03,6c,00,2800,01,02,00
1885,60f1,ff,fd,00,00,0,0,00,0000,fe80,0200,9e00,07,de,00,00,00,000300,00,0000,0,00,00,00,71,01,01,00,03,6c,00,2800,02,02,00
1886,6205,ff,fd,00,00,0,0,00,0000,fe80,0200,9e00,07,de,00,00,00,000300,00,0000,0,00,00,00,72,01,01,00,03,6c,00,2800,01,02,00
1887,60f1,ff,fd,00,00,0,0,00,0000,fe80,0200,9e00,07,de,00,00,00,000300,00,0000,0,00,00,00,73,01,01,00,03,6c,00,2800,02,02,00
1888,6205,ff,fd,00,00,0,0,00,0000,fe80,0200,9e00,07,de,00,00,00,000300,00,0000,0,00,00,00,74,01,01,00,03,6c,00,2800,01,02,00
1889,60f1,ff,fd,00,00,0,0,00,0000,fe80,0200,9e00,07,de,00,00,00,000300,00,0000,0,00,00,00,75,01,01,00,03,6c,00,2800,02,02,00
1890,6230,ff,fd,00,00,0,0,00,0000,fe80,0200,9e00,07,de,00,00,00,000300,00,0000,0,00,00,00,76,01,01,00,03,6c,00,2800,01,02,00
1891,6205,ff,fd,00,00,0,0,00,0000,fe80,0200,9e00,07,de,00,00,00,000300,00,0000,0,00,00,00,77,01,01,00,03,6c,00,2800,02,02,00
1892,60f2,ff,fd,00,00,0,0,00,0000,fe80,0200,9e00,07,de,00,00,00,000300,00,0000,0,00,00,00,78,01,01,00,03,6c,00,2800,01,02,00
1893,6230,ff,fd,00,00,0,0,00,0000,fe80,0200,9e00,07,de,00,00,00,000300,00,0000,0,00,00,00,79,01,01,00,03,6c,00,2800,02,02,00
1894,6206,ff,fd,00,00,0,0,00,0000,fe80,0200,9e00,07,de,00,00,00,000300,00,0000,0,00,00,00,7a,01,01,00,03,6c,00,2800,01,02,00
1895,60f1,ff,fd,00,00,0,0,00,0000,fe80,0200,9e00,07,de,00,00,00,000300,00,0000,0,00,00,00,7b,01,01,00,03,6c,00,2800,02,02,00
1896,6231,ff,fd,00,00,0,0,00,0000,fe80,0200,9e00,07,de,00,00,00,000300,00,0000,0,00,00,00,7c,01,01,00,03,6c,00,2800,01,02,00
1897,6205,ff,fd,00,00,0,0,00,0000,fe80,0200,9e00,07,de,00,00,00,000300,00,0000,0,00,00,00,7d,01,01,00,03,6c,00,2800,02,02,00
1898,60f2,ff,fd,00,00,0,0,00,0000,fe80,0200,9e00,07,de,00,00,00,000300,00,0000,0,00,00,00,7e,01,01,00,03,6c,00,2800,01,02,00
1899,6230,ff,fd,00,00,0,0,00,0000,fe80,0200,9e00,07,de,00,00,00,000300,00,0000,0,00,00,00,7f,01,01,00,03,6c,00,2800,02,02,00
1900,6206,ff,fd,00,00,0,0,00,0000,fe80,0200,9e00,07,de,00,00,00,000300,00,0000,0,00,00,00,80,01,01,00,03,6c,00,2800,01,02,00
1901,60f1,ff,fd,00,00,0,0,00,0000,fe80,0200,9e00,07,de,00,00,00,000300,00,0000,0,00,00,00,81,01,01,00,03,6c,00,2800,02,02,00
1902,6231,ff,fd,00,00,0,0,00,0000,fe80,0200,9e00,07,de,00,00,00,000300,00,0000,0,00,00,00,82,01,01,00,03,6c,00,2800,01,02,00
1903,6205,ff,fd,00,00,0,0,00,0000,fe80,0200,9e00,07,de,00,00,00,000300,00,0000,0,00,00,00,83,01,01,00,03,6c,00,2800,02,02,00
1904,60f6,ff,fd,00,00,0,0,00,0000,fe80,0200,9e00,07,de,00,00,00,000300,00,0000,0,00,00,00,84,01,01,00,03,6c,00,2800,01,02,00
1905,60ef,ff,fd,00,00,0,0,00,0000,fe80,0200,9e00,07,de,00,00,00,000300,00,0000,0,00,00,00,85,01,01,00,03,6c,00,2800,02,02,00
1906,6205,ff,fd,00,00,0,0,00,0000,fe80,0200,9e00,07,de,00,00,00,000300,00,0000,0,00,00,00,86,01,01,00,03,6c,00,2800,01,02,00
1907,60f1,ff,fd,00,00,0,0,00,0000,fe80,0200,9e00,07,de,00,00,00,000300,00,0000,0,00,00,00,87,01,01,00,03,6c,00,2800,02,02,00
1908,60ef,ff,fd,00,00,0,0,00,0000,fe80,0200,9e00,07,de,00,00,00,000300,00,0000,0,00,00,00,88,01,01,00,03,6c,00,2800,01,02,00
1909,622d,ff,fd,00,00,0,0,00,0000,fe80,0200,9e00,07,de,00,00,00,000300,00,0000,0,00,00,00,89,01,01,00,03,6c,00,2800,02,02,00
1910,60ef,ff,fd,00,00,0,0,00,0000,fe80,0200,9e00,07,de,00,00,00,000300,00,0000,0,00,00,00,8a,01,01,00,03,6c,00,2800,01,02,00
1911,622d,ff,fd,00,00,0,0,00,0000,fe80,0200,9e00,07,de,00,00,00,000300,00,0000,0,00,00,00,8b,01,01,00,03,6c,00,2800,02,02,00
1912,60ef,ff,fd,00,00,0,0,00,0000,fe80,0200,9e00,07,de,00,00,00,000300,00,0000,0,00,00,00,8c,01,01,00,03,6c,00,2800,01,02,00
1913,6208,ff,fd,00,00,0,0,00,0000,fe80,0200,9e00,07,de,00,00,00,000300,00,0000,0,00,00,00,8d,01,01,00,03,6c,00,2800,02,02,00
1914,60f5,ff,fd,00,00,0,0,00,0000,fe80,0200,9e00,07,de,00,00,00,000300,00,0000,0,00,00,00,8e,01,01,00,03,6c,00,2800,01,02,00
1915,60ee,ff,fd,00,00,0,0,00,0000,fe80,0200,9e00,07,de,00,00,00,000300,00,0000,0,00,00,00,8f,01,01,00,03,6c,00,2800,02,02,00
1916,6206,ff,fd,00,00,0,0,00,0000,fe80,0200,9e00,07,de,00,00,00,000300,00,0000,0,00,00,00,90,01,01,00,03,6c,00,2800,01,02,00
1917,60f2,ff,fd,00,00,0,0,00,0000,fe80,0200,9e00,07,de,00,00,00,000300,00,0000,0,00,00,00,91,01,01,00,03,6c,00,2800,02,02,00
1918,622d,ff,fd,00,00,0,0,00,0000,fe80,0200,9e00,07,de,00,00,00,000300,00,0000,0,00,00,00,92,01,01,00,03,6c,00,2800,01,02,00
1919,60f5,ff,fd,00,00,0,0,00,0000,fe80,0200,9e00,07,de,00,00,00,000300,00,0000,0,00,00,00,93,01,01,00,03,6c,00,2800,02,02,00
1920,60f1,ff,fd,00,00,0,0,00,0000,fe80,0200,9e00,07,de,00,00,00,000300,00,0000,0,00,00,00,94,01,01,00,03,6c,00,2800,01,02,00
1921,622e,ff,fd,00,00,0,0,00,0000,fe80,0200,9e00,07,de,00,00,00,000300,00,0000,0,00,00,00,95,01,01,00,03,6c,00,2800,02,02,00
1922,60f4,ff,fd,00,00,0,0,00,0000,fe80,0200,9e00,07,de,00,00,00,000300,00,0000,0,00,00,00,96,01,01,00,03,6c,00,2800,01,02,00
1923,60ee,ff,fd,00,00,0,0,00,0000,fe80,0200,9e00,07,de,00,00,00,000300,00,0000,0,00,00,00,97,01,01,00,03,6c,00,2800,02,02,00
1924,6204,ff,fd,00,00,0,0,00,0000,fe80,0200,9e00,07,de,00,00,00,000300,00,0000,0,00,00,00,98,01,01,00,03,6c,00,2800,01,02,00
1925,60ef,ff,fd,00,00,0,0,00,0000,fe80,0200,9e00,07,de,00,00,00,000300,00,0000,0,00,00,00,99,01,01,00,03,6c,00,2800,02,02,00
1926,6206,ff,fd,00,00,0,0,00,0000,fe80,0200,9e00,07,de,00,00,00,000300,00,0000,0,00,00,00,9a,01,01,00,03,6c,00,2800,01,02,00
1927,60f1,ff,fd,00,00,0,0,00,0000,fe80,0200,9e00,07,de,00,00,00,000300,00,0000,0,00,00,00,9b,01,01,00,03,6c,00,2800,02,02,00
1928,6208,ff,fd,00,00,0,0,00,0000,fe80,0200,9e00,07,de,00,00,00,000300,00,0000,0,00,00,00,9c,01,01,00,03,6c,00,2800,01,02,00
1929,60f5,ff,fd,00,00,0,0,00,0000,fe80,0200,9e00,07,de,00,00,00,000300,00,0000,0,00,00,00,9d,01,01,00,03,6c,00,2800,02,02,00
1930,622e,ff,fd,00,00,0,0,00,0000,fe80,0200,9e00,07,de,00,00,00,000300,00,0000,0,00,00,00,9e,01,01,00,03,6c,00,2800,01,02,00
1931,6204,ff,fd,00,00,0,0,00,0000,fe80,0200,9e00,07,de,00,00,00,000300,00,0000,0,00,00,00,9f,01,01,00,03,6c,00,2800,02,02,00
1932,6231,ff,fd,00,00,0,0,00,0000,fe80,0200,9e00,07,de,00,00,00,000300,00,0000,0,00,00,00,a0,01,01,00,03,6c,00,2800,01,02,00
1933,6206,ff,fd,00,00,0,0,00,0000,fe80,0200,9e00,07,de,00,00,00,000300,00,0000,0,00,00,00,a1,01,01,00,03,6c,00,2800,02,02,00
1934,60ef,ff,fd,00,00,0,0,00,0000,fe80,0200,9e00,07,de,00,00,00,000300,00,0000,0,00,00,00,a2,01,01,00,03,6c,00,2800,01,02,00
1935,622d,ff,fd,00,00,0,0,00,0000,fe80,0200,9e00,07,de,00,00,00,000300,00,0000,0,00,00,00,a3,01,01,00,03,6c,00,2800,02,02,00
1936,60f1,ff,fd,00,00,0,0,00,0000,fe80,0200,9e00,07,de,00,00,00,000300,00,0000,0,00,00,00,a4,01,01,00,03,6c,00,2800,01,02,00
1937,622e,ff,fd,00,00,0,0,00,0000,fe80,0200,9e00,07,de,00,00,00,000300,00,0000,0,00,00,00,a5,01,01,00,03,6c,00,2800,02,02,00
1938,60f1,ff,fd,00,00,0,0,00,0000,fe80,0200,9e00,07,de,00,00,00,000300,00,0000,0,00,00,00,a6,01,01,00,03,6c,00,2800,03,02,00
1939,60ef,ff,fd,00,00,0,0,00,0000,fe80,0200,9e00,07,de,00,00,00,000300,00,0000,0,00,00,00,a7,01,01,00,03,6c,00,2800,00,03,00
1940,6208,ff,fd,01,00,37,208,00,0000,0000,0200,1000,07,10,00,00,00,000300,00,0000,156,00,e4,00,a8,01,01,00,03,a8,00,0000,00,03,00
1941,6207,ff,fd,01,00,37,208,00,0000,fe80,03fe,0e00,07,10,00,00,00,000300,00,0000,156,00,e4,00,a9,01,01,00,03,a8,00,0200,00,03,00
1942,6205,ff,fd,01,00,37,208,00,0000,fe80,03fd,0c00,07,10,00,00,00,000300,00,0000,156,00,e4,00,aa,01,01,00,03,a8,00,0400,00,03,00
1943,6205,ff,fd,01,00,37,208,00,0000,fe80,03fb,0a00,07,10,00,00,00,000300,00,0000,156,00,e4,00,ab,01,01,00,03,a8,00,0600,00,03,00
1944,60f1,ff,fd,01,00,37,208,00,0000,fe80,03fa,0800,07,10,00,00,00,000300,00,0000,156,00,e4,00,ac,01,01,00,03,a8,00,0800,00,03,00
1945,60f1,ff,fd,01,00,37,208,00,0000,fe80,03f8,0600,07,10,00,00,00,000300,00,0000,156,00,e4,00,ad,01,01,00,03,a8,00,0a00,00,03,00
1946,60ef,ff,fd,01,00,37,208,00,0000,fe80,03f7,0400,07,10,00,00,00,000300,00,0000,156,00,e4,00,ae,01,01,00,03,a8,00,0c00,00,03,00
1947,60ef,ff,fd,01,00,37,208,00,0000,fe80,03f5,0200,07,10,00,00,00,000300,00,0000,156,00,e4,00,af,01,01,00,03,a8,00,0e00,00,03,00
1948,6206,ff,fd,01,00,37,208,01,0000,fe80,03f4,0000,07,10,00,00,00,000300,00,0000,156,00,e4,00,b0,01,01,00,03,a8,00,1000,00,03,00
1949,6204,ff,fd,01,00,37,208,01,0000,fe80,03f2,1b00,08,1b,00,00,26,000300,01,fd80,144,01,41,80,b1,01,02,00,03,a8,00,1200,00,03,00
1950,60f1,ff,fd,01,00,37,208,01,0000,fe80,03f1,1900,08,1b,00,00,26,000300,01,fb80,144,01,41,80,b2,01,02,00,03,a8,00,1400,00,03,00
1951,60f1,ff,fd,01,00,37,208,01,0000,fe80,03ef,1700,08,1b,00,00,26,000300,01,f980,144,01,41,80,b3,01,02,00,03,a8,00,1600,00,03,00
1952,6205,ff,fd,01,00,37,208,01,0000,fe80,03ee,1500,08,1b,00,00,26,000300,01,f780,144,01,41,80,b4,01,02,00,03,a8,00,1800,00,03,00
1953,60ef,ff,fd,01,00,37,208,01,0000,fe80,03ec,1300,08,1b,00,00,26,000300,01,f580,144,01,41,80,b5,01,02,00,03,a8,00,1a00,00,03,00
1954,6204,ff,fd,01,00,37,208,01,0000,fe80,03eb,1100,08,1b,00,00,26,000300,01,f380,144,01,41,80,b6,01,02,00,03,a8,00,1c00,00,03,00
1955,6231,ff,fd,01,00,37,208,01,0000,fe80,03e9,0f00,08,1b,00,00,26,000300,01,f180,144,01,41,80,b7,01,02,00,03,a8,00,1e00,00,03,00
1956,6206,ff,fd,01,00,37,208,02,0000,fe80,03e8,0d00,08,1b,00,00,26,000300,01,ef80,144,01,41,80,b8,01,02,00,03,a8,00,2000,00,03,00
1957,60ef,ff,fd,01,00,37,208,02,0000,fe80,03e6,0b00,08,1b,00,00,26,000300,01,ed80,144,01,41,80,b9,01,02,00,03,a8,00,2200,00,03,00
1958,6204,ff,fd,01,00,37,208,02,0000,fe80,03e5,0900,08,1b,00,00,26,000300,01,eb80,144,01,41,80,ba,01,02,00,03,a8,00,2400,00,03,00
1959,6231,ff,fd,01,00,37,208,02,0000,fe80,03e3,0700,08,1b,00,00,26,000300,01,e980,144,01,41,80,bb,01,02,00,03,a8,00,2600,00,03,00
1960,6208,ff,fd,01,00,37,208,02,0000,fe80,03e2,0500,08,1b,00,00,26,000300,01,e780,144,01,41,80,bc,01,02,00,03,a8,00,2800,00,03,00
1961,6207,ff,fd,01,00,37,208,02,0000,fe80,03e0,0300,08,1b,00,00,26,000300,01,e580,144,01,41,80,bd,01,02,00,03,a8,00,2a00,00,03,00
1962,60ef,ff,fd,01,00,37,208,02,0000,fe80,03df,0100,08,1b,00,00,26,000300,01,e380,144,01,41,80,be,01,02,00,03,a8,00,2c00,00,03,00
1963,6203,ff,fd,01,00,37,208,00,0000,fe80,03dd,ee00,09,ee,00,00,26,000300,01,e180,144,01,41,80,bf,01,02,00,03,a9,00,2e00,00,03,00
1964,60ef,ff,fd,01,00,37,208,00,0000,fe80,03dc,ec00,09,ee,00,00,26,000300,01,df80,144,01,41,80,c0,01,02,00,03,a9,00,3000,00,03,00
1965,622e,ff,fd,01,00,37,208,00,0000,fe80,03da,ea00,09,ee,00,00,26,000300,01,dd80,144,01,41,80,c1,01,02,00,03,a9,00,3200,00,03,00
1966,6206,ff,fd,01,00,37,208,00,0000,fe80,03d9,e800,09,ee,00,00,26,000300,01,db80,144,01,41,80,c2,01,02,00,03,a9,00,3400,00,03,00
1967,60f3,ff,fd,01,00,37,208,00,0000,fe80,03d7,e600,09,ee,00,00,26,000300,01,d980,144,01,41,80,c3,01,02,00,03,a9,00,3600,00,03,00
1968,6231,ff,fd,01,00,37,208,00,0000,fe80,03d6,e400,09,ee,00,00,26,000300,01,d780,144,01,41,80,c4,01,02,00,03,a9,00,3800,00,03,00
1969,622e,ff,fd,01,00,37,208,00,0000,fe80,03d4,e200,09,ee,00,00,26,000300,01,d580,144,01,41,80,c5,01,02,00,03,a9,00,3a00,00,03,00
1970,60f6,ff,fd,01,00,37,208,01,0000,fe80,03d3,e000,09,ee,00,00,26,000300,01,d380,144,01,41,80,c6,01,02,00,03,a9,00,3c00,00,03,00
1971,6206,ff,fd,01,00,37,208,01,0000,fe80,03d1,de00,09,ee,00,00,26,000300,01,d180,144,01,41,80,c7,01,02,00,03,a9,00,3e00,00,03,00
1972,6231,ff,fd,01,00,37,208,01,0000,fe80,03d0,dc00,09,ee,00,00,26,000300,01,cf80,144,01,41,80,c8,01,02,00,03,a9,00,4000,00,03,00
1973,60f6,ff,fd,01,00,37,208,01,0000,fe80,03ce,da00,09,ee,00,00,26,000300,01,cd80,144,01,41,80,c9,01,02,00,03,a9,00,4200,00,03,00
1974,60ef,ff,fd,01,00,37,208,01,0000,fe80,03cd,d800,09,ee,00,00,26,000300,01,cb80,144,01,41,80,ca,01,02,00,03,a9,00,4400,00,03,00
1975,6230,ff,fd,01,00,37,208,01,0000,fe80,03cb,d600,09,ee,00,00,26,000300,01,c980,144,01,41,80,cb,01,02,00,03,a9,00,4600,00,03,00
1976,6205,ff,fd,01,00,37,208,01,0000,fe80,03ca,d400,09,ee,00,00,26,000300,01,c780,144,01,41,80,cc,01,02,00,03,a9,00,4800,00,03,00
1977,6205,ff,fd,01,00,37,208,01,0000,fe80,03c8,d200,09,ee,00,00,26,000300,01,c580,144,01,41,80,cd,01,02,00,03,a9,00,4a00,00,03,00
1978,6205,ff,fd,01,00,37,208,02,0000,fe80,03c7,d000,09,ee,00,00,26,000300,01,c380,144,01,41,80,ce,01,02,00,03,a9,00,4c00,00,03,00
1979,622f,ff,fd,01,00,37,208,02,0000,fe80,03c5,ce00,09,ee,00,00,26,000300,01,c180,144,01,41,80,cf,01,02,00,03,a9,00,4e00,00,03,00
1980,6205,ff,fd,01,00,37,208,02,0000,fe80,03c4,cc00,09,ee,00,00,26,000300,01,bf80,144,01,41,80,d0,01,02,00,03,a9,00,5000,00,03,00
1981,6205,ff,fd,01,00,37,208,02,0000,fe80,03c2,ca00,09,ee,00,00,26,000300,01,bd80,144,01,41,80,d1,01,02,00,03,a9,00,5200,00,03,00
1982,622e,ff,fd,01,00,37,208,02,0000,fe80,03c1,c800,09,ee,00,00,26,000300,01,bb80,144,01,41,80,d2,01,02,00,03,a9,00,5400,00,03,00
1983,622d,ff,fd,01,00,37,208,02,0000,fe80,03bf,c600,09,ee,00,00,26,000300,01,b980,144,01,41,80,d3,01,02,00,03,a9,00,5600,00,03,00
1984,60f1,ff,fd,01,00,37,208,02,0000,fe80,03be,c400,09,ee,00,00,26,000300,01,b780,144,01,41,80,d4,01,02,00,03,a9,00,5800,00,03,00
1985,60ee,ff,fd,01,00,37,208,00,0000,fe80,03bc,c200,09,ee,00,00,26,000300,01,b580,144,01,41,80,d5,01,02,00,03,a9,00,5a00,00,03,00
1986,60f1,ff,fd,01,00,37,208,00,0000,fe80,03bb,c000,09,ee,00,00,26,000300,01,b380,144,01,41,80,d6,01,02,00,03,a9,00,5c00,00,03,00
1987,6205,ff,fd,01,00,37,208,00,0000,fe80,03b9,be00,09,ee,00,00,26,000300,01,b180,144,01,41,80,d7,01,02,00,03,a9,00,5e00,00,03,00
1988,622d,ff,fd,01,00,37,208,00,0000,fe80,03b8,bc00,09,ee,00,00,26,000300,01,af80,144,01,41,80,d8,01,02,00,03,a9,00,6000,00,03,00
1989,6205,ff,fd,01,00,37,208,00,0000,fe80,03b6,ba00,09,ee,00,00,26,000300,01,ad80,144,01,41,80,d9,01,02,00,03,a9,00,6200,00,03,00
1990,60f1,ff,fd,01,00,37,208,00,0000,fe80,03b5,b800,09,ee,00,00,26,000300,01,ab80,144,01,41,80,da,01,02,00,03,a9,00,6400,00,03,00
1991,60f2,ff,fd,01,00,37,208,00,0000,fe80,03b3,b600,09,ee,00,00,26,000300,01,a980,144,01,41,80,db,01,02,00,03,a9,00,6600,00,03,00
1992,60f6,ff,fd,01,00,37,208,01,0000,fe80,03b2,b400,09,ee,00,00,26,000300,01,a780,144,01,41,80,dc,01,02,00,03,a9,00,6800,00,03,00
1993,622e,ff,fd,01,00,37,208,01,0000,fe80,03b0,b200,09,ee,00,00,26,000300,01,a580,144,01,41,80,dd,01,02,00,03,a9,00,6a00,00,03,00
1994,6205,ff,fd,01,00,37,208,01,0000,fe80,03af,b000,09,ee,00,00,26,000300,01,a380,144,01,41,80,de,01,02,00,03,a9,00,6c00,00,03,00
1995,60f1,ff,fd,01,00,37,208,01,0000,fe80,03ad,ae00,09,ee,00,00,26,000300,01,a180,144,01,41,80,df,01,02,00,03,a9,00,6e00,00,03,00
1996,622e,ff,fd,01,00,37,208,01,0000,fe80,03ac,ac00,09,ee,00,00,26,000300,01,9f80,144,01,41,80,e0,01,02,00,03,a9,00,7000,00,03,00
1997,60f6,ff,fd,01,00,37,208,01,0000,fe80,03aa,aa00,09,ee,00,00,26,000300,01,9d80,144,01,41,80,e1,01,02,00,03,a9,00,7200,00,03,00
1998,6231,ff,fd,01,00,37,208,01,0000,fe80,03a9,a800,09,ee,00,00,26,000300,01,9b80,144,01,41,80,e2,01,02,00,03,a9,00,7400,00,03,00
1999,60ef,ff,fd,01,00,37,208,01,0000,fe80,03a7,a600,09,ee,00,00,26,000300,01,9980,144,01,41,80,e3,01,02,00,03,a9,00,7600,00,03,00
2000,6205,ff,fd,01,00,37,208,02,0000,fe80,03a6,a400,09,ee,00,00,26,000300,01,9780,144,01,41,80,e4,01,02,00,03,a9,00,7800,00,03,00
2001,622d,ff,fd,01,00,37,208,02,0000,fe80,03a4,a200,09,ee,00,00,26,000300,01,9580,144,01,41,80,e5,01,02,00,03,a9,00,7a00,00,03,00
2002,6204,ff,fd,01,00,37,208,02,0000,fe80,03a3,a000,09,ee,00,00,26,000300,01,9380,144,01,41,80,e6,01,02,00,03,a9,00,7c00,00,03,00
2003,60f0,ff,fd,01,00,37,208,02,0000,fe80,03a1,9e00,09,ee,00,00,26,000300,01,9180,144,01,41,80,e7,01,02,00,03,a9,00,7e00,00,03,00
2004,6231,ff,fd,01,00,37,208,02,0000,fe80,03a0,9c00,09,ee,00,00,26,000300,01,8f80,144,01,41,80,e8,01,02,00,03,a9,00,8000,00,03,00
2005,6206,ff,fd,01,00,37,208,02,0000,fe80,039e,9a00,09,ee,00,00,26,000300,01,8d80,144,01,41,80,e9,01,02,00,03,a9,00,8200,00,03,00
2006,60f1,ff,fd,01,00,37,208,02,0000,fe80,039d,9800,09,ee,00,00,26,000300,01,8b80,144,01,41,80,ea,01,02,00,03,a9,00,8400,00,03,00
2007,60f1,ff,fd,01,00,37,208,00,0000,fe80,039b,9600,09,ee,00,00,26,000300,01,8980,144,01,41,80,eb,01,02,00,03,a9,00,8600,00,03,00
2008,622e,ff,fd,01,00,37,208,00,0000,fe80,039a,9400,09,ee,00,00,26,000300,01,8780,144,01,41,80,ec,01,02,00,03,a9,00,8800,00,03,00
2009,622e,ff,fd,01,00,37,208,00,0000,fe80,0398,9200,09,ee,00,00,26,000300,01,8580,144,01,41,80,ed,01,02,00,03,a9,00,8a00,00,03,00
2010,6208,ff,fd,01,00,37,208,00,0000,fe80,0397,9000,09,ee,00,00,26,000300,01,8380,144,01,41,80,ee,01,02,00,03,a9,00,8c00,00,03,00
2011,60ee,ff,fd,01,00,37,208,00,0000,fe80,0395,8e00,09,ee,00,00,26,000300,01,8180,144,01,41,80,ef,01,02,00,03,a9,00,8e00,00,03,00
2012,6205,ff,fd,01,00,37,208,00,0000,fe80,0394,8c00,09,ee,00,00,26,000300,01,7f80,144,01,41,80,f0,01,02,00,03,a9,00,9000,00,03,00
2013,60f2,ff,fd,01,00,37,208,00,0000,fe80,0392,8a00,09,ee,00,00,26,000300,01,7d80,144,01,41,80,f1,01,02,00,03,a9,00,9200,00,03,00
2014,622e,ff,fd,01,00,37,208,01,0000,fe80,0391,8800,09,ee,00,00,26,000300,01,7b80,144,01,41,80,f2,01,02,00,03,a9,00,9400,00,03,00
2015,6205,ff,fd,01,00,37,208,01,0000,fe80,038f,8600,09,ee,00,00,26,000300,01,7980,144,01,41,80,f3,01,02,00,03,a9,00,9600,00,03,00
2016,60f0,ff,fd,01,00,37,208,01,0000,fe80,038e,8400,09,ee,00,00,26,000300,01,7780,144,01,41,80,f4,01,02,00,03,a9,00,9800,00,03,00
2017,6231,ff,fd,01,00,37,208,01,0000,fe80,038c,8200,09,ee,00,00,26,000300,01,7580,144,01,41,80,f5,01,02,00,03,a9,00,9a00,00,03,00
2018,6205,ff,fd,01,00,37,208,01,0000,fe80,038b,8000,09,ee,00,00,26,000300,01,7380,144,01,41,80,f6,01,02,00,03,a9,00,9c00,00,03,00
2019,6204,ff,fd,01,00,37,208,01,0000,fe80,0389,7e00,09,ee,00,00,26,000300,01,7180,144,01,41,80,f7,01,02,00,03,a9,00,9e00,00,03,00
2020,6204,ff,fd,01,00,37,208,01,0000,fe80,0388,7c00,09,ee,00,00,26,000300,01,6f80,144,01,41,80,f8,01,02,00,03,a9,00,a000,00,03,00
2021,6206,ff,fd,01,00,37,208,01,0000,fe80,0386,7a00,09,ee,00,00,26,000300,01,6d80,144,01,41,80,f9,01,02,00,03,a9,00,a200,00,03,00
2022,622e,ff,fd,01,00,37,208,02,0000,fe80,0385,7800,09,ee,00,00,26,000300,01,6b80,144,01,41,80,fa,01,02,00,03,a9,00,a400,00,03,00
2023,6207,ff,fd,01,00,37,208,02,0000,fe80,0383,7600,09,ee,00,00,26,000300,01,6980,144,01,41,80,fb,01,02,00,03,a9,00,a600,00,03,00
2024,60ef,ff,fd,01,00,37,208,02,0000,fe80,0382,7400,09,ee,00,00,26,000300,01,6780,144,01,41,80,fc,01,02,00,03,a9,00,a800,00,03,00
2025,622e,ff,fd,01,00,37,208,02,0000,fe80,0380,7200,09,ee,00,00,26,000300,01,6580,144,01,41,80,fd,01,02,00,03,a9,00,aa00,00,03,00
2026,6205,ff,fd,01,00,37,208,02,0000,fe80,037f,7000,09,ee,00,00,26,000300,01,6380,144,01,41,80,fe,01,02,00,03,a9,00,ac00,00,03,00
2027,60f1,ff,fd,01,00,37,208,02,0000,fe80,037d,6e00,09,ee,00,00,26,000300,01,6180,144,01,41,80,ff,01,02,00,03,a9,00,ae00,00,03,00
2028,622e,ff,fd,01,00,37,208,02,0000,fe80,037c,6c00,09,ee,00,00,26,000300,01,5f80,144,01,41,80,00,01,02,00,03,a9,00,b000,00,03,00
2029,60f6,ff,fd,01,00,37,208,00,0000,fe80,037a,6a00,09,ee,00,00,26,000300,01,5d80,144,01,41,80,01,01,02,00,03,a9,00,b200,00,03,00
2030,60f2,ff,fd,01,00,37,208,00,0000,fe80,0379,6800,09,ee,00,00,26,000300,01,5b80,144,01,41,80,02,01,02,00,03,a9,00,b400,00,03,00
2031,6204,ff,fd,01,00,37,208,00,0000,fe80,0377,6600,09,ee,00,00,26,000300,01,5980,144,01,41,80,03,01,02,00,03,a9,00,b600,00,03,00
2032,60f1,ff,fd,01,00,37,208,00,0000,fe80,0376,6400,09,ee,00,00,26,000300,01,5780,144,01,41,80,04,01,02,00,03,a9,00,b800,00,03,00
2033,622e,ff,fd,01,00,37,208,00,0000,fe80,0374,6200,09,ee,00,00,26,000300,01,5580,144,01,41,80,05,01,02,00,03,a9,00,ba00,00,03,00
2034,6208,ff,fd,01,00,37,208,00,0000,fe80,0373,6000,09,ee,00,00,26,000300,01,5380,144,01,41,80,06,01,02,00,03,a9,00,bc00,00,03,00
2035,6205,ff,fd,01,00,37,208,00,0000,fe80,0371,5e00,09,ee,00,00,26,000300,01,5180,144,01,41,80,07,01,02,00,03,a9,00,be00,00,03,00
2036,6208,ff,fd,01,00,37,208,01,0000,fe80,0370,5c00,09,ee,00,00,26,000300,01,4f80,144,01,41,80,08,01,02,00,03,a9,00,c000,00,03,00
2037,60f5,ff,fd,01,00,37,208,01,0000,fe80,036e,5a00,09,ee,00,00,26,000300,01,4d80,144,01,41,80,09,01,02,00,03,a9,00,c200,00,03,00
2038,6205,ff,fd,01,00,37,208,01,0000,fe80,036d,5800,09,ee,00,00,26,000300,01,4b80,144,01,41,80,0a,01,02,00,03,a9,00,c400,00,03,00
2039,60f2,ff,fd,01,00,37,208,01,0000,fe80,036b,5600,09,ee,00,00,26,000300,01,4980,144,01,41,80,0b,01,02,00,03,a9,00,c600,00,03,00
2040,60ee,ff,fd,01,00,37,208,01,0000,fe80,036a,5400,09,ee,00,00,26,000300,01,4780,144,01,41,80,0c,01,02,00,03,a9,00,c800,00,03,00
2041,60f4,ff,fd,01,00,37,208,01,0000,fe80,0368,5200,09,ee,00,00,26,000300,01,4580,144,01,41,80,0d,01,02,00,03,a9,00,ca00,00,03,00
2042,6205,ff,fd,01,00,37,208,01,0000,fe80,0367,5000,09,ee,00,00,26,000300,01,4380,144,01,41,80,0e,01,02,00,03,a9,00,cc00,00,03,00
2043,60ef,ff,fd,01,00,37,208,01,0000,fe80,0365,4e00,09,ee,00,00,26,000300,01,4180,144,01,41,80,0f,01,02,00,03,a9,00,ce00,00,03,00
2044,60f4,ff,fd,01,00,37,208,02,0000,fe80,0364,4c00,09,ee,00,00,26,000300,01,3f80,144,01,41,80,10,01,02,00,03,a9,00,d000,00,03,00
2045,622e,ff,fd,01,00,37,208,02,0000,fe80,0362,4a00,09,ee,00,00,26,000300,01,3d80,144,01,41,80,11,01,02,00,03,a9,00,d200,00,03,00
2046,60f0,ff,fd,01,00,37,208,02,0000,fe80,0361,4800,09,ee,00,00,26,000300,01,3b80,144,01,41,80,12,01,02,00,03,a9,00,d400,00,03,00
2047,6208,ff,fd,01,00,37,208,02,0000,fe80,035f,4600,09,ee,00,00,26,000300,01,3980,144,01,41,80,13,01,02,00,03,a9,00,d600,00,03,00
2048,60ef,ff,fd,01,00,37,208,02,0000,fe80,035e,4400,09,ee,00,00,26,000300,01,3780,144,01,41,80,14,01,02,00,03,a9,00,d800,00,03,00
2049,622e,ff,fd,01,00,37,208,02,0000,fe80,035c,4200,09,ee,00,00,26,000300,01,3580,144,01,41,80,15,01,02,00,03,a9,00,da00,00,03,00
2050,6205,ff,fd,01,00,37,208,02,0000,fe80,035b,4000,09,ee,00,00,26,000300,01,3380,144,01,41,80,16,01,02,00,03,a9,00,dc00,00,03,00
2051,60ef,ff,fd,01,00,37,208,00,0000,fe80,0359,3e00,09,ee,00,00,26,000300,01,3180,144,01,41,80,17,01,02,00,03,a9,00,de00,00,03,00
2052,6204,ff,fd,01,00,37,208,00,0000,fe80,0358,3c00,09,ee,00,00,26,000300,01,2f80,144,01,41,80,18,01,02,00,03,a9,00,e000,00,03,00
2053,60ef,ff,fd,01,00,37,208,00,0000,fe80,0356,3a00,09,ee,00,00,26,000300,01,2d80,144,01,41,80,19,01,02,00,03,a9,00,e200,00,03,00
2054,622e,ff,fd,01,00,37,208,00,0000,fe80,0355,3800,09,ee,00,00,26,000300,01,2b80,144,01,41,80,1a,01,02,00,03,a9,00,e400,00,03,00
2055,60f2,ff,fd,01,00,37,208,00,0000,fe80,0353,3600,09,ee,00,00,26,000300,01,2980,144,01,41,80,1b,01,02,00,03,a9,00,e600,00,03,00
2056,622e,ff,fd,01,00,37,208,00,0000,fe80,0352,3400,09,ee,00,00,26,000300,01,2780,144,01,41,80,1c,01,02,00,03,a9,00,e800,00,03,00
2057,60f1,ff,fd,01,00,37,208,00,0000,fe80,0350,3200,09,ee,00,00,26,000300,01,2580,144,01,41,80,1d,01,02,00,03,a9,00,ea00,00,03,00
2058,6206,ff,fd,03,00,37,208,00,0000,fe80,0350,3200,09,ee,00,00,26,000300,01,2580,144,01,41,80,1e,01,01,00,03,a9,00,ea00,00,03,40
2059,60f5,ff,fd,03,00,37,208,00,0000,fe80,0350,3200,09,ee,00,00,26,000300,01,2580,144,01,41,80,1f,01,01,00,03,a9,00,ea00,00,03,3f
2060,60ef,ff,fd,03,00,37,208,00,0000,fe80,0350,3200,09,ee,00,00,26,000300,01,2580,144,01,41,80,20,01,01,00,03,a9,00,ea00,00,03,3e
2061,622e,ff,fd,03,00,37,208,00,0000,fe80,0350,3200,09,ee,00,00,26,000300,01,2580,144,01,41,80,21,01,01,00,03,a9,00,ea00,00,03,3d
2062,60f1,ff,fd,03,00,37,208,00,0000,fe80,0350,3200,09,ee,00,00,26,000300,01,2580,144,01,41,80,22,01,01,00,03,a9,00,ea00,00,03,3c
2063,6207,ff,fd,03,00,37,208,00,0000,fe80,0350,3200,09,ee,00,00,26,000300,01,2580,144,01,41,80,23,01,01,00,03,a9,00,ea00,00,03,3b
2064,60ef,ff,fd,03,00,37,208,00,0000,fe80,0350,3200,09,ee,00,00,26,000300,01,2580,144,01,41,80,24,01,01,00,03,a9,00,ea00,00,03,3a
2065,6205,ff,fd,03,00,37,208,00,0000,fe80,0350,3200,09,ee,00,00,26,000300,01,2580,144,01,41,80,25,01,01,00,03,a9,00,ea00,00,03,39
2066,6231,ff,fd,03,00,37,208,00,0000,fe80,0350,3200,09,ee,00,00,26,000300,01,2580,144,01,41,80,26,01,01,00,03,a9,00,ea00,00,03,38
2067,6203,ff,fd,03,00,37,208,00,0000,fe80,0350,3200,09,ee,00,00,26,000300,01,2580,144,01,41,80,27,01,01,00,03,a9,00,ea00,00,03,37
2068,622e,ff,fd,03,00,37,208,00,0000,fe80,0350,3200,09,ee,00,00,26,000300,01,2580,144,01,41,80,28,01,01,00,03,a9,00,ea00,00,03,36
2069,60f3,ff,fd,03,00,37,208,00,0000,fe80,0350,3200,09,ee,00,00,26,000300,01,2580,144,01,41,80,29,01,01,00,03,a9,00,ea00,00,03,35
2070,622d,ff,fd,03,00,37,208,00,0000,fe80,0350,3200,09,ee,00,00,26,000300,01,2580,144,01,41,80,2a,01,01,00,03,a9,00,ea00,00,03,34
2071,60f1,ff,fd,03,00,37,208,00,0000,fe80,0350,3200,09,ee,00,00,26,000300,01,2580,144,01,41,80,2b,01,01,00,03,a9,00,ea00,00,03,33
2072,6206,ff,fd,03,00,37,208,00,0000,fe80,0350,3200,09,ee,00,00,26,000300,01,2580,144,01,41,80,2c,01,01,00,03,a9,00,ea00,00,03,32
2073,60ef,ff,fd,03,00,37,208,00,0000,fe80,0350,3200,09,ee,00,00,26,000300,01,2580,144,01,41,80,2d,01,01,00,03,a9,00,ea00,00,03,31
2074,6205,ff,fd,03,00,37,208,00,0000,fe80,0350,3200,09,ee,00,00,26,000300,01,2580,144,01,41,80,2e,01,01,00,03,a9,00,ea00,00,03,30
2075,6231,ff,fd,03,00,37,208,00,0000,fe80,0350,3200,09,ee,00,00,26,000300,01,2580,144,01,41,80,2f,01,01,00,03,a9,00,ea00,00,03,2f
2076,60f6,ff,fd,03,00,37,208,00,0000,fe80,0350,3200,09,ee,00,00,26,000300,01,2580,144,01,41,80,30,01,01,00,03,a9,00,ea00,00,03,2e
2077,622e,ff,fd,03,00,37,208,00,0000,fe80,0350,3200,09,ee,00,00,26,000300,01,2580,144,01,41,80,31,01,01,00,03,a9,00,ea00,00,03,2d
2078,60f2,ff,fd,03,00,37,208,00,0000,fe80,0350,3200,09,ee,00,00,26,000300,01,2580,144,01,41,80,32,01,01,00,03,a9,00,ea00,00,03,2c
2079,622e,ff,fd,03,00,37,208,00,0000,fe80,0350,3200,09,ee,00,00,26,000300,01,2580,144,01,41,80,33,01,01,00,03,a9,00,ea00,00,03,2b
2080,60f1,ff,fd,03,00,37,208,00,0000,fe80,0350,3200,09,ee,00,00,26,000300,01,2580,144,01,41,80,34,01,01,00,03,a9,00,ea00,00,03,2a
2081,6206,ff,fd,03,00,37,208,00,0000,fe80,0350,3200,09,ee,00,00,26,000300,01,2580,144,01,41,80,35,01,01,00,03,a9,00,ea00,00,03,29
2082,60ef,ff,fd,03,00,37,208,00,0000,fe80,0350,3200,09,ee,00,00,26,000300,01,2580,144,01,41,80,36,01,01,00,03,a9,00,ea00,00,03,28
2083,6205,ff,fd,03,00,37,208,00,0000,fe80,0350,3200,09,ee,00,00,26,000300,01,2580,144,01,41,80,37,01,01,00,03,a9,00,ea00,00,03,27
2084,6230,ff,fd,03,00,37,208,00,0000,fe80,0350,3200,09,ee,00,00,26,000300,01,2580,144,01,41,80,38,01,01,00,03,a9,00,ea00,00,03,26
2085,60f6,ff,fd,03,00,37,208,00,0000,fe80,0350,3200,09,ee,00,00,26,000300,01,2580,144,01,41,80,39,01,01,00,03,a9,00,ea00,00,03,25
2086,622e,ff,fd,03,00,37,208,00,0000,fe80,0350,3200,09,ee,00,00,26,000300,01,2580,144,01,41,80,3a,01,01,00,03,a9,00,ea00,00,03,24
2087,60f2,ff,fd,03,00,37,208,00,0000,fe80,0350,3200,09,ee,00,00,26,000300,01,2580,144,01,41,80,3b,01,01,00,03,a9,00,ea00,00,03,23
2088,6208,ff,fd,03,00,37,208,00,0000,fe80,0350,3200,09,ee,00,00,26,000300,01,2580,144,01,41,80,3c,01,01,00,03,a9,00,ea00,00,03,22
2089,60f1,ff,fd,03,00,37,208,00,0000,fe80,0350,3200,09,ee,00,00,26,000300,01,2580,144,01,41,80,3d,01,01,00,03,a9,00,ea00,00,03,21
2090,6205,ff,fd,03,00,37,208,00,0000,fe80,0350,3200,09,ee,00,00,26,000300,01,2580,144,01,41,80,3e,01,01,00,03,a9,00,ea00,00,03,20
2091,60ef,ff,fd,03,00,37,208,00,0000,fe80,0350,3200,09,ee,00,00,26,000300,01,2580,144,01,41,80,3f,01,01,00,03,a9,00,ea00,00,03,1f
2092,6204,ff,fd,03,00,37,208,00,0000,fe80,0350,3200,09,ee,00,00,26,000300,01,2580,144,01,41,80,40,01,01,00,03,a9,00,ea00,00,03,1e
2093,6231,ff,fd,03,00,37,208,00,0000,fe80,0350,3200,09,ee,00,00,26,000300,01,2580,144,01,41,80,41,01,01,00,03,a9,00,ea00,00,03,1d
2094,60f5,ff,fd,03,00,37,208,00,0000,fe80,0350,3200,09,ee,00,00,26,000300,01,2580,144,01,41,80,42,01,01,00,03,a9,00,ea00,00,03,1c
2095,622e,ff,fd,03,00,37,208,00,0000,fe80,0350,3200,09,ee,00,00,26,000300,01,2580,144,01,41,80,43,01,01,00,03,a9,00,ea00,00,03,1b
2096,60f1,ff,fd,03,00,37,208,00,0000,fe80,0350,3200,09,ee,00,00,26,000300,01,2580,144,01,41,80,44,01,01,00,03,a9,00,ea00,00,03,1a
2097,622d,ff,fd,03,00,37,208,00,0000,fe80,0350,3200,09,ee,00,00,26,000300,01,2580,144,01,41,80,45,01,01,00,03,a9,00,ea00,00,03,19
2098,60f0,ff,fd,03,00,37,208,00,0000,fe80,0350,3200,09,ee,00,00,26,000300,01,2580,144,01,41,80,46,01,01,00,03,a9,00,ea00,00,03,18
2099,6206,ff,fd,03,00,37,208,00,0000,fe80,0350,3200,09,ee,00,00,26,000300,01,2580,144,01,41,80,47,01,01,00,03,a9,00,ea00,00,03,17
2100,60ef,ff,fd,03,00,37,208,00,0000,fe80,0350,3200,09,ee,00,00,26,000300,01,2580,144,01,41,80,48,01,01,00,03,a9,00,ea00,00,03,16
2101,6205,ff,fd,03,00,37,208,00,0000,fe80,0350,3200,09,ee,00,00,26,000300,01,2580,144,01,41,80,49,01,01,00,03,a9,00,ea00,00,03,15
2102,622f,ff,fd,03,00,37,208,00,0000,fe80,0350,3200,09,ee,00,00,26,000300,01,2580,144,01,41,80,4a,01,01,00,03,a9,00,ea00,00,03,14
2103,60f6,ff,fd,03,00,37,208,00,0000,fe80,0350,3200,09,ee,00,00,26,000300,01,2580,144,01,41,80,4b,01,01,00,03,a9,00,ea00,00,03,13
2104,622e,ff,fd,03,00,37,208,00,0000,fe80,0350,3200,09,ee,00,00,26,000300,01,2580,144,01,41,80,4c,01,01,00,03,a9,00,ea00,00,03,12
2105,60f2,ff,fd,03,00,37,208,00,0000,fe80,0350,3200,09,ee,00,00,26,000300,01,2580,144,01,41,80,4d,01,01,00,03,a9,00,ea00,00,03,11
2106,6208,ff,fd,03,00,37,208,00,0000,fe80,0350,3200,09,ee,00,00,26,000300,01,2580,144,01,41,80,4e,01,01,00,03,a9,00,ea00,00,03,10
2107,60f1,ff,fd,03,00,37,208,00,0000,fe80,0350,3200,09,ee,00,00,26,000300,01,2580,144,01,41,80,4f,01,01,00,03,a9,00,ea00,00,03,0f
2108,6205,ff,fd,03,00,37,208,00,0000,fe80,0350,3200,09,ee,00,00,26,000300,01,2580,144,01,41,80,50,01,01,00,03,a9,00,ea00,00,03,0e
2109,60ef,ff,fd,03,00,37,208,00,0000,fe80,0350,3200,09,ee,00,00,26,000300,01,2580,144,01,41,80,51,01,01,00,03,a9,00,ea00,00,03,0d
2110,6203,ff,fd,03,00,37,208,00,0000,fe80,0350,3200,09,ee,00,00,26,000300,01,2580,144,01,41,80,52,01,01,00,03,a9,00,ea00,00,03,0c
2111,6230,ff,fd,03,00,37,208,00,0000,fe80,0350,3200,09,ee,00,00,26,000300,01,2580,144,01,41,80,53,01,01,00,03,a9,00,ea00,00,03,0b
2112,60f4,ff,fd,03,00,37,208,00,0000,fe80,0350,3200,09,ee,00,00,26,000300,01,2580,144,01,41,80,54,01,01,00,03,a9,00,ea00,00,03,0a
2113,622e,ff,fd,03,00,37,208,00,0000,fe80,0350,3200,09,ee,00,00,26,000300,01,2580,144,01,41,80,55,01,01,00,03,a9,00,ea00,00,03,09
2114,60f1,ff,fd,03,00,37,208,00,0000,fe80,0350,3200,09,ee,00,00,26,000300,01,2580,144,01,41,80,56,01,01,00,03,a9,00,ea00,00,03,08
2115,6208,ff,fd,03,00,37,208,00,0000,fe80,0350,3200,09,ee,00,00,26,000300,01,2580,144,01,41,80,57,01,01,00,03,a9,00,ea00,00,03,07
2116,60ef,ff,fd,03,00,37,208,00,0000,fe80,0350,3200,09,ee,00,00,26,000300,01,2580,144,01,41,80,58,01,01,00,03,a9,00,ea00,00,03,06
2117,6205,ff,fd,03,00,37,208,00,0000,fe80,0350,3200,09,ee,00,00,26,000300,01,2580,144,01,41,80,59,01,01,00,03,a9,00,ea00,00,03,05
2118,60ee,ff,fd,03,00,37,208,00,0000,fe80,0350,3200,09,ee,00,00,26,000300,01,2580,144,01,41,80,5a,01,01,00,03,a9,00,ea00,00,03,04
2119,6204,ff,fd,03,00,37,208,00,0000,fe80,0350,3200,09,ee,00,00,26,000300,01,2580,144,01,41,80,5b,01,01,00,03,a9,00,ea00,00,03,03
2120,622e,ff,fd,03,00,37,208,00,0000,fe80,0350,3200,09,ee,00,00,26,000300,01,2580,144,01,41,80,5c,01,01,00,03,a9,00,ea00,00,03,02
2121,60f5,ff,fd,03,00,37,208,00,0000,fe80,0350,3200,09,ee,00,00,26,000300,01,2580,144,01,41,80,5d,01,01,00,03,a9,00,ea00,00,03,01
2122,6205,ff,fd,03,00,37,208,00,0000,fe80,0250,3200,09,ee,00,00,26,000300,01,2580,144,01,41,80,5e,01,01,00,04,a9,00,ea00,00,05,00
2123,60f6,ff,fd,03,00,37,208,00,0000,fe80,0250,3200,09,ee,00,00,26,000300,01,2580,144,01,41,80,5f,00,01,00,04,a9,00,ea00,00,07,00
2124,622f,ff,fd,03,00,37,208,00,0000,fe80,0250,3200,09,ee,00,00,26,000300,01,2580,144,01,41,80,60,00,01,00,04,a9,00,ea00,01,07,00
2125,622e,ff,fd,00,00,0,0,00,0000,fe80,0250,3200,09,ee,00,00,26,000300,00,0000,0,00,00,00,61,00,01,00,04,a9,00,ea00,01,07,00
2126,60f1,ff,fd,00,00,0,0,00,0000,fe80,0250,3200,09,ee,00,00,26,000300,00,0000,0,00,00,00,62,00,01,00,04,a9,00,ea00,01,07,00
2127,6208,ff,fd,00,00,0,0,00,0000,fe80,0250,3200,09,ee,00,00,26,000300,00,0000,0,00,00,00,63,00,01,00,04,a9,00,ea00,01,07,00
2128,60ef,ff,fd,00,00,0,0,00,0000,fe80,0250,3200,09,ee,00,00,26,000300,00,0000,0,00,00,00,64,00,01,00,04,a9,00,ea00,01,07,00
2129,6205,ff,fd,00,00,0,0,00,0000,fe80,0250,3200,09,ee,00,00,26,000300,00,0000,0,00,00,00,65,00,01,00,04,a9,00,ea00,01,07,00
2130,622e,ff,fd,00,00,0,0,00,0000,fe80,0250,3200,09,ee,00,00,26,000300,00,0000,0,00,00,00,66,00,01,00,04,a9,00,ea00,01,07,00
2131,60f4,ff,fd,00,00,0,0,00,0000,fe80,0250,3200,09,ee,00,00,26,000300,00,0000,0,00,00,00,67,00,01,00,04,a9,00,ea00,01,07,00
2132,6208,ff,fd,00,00,0,0,00,0000,fe80,0250,3200,09,ee,00,00,26,000300,00,0000,0,00,00,00,68,00,01,00,04,a9,00,ea00,01,07,00
2133,60f1,ff,fd,00,00,0,0,00,0000,fe80,0250,3200,09,ee,00,00,26,000300,00,0000,0,00,00,00,69,00,01,00,04,a9,00,ea00,01,07,00
2134,6205,ff,fd,00,00,0,0,00,0000,fe80,0250,3200,09,ee,00,00,26,000300,00,0000,0,00,00,00,6a,00,01,00,04,a9,00,ea00,01,07,00
2135,60ee,ff,fd,00,00,0,0,00,0000,fe80,0250,3200,09,ee,00,00,26,000300,00,0000,0,00,00,00,6b,00,01,00,04,a9,00,ea00,01,07,00
2136,60f5,ff,fd,00,00,0,0,00,0000,fe80,0250,3200,09,ee,00,00,26,000300,00,0000,0,00,00,00,6c,00,01,00,04,a9,00,ea00,01,07,00
2137,622e,ff,fd,00,00,0,0,00,0000,fe80,0250,3200,09,ee,00,00,26,000300,00,0000,0,00,00,00,6d,00,01,00,04,a9,00,ea00,01,07,00
2138,60f1,ff,fd,00,00,0,0,00,0000,fe80,0250,3200,09,ee,00,00,26,000300,00,0000,0,00,00,00,6e,00,01,00,04,a9,00,ea00,01,07,00
2139,6208,ff,fd,00,00,0,0,00,0000,fe80,0250,3200,09,ee,00,00,26,000300,00,0000,0,00,00,00,6f,00,01,00,04,a9,00,ea00,01,07,00
2140,60ef,ff,fd,00,00,0,0,00,0000,fe80,0250,3200,09,ee,00,00,26,000300,00,0000,0,00,00,00,70,00,01,00,04,a9,00,ea00,01,07,00
2141,6205,ff,fd,00,00,0,0,00,0000,fe80,0250,3200,09,ee,00,00,26,000300,00,0000,0,00,00,00,71,00,01,00,04,a9,00,ea00,01,07,00
2142,622e,ff,fd,00,00,0,0,00,0000,fe80,0250,3200,09,ee,00,00,26,000300,00,0000,0,00,00,00,72,00,01,00,04,a9,00,ea00,01,07,00
2143,60f4,ff,fd,00,00,0,0,00,0000,fe80,0250,3200,09,ee,00,00,26,000300,00,0000,0,00,00,00,73,00,01,00,04,a9,00,ea00,01,07,00
2144,6208,ff,fd,00,00,0,0,00,0000,fe80,0250,3200,09,ee,00,00,26,000300,00,0000,0,00,00,00,74,00,01,00,04,a9,00,ea00,01,07,00
2145,60f1,ff,fd,00,00,0,0,00,0000,fe80,0250,3200,09,ee,00,00,26,000300,00,0000,0,00,00,00,75,00,01,00,04,a9,00,ea00,01,07,00
2146,6205,ff,fd,00,00,0,0,00,0000,fe80,0250,3200,09,ee,00,00,26,000300,00,0000,0,00,00,00,76,00,01,00,04,a9,00,ea00,01,07,00
2147,6207,ff,fd,00,00,0,0,00,0000,fe80,0200,3200,09,ee,00,00,26,000300,00,0000,0,00,00,00,77,00,01,00,04,a9,00,ea00,02,07,00
2148,60ee,ff,fd,00,00,0,0,00,0000,fe80,0200,3200,09,ee,00,00,26,000300,00,0000,0,00,00,00,78,00,01,00,04,a9,00,ea00,02,07,00
2149,60f6,ff,fd,00,00,0,0,00,0000,fe80,0200,3200,09,ee,00,00,26,000300,00,0000,0,00,00,00,79,00,01,00,04,a9,00,ea00,02,07,00
2150,6208,ff,fd,00,00,0,0,00,0000,fe80,0200,3200,09,ee,00,00,26,000300,00,0000,0,00,00,00,7a,00,01,00,04,a9,00,ea00,02,07,00
2151,60f0,ff,fd,00,00,0,0,00,0000,fe80,0200,3200,09,ee,00,00,26,000300,00,0000,0,00,00,00,7b,00,01,00,04,a9,00,ea00,02,07,00
2152,6203,ff,fd,00,00,0,0,00,0000,fe80,0200,3200,09,ee,00,00,26,000300,00,0000,0,00,00,00,7c,00,01,00,04,a9,00,ea00,02,07,00
2153,622e,ff,fd,00,00,0,0,00,0000,fe80,0200,3200,09,ee,00,00,26,000300,00,0000,0,00,00,00,7d,00,01,00,04,a9,00,ea00,02,07,00
2154,60f1,ff,fd,00,00,0,0,00,0000,fe80,0200,3200,09,ee,00,00,26,000300,00,0000,0,00,00,00,7e,00,01,00,04,a9,00,ea00,02,07,00
2155,6205,ff,fd,00,00,0,0,00,0000,fe80,0200,3200,09,ee,00,00,26,000300,00,0000,0,00,00,00,7f,00,01,00,04,a9,00,ea00,02,07,00
2156,622f,ff,fd,00,00,0,0,00,0000,fe80,0200,3200,09,ee,00,00,26,000300,00,0000,0,00,00,00,80,00,01,00,04,a9,00,ea00,02,07,00
2157,60f3,ff,fd,00,00,0,0,00,0000,fe80,0200,3200,09,ee,00,00,26,000300,00,0000,0,00,00,00,81,00,01,00,04,a9,00,ea00,02,07,00
2158,6206,ff,fd,00,00,0,0,00,0000,fe80,0200,3200,09,ee,00,00,26,000300,00,0000,0,00,00,00,82,00,01,00,04,a9,00,ea00,02,07,00
2159,60ef,ff,fd,00,00,0,0,00,0000,fe80,0200,3200,09,ee,00,00,26,000300,00,0000,0,00,00,00,83,00,01,00,04,a9,00,ea00,02,07,00
2160,60f5,ff,fd,00,00,0,0,00,0000,fe80,0200,3200,09,ee,00,00,26,000300,00,0000,0,00,00,00,84,00,01,00,04,a9,00,ea00,02,07,00
2161,622e,ff,fd,00,00,0,0,00,0000,fe80,0200,3200,09,ee,00,00,26,000300,00,0000,0,00,00,00,85,00,01,00,04,a9,00,ea00,02,07,00
2162,60ef,ff,fd,00,00,0,0,00,0000,fe80,0200,3200,09,ee,00,00,26,000300,00,0000,0,00,00,00,86,00,01,00,04,a9,00,ea00,02,07,00
2163,6205,ff,fd,00,00,0,0,00,0000,fe80,0200,3200,09,ee,00,00,26,000300,00,0000,0,00,00,00,87,00,01,00,04,a9,00,ea00,02,07,00
2164,622e,ff,fd,00,00,0,0,00,0000,fe80,0200,3200,09,ee,00,00,26,000300,00,0000,0,00,00,00,88,00,01,00,04,a9,00,ea00,02,07,00
2165,60f1,ff,fd,00,00,0,0,00,0000,fe80,0200,3200,09,ee,00,00,26,000300,00,0000,0,00,00,00,89,00,01,00,04,a9,00,ea00,02,07,00
2166,6205,ff,fd,00,00,0,0,00,0000,fe80,0200,3200,09,ee,00,00,26,000300,00,0000,0,00,00,00,8a,00,01,00,04,a9,00,ea00,02,07,00
2167,6231,ff,fd,00,00,0,0,00,0000,fe80,0200,3200,09,ee,00,00,26,000300,00,0000,0,00,00,00,8b,00,01,00,04,a9,00,ea00,02,07,00
2168,60f2,ff,fd,00,00,0,0,00,0000,fe80,0200,3200,09,ee,00,00,26,000300,00,0000,0,00,00,00,8c,00,01,00,04,a9,00,ea00,02,07,00
2169,6208,ff,fd,00,00,0,0,00,0000,fe80,0200,3200,09,ee,00,00,26,000300,00,0000,0,00,00,00,8d,00,01,00,04,a9,00,ea00,02,07,00
2170,60ee,ff,fd,00,00,0,0,00,0000,fe80,0200,3200,09,ee,00,00,26,000300,00,0000,0,00,00,00,8e,00,01,00,04,a9,00,ea00,02,07,00
2171,60f6,ff,fd,00,00,0,0,00,0000,fe80,0200,3200,09,ee,00,00,26,000300,00,0000,0,00,00,00,8f,00,01,00,04,a9,00,ea00,02,07,00
2172,622d,ff,fd,00,00,0,0,00,0000,fe80,0200,3200,09,ee,00,00,26,000300,00,0000,0,00,00,00,90,00,01,00,04,a9,00,ea00,02,07,00
2173,60f0,ff,fd,00,00,0,0,00,0000,fe80,0200,3200,09,ee,00,00,26,000300,00,0000,0,00,00,00,91,00,01,00,04,a9,00,ea00,02,07,00
2174,6203,ff,fd,00,00,0,0,00,0000,fe80,0200,3200,09,ee,00,00,26,000300,00,0000,0,00,00,00,92,00,01,00,04,a9,00,ea00,02,07,00
2175,622e,ff,fd,00,00,0,0,00,0000,fe80,0200,3200,09,ee,00,00,26,000300,00,0000,0,00,00,00,93,00,01,00,04,a9,00,ea00,02,07,00
2176,60f1,ff,fd,00,00,0,0,00,0000,fe80,0200,3200,09,ee,00,00,26,000300,00,0000,0,00,00,00,94,00,01,00,04,a9,00,ea00,02,07,00
2177,6205,ff,fd,00,00,0,0,00,0000,fe80,0200,3200,09,ee,00,00,26,000300,00,0000,0,00,00,00,95,00,01,00,04,a9,00,ea00,02,07,00
2178,6230,ff,fd,00,00,0,0,00,0000,fe80,0200,3200,09,ee,00,00,26,000300,00,0000,0,00,00,00,96,00,01,00,04,a9,00,ea00,02,07,00
2179,60f3,ff,fd,00,00,0,0,00,0000,fe80,0200,3200,09,ee,00,00,26,000300,00,0000,0,00,00,00,97,00,01,00,04,a9,00,ea00,02,07,00
2180,6206,ff,fd,00,00,0,0,00,0000,fe80,0200,3200,09,ee,00,00,26,000300,00,0000,0,00,00,00,98,00,01,00,04,a9,00,ea00,02,07,00
2181,60ef,ff,fd,00,00,0,0,00,0000,fe80,0200,3200,09,ee,00,00,26,000300,00,0000,0,00,00,00,99,00,01,00,04,a9,00,ea00,02,07,00
2182,60f5,ff,fd,00,00,0,0,00,0000,fe80,0200,3200,09,ee,00,00,26,000300,00,0000,0,00,00,00,9a,00,01,00,04,a9,00,ea00,02,07,00
2183,622e,ff,fd,00,00,0,0,00,0000,fe80,0200,3200,09,ee,00,00,26,000300,00,0000,0,00,00,00,9b,00,01,00,04,a9,00,ea00,02,07,00
2184,60ef,ff,fd,00,00,0,0,00,0000,fe80,0200,3200,09,ee,00,00,26,000300,00,0000,0,00,00,00,9c,00,01,00,04,a9,00,ea00,02,07,00
2185,6205,ff,fd,00,00,0,0,00,0000,fe80,0200,3200,09,ee,00,00,26,000300,00,0000,0,00,00,00,9d,00,01,00,04,a9,00,ea00,02,07,00
2186,622e,ff,fd,00,00,0,0,00,0000,fe80,0200,3200,09,ee,00,00,26,000300,00,0000,0,00,00,00,9e,00,01,00,04,a9,00,ea00,02,07,00
2187,60f1,ff,fd,00,00,0,0,00,0000,fe80,0200,3200,09,ee,00,00,26,000300,00,0000,0,00,00,00,9f,00,01,00,04,a9,00,ea00,02,07,00
2188,6205,ff,fd,00,00,0,0,00,0000,fe80,0200,3200,09,ee,00,00,26,000300,00,0000,0,00,00,00,a0,00,01,00,04,a9,00,ea00,02,07,00
2189,6231,ff,fd,00,00,0,0,00,0000,fe80,0200,3200,09,ee,00,00,26,000300,00,0000,0,00,00,00,a1,00,01,00,04,a9,00,ea00,02,07,00
2190,60f2,ff,fd,00,00,0,0,00,0000,fe80,0200,3200,09,ee,00,00,26,000300,00,0000,0,00,00,00,a2,00,01,00,04,a9,00,ea00,02,07,00
2191,6208,ff,fd,00,00,0,0,00,0000,fe80,0200,3200,09,ee,00,00,26,000300,00,0000,0,00,00,00,a3,00,01,00,04,a9,00,ea00,02,07,00
2192,60ee,ff,fd,00,00,0,0,00,0000,fe80,0200,3200,09,ee,00,00,26,000300,00,0000,0,00,00,00,a4,00,01,00,04,a9,00,ea00,02,07,00
2193,60f6,ff,fd,00,00,0,0,00,0000,fe80,0200,3200,09,ee,00,00,26,000300,00,0000,0,00,00,00,a5,00,01,00,04,a9,00,ea00,02,07,00
2194,622d,ff,fd,00,00,0,0,00,0000,fe80,0200,3200,09,ee,00,00,26,000300,00,0000,0,00,00,00,a6,00,01,00,04,a9,00,ea00,02,07,00
2195,60f0,ff,fd,00,00,0,0,00,0000,fe80,0200,3200,09,ee,00,00,26,000300,00,0000,0,00,00,00,a7,00,01,00,04,a9,00,ea00,02,07,00
2196,6204,ff,fd,00,00,0,0,00,0000,fe80,0200,3200,09,ee,00,00,26,000300,00,0000,0,00,00,00,a8,00,01,00,04,a9,00,ea00,02,07,00
2197,622e,ff,fd,00,00,0,0,00,0000,fe80,0200,3200,09,ee,00,00,26,000300,00,0000,0,00,00,00,a9,00,01,00,04,a9,00,ea00,02,07,00
2198,60f1,ff,fd,00,00,0,0,00,0000,fe80,0200,3200,09,ee,00,00,26,000300,00,0000,0,00,00,00,aa,00,01,00,04,a9,00,ea00,02,07,00
2199,6206,ff,fd,00,00,0,0,00,0000,fe80,0200,3200,09,ee,00,00,26,000300,00,0000,0,00,00,00,ab,00,01,00,04,a9,00,ea00,02,07,00
2200,6230,ff,fd,00,00,0,0,00,0000,fe80,0200,3200,09,ee,00,00,26,000300,00,0000,0,00,00,00,ac,00,01,00,04,a9,00,ea00,02,07,00
2201,60f3,ff,fd,00,00,0,0,00,0000,fe80,0200,3200,09,ee,00,00,26,000300,00,0000,0,00,00,00,ad,00,01,00,04,a9,00,ea00,02,07,00
2202,6207,ff,fd,00,00,0,0,00,0000,fe80,0200,3200,09,ee,00,00,26,000300,00,0000,0,00,00,00,ae,00,01,00,04,a9,00,ea00,02,07,00
2203,60ef,ff,fd,00,00,0,0,00,0000,fe80,0200,3200,09,ee,00,00,26,000300,00,0000,0,00,00,00,af,00,01,00,04,a9,00,ea00,02,07,00
2204,60f5,ff,fd,00,00,0,0,00,0000,fe80,0200,3200,09,ee,00,00,26,000300,00,0000,0,00,00,00,b0,00,01,00,04,a9,00,ea00,02,07,00
2205,622e,ff,fd,00,00,0,0,00,0000,fe80,0200,3200,09,ee,00,00,26,000300,00,0000,0,00,00,00,b1,00,01,00,04,a9,00,ea00,02,07,00
2206,60ef,ff,fd,00,00,0,0,00,0000,fe80,0200,3200,09,ee,00,00,26,000300,00,0000,0,00,00,00,b2,00,01,00,04,a9,00,ea00,02,07,00
2207,6205,ff,fd,00,00,0,0,00,0000,fe80,0200,3200,09,ee,00,00,26,000300,00,0000,0,00,00,00,b3,00,01,00,04,a9,00,ea00,02,07,00
2208,622e,ff,fd,00,00,0,0,00,0000,fe80,0200,3200,09,ee,00,00,26,000300,00,0000,0,00,00,00,b4,00,01,00,04,a9,00,ea00,02,07,00
2209,60f1,ff,fd,00,00,0,0,00,0000,fe80,0200,3200,09,ee,00,00,26,000300,00,0000,0,00,00,00,b5,00,01,00,04,a9,00,ea00,02,07,00
2210,6205,ff,fd,00,00,0,0,00,0000,fe80,0200,3200,09,ee,00,00,26,000300,00,0000,0,00,00,00,b6,00,01,00,04,a9,00,ea00,02,07,00
2211,6231,ff,fd,00,00,0,0,00,0000,fe80,0200,3200,09,ee,00,00,26,000300,00,0000,0,00,00,00,b7,00,01,00,04,a9,00,ea00,02,07,00
2212,60f2,ff,fd,00,00,0,0,00,0000,fe80,0200,3200,09,ee,00,00,26,000300,00,0000,0,00,00,00,b8,00,01,00,04,a9,00,ea00,02,07,00
2213,6208,ff,fd,00,00,0,0,00,0000,fe80,0200,3200,09,ee,00,00,26,000300,00,0000,0,00,00,00,b9,00,01,00,04,a9,00,ea00,02,07,00
2214,60ef,ff,fd,00,00,0,0,00,0000,fe80,0200,3200,09,ee,00,00,26,000300,00,0000,0,00,00,00,ba,00,01,00,04,a9,00,ea00,02,07,00
2215,60f6,ff,fd,00,00,0,0,00,0000,fe80,0200,3200,09,ee,00,00,26,000300,00,0000,0,00,00,00,bb,00,01,00,04,a9,00,ea00,02,07,00
2216,622d,ff,fd,00,00,0,0,00,0000,fe80,0200,3200,09,ee,00,00,26,000300,00,0000,0,00,00,00,bc,00,01,00,04,a9,00,ea00,02,07,00
2217,60f1,ff,fd,00,00,0,0,00,0000,fe80,0200,3200,09,ee,00,00,26,000300,00,0000,0,00,00,00,bd,00,01,00,04,a9,00,ea00,02,07,00
2218,6204,ff,fd,00,00,0,0,00,0000,fe80,0200,3200,09,ee,00,00,26,000300,00,0000,0,00,00,00,be,00,01,00,04,a9,00,ea00,02,07,00
2219,622e,ff,fd,00,00,0,0,00,0000,fe80,0200,3200,09,ee,00,00,26,000300,00,0000,0,00,00,00,bf,00,01,00,04,a9,00,ea00,02,07,00
2220,60f1,ff,fd,00,00,0,0,00,0000,fe80,0200,3200,09,ee,00,00,26,000300,00,0000,0,00,00,00,c0,00,01,00,04,a9,00,ea00,02,07,00
2221,6206,ff,fd,00,00,0,0,00,0000,fe80,0200,3200,09,ee,00,00,26,000300,00,0000,0,00,00,00,c1,00,01,00,04,a9,00,ea00,02,07,00
2222,6230,ff,fd,00,00,0,0,00,0000,fe80,0200,3200,09,ee,00,00,26,000300,00,0000,0,00,00,00,c2,00,01,00,04,a9,00,ea00,02,07,00
2223,60f4,ff,fd,00,00,0,0,00,0000,fe80,0200,3200,09,ee,00,00,26,000300,00,0000,0,00,00,00,c3,00,01,00,04,a9,00,ea00,02,07,00
2224,6207,ff,fd,00,00,0,0,00,0000,fe80,0200,3200,09,ee,00,00,26,000300,00,0000,0,00,00,00,c4,00,01,00,04,a9,00,ea00,02,07,00
2225,60ef,ff,fd,00,00,0,0,00,0000,fe80,0200,3200,09,ee,00,00,26,000300,00,0000,0,00,00,00,c5,00,01,00,04,a9,00,ea00,02,07,00
2226,60f6,ff,fd,00,00,0,0,00,0000,fe80,0200,3200,09,ee,00,00,26,000300,00,0000,0,00,00,00,c6,00,01,00,04,a9,00,ea00,02,07,00
2227,622e,ff,fd,00,00,0,0,00,0000,fe80,0200,3200,09,ee,00,00,26,000300,00,0000,0,00,00,00,c7,00,01,00,04,a9,00,ea00,02,07,00
2228,60ef,ff,fd,00,00,0,0,00,0000,fe80,0200,3200,09,ee,00,00,26,000300,00,0000,0,00,00,00,c8,00,01,00,04,a9,00,ea00,02,07,00
2229,6205,ff,fd,00,00,0,0,00,0000,fe80,0200,3200,09,ee,00,00,26,000300,00,0000,0,00,00,00,c9,00,01,00,04,a9,00,ea00,02,07,00
2230,622e,ff,fd,00,00,0,0,00,0000,fe80,0200,3200,09,ee,00,00,26,000300,00,0000,0,00,00,00,ca,00,01,00,04,a9,00,ea00,02,07,00
2231,60f1,ff,fd,00,00,0,0,00,0000,fe80,0200,3200,09,ee,00,00,26,000300,00,0000,0,00,00,00,cb,00,01,00,04,a9,00,ea00,02,07,00
2232,6205,ff,fd,00,00,0,0,00,0000,fe80,0200,3200,09,ee,00,00,26,000300,00,0000,0,00,00,00,cc,00,01,00,04,a9,00,ea00,02,07,00
2233,6231,ff,fd,00,00,0,0,00,0000,fe80,0200,3200,09,ee,00,00,26,000300,00,0000,0,00,00,00,cd,00,01,00,04,a9,00,ea00,02,07,00
2234,60f2,ff,fd,00,00,0,0,00,0000,fe80,0200,3200,09,ee,00,00,26,000300,00,0000,0,00,00,00,ce,00,01,00,04,a9,00,ea00,02,07,00
2235,6208,ff,fd,00,00,0,0,00,0000,fe80,0200,3200,09,ee,00,00,26,000300,00,0000,0,00,00,00,cf,00,01,00,04,a9,00,ea00,02,07,00
2236,60ef,ff,fd,00,00,0,0,00,0000,fe80,0200,3200,09,ee,00,00,26,000300,00,0000,0,00,00,00,d0,00,01,00,04,a9,00,ea00,02,07,00
2237,60f6,ff,fd,00,00,0,0,00,0000,fe80,0200,3200,09,ee,00,00,26,000300,00,0000,0,00,00,00,d1,00,01,00,04,a9,00,ea00,02,07,00
2238,622e,ff,fd,00,00,0,0,00,0000,fe80,0200,3200,09,ee,00,00,26,000300,00,0000,0,00,00,00,d2,00,01,00,04,a9,00,ea00,02,07,00
2239,60f1,ff,fd,00,00,0,0,00,0000,fe80,0200,3200,09,ee,00,00,26,000300,00,0000,0,00,00,00,d3,00,01,00,04,a9,00,ea00,02,07,00
2240,6204,ff,fd,00,00,0,0,00,0000,fe80,0200,3200,09,ee,00,00,26,000300,00,0000,0,00,00,00,d4,00,01,00,04,a9,00,ea00,02,07,00
2241,622f,ff,fd,00,00,0,0,00,0000,fe80,0200,3200,09,ee,00,00,26,000300,00,0000,0,00,00,00,d5,00,01,00,04,a9,00,ea00,02,07,00
2242,60f1,ff,fd,00,00,0,0,00,0000,fe80,0200,3200,09,ee,00,00,26,000300,00,0000,0,00,00,00,d6,00,01,00,04,a9,00,ea00,02,07,00
2243,6206,ff,fd,00,00,0,0,00,0000,fe80,0200,3200,09,ee,00,00,26,000300,00,0000,0,00,00,00,d7,00,01,00,04,a9,00,ea00,02,07,00
2244,6231,ff,fd,00,00,0,0,00,0000,fe80,0200,3200,09,ee,00,00,26,000300,00,0000,0,00,00,00,d8,00,01,00,04,a9,00,ea00,02,07,00
2245,60f4,ff,fd,00,00,0,0,00,0000,fe80,0200,3200,09,ee,00,00,26,000300,00,0000,0,00,00,00,d9,00,01,00,04,a9,00,ea00,02,07,00
2246,6207,ff,fd,00,00,0,0,00,0000,fe80,0200,3200,09,ee,00,00,26,000300,00,0000,0,00,00,00,da,00,01,00,04,a9,00,ea00,02,07,00
2247,60ef,ff,fd,00,00,0,0,00,0000,fe80,0200,3200,09,ee,00,00,26,000300,00,0000,0,00,00,00,db,00,01,00,04,a9,00,ea00,02,07,00
2248,60f6,ff,fd,00,00,0,0,00,0000,fe80,0200,3200,09,ee,00,00,26,000300,00,0000,0,00,00,00,dc,00,01,00,04,a9,00,ea00,02,07,00
2249,622e,ff,fd,00,00,0,0,00,0000,fe80,0200,3200,09,ee,00,00,26,000300,00,0000,0,00,00,00,dd,00,01,00,04,a9,00,ea00,02,07,00
2250,60f0,ff,fd,00,00,0,0,00,0000,fe80,0200,3200,09,ee,00,00,26,000300,00,0000,0,00,00,00,de,00,01,00,04,a9,00,ea00,02,07,00
2251,6205,ff,fd,00,00,0,0,00,0000,fe80,0200,3200,09,ee,00,00,26,000300,00,0000,0,00,00,00,df,00,01,00,04,a9,00,ea00,02,07,00
2252,622e,ff,fd,00,00,0,0,00,0000,fe80,0200,3200,09,ee,00,00,26,000300,00,0000,0,00,00,00,e0,00,01,00,04,a9,00,ea00,02,07,00
2253,60f2,ff,fd,00,00,0,0,00,0000,fe80,0200,3200,09,ee,00,00,26,000300,00,0000,0,00,00,00,e1,00,01,00,04,a9,00,ea00,02,07,00
2254,6205,ff,fd,00,00,0,0,00,0000,fe80,0200,3200,09,ee,00,00,26,000300,00,0000,0,00,00,00,e2,00,01,00,04,a9,00,ea00,02,07,00
2255,6231,ff,fd,00,00,0,0,00,0000,fe80,0200,3200,09,ee,00,00,26,000300,00,0000,0,00,00,00,e3,00,01,00,04,a9,00,ea00,02,07,00
2256,60f3,ff,fd,00,00,0,0,00,0000,fe80,0200,3200,09,ee,00,00,26,000300,00,0000,0,00,00,00,e4,00,01,00,04,a9,00,ea00,02,07,00
2257,6208,ff,fd,00,00,0,0,00,0000,fe80,0200,3200,09,ee,00,00,26,000300,00,0000,0,00,00,00,e5,00,01,00,04,a9,00,ea00,02,07,00
2258,60ef,ff,fd,00,00,0,0,00,0000,fe80,0200,3200,09,ee,00,00,26,000300,00,0000,0,00,00,00,e6,00,01,00,04,a9,00,ea00,02,07,00
2259,6203,ff,fd,00,00,0,0,00,0000,fe80,0200,3200,09,ee,00,00,26,000300,00,0000,0,00,00,00,e7,00,01,00,04,a9,00,ea00,02,07,00
2260,622e,ff,fd,00,00,0,0,00,0000,fe80,0200,3200,09,ee,00,00,26,000300,00,0000,0,00,00,00,e8,00,01,00,04,a9,00,ea00,02,07,00
2261,60f1,ff,fd,00,00,0,0,00,0000,fe80,0200,3200,09,ee,00,00,26,000300,00,0000,0,00,00,00,e9,00,01,00,04,a9,00,ea00,02,07,00
2262,6205,ff,fd,00,00,0,0,00,0000,fe80,0200,3200,09,ee,00,00,26,000300,00,0000,0,00,00,00,ea,00,01,00,04,a9,00,ea00,02,07,00
2263,622f,ff,fd,00,00,0,0,00,0000,fe80,0200,3200,09,ee,00,00,26,000300,00,0000,0,00,00,00,eb,00,01,00,04,a9,00,ea00,02,07,00
2264,60f1,ff,fd,00,00,0,0,00,0000,fe80,0200,3200,09,ee,00,00,26,000300,00,0000,0,00,00,00,ec,00,01,00,04,a9,00,ea00,02,07,00
2265,6206,ff,fd,00,00,0,0,00,0000,fe80,0200,3200,09,ee,00,00,26,000300,00,0000,0,00,00,00,ed,00,01,00,04,a9,00,ea00,02,07,00
2266,6231,ff,fd,00,00,0,0,00,0000,fe80,0200,3200,09,ee,00,00,26,000300,00,0000,0,00,00,00,ee,00,01,00,04,a9,00,ea00,02,07,00
2267,60f4,ff,fd,00,00,0,0,00,0000,fe80,0200,3200,09,ee,00,00,26,000300,00,0000,0,00,00,00,ef,00,01,00,04,a9,00,ea00,02,07,00
2268,6208,ff,fd,00,00,0,0,00,0000,fe80,0200,3200,09,ee,00,00,26,000300,00,0000,0,00,00,00,f0,00,01,00,04,a9,00,ea00,02,07,00
2269,60ef,ff,fd,00,00,0,0,00,0000,fe80,0200,3200,09,ee,00,00,26,000300,00,0000,0,00,00,00,f1,00,01,00,04,a9,00,ea00,02,07,00
2270,60f6,ff,fd,00,00,0,0,00,0000,fe80,0200,3200,09,ee,00,00,26,000300,00,0000,0,00,00,00,f2,00,01,00,04,a9,00,ea00,02,07,00
2271,622e,ff,fd,00,00,0,0,00,0000,fe80,0200,3200,09,ee,00,00,26,000300,00,0000,0,00,00,00,f3,00,01,00,04,a9,00,ea00,02,07,00
2272,60f0,ff,fd,00,00,0,0,00,0000,fe80,0200,3200,09,ee,00,00,26,000300,00,0000,0,00,00,00,f4,00,01,00,04,a9,00,ea00,02,07,00
2273,6205,ff,fd,00,00,0,0,00,0000,fe80,0200,3200,09,ee,00,00,26,000300,00,0000,0,00,00,00,f5,00,01,00,04,a9,00,ea00,02,07,00
2274,60f1,ff,fd,00,00,0,0,00,0000,fe80,0200,3200,09,ee,00,00,26,000300,00,0000,0,00,00,00,f6,00,01,00,04,a9,00,ea00,02,07,00
2275,622e,ff,fd,00,00,0,0,00,0000,fe80,0200,3200,09,ee,00,00,26,000300,00,0000,0,00,00,00,f7,00,01,00,04,a9,00,ea00,00,00,00
2276,622d,ff,fd,00,00,0,0,00,0000,fe80,0200,3200,09,ee,00,00,26,000300,00,0000,0,00,00,00,f8,00,01,00,04,a9,00,ea00,01,00,00
2277,60f4,ff,fd,00,00,0,0,00,0000,fe80,0200,3200,09,ee,00,00,26,000300,00,0000,0,00,00,00,f9,00,01,00,04,a9,00,ea00,01,00,00
2278,60f3,ff,fd,00,00,0,0,00,0000,fe80,0200,3200,09,ee,00,00,26,000300,00,0000,0,00,00,00,fa,00,01,00,04,a9,00,ea00,01,00,00
2279,60f6,ff,fd,00,00,0,0,00,0000,fe80,0200,3200,09,ee,00,00,26,000300,00,0000,0,00,00,00,fb,00,01,00,04,a9,00,ea00,01,00,00
2280,60f6,ff,fd,00,00,0,0,00,0000,fe80,0200,3200,09,ee,00,00,26,000300,00,0000,0,00,00,00,fc,00,01,00,04,a9,00,ea00,01,00,00
2281,6205,ff,fd,00,00,0,0,00,0000,fe80,0200,3200,09,ee,00,00,26,000300,00,0000,0,00,00,00,fd,00,01,00,04,a9,00,ea00,01,00,00
2282,6205,ff,fd,00,00,0,0,00,0000,fe80,0200,3200,09,ee,00,00,26,000300,00,0000,0,00,00,00,fe,00,01,00,04,a9,00,ea00,01,00,00
2283,6206,ff,fd,00,00,0,0,00,0000,fe80,0200,3200,09,ee,00,00,26,000300,00,0000,0,00,00,00,ff,00,01,00,04,a9,00,ea00,01,00,00
2284,6206,ff,fd,00,00,0,0,00,0000,fe80,0200,3200,09,ee,00,00,26,000300,00,0000,0,00,00,00,00,00,01,00,04,a9,00,ea00,01,00,00
2285,6208,ff,fd,00,00,0,0,00,0000,fe80,0200,3200,09,ee,00,00,26,000300,00,0000,0,00,00,00,01,00,01,00,04,a9,00,ea00,01,00,00
2286,6208,ff,fd,00,00,0,0,00,0000,fe80,0200,3200,09,ee,00,00,26,000300,00,0000,0,00,00,00,02,00,01,00,04,a9,00,ea00,01,00,00
2287,622e,ff,fd,00,00,0,0,00,0000,fe80,0200,3200,09,ee,00,00,26,000300,00,0000,0,00,00,00,03,00,01,00,04,a9,00,ea00,01,00,00
2288,622e,ff,fd,00,00,0,0,00,0000,fe80,0200,3200,09,ee,00,00,26,000300,00,0000,0,00,00,00,04,00,01,00,04,a9,00,ea00,01,00,00
2289,6230,ff,fd,00,00,0,0,00,0000,fe80,0200,3200,09,ee,00,00,26,000300,00,0000,0,00,00,00,05,00,01,00,04,a9,00,ea00,01,00,00
2290,622f,ff,fd,00,00,0,0,00,0000,fe80,0200,3200,09,ee,00,00,26,000300,00,0000,0,00,00,00,06,00,01,00,04,a9,00,ea00,01,00,00
2291,60ee,ff,fd,00,00,0,0,00,0000,fe80,0200,3200,09,ee,00,00,26,000300,00,0000,0,00,00,00,07,00,01,00,04,a9,00,ea00,01,00,00
2292,60ee,ff,fd,00,00,0,0,00,0000,fe80,0200,3200,09,ee,00,00,26,000300,00,0000,0,00,00,00,08,00,01,00,04,a9,00,ea00,01,00,00
2293,60ef,ff,fd,00,00,0,0,00,0000,fe80,0200,3200,09,ee,00,00,26,000300,00,0000,0,00,00,00,09,00,01,00,04,a9,00,ea00,01,00,00
2294,60ef,ff,fd,00,00,0,0,00,0000,fe80,0200,3200,09,ee,00,00,26,000300,00,0000,0,00,00,00,0a,00,01,00,04,a9,00,ea00,01,00,00
2295,60f1,ff,fd,00,00,0,0,00,0000,fe80,0200,3200,09,ee,00,00,26,000300,00,0000,0,00,00,00,0b,00,01,00,04,a9,00,ea00,01,00,00
2296,60f1,ff,fd,00,00,0,0,00,0000,fe80,0200,3200,09,ee,00,00,26,000300,00,0000,0,00,00,00,0c,00,01,00,04,a9,00,ea00,01,00,00
2297,60f2,ff,fd,00,00,0,0,00,0000,fe80,0200,3200,09,ee,00,00,26,000300,00,0000,0,00,00,00,0d,00,01,00,04,a9,00,ea00,01,00,00
2298,60f2,ff,fd,00,00,0,0,00,0000,fe80,0200,3200,09,ee,00,00,26,000300,00,0000,0,00,00,00,0e,00,01,00,04,a9,00,ea00,01,00,00
2299,60ee,ff,fd,00,00,0,0,00,0000,fe80,0200,3200,09,ee,00,00,26,000300,00,0000,0,00,00,00,0f,00,01,00,04,a9,00,ea00,01,00,00
2300,6208,ff,fd,00,00,120,100,00,0000,fe80,0200,3200,09,ee,00,00,26,000300,00,7800,100,00,87,80,10,00,01,00,04,a9,00,ea00,02,00,00
2301,60f1,ff,fd,00,00,119,101,00,0000,fe80,0200,3200,09,ee,00,00,26,000300,00,7af7,100,00,87,84,11,00,01,00,04,a9,00,ea00,02,00,00
2302,6205,ff,fd,00,00,118,103,00,0000,fe80,0200,3200,09,ee,00,00,26,000300,00,7dee,100,00,87,85,12,00,01,00,04,a9,00,ea00,02,00,00
2303,6231,ff,fd,00,00,117,105,00,0000,fe80,0200,3200,09,ee,00,00,26,000300,00,80e5,101,00,87,87,13,00,01,00,04,a9,00,ea00,02,00,00
2304,60f5,ff,fd,00,00,116,107,00,0000,fe80,0200,3200,09,ee,00,00,26,000300,00,83dc,101,00,87,8b,14,00,01,00,04,a9,00,ea00,02,00,00
2305,622e,ff,fd,00,00,115,108,00,0000,fe80,0200,3200,09,ee,00,00,26,000300,00,86d3,102,00,87,80,15,00,01,00,04,a9,00,ea00,02,00,00
2306,60f0,ff,fd,00,00,114,110,00,0000,fe80,0200,3200,09,ee,00,00,26,000300,00,89ca,102,00,87,84,16,00,01,00,04,a9,00,ea00,02,00,00
2307,6206,ff,fd,00,00,113,112,00,0000,fe80,0200,3200,09,ee,00,00,26,000300,00,8cc1,102,00,87,85,17,00,01,00,04,a9,00,ea00,02,00,00
2308,6231,ff,fd,00,00,113,114,00,0000,fe80,0200,3200,09,ee,00,00,26,000300,00,8fb8,103,00,87,87,18,00,01,00,04,a9,00,ea00,02,00,00
2309,60f6,ff,fd,00,00,112,116,00,0000,fe80,0200,3200,09,ee,00,00,26,000300,00,92af,103,00,87,8b,19,00,01,00,04,a9,00,ea00,02,00,00
2310,622e,ff,fd,00,00,111,117,00,0000,fe80,0200,3200,09,ee,00,00,26,000300,00,95a6,104,00,87,80,1a,00,01,00,04,a9,00,ea00,02,00,00
2311,60f1,ff,fd,00,00,110,119,00,0000,fe80,0200,3200,09,ee,00,00,26,000300,00,989d,104,00,87,84,1b,00,01,00,04,a9,00,ea00,02,00,00
2312,6205,ff,fd,00,00,109,121,00,0000,fe80,0200,3200,09,ee,00,00,26,000300,00,9b94,104,00,87,85,1c,00,01,00,04,a9,00,ea00,02,00,00
2313,60ef,ff,fd,00,00,108,123,00,0000,fe80,0200,3200,09,ee,00,00,26,000300,00,9e8b,105,00,87,87,1d,00,01,00,04,a9,00,ea00,02,00,00
2314,60f6,ff,fd,00,00,107,125,00,0000,fe80,0200,3200,09,ee,00,00,26,000300,00,a182,105,00,87,8b,1e,00,01,00,04,a9,00,ea00,02,00,00
2315,622e,ff,fd,00,00,106,126,00,0000,fe80,0200,3200,09,ee,00,00,26,000300,00,a479,106,00,87,80,1f,00,01,00,04,a9,00,ea00,02,00,00
2316,60f1,ff,fd,00,00,106,128,00,0000,fe80,0200,3200,09,ee,00,00,26,000300,00,a770,106,00,87,84,20,00,01,00,04,a9,00,ea00,02,00,00
2317,6207,ff,fd,00,00,105,130,00,0000,fe80,0200,3200,09,ee,00,00,26,000300,00,aa67,106,00,87,85,21,00,01,00,04,a9,00,ea00,02,00,00
2318,60ef,ff,fd,00,00,104,132,00,0000,fe80,0200,3200,09,ee,00,00,26,000300,00,ad5e,107,00,87,87,22,00,01,00,04,a9,00,ea00,02,00,00
2319,6205,ff,fd,00,00,103,133,00,0000,fe80,0200,3200,09,ee,00,00,26,000300,00,b055,107,00,87,8b,23,00,01,00,04,a9,00,ea00,02,00,00
2320,622e,ff,fd,00,00,102,135,00,0000,fe80,0200,3200,09,ee,00,00,26,000300,00,b34c,108,00,87,80,24,00,01,00,04,a9,00,ea00,02,00,00
2321,60f2,ff,fd,00,00,101,137,00,0000,fe80,0200,3200,09,ee,00,00,26,000300,00,b643,108,00,87,84,25,00,01,00,04,a9,00,ea00,02,00,00
2322,6231,ff,fd,00,00,100,139,00,0000,fe80,0200,3200,09,ee,00,00,26,000300,00,b93a,109,00,87,85,26,00,01,00,04,a9,00,ea00,02,00,00
2323,6231,ff,fd,00,00,99,141,00,0000,fe80,0200,3200,09,ee,00,00,26,000300,00,bc31,109,00,87,87,27,00,01,00,04,a9,00,ea00,02,00,00
2324,60f4,ff,fd,00,00,99,142,00,0000,fe80,0200,3200,09,ee,00,00,26,000300,00,bf28,109,00,87,8b,28,00,01,00,04,a9,00,ea00,02,00,00
2325,622e,ff,fd,00,00,98,144,00,0000,fe80,0200,3200,09,ee,00,00,26,000300,00,c21f,110,00,87,80,29,00,01,00,04,a9,00,ea00,02,00,00
2326,60f0,ff,fd,00,00,97,146,00,0000,fe80,0200,3200,09,ee,00,00,26,000300,00,c516,110,00,87,84,2a,00,01,00,04,a9,00,ea00,02,00,00
2327,622e,ff,fd,00,00,96,148,00,0000,fe80,0200,3200,09,ee,00,00,26,000300,00,c80d,111,00,87,85,2b,00,01,00,04,a9,00,ea00,02,00,00
2328,6205,ff,fd,00,00,95,150,00,0000,fe80,0200,3200,09,ee,00,00,26,000300,00,cb04,111,00,87,87,2c,00,01,00,04,a9,00,ea00,02,00,00
2329,60ee,ff,fd,00,00,94,151,00,0000,fe80,0200,3200,09,ee,00,00,26,000300,00,cdfb,111,00,87,8b,2d,00,01,00,04,a9,00,ea00,02,00,00
2330,6204,ff,fd,00,00,93,153,00,0000,fe80,0200,3200,09,ee,00,00,26,000300,00,d0f2,112,00,87,80,2e,00,01,00,04,a9,00,ea00,02,00,00
2331,6205,ff,fd,00,00,92,155,00,0000,fe80,0200,3200,09,ee,00,00,26,000300,00,d3e9,112,00,87,84,2f,00,01,00,04,a9,00,ea00,02,00,00
2332,6230,ff,fd,00,00,92,157,00,0000,fe80,0200,3200,09,ee,00,00,26,000300,00,d6e0,113,00,87,85,30,00,01,00,04,a9,00,ea00,02,00,00
2333,6208,ff,fd,00,00,91,159,00,0000,fe80,0200,3200,09,ee,00,00,26,000300,00,d9d7,113,00,87,87,31,00,01,00,04,a9,00,ea00,02,00,00
2334,6207,ff,fd,00,00,90,160,00,0000,fe80,0200,3200,09,ee,00,00,26,000300,00,dcce,113,00,87,8b,32,00,01,00,04,a9,00,ea00,02,00,00
2335,60ef,ff,fd,00,00,89,162,00,0000,fe80,0200,3200,09,ee,00,00,26,000300,00,dfc5,114,00,87,80,33,00,01,00,04,a9,00,ea00,02,00,00
2336,6208,ff,fd,00,00,88,164,00,0000,fe80,0200,3200,09,ee,00,00,26,000300,00,e2bc,114,00,87,84,34,00,01,00,04,a9,00,ea00,02,00,00
2337,60f1,ff,fd,00,00,87,166,00,0000,fe80,0200,3200,09,ee,00,00,26,000300,00,e5b3,115,00,87,85,35,00,01,00,04,a9,00,ea00,02,00,00
2338,6205,ff,fd,00,00,86,167,00,0000,fe80,0200,3200,09,ee,00,00,26,000300,00,e8aa,115,00,87,87,36,00,01,00,04,a9,00,ea00,02,00,00
2339,60ee,ff,fd,00,00,85,169,00,0000,fe80,0200,3200,09,ee,00,00,26,000300,00,eba1,115,00,87,8b,37,00,01,00,04,a9,00,ea00,02,00,00
2340,6230,ff,fd,00,00,85,171,00,0000,fe80,0200,3200,09,ee,00,00,26,000300,00,ee98,116,00,87,80,38,00,01,00,04,a9,00,ea00,02,00,00
2341,6206,ff,fd,00,00,84,173,00,0000,fe80,0200,3200,09,ee,00,00,26,000300,00,788f,100,00,87,84,39,00,01,00,04,a9,00,ea00,02,00,00
2342,60f3,ff,fd,00,00,83,175,00,0000,fe80,0200,3200,09,ee,00,00,26,000300,00,7b86,101,00,87,85,3a,00,01,00,04,a9,00,ea00,02,00,00
2343,60f6,ff,fd,00,00,82,176,00,0000,fe80,0200,3200,09,ee,00,00,26,000300,00,7e7d,101,00,87,87,3b,00,01,00,04,a9,00,ea00,02,00,00
2344,60ef,ff,fd,00,00,81,178,00,0000,fe80,0200,3200,09,ee,00,00,26,000300,00,8174,102,00,87,8b,3c,00,01,00,04,a9,00,ea00,02,00,00
2345,6203,ff,fd,00,00,80,180,00,0000,fe80,0200,3200,09,ee,00,00,26,000300,00,846b,102,00,87,80,3d,00,01,00,04,a9,00,ea00,02,00,00
2346,60f0,ff,fd,00,00,79,182,00,0000,fe80,0200,3200,09,ee,00,00,26,000300,00,8762,102,00,87,84,3e,00,01,00,04,a9,00,ea00,02,00,00
2347,60f1,ff,fd,00,00,78,184,00,0000,fe80,0200,3200,09,ee,00,00,26,000300,00,8a59,103,00,87,85,3f,00,01,00,04,a9,00,ea00,02,00,00
2348,6204,ff,fd,00,00,78,185,00,0000,fe80,0200,3200,09,ee,00,00,26,000300,00,8d50,103,00,87,87,40,00,01,00,04,a9,00,ea00,02,00,00
2349,6231,ff,fd,00,00,77,187,00,0000,fe80,0200,3200,09,ee,00,00,26,000300,00,9047,104,00,87,8b,41,00,01,00,04,a9,00,ea00,02,00,00
2350,6205,ff,fd,00,00,76,189,00,0000,fe80,0200,3200,09,ee,00,00,26,000300,00,933e,104,00,87,80,42,00,01,00,04,a9,00,ea00,02,00,00
2351,60ee,ff,fd,00,00,75,191,00,0000,fe80,0200,3200,09,ee,00,00,26,000300,00,9635,104,00,87,84,43,00,01,00,04,a9,00,ea00,02,00,00
2352,60f6,ff,fd,00,00,74,193,00,0000,fe80,0200,3200,09,ee,00,00,26,000300,00,992c,105,00,87,85,44,00,01,00,04,a9,00,ea00,02,00,00
2353,60f0,ff,fd,00,00,73,194,00,0000,fe80,0200,3200,09,ee,00,00,26,000300,00,9c23,105,00,87,87,45,00,01,00,04,a9,00,ea00,02,00,00
2354,622e,ff,fd,00,00,72,196,00,0000,fe80,0200,3200,09,ee,00,00,26,000300,00,9f1a,106,00,87,8b,46,00,01,00,04,a9,00,ea00,02,00,00
2355,622e,ff,fd,00,00,71,198,00,0000,fe80,0200,3200,09,ee,00,00,26,000300,00,a211,106,00,87,80,47,00,01,00,04,a9,00,ea00,02,00,00
2356,6205,ff,fd,00,00,71,200,00,0000,fe80,0200,3200,09,ee,00,00,26,000300,00,a508,106,00,87,84,48,00,01,00,04,a9,00,ea00,02,00,00
2357,6231,ff,fd,00,00,70,201,00,0000,fe80,0200,3200,09,ee,00,00,26,000300,00,a7ff,107,00,87,85,49,00,01,00,04,a9,00,ea00,02,00,00
2358,60f5,ff,fd,00,00,69,203,00,0000,fe80,0200,3200,09,ee,00,00,26,000300,00,aaf6,107,00,87,87,4a,00,01,00,04,a9,00,ea00,02,00,00
2359,622e,ff,fd,00,00,68,205,00,0000,fe80,0200,3200,09,ee,00,00,26,000300,00,aded,108,00,87,8b,4b,00,01,00,04,a9,00,ea00,02,00,00
2360,60f2,ff,fd,00,00,67,207,00,0000,fe80,0200,3200,09,ee,00,00,26,000300,00,b0e4,108,00,87,80,4c,00,01,00,04,a9,00,ea00,02,00,00
2361,60ef,ff,fd,00,00,66,209,00,0000,fe80,0200,3200,09,ee,00,00,26,000300,00,b3db,109,00,87,84,4d,00,01,00,04,a9,00,ea00,02,00,00
2362,622e,ff,fd,00,00,65,210,00,0000,fe80,0200,3200,09,ee,00,00,26,000300,00,b6d2,109,00,87,85,4e,00,01,00,04,a9,00,ea00,02,00,00
2363,6205,ff,fd,00,00,64,212,00,0000,fe80,0200,3200,09,ee,00,00,26,000300,00,b9c9,109,00,87,87,4f,00,01,00,04,a9,00,ea00,02,00,00
2364,622f,ff,fd,00,00,64,214,00,0000,fe80,0200,3200,09,ee,00,00,26,000300,00,bcc0,110,00,87,8b,50,00,01,00,04,a9,00,ea00,02,00,00
2365,60f2,ff,fd,00,00,63,216,00,0000,fe80,0200,3200,09,ee,00,00,26,000300,00,bfb7,110,00,87,80,51,00,01,00,04,a9,00,ea00,02,00,00
2366,6205,ff,fd,00,00,62,218,00,0000,fe80,0200,3200,09,ee,00,00,26,000300,00,c2ae,111,00,87,84,52,00,01,00,04,a9,00,ea00,02,00,00
2367,6231,ff,fd,00,00,61,219,00,0000,fe80,0200,3200,09,ee,00,00,26,000300,00,c5a5,111,00,87,85,53,00,01,00,04,a9,00,ea00,02,00,00
2368,6230,ff,fd,00,00,60,221,00,0000,fe80,0200,3200,09,ee,00,00,26,000300,00,c89c,111,00,87,87,54,00,01,00,04,a9,00,ea00,02,00,00
2369,60f3,ff,fd,00,00,59,223,00,0000,fe80,0200,3200,09,ee,00,00,26,000300,00,cb93,112,00,87,8b,55,00,01,00,04,a9,00,ea00,02,00,00
2370,6206,ff,fd,00,00,58,225,00,0000,fe80,0200,3200,09,ee,00,00,26,000300,00,ce8a,112,00,87,80,56,00,01,00,04,a9,00,ea00,02,00,00
2371,60ef,ff,fd,00,00,57,227,00,0000,fe80,0200,3200,09,ee,00,00,26,000300,00,d181,113,00,87,84,57,00,01,00,04,a9,00,ea00,02,00,00
2372,60ef,ff,fd,00,00,57,228,00,0000,fe80,0200,3200,09,ee,00,00,26,000300,00,d478,113,00,87,85,58,00,01,00,04,a9,00,ea00,02,00,00
2373,622e,ff,fd,00,00,56,230,00,0000,fe80,0200,3200,09,ee,00,00,26,000300,00,d76f,113,00,87,87,59,00,01,00,04,a9,00,ea00,02,00,00
2374,6205,ff,fd,00,00,55,232,00,0000,fe80,0200,3200,09,ee,00,00,26,000300,00,da66,114,00,87,8b,5a,00,01,00,04,a9,00,ea00,02,00,00
2375,6205,ff,fd,00,00,54,234,00,0000,fe80,0200,3200,09,ee,00,00,26,000300,00,dd5d,114,00,87,80,5b,00,01,00,04,a9,00,ea00,02,00,00
2376,6231,ff,fd,00,00,53,235,00,0000,fe80,0200,3200,09,ee,00,00,26,000300,00,e054,115,00,87,84,5c,00,01,00,04,a9,00,ea00,02,00,00
2377,60f6,ff,fd,00,00,52,237,00,0000,fe80,0200,3200,09,ee,00,00,26,000300,00,e34b,115,00,87,85,5d,00,01,00,04,a9,00,ea00,02,00,00
2378,622e,ff,fd,00,00,51,239,00,0000,fe80,0200,3200,09,ee,00,00,26,000300,00,e642,115,00,87,87,5e,00,01,00,04,a9,00,ea00,02,00,00
2379,622e,ff,fd,00,00,50,241,00,0000,fe80,0200,3200,09,ee,00,00,26,000300,00,e939,116,00,87,8b,5f,00,01,00,04,a9,00,ea00,02,00,00
2380,6208,ff,fd,00,00,50,243,00,0000,fe80,0200,3200,09,ee,00,00,26,000300,00,ec30,116,00,87,80,60,00,01,00,04,a9,00,ea00,02,00,00
2381,6203,ff,fd,00,00,49,244,00,0000,fe80,0200,3200,09,ee,00,00,26,000300,00,ef27,117,00,87,84,61,00,01,00,04,a9,00,ea00,02,00,00
2382,60ef,ff,fd,00,00,48,246,00,0000,fe80,0200,3200,09,ee,00,00,26,000300,00,781e,100,00,87,85,62,00,01,00,04,a9,00,ea00,02,00,00
2383,6205,ff,fd,00,00,47,248,00,0000,fe80,0200,3200,09,ee,00,00,26,000300,00,7b15,101,00,87,87,63,00,01,00,04,a9,00,ea00,02,00,00
2384,6205,ff,fd,00,00,46,250,00,0000,fe80,0200,3200,09,ee,00,00,26,000300,00,7e0c,101,00,87,8b,64,00,01,00,04,a9,00,ea00,02,00,00
2385,6231,ff,fd,00,00,45,252,00,0000,fe80,0200,3200,09,ee,00,00,26,000300,00,8103,101,00,87,80,65,00,01,00,04,a9,00,ea00,02,00,00
2386,60f1,ff,fd,00,00,44,253,00,0000,fe80,0200,3200,09,ee,00,00,26,000300,00,83fa,102,00,87,84,66,00,01,00,04,a9,00,ea00,02,00,00
2387,60f1,ff,fd,00,00,43,255,00,0000,fe80,0200,3200,09,ee,00,00,26,000300,00,86f1,102,00,87,85,67,00,01,00,04,a9,00,ea00,02,00,00
2388,60f1,ff,fd,00,00,120,100,00,0000,fe80,0200,3200,09,ee,00,00,26,000300,00,89e8,103,00,87,87,68,00,01,00,04,a9,00,ea00,02,00,00
2389,6207,ff,fd,00,00,120,102,00,0000,fe80,0200,3200,09,ee,00,00,26,000300,00,8cdf,103,00,87,8b,69,00,01,00,04,a9,00,ea00,02,00,00
2390,60f0,ff,fd,00,00,119,104,00,0000,fe80,0200,3200,09,ee,00,00,26,000300,00,8fd6,103,00,87,80,6a,00,01,00,04,a9,00,ea00,02,00,00
2391,622f,ff,fd,00,00,118,105,00,0000,fe80,0200,3200,09,ee,00,00,26,000300,00,92cd,104,00,87,84,6b,00,01,00,04,a9,00,ea00,02,00,00
2392,6205,ff,fd,00,00,117,107,00,0000,fe80,0200,3200,09,ee,00,00,26,000300,00,95c4,104,00,87,85,6c,00,01,00,04,a9,00,ea00,02,00,00
2393,60f3,ff,fd,00,00,116,109,00,0000,fe80,0200,3200,09,ee,00,00,26,000300,00,98bb,105,00,87,87,6d,00,01,00,04,a9,00,ea00,02,00,00
2394,60f2,ff,fd,00,00,115,111,00,0000,fe80,0200,3200,09,ee,00,00,26,000300,00,9bb2,105,00,87,8b,6e,00,01,00,04,a9,00,ea00,02,00,00
2395,6231,ff,fd,00,00,114,112,00,0000,fe80,0200,3200,09,ee,00,00,26,000300,00,9ea9,105,00,87,80,6f,00,01,00,04,a9,00,ea00,02,00,00
2396,622e,ff,fd,00,00,113,114,00,0000,fe80,0200,3200,09,ee,00,00,26,000300,00,a1a0,106,00,87,84,70,00,01,00,04,a9,00,ea00,02,00,00
2397,60f4,ff,fd,00,00,113,116,00,0000,fe80,0200,3200,09,ee,00,00,26,000300,00,a497,106,00,87,85,71,00,01,00,04,a9,00,ea00,02,00,00
2398,6208,ff,fd,00,00,112,118,00,0000,fe80,0200,3200,09,ee,00,00,26,000300,00,a78e,107,00,87,87,72,00,01,00,04,a9,00,ea00,02,00,00
2399,6204,ff,fd,00,00,111,120,00,0000,fe80,0200,3200,09,ee,00,00,26,000300,00,aa85,107,00,87,8b,73,00,01,00,04,a9,00,ea00,02,00,00
2400,60ef,ff,fd,00,00,110,121,00,0000,fe80,0200,3200,09,ee,00,00,26,000300,00,ad7c,108,00,87,80,74,00,01,00,04,a9,00,ea00,02,00,00
2401,6205,ff,fd,00,00,109,123,00,0000,fe80,0200,3200,09,ee,00,00,26,000300,00,b073,108,00,87,84,75,00,01,00,04,a9,00,ea00,02,00,00
2402,6205,ff,fd,00,00,108,125,00,0000,fe80,0200,3200,09,ee,00,00,26,000300,00,b36a,108,00,87,85,76,00,01,00,04,a9,00,ea00,02,00,00
2403,6231,ff,fd,00,00,107,127,00,0000,fe80,0200,3200,09,ee,00,00,26,000300,00,b661,109,00,87,87,77,00,01,00,04,a9,00,ea00,02,00,00
2404,60f4,ff,fd,00,00,106,129,00,0000,fe80,0200,3200,09,ee,00,00,26,000300,00,b958,109,00,87,8b,78,00,01,00,04,a9,00,ea00,02,00,00
2405,622d,ff,fd,00,00,106,130,00,0000,fe80,0200,3200,09,ee,00,00,26,000300,00,bc4f,110,00,87,80,79,00,01,00,04,a9,00,ea00,02,00,00
2406,60f6,ff,fd,00,00,105,132,00,0000,fe80,0200,3200,09,ee,00,00,26,000300,00,bf46,110,00,87,84,7a,00,01,00,04,a9,00,ea00,02,00,00
2407,622e,ff,fd,00,00,104,134,00,0000,fe80,0200,3200,09,ee,00,00,26,000300,00,c23d,110,00,87,85,7b,00,01,00,04,a9,00,ea00,02,00,00
2408,6205,ff,fd,00,00,103,136,00,0000,fe80,0200,3200,09,ee,00,00,26,000300,00,c534,111,00,87,87,7c,00,01,00,04,a9,00,ea00,02,00,00
2409,60ee,ff,fd,00,00,102,138,00,0000,fe80,0200,3200,09,ee,00,00,26,000300,00,c82b,111,00,87,8b,7d,00,01,00,04,a9,00,ea00,02,00,00
2410,6205,ff,fd,00,00,101,139,00,0000,fe80,0200,3200,09,ee,00,00,26,000300,00,cb22,112,00,87,80,7e,00,01,00,04,a9,00,ea00,02,00,00
2411,60ee,ff,fd,00,00,100,141,00,0000,fe80,0200,3200,09,ee,00,00,26,000300,00,ce19,112,00,87,84,7f,00,01,00,04,a9,00,ea00,02,00,00
2412,6208,ff,fd,00,00,99,143,00,0000,fe80,0200,3200,09,ee,00,00,26,000300,00,d110,112,00,87,85,80,00,01,00,04,a9,00,ea00,02,00,00
2413,60f0,ff,fd,00,00,99,145,00,0000,fe80,0200,3200,09,ee,00,00,26,000300,00,d407,113,00,87,87,81,00,01,00,04,a9,00,ea00,02,00,00
2414,622e,ff,fd,00,00,98,146,00,0000,fe80,0200,3200,09,ee,00,00,26,000300,00,d6fe,113,00,87,8b,82,00,01,00,04,a9,00,ea00,02,00,00
2415,6205,ff,fd,00,00,97,148,00,0000,fe80,0200,3200,09,ee,00,00,26,000300,00,d9f5,114,00,87,80,83,00,01,00,04,a9,00,ea00,02,00,00
2416,622e,ff,fd,00,00,96,150,00,0000,fe80,0200,3200,09,ee,00,00,26,000300,00,dcec,114,00,87,84,84,00,01,00,04,a9,00,ea00,02,00,00
2417,60f3,ff,fd,00,00,95,152,00,0000,fe80,0200,3200,09,ee,00,00,26,000300,00,dfe3,114,00,87,85,85,00,01,00,04,a9,00,ea00,02,00,00
2418,60ee,ff,fd,00,00,94,154,00,0000,fe80,0200,3200,09,ee,00,00,26,000300,00,e2da,115,00,87,87,86,00,01,00,04,a9,00,ea00,02,00,00
2419,622d,ff,fd,00,00,93,155,00,0000,fe80,0200,3200,09,ee,00,00,26,000300,00,e5d1,115,00,87,8b,87,00,01,00,04,a9,00,ea00,02,00,00
2420,622e,ff,fd,00,00,92,157,00,0000,fe80,0200,3200,09,ee,00,00,26,000300,00,e8c8,116,00,87,80,88,00,01,00,04,a9,00,ea00,02,00,00
2421,6205,ff,fd,00,00,92,159,00,0000,fe80,0200,3200,09,ee,00,00,26,000300,00,ebbf,116,00,87,84,89,00,01,00,04,a9,00,ea00,02,00,00
2422,6206,ff,fd,00,00,91,161,00,0000,fe80,0200,3200,09,ee,00,00,26,000300,00,eeb6,117,00,87,85,8a,00,01,00,04,a9,00,ea00,02,00,00
2423,60f3,ff,fd,00,00,90,163,00,0000,fe80,0200,3200,09,ee,00,00,26,000300,00,78ad,100,00,87,87,8b,00,01,00,04,a9,00,ea00,02,00,00
2424,60ef,ff,fd,00,00,89,164,00,0000,fe80,0200,3200,09,ee,00,00,26,000300,00,7ba4,100,00,87,8b,8c,00,01,00,04,a9,00,ea00,02,00,00
2425,60f6,ff,fd,00,00,88,166,00,0000,fe80,0200,3200,09,ee,00,00,26,000300,00,7e9b,101,00,87,80,8d,00,01,00,04,a9,00,ea00,02,00,00
2426,60ef,ff,fd,00,00,87,168,00,0000,fe80,0200,3200,09,ee,00,00,26,000300,00,8192,101,00,87,84,8e,00,01,00,04,a9,00,ea00,02,00,00
2427,622e,ff,fd,00,00,86,170,00,0000,fe80,0200,3200,09,ee,00,00,26,000300,00,8489,102,00,87,85,8f,00,01,00,04,a9,00,ea00,02,00,00
2428,60f1,ff,fd,00,00,85,172,00,0000,fe80,0200,3200,09,ee,00,00,26,000300,00,8780,102,00,87,87,90,00,01,00,04,a9,00,ea00,02,00,00
2429,60f2,ff,fd,00,00,85,173,00,0000,fe80,0200,3200,09,ee,00,00,26,000300,00,8a77,102,00,87,8b,91,00,01,00,04,a9,00,ea00,02,00,00
2430,6206,ff,fd,00,00,84,175,00,0000,fe80,0200,3200,09,ee,00,00,26,000300,00,8d6e,103,00,87,80,92,00,01,00,04,a9,00,ea00,02,00,00
2431,60f3,ff,fd,00,00,83,177,00,0000,fe80,0200,3200,09,ee,00,00,26,000300,00,9065,103,00,87,84,93,00,01,00,04,a9,00,ea00,02,00,00
2432,6231,ff,fd,00,00,82,179,00,0000,fe80,0200,3200,09,ee,00,00,26,000300,00,935c,104,00,87,85,94,00,01,00,04,a9,00,ea00,02,00,00
2433,60f6,ff,fd,00,00,81,180,00,0000,fe80,0200,3200,09,ee,00,00,26,000300,00,9653,104,00,87,87,95,00,01,00,04,a9,00,ea00,02,00,00
2434,622e,ff,fd,00,00,80,182,00,0000,fe80,0200,3200,09,ee,00,00,26,000300,00,994a,104,00,87,8b,96,00,01,00,04,a9,00,ea00,02,00,00
2435,622e,ff,fd,00,00,79,184,00,0000,fe80,0200,3200,09,ee,00,00,26,000300,00,9c41,105,00,87,80,97,00,01,00,04,a9,00,ea00,02,00,00
2436,622e,ff,fd,00,00,78,186,00,0000,fe80,0200,3200,09,ee,00,00,26,000300,00,9f38,105,00,87,84,98,00,01,00,04,a9,00,ea00,02,00,00
2437,60f1,ff,fd,00,00,78,188,00,0000,fe80,0200,3200,09,ee,00,00,26,000300,00,a22f,106,00,87,85,99,00,01,00,04,a9,00,ea00,02,00,00
2438,6205,ff,fd,00,00,77,189,00,0000,fe80,0200,3200,09,ee,00,00,26,000300,00,a526,106,00,87,87,9a,00,01,00,04,a9,00,ea00,02,00,00
2439,60ee,ff,fd,00,00,76,191,00,0000,fe80,0200,3200,09,ee,00,00,26,000300,00,a81d,107,00,87,8b,9b,00,01,00,04,a9,00,ea00,02,00,00
2440,60f2,ff,fd,00,00,75,193,00,0000,fe80,0200,3200,09,ee,00,00,26,000300,00,ab14,107,00,87,80,9c,00,01,00,04,a9,00,ea00,02,00,00
2441,60f3,ff,fd,00,00,74,195,00,0000,fe80,0200,3200,09,ee,00,00,26,000300,00,ae0b,107,00,87,84,9d,00,01,00,04,a9,00,ea00,02,00,00
2442,60ee,ff,fd,00,00,73,197,00,0000,fe80,0200,3200,09,ee,00,00,26,000300,00,b102,108,00,87,85,9e,00,01,00,04,a9,00,ea00,02,00,00
2443,6203,ff,fd,00,00,72,198,00,0000,fe80,0200,3200,09,ee,00,00,26,000300,00,b3f9,108,00,87,87,9f,00,01,00,04,a9,00,ea00,02,00,00
2444,622e,ff,fd,00,00,71,200,00,0000,fe80,0200,3200,09,ee,00,00,26,000300,00,b6f0,109,00,87,8b,a0,00,01,00,04,a9,00,ea00,02,00,00
2445,6205,ff,fd,00,00,71,202,00,0000,fe80,0200,3200,09,ee,00,00,26,000300,00,b9e7,109,00,87,80,a1,00,01,00,04,a9,00,ea00,02,00,00
2446,60f1,ff,fd,00,00,70,204,00,0000,fe80,0200,3200,09,ee,00,00,26,000300,00,bcde,109,00,87,84,a2,00,01,00,04,a9,00,ea00,02,00,00
2447,6206,ff,fd,00,00,69,205,00,0000,fe80,0200,3200,09,ee,00,00,26,000300,00,bfd5,110,00,87,85,a3,00,01,00,04,a9,00,ea00,02,00,00
2448,6207,ff,fd,00,00,68,207,00,0000,fe80,0200,3200,09,ee,00,00,26,000300,00,c2cc,110,00,87,87,a4,00,01,00,04,a9,00,ea00,02,00,00
2449,60ef,ff,fd,00,00,67,209,00,0000,fe80,0200,3200,09,ee,00,00,26,000300,00,c5c3,111,00,87,8b,a5,00,01,00,04,a9,00,ea00,02,00,00
2450,6205,ff,fd,00,00,66,211,00,0000,fe80,0200,3200,09,ee,00,00,26,000300,00,c8ba,111,00,87,80,a6,00,01,00,04,a9,00,ea00,02,00,00
2451,60ee,ff,fd,00,00,65,213,00,0000,fe80,0200,3200,09,ee,00,00,26,000300,00,cbb1,111,00,87,84,a7,00,01,00,04,a9,00,ea00,02,00,00
2452,60f5,ff,fd,00,00,64,214,00,0000,fe80,0200,3200,09,ee,00,00,26,000300,00,cea8,112,00,87,85,a8,00,01,00,04,a9,00,ea00,02,00,00
2453,622e,ff,fd,00,00,64,216,00,0000,fe80,0200,3200,09,ee,00,00,26,000300,00,d19f,112,00,87,87,a9,00,01,00,04,a9,00,ea00,02,00,00
2454,6205,ff,fd,00,00,63,218,00,0000,fe80,0200,3200,09,ee,00,00,26,000300,00,d496,113,00,87,8b,aa,00,01,00,04,a9,00,ea00,02,00,00
2455,60f1,ff,fd,00,00,62,220,00,0000,fe80,0200,3200,09,ee,00,00,26,000300,00,d78d,113,00,87,80,ab,00,01,00,04,a9,00,ea00,02,00,00
2456,60f1,ff,fd,00,00,61,222,00,0000,fe80,0200,3200,09,ee,00,00,26,000300,00,da84,113,00,87,84,ac,00,01,00,04,a9,00,ea00,02,00,00
2457,6208,ff,fd,00,00,60,223,00,0000,fe80,0200,3200,09,ee,00,00,26,000300,00,dd7b,114,00,87,85,ad,00,01,00,04,a9,00,ea00,02,00,00
2458,60f1,ff,fd,00,00,59,225,00,0000,fe80,0200,3200,09,ee,00,00,26,000300,00,e072,114,00,87,87,ae,00,01,00,04,a9,00,ea00,02,00,00
2459,6231,ff,fd,00,00,58,227,00,0000,fe80,0200,3200,09,ee,00,00,26,000300,00,e369,115,00,87,8b,af,00,01,00,04,a9,00,ea00,02,00,00
2460,622f,ff,fd,00,00,57,229,00,0000,fe80,0200,3200,09,ee,00,00,26,000300,00,e660,115,00,87,80,b0,00,01,00,04,a9,00,ea00,02,00,00
2461,6206,ff,fd,00,00,57,231,00,0000,fe80,0200,3200,09,ee,00,00,26,000300,00,e957,116,00,87,84,b1,00,01,00,04,a9,00,ea00,02,00,00
2462,60f2,ff,fd,00,00,56,232,00,0000,fe80,0200,3200,09,ee,00,00,26,000300,00,ec4e,116,00,87,85,b2,00,01,00,04,a9,00,ea00,02,00,00
2463,622e,ff,fd,00,00,55,234,00,0000,fe80,0200,3200,09,ee,00,00,26,000300,00,ef45,116,00,87,87,b3,00,01,00,04,a9,00,ea00,02,00,00
2464,60f6,ff,fd,00,00,54,236,00,0000,fe80,0200,3200,09,ee,00,00,26,000300,00,783c,100,00,87,8b,b4,00,01,00,04,a9,00,ea00,02,00,00
2465,60ef,ff,fd,00,00,53,238,00,0000,fe80,0200,3200,09,ee,00,00,26,000300,00,7b33,100,00,87,80,b5,00,01,00,04,a9,00,ea00,02,00,00
2466,6203,ff,fd,00,00,52,239,00,0000,fe80,0200,3200,09,ee,00,00,26,000300,00,7e2a,101,00,87,84,b6,00,01,00,04,a9,00,ea00,02,00,00
2467,622f,ff,fd,00,00,51,241,00,0000,fe80,0200,3200,09,ee,00,00,26,000300,00,8121,101,00,87,85,b7,00,01,00,04,a9,00,ea00,02,00,00
2468,622e,ff,fd,00,00,50,243,00,0000,fe80,0200,3200,09,ee,00,00,26,000300,00,8418,101,00,87,87,b8,00,01,00,04,a9,00,ea00,02,00,00
2469,60f4,ff,fd,00,00,50,245,00,0000,fe80,0200,3200,09,ee,00,00,26,000300,00,870f,102,00,87,8b,b9,00,01,00,04,a9,00,ea00,02,00,00
2470,60f1,ff,fd,00,00,49,247,00,0000,fe80,0200,3200,09,ee,00,00,26,000300,00,8a06,102,00,87,80,ba,00,01,00,04,a9,00,ea00,02,00,00
2471,6208,ff,fd,00,00,48,248,00,0000,fe80,0200,3200,09,ee,00,00,26,000300,00,8cfd,103,00,87,84,bb,00,01,00,04,a9,00,ea00,02,00,00
2472,6208,ff,fd,00,00,47,250,00,0000,fe80,0200,3200,09,ee,00,00,26,000300,00,8ff4,103,00,87,85,bc,00,01,00,04,a9,00,ea00,02,00,00
2473,60f6,ff,fd,00,00,46,252,00,0000,fe80,0200,3200,09,ee,00,00,26,000300,00,92eb,103,00,87,87,bd,00,01,00,04,a9,00,ea00,02,00,00
2474,622e,ff,fd,00,00,45,254,00,0000,fe80,0200,3200,09,ee,00,00,26,000300,00,95e2,104,00,87,8b,be,00,01,00,04,a9,00,ea00,02,00,00
2475,60ef,ff,fd,00,00,120,100,00,0000,fe80,0200,3200,09,ee,00,00,26,000300,00,98d9,104,00,87,80,bf,00,01,00,04,a9,00,ea00,02,00,00
2476,622d,ff,fd,00,00,119,101,00,0000,fe80,0200,3200,09,ee,00,00,26,000300,00,9bd0,105,00,87,84,c0,00,01,00,04,a9,00,ea00,02,00,00
2477,60f1,ff,fd,00,00,118,103,00,0000,fe80,0200,3200,09,ee,00,00,26,000300,00,9ec7,105,00,87,85,c1,00,01,00,04,a9,00,ea00,02,00,00
2478,6205,ff,fd,00,00,118,105,00,0000,fe80,0200,3200,09,ee,00,00,26,000300,00,a1be,106,00,87,87,c2,00,01,00,04,a9,00,ea00,02,00,00
2479,60ef,ff,fd,00,00,117,107,00,0000,fe80,0200,3200,09,ee,00,00,26,000300,00,a4b5,106,00,87,8b,c3,00,01,00,04,a9,00,ea00,02,00,00
2480,6205,ff,fd,00,00,116,109,00,0000,fe80,0200,3200,09,ee,00,00,26,000300,00,a7ac,106,00,87,80,c4,00,01,00,04,a9,00,ea00,02,00,00
2481,6231,ff,fd,00,00,115,110,00,0000,fe80,0200,3200,09,ee,00,00,26,000300,00,aaa3,107,00,87,84,c5,00,01,00,04,a9,00,ea00,02,00,00
2482,60f2,ff,fd,00,00,114,112,00,0000,fe80,0200,3200,09,ee,00,00,26,000300,00,ad9a,107,00,87,85,c6,00,01,00,04,a9,00,ea00,02,00,00
2483,6208,ff,fd,00,00,113,114,00,0000,fe80,0200,3200,09,ee,00,00,26,000300,00,b091,108,00,87,87,c7,00,01,00,04,a9,00,ea00,02,00,00
2484,60f5,ff,fd,00,00,112,116,00,0000,fe80,0200,3200,09,ee,00,00,26,000300,00,b388,108,00,87,8b,c8,00,01,00,04,a9,00,ea00,02,00,00
2485,622e,ff,fd,00,00,111,117,00,0000,fe80,0200,3200,09,ee,00,00,26,000300,00,b67f,108,00,87,80,c9,00,01,00,04,a9,00,ea00,02,00,00
2486,6203,ff,fd,00,00,111,119,00,0000,fe80,0200,3200,09,ee,00,00,26,000300,00,b976,109,00,87,84,ca,00,01,00,04,a9,00,ea00,02,00,00
2487,6230,ff,fd,00,00,110,121,00,0000,fe80,0200,3200,09,ee,00,00,26,000300,00,bc6d,109,00,87,85,cb,00,01,00,04,a9,00,ea00,02,00,00
2488,6205,ff,fd,00,00,109,123,00,0000,fe80,0200,3200,09,ee,00,00,26,000300,00,bf64,110,00,87,87,cc,00,01,00,04,a9,00,ea00,02,00,00
2489,60f3,ff,fd,00,00,108,125,00,0000,fe80,0200,3200,09,ee,00,00,26,000300,00,c25b,110,00,87,8b,cd,00,01,00,04,a9,00,ea00,02,00,00
2490,6231,ff,fd,00,00,107,126,00,0000,fe80,0200,3200,09,ee,00,00,26,000300,00,c552,110,00,87,80,ce,00,01,00,04,a9,00,ea00,02,00,00
2491,6208,ff,fd,00,00,106,128,00,0000,fe80,0200,3200,09,ee,00,00,26,000300,00,c849,111,00,87,84,cf,00,01,00,04,a9,00,ea00,02,00,00
2492,6230,ff,fd,00,00,105,130,00,0000,fe80,0200,3200,09,ee,00,00,26,000300,00,cb40,111,00,87,85,d0,00,01,00,04,a9,00,ea00,02,00,00
2493,60ef,ff,fd,00,00,104,132,00,0000,fe80,0200,3200,09,ee,00,00,26,000300,00,ce37,112,00,87,87,d1,00,01,00,04,a9,00,ea00,02,00,00
2494,60f6,ff,fd,00,00,104,134,00,0000,fe80,0200,3200,09,ee,00,00,26,000300,00,d12e,112,00,87,8b,d2,00,01,00,04,a9,00,ea00,02,00,00
2495,622e,ff,fd,00,00,103,135,00,0000,fe80,0200,3200,09,ee,00,00,26,000300,00,d425,112,00,87,80,d3,00,01,00,04,a9,00,ea00,02,00,00
2496,6205,ff,fd,00,00,102,137,00,0000,fe80,0200,3200,09,ee,00,00,26,000300,00,d71c,113,00,87,84,d4,00,01,00,04,a9,00,ea00,02,00,00
2497,6205,ff,fd,00,00,101,139,00,0000,fe80,0200,3200,09,ee,00,00,26,000300,00,da13,113,00,87,85,d5,00,01,00,04,a9,00,ea00,02,00,00
2498,60f1,ff,fd,00,00,100,141,00,0000,fe80,0200,3200,09,ee,00,00,26,000300,00,dd0a,114,00,87,87,d6,00,01,00,04,a9,00,ea00,02,00,00
2499,6206,ff,fd,00,00,99,143,00,0000,fe80,0200,3200,09,ee,00,00,26,000300,00,e001,114,00,87,8b,d7,00,01,00,04,a9,00,ea00,02,00,00
2500,622e,ff,fd,00,00,98,144,00,0000,fe80,0200,3200,09,ee,00,00,26,000300,00,e2f8,115,00,87,80,d8,00,01,00,04,a9,00,ea00,02,00,00
2501,60f2,ff,fd,00,00,97,146,00,0000,fe80,0200,3200,09,ee,00,00,26,000300,00,e5ef,115,00,87,84,d9,00,01,00,04,a9,00,ea00,02,00,00
2502,6207,ff,fd,00,00,97,148,00,0000,fe80,0200,3200,09,ee,00,00,26,000300,00,e8e6,115,00,87,85,da,00,01,00,04,a9,00,ea00,02,00,00
2503,60ef,ff,fd,00,00,96,150,00,0000,fe80,0200,3200,09,ee,00,00,26,000300,00,ebdd,116,00,87,87,db,00,01,00,04,a9,00,ea00,02,00,00
2504,60ef,ff,fd,00,00,95,151,00,0000,fe80,0200,3200,09,ee,00,00,26,000300,00,eed4,116,00,87,8b,dc,00,01,00,04,a9,00,ea00,02,00,00
2505,622d,ff,fd,00,00,94,153,00,0000,fe80,0200,3200,09,ee,00,00,26,000300,00,78cb,100,00,87,80,dd,00,01,00,04,a9,00,ea00,02,00,00
2506,60ef,ff,fd,00,00,93,155,00,0000,fe80,0200,3200,09,ee,00,00,26,000300,00,7bc2,100,00,87,84,de,00,01,00,04,a9,00,ea00,02,00,00
2507,6205,ff,fd,00,00,92,157,00,0000,fe80,0200,3200,09,ee,00,00,26,000300,00,7eb9,100,00,87,85,df,00,01,00,04,a9,00,ea00,02,00,00
2508,622f,ff,fd,00,00,91,159,00,0000,fe80,0200,3200,09,ee,00,00,26,000300,00,81b0,101,00,87,87,e0,00,01,00,04,a9,00,ea00,02,00,00
2509,60f4,ff,fd,00,00,90,160,00,0000,fe80,0200,3200,09,ee,00,00,26,000300,00,84a7,101,00,87,8b,e1,00,01,00,04,a9,00,ea00,02,00,00
2510,622e,ff,fd,00,00,90,162,00,0000,fe80,0200,3200,09,ee,00,00,26,000300,00,879e,102,00,87,80,e2,00,01,00,04,a9,00,ea00,02,00,00
2511,6205,ff,fd,00,00,89,164,00,0000,fe80,0200,3200,09,ee,00,00,26,000300,00,8a95,102,00,87,84,e3,00,01,00,04,a9,00,ea00,02,00,00
2512,6230,ff,fd,00,00,88,166,00,0000,fe80,0200,3200,09,ee,00,00,26,000300,00,8d8c,102,00,87,85,e4,00,01,00,04,a9,00,ea00,02,00,00
2513,6207,ff,fd,00,00,87,168,00,0000,fe80,0200,3200,09,ee,00,00,26,000300,00,9083,103,00,87,87,e5,00,01,00,04,a9,00,ea00,02,00,00
2514,60ef,ff,fd,00,00,86,169,00,0000,fe80,0200,3200,09,ee,00,00,26,000300,00,937a,103,00,87,8b,e6,00,01,00,04,a9,00,ea00,02,00,00
2515,60ef,ff,fd,00,00,85,171,00,0000,fe80,0200,3200,09,ee,00,00,26,000300,00,9671,104,00,87,80,e7,00,01,00,04,a9,00,ea00,02,00,00
2516,6208,ff,fd,00,00,84,173,00,0000,fe80,0200,3200,09,ee,00,00,26,000300,00,9968,104,00,87,84,e8,00,01,00,04,a9,00,ea00,02,00,00
2517,6205,ff,fd,00,00,83,175,00,0000,fe80,0200,3200,09,ee,00,00,26,000300,00,9c5f,105,00,87,85,e9,00,01,00,04,a9,00,ea00,02,00,00
2518,6205,ff,fd,00,00,83,177,00,0000,fe80,0200,3200,09,ee,00,00,26,000300,00,9f56,105,00,87,87,ea,00,01,00,04,a9,00,ea00,02,00,00
2519,60f2,ff,fd,00,00,82,178,00,0000,fe80,0200,3200,09,ee,00,00,26,000300,00,a24d,105,00,87,8b,eb,00,01,00,04,a9,00,ea00,02,00,00
2520,622f,ff,fd,00,00,81,180,00,0000,fe80,0200,3200,09,ee,00,00,26,000300,00,a544,106,00,87,80,ec,00,01,00,04,a9,00,ea00,02,00,00
2521,60ee,ff,fd,00,00,80,182,00,0000,fe80,0200,3200,09,ee,00,00,26,000300,00,a83b,106,00,87,84,ed,00,01,00,04,a9,00,ea00,02,00,00
2522,6207,ff,fd,00,00,79,184,00,0000,fe80,0200,3200,09,ee,00,00,26,000300,00,ab32,107,00,87,85,ee,00,01,00,04,a9,00,ea00,02,00,00
2523,60f6,ff,fd,00,00,78,185,00,0000,fe80,0200,3200,09,ee,00,00,26,000300,00,ae29,107,00,87,87,ef,00,01,00,04,a9,00,ea00,02,00,00
2524,60ef,ff,fd,00,00,77,187,00,0000,fe80,0200,3200,09,ee,00,00,26,000300,00,b120,107,00,87,8b,f0,00,01,00,04,a9,00,ea00,02,00,00
2525,60f0,ff,fd,00,00,76,189,00,0000,fe80,0200,3200,09,ee,00,00,26,000300,00,b417,108,00,87,80,f1,00,01,00,04,a9,00,ea00,02,00,00
2526,6205,ff,fd,00,00,76,191,00,0000,fe80,0200,3200,09,ee,00,00,26,000300,00,b70e,108,00,87,84,f2,00,01,00,04,a9,00,ea00,02,00,00
2527,6231,ff,fd,00,00,75,193,00,0000,fe80,0200,3200,09,ee,00,00,26,000300,00,ba05,109,00,87,85,f3,00,01,00,04,a9,00,ea00,02,00,00
2528,6206,ff,fd,00,00,74,194,00,0000,fe80,0200,3200,09,ee,00,00,26,000300,00,bcfc,109,00,87,87,f4,00,01,00,04,a9,00,ea00,02,00,00
2529,60ef,ff,fd,00,00,73,196,00,0000,fe80,0200,3200,09,ee,00,00,26,000300,00,bff3,109,00,87,8b,f5,00,01,00,04,a9,00,ea00,02,00,00
2530,6208,ff,fd,00,00,72,198,00,0000,fe80,0200,3200,09,ee,00,00,26,000300,00,c2ea,110,00,87,80,f6,00,01,00,04,a9,00,ea00,02,00,00
2531,6204,ff,fd,00,00,71,200,00,0000,fe80,0200,3200,09,ee,00,00,26,000300,00,c5e1,110,00,87,84,f7,00,01,00,04,a9,00,ea00,02,00,00
2532,622e,ff,fd,00,00,70,202,00,0000,fe80,0200,3200,09,ee,00,00,26,000300,00,c8d8,111,00,87,85,f8,00,01,00,04,a9,00,ea00,02,00,00
2533,60f3,ff,fd,00,00,69,203,00,0000,fe80,0200,3200,09,ee,00,00,26,000300,00,cbcf,111,00,87,87,f9,00,01,00,04,a9,00,ea00,02,00,00
2534,6208,ff,fd,00,00,69,205,00,0000,fe80,0200,3200,09,ee,00,00,26,000300,00,cec6,111,00,87,8b,fa,00,01,00,04,a9,00,ea00,02,00,00
2535,60f6,ff,fd,00,00,68,207,00,0000,fe80,0200,3200,09,ee,00,00,26,000300,00,d1bd,112,00,87,80,fb,00,01,00,04,a9,00,ea00,02,00,00
2536,60ef,ff,fd,00,00,67,209,00,0000,fe80,0200,3200,09,ee,00,00,26,000300,00,d4b4,112,00,87,84,fc,00,01,00,04,a9,00,ea00,02,00,00
2537,60ef,ff,fd,00,00,66,211,00,0000,fe80,0200,3200,09,ee,00,00,26,000300,00,d7ab,113,00,87,85,fd,00,01,00,04,a9,00,ea00,02,00,00
2538,60ef,ff,fd,00,00,65,212,00,0000,fe80,0200,3200,09,ee,00,00,26,000300,00,daa2,113,00,87,87,fe,00,01,00,04,a9,00,ea00,02,00,00
2539,6205,ff,fd,00,00,64,214,00,0000,fe80,0200,3200,09,ee,00,00,26,000300,00,dd99,114,00,87,8b,ff,00,01,00,04,a9,00,ea00,02,00,00
2540,60f0,ff,fd,00,00,63,216,00,0000,fe80,0200,3200,09,ee,00,00,26,000300,00,e090,114,00,87,80,00,00,01,00,04,a9,00,ea00,02,00,00
2541,60f2,ff,fd,00,00,62,218,00,0000,fe80,0200,3200,09,ee,00,00,26,000300,00,e387,114,00,87,84,01,00,01,00,04,a9,00,ea00,02,00,00
2542,60f1,ff,fd,00,00,62,219,00,0000,fe80,0200,3200,09,ee,00,00,26,000300,00,e67e,115,00,87,85,02,00,01,00,04,a9,00,ea00,02,00,00
2543,6231,ff,fd,00,00,61,221,00,0000,fe80,0200,3200,09,ee,00,00,26,000300,00,e975,115,00,87,87,03,00,01,00,04,a9,00,ea00,02,00,00
2544,60ef,ff,fd,00,00,60,223,00,0000,fe80,0200,3200,09,ee,00,00,26,000300,00,ec6c,116,00,87,8b,04,00,01,00,04,a9,00,ea00,02,00,00
2545,60f6,ff,fd,00,00,59,225,00,0000,fe80,0200,3200,09,ee,00,00,26,000300,00,ef63,116,00,87,80,05,00,01,00,04,a9,00,ea00,02,00,00
2546,60ef,ff,fd,00,00,58,227,00,0000,fe80,0200,3200,09,ee,00,00,26,000300,00,785a,100,00,87,84,06,00,01,00,04,a9,00,ea00,02,00,00
2547,6205,ff,fd,00,00,57,228,00,0000,fe80,0200,3200,09,ee,00,00,26,000300,00,7b51,101,00,87,85,07,00,01,00,04,a9,00,ea00,02,00,00
2548,60f1,ff,fd,00,00,56,230,00,0000,fe80,0200,3200,09,ee,00,00,26,000300,00,7e48,101,00,87,87,08,00,01,00,04,a9,00,ea00,02,00,00
2549,6207,ff,fd,00,00,55,232,00,0000,fe80,0200,3200,09,ee,00,00,26,000300,00,813f,102,00,87,8b,09,00,01,00,04,a9,00,ea00,02,00,00
2550,60ee,ff,fd,00,00,55,234,00,0000,fe80,0200,3200,09,ee,00,00,26,000300,00,8436,102,00,87,80,0a,00,01,00,04,a9,00,ea00,02,00,00
2551,622d,ff,fd,00,00,54,236,00,0000,fe80,0200,3200,09,ee,00,00,26,000300,00,872d,102,00,87,84,0b,00,01,00,04,a9,00,ea00,02,00,00
2552,6208,ff,fd,00,00,53,237,00,0000,fe80,0200,3200,09,ee,00,00,26,000300,00,8a24,103,00,87,85,0c,00,01,00,04,a9,00,ea00,02,00,00
2553,6204,ff,fd,00,00,52,239,00,0000,fe80,0200,3200,09,ee,00,00,26,000300,00,8d1b,103,00,87,87,0d,00,01,00,04,a9,00,ea00,02,00,00
2554,622e,ff,fd,00,00,51,241,00,0000,fe80,0200,3200,09,ee,00,00,26,000300,00,9012,104,00,87,8b,0e,00,01,00,04,a9,00,ea00,02,00,00
2555,6205,ff,fd,00,00,50,243,00,0000,fe80,0200,3200,09,ee,00,00,26,000300,00,9309,104,00,87,80,0f,00,01,00,04,a9,00,ea00,02,00,00
2556,60f2,ff,fd,00,00,50,243,00,0000,fe80,0200,3200,09,ee,00,00,26,000300,00,9309,104,00,87,80,10,00,01,00,04,a9,00,ea00,00,00,00
2557,60f2,ff,fd,00,00,0,0,00,0000,fe80,0200,3200,09,ee,00,00,26,000300,00,0009,0,00,87,80,11,00,01,00,04,a9,00,ea00,01,00,00
2558,622e,ff,fd,00,00,0,0,00,0000,fe80,0200,3200,09,ee,00,00,26,000300,00,0000,0,00,00,00,12,00,01,00,04,a9,00,ea00,01,00,00
2559,622e,ff,fd,00,00,0,0,00,0000,fe80,0200,3200,09,ee,00,00,26,000300,00,0000,0,00,00,00,13,00,01,00,04,a9,00,ea00,01,00,00
2560,622f,ff,fd,00,00,0,0,00,0000,fe80,0200,3200,09,ee,00,00,26,000300,00,0000,0,00,00,00,14,00,01,00,04,a9,00,ea00,01,00,00
2561,6231,ff,fd,00,00,0,0,00,0000,fe80,0200,3200,09,ee,00,00,26,000300,00,0000,0,00,00,00,15,00,01,00,04,a9,00,ea00,01,00,00
2562,60ee,ff,fd,00,00,0,0,00,0000,fe80,0200,3200,09,ee,00,00,26,000300,00,0000,0,00,00,00,16,00,01,00,04,a9,00,ea00,01,00,00
2563,60ef,ff,fd,00,00,0,0,00,0000,fe80,0200,3200,09,ee,00,00,26,000300,00,0000,0,00,00,00,17,00,01,00,04,a9,00,ea00,01,00,00
2564,60ef,ff,fd,00,00,0,0,00,0000,fe80,0200,3200,09,ee,00,00,26,000300,00,0000,0,00,00,00,18,00,01,00,04,a9,00,ea00,01,00,00
2565,60f1,ff,fd,00,00,0,0,00,0000,fe80,0200,3200,09,ee,00,00,26,000300,00,0000,0,00,00,00,19,00,01,00,04,a9,00,ea00,01,00,00
2566,60f1,ff,fd,00,00,0,0,00,0000,fe80,0200,3200,09,ee,00,00,26,000300,00,0000,0,00,00,00,1a,00,01,00,04,a9,00,ea00,01,00,00
2567,60f1,ff,fd,00,00,0,0,00,0000,fe80,0200,3200,09,ee,00,00,26,000300,00,0000,0,00,00,00,1b,00,01,00,04,a9,00,ea00,01,00,00
2568,60f2,ff,fd,00,00,0,0,00,0000,fe80,0200,3200,09,ee,00,00,26,000300,00,0000,0,00,00,00,1c,00,01,00,04,a9,00,ea00,01,00,00
2569,60f4,ff,fd,00,00,0,0,00,0000,fe80,0200,3200,09,ee,00,00,26,000300,00,0000,0,00,00,00,1d,00,01,00,04,a9,00,ea00,01,00,00
2570,60f5,ff,fd,00,00,0,0,00,0000,fe80,0200,3200,09,ee,00,00,26,000300,00,0000,0,00,00,00,1e,00,01,00,04,a9,00,ea00,01,00,00
2571,6203,ff,fd,00,00,0,0,00,0000,fe80,0200,3200,09,ee,00,00,26,000300,00,0000,0,00,00,00,1f,00,01,00,04,a9,00,ea00,01,00,00
2572,6204,ff,fd,00,00,0,0,00,0000,fe80,0200,3200,09,ee,00,00,26,000300,00,0000,0,00,00,00,20,00,01,00,04,a9,00,ea00,01,00,00
2573,6205,ff,fd,00,00,0,0,00,0000,fe80,0200,3200,09,ee,00,00,26,000300,00,0000,0,00,00,00,21,00,01,00,04,a9,00,ea00,01,00,00
2574,6205,ff,fd,00,00,0,0,00,0000,fe80,0200,3200,09,ee,00,00,26,000300,00,0000,0,00,00,00,22,00,01,00,04,a9,00,ea00,01,00,00
2575,6206,ff,fd,00,00,0,0,00,0000,fe80,0200,3200,09,ee,00,00,26,000300,00,0000,0,00,00,00,23,00,01,00,04,a9,00,ea00,01,00,00
2576,6207,ff,fd,00,00,0,0,00,0000,fe80,0200,3200,09,ee,00,00,26,000300,00,0000,0,00,00,00,24,00,01,00,04,a9,00,ea00,01,00,00
2577,622d,ff,fd,00,00,0,0,00,0000,fe80,0200,3200,09,ee,00,00,26,000300,00,0000,0,00,00,00,25,00,01,00,04,a9,00,ea00,01,00,00
2578,622e,ff,fd,00,00,0,0,00,0000,fe80,0200,3200,09,ee,00,00,26,000300,00,0000,0,00,00,00,26,00,01,00,04,a9,00,ea00,01,00,00
2579,622e,ff,fd,00,00,0,0,00,0000,fe80,0200,3200,09,ee,00,00,26,000300,00,0000,0,00,00,00,27,00,01,00,04,a9,00,ea00,01,00,00
2580,6204,ff,fd,00,00,0,0,00,0000,fe80,0200,3200,09,ee,00,00,26,000300,00,0000,0,00,00,00,28,00,01,00,04,a9,00,ea00,01,00,00
2581,6231,ff,fd,00,00,0,0,00,0000,fe80,0200,3200,09,ee,00,00,26,000300,00,0000,0,00,00,00,29,00,01,00,04,a9,00,ea00,02,00,00
2582,60f2,ff,fd,00,00,0,0,00,0000,fe80,0200,3200,09,ee,00,00,26,000300,00,0000,0,00,00,00,2a,00,01,00,04,a9,00,ea00,02,00,00
2583,6207,ff,fd,00,00,0,0,00,0000,fe80,0200,3200,09,ee,00,00,26,000300,00,0000,0,00,00,00,2b,00,01,00,04,a9,00,ea00,02,00,00
2584,6231,ff,fd,00,00,0,0,00,0000,fe80,0200,3200,09,ee,00,00,26,000300,00,0000,0,00,00,00,2c,00,01,00,04,a9,00,ea00,02,00,00
2585,60f3,ff,fd,00,00,0,0,00,0000,fe80,0200,3200,09,ee,00,00,26,000300,00,0000,0,00,00,00,2d,00,01,00,04,a9,00,ea00,02,00,00
2586,6206,ff,fd,00,00,0,0,00,0000,fe80,0200,3200,09,ee,00,00,26,000300,00,0000,0,00,00,00,2e,00,01,00,04,a9,00,ea00,02,00,00
2587,60ee,ff,fd,00,00,0,0,00,0000,fe80,0200,3200,09,ee,00,00,26,000300,00,0000,0,00,00,00,2f,00,01,00,04,a9,00,ea00,02,00,00
2588,60f2,ff,fd,00,00,0,0,00,0000,fe80,0200,3200,09,ee,00,00,26,000300,00,0000,0,00,00,00,30,00,01,00,04,a9,00,ea00,02,00,00
2589,6208,ff,fd,00,00,0,0,00,0000,fe80,0200,3200,09,ee,00,00,26,000300,00,0000,0,00,00,00,31,00,01,00,04,a9,00,ea00,02,00,00
2590,6231,ff,fd,00,00,0,0,00,0000,fe80,0200,3200,09,ee,00,00,26,000300,00,0000,0,00,00,00,32,00,01,00,04,a9,00,ea00,02,00,00
2591,60f4,ff,fd,00,00,0,0,00,0000,fe80,0200,3200,09,ee,00,00,26,000300,00,0000,0,00,00,00,33,00,01,00,04,a9,00,ea00,02,00,00
2592,6207,ff,fd,00,00,0,0,00,0000,fe80,0200,3200,09,ee,00,00,26,000300,00,0000,0,00,00,00,34,00,01,00,04,a9,00,ea00,02,00,00
2593,60ef,ff,fd,00,00,0,0,00,0000,fe80,0200,3200,09,ee,00,00,26,000300,00,0000,0,00,00,00,35,00,01,00,04,a9,00,ea00,02,00,00
2594,60f3,ff,fd,00,00,0,0,00,0000,fe80,0200,3200,09,ee,00,00,26,000300,00,0000,0,00,00,00,36,00,01,00,04,a9,00,ea00,02,00,00
2595,6208,ff,fd,00,00,0,0,00,0000,fe80,0200,3200,09,ee,00,00,26,000300,00,0000,0,00,00,00,37,00,01,00,04,a9,00,ea00,02,00,00
2596,60ee,ff,fd,00,00,0,0,00,0000,fe80,0200,3200,09,ee,00,00,26,000300,00,0000,0,00,00,00,38,00,01,00,04,a9,00,ea00,02,00,00
2597,60f5,ff,fd,00,00,0,0,00,0000,fe80,0200,3200,09,ee,00,00,26,000300,00,0000,0,00,00,00,39,00,01,00,04,a9,00,ea00,02,00,00
2598,6208,ff,fd,00,00,0,0,00,0000,fe80,0200,3200,09,ee,00,00,26,000300,00,0000,0,00,00,00,3a,00,01,00,04,a9,00,ea00,02,00,00
2599,60ef,ff,fd,00,00,0,0,00,0000,fe80,0200,3200,09,ee,00,00,26,000300,00,0000,0,00,00,00,3b,00,01,00,04,a9,00,ea00,02,00,00
2600,60f4,ff,fd,00,00,0,0,00,0000,fe80,0200,3200,09,ee,00,00,26,000300,00,0000,0,00,00,00,3c,00,01,00,04,a9,00,ea00,02,00,00
