frame,24b0_st,24b0_x,24b0_b1b2,24b0_b8,24f0_st,24f0_x,24f0_b1b2,24f0_b8,2530_st,2530_x,2530_b1b2,2530_b8,2570_st,2570_x,2570_b1b2,2570_b8,2580_st,2580_x,2580_b1b2,2580_b8,25e0_st,25e0_x,25e0_b1b2,25e0_b8,26d0_st,26d0_x,26d0_b1b2,26d0_b8,2700_st,2700_x,2700_b1b2,2700_b8,2730_st,2730_x,2730_b1b2,2730_b8,2760_st,2760_x,2760_b1b2,2760_b8
1,00,0000,0000,00,00,0000,0000,00,00,0000,0000,00,00,0000,0000,00,00,0000,0000,00,00,0000,0000,00,00,0000,0000,00,00,0000,0000,00,00,0000,0000,00,00,0000,0000,00
2,00,0000,0000,00,00,0000,0000,00,00,0000,0000,00,00,0000,0000,00,00,0000,0000,00,00,0000,0000,00,00,0000,0000,00,00,0000,0000,00,00,0000,0000,00,00,0000,0000,00
3,00,0000,0000,00,00,0000,0000,00,00,0000,0000,00,00,0000,0000,00,00,0000,0000,00,00,0000,0000,00,00,0000,0000,00,00,0000,0000,00,00,0000,0000,00,00,0000,0000,00
4,00,0000,0000,00,00,0000,0000,00,00,0000,0000,00,00,0000,0000,00,00,0000,0000,00,00,0000,0000,00,00,0000,0000,00,00,0000,0000,00,00,0000,0000,00,00,0000,0000,00
5,00,0000,0000,00,00,0000,0000,00,00,0000,0000,00,00,0000,0000,00,00,0000,0000,00,00,0000,0000,00,00,0000,0000,00,00,0000,0000,00,00,0000,0000,00,00,0000,0000,00
6,00,0000,0000,00,00,0000,0000,00,00,0000,0000,00,00,0000,0000,00,00,0000,0000,00,00,0000,0000,00,00,0000,0000,00,00,0000,0000,00,00,0000,0000,00,00,0000,0000,00
7,00,0000,0000,00,00,0000,0000,00,00,0000,0000,00,00,0000,0000,00,00,0000,0000,00,00,0000,0000,00,00,0000,0000,00,00,0000,0000,00,00,0000,0000,00,00,0000,0000,00
8,00,0000,0000,00,00,0000,0000,00,00,0000,0000,00,00,0000,0000,00,00,0000,0000,00,00,0000,0000,00,00,0000,0000,00,00,0000,0000,00,00,0000,0000,00,00,0000,0000,00
9,00,0000,0000,00,00,0000,0000,00,00,0000,0000,00,00,0000,0000,00,00,0000,0000,00,00,0000,0000,00,00,0000,0000,00,00,0000,0000,00,00,0000,0000,00,00,0000,0000,00
10,00,0000,0000,00,00,0000,0000,00,00,0000,0000,00,00,0000,0000,00,00,0000,0000,00,00,0000,0000,00,00,0000,0000,00,00,0000,0000,00,00,0000,0000,00,00,0000,0000,00
11,00,0000,0000,00,00,0000,0000,00,00,0000,0000,00,00,0000,0000,00,00,0000,0000,00,00,0000,0000,00,00,0000,0000,00,00,0000,0000,00,00,0000,0000,00,00,0000,0000,00
12,00,0000,0000,00,00,0000,0000,00,00,0000,0000,00,00,0000,0000,00,00,0000,0000,00,00,0000,0000,00,00,0000,0000,00,00,0000,0000,00,00,0000,0000,00,00,0000,0000,00
13,00,0000,0000,00,00,0000,0000,00,00,0000,0000,00,00,0000,0000,00,00,0000,0000,00,00,0000,0000,00,00,0000,0000,00,00,0000,0000,00,00,0000,0000,00,00,0000,0000,00
14,00,0000,0000,00,00,0000,0000,00,00,0000,0000,00,00,0000,0000,00,00,0000,0000,00,00,0000,0000,00,00,0000,0000,00,00,0000,0000,00,00,0000,0000,00,00,0000,0000,00
15,00,0000,0000,00,00,0000,0000,00,00,0000,0000,00,00,0000,0000,00,00,0000,0000,00,00,0000,0000,00,00,0000,0000,00,00,0000,0000,00,00,0000,0000,00,00,0000,0000,00
16,00,0000,0000,00,00,0000,0000,00,00,0000,0000,00,00,0000,0000,00,00,0000,0000,00,00,0000,0000,00,00,0000,0000,00,00,0000,0000,00,00,0000,0000,00,00,0000,0000,00
17,00,0000,0000,00,00,0000,0000,00,00,0000,0000,00,00,0000,0000,00,00,0000,0000,00,00,0000,0000,00,00,0000,0000,00,00,0000,0000,00,00,0000,0000,00,00,0000,0000,00
18,00,0000,0000,00,00,0000,0000,00,00,0000,0000,00,00,0000,0000,00,00,0000,0000,00,00,0000,0000,00,00,0000,0000,00,00,0000,0000,00,00,0000,0000,00,00,0000,0000,00
19,00,0000,0000,00,00,0000,0000,00,00,0000,0000,00,00,0000,0000,00,00,0000,0000,00,00,0000,0000,00,00,0000,0000,00,00,0000,0000,00,00,0000,0000,00,00,0000,0000,00
20,00,0000,0000,00,00,0000,0000,00,00,0000,0000,00,00,0000,0000,00,00,0000,0000,00,00,0000,0000,00,00,0000,0000,00,00,0000,0000,00,00,0000,0000,00,00,0000,0000,00
21,00,0000,0000,00,00,0000,0000,00,00,0000,0000,00,00,0000,0000,00,00,0000,0000,00,00,0000,0000,00,00,0000,0000,00,00,0000,0000,00,00,0000,0000,00,00,0000,0000,00
22,00,0000,0000,00,00,0000,0000,00,00,0000,0000,00,00,0000,0000,00,00,0000,0000,00,00,0000,0000,00,00,0000,0000,00,00,0000,0000,00,00,0000,0000,00,00,0000,0000,00
23,00,0000,0000,00,00,0000,0000,00,00,0000,0000,00,00,0000,0000,00,00,0000,0000,00,00,0000,0000,00,00,0000,0000,00,00,0000,0000,00,00,0000,0000,00,00,0000,0000,00
24,00,0000,0000,00,00,0000,0000,00,00,0000,0000,00,00,0000,0000,00,00,0000,0000,00,00,0000,0000,00,00,0000,0000,00,00,0000,0000,00,00,0000,0000,00,00,0000,0000,00
25,00,0000,0000,00,00,0000,0000,00,00,0000,0000,00,00,0000,0000,00,00,0000,0000,00,00,0000,0000,00,00,0000,0000,00,00,0000,0000,00,00,0000,0000,00,00,0000,0000,00
26,00,0000,0000,00,00,0000,0000,00,00,0000,0000,00,00,0000,0000,00,00,0000,0000,00,00,0000,0000,00,00,0000,0000,00,00,0000,0000,00,00,0000,0000,00,00,0000,0000,00
27,00,0000,0000,00,00,0000,0000,00,00,0000,0000,00,00,0000,0000,00,00,0000,0000,00,00,0000,0000,00,00,0000,0000,00,00,0000,0000,00,00,0000,0000,00,00,0000,0000,00
28,00,0000,0000,00,00,0000,0000,00,00,0000,0000,00,00,0000,0000,00,00,0000,0000,00,00,0000,0000,00,00,0000,0000,00,00,0000,0000,00,00,0000,0000,00,00,0000,0000,00
29,00,0000,0000,00,00,0000,0000,00,00,0000,0000,00,00,0000,0000,00,00,0000,0000,00,00,0000,0000,00,00,0000,0000,00,00,0000,0000,00,00,0000,0000,00,00,0000,0000,00
30,00,0000,0000,00,00,0000,0000,00,00,0000,0000,00,00,0000,0000,00,00,0000,0000,00,00,0000,0000,00,00,0000,0000,00,00,0000,0000,00,00,0000,0000,00,00,0000,0000,00
31,00,0000,0000,00,00,0000,0000,00,00,0000,0000,00,00,0000,0000,00,00,0000,0000,00,00,0000,0000,00,00,0000,0000,00,00,0000,0000,00,00,0000,0000,00,00,0000,0000,00
32,00,0000,0000,00,00,0000,0000,00,00,0000,0000,00,00,0000,0000,00,00,0000,0000,00,00,0000,0000,00,00,0000,0000,00,00,0000,0000,00,00,0000,0000,00,00,0000,0000,00
33,00,0000,0000,00,00,0000,0000,00,00,0000,0000,00,00,0000,0000,00,00,0000,0000,00,00,0000,0000,00,00,0000,0000,00,00,0000,0000,00,00,0000,0000,00,00,0000,0000,00
34,00,0000,0000,00,00,0000,0000,00,00,0000,0000,00,00,0000,0000,00,00,0000,0000,00,00,0000,0000,00,00,0000,0000,00,00,0000,0000,00,00,0000,0000,00,00,0000,0000,00
35,00,0000,0000,00,00,0000,0000,00,00,0000,0000,00,00,0000,0000,00,00,0000,0000,00,00,0000,0000,00,00,0000,0000,00,00,0000,0000,00,00,0000,0000,00,00,0000,0000,00
36,00,0000,0000,00,00,0000,0000,00,00,0000,0000,00,00,0000,0000,00,00,0000,0000,00,00,0000,0000,00,00,0000,0000,00,00,0000,0000,00,00,0000,0000,00,00,0000,0000,00
37,00,0000,0000,00,00,0000,0000,00,00,0000,0000,00,00,0000,0000,00,00,0000,0000,00,00,0000,0000,00,00,0000,0000,00,00,0000,0000,00,00,0000,0000,00,00,0000,0000,00
38,00,0000,0000,00,00,0000,0000,00,00,0000,0000,00,00,0000,0000,00,00,0000,0000,00,00,0000,0000,00,00,0000,0000,00,00,0000,0000,00,00,0000,0000,00,00,0000,0000,00
39,00,0000,0000,00,00,0000,0000,00,00,0000,0000,00,00,0000,0000,00,00,0000,0000,00,00,0000,0000,00,00,0000,0000,00,00,0000,0000,00,00,0000,0000,00,00,0000,0000,00
40,00,0000,0000,00,00,0000,0000,00,00,0000,0000,00,00,0000,0000,00,00,0000,0000,00,00,0000,0000,00,00,0000,0000,00,00,0000,0000,00,00,0000,0000,00,00,0000,0000,00
41,00,0000,0000,00,00,0000,0000,00,00,0000,0000,00,00,0000,0000,00,00,0000,0000,00,00,0000,0000,00,00,0000,0000,00,00,0000,0000,00,00,0000,0000,00,00,0000,0000,00
42,00,0000,0000,00,00,0000,0000,00,00,0000,0000,00,00,0000,0000,00,00,0000,0000,00,00,0000,0000,00,00,0000,0000,00,00,0000,0000,00,00,0000,0000,00,00,0000,0000,00
43,00,0000,0000,00,00,0000,0000,00,00,0000,0000,00,00,0000,0000,00,00,0000,0000,00,00,0000,0000,00,00,0000,0000,00,00,0000,0000,00,00,0000,0000,00,00,0000,0000,00
44,00,0000,0000,00,00,0000,0000,00,00,0000,0000,00,00,0000,0000,00,00,0000,0000,00,00,0000,0000,00,00,0000,0000,00,00,0000,0000,00,00,0000,0000,00,00,0000,0000,00
45,00,0000,0000,00,00,0000,0000,00,00,0000,0000,00,00,0000,0000,00,00,0000,0000,00,00,0000,0000,00,00,0000,0000,00,00,0000,0000,00,00,0000,0000,00,00,0000,0000,00
46,00,0000,0000,00,00,0000,0000,00,00,0000,0000,00,00,0000,0000,00,00,0000,0000,00,00,0000,0000,00,00,0000,0000,00,00,0000,0000,00,00,0000,0000,00,00,0000,0000,00
47,00,0000,0000,00,00,0000,0000,00,00,0000,0000,00,00,0000,0000,00,00,0000,0000,00,00,0000,0000,00,00,0000,0000,00,00,0000,0000,00,00,0000,0000,00,00,0000,0000,00
48,00,0000,0000,00,00,0000,0000,00,00,0000,0000,00,00,0000,0000,00,00,0000,0000,00,00,0000,0000,00,00,0000,0000,00,00,0000,0000,00,00,0000,0000,00,00,0000,0000,00
49,00,0000,0000,00,00,0000,0000,00,00,0000,0000,00,00,0000,0000,00,00,0000,0000,00,00,0000,0000,00,00,0000,0000,00,00,0000,0000,00,00,0000,0000,00,00,0000,0000,00
50,00,0000,0000,00,00,0000,0000,00,00,0000,0000,00,00,0000,0000,00,00,0000,0000,00,00,0000,0000,00,00,0000,0000,00,00,0000,0000,00,00,0000,0000,00,00,0000,0000,00
51,00,0000,0000,00,00,0000,0000,00,00,0000,0000,00,00,0000,0000,00,00,0000,0000,00,00,0000,0000,00,00,0000,0000,00,00,0000,0000,00,00,0000,0000,00,00,0000,0000,00
52,00,0000,0000,00,00,0000,0000,00,00,0000,0000,00,00,0000,0000,00,00,0000,0000,00,00,0000,0000,00,00,0000,0000,00,00,0000,0000,00,00,0000,0000,00,00,0000,0000,00
53,55,5555,5555,55,55,5555,5555,55,55,5555,5555,55,55,5555,5555,55,55,5555,5555,55,55,5555,5555,55,55,5555,5555,55,55,5555,5555,55,55,5555,5555,55,55,5555,5555,55
54,55,5555,5555,55,55,5555,5555,55,55,5555,5555,55,55,5555,5555,55,55,5555,5555,55,55,5555,5555,55,55,5555,5555,55,55,5555,5555,55,55,5555,5555,55,55,5555,5555,55
55,55,5555,5555,55,55,5555,5555,55,55,5555,5555,55,55,5555,5555,55,55,5555,5555,55,55,5555,5555,55,55,5555,5555,55,55,5555,5555,55,55,5555,5555,55,55,5555,5555,55
56,55,5555,5555,55,55,5555,5555,55,55,5555,5555,55,55,5555,5555,55,55,5555,5555,55,55,5555,5555,55,55,5555,5555,55,55,5555,5555,55,55,5555,5555,55,55,5555,5555,55
57,55,5555,5555,55,55,5555,5555,55,55,5555,5555,55,55,5555,5555,55,55,5555,5555,55,55,5555,5555,55,55,5555,5555,55,55,5555,5555,55,55,5555,5555,55,55,5555,5555,55
58,aa,aaaa,aaaa,aa,aa,aaaa,aaaa,aa,aa,aaaa,aaaa,aa,aa,aaaa,aaaa,aa,aa,aaaa,aaaa,aa,aa,aaaa,aaaa,aa,aa,aaaa,aaaa,aa,aa,aaaa,aaaa,aa,aa,aaaa,aaaa,aa,aa,aaaa,aaaa,aa
59,aa,aaaa,aaaa,aa,aa,aaaa,aaaa,aa,aa,aaaa,aaaa,aa,aa,aaaa,aaaa,aa,aa,aaaa,aaaa,aa,aa,aaaa,aaaa,aa,aa,aaaa,aaaa,aa,aa,aaaa,aaaa,aa,aa,aaaa,aaaa,aa,aa,aaaa,aaaa,aa
60,aa,aaaa,aaaa,aa,aa,aaaa,aaaa,aa,aa,aaaa,aaaa,aa,aa,aaaa,aaaa,aa,aa,aaaa,aaaa,aa,aa,aaaa,aaaa,aa,aa,aaaa,aaaa,aa,aa,aaaa,aaaa,aa,aa,aaaa,aaaa,aa,aa,aaaa,aaaa,aa
61,aa,aaaa,aaaa,aa,aa,aaaa,aaaa,aa,aa,aaaa,aaaa,aa,aa,aaaa,aaaa,aa,aa,aaaa,aaaa,aa,aa,aaaa,aaaa,aa,aa,aaaa,aaaa,aa,aa,aaaa,aaaa,aa,aa,aaaa,aaaa,aa,aa,aaaa,aaaa,aa
62,aa,aaaa,aaaa,aa,aa,aaaa,aaaa,aa,aa,aaaa,aaaa,aa,aa,aaaa,aaaa,aa,aa,aaaa,aaaa,aa,aa,aaaa,aaaa,aa,aa,aaaa,aaaa,aa,aa,aaaa,aaaa,aa,aa,aaaa,aaaa,aa,aa,aaaa,aaaa,aa
63,ff,ffff,ffff,ff,ff,ffff,ffff,ff,ff,ffff,ffff,ff,ff,ffff,ffff,ff,ff,ffff,ffff,ff,ff,ffff,ffff,ff,aa,aaaa,aaaa,aa,aa,aaaa,aaaa,aa,aa,aaaa,aaaa,aa,aa,aaaa,aaaa,aa
64,ff,ffff,ffff,ff,ff,ffff,ffff,ff,ff,ffff,ffff,ff,ff,ffff,ffff,ff,ff,ffff,ffff,ff,ff,ffff,ffff,ff,ff,ffff,ffff,ff,ff,ffff,ffff,ff,ff,ffff,ffff,ff,ff,ffff,ffff,ff
65,ff,ffff,ffff,ff,ff,ffff,ffff,ff,ff,ffff,ffff,ff,ff,ffff,ffff,ff,ff,ffff,ffff,ff,ff,ffff,ffff,ff,ff,ffff,ffff,ff,ff,ffff,ffff,ff,ff,ffff,ffff,ff,ff,ffff,ffff,ff
66,ff,ffff,ffff,ff,ff,ffff,ffff,ff,ff,ffff,ffff,ff,ff,ffff,ffff,ff,ff,ffff,ffff,ff,ff,ffff,ffff,ff,ff,ffff,ffff,ff,ff,ffff,ffff,ff,ff,ffff,ffff,ff,ff,ffff,ffff,ff
67,ff,ffff,ffff,ff,ff,ffff,ffff,ff,ff,ffff,ffff,ff,ff,ffff,ffff,ff,ff,ffff,ffff,ff,ff,ffff,ffff,ff,ff,ffff,ffff,ff,ff,ffff,ffff,ff,ff,ffff,ffff,ff,ff,ffff,ffff,ff
68,ff,ffff,ffff,ff,ff,ffff,ffff,ff,ff,ffff,ffff,ff,ff,ffff,ffff,ff,ff,ffff,ffff,ff,ff,ffff,ffff,ff,ff,ffff,ffff,ff,ff,ffff,ffff,ff,ff,ffff,ffff,ff,ff,ffff,ffff,ff
69,ff,ffff,ffff,ff,ff,ffff,ffff,ff,ff,ffff,ffff,ff,ff,ffff,ffff,ff,ff,ffff,ffff,ff,ff,ffff,ffff,ff,ff,ffff,ffff,ff,ff,ffff,ffff,ff,ff,ffff,ffff,ff,ff,ffff,ffff,ff
70,ff,ffff,ffff,ff,ff,ffff,ffff,ff,ff,ffff,ffff,ff,ff,ffff,ffff,ff,ff,ffff,ffff,ff,ff,ffff,ffff,ff,ff,ffff,ffff,ff,ff,ffff,ffff,ff,ff,ffff,ffff,ff,ff,ffff,ffff,ff
71,ff,ffff,ffff,ff,ff,ffff,ffff,ff,ff,ffff,ffff,ff,ff,ffff,ffff,ff,ff,ffff,ffff,ff,ff,ffff,ffff,ff,ff,ffff,ffff,ff,ff,ffff,ffff,ff,ff,ffff,ffff,ff,ff,ffff,ffff,ff
72,ff,ffff,ffff,ff,ff,ffff,ffff,ff,ff,ffff,ffff,ff,ff,ffff,ffff,ff,ff,ffff,ffff,ff,ff,ffff,ffff,ff,ff,ffff,ffff,ff,ff,ffff,ffff,ff,ff,ffff,ffff,ff,ff,ffff,ffff,ff
73,bb,b5b4,bab9,b3,7b,7574,7a79,73,3b,3534,3a39,33,fa,f4f3,f9f8,f2,ea,e4e3,e9e8,e2,8a,8483,8988,82,99,9392,9897,91,69,6362,6867,61,39,3332,3837,31,09,0302,0807,01
74,bb,b5b4,bab9,b3,7b,7574,7a79,73,3b,3534,3a39,33,fa,f4f3,f9f8,f2,ea,e4e3,e9e8,e2,8a,8483,8988,82,99,9392,9897,91,69,6362,6867,61,39,3332,3837,31,09,0302,0807,01
75,00,0000,0000,00,00,0000,0000,00,00,0000,0000,00,00,0000,0000,00,00,0000,0000,00,00,0000,0000,00,00,0000,0000,00,00,0000,0000,00,00,0000,0000,00,00,0000,0000,00
76,00,0000,0000,00,00,0000,0000,00,00,0000,0000,00,00,0000,0000,00,00,0000,0000,00,00,0000,0000,00,00,0000,0000,00,00,0000,0000,00,00,0000,0000,00,00,0000,0000,00
77,00,0000,0000,00,00,0000,0000,00,00,0000,0000,00,00,0000,0000,00,00,0000,0000,00,00,0000,0000,00,00,0000,0000,00,00,0000,0000,00,00,0000,0000,00,00,0000,0000,00
78,00,0000,0000,00,00,0000,0000,00,00,0000,0000,00,00,0000,0000,00,00,0000,0000,00,00,0000,0000,00,00,0000,0000,00,00,0000,0000,00,00,0000,0000,00,00,0000,0000,00
79,00,0000,0000,00,00,0000,0000,00,00,0000,0000,00,00,0000,0000,00,00,0000,0000,00,00,0000,0000,00,00,0000,0000,00,00,0000,0000,00,00,0000,0000,00,00,0000,0000,00
80,00,0000,0000,00,00,0000,0000,00,00,0000,0000,00,00,0000,0000,00,00,0000,0000,00,00,0000,0000,00,00,0000,0000,00,00,0000,0000,00,00,0000,0000,00,00,0000,0000,00
81,00,0000,0000,00,00,0000,0000,00,00,0000,0000,00,00,0000,0000,00,00,0000,0000,00,00,0000,0000,00,00,0000,0000,00,00,0000,0000,00,00,0000,0000,00,00,0000,0000,00
82,00,0000,0000,00,00,0000,0000,00,00,0000,0000,00,00,0000,0000,00,00,0000,0000,00,00,0000,0000,00,00,0000,0000,00,00,0000,0000,00,00,0000,0000,00,00,0000,0000,00
83,00,0000,0000,00,00,0000,0000,00,00,0000,0000,00,00,0000,0000,00,00,0000,0000,00,00,0000,0000,00,00,0000,0000,00,00,0000,0000,00,00,0000,0000,00,00,0000,0000,00
84,00,0000,0000,00,00,0000,0000,00,00,0000,0000,00,00,0000,0000,00,00,0000,0000,00,00,0000,0000,00,00,0000,0000,00,00,0000,0000,00,00,0000,0000,00,00,0000,0000,00
85,00,0000,0000,00,00,0000,0000,00,00,0000,0000,00,00,0000,0000,00,00,0000,0000,00,00,0000,0000,00,00,0000,0000,00,00,0000,0000,00,00,0000,0000,00,00,0000,0000,00
86,00,0000,0000,00,00,0000,0000,00,00,0000,0000,00,00,0000,0000,00,00,0000,0000,00,00,0000,0000,00,00,0000,0000,00,00,0000,0000,00,00,0000,0000,00,00,0000,0000,00
87,00,0000,0000,00,00,0000,0000,00,00,0000,0000,00,00,0000,0000,00,00,0000,0000,00,00,0000,0000,00,00,0000,0000,00,00,0000,0000,00,00,0000,0000,00,00,0000,0000,00
88,00,0000,0000,00,00,0000,0000,00,00,0000,0000,00,00,0000,0000,00,00,0000,0000,00,00,0000,0000,00,00,0000,0000,00,00,0000,0000,00,00,0000,0000,00,00,0000,0000,00
89,00,0000,0000,00,00,0000,0000,00,00,0000,0000,00,00,0000,0000,00,00,0000,0000,00,00,0000,0000,00,00,0000,0000,00,00,0000,0000,00,00,0000,0000,00,00,0000,0000,00
90,00,0000,0000,00,00,0000,0000,00,00,0000,0000,00,00,0000,0000,00,00,0000,0000,00,00,0000,0000,00,00,0000,0000,00,00,0000,0000,00,00,0000,0000,00,00,0000,0000,00
91,00,0000,0000,00,00,0000,0000,00,00,0000,0000,00,00,0000,0000,00,00,0000,0000,00,00,0000,0000,00,00,0000,0000,00,00,0000,0000,00,00,0000,0000,00,00,0000,0000,00
92,00,0000,0000,00,00,0000,0000,00,00,0000,0000,00,00,0000,0000,00,00,0000,0000,00,00,0000,0000,00,00,0000,0000,00,00,0000,0000,00,00,0000,0000,00,00,0000,0000,00
93,00,0000,0000,00,00,0000,0000,00,00,0000,0000,00,00,0000,0000,00,00,0000,0000,00,00,0000,0000,00,00,0000,0000,00,00,0000,0000,00,00,0000,0000,00,00,0000,0000,00
94,00,0000,0000,00,00,0000,0000,00,00,0000,0000,00,00,0000,0000,00,00,0000,0000,00,00,0000,0000,00,00,0000,0000,00,00,0000,0000,00,00,0000,0000,00,00,0000,0000,00
95,00,0000,0000,00,00,0000,0000,00,00,0000,0000,00,00,0000,0000,00,00,0000,0000,00,00,0000,0000,00,00,0000,0000,00,00,0000,0000,00,00,0000,0000,00,00,0000,0000,00
96,00,0000,0000,00,00,0000,0000,00,00,0000,0000,00,00,0000,0000,00,00,0000,0000,00,00,0000,0000,00,00,0000,0000,00,00,0000,0000,00,00,0000,0000,00,00,0000,0000,00
97,00,0000,0000,00,00,0000,0000,00,00,0000,0000,00,00,0000,0000,00,00,0000,0000,00,00,0000,0000,00,00,0000,0000,00,00,0000,0000,00,00,0000,0000,00,00,0000,0000,00
98,00,0000,0000,00,00,0000,0000,00,00,0000,0000,00,00,0000,0000,00,00,0000,0000,00,00,0000,0000,00,00,0000,0000,00,00,0000,0000,00,00,0000,0000,00,00,0000,0000,00
99,00,0000,0000,00,00,0000,0000,00,00,0000,0000,00,00,0000,0000,00,00,0000,0000,00,00,0000,0000,00,00,0000,0000,00,00,0000,0000,00,00,0000,0000,00,00,0000,0000,00
100,00,0000,0000,00,00,0000,0000,00,00,0000,0000,00,00,0000,0000,00,00,0000,0000,00,00,0000,0000,00,00,0000,0000,00,00,0000,0000,00,00,0000,0000,00,00,0000,0000,00
101,00,0000,0000,00,00,0000,0000,00,00,0000,0000,00,00,0000,0000,00,00,0000,0000,00,00,0000,0000,00,00,0000,0000,00,00,0000,0000,00,00,0000,0000,00,00,0000,0000,00
102,00,0000,0000,00,00,0000,0000,00,00,0000,0000,00,00,0000,0000,00,00,0000,0000,00,00,0000,0000,00,00,0000,0000,00,00,0000,0000,00,00,0000,0000,00,00,0000,0000,00
103,00,0000,0000,00,00,0000,0000,00,00,0000,0000,00,00,0000,0000,00,00,0000,0000,00,00,0000,0000,00,00,0000,0000,00,00,0000,0000,00,00,0000,0000,00,00,0000,0000,00
104,00,0000,0000,00,00,0000,0000,00,00,0000,0000,00,00,0000,0000,00,00,0000,0000,00,00,0000,0000,00,00,0000,0000,00,00,0000,0000,00,00,0000,0000,00,00,0000,0000,00
105,00,0000,0000,00,00,0000,0000,00,00,0000,0000,00,00,0000,0000,00,00,0000,0000,00,00,0000,0000,00,00,0000,0000,00,00,0000,0000,00,00,0000,0000,00,00,0000,0000,00
106,00,0000,0000,00,00,0000,0000,00,00,0000,0000,00,00,0000,0000,00,00,0000,0000,00,00,0000,0000,00,00,0000,0000,00,00,0000,0000,00,00,0000,0000,00,00,0000,0000,00
107,00,0000,0000,00,00,0000,0000,00,00,0000,0000,00,00,0000,0000,00,00,0000,0000,00,00,0000,0000,00,00,0000,0000,00,00,0000,0000,00,00,0000,0000,00,00,0000,0000,00
108,00,0000,0000,00,00,0000,0000,00,00,0000,0000,00,00,0000,0000,00,00,0000,0000,00,00,0000,0000,00,00,0000,0000,00,00,0000,0000,00,00,0000,0000,00,00,0000,0000,00
109,00,0000,0000,00,00,0000,0000,00,00,0000,0000,00,00,0000,0000,00,00,0000,0000,00,00,0000,0000,00,00,0000,0000,00,00,0000,0000,00,00,0000,0000,00,00,0000,0000,00
110,00,0000,0000,00,00,0000,0000,00,00,0000,0000,00,00,0000,0000,00,00,0000,0000,00,00,0000,0000,00,00,0000,0000,00,00,0000,0000,00,00,0000,0000,00,00,0000,0000,00
111,00,0000,0000,00,00,0000,0000,00,00,0000,0000,00,00,0000,0000,00,00,0000,0000,00,00,0000,0000,00,00,0000,0000,00,00,0000,0000,00,00,0000,0000,00,00,0000,0000,00
112,00,0000,0000,00,00,0000,0000,00,00,0000,0000,00,00,0000,0000,00,00,0000,0000,00,00,0000,0000,00,00,0000,0000,00,00,0000,0000,00,00,0000,0000,00,00,0000,0000,00
113,00,0000,0000,00,00,0000,0000,00,00,0000,0000,00,00,0000,0000,00,00,0000,0000,00,00,0000,0000,00,00,0000,0000,00,00,0000,0000,00,00,0000,0000,00,00,0000,0000,00
114,00,0000,0000,00,00,0000,0000,00,00,0000,0000,00,00,0000,0000,00,00,0000,0000,00,00,0000,0000,00,00,0000,0000,00,00,0000,0000,00,00,0000,0000,00,00,0000,0000,00
115,00,0000,0000,00,00,0000,0000,00,00,0000,0000,00,00,0000,0000,00,00,0000,0000,00,00,0000,0000,00,00,0000,0000,00,00,0000,0000,00,00,0000,0000,00,00,0000,0000,00
116,00,0000,0000,00,00,0000,0000,00,00,0000,0000,00,00,0000,0000,00,00,0000,0000,00,00,0000,0000,00,00,0000,0000,00,00,0000,0000,00,00,0000,0000,00,00,0000,0000,00
117,00,0000,0000,00,00,0000,0000,00,00,0000,0000,00,00,0000,0000,00,00,0000,0000,00,00,0000,0000,00,00,0000,0000,00,00,0000,0000,00,00,0000,0000,00,00,0000,0000,00
118,00,0000,0000,00,00,0000,0000,00,00,0000,0000,00,00,0000,0000,00,00,0000,0000,00,00,0000,0000,00,00,0000,0000,00,00,0000,0000,00,00,0000,0000,00,00,0000,0000,00
119,00,0000,0000,00,00,0000,0000,00,00,0000,0000,00,00,0000,0000,00,00,0000,0000,00,00,0000,0000,00,00,0000,0000,00,00,0000,0000,00,00,0000,0000,00,00,0000,0000,00
120,00,0000,0000,00,00,0000,0000,00,00,0000,0000,00,00,0000,0000,00,00,0000,0000,00,00,0000,0000,00,00,0000,0000,00,00,0000,0000,00,00,0000,0000,00,00,0000,0000,00
121,00,0000,0000,00,00,0000,0000,00,00,0000,0000,00,00,0000,0000,00,00,0000,0000,00,00,0000,0000,00,00,0000,0000,00,00,0000,0000,00,00,0000,0000,00,00,0000,0000,00
122,00,0000,0000,00,00,0000,0000,00,00,0000,0000,00,00,0000,0000,00,00,0000,0000,00,00,0000,0000,00,00,0000,0000,00,00,0000,0000,00,00,0000,0000,00,00,0000,0000,00
123,00,0000,0000,00,00,0000,0000,00,00,0000,0000,00,00,0000,0000,00,00,0000,0000,00,00,0000,0000,00,00,0000,0000,00,00,0000,0000,00,00,0000,0000,00,00,0000,0000,00
124,00,0000,0000,00,00,0000,0000,00,00,0000,0000,00,00,0000,0000,00,00,0000,0000,00,00,0000,0000,00,00,0000,0000,00,00,0000,0000,00,00,0000,0000,00,00,0000,0000,00
125,00,0000,0000,00,00,0000,0000,00,00,0000,0000,00,00,0000,0000,00,00,0000,0000,00,00,0000,0000,00,00,0000,0000,00,00,0000,0000,00,00,0000,0000,00,00,0000,0000,00
126,00,0000,0000,00,00,0000,0000,00,00,0000,0000,00,00,0000,0000,00,00,0000,0000,00,00,0000,0000,00,00,0000,0000,00,00,0000,0000,00,00,0000,0000,00,00,0000,0000,00
127,00,0000,0000,00,00,0000,0000,00,00,0000,0000,00,00,0000,0000,00,00,0000,0000,00,00,0000,0000,00,00,0000,0000,00,00,0000,0000,00,00,0000,0000,00,00,0000,0000,00
128,00,0000,0000,00,00,0000,0000,00,00,0000,0000,00,00,0000,0000,00,00,0000,0000,00,00,0000,0000,00,00,0000,0000,00,00,0000,0000,00,00,0000,0000,00,00,0000,0000,00
129,00,0000,0000,00,00,0000,0000,00,00,0000,0000,00,00,0000,0000,00,00,0000,0000,00,00,0000,0000,00,00,0000,0000,00,00,0000,0000,00,00,0000,0000,00,00,0000,0000,00
130,00,0000,0000,00,00,0000,0000,00,00,0000,0000,00,00,0000,0000,00,00,0000,0000,00,00,0000,0000,00,00,0000,0000,00,00,0000,0000,00,00,0000,0000,00,00,0000,0000,00
131,00,0000,0000,00,00,0000,0000,00,00,0000,0000,00,00,0000,0000,00,00,0000,0000,00,00,0000,0000,00,00,0000,0000,00,00,0000,0000,00,00,0000,0000,00,00,0000,0000,00
132,00,0000,0000,00,00,0000,0000,00,00,0000,0000,00,00,0000,0000,00,00,0000,0000,00,00,0000,0000,00,00,0000,0000,00,00,0000,0000,00,00,0000,0000,00,00,0000,0000,00
133,00,0000,0000,00,00,0000,0000,00,00,0000,0000,00,00,0000,0000,00,00,0000,0000,00,00,0000,0000,00,00,0000,0000,00,00,0000,0000,00,00,0000,0000,00,00,0000,0000,00
134,00,0000,0000,00,00,0000,0000,00,00,0000,0000,00,00,0000,0000,00,00,0000,0000,00,00,0000,0000,00,00,0000,0000,00,00,0000,0000,00,00,0000,0000,00,00,0000,0000,00
135,00,0000,0000,00,00,0000,0000,00,00,0000,0000,00,00,0000,0000,00,00,0000,0000,00,00,0000,0000,00,00,0000,0000,00,00,0000,0000,00,00,0000,0000,00,00,0000,0000,00
136,00,0000,0000,00,00,0000,0000,00,00,0000,0000,00,00,0000,0000,00,00,0000,0000,00,00,0000,0000,00,00,0000,0000,00,00,0000,0000,00,00,0000,0000,00,00,0000,0000,00
137,00,0000,0000,00,00,0000,0000,00,00,0000,0000,00,00,0000,0000,00,00,0000,0000,00,00,0000,0000,00,00,0000,0000,00,00,0000,0000,00,00,0000,0000,00,00,0000,0000,00
138,00,0000,0000,00,00,0000,0000,00,00,0000,0000,00,00,0000,0000,00,00,0000,0000,00,00,0000,0000,00,00,0000,0000,00,00,0000,0000,00,00,0000,0000,00,00,0000,0000,00
139,00,0000,0000,00,00,0000,0000,00,00,0000,0000,00,00,0000,0000,00,00,0000,0000,00,00,0000,0000,00,00,0000,0000,00,00,0000,0000,00,00,0000,0000,00,00,0000,0000,00
140,00,0000,0000,00,00,0000,0000,00,00,0000,0000,00,00,0000,0000,00,00,0000,0000,00,00,0000,0000,00,00,0000,0000,00,00,0000,0000,00,00,0000,0000,00,00,0000,0000,00
141,00,0000,0000,00,00,0000,0000,00,00,0000,0000,00,00,0000,0000,00,00,0000,0000,00,00,0000,0000,00,00,0000,0000,00,00,0000,0000,00,00,0000,0000,00,00,0000,0000,00
142,00,0000,0000,00,00,0000,0000,00,00,0000,0000,00,00,0000,0000,00,00,0000,0000,00,00,0000,0000,00,00,0000,0000,00,00,0000,0000,00,00,0000,0000,00,00,0000,0000,00
143,00,0000,0000,00,00,0000,0000,00,00,0000,0000,00,00,0000,0000,00,00,0000,0000,00,00,0000,0000,00,00,0000,0000,00,00,0000,0000,00,00,0000,0000,00,00,0000,0000,00
144,00,0000,0000,00,00,0000,0000,00,00,0000,0000,00,00,0000,0000,00,00,0000,0000,00,00,0000,0000,00,00,0000,0000,00,00,0000,0000,00,00,0000,0000,00,00,0000,0000,00
145,00,0000,0000,00,00,0000,0000,00,00,0000,0000,00,00,0000,0000,00,00,0000,0000,00,00,0000,0000,00,00,0000,0000,00,00,0000,0000,00,00,0000,0000,00,00,0000,0000,00
146,00,0000,0000,00,00,0000,0000,00,00,0000,0000,00,00,0000,0000,00,00,0000,0000,00,00,0000,0000,00,00,0000,0000,00,00,0000,0000,00,00,0000,0000,00,00,0000,0000,00
147,00,0000,0000,00,00,0000,0000,00,00,0000,0000,00,00,0000,0000,00,00,0000,0000,00,00,0000,0000,00,00,0000,0000,00,00,0000,0000,00,00,0000,0000,00,00,0000,0000,00
148,00,0000,0000,00,00,0000,0000,00,00,0000,0000,00,00,0000,0000,00,00,0000,0000,00,00,0000,0000,00,00,0000,0000,00,00,0000,0000,00,00,0000,0000,00,00,0000,0000,00
149,00,0000,0000,00,00,0000,0000,00,00,0000,0000,00,00,0000,0000,00,00,0000,0000,00,00,0000,0000,00,00,0000,0000,00,00,0000,0000,00,00,0000,0000,00,00,0000,0000,00
150,00,0000,0000,00,00,0000,0000,00,00,0000,0000,00,00,0000,0000,00,00,0000,0000,00,00,0000,0000,00,00,0000,0000,00,00,0000,0000,00,00,0000,0000,00,00,0000,0000,00
151,00,0000,0000,00,00,0000,0000,00,00,0000,0000,00,00,0000,0000,00,00,0000,0000,00,00,0000,0000,00,00,0000,0000,00,00,0000,0000,00,00,0000,0000,00,00,0000,0000,00
152,00,0000,0000,00,00,0000,0000,00,00,0000,0000,00,00,0000,0000,00,00,0000,0000,00,00,0000,0000,00,00,0000,0000,00,00,0000,0000,00,00,0000,0000,00,00,0000,0000,00
153,00,0000,0000,00,00,0000,0000,00,00,0000,0000,00,00,0000,0000,00,00,0000,0000,00,00,0000,0000,00,00,0000,0000,00,00,0000,0000,00,00,0000,0000,00,00,0000,0000,00
154,00,0000,0000,00,00,0000,0000,00,00,0000,0000,00,00,0000,0000,00,00,0000,0000,00,00,0000,0000,00,00,0000,0000,00,00,0000,0000,00,00,0000,0000,00,00,0000,0000,00
155,00,0000,0000,00,00,0000,0000,00,00,0000,0000,00,00,0000,0000,00,00,0000,0000,00,00,0000,0000,00,00,0000,0000,00,00,0000,0000,00,00,0000,0000,00,00,0000,0000,00
156,00,0000,0000,00,00,0000,0000,00,00,0000,0000,00,00,0000,0000,00,00,0000,0000,00,00,0000,0000,00,00,0000,0000,00,00,0000,0000,00,00,0000,0000,00,00,0000,0000,00
157,00,0000,0000,00,00,0000,0000,00,00,0000,0000,00,00,0000,0000,00,00,0000,0000,00,00,0000,0000,00,00,0000,0000,00,00,0000,0000,00,00,0000,0000,00,00,0000,0000,00
158,00,0000,0000,00,00,0000,0000,00,00,0000,0000,00,00,0000,0000,00,00,0000,0000,00,00,0000,0000,00,00,0000,0000,00,00,0000,0000,00,00,0000,0000,00,00,0000,0000,00
159,00,0000,0000,00,00,0000,0000,00,00,0000,0000,00,00,0000,0000,00,00,0000,0000,00,00,0000,0000,00,00,0000,0000,00,00,0000,0000,00,00,0000,0000,00,00,0000,0000,00
160,00,0000,0000,00,00,0000,0000,00,00,0000,0000,00,00,0000,0000,00,00,0000,0000,00,00,0000,0000,00,00,0000,0000,00,00,0000,0000,00,00,0000,0000,00,00,0000,0000,00
161,00,0000,0000,00,00,0000,0000,00,00,0000,0000,00,00,0000,0000,00,00,0000,0000,00,00,0000,0000,00,00,0000,0000,00,00,0000,0000,00,00,0000,0000,00,00,0000,0000,00
162,00,0000,0000,00,00,0000,0000,00,00,0000,0000,00,00,0000,0000,00,00,0000,0000,00,00,0000,0000,00,00,0000,0000,00,00,0000,0000,00,00,0000,0000,00,00,0000,0000,00
163,00,0000,0000,00,00,0000,0000,00,00,0000,0000,00,00,0000,0000,00,00,0000,0000,00,00,0000,0000,00,00,0000,0000,00,00,0000,0000,00,00,0000,0000,00,00,0000,0000,00
164,00,0000,0000,00,00,0000,0000,00,00,0000,0000,00,00,0000,0000,00,00,0000,0000,00,00,0000,0000,00,00,0000,0000,00,00,0000,0000,00,00,0000,0000,00,00,0000,0000,00
165,00,0000,0000,00,00,0000,0000,00,00,0000,0000,00,00,0000,0000,00,00,0000,0000,00,00,0000,0000,00,00,0000,0000,00,00,0000,0000,00,00,0000,0000,00,00,0000,0000,00
166,00,0000,0000,00,00,0000,0000,00,00,0000,0000,00,00,0000,0000,00,00,0000,0000,00,00,0000,0000,00,00,0000,0000,00,00,0000,0000,00,00,0000,0000,00,00,0000,0000,00
167,00,0000,0000,00,00,0000,0000,00,00,0000,0000,00,00,0000,0000,00,00,0000,0000,00,00,0000,0000,00,00,0000,0000,00,00,0000,0000,00,00,0000,0000,00,00,0000,0000,00
168,00,0000,0000,00,00,0000,0000,00,00,0000,0000,00,00,0000,0000,00,00,0000,0000,00,00,0000,0000,00,00,0000,0000,00,00,0000,0000,00,00,0000,0000,00,00,0000,0000,00
169,00,0000,0000,00,00,0000,0000,00,00,0000,0000,00,00,0000,0000,00,00,0000,0000,00,00,0000,0000,00,00,0000,0000,00,00,0000,0000,00,00,0000,0000,00,00,0000,0000,00
170,00,0000,0000,00,00,0000,0000,00,00,0000,0000,00,00,0000,0000,00,00,0000,0000,00,00,0000,0000,00,00,0000,0000,00,00,0000,0000,00,00,0000,0000,00,00,0000,0000,00
171,00,0000,0000,00,00,0000,0000,00,00,0000,0000,00,00,0000,0000,00,00,0000,0000,00,00,0000,0000,00,00,0000,0000,00,00,0000,0000,00,00,0000,0000,00,00,0000,0000,00
172,00,0000,0000,00,00,0000,0000,00,00,0000,0000,00,00,0000,0000,00,00,0000,0000,00,00,0000,0000,00,00,0000,0000,00,00,0000,0000,00,00,0000,0000,00,00,0000,0000,00
173,00,0000,0000,00,00,0000,0000,00,00,0000,0000,00,00,0000,0000,00,00,0000,0000,00,00,0000,0000,00,00,0000,0000,00,00,0000,0000,00,00,0000,0000,00,00,0000,0000,00
174,00,0000,0000,00,00,0000,0000,00,00,0000,0000,00,00,0000,0000,00,00,0000,0000,00,00,0000,0000,00,00,0000,0000,00,00,0000,0000,00,00,0000,0000,00,00,0000,0000,00
175,00,0000,0000,00,00,0000,0000,00,00,0000,0000,00,00,0000,0000,00,00,0000,0000,00,00,0000,0000,00,00,0000,0000,00,00,0000,0000,00,00,0000,0000,00,00,0000,0000,00
176,00,0000,0000,00,00,0000,0000,00,00,0000,0000,00,00,0000,0000,00,00,0000,0000,00,00,0000,0000,00,00,0000,0000,00,00,0000,0000,00,00,0000,0000,00,00,0000,0000,00
177,00,0000,0000,00,00,0000,0000,00,00,0000,0000,00,00,0000,0000,00,00,0000,0000,00,00,0000,0000,00,00,0000,0000,00,00,0000,0000,00,00,0000,0000,00,00,0000,0000,00
178,00,0000,0000,00,00,0000,0000,00,00,0000,0000,00,00,0000,0000,00,00,0000,0000,00,00,0000,0000,00,00,0000,0000,00,00,0000,0000,00,00,0000,0000,00,00,0000,0000,00
179,00,0000,0000,00,00,0000,0000,00,00,0000,0000,00,00,0000,0000,00,00,0000,0000,00,00,0000,0000,00,00,0000,0000,00,00,0000,0000,00,00,0000,0000,00,00,0000,0000,00
180,00,0000,0000,00,00,0000,0000,00,00,0000,0000,00,00,0000,0000,00,00,0000,0000,00,00,0000,0000,00,00,0000,0000,00,00,0000,0000,00,00,0000,0000,00,00,0000,0000,00
181,00,0000,0000,00,00,0000,0000,00,00,0000,0000,00,00,0000,0000,00,00,0000,0000,00,00,0000,0000,00,00,0000,0000,00,00,0000,0000,00,00,0000,0000,00,00,0000,0000,00
182,00,0000,0000,00,00,0000,0000,00,00,0000,0000,00,00,0000,0000,00,00,0000,0000,00,00,0000,0000,00,00,0000,0000,00,00,0000,0000,00,00,0000,0000,00,00,0000,0000,00
183,00,0000,0000,00,00,0000,0000,00,00,0000,0000,00,00,0000,0000,00,00,0000,0000,00,00,0000,0000,00,00,0000,0000,00,00,0000,0000,00,00,0000,0000,00,00,0000,0000,00
184,00,0000,0000,00,00,0000,0000,00,00,0000,0000,00,00,0000,0000,00,00,0000,0000,00,00,0000,0000,00,00,0000,0000,00,00,0000,0000,00,00,0000,0000,00,00,0000,0000,00
185,00,0000,0000,00,00,0000,0000,00,00,0000,0000,00,00,0000,0000,00,00,0000,0000,00,00,0000,0000,00,00,0000,0000,00,00,0000,0000,00,00,0000,0000,00,00,0000,0000,00
186,00,0000,0000,00,00,0000,0000,00,00,0000,0000,00,00,0000,0000,00,00,0000,0000,00,00,0000,0000,00,00,0000,0000,00,00,0000,0000,00,00,0000,0000,00,00,0000,0000,00
187,00,0000,0000,00,00,0000,0000,00,00,0000,0000,00,00,0000,0000,00,00,0000,0000,00,00,0000,0000,00,00,0000,0000,00,00,0000,0000,00,00,0000,0000,00,00,0000,0000,00
188,00,0000,0000,00,00,0000,0000,00,00,0000,0000,00,00,0000,0000,00,00,0000,0000,00,00,0000,0000,00,00,0000,0000,00,00,0000,0000,00,00,0000,0000,00,00,0000,0000,00
189,00,0000,0000,00,00,0000,0000,00,00,0000,0000,00,00,0000,0000,00,00,0000,0000,00,00,0000,0000,00,00,0000,0000,00,00,0000,0000,00,00,0000,0000,00,00,0000,0000,00
190,00,0000,0000,00,00,0000,0000,00,00,0000,0000,00,00,0000,0000,00,00,0000,0000,00,00,0000,0000,00,00,0000,0000,00,00,0000,0000,00,00,0000,0000,00,00,0000,0000,00
191,00,0000,0000,00,00,0000,0000,00,00,0000,0000,00,00,0000,0000,00,00,0000,0000,00,00,0000,0000,00,00,0000,0000,00,00,0000,0000,00,00,0000,0000,00,00,0000,0000,00
192,00,0000,0000,00,00,0000,0000,00,00,0000,0000,00,00,0000,0000,00,00,0000,0000,00,00,0000,0000,00,00,0000,0000,00,00,0000,0000,00,00,0000,0000,00,00,0000,0000,00
193,00,0000,0000,00,00,0000,0000,00,00,0000,0000,00,00,0000,0000,00,00,0000,0000,00,00,0000,0000,00,00,0000,0000,00,00,0000,0000,00,00,0000,0000,00,00,0000,0000,00
194,00,0000,0000,00,00,0000,0000,00,00,0000,0000,00,00,0000,0000,00,00,0000,0000,00,00,0000,0000,00,00,0000,0000,00,00,0000,0000,00,00,0000,0000,00,00,0000,0000,00
195,00,0000,0000,00,00,0000,0000,00,00,0000,0000,00,00,0000,0000,00,00,0000,0000,00,00,0000,0000,00,00,0000,0000,00,00,0000,0000,00,00,0000,0000,00,00,0000,0000,00
196,00,0000,0000,00,00,0000,0000,00,00,0000,0000,00,00,0000,0000,00,00,0000,0000,00,00,0000,0000,00,00,0000,0000,00,00,0000,0000,00,00,0000,0000,00,00,0000,0000,00
197,00,0000,0000,00,00,0000,0000,00,00,0000,0000,00,00,0000,0000,00,00,0000,0000,00,00,0000,0000,00,00,0000,0000,00,00,0000,0000,00,00,0000,0000,00,00,0000,0000,00
198,00,0000,0000,00,00,0000,0000,00,00,0000,0000,00,00,0000,0000,00,00,0000,0000,00,00,0000,0000,00,00,0000,0000,00,00,0000,0000,00,00,0000,0000,00,00,0000,0000,00
199,00,0000,0000,00,00,0000,0000,00,00,0000,0000,00,00,0000,0000,00,00,0000,0000,00,00,0000,0000,00,00,0000,0000,00,00,0000,0000,00,00,0000,0000,00,00,0000,0000,00
200,00,0000,0000,00,00,0000,0000,00,00,0000,0000,00,00,0000,0000,00,00,0000,0000,00,00,0000,0000,00,00,0000,0000,00,00,0000,0000,00,00,0000,0000,00,00,0000,0000,00
201,00,0000,0000,00,00,0000,0000,00,00,0000,0000,00,00,0000,0000,00,00,0000,0000,00,00,0000,0000,00,00,0000,0000,00,00,0000,0000,00,00,0000,0000,00,00,0000,0000,00
202,00,0000,0000,00,00,0000,0000,00,00,0000,0000,00,00,0000,0000,00,00,0000,0000,00,00,0000,0000,00,00,0000,0000,00,00,0000,0000,00,00,0000,0000,00,00,0000,0000,00
203,00,0000,0000,00,00,0000,0000,00,00,0000,0000,00,00,0000,0000,00,00,0000,0000,00,00,0000,0000,00,00,0000,0000,00,00,0000,0000,00,00,0000,0000,00,00,0000,0000,00
204,00,0000,0000,00,00,0000,0000,00,00,0000,0000,00,00,0000,0000,00,00,0000,0000,00,00,0000,0000,00,00,0000,0000,00,00,0000,0000,00,00,0000,0000,00,00,0000,0000,00
205,00,0000,0000,00,00,0000,0000,00,00,0000,0000,00,00,0000,0000,00,00,0000,0000,00,00,0000,0000,00,00,0000,0000,00,00,0000,0000,00,00,0000,0000,00,00,0000,0000,00
206,00,0000,0000,00,00,0000,0000,00,00,0000,0000,00,00,0000,0000,00,00,0000,0000,00,00,0000,0000,00,00,0000,0000,00,00,0000,0000,00,00,0000,0000,00,00,0000,0000,00
207,00,0000,0000,00,00,0000,0000,00,00,0000,0000,00,00,0000,0000,00,00,0000,0000,00,00,0000,0000,00,00,0000,0000,00,00,0000,0000,00,00,0000,0000,00,00,0000,0000,00
208,00,0000,0000,00,00,0000,0000,00,00,0000,0000,00,00,0000,0000,00,00,0000,0000,00,00,0000,0000,00,00,0000,0000,00,00,0000,0000,00,00,0000,0000,00,00,0000,0000,00
209,00,0000,0000,00,00,0000,0000,00,00,0000,0000,00,00,0000,0000,00,00,0000,0000,00,00,0000,0000,00,00,0000,0000,00,00,0000,0000,00,00,0000,0000,00,00,0000,0000,00
210,00,0000,0000,00,00,0000,0000,00,00,0000,0000,00,00,0000,0000,00,00,0000,0000,00,00,0000,0000,00,00,0000,0000,00,00,0000,0000,00,00,0000,0000,00,00,0000,0000,00
211,00,0000,0000,00,00,0000,0000,00,00,0000,0000,00,00,0000,0000,00,00,0000,0000,00,00,0000,0000,00,00,0000,0000,00,00,0000,0000,00,00,0000,0000,00,00,0000,0000,00
212,00,0000,0000,00,00,0000,0000,00,00,0000,0000,00,00,0000,0000,00,00,0000,0000,00,00,0000,0000,00,00,0000,0000,00,00,0000,0000,00,00,0000,0000,00,00,0000,0000,00
213,00,0000,0000,00,00,0000,0000,00,00,0000,0000,00,00,0000,0000,00,00,0000,0000,00,00,0000,0000,00,00,0000,0000,00,00,0000,0000,00,00,0000,0000,00,00,0000,0000,00
214,00,0000,0000,00,00,0000,0000,00,00,0000,0000,00,00,0000,0000,00,00,0000,0000,00,00,0000,0000,00,00,0000,0000,00,00,0000,0000,00,00,0000,0000,00,00,0000,0000,00
215,00,0000,0000,00,00,0000,0000,00,00,0000,0000,00,00,0000,0000,00,00,0000,0000,00,00,0000,0000,00,00,0000,0000,00,00,0000,0000,00,00,0000,0000,00,00,0000,0000,00
216,00,0000,0000,00,00,0000,0000,00,00,0000,0000,00,00,0000,0000,00,00,0000,0000,00,00,0000,0000,00,00,0000,0000,00,00,0000,0000,00,00,0000,0000,00,00,0000,0000,00
217,00,0000,0000,00,00,0000,0000,00,00,0000,0000,00,00,0000,0000,00,00,0000,0000,00,00,0000,0000,00,00,0000,0000,00,00,0000,0000,00,00,0000,0000,00,00,0000,0000,00
218,00,0000,0000,00,00,0000,0000,00,00,0000,0000,00,00,0000,0000,00,00,0000,0000,00,00,0000,0000,00,00,0000,0000,00,00,0000,0000,00,00,0000,0000,00,00,0000,0000,00
219,00,0000,0000,00,00,0000,0000,00,00,0000,0000,00,00,0000,0000,00,00,0000,0000,00,00,0000,0000,00,00,0000,0000,00,00,0000,0000,00,00,0000,0000,00,00,0000,0000,00
220,00,0000,0000,00,00,0000,0000,00,00,0000,0000,00,00,0000,0000,00,00,0000,0000,00,00,0000,0000,00,00,0000,0000,00,00,0000,0000,00,00,0000,0000,00,00,0000,0000,00
221,00,0000,0000,00,00,0000,0000,00,00,0000,0000,00,00,0000,0000,00,00,0000,0000,00,00,0000,0000,00,00,0000,0000,00,00,0000,0000,00,00,0000,0000,00,00,0000,0000,00
222,00,0000,0000,00,00,0000,0000,00,00,0000,0000,00,00,0000,0000,00,00,0000,0000,00,00,0000,0000,00,00,0000,0000,00,00,0000,0000,00,00,0000,0000,00,00,0000,0000,00
223,00,0000,0000,00,00,0000,0000,00,00,0000,0000,00,00,0000,0000,00,00,0000,0000,00,00,0000,0000,00,00,0000,0000,00,00,0000,0000,00,00,0000,0000,00,00,0000,0000,00
224,00,0000,0000,00,00,0000,0000,00,00,0000,0000,00,00,0000,0000,00,00,0000,0000,00,00,0000,0000,00,00,0000,0000,00,00,0000,0000,00,00,0000,0000,00,00,0000,0000,00
225,00,0000,0000,00,00,0000,0000,00,00,0000,0000,00,00,0000,0000,00,00,0000,0000,00,00,0000,0000,00,00,0000,0000,00,00,0000,0000,00,00,0000,0000,00,00,0000,0000,00
226,00,0000,0000,00,00,0000,0000,00,00,0000,0000,00,00,0000,0000,00,00,0000,0000,00,00,0000,0000,00,00,0000,0000,00,00,0000,0000,00,00,0000,0000,00,00,0000,0000,00
227,00,0000,0000,00,00,0000,0000,00,00,0000,0000,00,00,0000,0000,00,00,0000,0000,00,00,0000,0000,00,00,0000,0000,00,00,0000,0000,00,00,0000,0000,00,00,0000,0000,00
228,00,0000,0000,00,00,0000,0000,00,00,0000,0000,00,00,0000,0000,00,00,0000,0000,00,00,0000,0000,00,00,0000,0000,00,00,0000,0000,00,00,0000,0000,00,00,0000,0000,00
229,00,0000,0000,00,00,0000,0000,00,00,0000,0000,00,00,0000,0000,00,00,0000,0000,00,00,0000,0000,00,00,0000,0000,00,00,0000,0000,00,00,0000,0000,00,00,0000,0000,00
230,00,0000,0000,00,00,0000,0000,00,00,0000,0000,00,00,0000,0000,00,00,0000,0000,00,00,0000,0000,00,00,0000,0000,00,00,0000,0000,00,00,0000,0000,00,00,0000,0000,00
231,00,0000,0000,00,00,0000,0000,00,00,0000,0000,00,00,0000,0000,00,00,0000,0000,00,00,0000,0000,00,00,0000,0000,00,00,0000,0000,00,00,0000,0000,00,00,0000,0000,00
232,00,0000,0000,00,00,0000,0000,00,00,0000,0000,00,00,0000,0000,00,00,0000,0000,00,00,0000,0000,00,00,0000,0000,00,00,0000,0000,00,00,0000,0000,00,00,0000,0000,00
233,00,0000,0000,00,00,0000,0000,00,00,0000,0000,00,00,0000,0000,00,00,0000,0000,00,00,0000,0000,00,00,0000,0000,00,00,0000,0000,00,00,0000,0000,00,00,0000,0000,00
234,00,0000,0000,00,00,0000,0000,00,00,0000,0000,00,00,0000,0000,00,00,0000,0000,00,00,0000,0000,00,00,0000,0000,00,00,0000,0000,00,00,0000,0000,00,00,0000,0000,00
235,00,0000,0000,00,00,0000,0000,00,00,0000,0000,00,00,0000,0000,00,00,0000,0000,00,00,0000,0000,00,00,0000,0000,00,00,0000,0000,00,00,0000,0000,00,00,0000,0000,00
236,00,0000,0000,00,00,0000,0000,00,00,0000,0000,00,00,0000,0000,00,00,0000,0000,00,00,0000,0000,00,00,0000,0000,00,00,0000,0000,00,00,0000,0000,00,00,0000,0000,00
237,00,0000,0000,00,00,0000,0000,00,00,0000,0000,00,00,0000,0000,00,00,0000,0000,00,00,0000,0000,00,00,0000,0000,00,00,0000,0000,00,00,0000,0000,00,00,0000,0000,00
238,00,0000,0000,00,00,0000,0000,00,00,0000,0000,00,00,0000,0000,00,00,0000,0000,00,00,0000,0000,00,00,0000,0000,00,00,0000,0000,00,00,0000,0000,00,00,0000,0000,00
239,00,0000,0000,00,00,0000,0000,00,00,0000,0000,00,00,0000,0000,00,00,0000,0000,00,00,0000,0000,00,00,0000,0000,00,00,0000,0000,00,00,0000,0000,00,00,0000,0000,00
240,00,0000,0000,00,00,0000,0000,00,00,0000,0000,00,00,0000,0000,00,00,0000,0000,00,00,0000,0000,00,00,0000,0000,00,00,0000,0000,00,00,0000,0000,00,00,0000,0000,00
241,00,0000,0000,00,00,0000,0000,00,00,0000,0000,00,00,0000,0000,00,00,0000,0000,00,00,0000,0000,00,00,0000,0000,00,00,0000,0000,00,00,0000,0000,00,00,0000,0000,00
242,00,0000,0000,00,00,0000,0000,00,00,0000,0000,00,00,0000,0000,00,00,0000,0000,00,00,0000,0000,00,00,0000,0000,00,00,0000,0000,00,00,0000,0000,00,00,0000,0000,00
243,00,0000,0000,00,00,0000,0000,00,00,0000,0000,00,00,0000,0000,00,00,0000,0000,00,00,0000,0000,00,00,0000,0000,00,00,0000,0000,00,00,0000,0000,00,00,0000,0000,00
244,00,0000,0000,00,00,0000,0000,00,00,0000,0000,00,00,0000,0000,00,00,0000,0000,00,00,0000,0000,00,00,0000,0000,00,00,0000,0000,00,00,0000,0000,00,00,0000,0000,00
245,00,0000,0000,00,00,0000,0000,00,00,0000,0000,00,00,0000,0000,00,00,0000,0000,00,00,0000,0000,00,00,0000,0000,00,00,0000,0000,00,00,0000,0000,00,00,0000,0000,00
246,00,0000,0000,00,00,0000,0000,00,00,0000,0000,00,00,0000,0000,00,00,0000,0000,00,00,0000,0000,00,00,0000,0000,00,00,0000,0000,00,00,0000,0000,00,00,0000,0000,00
247,00,0000,0000,00,00,0000,0000,00,00,0000,0000,00,00,0000,0000,00,00,0000,0000,00,00,0000,0000,00,00,0000,0000,00,00,0000,0000,00,00,0000,0000,00,00,0000,0000,00
248,00,0000,0000,00,00,0000,0000,00,00,0000,0000,00,00,0000,0000,00,00,0000,0000,00,00,0000,0000,00,00,0000,0000,00,00,0000,0000,00,00,0000,0000,00,00,0000,0000,00
249,00,0000,0000,00,00,0000,0000,00,00,0000,0000,00,00,0000,0000,00,00,0000,0000,00,00,0000,0000,00,00,0000,0000,00,00,0000,0000,00,00,0000,0000,00,00,0000,0000,00
250,00,0000,0000,00,00,0000,0000,00,00,0000,0000,00,00,0000,0000,00,00,0000,0000,00,00,0000,0000,00,00,0000,0000,00,00,0000,0000,00,00,0000,0000,00,00,0000,0000,00
251,00,0000,0000,00,00,0000,0000,00,00,0000,0000,00,00,0000,0000,00,00,0000,0000,00,00,0000,0000,00,00,0000,0000,00,00,0000,0000,00,00,0000,0000,00,00,0000,0000,00
252,00,0000,0000,00,00,0000,0000,00,00,0000,0000,00,00,0000,0000,00,00,0000,0000,00,00,0000,0000,00,00,0000,0000,00,00,0000,0000,00,00,0000,0000,00,00,0000,0000,00
253,00,0000,0000,00,00,0000,0000,00,00,0000,0000,00,00,0000,0000,00,00,0000,0000,00,00,0000,0000,00,00,0000,0000,00,00,0000,0000,00,00,0000,0000,00,00,0000,0000,00
254,00,0000,0000,00,00,0000,0000,00,00,0000,0000,00,00,0000,0000,00,00,0000,0000,00,00,0000,0000,00,00,0000,0000,00,00,0000,0000,00,00,0000,0000,00,00,0000,0000,00
255,00,0000,0000,00,00,0000,0000,00,00,0000,0000,00,00,0000,0000,00,00,0000,0000,00,00,0000,0000,00,00,0000,0000,00,00,0000,0000,00,00,0000,0000,00,00,0000,0000,00
256,00,0000,0000,00,00,0000,0000,00,00,0000,0000,00,00,0000,0000,00,00,0000,0000,00,00,0000,0000,00,00,0000,0000,00,00,0000,0000,00,00,0000,0000,00,00,0000,0000,00
257,00,0000,0000,00,00,0000,0000,00,00,0000,0000,00,00,0000,0000,00,00,0000,0000,00,00,0000,0000,00,00,0000,0000,00,00,0000,0000,00,00,0000,0000,00,00,0000,0000,00
258,00,0000,0000,00,00,0000,0000,00,00,0000,0000,00,00,0000,0000,00,00,0000,0000,00,00,0000,0000,00,00,0000,0000,00,00,0000,0000,00,00,0000,0000,00,00,0000,0000,00
259,00,0000,0000,00,00,0000,0000,00,00,0000,0000,00,00,0000,0000,00,00,0000,0000,00,00,0000,0000,00,00,0000,0000,00,00,0000,0000,00,00,0000,0000,00,00,0000,0000,00
260,ff,7800,f3ff,00,ff,7800,7100,00,00,7800,7000,00,00,7800,feff,00,fe,7800,3800,00,01,7800,5cfc,00,00,7800,6902,00,fe,7800,2e00,00,ff,7800,42ff,00,fc,7800,54fe,00
261,ff,7701,f3ff,00,ff,78d4,7100,00,00,78e5,7000,00,00,77e6,feff,00,fe,78e8,3800,00,01,7440,5cfc,00,00,7af7,6902,00,fe,78d0,2e00,00,ff,7755,42ff,00,fc,7670,54fe,00
262,ff,7602,f3ff,00,ff,79a8,7100,00,00,79ca,7000,00,00,77cc,feff,00,fe,79d0,3800,00,01,7080,5cfc,00,00,7dee,6902,00,fe,79a0,2e00,00,ff,76aa,42ff,00,fc,74e0,54fe,00
263,ff,7503,f3ff,00,ff,7a7c,7100,00,00,7aaf,7000,00,00,77b2,feff,00,fe,7ab8,3800,00,01,6cc0,5cfc,00,00,80e5,6902,00,fe,7a70,2e00,00,ff,75ff,42ff,00,fc,7350,54fe,00
264,ff,7404,f3ff,00,ff,7b50,7100,00,00,7b94,7000,00,00,7798,feff,00,fe,7ba0,3800,00,01,6900,5cfc,00,00,83dc,6902,00,fe,7b40,2e00,00,ff,7554,42ff,00,fc,71c0,54fe,00
265,ff,7305,f3ff,00,ff,7c24,7100,00,00,7c79,7000,00,00,777e,feff,00,fe,7c88,3800,00,01,6540,5cfc,00,00,86d3,6902,00,fe,7c10,2e00,00,ff,74a9,42ff,00,fc,7030,54fe,00
266,ff,7206,f3ff,00,ff,7cf8,7100,00,00,7d5e,7000,00,00,7764,feff,00,fe,7d70,3800,00,01,6180,5cfc,00,00,89ca,6902,00,fe,7ce0,2e00,00,ff,73fe,42ff,00,fc,6ea0,54fe,00
267,ff,7107,f3ff,00,ff,7dcc,7100,00,00,7e43,7000,00,00,774a,feff,00,fe,7e58,3800,00,01,5dc0,5cfc,00,00,8cc1,6902,00,fe,7db0,2e00,00,ff,7353,42ff,00,fc,6d10,54fe,00
268,ff,7008,f3ff,00,ff,7ea0,7100,00,00,7f28,7000,00,00,7730,feff,00,fe,7f40,3800,00,01,5a00,5cfc,00,00,8fb8,6902,00,fe,7e80,2e00,00,ff,72a8,42ff,00,fc,6b80,54fe,00
269,ff,6f09,f3ff,00,ff,7f74,7100,00,00,800d,7000,00,00,7716,feff,00,fe,8028,3800,00,01,5640,5cfc,00,00,92af,6902,00,fe,7f50,2e00,00,ff,71fd,42ff,00,fc,69f0,54fe,00
270,ff,6e0a,f3ff,00,ff,8048,7100,00,00,80f2,7000,00,00,76fc,feff,00,fe,8110,3800,00,01,5280,5cfc,00,00,95a6,6902,00,fe,8020,2e00,00,ff,7152,42ff,00,fc,6860,54fe,00
271,ff,6d0b,f3ff,00,ff,811c,7100,00,00,81d7,7000,00,00,76e2,feff,00,fe,81f8,3800,00,01,4ec0,5cfc,00,00,989d,6902,00,fe,80f0,2e00,00,ff,70a7,42ff,00,fc,66d0,54fe,00
272,ff,6c0c,f3ff,00,ff,81f0,7100,00,00,82bc,7000,00,00,76c8,feff,00,fe,82e0,3800,00,01,4b00,5cfc,00,00,9b94,6902,00,fe,81c0,2e00,00,ff,6ffc,42ff,00,fc,6540,54fe,00
273,ff,6b0d,f3ff,00,ff,82c4,7100,00,00,83a1,7000,00,00,76ae,feff,00,fe,83c8,3800,00,01,4740,5cfc,00,00,9e8b,6902,00,fe,8290,2e00,00,ff,6f51,42ff,00,fc,63b0,54fe,00
274,ff,6a0e,f3ff,00,ff,8398,7100,00,00,8486,7000,00,00,7694,feff,00,fe,84b0,3800,00,01,4380,5cfc,00,00,a182,6902,00,fe,8360,2e00,00,ff,6ea6,42ff,00,fc,6220,54fe,00
275,ff,690f,f3ff,00,ff,846c,7100,00,00,856b,7000,00,00,767a,feff,00,fe,8598,3800,00,01,3fc0,5cfc,00,00,a479,6902,00,fe,8430,2e00,00,ff,6dfb,42ff,00,fc,6090,54fe,00
276,ff,6810,f3ff,00,ff,8540,7100,00,00,8650,7000,00,00,7660,feff,00,fe,8680,3800,00,01,3c00,5cfc,00,00,a770,6902,00,fe,8500,2e00,00,ff,6d50,42ff,00,fc,5f00,54fe,00
277,ff,6711,f3ff,00,ff,8614,7100,00,00,8735,7000,00,00,7646,feff,00,fe,8768,3800,00,01,3840,5cfc,00,00,aa67,6902,00,fe,85d0,2e00,00,ff,6ca5,42ff,00,fc,5d70,54fe,00
278,ff,6612,f3ff,00,ff,86e8,7100,00,00,881a,7000,00,00,762c,feff,00,fe,8850,3800,00,01,3480,5cfc,00,00,ad5e,6902,00,fe,86a0,2e00,00,ff,6bfa,42ff,00,fc,5be0,54fe,00
279,ff,6513,f3ff,00,ff,87bc,7100,00,00,88ff,7000,00,00,7612,feff,00,fe,8938,3800,00,01,30c0,5cfc,00,00,b055,6902,00,fe,8770,2e00,00,ff,6b4f,42ff,00,fc,5a50,54fe,00
280,ff,6414,f3ff,00,ff,8890,7100,00,00,89e4,7000,00,00,75f8,feff,00,fe,8a20,3800,00,01,2d00,5cfc,00,00,b34c,6902,00,fe,8840,2e00,00,ff,6aa4,42ff,00,fc,58c0,54fe,00
281,ff,6315,f3ff,00,ff,8964,7100,00,00,8ac9,7000,00,00,75de,feff,00,fe,8b08,3800,00,01,2940,5cfc,00,00,b643,6902,00,fe,8910,2e00,00,ff,69f9,42ff,00,fc,5730,54fe,00
282,ff,6216,f3ff,00,ff,8a38,7100,00,00,8bae,7000,00,00,75c4,feff,00,fe,8bf0,3800,00,01,2580,5cfc,00,00,b93a,6902,00,fe,89e0,2e00,00,ff,694e,42ff,00,fc,55a0,54fe,00
283,ff,6117,f3ff,00,ff,8b0c,7100,00,00,8c93,7000,00,00,75aa,feff,00,fe,8cd8,3800,00,01,21c0,5cfc,00,00,bc31,6902,00,fe,8ab0,2e00,00,ff,68a3,42ff,00,fc,78a0,54fe,00
284,ff,6018,f3ff,00,ff,8be0,7100,00,00,8d78,7000,00,00,7590,feff,00,fe,8dc0,3800,00,01,1e00,5cfc,00,00,bf28,6902,00,fe,8b80,2e00,00,ff,67f8,42ff,00,fc,7710,54fe,00
285,ff,5f19,f3ff,00,ff,8cb4,7100,00,00,8e5d,7000,00,00,7576,feff,00,fe,8ea8,3800,00,01,1a40,5cfc,00,00,c21f,6902,00,fe,8c50,2e00,00,ff,674d,42ff,00,fc,7580,54fe,00
286,ff,5e1a,f3ff,00,ff,8d88,7100,00,00,8f42,7000,00,00,755c,feff,00,fe,8f90,3800,00,01,1680,5cfc,00,00,c516,6902,00,fe,8d20,2e00,00,ff,66a2,42ff,00,fc,73f0,54fe,00
287,ff,5d1b,f3ff,00,ff,8e5c,7100,00,00,9027,7000,00,00,7542,feff,00,fe,9078,3800,00,01,12c0,5cfc,00,00,c80d,6902,00,fe,8df0,2e00,00,ff,65f7,42ff,00,fc,7260,54fe,00
288,ff,5c1c,f3ff,00,ff,8f30,7100,00,00,910c,7000,00,00,7528,feff,00,fe,9160,3800,00,01,0f00,5cfc,00,00,cb04,6902,00,fe,8ec0,2e00,00,ff,654c,42ff,00,fc,70d0,54fe,00
289,ff,5b1d,f3ff,00,ff,9004,7100,00,00,91f1,7000,00,00,750e,feff,00,fe,9248,3800,00,01,0b40,5cfc,00,00,cdfb,6902,00,fe,8f90,2e00,00,ff,64a1,42ff,00,fc,6f40,54fe,00
290,ff,5a1e,f3ff,00,ff,90d8,7100,00,00,92d6,7000,00,00,74f4,feff,00,fe,9330,3800,00,01,0780,5cfc,00,00,d0f2,6902,00,fe,9060,2e00,00,ff,63f6,42ff,00,fc,6db0,54fe,00
291,ff,591f,f3ff,00,ff,91ac,7100,00,00,93bb,7000,00,00,74da,feff,00,fe,9418,3800,00,01,03c0,5cfc,00,00,d3e9,6902,00,fe,9130,2e00,00,ff,634b,42ff,00,fc,6c20,54fe,00
292,ff,5820,f3ff,00,ff,9280,7100,00,00,94a0,7000,00,00,74c0,feff,00,fe,9500,3800,00,01,0000,5cfc,00,00,d6e0,6902,00,fe,9200,2e00,00,ff,62a0,42ff,00,fc,6a90,54fe,00
293,ff,5721,f3ff,00,ff,9354,7100,00,00,9585,7000,00,00,74a6,feff,00,fe,95e8,3800,00,01,7840,5cfc,00,00,d9d7,6902,00,fe,92d0,2e00,00,ff,61f5,42ff,00,fc,6900,54fe,00
294,ff,5622,f3ff,00,ff,9428,7100,00,00,966a,7000,00,00,748c,feff,00,fe,96d0,3800,00,01,7480,5cfc,00,00,dcce,6902,00,fe,93a0,2e00,00,ff,614a,42ff,00,fc,6770,54fe,00
295,ff,5523,f3ff,00,ff,94fc,7100,00,00,974f,7000,00,00,7472,feff,00,fe,97b8,3800,00,01,70c0,5cfc,00,00,dfc5,6902,00,fe,9470,2e00,00,ff,609f,42ff,00,fc,65e0,54fe,00
296,ff,5424,f3ff,00,ff,95d0,7100,00,00,9834,7000,00,00,7458,feff,00,fe,98a0,3800,00,01,6d00,5cfc,00,00,e2bc,6902,00,fe,9540,2e00,00,ff,5ff4,42ff,00,fc,6450,54fe,00
297,ff,5325,f3ff,00,ff,96a4,7100,00,00,9919,7000,00,00,743e,feff,00,fe,9988,3800,00,01,6940,5cfc,00,00,e5b3,6902,00,fe,9610,2e00,00,ff,5f49,42ff,00,fc,62c0,54fe,00
298,ff,5226,f3ff,00,ff,9778,7100,00,00,99fe,7000,00,00,7424,feff,00,fe,9a70,3800,00,01,6580,5cfc,00,00,e8aa,6902,00,fe,96e0,2e00,00,ff,5e9e,42ff,00,fc,6130,54fe,00
299,ff,5127,f3ff,00,ff,984c,7100,00,00,9ae3,7000,00,00,740a,feff,00,fe,9b58,3800,00,01,61c0,5cfc,00,00,eba1,6902,00,fe,97b0,2e00,00,ff,5df3,42ff,00,fc,5fa0,54fe,00
300,ff,5028,f3ff,00,ff,9920,7100,00,00,9bc8,7000,00,00,73f0,feff,00,fe,9c40,3800,00,01,5e00,5cfc,00,00,ee98,6902,00,fe,9880,2e00,00,ff,5d48,42ff,00,fc,5e10,54fe,00
301,ff,4f29,f3ff,00,ff,99f4,7100,00,00,9cad,7000,00,00,73d6,feff,00,fe,9d28,3800,00,01,5a40,5cfc,00,00,788f,6902,00,fe,9950,2e00,00,ff,5c9d,42ff,00,fc,5c80,54fe,00
302,ff,4e2a,f3ff,00,ff,9ac8,7100,00,00,9d92,7000,00,00,73bc,feff,00,fe,9e10,3800,00,01,5680,5cfc,00,00,7b86,6902,00,fe,9a20,2e00,00,ff,5bf2,42ff,00,fc,5af0,54fe,00
303,ff,4d2b,f3ff,00,ff,9b9c,7100,00,00,9e77,7000,00,00,73a2,feff,00,fe,9ef8,3800,00,01,52c0,5cfc,00,00,7e7d,6902,00,fe,9af0,2e00,00,ff,5b47,42ff,00,fc,5960,54fe,00
304,ff,4c2c,f3ff,00,ff,9c70,7100,00,00,9f5c,7000,00,00,7388,feff,00,fe,9fe0,3800,00,01,4f00,5cfc,00,00,8174,6902,00,fe,9bc0,2e00,00,ff,5a9c,42ff,00,fc,57d0,54fe,00
305,ff,4b2d,f3ff,00,ff,9d44,7100,00,00,a041,7000,00,00,736e,feff,00,fe,a0c8,3800,00,01,4b40,5cfc,00,00,846b,6902,00,fe,9c90,2e00,00,ff,59f1,42ff,00,fc,5640,54fe,00
306,ff,4a2e,f3ff,00,ff,9e18,7100,00,00,a126,7000,00,00,7354,feff,00,fe,a1b0,3800,00,01,4780,5cfc,00,00,8762,6902,00,fe,9d60,2e00,00,ff,5946,42ff,00,fc,54b0,54fe,00
307,ff,492f,f3ff,00,ff,9eec,7100,00,00,a20b,7000,00,00,733a,feff,00,fe,a298,3800,00,01,43c0,5cfc,00,00,8a59,6902,00,fe,7860,2e00,00,ff,589b,42ff,00,fc,78b0,54fe,00
308,ff,002f,f3ff,00,ff,00ec,7100,00,00,000b,7000,00,00,003a,feff,00,fe,0098,3800,00,01,00c0,5cfc,00,00,0059,6902,00,fe,0060,2e00,00,ff,009b,42ff,00,fc,00b0,54fe,00
309,00,0000,0000,00,00,0000,0000,00,00,0000,0000,00,00,0000,0000,00,00,0000,0000,00,00,0000,0000,00,00,0000,0000,00,00,0000,0000,00,00,0000,0000,00,00,0000,0000,00
310,00,0000,0000,00,00,0000,0000,00,00,0000,0000,00,00,0000,0000,00,00,0000,0000,00,00,0000,0000,00,00,0000,0000,00,00,0000,0000,00,00,0000,0000,00,00,0000,0000,00
311,00,0000,0000,00,00,0000,0000,00,00,0000,0000,00,00,0000,0000,00,00,0000,0000,00,00,0000,0000,00,00,0000,0000,00,00,0000,0000,00,00,0000,0000,00,00,0000,0000,00
312,00,0000,0000,00,00,0000,0000,00,00,0000,0000,00,00,0000,0000,00,00,0000,0000,00,00,0000,0000,00,00,0000,0000,00,00,0000,0000,00,00,0000,0000,00,00,0000,0000,00
313,00,0000,0000,00,00,0000,0000,00,00,0000,0000,00,00,0000,0000,00,00,0000,0000,00,00,0000,0000,00,00,0000,0000,00,00,0000,0000,00,00,0000,0000,00,00,0000,0000,00
314,00,0000,0000,00,00,0000,0000,00,00,0000,0000,00,00,0000,0000,00,00,0000,0000,00,00,0000,0000,00,00,0000,0000,00,00,0000,0000,00,00,0000,0000,00,00,0000,0000,00
315,00,0000,0000,00,00,0000,0000,00,00,0000,0000,00,00,0000,0000,00,00,0000,0000,00,00,0000,0000,00,00,0000,0000,00,00,0000,0000,00,00,0000,0000,00,00,0000,0000,00
316,00,0000,0000,00,00,0000,0000,00,00,0000,0000,00,00,0000,0000,00,00,0000,0000,00,00,0000,0000,00,00,0000,0000,00,00,0000,0000,00,00,0000,0000,00,00,0000,0000,00
317,00,0000,0000,00,00,0000,0000,00,00,0000,0000,00,00,0000,0000,00,00,0000,0000,00,00,0000,0000,00,00,0000,0000,00,00,0000,0000,00,00,0000,0000,00,00,0000,0000,00
318,00,0000,0000,00,00,0000,0000,00,00,0000,0000,00,00,0000,0000,00,00,0000,0000,00,00,0000,0000,00,00,0000,0000,00,00,0000,0000,00,00,0000,0000,00,00,0000,0000,00
319,00,0000,0000,00,00,0000,0000,00,00,0000,0000,00,00,0000,0000,00,00,0000,0000,00,00,0000,0000,00,00,0000,0000,00,00,0000,0000,00,00,0000,0000,00,00,0000,0000,00
320,00,0000,0000,00,00,0000,0000,00,00,0000,0000,00,00,0000,0000,00,00,0000,0000,00,00,0000,0000,00,00,0000,0000,00,00,0000,0000,00,00,0000,0000,00,00,0000,0000,00
321,00,0000,0000,00,00,0000,0000,00,00,0000,0000,00,00,0000,0000,00,00,0000,0000,00,00,0000,0000,00,00,0000,0000,00,00,0000,0000,00,00,0000,0000,00,00,0000,0000,00
322,00,0000,0000,00,00,0000,0000,00,00,0000,0000,00,00,0000,0000,00,00,0000,0000,00,00,0000,0000,00,00,0000,0000,00,00,0000,0000,00,00,0000,0000,00,00,0000,0000,00
323,00,0000,0000,00,00,0000,0000,00,00,0000,0000,00,00,0000,0000,00,00,0000,0000,00,00,0000,0000,00,00,0000,0000,00,00,0000,0000,00,00,0000,0000,00,00,0000,0000,00
324,00,0000,0000,00,00,0000,0000,00,00,0000,0000,00,00,0000,0000,00,00,0000,0000,00,00,0000,0000,00,00,0000,0000,00,00,0000,0000,00,00,0000,0000,00,00,0000,0000,00
325,00,0000,0000,00,00,0000,0000,00,00,0000,0000,00,00,0000,0000,00,00,0000,0000,00,00,0000,0000,00,00,0000,0000,00,00,0000,0000,00,00,0000,0000,00,00,0000,0000,00
326,00,0000,0000,00,00,0000,0000,00,00,0000,0000,00,00,0000,0000,00,00,0000,0000,00,00,0000,0000,00,00,0000,0000,00,00,0000,0000,00,00,0000,0000,00,00,0000,0000,00
327,00,0000,0000,00,00,0000,0000,00,00,0000,0000,00,00,0000,0000,00,00,0000,0000,00,00,0000,0000,00,00,0000,0000,00,00,0000,0000,00,00,0000,0000,00,00,0000,0000,00
328,00,0000,0000,00,00,0000,0000,00,00,0000,0000,00,00,0000,0000,00,00,0000,0000,00,00,0000,0000,00,00,0000,0000,00,00,0000,0000,00,00,0000,0000,00,00,0000,0000,00
329,00,0000,0000,00,00,0000,0000,00,00,0000,0000,00,00,0000,0000,00,00,0000,0000,00,00,0000,0000,00,00,0000,0000,00,00,0000,0000,00,00,0000,0000,00,00,0000,0000,00
330,00,0000,0000,00,00,0000,0000,00,00,0000,0000,00,00,0000,0000,00,00,0000,0000,00,00,0000,0000,00,00,0000,0000,00,00,0000,0000,00,00,0000,0000,00,00,0000,0000,00
331,00,0000,0000,00,00,0000,0000,00,00,0000,0000,00,00,0000,0000,00,00,0000,0000,00,00,0000,0000,00,00,0000,0000,00,00,0000,0000,00,00,0000,0000,00,00,0000,0000,00
332,00,0000,0000,00,00,0000,0000,00,00,0000,0000,00,00,0000,0000,00,00,0000,0000,00,00,0000,0000,00,00,0000,0000,00,00,0000,0000,00,00,0000,0000,00,00,0000,0000,00
333,00,0000,0000,00,00,0000,0000,00,00,0000,0000,00,00,0000,0000,00,00,0000,0000,00,00,0000,0000,00,00,0000,0000,00,00,0000,0000,00,00,0000,0000,00,00,0000,0000,00
334,00,0000,0000,00,00,0000,0000,00,00,0000,0000,00,00,0000,0000,00,00,0000,0000,00,00,0000,0000,00,00,0000,0000,00,00,0000,0000,00,00,0000,0000,00,00,0000,0000,00
335,00,0000,0000,00,00,0000,0000,00,00,0000,0000,00,00,0000,0000,00,00,0000,0000,00,00,0000,0000,00,00,0000,0000,00,00,0000,0000,00,00,0000,0000,00,00,0000,0000,00
336,00,0000,0000,00,00,0000,0000,00,00,0000,0000,00,00,0000,0000,00,00,0000,0000,00,00,0000,0000,00,00,0000,0000,00,00,0000,0000,00,00,0000,0000,00,00,0000,0000,00
337,00,0000,0000,00,00,0000,0000,00,00,0000,0000,00,00,0000,0000,00,00,0000,0000,00,00,0000,0000,00,00,0000,0000,00,00,0000,0000,00,00,0000,0000,00,00,0000,0000,00
338,00,0000,0000,00,00,0000,0000,00,00,0000,0000,00,00,0000,0000,00,00,0000,0000,00,00,0000,0000,00,00,0000,0000,00,00,0000,0000,00,00,0000,0000,00,00,0000,0000,00
339,00,0000,0000,00,00,0000,0000,00,00,0000,0000,00,00,0000,0000,00,00,0000,0000,00,00,0000,0000,00,00,0000,0000,00,00,0000,0000,00,00,0000,0000,00,00,0000,0000,00
340,00,0000,0000,00,00,0000,0000,00,00,0000,0000,00,00,0000,0000,00,00,0000,0000,00,00,0000,0000,00,00,0000,0000,00,00,0000,0000,00,00,0000,0000,00,00,0000,0000,00
341,00,0000,0000,00,00,0000,0000,00,00,0000,0000,00,00,0000,0000,00,00,0000,0000,00,00,0000,0000,00,00,0000,0000,00,00,0000,0000,00,00,0000,0000,00,00,0000,0000,00
342,00,0000,0000,00,00,0000,0000,00,00,0000,0000,00,00,0000,0000,00,00,0000,0000,00,00,0000,0000,00,00,0000,0000,00,00,0000,0000,00,00,0000,0000,00,00,0000,0000,00
343,00,0000,0000,00,00,0000,0000,00,00,0000,0000,00,00,0000,0000,00,00,0000,0000,00,00,0000,0000,00,00,0000,0000,00,00,0000,0000,00,00,0000,0000,00,00,0000,0000,00
344,00,0000,0000,00,00,0000,0000,00,00,0000,0000,00,00,0000,0000,00,00,0000,0000,00,00,0000,0000,00,00,0000,0000,00,00,0000,0000,00,00,0000,0000,00,00,0000,0000,00
345,00,0000,0000,00,00,0000,0000,00,00,0000,0000,00,00,0000,0000,00,00,0000,0000,00,00,0000,0000,00,00,0000,0000,00,00,0000,0000,00,00,0000,0000,00,00,0000,0000,00
346,00,0000,0000,00,00,0000,0000,00,00,0000,0000,00,00,0000,0000,00,00,0000,0000,00,00,0000,0000,00,00,0000,0000,00,00,0000,0000,00,00,0000,0000,00,00,0000,0000,00
347,00,0000,0000,00,00,0000,0000,00,00,0000,0000,00,00,0000,0000,00,00,0000,0000,00,00,0000,0000,00,00,0000,0000,00,00,0000,0000,00,00,0000,0000,00,00,0000,0000,00
348,00,0000,0000,00,00,0000,0000,00,00,0000,0000,00,00,0000,0000,00,00,0000,0000,00,00,0000,0000,00,00,0000,0000,00,00,0000,0000,00,00,0000,0000,00,00,0000,0000,00
349,00,0000,0000,00,00,0000,0000,00,00,0000,0000,00,00,0000,0000,00,00,0000,0000,00,00,0000,0000,00,00,0000,0000,00,00,0000,0000,00,00,0000,0000,00,00,0000,0000,00
350,00,0000,0000,00,00,0000,0000,00,00,0000,0000,00,00,0000,0000,00,00,0000,0000,00,00,0000,0000,00,00,0000,0000,00,00,0000,0000,00,00,0000,0000,00,00,0000,0000,00
351,00,0000,0000,00,00,0000,0000,00,00,0000,0000,00,00,0000,0000,00,00,0000,0000,00,00,0000,0000,00,00,0000,0000,00,00,0000,0000,00,00,0000,0000,00,00,0000,0000,00
352,00,0000,0000,00,00,0000,0000,00,00,0000,0000,00,00,0000,0000,00,00,0000,0000,00,00,0000,0000,00,00,0000,0000,00,00,0000,0000,00,00,0000,0000,00,00,0000,0000,00
353,00,0000,0000,00,00,0000,0000,00,00,0000,0000,00,00,0000,0000,00,00,0000,0000,00,00,0000,0000,00,00,0000,0000,00,00,0000,0000,00,00,0000,0000,00,00,0000,0000,00
354,00,0000,0000,00,00,0000,0000,00,00,0000,0000,00,00,0000,0000,00,00,0000,0000,00,00,0000,0000,00,00,0000,0000,00,00,0000,0000,00,00,0000,0000,00,00,0000,0000,00
355,00,0000,0000,00,00,0000,0000,00,00,0000,0000,00,00,0000,0000,00,00,0000,0000,00,00,0000,0000,00,00,0000,0000,00,00,0000,0000,00,00,0000,0000,00,00,0000,0000,00
356,00,0000,0000,00,00,0000,0000,00,00,0000,0000,00,00,0000,0000,00,00,0000,0000,00,00,0000,0000,00,00,0000,0000,00,00,0000,0000,00,00,0000,0000,00,00,0000,0000,00
357,00,0000,0000,00,00,0000,0000,00,00,0000,0000,00,00,0000,0000,00,00,0000,0000,00,00,0000,0000,00,00,0000,0000,00,00,0000,0000,00,00,0000,0000,00,00,0000,0000,00
358,00,0000,0000,00,00,0000,0000,00,00,0000,0000,00,00,0000,0000,00,00,0000,0000,00,00,0000,0000,00,00,0000,0000,00,00,0000,0000,00,00,0000,0000,00,00,0000,0000,00
359,00,0000,0000,00,00,0000,0000,00,00,0000,0000,00,00,0000,0000,00,00,0000,0000,00,00,0000,0000,00,00,0000,0000,00,00,0000,0000,00,00,0000,0000,00,00,0000,0000,00
360,00,0000,0000,00,00,0000,0000,00,00,0000,0000,00,00,0000,0000,00,00,0000,0000,00,00,0000,0000,00,00,0000,0000,00,00,0000,0000,00,00,0000,0000,00,00,0000,0000,00
361,00,0000,0000,00,00,0000,0000,00,00,0000,0000,00,00,0000,0000,00,00,0000,0000,00,00,0000,0000,00,00,0000,0000,00,00,0000,0000,00,00,0000,0000,00,00,0000,0000,00
362,00,0000,0000,00,00,0000,0000,00,00,0000,0000,00,00,0000,0000,00,00,0000,0000,00,00,0000,0000,00,00,0000,0000,00,00,0000,0000,00,00,0000,0000,00,00,0000,0000,00
363,00,0000,0000,00,00,0000,0000,00,00,0000,0000,00,00,0000,0000,00,00,0000,0000,00,00,0000,0000,00,00,0000,0000,00,00,0000,0000,00,00,0000,0000,00,00,0000,0000,00
364,00,0000,0000,00,00,0000,0000,00,00,0000,0000,00,00,0000,0000,00,00,0000,0000,00,00,0000,0000,00,00,0000,0000,00,00,0000,0000,00,00,0000,0000,00,00,0000,0000,00
365,00,0000,0000,00,00,0000,0000,00,00,0000,0000,00,00,0000,0000,00,00,0000,0000,00,00,0000,0000,00,00,0000,0000,00,00,0000,0000,00,00,0000,0000,00,00,0000,0000,00
366,00,0000,0000,00,00,0000,0000,00,00,0000,0000,00,00,0000,0000,00,00,0000,0000,00,00,0000,0000,00,00,0000,0000,00,00,0000,0000,00,00,0000,0000,00,00,0000,0000,00
367,00,0000,0000,00,00,0000,0000,00,00,0000,0000,00,00,0000,0000,00,00,0000,0000,00,00,0000,0000,00,00,0000,0000,00,00,0000,0000,00,00,0000,0000,00,00,0000,0000,00
368,00,0000,0000,00,00,0000,0000,00,00,0000,0000,00,00,0000,0000,00,00,0000,0000,00,00,0000,0000,00,00,0000,0000,00,00,0000,0000,00,00,0000,0000,00,00,0000,0000,00
369,00,0000,0000,00,00,0000,0000,00,00,0000,0000,00,00,0000,0000,00,00,0000,0000,00,00,0000,0000,00,00,0000,0000,00,00,0000,0000,00,00,0000,0000,00,00,0000,0000,00
370,00,0000,0000,00,00,0000,0000,00,00,0000,0000,00,00,0000,0000,00,00,0000,0000,00,00,0000,0000,00,00,0000,0000,00,00,0000,0000,00,00,0000,0000,00,00,0000,0000,00
371,00,0000,0000,00,00,0000,0000,00,00,0000,0000,00,00,0000,0000,00,00,0000,0000,00,00,0000,0000,00,00,0000,0000,00,00,0000,0000,00,00,0000,0000,00,00,0000,0000,00
372,00,0000,0000,00,00,0000,0000,00,00,0000,0000,00,00,0000,0000,00,00,0000,0000,00,00,0000,0000,00,00,0000,0000,00,00,0000,0000,00,00,0000,0000,00,00,0000,0000,00
373,00,0000,0000,00,00,0000,0000,00,00,0000,0000,00,00,0000,0000,00,00,0000,0000,00,00,0000,0000,00,00,0000,0000,00,00,0000,0000,00,00,0000,0000,00,00,0000,0000,00
374,00,0000,0000,00,00,0000,0000,00,00,0000,0000,00,00,0000,0000,00,00,0000,0000,00,00,0000,0000,00,00,0000,0000,00,00,0000,0000,00,00,0000,0000,00,00,0000,0000,00
375,00,0000,0000,00,00,0000,0000,00,00,0000,0000,00,00,0000,0000,00,00,0000,0000,00,00,0000,0000,00,00,0000,0000,00,00,0000,0000,00,00,0000,0000,00,00,0000,0000,00
376,00,0000,0000,00,00,0000,0000,00,00,0000,0000,00,00,0000,0000,00,00,0000,0000,00,00,0000,0000,00,00,0000,0000,00,00,0000,0000,00,00,0000,0000,00,00,0000,0000,00
377,00,0000,0000,00,00,0000,0000,00,00,0000,0000,00,00,0000,0000,00,00,0000,0000,00,00,0000,0000,00,00,0000,0000,00,00,0000,0000,00,00,0000,0000,00,00,0000,0000,00
378,00,0000,0000,00,00,0000,0000,00,00,0000,0000,00,00,0000,0000,00,00,0000,0000,00,00,0000,0000,00,00,0000,0000,00,00,0000,0000,00,00,0000,0000,00,00,0000,0000,00
379,00,0000,0000,00,00,0000,0000,00,00,0000,0000,00,00,0000,0000,00,00,0000,0000,00,00,0000,0000,00,00,0000,0000,00,00,0000,0000,00,00,0000,0000,00,00,0000,0000,00
380,00,0000,0000,00,00,0000,0000,00,00,0000,0000,00,00,0000,0000,00,00,0000,0000,00,00,0000,0000,00,00,0000,0000,00,00,0000,0000,00,00,0000,0000,00,00,0000,0000,00
381,00,0000,0000,00,00,0000,0000,00,00,0000,0000,00,00,0000,0000,00,00,0000,0000,00,00,0000,0000,00,00,0000,0000,00,00,0000,0000,00,00,0000,0000,00,00,0000,0000,00
382,00,0000,0000,00,00,0000,0000,00,00,0000,0000,00,00,0000,0000,00,00,0000,0000,00,00,0000,0000,00,00,0000,0000,00,00,0000,0000,00,00,0000,0000,00,00,0000,0000,00
383,00,0000,0000,00,00,0000,0000,00,00,0000,0000,00,00,0000,0000,00,00,0000,0000,00,00,0000,0000,00,00,0000,0000,00,00,0000,0000,00,00,0000,0000,00,00,0000,0000,00
384,00,0000,0000,00,00,0000,0000,00,00,0000,0000,00,00,0000,0000,00,00,0000,0000,00,00,0000,0000,00,00,0000,0000,00,00,0000,0000,00,00,0000,0000,00,00,0000,0000,00
385,00,0000,0000,00,00,0000,0000,00,00,0000,0000,00,00,0000,0000,00,00,0000,0000,00,00,0000,0000,00,00,0000,0000,00,00,0000,0000,00,00,0000,0000,00,00,0000,0000,00
386,00,0000,0000,00,00,0000,0000,00,00,0000,0000,00,00,0000,0000,00,00,0000,0000,00,00,0000,0000,00,00,0000,0000,00,00,0000,0000,00,00,0000,0000,00,00,0000,0000,00
387,00,0000,0000,00,00,0000,0000,00,00,0000,0000,00,00,0000,0000,00,00,0000,0000,00,00,0000,0000,00,00,0000,0000,00,00,0000,0000,00,00,0000,0000,00,00,0000,0000,00
388,00,0000,0000,00,00,0000,0000,00,00,0000,0000,00,00,0000,0000,00,00,0000,0000,00,00,0000,0000,00,00,0000,0000,00,00,0000,0000,00,00,0000,0000,00,00,0000,0000,00
389,00,0000,0000,00,00,0000,0000,00,00,0000,0000,00,00,0000,0000,00,00,0000,0000,00,00,0000,0000,00,00,0000,0000,00,00,0000,0000,00,00,0000,0000,00,00,0000,0000,00
390,00,0000,0000,00,00,0000,0000,00,00,0000,0000,00,00,0000,0000,00,00,0000,0000,00,00,0000,0000,00,00,0000,0000,00,00,0000,0000,00,00,0000,0000,00,00,0000,0000,00
391,00,0000,0000,00,00,0000,0000,00,00,0000,0000,00,00,0000,0000,00,00,0000,0000,00,00,0000,0000,00,00,0000,0000,00,00,0000,0000,00,00,0000,0000,00,00,0000,0000,00
392,00,0000,0000,00,00,0000,0000,00,00,0000,0000,00,00,0000,0000,00,00,0000,0000,00,00,0000,0000,00,00,0000,0000,00,00,0000,0000,00,00,0000,0000,00,00,0000,0000,00
393,00,0000,0000,00,00,0000,0000,00,00,0000,0000,00,00,0000,0000,00,00,0000,0000,00,00,0000,0000,00,00,0000,0000,00,00,0000,0000,00,00,0000,0000,00,00,0000,0000,00
394,00,0000,0000,00,00,0000,0000,00,00,0000,0000,00,00,0000,0000,00,00,0000,0000,00,00,0000,0000,00,00,0000,0000,00,00,0000,0000,00,00,0000,0000,00,00,0000,0000,00
395,00,0000,0000,00,00,0000,0000,00,00,0000,0000,00,00,0000,0000,00,00,0000,0000,00,00,0000,0000,00,00,0000,0000,00,00,0000,0000,00,00,0000,0000,00,00,0000,0000,00
396,00,0000,0000,00,00,0000,0000,00,00,0000,0000,00,00,0000,0000,00,00,0000,0000,00,00,0000,0000,00,00,0000,0000,00,00,0000,0000,00,00,0000,0000,00,00,0000,0000,00
397,00,0000,0000,00,00,0000,0000,00,00,0000,0000,00,00,0000,0000,00,00,0000,0000,00,00,0000,0000,00,00,0000,0000,00,00,0000,0000,00,00,0000,0000,00,00,0000,0000,00
398,00,0000,0000,00,00,0000,0000,00,00,0000,0000,00,00,0000,0000,00,00,0000,0000,00,00,0000,0000,00,00,0000,0000,00,00,0000,0000,00,00,0000,0000,00,00,0000,0000,00
399,00,0000,0000,00,00,0000,0000,00,00,0000,0000,00,00,0000,0000,00,00,0000,0000,00,00,0000,0000,00,00,0000,0000,00,00,0000,0000,00,00,0000,0000,00,00,0000,0000,00
400,00,0000,0000,00,00,0000,0000,00,00,0000,0000,00,00,0000,0000,00,00,0000,0000,00,00,0000,0000,00,00,0000,0000,00,00,0000,0000,00,00,0000,0000,00,00,0000,0000,00
401,00,0000,0000,00,00,0000,0000,00,00,0000,0000,00,00,0000,0000,00,00,0000,0000,00,00,0000,0000,00,00,0000,0000,00,00,0000,0000,00,00,0000,0000,00,00,0000,0000,00
402,00,0000,0000,00,00,0000,0000,00,00,0000,0000,00,00,0000,0000,00,00,0000,0000,00,00,0000,0000,00,00,0000,0000,00,00,0000,0000,00,00,0000,0000,00,00,0000,0000,00
403,00,0000,0000,00,00,0000,0000,00,00,0000,0000,00,00,0000,0000,00,00,0000,0000,00,00,0000,0000,00,00,0000,0000,00,00,0000,0000,00,00,0000,0000,00,00,0000,0000,00
404,00,0000,0000,00,00,0000,0000,00,00,0000,0000,00,00,0000,0000,00,00,0000,0000,00,00,0000,0000,00,00,0000,0000,00,00,0000,0000,00,00,0000,0000,00,00,0000,0000,00
405,00,0000,0000,00,00,0000,0000,00,00,0000,0000,00,00,0000,0000,00,00,0000,0000,00,00,0000,0000,00,00,0000,0000,00,00,0000,0000,00,00,0000,0000,00,00,0000,0000,00
406,00,0000,0000,00,00,0000,0000,00,00,0000,0000,00,00,0000,0000,00,00,0000,0000,00,00,0000,0000,00,00,0000,0000,00,00,0000,0000,00,00,0000,0000,00,00,0000,0000,00
407,00,0000,0000,00,00,0000,0000,00,00,0000,0000,00,00,0000,0000,00,00,0000,0000,00,00,0000,0000,00,00,0000,0000,00,00,0000,0000,00,00,0000,0000,00,00,0000,0000,00
408,00,0000,0000,00,00,0000,0000,00,00,0000,0000,00,00,0000,0000,00,00,0000,0000,00,00,0000,0000,00,00,0000,0000,00,00,0000,0000,00,00,0000,0000,00,00,0000,0000,00
409,00,0000,0000,00,00,0000,0000,00,00,0000,0000,00,00,0000,0000,00,00,0000,0000,00,00,0000,0000,00,00,0000,0000,00,00,0000,0000,00,00,0000,0000,00,00,0000,0000,00
410,00,0000,0000,00,00,0000,0000,00,00,0000,0000,00,00,0000,0000,00,00,0000,0000,00,00,0000,0000,00,00,0000,0000,00,00,0000,0000,00,00,0000,0000,00,00,0000,0000,00
411,00,0000,0000,00,00,0000,0000,00,00,0000,0000,00,00,0000,0000,00,00,0000,0000,00,00,0000,0000,00,00,0000,0000,00,00,0000,0000,00,00,0000,0000,00,00,0000,0000,00
412,00,0000,0000,00,00,0000,0000,00,00,0000,0000,00,00,0000,0000,00,00,0000,0000,00,00,0000,0000,00,00,0000,0000,00,00,0000,0000,00,00,0000,0000,00,00,0000,0000,00
413,00,0000,0000,00,00,0000,0000,00,00,0000,0000,00,00,0000,0000,00,00,0000,0000,00,00,0000,0000,00,00,0000,0000,00,00,0000,0000,00,00,0000,0000,00,00,0000,0000,00
414,00,0000,0000,00,00,0000,0000,00,00,0000,0000,00,00,0000,0000,00,00,0000,0000,00,00,0000,0000,00,00,0000,0000,00,00,0000,0000,00,00,0000,0000,00,00,0000,0000,00
415,00,0000,0000,00,00,0000,0000,00,00,0000,0000,00,00,0000,0000,00,00,0000,0000,00,00,0000,0000,00,00,0000,0000,00,00,0000,0000,00,00,0000,0000,00,00,0000,0000,00
416,00,0000,0000,00,00,0000,0000,00,00,0000,0000,00,00,0000,0000,00,00,0000,0000,00,00,0000,0000,00,00,0000,0000,00,00,0000,0000,00,00,0000,0000,00,00,0000,0000,00
417,00,0000,0000,00,00,0000,0000,00,00,0000,0000,00,00,0000,0000,00,00,0000,0000,00,00,0000,0000,00,00,0000,0000,00,00,0000,0000,00,00,0000,0000,00,00,0000,0000,00
418,00,0000,0000,00,00,0000,0000,00,00,0000,0000,00,00,0000,0000,00,00,0000,0000,00,00,0000,0000,00,00,0000,0000,00,00,0000,0000,00,00,0000,0000,00,00,0000,0000,00
419,00,0000,0000,00,00,0000,0000,00,00,0000,0000,00,00,0000,0000,00,00,0000,0000,00,00,0000,0000,00,00,0000,0000,00,00,0000,0000,00,00,0000,0000,00,00,0000,0000,00
420,00,0000,0000,00,00,0000,0000,00,00,0000,0000,00,00,0000,0000,00,00,0000,0000,00,00,0000,0000,00,00,0000,0000,00,00,0000,0000,00,00,0000,0000,00,00,0000,0000,00
421,00,0000,0000,00,00,0000,0000,00,00,0000,0000,00,00,0000,0000,00,00,0000,0000,00,00,0000,0000,00,00,0000,0000,00,00,0000,0000,00,00,0000,0000,00,00,0000,0000,00
422,00,0000,0000,00,00,0000,0000,00,00,0000,0000,00,00,0000,0000,00,00,0000,0000,00,00,0000,0000,00,00,0000,0000,00,00,0000,0000,00,00,0000,0000,00,00,0000,0000,00
423,00,0000,0000,00,00,0000,0000,00,00,0000,0000,00,00,0000,0000,00,00,0000,0000,00,00,0000,0000,00,00,0000,0000,00,00,0000,0000,00,00,0000,0000,00,00,0000,0000,00
424,00,0000,0000,00,00,0000,0000,00,00,0000,0000,00,00,0000,0000,00,00,0000,0000,00,00,0000,0000,00,00,0000,0000,00,00,0000,0000,00,00,0000,0000,00,00,0000,0000,00
425,00,0000,0000,00,00,0000,0000,00,00,0000,0000,00,00,0000,0000,00,00,0000,0000,00,00,0000,0000,00,00,0000,0000,00,00,0000,0000,00,00,0000,0000,00,00,0000,0000,00
426,00,0000,0000,00,00,0000,0000,00,00,0000,0000,00,00,0000,0000,00,00,0000,0000,00,00,0000,0000,00,00,0000,0000,00,00,0000,0000,00,00,0000,0000,00,00,0000,0000,00
427,00,0000,0000,00,00,0000,0000,00,00,0000,0000,00,00,0000,0000,00,00,0000,0000,00,00,0000,0000,00,00,0000,0000,00,00,0000,0000,00,00,0000,0000,00,00,0000,0000,00
428,00,0000,0000,00,00,0000,0000,00,00,0000,0000,00,00,0000,0000,00,00,0000,0000,00,00,0000,0000,00,00,0000,0000,00,00,0000,0000,00,00,0000,0000,00,00,0000,0000,00
429,00,0000,0000,00,00,0000,0000,00,00,0000,0000,00,00,0000,0000,00,00,0000,0000,00,00,0000,0000,00,00,0000,0000,00,00,0000,0000,00,00,0000,0000,00,00,0000,0000,00
430,00,0000,0000,00,00,0000,0000,00,00,0000,0000,00,00,0000,0000,00,00,0000,0000,00,00,0000,0000,00,00,0000,0000,00,00,0000,0000,00,00,0000,0000,00,00,0000,0000,00
431,00,0000,0000,00,00,0000,0000,00,00,0000,0000,00,00,0000,0000,00,00,0000,0000,00,00,0000,0000,00,00,0000,0000,00,00,0000,0000,00,00,0000,0000,00,00,0000,0000,00
432,00,0000,0000,00,00,0000,0000,00,00,0000,0000,00,00,0000,0000,00,00,0000,0000,00,00,0000,0000,00,00,0000,0000,00,00,0000,0000,00,00,0000,0000,00,00,0000,0000,00
433,00,0000,0000,00,00,0000,0000,00,00,0000,0000,00,00,0000,0000,00,00,0000,0000,00,00,0000,0000,00,00,0000,0000,00,00,0000,0000,00,00,0000,0000,00,00,0000,0000,00
434,00,0000,0000,00,00,0000,0000,00,00,0000,0000,00,00,0000,0000,00,00,0000,0000,00,00,0000,0000,00,00,0000,0000,00,00,0000,0000,00,00,0000,0000,00,00,0000,0000,00
435,00,0000,0000,00,00,0000,0000,00,00,0000,0000,00,00,0000,0000,00,00,0000,0000,00,00,0000,0000,00,00,0000,0000,00,00,0000,0000,00,00,0000,0000,00,00,0000,0000,00
436,00,0000,0000,00,00,0000,0000,00,00,0000,0000,00,00,0000,0000,00,00,0000,0000,00,00,0000,0000,00,00,0000,0000,00,00,0000,0000,00,00,0000,0000,00,00,0000,0000,00
437,00,0000,0000,00,00,0000,0000,00,00,0000,0000,00,00,0000,0000,00,00,0000,0000,00,00,0000,0000,00,00,0000,0000,00,00,0000,0000,00,00,0000,0000,00,00,0000,0000,00
438,00,0000,0000,00,00,0000,0000,00,00,0000,0000,00,00,0000,0000,00,00,0000,0000,00,00,0000,0000,00,00,0000,0000,00,00,0000,0000,00,00,0000,0000,00,00,0000,0000,00
439,00,0000,0000,00,00,0000,0000,00,00,0000,0000,00,00,0000,0000,00,00,0000,0000,00,00,0000,0000,00,00,0000,0000,00,00,0000,0000,00,00,0000,0000,00,00,0000,0000,00
440,00,0000,0000,00,00,0000,0000,00,00,0000,0000,00,00,0000,0000,00,00,0000,0000,00,00,0000,0000,00,00,0000,0000,00,00,0000,0000,00,00,0000,0000,00,00,0000,0000,00
441,00,0000,0000,00,00,0000,0000,00,00,0000,0000,00,00,0000,0000,00,00,0000,0000,00,00,0000,0000,00,00,0000,0000,00,00,0000,0000,00,00,0000,0000,00,00,0000,0000,00
442,00,0000,0000,00,00,0000,0000,00,00,0000,0000,00,00,0000,0000,00,00,0000,0000,00,00,0000,0000,00,00,0000,0000,00,00,0000,0000,00,00,0000,0000,00,00,0000,0000,00
443,00,0000,0000,00,00,0000,0000,00,00,0000,0000,00,00,0000,0000,00,00,0000,0000,00,00,0000,0000,00,00,0000,0000,00,00,0000,0000,00,00,0000,0000,00,00,0000,0000,00
444,00,0000,0000,00,00,0000,0000,00,00,0000,0000,00,00,0000,0000,00,00,0000,0000,00,00,0000,0000,00,00,0000,0000,00,00,0000,0000,00,00,0000,0000,00,00,0000,0000,00
445,00,0000,0000,00,00,0000,0000,00,00,0000,0000,00,00,0000,0000,00,00,0000,0000,00,00,0000,0000,00,00,0000,0000,00,00,0000,0000,00,00,0000,0000,00,00,0000,0000,00
446,00,0000,0000,00,00,0000,0000,00,00,0000,0000,00,00,0000,0000,00,00,0000,0000,00,00,0000,0000,00,00,0000,0000,00,00,0000,0000,00,00,0000,0000,00,00,0000,0000,00
447,00,0000,0000,00,00,0000,0000,00,00,0000,0000,00,00,0000,0000,00,00,0000,0000,00,00,0000,0000,00,00,0000,0000,00,00,0000,0000,00,00,0000,0000,00,00,0000,0000,00
448,00,0000,0000,00,00,0000,0000,00,00,0000,0000,00,00,0000,0000,00,00,0000,0000,00,00,0000,0000,00,00,0000,0000,00,00,0000,0000,00,00,0000,0000,00,00,0000,0000,00
449,00,0000,0000,00,00,0000,0000,00,00,0000,0000,00,00,0000,0000,00,00,0000,0000,00,00,0000,0000,00,00,0000,0000,00,00,0000,0000,00,00,0000,0000,00,00,0000,0000,00
450,00,0000,0000,00,00,0000,0000,00,00,0000,0000,00,00,0000,0000,00,00,0000,0000,00,00,0000,0000,00,00,0000,0000,00,00,0000,0000,00,00,0000,0000,00,00,0000,0000,00
451,00,0000,0000,00,00,0000,0000,00,00,0000,0000,00,00,0000,0000,00,00,0000,0000,00,00,0000,0000,00,00,0000,0000,00,00,0000,0000,00,00,0000,0000,00,00,0000,0000,00
452,00,0000,0000,00,00,0000,0000,00,00,0000,0000,00,00,0000,0000,00,00,0000,0000,00,00,0000,0000,00,00,0000,0000,00,00,0000,0000,00,00,0000,0000,00,00,0000,0000,00
453,00,0000,0000,00,00,0000,0000,00,00,0000,0000,00,00,0000,0000,00,00,0000,0000,00,00,0000,0000,00,00,0000,0000,00,00,0000,0000,00,00,0000,0000,00,00,0000,0000,00
454,00,0000,0000,00,00,0000,0000,00,00,0000,0000,00,00,0000,0000,00,00,0000,0000,00,00,0000,0000,00,00,0000,0000,00,00,0000,0000,00,00,0000,0000,00,00,0000,0000,00
455,00,0000,0000,00,00,0000,0000,00,00,0000,0000,00,00,0000,0000,00,00,0000,0000,00,00,0000,0000,00,00,0000,0000,00,00,0000,0000,00,00,0000,0000,00,00,0000,0000,00
456,00,0000,0000,00,00,0000,0000,00,00,0000,0000,00,00,0000,0000,00,00,0000,0000,00,00,0000,0000,00,00,0000,0000,00,00,0000,0000,00,00,0000,0000,00,00,0000,0000,00
457,00,0000,0000,00,00,0000,0000,00,00,0000,0000,00,00,0000,0000,00,00,0000,0000,00,00,0000,0000,00,00,0000,0000,00,00,0000,0000,00,00,0000,0000,00,00,0000,0000,00
458,00,0000,0000,00,00,0000,0000,00,00,0000,0000,00,00,0000,0000,00,00,0000,0000,00,00,0000,0000,00,00,0000,0000,00,00,0000,0000,00,00,0000,0000,00,00,0000,0000,00
459,00,0000,0000,00,00,0000,0000,00,00,0000,0000,00,00,0000,0000,00,00,0000,0000,00,00,0000,0000,00,00,0000,0000,00,00,0000,0000,00,00,0000,0000,00,00,0000,0000,00
460,00,0000,0000,00,00,0000,0000,00,00,0000,0000,00,00,0000,0000,00,00,0000,0000,00,00,0000,0000,00,00,0000,0000,00,00,0000,0000,00,00,0000,0000,00,00,0000,0000,00
461,00,0000,0000,00,00,0000,0000,00,00,0000,0000,00,00,0000,0000,00,00,0000,0000,00,00,0000,0000,00,00,0000,0000,00,00,0000,0000,00,00,0000,0000,00,00,0000,0000,00
462,00,0000,0000,00,00,0000,0000,00,00,0000,0000,00,00,0000,0000,00,00,0000,0000,00,00,0000,0000,00,00,0000,0000,00,00,0000,0000,00,00,0000,0000,00,00,0000,0000,00
463,00,0000,0000,00,00,0000,0000,00,00,0000,0000,00,00,0000,0000,00,00,0000,0000,00,00,0000,0000,00,00,0000,0000,00,00,0000,0000,00,00,0000,0000,00,00,0000,0000,00
464,00,0000,0000,00,00,0000,0000,00,00,0000,0000,00,00,0000,0000,00,00,0000,0000,00,00,0000,0000,00,00,0000,0000,00,00,0000,0000,00,00,0000,0000,00,00,0000,0000,00
465,00,0000,0000,00,00,0000,0000,00,00,0000,0000,00,00,0000,0000,00,00,0000,0000,00,00,0000,0000,00,00,0000,0000,00,00,0000,0000,00,00,0000,0000,00,00,0000,0000,00
466,00,0000,0000,00,00,0000,0000,00,00,0000,0000,00,00,0000,0000,00,00,0000,0000,00,00,0000,0000,00,00,0000,0000,00,00,0000,0000,00,00,0000,0000,00,00,0000,0000,00
467,00,0000,0000,00,00,0000,0000,00,00,0000,0000,00,00,0000,0000,00,00,0000,0000,00,00,0000,0000,00,00,0000,0000,00,00,0000,0000,00,00,0000,0000,00,00,0000,0000,00
468,00,0000,0000,00,00,0000,0000,00,00,0000,0000,00,00,0000,0000,00,00,0000,0000,00,00,0000,0000,00,00,0000,0000,00,00,0000,0000,00,00,0000,0000,00,00,0000,0000,00
469,00,0000,0000,00,00,0000,0000,00,00,0000,0000,00,00,0000,0000,00,00,0000,0000,00,00,0000,0000,00,00,0000,0000,00,00,0000,0000,00,00,0000,0000,00,00,0000,0000,00
470,00,0000,0000,00,00,0000,0000,00,00,0000,0000,00,00,0000,0000,00,00,0000,0000,00,00,0000,0000,00,00,0000,0000,00,00,0000,0000,00,00,0000,0000,00,00,0000,0000,00
471,00,0000,0000,00,00,0000,0000,00,00,0000,0000,00,00,0000,0000,00,00,0000,0000,00,00,0000,0000,00,00,0000,0000,00,00,0000,0000,00,00,0000,0000,00,00,0000,0000,00
472,00,0000,0000,00,00,0000,0000,00,00,0000,0000,00,00,0000,0000,00,00,0000,0000,00,00,0000,0000,00,00,0000,0000,00,00,0000,0000,00,00,0000,0000,00,00,0000,0000,00
473,00,0000,0000,00,00,0000,0000,00,00,0000,0000,00,00,0000,0000,00,00,0000,0000,00,00,0000,0000,00,00,0000,0000,00,00,0000,0000,00,00,0000,0000,00,00,0000,0000,00
474,00,0000,0000,00,00,0000,0000,00,00,0000,0000,00,00,0000,0000,00,00,0000,0000,00,00,0000,0000,00,00,0000,0000,00,00,0000,0000,00,00,0000,0000,00,00,0000,0000,00
475,00,0000,0000,00,00,0000,0000,00,00,0000,0000,00,00,0000,0000,00,00,0000,0000,00,00,0000,0000,00,00,0000,0000,00,00,0000,0000,00,00,0000,0000,00,00,0000,0000,00
476,00,0000,0000,00,00,0000,0000,00,00,0000,0000,00,00,0000,0000,00,00,0000,0000,00,00,0000,0000,00,00,0000,0000,00,00,0000,0000,00,00,0000,0000,00,00,0000,0000,00
477,00,0000,0000,00,00,0000,0000,00,00,0000,0000,00,00,0000,0000,00,00,0000,0000,00,00,0000,0000,00,00,0000,0000,00,00,0000,0000,00,00,0000,0000,00,00,0000,0000,00
478,00,0000,0000,00,00,0000,0000,00,00,0000,0000,00,00,0000,0000,00,00,0000,0000,00,00,0000,0000,00,00,0000,0000,00,00,0000,0000,00,00,0000,0000,00,00,0000,0000,00
479,00,0000,0000,00,00,0000,0000,00,00,0000,0000,00,00,0000,0000,00,00,0000,0000,00,00,0000,0000,00,00,0000,0000,00,00,0000,0000,00,00,0000,0000,00,00,0000,0000,00
480,00,0000,0000,00,00,0000,0000,00,00,0000,0000,00,00,0000,0000,00,00,0000,0000,00,00,0000,0000,00,00,0000,0000,00,00,0000,0000,00,00,0000,0000,00,00,0000,0000,00
481,00,0000,0000,00,00,0000,0000,00,00,0000,0000,00,00,0000,0000,00,00,0000,0000,00,00,0000,0000,00,00,0000,0000,00,00,0000,0000,00,00,0000,0000,00,00,0000,0000,00
482,00,0000,0000,00,00,0000,0000,00,00,0000,0000,00,00,0000,0000,00,00,0000,0000,00,00,0000,0000,00,00,0000,0000,00,00,0000,0000,00,00,0000,0000,00,00,0000,0000,00
483,00,0000,0000,00,00,0000,0000,00,00,0000,0000,00,00,0000,0000,00,00,0000,0000,00,00,0000,0000,00,00,0000,0000,00,00,0000,0000,00,00,0000,0000,00,00,0000,0000,00
484,00,0000,0000,00,00,0000,0000,00,00,0000,0000,00,00,0000,0000,00,00,0000,0000,00,00,0000,0000,00,00,0000,0000,00,00,0000,0000,00,00,0000,0000,00,00,0000,0000,00
485,00,0000,0000,00,00,0000,0000,00,00,0000,0000,00,00,0000,0000,00,00,0000,0000,00,00,0000,0000,00,00,0000,0000,00,00,0000,0000,00,00,0000,0000,00,00,0000,0000,00
486,00,0000,0000,00,00,0000,0000,00,00,0000,0000,00,00,0000,0000,00,00,0000,0000,00,00,0000,0000,00,00,0000,0000,00,00,0000,0000,00,00,0000,0000,00,00,0000,0000,00
487,00,0000,0000,00,00,0000,0000,00,00,0000,0000,00,00,0000,0000,00,00,0000,0000,00,00,0000,0000,00,00,0000,0000,00,00,0000,0000,00,00,0000,0000,00,00,0000,0000,00
488,00,0000,0000,00,00,0000,0000,00,00,0000,0000,00,00,0000,0000,00,00,0000,0000,00,00,0000,0000,00,00,0000,0000,00,00,0000,0000,00,00,0000,0000,00,00,0000,0000,00
489,00,0000,0000,00,00,0000,0000,00,00,0000,0000,00,00,0000,0000,00,00,0000,0000,00,00,0000,0000,00,00,0000,0000,00,00,0000,0000,00,00,0000,0000,00,00,0000,0000,00
490,00,0000,0000,00,00,0000,0000,00,00,0000,0000,00,00,0000,0000,00,00,0000,0000,00,00,0000,0000,00,00,0000,0000,00,00,0000,0000,00,00,0000,0000,00,00,0000,0000,00
491,00,0000,0000,00,00,0000,0000,00,00,0000,0000,00,00,0000,0000,00,00,0000,0000,00,00,0000,0000,00,00,0000,0000,00,00,0000,0000,00,00,0000,0000,00,00,0000,0000,00
492,00,0000,0000,00,00,0000,0000,00,00,0000,0000,00,00,0000,0000,00,00,0000,0000,00,00,0000,0000,00,00,0000,0000,00,00,0000,0000,00,00,0000,0000,00,00,0000,0000,00
493,00,0000,0000,00,00,0000,0000,00,00,0000,0000,00,00,0000,0000,00,00,0000,0000,00,00,0000,0000,00,00,0000,0000,00,00,0000,0000,00,00,0000,0000,00,00,0000,0000,00
494,00,0000,0000,00,00,0000,0000,00,00,0000,0000,00,00,0000,0000,00,00,0000,0000,00,00,0000,0000,00,00,0000,0000,00,00,0000,0000,00,00,0000,0000,00,00,0000,0000,00
495,00,0000,0000,00,00,0000,0000,00,00,0000,0000,00,00,0000,0000,00,00,0000,0000,00,00,0000,0000,00,00,0000,0000,00,00,0000,0000,00,00,0000,0000,00,00,0000,0000,00
496,00,0000,0000,00,00,0000,0000,00,00,0000,0000,00,00,0000,0000,00,00,0000,0000,00,00,0000,0000,00,00,0000,0000,00,00,0000,0000,00,00,0000,0000,00,00,0000,0000,00
497,00,0000,0000,00,00,0000,0000,00,00,0000,0000,00,00,0000,0000,00,00,0000,0000,00,00,0000,0000,00,00,0000,0000,00,00,0000,0000,00,00,0000,0000,00,00,0000,0000,00
498,00,0000,0000,00,00,0000,0000,00,00,0000,0000,00,00,0000,0000,00,00,0000,0000,00,00,0000,0000,00,00,0000,0000,00,00,0000,0000,00,00,0000,0000,00,00,0000,0000,00
499,00,0000,0000,00,00,0000,0000,00,00,0000,0000,00,00,0000,0000,00,00,0000,0000,00,00,0000,0000,00,00,0000,0000,00,00,0000,0000,00,00,0000,0000,00,00,0000,0000,00
500,00,0000,0000,00,00,0000,0000,00,00,0000,0000,00,00,0000,0000,00,00,0000,0000,00,00,0000,0000,00,00,0000,0000,00,00,0000,0000,00,00,0000,0000,00,00,0000,0000,00
501,00,0000,0000,00,00,0000,0000,00,00,0000,0000,00,00,0000,0000,00,00,0000,0000,00,00,0000,0000,00,00,0000,0000,00,00,0000,0000,00,00,0000,0000,00,00,0000,0000,00
502,00,0000,0000,00,00,0000,0000,00,00,0000,0000,00,00,0000,0000,00,00,0000,0000,00,00,0000,0000,00,00,0000,0000,00,00,0000,0000,00,00,0000,0000,00,00,0000,0000,00
503,00,0000,0000,00,00,0000,0000,00,00,0000,0000,00,00,0000,0000,00,00,0000,0000,00,00,0000,0000,00,00,0000,0000,00,00,0000,0000,00,00,0000,0000,00,00,0000,0000,00
504,00,0000,0000,00,00,0000,0000,00,00,0000,0000,00,00,0000,0000,00,00,0000,0000,00,00,0000,0000,00,00,0000,0000,00,00,0000,0000,00,00,0000,0000,00,00,0000,0000,00
505,00,0000,0000,00,00,0000,0000,00,00,0000,0000,00,00,0000,0000,00,00,0000,0000,00,00,0000,0000,00,01,fd80,0000,03,00,0000,0000,00,00,0000,0000,00,00,0000,0000,00
506,00,0000,0000,00,00,0000,0000,00,00,0000,0000,00,00,0000,0000,00,00,0000,0000,00,00,0000,0000,00,01,fb80,0000,02,00,0000,0000,00,00,0000,0000,00,00,0000,0000,00
507,00,0000,0000,00,00,0000,0000,00,00,0000,0000,00,00,0000,0000,00,00,0000,0000,00,00,0000,0000,00,01,f980,0000,01,00,0000,0000,00,00,0000,0000,00,00,0000,0000,00
508,00,0000,0000,00,00,0000,0000,00,00,0000,0000,00,00,0000,0000,00,00,0000,0000,00,00,0000,0000,00,01,f780,0000,03,00,0000,0000,00,00,0000,0000,00,00,0000,0000,00
509,00,0000,0000,00,00,0000,0000,00,00,0000,0000,00,00,0000,0000,00,00,0000,0000,00,00,0000,0000,00,01,f580,0000,02,00,0000,0000,00,00,0000,0000,00,00,0000,0000,00
510,00,0000,0000,00,00,0000,0000,00,00,0000,0000,00,00,0000,0000,00,00,0000,0000,00,00,0000,0000,00,01,f380,0000,01,00,0000,0000,00,00,0000,0000,00,00,0000,0000,00
511,00,0000,0000,00,00,0000,0000,00,00,0000,0000,00,00,0000,0000,00,00,0000,0000,00,00,0000,0000,00,01,f180,0000,03,00,0000,0000,00,00,0000,0000,00,00,0000,0000,00
512,00,0000,0000,00,00,0000,0000,00,00,0000,0000,00,00,0000,0000,00,00,0000,0000,00,00,0000,0000,00,01,ef80,0000,02,00,0000,0000,00,00,0000,0000,00,00,0000,0000,00
513,00,0000,0000,00,00,0000,0000,00,00,0000,0000,00,00,0000,0000,00,00,0000,0000,00,00,0000,0000,00,01,ed80,0000,01,00,0000,0000,00,00,0000,0000,00,00,0000,0000,00
514,00,0000,0000,00,00,0000,0000,00,00,0000,0000,00,00,0000,0000,00,00,0000,0000,00,00,0000,0000,00,01,eb80,0000,03,00,0000,0000,00,00,0000,0000,00,00,0000,0000,00
515,00,0000,0000,00,00,0000,0000,00,00,0000,0000,00,00,0000,0000,00,00,0000,0000,00,00,0000,0000,00,01,e980,0000,02,00,0000,0000,00,00,0000,0000,00,00,0000,0000,00
516,00,0000,0000,00,00,0000,0000,00,00,0000,0000,00,00,0000,0000,00,00,0000,0000,00,00,0000,0000,00,01,e780,0000,01,00,0000,0000,00,00,0000,0000,00,00,0000,0000,00
517,00,0000,0000,00,00,0000,0000,00,00,0000,0000,00,00,0000,0000,00,00,0000,0000,00,00,0000,0000,00,01,e580,0000,03,00,0000,0000,00,00,0000,0000,00,00,0000,0000,00
518,00,0000,0000,00,00,0000,0000,00,00,0000,0000,00,00,0000,0000,00,00,0000,0000,00,00,0000,0000,00,01,e380,0000,02,00,0000,0000,00,00,0000,0000,00,00,0000,0000,00
519,00,0000,0000,00,00,0000,0000,00,00,0000,0000,00,00,0000,0000,00,00,0000,0000,00,00,0000,0000,00,01,e180,0000,01,00,0000,0000,00,00,0000,0000,00,00,0000,0000,00
520,00,0000,0000,00,00,0000,0000,00,00,0000,0000,00,00,0000,0000,00,00,0000,0000,00,00,0000,0000,00,01,df80,0000,03,00,0000,0000,00,00,0000,0000,00,00,0000,0000,00
521,00,0000,0000,00,00,0000,0000,00,00,0000,0000,00,00,0000,0000,00,00,0000,0000,00,00,0000,0000,00,01,dd80,0000,02,00,0000,0000,00,00,0000,0000,00,00,0000,0000,00
522,00,0000,0000,00,00,0000,0000,00,00,0000,0000,00,00,0000,0000,00,00,0000,0000,00,00,0000,0000,00,01,db80,0000,01,00,0000,0000,00,00,0000,0000,00,00,0000,0000,00
523,00,0000,0000,00,00,0000,0000,00,00,0000,0000,00,00,0000,0000,00,00,0000,0000,00,00,0000,0000,00,01,d980,0000,03,00,0000,0000,00,00,0000,0000,00,00,0000,0000,00
524,00,0000,0000,00,00,0000,0000,00,00,0000,0000,00,00,0000,0000,00,00,0000,0000,00,00,0000,0000,00,01,d780,0000,02,00,0000,0000,00,00,0000,0000,00,00,0000,0000,00
525,00,0000,0000,00,00,0000,0000,00,00,0000,0000,00,00,0000,0000,00,00,0000,0000,00,00,0000,0000,00,01,d580,0000,01,00,0000,0000,00,00,0000,0000,00,00,0000,0000,00
526,00,0000,0000,00,00,0000,0000,00,00,0000,0000,00,00,0000,0000,00,00,0000,0000,00,00,0000,0000,00,01,d380,0000,03,00,0000,0000,00,00,0000,0000,00,00,0000,0000,00
527,00,0000,0000,00,00,0000,0000,00,00,0000,0000,00,00,0000,0000,00,00,0000,0000,00,00,0000,0000,00,01,d180,0000,02,00,0000,0000,00,00,0000,0000,00,00,0000,0000,00
528,00,0000,0000,00,00,0000,0000,00,00,0000,0000,00,00,0000,0000,00,00,0000,0000,00,00,0000,0000,00,01,cf80,0000,01,00,0000,0000,00,00,0000,0000,00,00,0000,0000,00
529,00,0000,0000,00,00,0000,0000,00,00,0000,0000,00,00,0000,0000,00,00,0000,0000,00,00,0000,0000,00,01,cd80,0000,03,00,0000,0000,00,00,0000,0000,00,00,0000,0000,00
530,00,0000,0000,00,00,0000,0000,00,00,0000,0000,00,00,0000,0000,00,00,0000,0000,00,00,0000,0000,00,01,cb80,0000,02,00,0000,0000,00,00,0000,0000,00,00,0000,0000,00
531,00,0000,0000,00,00,0000,0000,00,00,0000,0000,00,00,0000,0000,00,00,0000,0000,00,00,0000,0000,00,01,c980,0000,01,00,0000,0000,00,00,0000,0000,00,00,0000,0000,00
532,00,0000,0000,00,00,0000,0000,00,00,0000,0000,00,00,0000,0000,00,00,0000,0000,00,00,0000,0000,00,01,c780,0000,03,00,0000,0000,00,00,0000,0000,00,00,0000,0000,00
533,00,0000,0000,00,00,0000,0000,00,00,0000,0000,00,00,0000,0000,00,00,0000,0000,00,00,0000,0000,00,01,c580,0000,02,00,0000,0000,00,00,0000,0000,00,00,0000,0000,00
534,00,0000,0000,00,00,0000,0000,00,00,0000,0000,00,00,0000,0000,00,00,0000,0000,00,00,0000,0000,00,01,c380,0000,01,00,0000,0000,00,00,0000,0000,00,00,0000,0000,00
535,00,0000,0000,00,00,0000,0000,00,00,0000,0000,00,00,0000,0000,00,00,0000,0000,00,00,0000,0000,00,01,c180,0000,03,00,0000,0000,00,00,0000,0000,00,00,0000,0000,00
536,00,0000,0000,00,00,0000,0000,00,00,0000,0000,00,00,0000,0000,00,00,0000,0000,00,00,0000,0000,00,01,bf80,0000,02,00,0000,0000,00,00,0000,0000,00,00,0000,0000,00
537,00,0000,0000,00,00,0000,0000,00,00,0000,0000,00,00,0000,0000,00,00,0000,0000,00,00,0000,0000,00,01,bd80,0000,01,00,0000,0000,00,00,0000,0000,00,00,0000,0000,00
538,00,0000,0000,00,00,0000,0000,00,00,0000,0000,00,00,0000,0000,00,00,0000,0000,00,00,0000,0000,00,01,bb80,0000,03,00,0000,0000,00,00,0000,0000,00,00,0000,0000,00
539,00,0000,0000,00,00,0000,0000,00,00,0000,0000,00,00,0000,0000,00,00,0000,0000,00,00,0000,0000,00,01,b980,0000,02,00,0000,0000,00,00,0000,0000,00,00,0000,0000,00
540,00,0000,0000,00,00,0000,0000,00,00,0000,0000,00,00,0000,0000,00,00,0000,0000,00,00,0000,0000,00,01,b780,0000,01,00,0000,0000,00,00,0000,0000,00,00,0000,0000,00
541,00,0000,0000,00,00,0000,0000,00,00,0000,0000,00,00,0000,0000,00,00,0000,0000,00,00,0000,0000,00,01,b580,0000,03,00,0000,0000,00,00,0000,0000,00,00,0000,0000,00
542,00,0000,0000,00,00,0000,0000,00,00,0000,0000,00,00,0000,0000,00,00,0000,0000,00,00,0000,0000,00,01,b380,0000,02,00,0000,0000,00,00,0000,0000,00,00,0000,0000,00
543,00,0000,0000,00,00,0000,0000,00,00,0000,0000,00,00,0000,0000,00,00,0000,0000,00,00,0000,0000,00,01,b180,0000,01,00,0000,0000,00,00,0000,0000,00,00,0000,0000,00
544,00,0000,0000,00,00,0000,0000,00,00,0000,0000,00,00,0000,0000,00,00,0000,0000,00,00,0000,0000,00,01,af80,0000,03,00,0000,0000,00,00,0000,0000,00,00,0000,0000,00
545,00,0000,0000,00,00,0000,0000,00,00,0000,0000,00,00,0000,0000,00,00,0000,0000,00,00,0000,0000,00,01,ad80,0000,02,00,0000,0000,00,00,0000,0000,00,00,0000,0000,00
546,00,0000,0000,00,00,0000,0000,00,00,0000,0000,00,00,0000,0000,00,00,0000,0000,00,00,0000,0000,00,01,ab80,0000,01,00,0000,0000,00,00,0000,0000,00,00,0000,0000,00
547,00,0000,0000,00,00,0000,0000,00,00,0000,0000,00,00,0000,0000,00,00,0000,0000,00,00,0000,0000,00,01,a980,0000,03,00,0000,0000,00,00,0000,0000,00,00,0000,0000,00
548,00,0000,0000,00,00,0000,0000,00,00,0000,0000,00,00,0000,0000,00,00,0000,0000,00,00,0000,0000,00,01,a780,0000,02,00,0000,0000,00,00,0000,0000,00,00,0000,0000,00
549,00,0000,0000,00,00,0000,0000,00,00,0000,0000,00,00,0000,0000,00,00,0000,0000,00,00,0000,0000,00,01,a580,0000,01,00,0000,0000,00,00,0000,0000,00,00,0000,0000,00
550,00,0000,0000,00,00,0000,0000,00,00,0000,0000,00,00,0000,0000,00,00,0000,0000,00,00,0000,0000,00,01,a380,0000,03,00,0000,0000,00,00,0000,0000,00,00,0000,0000,00
551,00,0000,0000,00,00,0000,0000,00,00,0000,0000,00,00,0000,0000,00,00,0000,0000,00,00,0000,0000,00,01,a180,0000,02,00,0000,0000,00,00,0000,0000,00,00,0000,0000,00
552,00,0000,0000,00,00,0000,0000,00,00,0000,0000,00,00,0000,0000,00,00,0000,0000,00,00,0000,0000,00,01,9f80,0000,01,00,0000,0000,00,00,0000,0000,00,00,0000,0000,00
553,00,0000,0000,00,00,0000,0000,00,00,0000,0000,00,00,0000,0000,00,00,0000,0000,00,00,0000,0000,00,01,9d80,0000,03,00,0000,0000,00,00,0000,0000,00,00,0000,0000,00
554,00,0000,0000,00,00,0000,0000,00,00,0000,0000,00,00,0000,0000,00,00,0000,0000,00,00,0000,0000,00,01,9b80,0000,02,00,0000,0000,00,00,0000,0000,00,00,0000,0000,00
555,00,0000,0000,00,00,0000,0000,00,00,0000,0000,00,00,0000,0000,00,00,0000,0000,00,00,0000,0000,00,01,9980,0000,01,00,0000,0000,00,00,0000,0000,00,00,0000,0000,00
556,00,0000,0000,00,00,0000,0000,00,00,0000,0000,00,00,0000,0000,00,00,0000,0000,00,00,0000,0000,00,01,9780,0000,03,00,0000,0000,00,00,0000,0000,00,00,0000,0000,00
557,00,0000,0000,00,00,0000,0000,00,00,0000,0000,00,00,0000,0000,00,00,0000,0000,00,00,0000,0000,00,01,9580,0000,02,00,0000,0000,00,00,0000,0000,00,00,0000,0000,00
558,00,0000,0000,00,00,0000,0000,00,00,0000,0000,00,00,0000,0000,00,00,0000,0000,00,00,0000,0000,00,01,9380,0000,01,00,0000,0000,00,00,0000,0000,00,00,0000,0000,00
559,00,0000,0000,00,00,0000,0000,00,00,0000,0000,00,00,0000,0000,00,00,0000,0000,00,00,0000,0000,00,01,9180,0000,03,00,0000,0000,00,00,0000,0000,00,00,0000,0000,00
560,00,0000,0000,00,00,0000,0000,00,00,0000,0000,00,00,0000,0000,00,00,0000,0000,00,00,0000,0000,00,01,8f80,0000,02,00,0000,0000,00,00,0000,0000,00,00,0000,0000,00
561,00,0000,0000,00,00,0000,0000,00,00,0000,0000,00,00,0000,0000,00,00,0000,0000,00,00,0000,0000,00,01,8d80,0000,01,00,0000,0000,00,00,0000,0000,00,00,0000,0000,00
562,00,0000,0000,00,00,0000,0000,00,00,0000,0000,00,00,0000,0000,00,00,0000,0000,00,00,0000,0000,00,01,8b80,0000,03,00,0000,0000,00,00,0000,0000,00,00,0000,0000,00
563,00,0000,0000,00,00,0000,0000,00,00,0000,0000,00,00,0000,0000,00,00,0000,0000,00,00,0000,0000,00,01,8980,0000,02,00,0000,0000,00,00,0000,0000,00,00,0000,0000,00
564,00,0000,0000,00,00,0000,0000,00,00,0000,0000,00,00,0000,0000,00,00,0000,0000,00,00,0000,0000,00,01,8780,0000,01,00,0000,0000,00,00,0000,0000,00,00,0000,0000,00
565,00,0000,0000,00,00,0000,0000,00,00,0000,0000,00,00,0000,0000,00,00,0000,0000,00,00,0000,0000,00,01,8580,0000,03,00,0000,0000,00,00,0000,0000,00,00,0000,0000,00
566,00,0000,0000,00,00,0000,0000,00,00,0000,0000,00,00,0000,0000,00,00,0000,0000,00,00,0000,0000,00,01,8380,0000,02,00,0000,0000,00,00,0000,0000,00,00,0000,0000,00
567,00,0000,0000,00,00,0000,0000,00,00,0000,0000,00,00,0000,0000,00,00,0000,0000,00,00,0000,0000,00,01,8180,0000,01,00,0000,0000,00,00,0000,0000,00,00,0000,0000,00
568,00,0000,0000,00,00,0000,0000,00,00,0000,0000,00,00,0000,0000,00,00,0000,0000,00,00,0000,0000,00,01,7f80,0000,03,00,0000,0000,00,00,0000,0000,00,00,0000,0000,00
569,00,0000,0000,00,00,0000,0000,00,00,0000,0000,00,00,0000,0000,00,00,0000,0000,00,00,0000,0000,00,01,7d80,0000,02,00,0000,0000,00,00,0000,0000,00,00,0000,0000,00
570,00,0000,0000,00,00,0000,0000,00,00,0000,0000,00,00,0000,0000,00,00,0000,0000,00,00,0000,0000,00,01,7b80,0000,01,00,0000,0000,00,00,0000,0000,00,00,0000,0000,00
571,00,0000,0000,00,00,0000,0000,00,00,0000,0000,00,00,0000,0000,00,00,0000,0000,00,00,0000,0000,00,01,7980,0000,03,00,0000,0000,00,00,0000,0000,00,00,0000,0000,00
572,00,0000,0000,00,00,0000,0000,00,00,0000,0000,00,00,0000,0000,00,00,0000,0000,00,00,0000,0000,00,01,7780,0000,02,00,0000,0000,00,00,0000,0000,00,00,0000,0000,00
573,00,0000,0000,00,00,0000,0000,00,00,0000,0000,00,00,0000,0000,00,00,0000,0000,00,00,0000,0000,00,01,7580,0000,01,00,0000,0000,00,00,0000,0000,00,00,0000,0000,00
574,00,0000,0000,00,00,0000,0000,00,00,0000,0000,00,00,0000,0000,00,00,0000,0000,00,00,0000,0000,00,01,7380,0000,03,00,0000,0000,00,00,0000,0000,00,00,0000,0000,00
575,00,0000,0000,00,00,0000,0000,00,00,0000,0000,00,00,0000,0000,00,00,0000,0000,00,00,0000,0000,00,01,7180,0000,02,00,0000,0000,00,00,0000,0000,00,00,0000,0000,00
576,00,0000,0000,00,00,0000,0000,00,00,0000,0000,00,00,0000,0000,00,00,0000,0000,00,00,0000,0000,00,01,6f80,0000,01,00,0000,0000,00,00,0000,0000,00,00,0000,0000,00
577,00,0000,0000,00,00,0000,0000,00,00,0000,0000,00,00,0000,0000,00,00,0000,0000,00,00,0000,0000,00,01,6d80,0000,03,00,0000,0000,00,00,0000,0000,00,00,0000,0000,00
578,00,0000,0000,00,00,0000,0000,00,00,0000,0000,00,00,0000,0000,00,00,0000,0000,00,00,0000,0000,00,01,6b80,0000,02,00,0000,0000,00,00,0000,0000,00,00,0000,0000,00
579,00,0000,0000,00,00,0000,0000,00,00,0000,0000,00,00,0000,0000,00,00,0000,0000,00,00,0000,0000,00,01,6980,0000,01,00,0000,0000,00,00,0000,0000,00,00,0000,0000,00
580,00,0000,0000,00,00,0000,0000,00,00,0000,0000,00,00,0000,0000,00,00,0000,0000,00,00,0000,0000,00,01,6780,0000,03,00,0000,0000,00,00,0000,0000,00,00,0000,0000,00
581,00,0000,0000,00,00,0000,0000,00,00,0000,0000,00,00,0000,0000,00,00,0000,0000,00,00,0000,0000,00,01,6580,0000,02,00,0000,0000,00,00,0000,0000,00,00,0000,0000,00
582,00,0000,0000,00,00,0000,0000,00,00,0000,0000,00,00,0000,0000,00,00,0000,0000,00,00,0000,0000,00,01,6380,0000,01,00,0000,0000,00,00,0000,0000,00,00,0000,0000,00
583,00,0000,0000,00,00,0000,0000,00,00,0000,0000,00,00,0000,0000,00,00,0000,0000,00,00,0000,0000,00,01,6180,0000,03,00,0000,0000,00,00,0000,0000,00,00,0000,0000,00
584,00,0000,0000,00,00,0000,0000,00,00,0000,0000,00,00,0000,0000,00,00,0000,0000,00,00,0000,0000,00,01,5f80,0000,02,00,0000,0000,00,00,0000,0000,00,00,0000,0000,00
585,00,0000,0000,00,00,0000,0000,00,00,0000,0000,00,00,0000,0000,00,00,0000,0000,00,00,0000,0000,00,01,5d80,0000,01,00,0000,0000,00,00,0000,0000,00,00,0000,0000,00
586,00,0000,0000,00,00,0000,0000,00,00,0000,0000,00,00,0000,0000,00,00,0000,0000,00,00,0000,0000,00,01,5b80,0000,03,00,0000,0000,00,00,0000,0000,00,00,0000,0000,00
587,00,0000,0000,00,00,0000,0000,00,00,0000,0000,00,00,0000,0000,00,00,0000,0000,00,00,0000,0000,00,01,5980,0000,02,00,0000,0000,00,00,0000,0000,00,00,0000,0000,00
588,00,0000,0000,00,00,0000,0000,00,00,0000,0000,00,00,0000,0000,00,00,0000,0000,00,00,0000,0000,00,01,5780,0000,01,00,0000,0000,00,00,0000,0000,00,00,0000,0000,00
589,00,0000,0000,00,00,0000,0000,00,00,0000,0000,00,00,0000,0000,00,00,0000,0000,00,00,0000,0000,00,01,5580,0000,03,00,0000,0000,00,00,0000,0000,00,00,0000,0000,00
590,00,0000,0000,00,00,0000,0000,00,00,0000,0000,00,00,0000,0000,00,00,0000,0000,00,00,0000,0000,00,01,5380,0000,02,00,0000,0000,00,00,0000,0000,00,00,0000,0000,00
591,00,0000,0000,00,00,0000,0000,00,00,0000,0000,00,00,0000,0000,00,00,0000,0000,00,00,0000,0000,00,01,5180,0000,01,00,0000,0000,00,00,0000,0000,00,00,0000,0000,00
592,00,0000,0000,00,00,0000,0000,00,00,0000,0000,00,00,0000,0000,00,00,0000,0000,00,00,0000,0000,00,01,4f80,0000,03,00,0000,0000,00,00,0000,0000,00,00,0000,0000,00
593,00,0000,0000,00,00,0000,0000,00,00,0000,0000,00,00,0000,0000,00,00,0000,0000,00,00,0000,0000,00,01,4d80,0000,02,00,0000,0000,00,00,0000,0000,00,00,0000,0000,00
594,00,0000,0000,00,00,0000,0000,00,00,0000,0000,00,00,0000,0000,00,00,0000,0000,00,00,0000,0000,00,01,4b80,0000,01,00,0000,0000,00,00,0000,0000,00,00,0000,0000,00
595,00,0000,0000,00,00,0000,0000,00,00,0000,0000,00,00,0000,0000,00,00,0000,0000,00,00,0000,0000,00,01,4980,0000,03,00,0000,0000,00,00,0000,0000,00,00,0000,0000,00
596,00,0000,0000,00,00,0000,0000,00,00,0000,0000,00,00,0000,0000,00,00,0000,0000,00,00,0000,0000,00,01,4780,0000,02,00,0000,0000,00,00,0000,0000,00,00,0000,0000,00
597,00,0000,0000,00,00,0000,0000,00,00,0000,0000,00,00,0000,0000,00,00,0000,0000,00,00,0000,0000,00,01,4580,0000,01,00,0000,0000,00,00,0000,0000,00,00,0000,0000,00
598,00,0000,0000,00,00,0000,0000,00,00,0000,0000,00,00,0000,0000,00,00,0000,0000,00,00,0000,0000,00,01,4380,0000,03,00,0000,0000,00,00,0000,0000,00,00,0000,0000,00
599,00,0000,0000,00,00,0000,0000,00,00,0000,0000,00,00,0000,0000,00,00,0000,0000,00,00,0000,0000,00,01,4180,0000,02,00,0000,0000,00,00,0000,0000,00,00,0000,0000,00
600,00,0000,0000,00,00,0000,0000,00,00,0000,0000,00,00,0000,0000,00,00,0000,0000,00,00,0000,0000,00,01,3f80,0000,01,00,0000,0000,00,00,0000,0000,00,00,0000,0000,00
601,00,0000,0000,00,00,0000,0000,00,00,0000,0000,00,00,0000,0000,00,00,0000,0000,00,00,0000,0000,00,01,3d80,0000,03,00,0000,0000,00,00,0000,0000,00,00,0000,0000,00
602,00,0000,0000,00,00,0000,0000,00,00,0000,0000,00,00,0000,0000,00,00,0000,0000,00,00,0000,0000,00,01,3b80,0000,02,00,0000,0000,00,00,0000,0000,00,00,0000,0000,00
603,00,0000,0000,00,00,0000,0000,00,00,0000,0000,00,00,0000,0000,00,00,0000,0000,00,00,0000,0000,00,01,3980,0000,01,00,0000,0000,00,00,0000,0000,00,00,0000,0000,00
604,00,0000,0000,00,00,0000,0000,00,00,0000,0000,00,00,0000,0000,00,00,0000,0000,00,00,0000,0000,00,01,3780,0000,03,00,0000,0000,00,00,0000,0000,00,00,0000,0000,00
605,00,0000,0000,00,00,0000,0000,00,00,0000,0000,00,00,0000,0000,00,00,0000,0000,00,00,0000,0000,00,01,3580,0000,02,00,0000,0000,00,00,0000,0000,00,00,0000,0000,00
606,00,0000,0000,00,00,0000,0000,00,00,0000,0000,00,00,0000,0000,00,00,0000,0000,00,00,0000,0000,00,01,3380,0000,01,00,0000,0000,00,00,0000,0000,00,00,0000,0000,00
607,00,0000,0000,00,00,0000,0000,00,00,0000,0000,00,00,0000,0000,00,00,0000,0000,00,00,0000,0000,00,01,3180,0000,03,00,0000,0000,00,00,0000,0000,00,00,0000,0000,00
608,00,0000,0000,00,00,0000,0000,00,00,0000,0000,00,00,0000,0000,00,00,0000,0000,00,00,0000,0000,00,01,2f80,0000,02,00,0000,0000,00,00,0000,0000,00,00,0000,0000,00
609,00,0000,0000,00,00,0000,0000,00,00,0000,0000,00,00,0000,0000,00,00,0000,0000,00,00,0000,0000,00,01,2d80,0000,01,00,0000,0000,00,00,0000,0000,00,00,0000,0000,00
610,00,0000,0000,00,00,0000,0000,00,00,0000,0000,00,00,0000,0000,00,00,0000,0000,00,00,0000,0000,00,01,2b80,0000,03,00,0000,0000,00,00,0000,0000,00,00,0000,0000,00
611,00,0000,0000,00,00,0000,0000,00,00,0000,0000,00,00,0000,0000,00,00,0000,0000,00,00,0000,0000,00,01,2980,0000,02,00,0000,0000,00,00,0000,0000,00,00,0000,0000,00
612,00,0000,0000,00,00,0000,0000,00,00,0000,0000,00,00,0000,0000,00,00,0000,0000,00,00,0000,0000,00,01,2780,0000,01,00,0000,0000,00,00,0000,0000,00,00,0000,0000,00
613,00,0000,0000,00,00,0000,0000,00,00,0000,0000,00,00,0000,0000,00,00,0000,0000,00,00,0000,0000,00,01,2580,0000,03,00,0000,0000,00,00,0000,0000,00,00,0000,0000,00
614,00,0000,0000,00,00,0000,0000,00,00,0000,0000,00,00,0000,0000,00,00,0000,0000,00,00,0000,0000,00,01,2380,0000,02,00,0000,0000,00,00,0000,0000,00,00,0000,0000,00
615,00,0000,0000,00,00,0000,0000,00,00,0000,0000,00,00,0000,0000,00,00,0000,0000,00,00,0000,0000,00,01,2180,0000,01,00,0000,0000,00,00,0000,0000,00,00,0000,0000,00
616,00,0000,0000,00,00,0000,0000,00,00,0000,0000,00,00,0000,0000,00,00,0000,0000,00,00,0000,0000,00,01,1f80,0000,03,01,fd80,0000,03,00,0000,0000,00,00,0000,0000,00
617,00,0000,0000,00,00,0000,0000,00,00,0000,0000,00,00,0000,0000,00,00,0000,0000,00,00,0000,0000,00,01,1d80,0000,02,01,fb80,0000,02,00,0000,0000,00,00,0000,0000,00
618,00,0000,0000,00,00,0000,0000,00,00,0000,0000,00,00,0000,0000,00,00,0000,0000,00,00,0000,0000,00,01,1b80,0000,01,01,f980,0000,01,00,0000,0000,00,00,0000,0000,00
619,00,0000,0000,00,00,0000,0000,00,00,0000,0000,00,00,0000,0000,00,00,0000,0000,00,00,0000,0000,00,01,1980,0000,03,01,f780,0000,03,00,0000,0000,00,00,0000,0000,00
620,00,0000,0000,00,00,0000,0000,00,00,0000,0000,00,00,0000,0000,00,00,0000,0000,00,00,0000,0000,00,01,1780,0000,02,01,f580,0000,02,00,0000,0000,00,00,0000,0000,00
621,00,0000,0000,00,00,0000,0000,00,00,0000,0000,00,00,0000,0000,00,00,0000,0000,00,00,0000,0000,00,01,1580,0000,01,01,f380,0000,01,00,0000,0000,00,00,0000,0000,00
622,00,0000,0000,00,00,0000,0000,00,00,0000,0000,00,00,0000,0000,00,00,0000,0000,00,00,0000,0000,00,01,1380,0000,03,01,f180,0000,03,00,0000,0000,00,00,0000,0000,00
623,00,0000,0000,00,00,0000,0000,00,00,0000,0000,00,00,0000,0000,00,00,0000,0000,00,00,0000,0000,00,01,1180,0000,02,01,ef80,0000,02,00,0000,0000,00,00,0000,0000,00
624,00,0000,0000,00,00,0000,0000,00,00,0000,0000,00,00,0000,0000,00,00,0000,0000,00,00,0000,0000,00,01,0f80,0000,01,01,ed80,0000,01,00,0000,0000,00,00,0000,0000,00
625,00,0000,0000,00,00,0000,0000,00,00,0000,0000,00,00,0000,0000,00,00,0000,0000,00,00,0000,0000,00,01,0d80,0000,03,01,eb80,0000,03,00,0000,0000,00,00,0000,0000,00
626,00,0000,0000,00,00,0000,0000,00,00,0000,0000,00,00,0000,0000,00,00,0000,0000,00,00,0000,0000,00,01,0b80,0000,02,01,e980,0000,02,00,0000,0000,00,00,0000,0000,00
627,00,0000,0000,00,00,0000,0000,00,00,0000,0000,00,00,0000,0000,00,00,0000,0000,00,00,0000,0000,00,01,0980,0000,01,01,e780,0000,01,00,0000,0000,00,00,0000,0000,00
628,00,0000,0000,00,00,0000,0000,00,00,0000,0000,00,00,0000,0000,00,00,0000,0000,00,00,0000,0000,00,01,0780,0000,03,01,e580,0000,03,00,0000,0000,00,00,0000,0000,00
629,00,0000,0000,00,00,0000,0000,00,00,0000,0000,00,00,0000,0000,00,00,0000,0000,00,00,0000,0000,00,01,0580,0000,02,01,e380,0000,02,00,0000,0000,00,00,0000,0000,00
630,00,0000,0000,00,00,0000,0000,00,00,0000,0000,00,00,0000,0000,00,00,0000,0000,00,00,0000,0000,00,01,0380,0000,01,01,e180,0000,01,00,0000,0000,00,00,0000,0000,00
631,00,0000,0000,00,00,0000,0000,00,00,0000,0000,00,00,0000,0000,00,00,0000,0000,00,00,0000,0000,00,01,0180,0000,03,01,df80,0000,03,00,0000,0000,00,00,0000,0000,00
632,00,0000,0000,00,00,0000,0000,00,00,0000,0000,00,00,0000,0000,00,00,0000,0000,00,00,0000,0000,00,00,0000,0000,03,01,dd80,0000,02,00,0000,0000,00,00,0000,0000,00
633,00,0000,0000,00,00,0000,0000,00,00,0000,0000,00,00,0000,0000,00,00,0000,0000,00,00,0000,0000,00,00,0000,0000,03,01,db80,0000,01,00,0000,0000,00,00,0000,0000,00
634,00,0000,0000,00,00,0000,0000,00,00,0000,0000,00,00,0000,0000,00,00,0000,0000,00,00,0000,0000,00,00,0000,0000,03,01,d980,0000,03,00,0000,0000,00,00,0000,0000,00
635,00,0000,0000,00,00,0000,0000,00,00,0000,0000,00,00,0000,0000,00,00,0000,0000,00,00,0000,0000,00,00,0000,0000,03,01,d780,0000,02,00,0000,0000,00,00,0000,0000,00
636,00,0000,0000,00,00,0000,0000,00,00,0000,0000,00,00,0000,0000,00,00,0000,0000,00,00,0000,0000,00,00,0000,0000,03,01,d580,0000,01,00,0000,0000,00,00,0000,0000,00
637,00,0000,0000,00,00,0000,0000,00,00,0000,0000,00,00,0000,0000,00,00,0000,0000,00,00,0000,0000,00,00,0000,0000,03,01,d380,0000,03,00,0000,0000,00,00,0000,0000,00
638,00,0000,0000,00,00,0000,0000,00,00,0000,0000,00,00,0000,0000,00,00,0000,0000,00,00,0000,0000,00,00,0000,0000,03,01,d180,0000,02,00,0000,0000,00,00,0000,0000,00
639,00,0000,0000,00,00,0000,0000,00,00,0000,0000,00,00,0000,0000,00,00,0000,0000,00,00,0000,0000,00,00,0000,0000,03,01,cf80,0000,01,00,0000,0000,00,00,0000,0000,00
640,00,0000,0000,00,00,0000,0000,00,00,0000,0000,00,00,0000,0000,00,00,0000,0000,00,00,0000,0000,00,00,0000,0000,03,01,cd80,0000,03,00,0000,0000,00,00,0000,0000,00
641,00,0000,0000,00,00,0000,0000,00,00,0000,0000,00,00,0000,0000,00,00,0000,0000,00,00,0000,0000,00,00,0000,0000,03,01,cb80,0000,02,00,0000,0000,00,00,0000,0000,00
642,00,0000,0000,00,00,0000,0000,00,00,0000,0000,00,00,0000,0000,00,00,0000,0000,00,00,0000,0000,00,00,0000,0000,03,01,c980,0000,01,00,0000,0000,00,00,0000,0000,00
643,00,0000,0000,00,00,0000,0000,00,00,0000,0000,00,00,0000,0000,00,00,0000,0000,00,00,0000,0000,00,00,0000,0000,03,01,c780,0000,03,00,0000,0000,00,00,0000,0000,00
644,00,0000,0000,00,00,0000,0000,00,00,0000,0000,00,00,0000,0000,00,00,0000,0000,00,00,0000,0000,00,00,0000,0000,03,01,c580,0000,02,00,0000,0000,00,00,0000,0000,00
645,00,0000,0000,00,00,0000,0000,00,00,0000,0000,00,00,0000,0000,00,00,0000,0000,00,00,0000,0000,00,00,0000,0000,03,01,c380,0000,01,00,0000,0000,00,00,0000,0000,00
646,00,0000,0000,00,00,0000,0000,00,00,0000,0000,00,00,0000,0000,00,00,0000,0000,00,00,0000,0000,00,00,0000,0000,03,01,c180,0000,03,00,0000,0000,00,00,0000,0000,00
647,00,0000,0000,00,00,0000,0000,00,00,0000,0000,00,00,0000,0000,00,00,0000,0000,00,00,0000,0000,00,00,0000,0000,03,01,bf80,0000,02,00,0000,0000,00,00,0000,0000,00
648,00,0000,0000,00,00,0000,0000,00,00,0000,0000,00,00,0000,0000,00,00,0000,0000,00,00,0000,0000,00,00,0000,0000,03,01,bd80,0000,01,00,0000,0000,00,00,0000,0000,00
649,00,0000,0000,00,00,0000,0000,00,00,0000,0000,00,00,0000,0000,00,00,0000,0000,00,00,0000,0000,00,00,0000,0000,03,01,bb80,0000,03,00,0000,0000,00,00,0000,0000,00
650,00,0000,0000,00,00,0000,0000,00,00,0000,0000,00,00,0000,0000,00,00,0000,0000,00,00,0000,0000,00,00,0000,0000,03,01,b980,0000,02,00,0000,0000,00,00,0000,0000,00
651,00,0000,0000,00,00,0000,0000,00,00,0000,0000,00,00,0000,0000,00,00,0000,0000,00,00,0000,0000,00,00,0000,0000,03,01,b780,0000,01,00,0000,0000,00,00,0000,0000,00
652,00,0000,0000,00,00,0000,0000,00,00,0000,0000,00,00,0000,0000,00,00,0000,0000,00,00,0000,0000,00,00,0000,0000,03,01,b580,0000,03,00,0000,0000,00,00,0000,0000,00
653,00,0000,0000,00,00,0000,0000,00,00,0000,0000,00,00,0000,0000,00,00,0000,0000,00,00,0000,0000,00,00,0000,0000,03,01,b380,0000,02,00,0000,0000,00,00,0000,0000,00
654,00,0000,0000,00,00,0000,0000,00,00,0000,0000,00,00,0000,0000,00,00,0000,0000,00,00,0000,0000,00,00,0000,0000,03,01,b180,0000,01,00,0000,0000,00,00,0000,0000,00
655,00,0000,0000,00,00,0000,0000,00,00,0000,0000,00,00,0000,0000,00,00,0000,0000,00,00,0000,0000,00,00,0000,0000,03,01,af80,0000,03,00,0000,0000,00,00,0000,0000,00
656,00,0000,0000,00,00,0000,0000,00,00,0000,0000,00,00,0000,0000,00,00,0000,0000,00,00,0000,0000,00,00,0000,0000,03,01,ad80,0000,02,00,0000,0000,00,00,0000,0000,00
657,00,0000,0000,00,00,0000,0000,00,00,0000,0000,00,00,0000,0000,00,00,0000,0000,00,00,0000,0000,00,00,0000,0000,03,01,ab80,0000,01,00,0000,0000,00,00,0000,0000,00
658,00,0000,0000,00,00,0000,0000,00,00,0000,0000,00,00,0000,0000,00,00,0000,0000,00,00,0000,0000,00,00,0000,0000,03,01,a980,0000,03,00,0000,0000,00,00,0000,0000,00
659,00,0000,0000,00,00,0000,0000,00,00,0000,0000,00,00,0000,0000,00,00,0000,0000,00,00,0000,0000,00,00,0000,0000,03,01,a780,0000,02,00,0000,0000,00,00,0000,0000,00
660,00,0000,0000,00,00,0000,0000,00,00,0000,0000,00,00,0000,0000,00,00,0000,0000,00,00,0000,0000,00,00,0000,0000,03,01,a580,0000,01,00,0000,0000,00,00,0000,0000,00
661,00,0000,0000,00,00,0000,0000,00,00,0000,0000,00,00,0000,0000,00,00,0000,0000,00,00,0000,0000,00,00,0000,0000,03,01,a380,0000,03,00,0000,0000,00,00,0000,0000,00
662,00,0000,0000,00,00,0000,0000,00,00,0000,0000,00,00,0000,0000,00,00,0000,0000,00,00,0000,0000,00,00,0000,0000,03,01,a180,0000,02,00,0000,0000,00,00,0000,0000,00
663,00,0000,0000,00,00,0000,0000,00,00,0000,0000,00,00,0000,0000,00,00,0000,0000,00,00,0000,0000,00,00,0000,0000,03,01,9f80,0000,01,00,0000,0000,00,00,0000,0000,00
664,00,0000,0000,00,00,0000,0000,00,00,0000,0000,00,00,0000,0000,00,00,0000,0000,00,00,0000,0000,00,00,0000,0000,03,01,9d80,0000,03,00,0000,0000,00,00,0000,0000,00
665,00,0000,0000,00,00,0000,0000,00,00,0000,0000,00,00,0000,0000,00,00,0000,0000,00,00,0000,0000,00,00,0000,0000,03,01,9b80,0000,02,00,0000,0000,00,00,0000,0000,00
666,00,0000,0000,00,00,0000,0000,00,00,0000,0000,00,00,0000,0000,00,00,0000,0000,00,00,0000,0000,00,00,0000,0000,03,01,9980,0000,01,00,0000,0000,00,00,0000,0000,00
667,00,0000,0000,00,00,0000,0000,00,00,0000,0000,00,00,0000,0000,00,00,0000,0000,00,00,0000,0000,00,00,0000,0000,03,01,9780,0000,03,00,0000,0000,00,00,0000,0000,00
668,00,0000,0000,00,00,0000,0000,00,00,0000,0000,00,00,0000,0000,00,00,0000,0000,00,00,0000,0000,00,00,0000,0000,03,01,9580,0000,02,00,0000,0000,00,00,0000,0000,00
669,00,0000,0000,00,00,0000,0000,00,00,0000,0000,00,00,0000,0000,00,00,0000,0000,00,00,0000,0000,00,00,0000,0000,03,01,9380,0000,01,00,0000,0000,00,00,0000,0000,00
670,00,0000,0000,00,00,0000,0000,00,00,0000,0000,00,00,0000,0000,00,00,0000,0000,00,00,0000,0000,00,00,0000,0000,03,01,9180,0000,03,00,0000,0000,00,00,0000,0000,00
671,00,0000,0000,00,00,0000,0000,00,00,0000,0000,00,00,0000,0000,00,00,0000,0000,00,00,0000,0000,00,00,0000,0000,03,01,8f80,0000,02,00,0000,0000,00,00,0000,0000,00
672,00,0000,0000,00,00,0000,0000,00,00,0000,0000,00,00,0000,0000,00,00,0000,0000,00,00,0000,0000,00,00,0000,0000,03,01,8d80,0000,01,00,0000,0000,00,00,0000,0000,00
673,00,0000,0000,00,00,0000,0000,00,00,0000,0000,00,00,0000,0000,00,00,0000,0000,00,00,0000,0000,00,00,0000,0000,03,01,8b80,0000,03,00,0000,0000,00,00,0000,0000,00
674,00,0000,0000,00,00,0000,0000,00,00,0000,0000,00,00,0000,0000,00,00,0000,0000,00,00,0000,0000,00,00,0000,0000,03,01,8980,0000,02,00,0000,0000,00,00,0000,0000,00
675,00,0000,0000,00,00,0000,0000,00,00,0000,0000,00,00,0000,0000,00,00,0000,0000,00,00,0000,0000,00,00,0000,0000,03,01,8780,0000,01,00,0000,0000,00,00,0000,0000,00
676,00,0000,0000,00,00,0000,0000,00,00,0000,0000,00,00,0000,0000,00,00,0000,0000,00,00,0000,0000,00,00,0000,0000,03,01,8580,0000,03,00,0000,0000,00,00,0000,0000,00
677,00,0000,0000,00,00,0000,0000,00,00,0000,0000,00,00,0000,0000,00,00,0000,0000,00,00,0000,0000,00,00,0000,0000,03,01,8380,0000,02,00,0000,0000,00,00,0000,0000,00
678,00,0000,0000,00,00,0000,0000,00,00,0000,0000,00,00,0000,0000,00,00,0000,0000,00,00,0000,0000,00,00,0000,0000,03,01,8180,0000,01,00,0000,0000,00,00,0000,0000,00
679,00,0000,0000,00,00,0000,0000,00,00,0000,0000,00,00,0000,0000,00,00,0000,0000,00,00,0000,0000,00,00,0000,0000,03,01,7f80,0000,03,00,0000,0000,00,00,0000,0000,00
680,00,0000,0000,00,00,0000,0000,00,00,0000,0000,00,00,0000,0000,00,00,0000,0000,00,00,0000,0000,00,00,0000,0000,03,01,7d80,0000,02,00,0000,0000,00,00,0000,0000,00
681,00,0000,0000,00,00,0000,0000,00,00,0000,0000,00,00,0000,0000,00,00,0000,0000,00,00,0000,0000,00,00,0000,0000,03,01,7b80,0000,01,00,0000,0000,00,00,0000,0000,00
682,00,0000,0000,00,00,0000,0000,00,00,0000,0000,00,00,0000,0000,00,00,0000,0000,00,00,0000,0000,00,00,0000,0000,03,01,7980,0000,03,00,0000,0000,00,00,0000,0000,00
683,00,0000,0000,00,00,0000,0000,00,00,0000,0000,00,00,0000,0000,00,00,0000,0000,00,00,0000,0000,00,00,0000,0000,03,01,7780,0000,02,00,0000,0000,00,00,0000,0000,00
684,00,0000,0000,00,00,0000,0000,00,00,0000,0000,00,00,0000,0000,00,00,0000,0000,00,00,0000,0000,00,00,0000,0000,03,01,7580,0000,01,00,0000,0000,00,00,0000,0000,00
685,00,0000,0000,00,00,0000,0000,00,00,0000,0000,00,00,0000,0000,00,00,0000,0000,00,00,0000,0000,00,00,0000,0000,03,01,7380,0000,03,00,0000,0000,00,00,0000,0000,00
686,00,0000,0000,00,00,0000,0000,00,00,0000,0000,00,00,0000,0000,00,00,0000,0000,00,00,0000,0000,00,00,0000,0000,03,01,7180,0000,02,00,0000,0000,00,00,0000,0000,00
687,00,0000,0000,00,00,0000,0000,00,00,0000,0000,00,00,0000,0000,00,00,0000,0000,00,00,0000,0000,00,00,0000,0000,03,01,6f80,0000,01,00,0000,0000,00,00,0000,0000,00
688,00,0000,0000,00,00,0000,0000,00,00,0000,0000,00,00,0000,0000,00,00,0000,0000,00,00,0000,0000,00,00,0000,0000,03,01,6d80,0000,03,00,0000,0000,00,00,0000,0000,00
689,00,0000,0000,00,00,0000,0000,00,00,0000,0000,00,00,0000,0000,00,00,0000,0000,00,00,0000,0000,00,00,0000,0000,03,01,6b80,0000,02,00,0000,0000,00,00,0000,0000,00
690,00,0000,0000,00,00,0000,0000,00,00,0000,0000,00,00,0000,0000,00,00,0000,0000,00,00,0000,0000,00,00,0000,0000,03,01,6980,0000,01,00,0000,0000,00,00,0000,0000,00
691,00,0000,0000,00,00,0000,0000,00,00,0000,0000,00,00,0000,0000,00,00,0000,0000,00,00,0000,0000,00,00,0000,0000,03,01,6780,0000,03,00,0000,0000,00,00,0000,0000,00
692,00,0000,0000,00,00,0000,0000,00,00,0000,0000,00,00,0000,0000,00,00,0000,0000,00,00,0000,0000,00,00,0000,0000,03,01,6580,0000,02,00,0000,0000,00,00,0000,0000,00
693,00,0000,0000,00,00,0000,0000,00,00,0000,0000,00,00,0000,0000,00,00,0000,0000,00,00,0000,0000,00,00,0000,0000,03,01,6380,0000,01,00,0000,0000,00,00,0000,0000,00
694,00,0000,0000,00,00,0000,0000,00,00,0000,0000,00,00,0000,0000,00,00,0000,0000,00,00,0000,0000,00,00,0000,0000,03,01,6180,0000,03,00,0000,0000,00,00,0000,0000,00
695,00,0000,0000,00,00,0000,0000,00,00,0000,0000,00,00,0000,0000,00,00,0000,0000,00,00,0000,0000,00,00,0000,0000,03,01,5f80,0000,02,00,0000,0000,00,00,0000,0000,00
696,00,0000,0000,00,00,0000,0000,00,00,0000,0000,00,00,0000,0000,00,00,0000,0000,00,00,0000,0000,00,00,0000,0000,03,01,5d80,0000,01,00,0000,0000,00,00,0000,0000,00
697,00,0000,0000,00,00,0000,0000,00,00,0000,0000,00,00,0000,0000,00,00,0000,0000,00,00,0000,0000,00,00,0000,0000,03,01,5b80,0000,03,00,0000,0000,00,00,0000,0000,00
698,00,0000,0000,00,00,0000,0000,00,00,0000,0000,00,00,0000,0000,00,00,0000,0000,00,00,0000,0000,00,00,0000,0000,03,01,5980,0000,02,00,0000,0000,00,00,0000,0000,00
699,00,0000,0000,00,00,0000,0000,00,00,0000,0000,00,00,0000,0000,00,00,0000,0000,00,00,0000,0000,00,00,0000,0000,03,01,5780,0000,01,00,0000,0000,00,00,0000,0000,00
700,00,0000,0000,00,00,0000,0000,00,00,0000,0000,00,00,0000,0000,00,00,0000,0000,00,00,0000,0000,00,00,0000,0000,03,01,5580,0000,03,00,0000,0000,00,00,0000,0000,00
701,00,0000,0000,00,00,0000,0000,00,00,0000,0000,00,00,0000,0000,00,00,0000,0000,00,00,0000,0000,00,00,0000,0000,03,01,5380,0000,02,00,0000,0000,00,00,0000,0000,00
702,00,0000,0000,00,00,0000,0000,00,00,0000,0000,00,00,0000,0000,00,00,0000,0000,00,00,0000,0000,00,00,0000,0000,03,01,5180,0000,01,00,0000,0000,00,00,0000,0000,00
703,00,0000,0000,00,00,0000,0000,00,00,0000,0000,00,00,0000,0000,00,00,0000,0000,00,00,0000,0000,00,00,0000,0000,03,01,4f80,0000,03,00,0000,0000,00,00,0000,0000,00
704,00,0000,0000,00,00,0000,0000,00,00,0000,0000,00,00,0000,0000,00,00,0000,0000,00,00,0000,0000,00,00,0000,0000,03,01,4d80,0000,02,00,0000,0000,00,00,0000,0000,00
705,00,0000,0000,00,00,0000,0000,00,00,0000,0000,00,00,0000,0000,00,00,0000,0000,00,00,0000,0000,00,00,0000,0000,03,01,4b80,0000,01,00,0000,0000,00,00,0000,0000,00
706,00,0000,0000,00,00,0000,0000,00,00,0000,0000,00,00,0000,0000,00,00,0000,0000,00,00,0000,0000,00,00,0000,0000,03,01,4980,0000,03,00,0000,0000,00,00,0000,0000,00
707,00,0000,0000,00,00,0000,0000,00,00,0000,0000,00,00,0000,0000,00,00,0000,0000,00,00,0000,0000,00,00,0000,0000,03,01,4780,0000,02,00,0000,0000,00,00,0000,0000,00
708,00,0000,0000,00,00,0000,0000,00,00,0000,0000,00,00,0000,0000,00,00,0000,0000,00,00,0000,0000,00,00,0000,0000,03,01,4580,0000,01,00,0000,0000,00,00,0000,0000,00
709,00,0000,0000,00,00,0000,0000,00,00,0000,0000,00,00,0000,0000,00,00,0000,0000,00,00,0000,0000,00,00,0000,0000,03,01,4380,0000,03,00,0000,0000,00,00,0000,0000,00
710,00,0000,0000,00,00,0000,0000,00,00,0000,0000,00,00,0000,0000,00,00,0000,0000,00,00,0000,0000,00,00,0000,0000,03,01,4180,0000,02,00,0000,0000,00,00,0000,0000,00
711,00,0000,0000,00,00,0000,0000,00,00,0000,0000,00,00,0000,0000,00,00,0000,0000,00,00,0000,0000,00,00,0000,0000,03,01,3f80,0000,01,00,0000,0000,00,00,0000,0000,00
712,00,0000,0000,00,00,0000,0000,00,00,0000,0000,00,00,0000,0000,00,00,0000,0000,00,00,0000,0000,00,00,0000,0000,03,01,3d80,0000,03,00,0000,0000,00,00,0000,0000,00
713,00,0000,0000,00,00,0000,0000,00,00,0000,0000,00,00,0000,0000,00,00,0000,0000,00,00,0000,0000,00,00,0000,0000,03,01,3b80,0000,02,00,0000,0000,00,00,0000,0000,00
714,00,0000,0000,00,00,0000,0000,00,00,0000,0000,00,00,0000,0000,00,00,0000,0000,00,00,0000,0000,00,00,0000,0000,03,01,3980,0000,01,00,0000,0000,00,00,0000,0000,00
715,00,0000,0000,00,00,0000,0000,00,00,0000,0000,00,00,0000,0000,00,00,0000,0000,00,00,0000,0000,00,00,0000,0000,03,01,3780,0000,03,00,0000,0000,00,00,0000,0000,00
716,00,0000,0000,00,00,0000,0000,00,00,0000,0000,00,00,0000,0000,00,00,0000,0000,00,00,0000,0000,00,00,0000,0000,03,01,3580,0000,02,00,0000,0000,00,00,0000,0000,00
717,00,0000,0000,00,00,0000,0000,00,00,0000,0000,00,00,0000,0000,00,00,0000,0000,00,00,0000,0000,00,00,0000,0000,03,01,3380,0000,01,00,0000,0000,00,00,0000,0000,00
718,00,0000,0000,00,00,0000,0000,00,00,0000,0000,00,00,0000,0000,00,00,0000,0000,00,00,0000,0000,00,00,0000,0000,03,01,3180,0000,03,00,0000,0000,00,00,0000,0000,00
719,00,0000,0000,00,00,0000,0000,00,00,0000,0000,00,00,0000,0000,00,00,0000,0000,00,00,0000,0000,00,00,0000,0000,03,01,2f80,0000,02,00,0000,0000,00,00,0000,0000,00
720,00,0000,0000,00,00,0000,0000,00,00,0000,0000,00,00,0000,0000,00,00,0000,0000,00,00,0000,0000,00,00,0000,0000,03,01,2d80,0000,01,00,0000,0000,00,00,0000,0000,00
721,00,0000,0000,00,00,0000,0000,00,00,0000,0000,00,00,0000,0000,00,00,0000,0000,00,00,0000,0000,00,00,0000,0000,03,01,2b80,0000,03,00,0000,0000,00,00,0000,0000,00
722,00,0000,0000,00,00,0000,0000,00,00,0000,0000,00,00,0000,0000,00,00,0000,0000,00,00,0000,0000,00,00,0000,0000,03,01,2980,0000,02,00,0000,0000,00,00,0000,0000,00
723,00,0000,0000,00,00,0000,0000,00,00,0000,0000,00,00,0000,0000,00,00,0000,0000,00,00,0000,0000,00,00,0000,0000,03,01,2780,0000,01,00,0000,0000,00,00,0000,0000,00
724,00,0000,0000,00,00,0000,0000,00,00,0000,0000,00,00,0000,0000,00,00,0000,0000,00,00,0000,0000,00,00,0000,0000,03,01,2580,0000,03,00,0000,0000,00,00,0000,0000,00
725,00,0000,0000,00,00,0000,0000,00,00,0000,0000,00,00,0000,0000,00,00,0000,0000,00,00,0000,0000,00,00,0000,0000,03,01,2380,0000,02,00,0000,0000,00,00,0000,0000,00
726,00,0000,0000,00,00,0000,0000,00,00,0000,0000,00,00,0000,0000,00,00,0000,0000,00,00,0000,0000,00,00,0000,0000,03,01,2180,0000,01,00,0000,0000,00,00,0000,0000,00
727,00,0000,0000,00,00,0000,0000,00,00,0000,0000,00,00,0000,0000,00,00,0000,0000,00,00,0000,0000,00,00,0000,0000,03,01,1f80,0000,03,00,0000,0000,00,00,0000,0000,00
728,00,0000,0000,00,00,0000,0000,00,00,0000,0000,00,00,0000,0000,00,00,0000,0000,00,00,0000,0000,00,00,0000,0000,03,01,1d80,0000,02,00,0000,0000,00,00,0000,0000,00
729,00,0000,0000,00,00,0000,0000,00,00,0000,0000,00,00,0000,0000,00,00,0000,0000,00,00,0000,0000,00,00,0000,0000,03,01,1b80,0000,01,00,0000,0000,00,00,0000,0000,00
730,00,0000,0000,00,00,0000,0000,00,00,0000,0000,00,00,0000,0000,00,00,0000,0000,00,00,0000,0000,00,00,0000,0000,03,01,1980,0000,03,00,0000,0000,00,00,0000,0000,00
731,00,0000,0000,00,00,0000,0000,00,00,0000,0000,00,00,0000,0000,00,00,0000,0000,00,00,0000,0000,00,00,0000,0000,03,01,1780,0000,02,00,0000,0000,00,00,0000,0000,00
732,00,0000,0000,00,00,0000,0000,00,00,0000,0000,00,00,0000,0000,00,00,0000,0000,00,00,0000,0000,00,00,0000,0000,03,01,1580,0000,01,00,0000,0000,00,00,0000,0000,00
733,00,0000,0000,00,00,0000,0000,00,00,0000,0000,00,00,0000,0000,00,00,0000,0000,00,00,0000,0000,00,00,0000,0000,03,01,1380,0000,03,00,0000,0000,00,00,0000,0000,00
734,00,0000,0000,00,00,0000,0000,00,00,0000,0000,00,00,0000,0000,00,00,0000,0000,00,00,0000,0000,00,00,0000,0000,03,01,1180,0000,02,00,0000,0000,00,00,0000,0000,00
735,00,0000,0000,00,00,0000,0000,00,00,0000,0000,00,00,0000,0000,00,00,0000,0000,00,00,0000,0000,00,00,0000,0000,03,01,0f80,0000,01,00,0000,0000,00,00,0000,0000,00
736,00,0000,0000,00,00,0000,0000,00,00,0000,0000,00,00,0000,0000,00,00,0000,0000,00,00,0000,0000,00,00,0000,0000,03,01,0d80,0000,03,00,0000,0000,00,00,0000,0000,00
737,00,0000,0000,00,00,0000,0000,00,00,0000,0000,00,00,0000,0000,00,00,0000,0000,00,00,0000,0000,00,00,0000,0000,03,01,0b80,0000,02,00,0000,0000,00,00,0000,0000,00
738,00,0000,0000,00,00,0000,0000,00,00,0000,0000,00,00,0000,0000,00,00,0000,0000,00,00,0000,0000,00,00,0000,0000,03,01,0980,0000,01,00,0000,0000,00,00,0000,0000,00
739,00,0000,0000,00,00,0000,0000,00,00,0000,0000,00,00,0000,0000,00,00,0000,0000,00,00,0000,0000,00,01,fd80,0000,03,01,0780,0000,03,00,0000,0000,00,00,0000,0000,00
740,00,0000,0000,00,00,0000,0000,00,00,0000,0000,00,00,0000,0000,00,00,0000,0000,00,00,0000,0000,00,01,fb80,0000,02,01,0580,0000,02,00,0000,0000,00,00,0000,0000,00
741,00,0000,0000,00,00,0000,0000,00,00,0000,0000,00,00,0000,0000,00,00,0000,0000,00,00,0000,0000,00,01,f980,0000,01,01,0380,0000,01,00,0000,0000,00,00,0000,0000,00
742,00,0000,0000,00,00,0000,0000,00,00,0000,0000,00,00,0000,0000,00,00,0000,0000,00,00,0000,0000,00,01,f780,0000,03,01,0180,0000,03,00,0000,0000,00,00,0000,0000,00
743,00,0000,0000,00,00,0000,0000,00,00,0000,0000,00,00,0000,0000,00,00,0000,0000,00,00,0000,0000,00,01,f830,0000,02,01,0230,0000,02,00,0000,0000,00,00,0000,0000,00
744,00,0000,0000,00,00,0000,0000,00,00,0000,0000,00,00,0000,0000,00,00,0000,0000,00,00,0000,0000,00,01,f8e0,0000,01,01,02e0,0000,01,00,0000,0000,00,00,0000,0000,00
745,00,0000,0000,00,00,0000,0000,00,00,0000,0000,00,00,0000,0000,00,00,0000,0000,00,00,0000,0000,00,01,f990,0000,03,01,0390,0000,03,00,0000,0000,00,00,0000,0000,00
746,00,0000,0000,00,00,0000,0000,00,00,0000,0000,00,00,0000,0000,00,00,0000,0000,00,00,0000,0000,00,01,fa40,0000,02,01,0440,0000,02,00,0000,0000,00,00,0000,0000,00
747,00,0000,0000,00,00,0000,0000,00,00,0000,0000,00,00,0000,0000,00,00,0000,0000,00,00,0000,0000,00,01,faf0,0000,01,01,04f0,0000,01,00,0000,0000,00,00,0000,0000,00
748,00,0000,0000,00,00,0000,0000,00,00,0000,0000,00,00,0000,0000,00,00,0000,0000,00,00,0000,0000,00,01,fba0,0000,03,01,05a0,0000,03,00,0000,0000,00,00,0000,0000,00
749,00,0000,0000,00,00,0000,0000,00,00,0000,0000,00,00,0000,0000,00,00,0000,0000,00,00,0000,0000,00,01,fc50,0000,02,01,0650,0000,02,00,0000,0000,00,00,0000,0000,00
750,00,0000,0000,00,00,0000,0000,00,00,0000,0000,00,00,0000,0000,00,00,0000,0000,00,00,0000,0000,00,01,fd00,0000,01,01,0700,0000,01,00,0000,0000,00,00,0000,0000,00
751,00,0000,0000,00,00,0000,0000,00,00,0000,0000,00,00,0000,0000,00,00,0000,0000,00,00,0000,0000,00,01,fdb0,0000,03,01,07b0,0000,03,00,0000,0000,00,00,0000,0000,00
752,00,0000,0000,00,00,0000,0000,00,00,0000,0000,00,00,0000,0000,00,00,0000,0000,00,00,0000,0000,00,01,fe60,0000,02,01,0860,0000,02,00,0000,0000,00,00,0000,0000,00
753,00,0000,0000,00,00,0000,0000,00,00,0000,0000,00,00,0000,0000,00,00,0000,0000,00,00,0000,0000,00,01,ff10,0000,01,01,0910,0000,01,00,0000,0000,00,00,0000,0000,00
754,00,0000,0000,00,00,0000,0000,00,00,0000,0000,00,00,0000,0000,00,00,0000,0000,00,00,0000,0000,00,01,ffc0,0000,03,01,09c0,0000,03,00,0000,0000,00,00,0000,0000,00
755,00,0000,0000,00,00,0000,0000,00,00,0000,0000,00,00,0000,0000,00,00,0000,0000,00,00,0000,0000,00,00,0000,0000,03,01,0a70,0000,02,00,0000,0000,00,00,0000,0000,00
756,00,0000,0000,00,00,0000,0000,00,00,0000,0000,00,00,0000,0000,00,00,0000,0000,00,00,0000,0000,00,00,0000,0000,03,01,0b20,0000,01,00,0000,0000,00,00,0000,0000,00
757,00,0000,0000,00,00,0000,0000,00,00,0000,0000,00,00,0000,0000,00,00,0000,0000,00,00,0000,0000,00,00,0000,0000,03,01,0bd0,0000,03,00,0000,0000,00,00,0000,0000,00
758,00,0000,0000,00,00,0000,0000,00,00,0000,0000,00,00,0000,0000,00,00,0000,0000,00,00,0000,0000,00,00,0000,0000,03,01,0c80,0000,02,00,0000,0000,00,00,0000,0000,00
759,00,0000,0000,00,00,0000,0000,00,00,0000,0000,00,00,0000,0000,00,00,0000,0000,00,00,0000,0000,00,00,0000,0000,03,01,0d30,0000,01,00,0000,0000,00,00,0000,0000,00
760,00,0000,0000,00,00,0000,0000,00,00,0000,0000,00,00,0000,0000,00,00,0000,0000,00,00,0000,0000,00,00,0000,0000,03,01,0de0,0000,03,00,0000,0000,00,00,0000,0000,00
761,00,0000,0000,00,00,0000,0000,00,00,0000,0000,00,00,0000,0000,00,00,0000,0000,00,00,0000,0000,00,00,0000,0000,03,01,0e90,0000,02,00,0000,0000,00,00,0000,0000,00
762,00,0000,0000,00,00,0000,0000,00,00,0000,0000,00,00,0000,0000,00,00,0000,0000,00,00,0000,0000,00,00,0000,0000,03,01,0f40,0000,01,00,0000,0000,00,00,0000,0000,00
763,00,0000,0000,00,00,0000,0000,00,00,0000,0000,00,00,0000,0000,00,00,0000,0000,00,00,0000,0000,00,00,0000,0000,03,01,0ff0,0000,03,00,0000,0000,00,00,0000,0000,00
764,00,0000,0000,00,00,0000,0000,00,00,0000,0000,00,00,0000,0000,00,00,0000,0000,00,00,0000,0000,00,00,0000,0000,03,01,10a0,0000,02,00,0000,0000,00,00,0000,0000,00
765,00,0000,0000,00,00,0000,0000,00,00,0000,0000,00,00,0000,0000,00,00,0000,0000,00,00,0000,0000,00,00,0000,0000,03,01,1150,0000,01,00,0000,0000,00,00,0000,0000,00
766,00,0000,0000,00,00,0000,0000,00,00,0000,0000,00,00,0000,0000,00,00,0000,0000,00,00,0000,0000,00,00,0000,0000,03,01,1200,0000,03,00,0000,0000,00,00,0000,0000,00
767,00,0000,0000,00,00,0000,0000,00,00,0000,0000,00,00,0000,0000,00,00,0000,0000,00,00,0000,0000,00,00,0000,0000,03,01,12b0,0000,02,00,0000,0000,00,00,0000,0000,00
768,00,0000,0000,00,00,0000,0000,00,00,0000,0000,00,00,0000,0000,00,00,0000,0000,00,00,0000,0000,00,00,0000,0000,03,01,1360,0000,01,00,0000,0000,00,00,0000,0000,00
769,00,0000,0000,00,00,0000,0000,00,00,0000,0000,00,00,0000,0000,00,00,0000,0000,00,00,0000,0000,00,00,0000,0000,03,01,1410,0000,03,00,0000,0000,00,00,0000,0000,00
770,00,0000,0000,00,00,0000,0000,00,00,0000,0000,00,00,0000,0000,00,00,0000,0000,00,00,0000,0000,00,00,0000,0000,03,01,14c0,0000,02,00,0000,0000,00,00,0000,0000,00
771,00,0000,0000,00,00,0000,0000,00,00,0000,0000,00,00,0000,0000,00,00,0000,0000,00,00,0000,0000,00,00,0000,0000,03,01,1570,0000,01,00,0000,0000,00,00,0000,0000,00
772,00,0000,0000,00,00,0000,0000,00,00,0000,0000,00,00,0000,0000,00,00,0000,0000,00,00,0000,0000,00,00,0000,0000,03,01,1620,0000,03,00,0000,0000,00,00,0000,0000,00
773,00,0000,0000,00,00,0000,0000,00,00,0000,0000,00,00,0000,0000,00,00,0000,0000,00,00,0000,0000,00,00,0000,0000,03,01,16d0,0000,02,00,0000,0000,00,00,0000,0000,00
774,00,0000,0000,00,00,0000,0000,00,00,0000,0000,00,00,0000,0000,00,00,0000,0000,00,00,0000,0000,00,00,0000,0000,03,01,1780,0000,01,00,0000,0000,00,00,0000,0000,00
775,00,0000,0000,00,00,0000,0000,00,00,0000,0000,00,00,0000,0000,00,00,0000,0000,00,00,0000,0000,00,00,0000,0000,03,01,1830,0000,03,00,0000,0000,00,00,0000,0000,00
776,00,0000,0000,00,00,0000,0000,00,00,0000,0000,00,00,0000,0000,00,00,0000,0000,00,00,0000,0000,00,00,0000,0000,03,01,18e0,0000,02,00,0000,0000,00,00,0000,0000,00
777,00,0000,0000,00,00,0000,0000,00,00,0000,0000,00,00,0000,0000,00,00,0000,0000,00,00,0000,0000,00,00,0000,0000,03,01,1990,0000,01,00,0000,0000,00,00,0000,0000,00
778,00,0000,0000,00,00,0000,0000,00,00,0000,0000,00,00,0000,0000,00,00,0000,0000,00,00,0000,0000,00,00,0000,0000,03,01,1a40,0000,03,00,0000,0000,00,00,0000,0000,00
779,00,0000,0000,00,00,0000,0000,00,00,0000,0000,00,00,0000,0000,00,00,0000,0000,00,00,0000,0000,00,00,0000,0000,03,01,1af0,0000,02,00,0000,0000,00,00,0000,0000,00
780,00,0000,0000,00,00,0000,0000,00,00,0000,0000,00,00,0000,0000,00,00,0000,0000,00,00,0000,0000,00,00,0000,0000,03,01,1ba0,0000,01,00,0000,0000,00,00,0000,0000,00
781,00,0000,0000,00,00,0000,0000,00,00,0000,0000,00,00,0000,0000,00,00,0000,0000,00,00,0000,0000,00,00,0000,0000,03,01,1c50,0000,03,00,0000,0000,00,00,0000,0000,00
782,00,0000,0000,00,00,0000,0000,00,00,0000,0000,00,00,0000,0000,00,00,0000,0000,00,00,0000,0000,00,00,0000,0000,03,01,1d00,0000,02,00,0000,0000,00,00,0000,0000,00
783,00,0000,0000,00,00,0000,0000,00,00,0000,0000,00,00,0000,0000,00,00,0000,0000,00,00,0000,0000,00,00,0000,0000,03,01,1db0,0000,01,00,0000,0000,00,00,0000,0000,00
784,00,0000,0000,00,00,0000,0000,00,00,0000,0000,00,00,0000,0000,00,00,0000,0000,00,00,0000,0000,00,00,0000,0000,03,01,1e60,0000,03,00,0000,0000,00,00,0000,0000,00
785,00,0000,0000,00,00,0000,0000,00,00,0000,0000,00,00,0000,0000,00,00,0000,0000,00,00,0000,0000,00,00,0000,0000,03,01,1f10,0000,02,00,0000,0000,00,00,0000,0000,00
786,00,0000,0000,00,00,0000,0000,00,00,0000,0000,00,00,0000,0000,00,00,0000,0000,00,00,0000,0000,00,00,0000,0000,03,01,1fc0,0000,01,00,0000,0000,00,00,0000,0000,00
787,00,0000,0000,00,00,0000,0000,00,00,0000,0000,00,00,0000,0000,00,00,0000,0000,00,00,0000,0000,00,00,0000,0000,03,01,2070,0000,03,00,0000,0000,00,00,0000,0000,00
788,00,0000,0000,00,00,0000,0000,00,00,0000,0000,00,00,0000,0000,00,00,0000,0000,00,00,0000,0000,00,00,0000,0000,03,01,2120,0000,02,00,0000,0000,00,00,0000,0000,00
789,00,0000,0000,00,00,0000,0000,00,00,0000,0000,00,00,0000,0000,00,00,0000,0000,00,00,0000,0000,00,00,0000,0000,03,01,21d0,0000,01,00,0000,0000,00,00,0000,0000,00
790,00,0000,0000,00,00,0000,0000,00,00,0000,0000,00,00,0000,0000,00,00,0000,0000,00,00,0000,0000,00,00,0000,0000,03,01,2280,0000,03,00,0000,0000,00,00,0000,0000,00
791,00,0000,0000,00,00,0000,0000,00,00,0000,0000,00,00,0000,0000,00,00,0000,0000,00,00,0000,0000,00,00,0000,0000,03,01,2330,0000,02,00,0000,0000,00,00,0000,0000,00
792,00,0000,0000,00,00,0000,0000,00,00,0000,0000,00,00,0000,0000,00,00,0000,0000,00,00,0000,0000,00,00,0000,0000,03,01,23e0,0000,01,00,0000,0000,00,00,0000,0000,00
793,00,0000,0000,00,00,0000,0000,00,00,0000,0000,00,00,0000,0000,00,00,0000,0000,00,00,0000,0000,00,00,0000,0000,03,01,2490,0000,03,00,0000,0000,00,00,0000,0000,00
794,00,0000,0000,00,00,0000,0000,00,00,0000,0000,00,00,0000,0000,00,00,0000,0000,00,00,0000,0000,00,00,0000,0000,03,01,2540,0000,02,00,0000,0000,00,00,0000,0000,00
795,00,0000,0000,00,00,0000,0000,00,00,0000,0000,00,00,0000,0000,00,00,0000,0000,00,00,0000,0000,00,00,0000,0000,03,01,25f0,0000,01,00,0000,0000,00,00,0000,0000,00
796,00,0000,0000,00,00,0000,0000,00,00,0000,0000,00,00,0000,0000,00,00,0000,0000,00,00,0000,0000,00,00,0000,0000,03,01,26a0,0000,03,00,0000,0000,00,00,0000,0000,00
797,00,0000,0000,00,00,0000,0000,00,00,0000,0000,00,00,0000,0000,00,00,0000,0000,00,00,0000,0000,00,00,0000,0000,03,01,2750,0000,02,00,0000,0000,00,00,0000,0000,00
798,00,0000,0000,00,00,0000,0000,00,00,0000,0000,00,00,0000,0000,00,00,0000,0000,00,00,0000,0000,00,00,0000,0000,03,01,2800,0000,01,00,0000,0000,00,00,0000,0000,00
799,00,0000,0000,00,00,0000,0000,00,00,0000,0000,00,00,0000,0000,00,00,0000,0000,00,00,0000,0000,00,00,0000,0000,03,01,28b0,0000,03,00,0000,0000,00,00,0000,0000,00
800,00,0000,0000,00,00,0000,0000,00,00,0000,0000,00,00,0000,0000,00,00,0000,0000,00,00,0000,0000,00,00,0000,0000,03,01,2960,0000,02,00,0000,0000,00,00,0000,0000,00
801,00,0000,0000,00,00,0000,0000,00,00,0000,0000,00,00,0000,0000,00,00,0000,0000,00,00,0000,0000,00,00,0000,0000,03,01,2a10,0000,01,00,0000,0000,00,00,0000,0000,00
802,00,0000,0000,00,00,0000,0000,00,00,0000,0000,00,00,0000,0000,00,00,0000,0000,00,00,0000,0000,00,00,0000,0000,03,01,2ac0,0000,03,00,0000,0000,00,00,0000,0000,00
803,00,0000,0000,00,00,0000,0000,00,00,0000,0000,00,00,0000,0000,00,00,0000,0000,00,00,0000,0000,00,00,0000,0000,03,01,2b70,0000,02,00,0000,0000,00,00,0000,0000,00
804,00,0000,0000,00,00,0000,0000,00,00,0000,0000,00,00,0000,0000,00,00,0000,0000,00,00,0000,0000,00,00,0000,0000,03,01,2c20,0000,01,00,0000,0000,00,00,0000,0000,00
805,00,0000,0000,00,00,0000,0000,00,00,0000,0000,00,00,0000,0000,00,00,0000,0000,00,00,0000,0000,00,00,0000,0000,03,01,2cd0,0000,03,00,0000,0000,00,00,0000,0000,00
806,00,0000,0000,00,00,0000,0000,00,00,0000,0000,00,00,0000,0000,00,00,0000,0000,00,00,0000,0000,00,00,0000,0000,03,01,2d80,0000,02,00,0000,0000,00,00,0000,0000,00
807,00,0000,0000,00,00,0000,0000,00,00,0000,0000,00,00,0000,0000,00,00,0000,0000,00,00,0000,0000,00,00,0000,0000,03,01,2e30,0000,01,00,0000,0000,00,00,0000,0000,00
808,00,0000,0000,00,00,0000,0000,00,00,0000,0000,00,00,0000,0000,00,00,0000,0000,00,00,0000,0000,00,00,0000,0000,03,01,2ee0,0000,03,00,0000,0000,00,00,0000,0000,00
809,00,0000,0000,00,00,0000,0000,00,00,0000,0000,00,00,0000,0000,00,00,0000,0000,00,00,0000,0000,00,00,0000,0000,03,01,2f90,0000,02,00,0000,0000,00,00,0000,0000,00
810,00,0000,0000,00,00,0000,0000,00,00,0000,0000,00,00,0000,0000,00,00,0000,0000,00,00,0000,0000,00,00,0000,0000,03,01,3040,0000,01,00,0000,0000,00,00,0000,0000,00
811,00,0000,0000,00,00,0000,0000,00,00,0000,0000,00,00,0000,0000,00,00,0000,0000,00,00,0000,0000,00,00,0000,0000,03,01,30f0,0000,03,00,0000,0000,00,00,0000,0000,00
812,00,0000,0000,00,00,0000,0000,00,00,0000,0000,00,00,0000,0000,00,00,0000,0000,00,00,0000,0000,00,00,0000,0000,03,01,31a0,0000,02,00,0000,0000,00,00,0000,0000,00
813,00,0000,0000,00,00,0000,0000,00,00,0000,0000,00,00,0000,0000,00,00,0000,0000,00,00,0000,0000,00,00,0000,0000,03,01,3250,0000,01,00,0000,0000,00,00,0000,0000,00
814,00,0000,0000,00,00,0000,0000,00,00,0000,0000,00,00,0000,0000,00,00,0000,0000,00,00,0000,0000,00,00,0000,0000,03,01,3300,0000,03,00,0000,0000,00,00,0000,0000,00
815,00,0000,0000,00,00,0000,0000,00,00,0000,0000,00,00,0000,0000,00,00,0000,0000,00,00,0000,0000,00,00,0000,0000,03,01,33b0,0000,02,00,0000,0000,00,00,0000,0000,00
816,00,0000,0000,00,00,0000,0000,00,00,0000,0000,00,00,0000,0000,00,00,0000,0000,00,00,0000,0000,00,00,0000,0000,03,01,3460,0000,01,00,0000,0000,00,00,0000,0000,00
817,00,0000,0000,00,00,0000,0000,00,00,0000,0000,00,00,0000,0000,00,00,0000,0000,00,00,0000,0000,00,00,0000,0000,03,01,3510,0000,03,00,0000,0000,00,00,0000,0000,00
818,00,0000,0000,00,00,0000,0000,00,00,0000,0000,00,00,0000,0000,00,00,0000,0000,00,00,0000,0000,00,00,0000,0000,03,01,35c0,0000,02,00,0000,0000,00,00,0000,0000,00
819,00,0000,0000,00,00,0000,0000,00,00,0000,0000,00,00,0000,0000,00,00,0000,0000,00,00,0000,0000,00,00,0000,0000,03,01,3670,0000,01,00,0000,0000,00,00,0000,0000,00
820,00,0000,0000,00,00,0000,0000,00,00,0000,0000,00,00,0000,0000,00,00,0000,0000,00,00,0000,0000,00,00,0000,0000,03,01,3720,0000,03,00,0000,0000,00,00,0000,0000,00
821,00,0000,0000,00,00,0000,0000,00,00,0000,0000,00,00,0000,0000,00,00,0000,0000,00,00,0000,0000,00,00,0000,0000,03,01,37d0,0000,02,00,0000,0000,00,00,0000,0000,00
822,00,0000,0000,00,00,0000,0000,00,00,0000,0000,00,00,0000,0000,00,00,0000,0000,00,00,0000,0000,00,00,0000,0000,03,01,3880,0000,01,00,0000,0000,00,00,0000,0000,00
823,00,0000,0000,00,00,0000,0000,00,00,0000,0000,00,00,0000,0000,00,00,0000,0000,00,00,0000,0000,00,00,0000,0000,03,01,3930,0000,03,00,0000,0000,00,00,0000,0000,00
824,00,0000,0000,00,00,0000,0000,00,00,0000,0000,00,00,0000,0000,00,00,0000,0000,00,00,0000,0000,00,00,0000,0000,03,01,39e0,0000,02,00,0000,0000,00,00,0000,0000,00
825,00,0000,0000,00,00,0000,0000,00,00,0000,0000,00,00,0000,0000,00,00,0000,0000,00,00,0000,0000,00,00,0000,0000,03,01,3a90,0000,01,00,0000,0000,00,00,0000,0000,00
826,00,0000,0000,00,00,0000,0000,00,00,0000,0000,00,00,0000,0000,00,00,0000,0000,00,00,0000,0000,00,00,0000,0000,03,01,3b40,0000,03,00,0000,0000,00,00,0000,0000,00
827,00,0000,0000,00,00,0000,0000,00,00,0000,0000,00,00,0000,0000,00,00,0000,0000,00,00,0000,0000,00,00,0000,0000,03,01,3bf0,0000,02,00,0000,0000,00,00,0000,0000,00
828,00,0000,0000,00,00,0000,0000,00,00,0000,0000,00,00,0000,0000,00,00,0000,0000,00,00,0000,0000,00,00,0000,0000,03,01,3ca0,0000,01,00,0000,0000,00,00,0000,0000,00
829,00,0000,0000,00,00,0000,0000,00,00,0000,0000,00,00,0000,0000,00,00,0000,0000,00,00,0000,0000,00,00,0000,0000,03,01,3d50,0000,03,00,0000,0000,00,00,0000,0000,00
830,00,0000,0000,00,00,0000,0000,00,00,0000,0000,00,00,0000,0000,00,00,0000,0000,00,00,0000,0000,00,00,0000,0000,03,01,3e00,0000,02,00,0000,0000,00,00,0000,0000,00
831,00,0000,0000,00,00,0000,0000,00,00,0000,0000,00,00,0000,0000,00,00,0000,0000,00,00,0000,0000,00,00,0000,0000,03,01,3eb0,0000,01,00,0000,0000,00,00,0000,0000,00
832,00,0000,0000,00,00,0000,0000,00,00,0000,0000,00,00,0000,0000,00,00,0000,0000,00,00,0000,0000,00,00,0000,0000,03,01,3f60,0000,03,00,0000,0000,00,00,0000,0000,00
833,00,0000,0000,00,00,0000,0000,00,00,0000,0000,00,00,0000,0000,00,00,0000,0000,00,00,0000,0000,00,00,0000,0000,03,01,4010,0000,02,00,0000,0000,00,00,0000,0000,00
834,00,0000,0000,00,00,0000,0000,00,00,0000,0000,00,00,0000,0000,00,00,0000,0000,00,00,0000,0000,00,00,0000,0000,03,01,40c0,0000,01,00,0000,0000,00,00,0000,0000,00
835,00,0000,0000,00,00,0000,0000,00,00,0000,0000,00,00,0000,0000,00,00,0000,0000,00,00,0000,0000,00,00,0000,0000,03,01,4170,0000,03,00,0000,0000,00,00,0000,0000,00
836,00,0000,0000,00,00,0000,0000,00,00,0000,0000,00,00,0000,0000,00,00,0000,0000,00,00,0000,0000,00,00,0000,0000,03,01,4220,0000,02,00,0000,0000,00,00,0000,0000,00
837,00,0000,0000,00,00,0000,0000,00,00,0000,0000,00,00,0000,0000,00,00,0000,0000,00,00,0000,0000,00,00,0000,0000,03,01,42d0,0000,01,00,0000,0000,00,00,0000,0000,00
838,00,0000,0000,00,00,0000,0000,00,00,0000,0000,00,00,0000,0000,00,00,0000,0000,00,00,0000,0000,00,00,0000,0000,03,01,4380,0000,03,00,0000,0000,00,00,0000,0000,00
839,00,0000,0000,00,00,0000,0000,00,00,0000,0000,00,00,0000,0000,00,00,0000,0000,00,00,0000,0000,00,00,0000,0000,03,01,4430,0000,02,00,0000,0000,00,00,0000,0000,00
840,00,0000,0000,00,00,0000,0000,00,00,0000,0000,00,00,0000,0000,00,00,0000,0000,00,00,0000,0000,00,00,0000,0000,03,01,44e0,0000,01,00,0000,0000,00,00,0000,0000,00
841,00,0000,0000,00,00,0000,0000,00,00,0000,0000,00,00,0000,0000,00,00,0000,0000,00,00,0000,0000,00,00,0000,0000,03,01,4590,0000,03,00,0000,0000,00,00,0000,0000,00
842,00,0000,0000,00,00,0000,0000,00,00,0000,0000,00,00,0000,0000,00,00,0000,0000,00,00,0000,0000,00,00,0000,0000,03,01,4640,0000,02,00,0000,0000,00,00,0000,0000,00
843,00,0000,0000,00,00,0000,0000,00,00,0000,0000,00,00,0000,0000,00,00,0000,0000,00,00,0000,0000,00,00,0000,0000,03,01,46f0,0000,01,00,0000,0000,00,00,0000,0000,00
844,00,0000,0000,00,00,0000,0000,00,00,0000,0000,00,00,0000,0000,00,00,0000,0000,00,00,0000,0000,00,00,0000,0000,03,01,47a0,0000,03,00,0000,0000,00,00,0000,0000,00
845,00,0000,0000,00,00,0000,0000,00,00,0000,0000,00,00,0000,0000,00,00,0000,0000,00,00,0000,0000,00,00,0000,0000,03,01,4850,0000,02,00,0000,0000,00,00,0000,0000,00
846,00,0000,0000,00,00,0000,0000,00,00,0000,0000,00,00,0000,0000,00,00,0000,0000,00,00,0000,0000,00,00,0000,0000,03,01,4900,0000,01,00,0000,0000,00,00,0000,0000,00
847,00,0000,0000,00,00,0000,0000,00,00,0000,0000,00,00,0000,0000,00,00,0000,0000,00,00,0000,0000,00,00,0000,0000,03,01,49b0,0000,03,00,0000,0000,00,00,0000,0000,00
848,00,0000,0000,00,00,0000,0000,00,00,0000,0000,00,00,0000,0000,00,00,0000,0000,00,00,0000,0000,00,00,0000,0000,03,01,4a60,0000,02,00,0000,0000,00,00,0000,0000,00
849,00,0000,0000,00,00,0000,0000,00,00,0000,0000,00,00,0000,0000,00,00,0000,0000,00,00,0000,0000,00,00,0000,0000,03,01,4b10,0000,01,00,0000,0000,00,00,0000,0000,00
850,00,0000,0000,00,00,0000,0000,00,00,0000,0000,00,00,0000,0000,00,00,0000,0000,00,00,0000,0000,00,00,0000,0000,03,01,4bc0,0000,03,00,0000,0000,00,00,0000,0000,00
851,00,0000,0000,00,00,0000,0000,00,00,0000,0000,00,00,0000,0000,00,00,0000,0000,00,00,0000,0000,00,00,0000,0000,03,01,4c70,0000,02,00,0000,0000,00,00,0000,0000,00
852,00,0000,0000,00,00,0000,0000,00,00,0000,0000,00,00,0000,0000,00,00,0000,0000,00,00,0000,0000,00,00,0000,0000,03,01,4d20,0000,01,00,0000,0000,00,00,0000,0000,00
853,00,0000,0000,00,00,0000,0000,00,00,0000,0000,00,00,0000,0000,00,00,0000,0000,00,00,0000,0000,00,00,0000,0000,03,01,4dd0,0000,03,00,0000,0000,00,00,0000,0000,00
854,00,0000,0000,00,00,0000,0000,00,00,0000,0000,00,00,0000,0000,00,00,0000,0000,00,00,0000,0000,00,00,0000,0000,03,01,4e80,0000,02,00,0000,0000,00,00,0000,0000,00
855,00,0000,0000,00,00,0000,0000,00,00,0000,0000,00,00,0000,0000,00,00,0000,0000,00,00,0000,0000,00,00,0000,0000,03,01,4f30,0000,01,00,0000,0000,00,00,0000,0000,00
856,00,0000,0000,00,00,0000,0000,00,00,0000,0000,00,00,0000,0000,00,00,0000,0000,00,00,0000,0000,00,00,0000,0000,03,01,4fe0,0000,03,00,0000,0000,00,00,0000,0000,00
857,00,0000,0000,00,00,0000,0000,00,00,0000,0000,00,00,0000,0000,00,00,0000,0000,00,00,0000,0000,00,00,0000,0000,03,01,5090,0000,02,00,0000,0000,00,00,0000,0000,00
858,00,0000,0000,00,00,0000,0000,00,00,0000,0000,00,00,0000,0000,00,00,0000,0000,00,00,0000,0000,00,00,0000,0000,03,01,5140,0000,01,00,0000,0000,00,00,0000,0000,00
859,00,0000,0000,00,00,0000,0000,00,00,0000,0000,00,00,0000,0000,00,00,0000,0000,00,00,0000,0000,00,00,0000,0000,03,01,51f0,0000,03,00,0000,0000,00,00,0000,0000,00
860,00,0000,0000,00,00,0000,0000,00,00,0000,0000,00,00,0000,0000,00,00,0000,0000,00,00,0000,0000,00,00,0000,0000,03,01,52a0,0000,02,00,0000,0000,00,00,0000,0000,00
861,00,0000,0000,00,00,0000,0000,00,00,0000,0000,00,00,0000,0000,00,00,0000,0000,00,00,0000,0000,00,00,0000,0000,03,01,5350,0000,01,00,0000,0000,00,00,0000,0000,00
862,00,0000,0000,00,00,0000,0000,00,00,0000,0000,00,00,0000,0000,00,00,0000,0000,00,00,0000,0000,00,00,0000,0000,03,01,5400,0000,03,00,0000,0000,00,00,0000,0000,00
863,00,0000,0000,00,00,0000,0000,00,00,0000,0000,00,00,0000,0000,00,00,0000,00ff,00,00,0000,0000,00,00,0000,0000,03,01,54b0,0000,02,00,0000,0000,00,00,0000,0000,00
864,00,0000,0000,00,00,0000,0000,00,00,0000,0000,00,00,0000,0000,00,00,0000,00ff,00,00,0000,0000,00,00,0000,0000,03,01,5560,0000,01,00,0000,0000,00,00,0000,0000,00
865,00,0000,0000,00,00,0000,0000,00,00,0000,0000,00,00,0000,0000,00,00,0000,00ff,00,00,0000,0000,00,00,0000,0000,03,01,5610,0000,03,00,0000,0000,00,00,0000,0000,00
866,00,0000,0000,00,00,0000,0000,00,00,0000,0000,00,00,0000,0000,00,00,0000,00ff,00,00,0000,0000,00,00,0000,0000,03,01,56c0,0000,02,00,0000,0000,00,00,0000,0000,00
867,00,0000,0000,00,00,0000,0000,00,00,0000,0000,00,00,0000,0000,00,00,0000,00ff,00,00,0000,0000,00,00,0000,0000,03,01,5770,0000,01,00,0000,0000,00,00,0000,0000,00
868,00,0000,0000,00,00,0000,0000,00,00,0000,0000,00,00,0000,0000,00,00,0000,00ff,00,00,0000,0000,00,00,0000,0000,03,01,5820,0000,03,00,0000,0000,00,00,0000,0000,00
869,00,0000,0000,00,00,0000,0000,00,00,0000,0000,00,00,0000,0000,00,00,0000,00ff,00,00,0000,0000,00,00,0000,0000,03,01,58d0,0000,02,00,0000,0000,00,00,0000,0000,00
870,00,0000,0000,00,00,0000,0000,00,00,0000,0000,00,00,0000,0000,00,00,0000,00ff,00,00,0000,0000,00,00,0000,0000,03,01,5980,0000,01,00,0000,0000,00,00,0000,0000,00
871,00,0000,0000,00,00,0000,0000,00,00,0000,0000,00,00,0000,0000,00,00,0000,00ff,00,00,0000,0000,00,00,0000,0000,03,01,5a30,0000,03,00,0000,0000,00,00,0000,0000,00
872,00,0000,0000,00,00,0000,0000,00,00,0000,0000,00,00,0000,0000,00,00,0000,00ff,00,00,0000,0000,00,00,0000,0000,03,01,5ae0,0000,02,00,0000,0000,00,00,0000,0000,00
873,00,0000,0000,00,00,0000,0000,00,00,0000,0000,00,00,0000,0000,00,00,0000,00ff,00,00,0000,0000,00,00,0000,0000,03,01,5b90,0000,01,00,0000,0000,00,00,0000,0000,00
874,00,0000,0000,00,00,0000,0000,00,00,0000,0000,00,00,0000,0000,00,00,0000,00ff,00,00,0000,0000,00,00,0000,0000,03,01,5c40,0000,03,00,0000,0000,00,00,0000,0000,00
875,00,0000,0000,00,00,0000,0000,00,00,0000,0000,00,00,0000,0000,00,00,0000,00ff,00,00,0000,0000,00,00,0000,0000,03,01,5cf0,0000,02,00,0000,0000,00,00,0000,0000,00
876,00,0000,0000,00,00,0000,0000,00,00,0000,0000,00,00,0000,0000,00,00,0000,00ff,00,00,0000,0000,00,00,0000,0000,03,01,5da0,0000,01,00,0000,0000,00,00,0000,0000,00
877,00,0000,0000,00,00,0000,0000,00,00,0000,0000,00,00,0000,0000,00,00,0000,00ff,00,00,0000,0000,00,00,0000,0000,03,01,5e50,0000,03,00,0000,0000,00,00,0000,0000,00
878,00,0000,0000,00,00,0000,0000,00,00,0000,0000,00,00,0000,0000,00,00,0000,00ff,00,00,0000,0000,00,00,0000,0000,03,01,5f00,0000,02,00,0000,0000,00,00,0000,0000,00
879,00,0000,0000,00,00,0000,0000,00,00,0000,0000,00,00,0000,0000,00,00,0000,00ff,00,00,0000,0000,00,00,0000,0000,03,01,5fb0,0000,01,00,0000,0000,00,00,0000,0000,00
880,00,0000,0000,00,00,0000,0000,00,00,0000,0000,00,00,0000,0000,00,00,0000,00ff,00,00,0000,0000,00,00,0000,0000,03,01,6060,0000,03,00,0000,0000,00,00,0000,0000,00
881,00,0000,0000,00,00,0000,0000,00,00,0000,0000,00,00,0000,0000,00,00,0000,00ff,00,00,0000,0000,00,00,0000,0000,03,01,6110,0000,02,00,0000,0000,00,00,0000,0000,00
882,00,0000,0000,00,00,0000,0000,00,00,0000,0000,00,00,0000,0000,00,00,0000,00ff,00,00,0000,0000,00,00,0000,0000,03,01,61c0,0000,01,00,0000,0000,00,00,0000,0000,00
883,00,0000,0000,00,00,0000,0000,00,00,0000,0000,00,00,0000,0000,00,00,0000,00ff,00,00,0000,0000,00,00,0000,0000,03,01,6270,0000,03,00,0000,0000,00,00,0000,0000,00
884,00,0000,0000,00,00,0000,0000,00,00,0000,0000,00,00,0000,0000,00,00,0000,00ff,00,00,0000,0000,00,00,0000,0000,03,01,6320,0000,02,00,0000,0000,00,00,0000,0000,00
885,00,0000,0000,00,00,0000,0000,00,00,0000,0000,00,00,0000,0000,00,00,0000,00ff,00,00,0000,0000,00,00,0000,0000,03,01,63d0,0000,01,00,0000,0000,00,00,0000,0000,00
886,00,0000,0000,00,00,0000,0000,00,00,0000,0000,00,00,0000,0000,00,00,0000,00ff,00,00,0000,0000,00,00,0000,0000,03,01,6480,0000,03,00,0000,0000,00,00,0000,0000,00
887,00,0000,0000,00,00,0000,0000,00,00,0000,0000,00,00,0000,0000,00,00,0000,00ff,00,00,0000,0000,00,00,0000,0000,03,01,6530,0000,02,00,0000,0000,00,00,0000,0000,00
888,00,0000,0000,00,00,0000,0000,00,00,0000,0000,00,00,0000,0000,00,00,0000,00ff,00,00,0000,0000,00,00,0000,0000,03,01,65e0,0000,01,00,0000,0000,00,00,0000,0000,00
889,00,0000,0000,00,00,0000,0000,00,00,0000,0000,00,00,0000,0000,00,00,0000,00ff,00,00,0000,0000,00,00,0000,0000,03,01,6690,0000,03,00,0000,0000,00,00,0000,0000,00
890,00,0000,0000,00,00,0000,0000,00,00,0000,0000,00,00,0000,0000,00,00,0000,00ff,00,00,0000,0000,00,00,0000,0000,03,01,6740,0000,02,00,0000,0000,00,00,0000,0000,00
891,00,0000,0000,00,00,0000,0000,00,00,0000,0000,00,00,0000,0000,00,00,0000,00ff,00,00,0000,0000,00,00,0000,0000,03,01,67f0,0000,01,00,0000,0000,00,00,0000,0000,00
892,00,0000,0000,00,00,0000,0000,00,00,0000,0000,00,00,0000,0000,00,00,0000,00ff,00,00,0000,0000,00,00,0000,0000,03,01,68a0,0000,03,00,0000,0000,00,00,0000,0000,00
893,00,0000,0000,00,00,0000,0000,00,00,0000,0000,00,00,0000,0000,00,00,0000,00ff,00,00,0000,0000,00,00,0000,0000,03,01,6950,0000,02,00,0000,0000,00,00,0000,0000,00
894,00,0000,0000,00,00,0000,0000,00,00,0000,0000,00,00,0000,0000,00,00,0000,00ff,00,00,0000,0000,00,00,0000,0000,03,01,6a00,0000,01,00,0000,0000,00,00,0000,0000,00
895,00,0000,0000,00,00,0000,0000,00,00,0000,0000,00,00,0000,0000,00,00,0000,00ff,00,00,0000,0000,00,00,0000,0000,03,01,6ab0,0000,03,00,0000,0000,00,00,0000,0000,00
896,00,0000,0000,00,00,0000,0000,00,00,0000,0000,00,00,0000,0000,00,00,0000,00ff,00,00,0000,0000,00,00,0000,0000,03,01,6b60,0000,02,00,0000,0000,00,00,0000,0000,00
897,00,0000,0000,00,00,0000,0000,00,00,0000,0000,00,00,0000,0000,00,00,0000,00ff,00,00,0000,0000,00,00,0000,0000,03,01,6c10,0000,01,00,0000,0000,00,00,0000,0000,00
898,00,0000,0000,00,00,0000,0000,00,00,0000,0000,00,00,0000,0000,00,00,0000,00ff,00,00,0000,0000,00,00,0000,0000,03,01,6cc0,0000,03,00,0000,0000,00,00,0000,0000,00
899,00,0000,0000,00,00,0000,0000,00,00,0000,0000,00,00,0000,0000,00,00,0000,00ff,00,00,0000,0000,00,00,0000,0000,03,01,6d70,0000,02,00,0000,0000,00,00,0000,0000,00
900,00,0000,0000,00,00,0000,0000,00,00,0000,0000,00,00,0000,0000,00,00,0000,00ff,00,00,0000,0000,00,00,0000,0000,03,01,6e20,0000,01,00,0000,0000,00,00,0000,0000,00
901,00,0000,0000,00,00,0000,0000,00,00,0000,0000,00,00,0000,0000,00,00,0000,00ff,00,00,0000,0000,00,00,0000,0000,03,01,6ed0,0000,03,00,0000,0000,00,00,0000,0000,00
902,00,0000,0000,00,00,0000,0000,00,00,0000,0000,00,00,0000,0000,00,00,0000,00ff,00,00,0000,0000,00,00,0000,0000,03,01,6f80,0000,02,00,0000,0000,00,00,0000,0000,00
903,00,0000,0000,00,00,0000,0000,00,00,0000,0000,00,00,0000,0000,00,00,0000,00ff,00,00,0000,0000,00,00,0000,0000,03,01,7030,0000,01,00,0000,0000,00,00,0000,0000,00
904,00,0000,0000,00,00,0000,0000,00,00,0000,0000,00,00,0000,0000,00,00,0000,00ff,00,00,0000,0000,00,00,0000,0000,03,01,70e0,0000,03,00,0000,0000,00,00,0000,0000,00
905,00,0000,0000,00,00,0000,0000,00,00,0000,0000,00,00,0000,0000,00,00,0000,00ff,00,00,0000,0000,00,00,0000,0000,03,01,7190,0000,02,00,0000,0000,00,00,0000,0000,00
906,00,0000,0000,00,00,0000,0000,00,00,0000,0000,00,00,0000,0000,00,00,0000,00ff,00,00,0000,0000,00,00,0000,0000,03,01,7240,0000,01,00,0000,0000,00,00,0000,0000,00
907,00,0000,0000,00,00,0000,0000,00,00,0000,0000,00,00,0000,0000,00,00,0000,00ff,00,00,0000,0000,00,00,0000,0000,03,01,72f0,0000,03,00,0000,0000,00,00,0000,0000,00
908,00,0000,0000,00,00,0000,0000,00,00,0000,0000,00,00,0000,0000,00,00,0000,00ff,00,00,0000,0000,00,00,0000,0000,03,01,73a0,0000,02,00,0000,0000,00,00,0000,0000,00
909,00,0000,0000,00,00,0000,0000,00,00,0000,0000,00,00,0000,0000,00,00,0000,00ff,00,00,0000,0000,00,00,0000,0000,03,01,7450,0000,01,00,0000,0000,00,00,0000,0000,00
910,00,0000,0000,00,00,0000,0000,00,00,0000,0000,00,00,0000,0000,00,00,0000,00ff,00,00,0000,0000,00,00,0000,0000,03,01,7500,0000,03,00,0000,0000,00,00,0000,0000,00
911,00,0000,0000,00,00,0000,0000,00,00,0000,0000,00,00,0000,0000,00,00,0000,00ff,00,00,0000,0000,00,00,0000,0000,03,01,75b0,0000,02,00,0000,0000,00,00,0000,0000,00
912,00,0000,0000,00,00,0000,0000,00,00,0000,0000,00,00,0000,0000,00,00,0000,00ff,00,00,0000,0000,00,00,0000,0000,03,01,7660,0000,01,00,0000,0000,00,00,0000,0000,00
913,00,0000,0000,00,00,0000,0000,00,00,0000,0000,00,00,0000,0000,00,00,0000,00ff,00,00,0000,0000,00,00,0000,0000,03,01,7710,0000,03,00,0000,0000,00,00,0000,0000,00
914,00,0000,0000,00,00,0000,0000,00,00,0000,0000,00,00,0000,0000,00,00,0000,00ff,00,00,0000,0000,00,00,0000,0000,03,01,77c0,0000,02,00,0000,0000,00,00,0000,0000,00
915,00,0000,0000,00,00,0000,0000,00,00,0000,0000,00,00,0000,0000,00,00,0000,00ff,00,00,0000,0000,00,00,0000,0000,03,01,7870,0000,01,00,0000,0000,00,00,0000,0000,00
916,00,0000,0000,00,00,0000,0000,00,00,0000,0000,00,00,0000,0000,00,00,0000,00ff,00,00,0000,0000,00,00,0000,0000,03,01,7920,0000,03,00,0000,0000,00,00,0000,0000,00
917,00,0000,0000,00,00,0000,0000,00,00,0000,0000,00,00,0000,0000,00,00,0000,00ff,00,00,0000,0000,00,00,0000,0000,03,01,79d0,0000,02,00,0000,0000,00,00,0000,0000,00
918,00,0000,0000,00,00,0000,0000,00,00,0000,0000,00,00,0000,0000,00,00,0000,00ff,00,00,0000,0000,00,00,0000,0000,03,01,7a80,0000,01,00,0000,0000,00,00,0000,0000,00
919,00,0000,0000,00,00,0000,0000,00,00,0000,0000,00,00,0000,0000,00,00,0000,00ff,00,00,0000,0000,00,00,0000,0000,03,01,7b30,0000,03,00,0000,0000,00,00,0000,0000,00
920,00,0000,0000,00,00,0000,0000,00,00,0000,0000,00,00,0000,0000,00,00,0000,00ff,00,00,0000,0000,00,00,0000,0000,03,01,7be0,0000,02,00,0000,0000,00,00,0000,0000,00
921,00,0000,0000,00,00,0000,0000,00,00,0000,0000,00,00,0000,0000,00,00,0000,00ff,00,00,0000,0000,00,00,0000,0000,03,01,7c90,0000,01,00,0000,0000,00,00,0000,0000,00
922,00,0000,0000,00,00,0000,0000,00,00,0000,0000,00,00,0000,0000,00,00,0000,00ff,00,00,0000,0000,00,00,0000,0000,03,01,7d40,0000,03,00,0000,0000,00,00,0000,0000,00
923,00,0000,0000,00,00,0000,0000,00,00,0000,0000,00,00,0000,0000,00,00,0000,00ff,00,00,0000,0000,00,00,0000,0000,03,01,7df0,0000,02,00,0000,0000,00,00,0000,0000,00
924,00,0000,0000,00,00,0000,0000,00,00,0000,0000,00,00,0000,0000,00,00,0000,00ff,00,00,0000,0000,00,00,0000,0000,03,01,7ea0,0000,01,00,0000,0000,00,00,0000,0000,00
925,00,0000,0000,00,00,0000,0000,00,00,0000,0000,00,00,0000,0000,00,00,0000,00ff,00,00,0000,0000,00,00,0000,0000,03,01,7f50,0000,03,00,0000,0000,00,00,0000,0000,00
926,00,0000,0000,00,00,0000,0000,00,00,0000,0000,00,00,0000,0000,00,00,0000,00ff,00,00,0000,0000,00,00,0000,0000,03,01,8000,0000,02,00,0000,0000,00,00,0000,0000,00
927,00,0000,0000,00,00,0000,0000,00,00,0000,0000,00,00,0000,0000,00,00,0000,00ff,00,00,0000,0000,00,00,0000,0000,03,01,80b0,0000,01,00,0000,0000,00,00,0000,0000,00
928,00,0000,0000,00,00,0000,0000,00,00,0000,0000,00,00,0000,0000,00,00,0000,00ff,00,00,0000,0000,00,00,0000,0000,03,01,8160,0000,03,00,0000,0000,00,00,0000,0000,00
929,00,0000,0000,00,00,0000,0000,00,00,0000,0000,00,00,0000,0000,00,00,0000,00ff,00,00,0000,0000,00,00,0000,0000,03,01,8210,0000,02,00,0000,0000,00,00,0000,0000,00
930,00,0000,0000,00,00,0000,0000,00,00,0000,0000,00,00,0000,0000,00,00,0000,00ff,00,00,0000,0000,00,00,0000,0000,03,01,82c0,0000,01,00,0000,0000,00,00,0000,0000,00
931,00,0000,0000,00,00,0000,0000,00,00,0000,0000,00,00,0000,0000,00,00,0000,00ff,00,00,0000,0000,00,00,0000,0000,03,01,8370,0000,03,00,0000,0000,00,00,0000,0000,00
932,00,0000,0000,00,00,0000,0000,00,00,0000,0000,00,00,0000,0000,00,00,0000,00ff,00,00,0000,0000,00,00,0000,0000,03,01,8420,0000,02,00,0000,0000,00,00,0000,0000,00
933,00,0000,0000,00,00,0000,0000,00,00,0000,0000,00,00,0000,0000,00,00,0000,00ff,00,00,0000,0000,00,00,0000,0000,03,01,84d0,0000,01,00,0000,0000,00,00,0000,0000,00
934,00,0000,0000,00,00,0000,0000,00,00,0000,0000,00,00,0000,0000,00,00,0000,00ff,00,00,0000,0000,00,00,0000,0000,03,01,8580,0000,03,00,0000,0000,00,00,0000,0000,00
935,00,0000,0000,00,00,0000,0000,00,00,0000,0000,00,00,0000,0000,00,00,0000,00ff,00,00,0000,0000,00,00,0000,0000,03,01,8630,0000,02,00,0000,0000,00,00,0000,0000,00
936,00,0000,0000,00,00,0000,0000,00,00,0000,0000,00,00,0000,0000,00,00,0000,00ff,00,00,0000,0000,00,00,0000,0000,03,01,86e0,0000,01,00,0000,0000,00,00,0000,0000,00
937,00,0000,0000,00,00,0000,0000,00,00,0000,0000,00,00,0000,0000,00,00,0000,00ff,00,00,0000,0000,00,00,0000,0000,03,01,8790,0000,03,00,0000,0000,00,00,0000,0000,00
938,00,0000,0000,00,00,0000,0000,00,00,0000,0000,00,00,0000,0000,00,00,0000,00ff,00,00,0000,0000,00,00,0000,0000,03,01,8840,0000,02,00,0000,0000,00,00,0000,0000,00
939,00,0000,0000,00,00,0000,0000,00,00,0000,0000,00,00,0000,0000,00,00,0000,00ff,00,00,0000,0000,00,00,0000,0000,03,01,88f0,0000,01,00,0000,0000,00,00,0000,0000,00
940,00,0000,0000,00,00,0000,0000,00,00,0000,0000,00,00,0000,0000,00,00,0000,00ff,00,00,0000,0000,00,00,0000,0000,03,01,89a0,0000,03,00,0000,0000,00,00,0000,0000,00
941,00,0000,0000,00,00,0000,0000,00,00,0000,0000,00,00,0000,0000,00,00,0000,00ff,00,00,0000,0000,00,00,0000,0000,03,01,8a50,0000,02,00,0000,0000,00,00,0000,0000,00
942,00,0000,0000,00,00,0000,0000,00,00,0000,0000,00,00,0000,0000,00,00,0000,00ff,00,00,0000,0000,00,00,0000,0000,03,01,89d0,0000,01,00,0000,0000,00,00,0000,0000,00
943,00,0000,0000,00,00,0000,0000,00,00,0000,0000,00,00,0000,0000,00,00,0000,00ff,00,00,0000,0000,00,00,0000,0000,03,01,8950,0000,03,00,0000,0000,00,00,0000,0000,00
944,00,0000,0000,00,00,0000,0000,00,00,0000,0000,00,00,0000,0000,00,00,0000,00ff,00,00,0000,0000,00,00,0000,0000,03,01,88d0,0000,02,00,0000,0000,00,00,0000,0000,00
945,00,0000,0000,00,00,0000,0000,00,00,0000,0000,00,00,0000,0000,00,00,0000,00ff,00,00,0000,0000,00,00,0000,0000,03,01,8850,0000,01,00,0000,0000,00,00,0000,0000,00
946,00,0000,0000,00,00,0000,0000,00,00,0000,0000,00,00,0000,0000,00,00,0000,00ff,00,00,0000,0000,00,00,0000,0000,03,01,8650,0000,03,00,0000,0000,00,00,0000,0000,00
947,00,0000,0000,00,00,0000,0000,00,00,0000,0000,00,00,0000,0000,00,00,0000,00ff,00,00,0000,0000,00,00,0000,0000,03,01,8450,0000,02,00,0000,0000,00,00,0000,0000,00
948,00,0000,0000,00,00,0000,0000,00,00,0000,0000,00,00,0000,0000,00,00,0000,00ff,00,00,0000,0000,00,00,0000,0000,03,01,8250,0000,01,00,0000,0000,00,00,0000,0000,00
949,00,0000,0000,00,00,0000,0000,00,00,0000,0000,00,00,0000,0000,00,00,0000,00ff,00,00,0000,0000,00,00,0000,0000,03,01,8050,0000,03,00,0000,0000,00,00,0000,0000,00
950,00,0000,0000,00,00,0000,0000,00,00,0000,0000,00,00,0000,0000,00,00,0000,00ff,00,00,0000,0000,00,00,0000,0000,03,01,7e50,0000,02,00,0000,0000,00,00,0000,0000,00
951,00,0000,0000,00,00,0000,0000,00,00,0000,0000,00,00,0000,0000,00,00,0000,00ff,00,00,0000,0000,00,00,0000,0000,03,01,7c50,0000,01,00,0000,0000,00,00,0000,0000,00
952,00,0000,0000,00,00,0000,0000,00,00,0000,0000,00,00,0000,0000,00,00,0000,00ff,00,00,0000,0000,00,00,0000,0000,03,01,7a50,0000,03,00,0000,0000,00,00,0000,0000,00
953,00,0000,0000,00,00,0000,0000,00,00,0000,0000,00,00,0000,0000,00,00,0000,0000,00,00,0000,0000,00,00,0000,0000,03,01,7850,0000,02,00,0000,0000,00,00,0000,0000,00
954,00,0000,0000,00,00,0000,0000,00,00,0000,0000,00,00,0000,0000,00,00,0000,0000,00,00,0000,0000,00,00,0000,0000,03,01,7650,0000,01,00,0000,0000,00,00,0000,0000,00
955,00,0000,0000,00,00,0000,0000,00,00,0000,0000,00,00,0000,0000,00,00,0000,0000,00,00,0000,0000,00,00,0000,0000,03,01,7450,0000,03,00,0000,0000,00,00,0000,0000,00
956,00,0000,0000,00,00,0000,0000,00,00,0000,0000,00,00,0000,0000,00,00,0000,0000,00,00,0000,0000,00,00,0000,0000,03,01,7250,0000,02,00,0000,0000,00,00,0000,0000,00
957,00,0000,0000,00,00,0000,0000,00,00,0000,0000,00,00,0000,0000,00,00,0000,0000,00,00,0000,0000,00,00,0000,0000,03,01,7050,0000,01,00,0000,0000,00,00,0000,0000,00
958,00,0000,0000,00,00,0000,0000,00,00,0000,0000,00,00,0000,0000,00,00,0000,0000,00,00,0000,0000,00,00,0000,0000,03,01,6e50,0000,03,00,0000,0000,00,00,0000,0000,00
959,00,0000,0000,00,00,0000,0000,00,00,0000,0000,00,00,0000,0000,00,00,0000,0000,00,00,0000,0000,00,00,0000,0000,03,01,6c50,0000,02,00,0000,0000,00,00,0000,0000,00
960,00,0000,0000,00,00,0000,0000,00,00,0000,0000,00,00,0000,0000,00,00,0000,0000,00,00,0000,0000,00,00,0000,0000,03,01,6a50,0000,01,00,0000,0000,00,00,0000,0000,00
961,00,0000,0000,00,00,0000,0000,00,00,0000,0000,00,00,0000,0000,00,00,0000,0000,00,00,0000,0000,00,00,0000,0000,03,01,6850,0000,03,00,0000,0000,00,00,0000,0000,00
962,00,0000,0000,00,00,0000,0000,00,00,0000,0000,00,00,0000,0000,00,00,0000,0000,00,00,0000,0000,00,00,0000,0000,03,01,6650,0000,02,00,0000,0000,00,00,0000,0000,00
963,00,0000,0000,00,00,0000,0000,00,00,0000,0000,00,00,0000,0000,00,00,0000,0000,00,00,0000,0000,00,00,0000,0000,03,01,6450,0000,01,00,0000,0000,00,00,0000,0000,00
964,00,0000,0000,00,00,0000,0000,00,00,0000,0000,00,00,0000,0000,00,00,0000,0000,00,00,0000,0000,00,00,0000,0000,03,01,6250,0000,03,00,0000,0000,00,00,0000,0000,00
965,00,0000,0000,00,00,0000,0000,00,00,0000,0000,00,00,0000,0000,00,00,0000,0000,00,00,0000,0000,00,00,0000,0000,03,01,6050,0000,02,00,0000,0000,00,00,0000,0000,00
966,00,0000,0000,00,00,0000,0000,00,00,0000,0000,00,00,0000,0000,00,00,0000,0000,00,00,0000,0000,00,00,0000,0000,03,01,5e50,0000,01,00,0000,0000,00,00,0000,0000,00
967,00,0000,0000,00,00,0000,0000,00,00,0000,0000,00,00,0000,0000,00,00,0000,0000,00,00,0000,0000,00,00,0000,0000,03,01,5c50,0000,03,00,0000,0000,00,00,0000,0000,00
968,00,0000,0000,00,00,0000,0000,00,00,0000,0000,00,00,0000,0000,00,00,0000,0000,00,00,0000,0000,00,00,0000,0000,03,01,5a50,0000,02,00,0000,0000,00,00,0000,0000,00
969,00,0000,0000,00,00,0000,0000,00,00,0000,0000,00,00,0000,0000,00,00,0000,0000,00,00,0000,0000,00,00,0000,0000,03,01,5850,0000,01,00,0000,0000,00,00,0000,0000,00
970,00,0000,0000,00,00,0000,0000,00,00,0000,0000,00,00,0000,0000,00,00,0000,0000,00,00,0000,0000,00,00,0000,0000,03,01,5650,0000,03,00,0000,0000,00,00,0000,0000,00
971,00,0000,0000,00,00,0000,0000,00,00,0000,0000,00,00,0000,0000,00,00,0000,0000,00,00,0000,0000,00,00,0000,0000,03,01,5450,0000,02,00,0000,0000,00,00,0000,0000,00
972,00,0000,0000,00,00,0000,0000,00,00,0000,0000,00,00,0000,0000,00,00,0000,0000,00,00,0000,0000,00,00,0000,0000,03,01,5250,0000,01,00,0000,0000,00,00,0000,0000,00
973,00,0000,0000,00,00,0000,0000,00,00,0000,0000,00,00,0000,0000,00,00,0000,0000,00,00,0000,0000,00,00,0000,0000,03,01,5050,0000,03,00,0000,0000,00,00,0000,0000,00
974,00,0000,0000,00,00,0000,0000,00,00,0000,0000,00,00,0000,0000,00,00,0000,0000,00,00,0000,0000,00,00,0000,0000,03,01,4e50,0000,02,00,0000,0000,00,00,0000,0000,00
975,00,0000,0000,00,00,0000,0000,00,00,0000,0000,00,00,0000,0000,00,00,0000,0000,00,00,0000,0000,00,00,0000,0000,03,01,4c50,0000,01,00,0000,0000,00,00,0000,0000,00
976,00,0000,0000,00,00,0000,0000,00,00,0000,0000,00,00,0000,0000,00,00,0000,0000,00,00,0000,0000,00,00,0000,0000,03,01,4a50,0000,03,00,0000,0000,00,00,0000,0000,00
977,00,0000,0000,00,00,0000,0000,00,00,0000,0000,00,00,0000,0000,00,00,0000,0000,00,00,0000,0000,00,00,0000,0000,03,01,4850,0000,02,00,0000,0000,00,00,0000,0000,00
978,00,0000,0000,00,00,0000,0000,00,00,0000,0000,00,00,0000,0000,00,00,0000,0000,00,00,0000,0000,00,00,0000,0000,03,01,4650,0000,01,00,0000,0000,00,00,0000,0000,00
979,00,0000,0000,00,00,0000,0000,00,00,0000,0000,00,00,0000,0000,00,00,0000,0000,00,00,0000,0000,00,00,0000,0000,03,01,4450,0000,03,00,0000,0000,00,00,0000,0000,00
980,00,0000,0000,00,00,0000,0000,00,00,0000,0000,00,00,0000,0000,00,00,0000,0000,00,00,0000,0000,00,00,0000,0000,03,01,4250,0000,02,00,0000,0000,00,00,0000,0000,00
981,00,0000,0000,00,00,0000,0000,00,00,0000,0000,00,00,0000,0000,00,00,0000,0000,00,00,0000,0000,00,00,0000,0000,03,01,4050,0000,01,00,0000,0000,00,00,0000,0000,00
982,00,0000,0000,00,00,0000,0000,00,00,0000,0000,00,00,0000,0000,00,00,0000,0000,00,00,0000,0000,00,00,0000,0000,03,01,3e50,0000,03,00,0000,0000,00,00,0000,0000,00
983,00,0000,0000,00,00,0000,0000,00,00,0000,0000,00,00,0000,0000,00,00,0000,0000,00,00,0000,0000,00,00,0000,0000,03,01,3c50,0000,02,00,0000,0000,00,00,0000,0000,00
984,00,0000,0000,00,00,0000,0000,00,00,0000,0000,00,00,0000,0000,00,00,0000,0000,00,00,0000,0000,00,00,0000,0000,03,01,3a50,0000,01,00,0000,0000,00,00,0000,0000,00
985,00,0000,0000,00,00,0000,0000,00,00,0000,0000,00,00,0000,0000,00,00,0000,0000,00,00,0000,0000,00,00,0000,0000,03,01,3850,0000,03,00,0000,0000,00,00,0000,0000,00
986,00,0000,0000,00,00,0000,0000,00,00,0000,0000,00,00,0000,0000,00,00,0000,0000,00,00,0000,0000,00,00,0000,0000,03,01,3650,0000,02,00,0000,0000,00,00,0000,0000,00
987,00,0000,0000,00,00,0000,0000,00,00,0000,0000,00,00,0000,0000,00,00,0000,0000,00,00,0000,0000,00,00,0000,0000,03,01,3450,0000,01,00,0000,0000,00,00,0000,0000,00
988,00,0000,0000,00,00,0000,0000,00,00,0000,0000,00,00,0000,0000,00,00,0000,0000,00,00,0000,0000,00,00,0000,0000,03,01,3250,0000,03,00,0000,0000,00,00,0000,0000,00
989,00,0000,0000,00,00,0000,0000,00,00,0000,0000,00,00,0000,0000,00,00,0000,0000,00,00,0000,0000,00,00,0000,0000,03,01,3050,0000,02,00,0000,0000,00,00,0000,0000,00
990,00,0000,0000,00,00,0000,0000,00,00,0000,0000,00,00,0000,0000,00,00,0000,0000,00,00,0000,0000,00,00,0000,0000,03,01,2e50,0000,01,00,0000,0000,00,00,0000,0000,00
991,00,0000,0000,00,00,0000,0000,00,00,0000,0000,00,00,0000,0000,00,00,0000,0000,00,00,0000,0000,00,00,0000,0000,03,01,2c50,0000,03,00,0000,0000,00,00,0000,0000,00
992,00,0000,0000,00,00,0000,0000,00,00,0000,0000,00,00,0000,0000,00,00,0000,0000,00,00,0000,0000,00,00,0000,0000,03,01,2a50,0000,02,00,0000,0000,00,00,0000,0000,00
993,00,0000,0000,00,00,0000,0000,00,00,0000,0000,00,00,0000,0000,00,00,0000,0000,00,00,0000,0000,00,00,0000,0000,03,01,2850,0000,01,00,0000,0000,00,00,0000,0000,00
994,00,0000,0000,00,00,0000,0000,00,00,0000,0000,00,00,0000,0000,00,00,0000,0000,00,00,0000,0000,00,00,0000,0000,03,01,2650,0000,03,00,0000,0000,00,00,0000,0000,00
995,00,0000,0000,00,00,0000,0000,00,00,0000,0000,00,00,0000,0000,00,00,0000,0000,00,00,0000,0000,00,00,0000,0000,03,01,2450,0000,02,00,0000,0000,00,00,0000,0000,00
996,00,0000,0000,00,00,0000,0000,00,00,0000,0000,00,00,0000,0000,00,00,0000,0000,00,00,0000,0000,00,00,0000,0000,03,01,2250,0000,01,00,0000,0000,00,00,0000,0000,00
997,00,0000,0000,00,00,0000,0000,00,00,0000,0000,00,00,0000,0000,00,00,0000,0000,00,00,0000,0000,00,00,0000,0000,03,01,2050,0000,03,00,0000,0000,00,00,0000,0000,00
998,00,0000,0000,00,00,0000,0000,00,00,0000,0000,00,00,0000,0000,00,00,0000,0000,00,00,0000,0000,00,00,0000,0000,03,01,1e50,0000,02,00,0000,0000,00,00,0000,0000,00
999,00,0000,0000,00,00,0000,0000,00,00,0000,0000,00,00,0000,0000,00,00,0000,0000,00,00,0000,0000,00,00,0000,0000,03,01,1c50,0000,01,00,0000,0000,00,00,0000,0000,00
1000,00,0000,0000,00,00,0000,0000,00,00,0000,0000,00,00,0000,0000,00,00,0000,0000,00,00,0000,0000,00,00,0000,0000,03,01,1a50,0000,03,00,0000,0000,00,00,0000,0000,00
1001,00,0000,0000,00,00,0000,0000,00,00,0000,0000,00,00,0000,0000,00,00,0000,0000,00,00,0000,0000,00,00,0000,0000,03,01,1850,0000,02,00,0000,0000,00,00,0000,0000,00
1002,00,0000,0000,00,00,0000,0000,00,00,0000,0000,00,00,0000,0000,00,00,0000,0000,00,00,0000,0000,00,00,0000,0000,03,01,1650,0000,01,00,0000,0000,00,00,0000,0000,00
1003,00,0000,0000,00,00,0000,0000,00,00,0000,0000,00,00,0000,0000,00,00,0000,0000,00,00,0000,0000,00,00,0000,0000,03,01,1450,0000,03,00,0000,0000,00,00,0000,0000,00
1004,00,0000,0000,00,00,0000,0000,00,00,0000,0000,00,00,0000,0000,00,00,0000,0000,00,00,0000,0000,00,00,0000,0000,03,01,1250,0000,02,00,0000,0000,00,00,0000,0000,00
1005,00,0000,0000,00,00,0000,0000,00,00,0000,0000,00,00,0000,0000,00,00,0000,0000,00,00,0000,0000,00,00,0000,0000,03,01,1050,0000,01,00,0000,0000,00,00,0000,0000,00
1006,00,0000,0000,00,00,0000,0000,00,00,0000,0000,00,00,0000,0000,00,00,0000,0000,00,00,0000,0000,00,00,0000,0000,03,01,0e50,0000,03,00,0000,0000,00,00,0000,0000,00
1007,00,0000,0000,00,00,0000,0000,00,00,0000,0000,00,00,0000,0000,00,00,0000,0000,00,00,0000,0000,00,00,0000,0000,03,01,0c50,0000,02,00,0000,0000,00,00,0000,0000,00
1008,00,0000,0000,00,00,0000,0000,00,00,0000,0000,00,00,0000,0000,00,00,0000,0000,00,00,0000,0000,00,00,0000,0000,03,01,0a50,0000,01,00,0000,0000,00,00,0000,0000,00
1009,00,0000,0000,00,00,0000,0000,00,00,0000,0000,00,00,0000,0000,00,00,0000,0000,00,00,0000,0000,00,01,fd80,0000,01,01,0850,0000,03,00,0000,0000,00,00,0000,0000,00
1010,00,0000,0000,00,00,0000,0000,00,00,0000,0000,00,00,0000,0000,00,00,0000,0000,00,00,0000,0000,00,01,fb80,0000,01,01,0650,0000,02,00,0000,0000,00,00,0000,0000,00
1011,00,0000,0000,00,00,0000,0000,00,00,0000,0000,00,00,0000,0000,00,00,0000,0000,00,00,0000,0000,00,01,f980,0000,01,01,0450,0000,01,00,0000,0000,00,00,0000,0000,00
1012,00,0000,0000,00,00,0000,0000,00,00,0000,0000,00,00,0000,0000,00,00,0000,0000,00,00,0000,0000,00,01,f780,0000,01,01,0250,0000,03,00,0000,0000,00,00,0000,0000,00
1013,00,0000,0000,00,00,0000,0000,00,00,0000,0000,00,00,0000,0000,00,00,0000,0000,00,00,0000,0000,00,01,f580,0000,01,01,0050,0000,02,00,0000,0000,00,00,0000,0000,00
1014,00,0000,0000,00,00,0000,0000,00,00,0000,0000,00,00,0000,0000,00,00,0000,0000,00,00,0000,0000,00,01,f380,0000,01,00,0000,0000,02,00,0000,0000,00,00,0000,0000,00
1015,00,0000,0000,00,00,0000,0000,00,00,0000,0000,00,00,0000,0000,00,00,0000,0000,00,00,0000,0000,00,01,f180,0000,01,00,0000,0000,02,00,0000,0000,00,00,0000,0000,00
1016,00,0000,0000,00,00,0000,0000,00,00,0000,0000,00,00,0000,0000,00,00,0000,0000,00,00,0000,0000,00,01,ef80,0000,01,00,0000,0000,02,00,0000,0000,00,00,0000,0000,00
1017,00,0000,0000,00,00,0000,0000,00,00,0000,0000,00,00,0000,0000,00,00,0000,0000,00,00,0000,0000,00,01,ed80,0000,01,00,0000,0000,02,00,0000,0000,00,00,0000,0000,00
1018,00,0000,0000,00,00,0000,0000,00,00,0000,0000,00,00,0000,0000,00,00,0000,0000,00,00,0000,0000,00,01,eb80,0000,01,00,0000,0000,02,00,0000,0000,00,00,0000,0000,00
1019,00,0000,0000,00,00,0000,0000,00,00,0000,0000,00,00,0000,0000,00,00,0000,0000,00,00,0000,0000,00,01,e980,0000,01,00,0000,0000,02,00,0000,0000,00,00,0000,0000,00
1020,00,0000,0000,00,00,0000,0000,00,00,0000,0000,00,00,0000,0000,00,00,0000,0000,00,00,0000,0000,00,01,e780,0000,01,00,0000,0000,02,00,0000,0000,00,00,0000,0000,00
1021,00,0000,0000,00,00,0000,0000,00,00,0000,0000,00,00,0000,0000,00,00,0000,0000,00,00,0000,0000,00,01,e580,0000,01,00,0000,0000,02,00,0000,0000,00,00,0000,0000,00
1022,00,0000,0000,00,00,0000,0000,00,00,0000,0000,00,00,0000,0000,00,00,0000,0000,00,00,0000,0000,00,01,e380,0000,01,00,0000,0000,02,00,0000,0000,00,00,0000,0000,00
1023,00,0000,0000,00,00,0000,0000,00,00,0000,0000,00,00,0000,0000,00,00,0000,0000,00,00,0000,0000,00,01,e180,0000,01,00,0000,0000,02,00,0000,0000,00,00,0000,0000,00
1024,00,0000,0000,00,00,0000,0000,00,00,0000,0000,00,00,0000,0000,00,00,0000,0000,00,00,0000,0000,00,01,df80,0000,01,00,0000,0000,02,00,0000,0000,00,00,0000,0000,00
1025,00,0000,0000,00,00,0000,0000,00,00,0000,0000,00,00,0000,0000,00,00,0000,0000,00,00,0000,0000,00,01,dd80,0000,01,00,0000,0000,02,00,0000,0000,00,00,0000,0000,00
1026,00,0000,0000,00,00,0000,0000,00,00,0000,0000,00,00,0000,0000,00,00,0000,0000,00,00,0000,0000,00,01,db80,0000,01,00,0000,0000,02,00,0000,0000,00,00,0000,0000,00
1027,00,0000,0000,00,00,0000,0000,00,00,0000,0000,00,00,0000,0000,00,00,0000,0000,00,00,0000,0000,00,01,db00,0000,01,00,0000,0000,02,00,0000,0000,00,00,0000,0000,00
1028,00,0000,0000,00,00,0000,0000,00,00,0000,0000,00,00,0000,0000,00,00,0000,0000,00,00,0000,0000,00,01,da80,0000,01,00,0000,0000,02,00,0000,0000,00,00,0000,0000,00
1029,00,0000,0000,00,00,0000,0000,00,00,0000,0000,00,00,0000,0000,00,00,0000,0000,00,00,0000,0000,00,01,da00,0000,01,00,0000,0000,02,00,0000,0000,00,00,0000,0000,00
1030,00,0000,0000,00,00,0000,0000,00,00,0000,0000,00,00,0000,0000,00,00,0000,0000,00,00,0000,0000,00,01,d980,0000,01,00,0000,0000,02,00,0000,0000,00,00,0000,0000,00
1031,00,0000,0000,00,00,0000,0000,00,00,0000,0000,00,00,0000,0000,00,00,0000,0000,00,00,0000,0000,00,01,d900,0000,01,00,0000,0000,02,00,0000,0000,00,00,0000,0000,00
1032,00,0000,0000,00,00,0000,0000,00,00,0000,0000,00,00,0000,0000,00,00,0000,0000,00,00,0000,0000,00,01,d880,0000,01,00,0000,0000,02,00,0000,0000,00,00,0000,0000,00
1033,00,0000,0000,00,00,0000,0000,00,00,0000,0000,00,00,0000,0000,00,00,0000,0000,00,00,0000,0000,00,01,d800,0000,01,00,0000,0000,02,00,0000,0000,00,00,0000,0000,00
1034,00,0000,0000,00,00,0000,0000,00,00,0000,0000,00,00,0000,0000,00,00,0000,0000,00,00,0000,0000,00,01,d780,0000,01,00,0000,0000,02,00,0000,0000,00,00,0000,0000,00
1035,00,0000,0000,00,00,0000,0000,00,00,0000,0000,00,00,0000,0000,00,00,0000,0000,00,00,0000,0000,00,01,d700,0000,01,00,0000,0000,02,00,0000,0000,00,00,0000,0000,00
1036,00,0000,0000,00,00,0000,0000,00,00,0000,0000,00,00,0000,0000,00,00,0000,0000,00,00,0000,0000,00,01,d680,0000,01,00,0000,0000,02,00,0000,0000,00,00,0000,0000,00
1037,00,0000,0000,00,00,0000,0000,00,00,0000,0000,00,00,0000,0000,00,00,0000,0000,00,00,0000,0000,00,01,d600,0000,01,00,0000,0000,02,00,0000,0000,00,00,0000,0000,00
1038,00,0000,0000,00,00,0000,0000,00,00,0000,0000,00,00,0000,0000,00,00,0000,0000,00,00,0000,0000,00,01,d580,0000,01,00,0000,0000,02,00,0000,0000,00,00,0000,0000,00
1039,00,0000,0000,00,00,0000,0000,00,00,0000,0000,00,00,0000,0000,00,00,0000,0000,00,00,0000,0000,00,01,d500,0000,01,00,0000,0000,02,00,0000,0000,00,00,0000,0000,00
1040,00,0000,0000,00,00,0000,0000,00,00,0000,0000,00,00,0000,0000,00,00,0000,0000,00,00,0000,0000,00,01,d480,0000,01,00,0000,0000,02,00,0000,0000,00,00,0000,0000,00
1041,00,0000,0000,00,00,0000,0000,00,00,0000,0000,00,00,0000,0000,00,00,0000,0000,00,00,0000,0000,00,01,d400,0000,01,00,0000,0000,02,00,0000,0000,00,00,0000,0000,00
1042,00,0000,0000,00,00,0000,0000,00,00,0000,0000,00,00,0000,0000,00,00,0000,0000,00,00,0000,0000,00,01,d380,0000,01,00,0000,0000,02,00,0000,0000,00,00,0000,0000,00
1043,00,0000,0000,00,00,0000,0000,00,00,0000,0000,00,00,0000,0000,00,00,0000,0000,00,00,0000,0000,00,01,d300,0000,01,00,0000,0000,02,00,0000,0000,00,00,0000,0000,00
1044,00,0000,0000,00,00,0000,0000,00,00,0000,0000,00,00,0000,0000,00,00,0000,0000,00,00,0000,0000,00,01,d280,0000,01,00,0000,0000,02,00,0000,0000,00,00,0000,0000,00
1045,00,0000,0000,00,00,0000,0000,00,00,0000,0000,00,00,0000,0000,00,00,0000,0000,00,00,0000,0000,00,01,d200,0000,01,00,0000,0000,02,00,0000,0000,00,00,0000,0000,00
1046,00,0000,0000,00,00,0000,0000,00,00,0000,0000,00,00,0000,0000,00,00,0000,0000,00,00,0000,0000,00,01,d180,0000,01,00,0000,0000,02,00,0000,0000,00,00,0000,0000,00
1047,00,0000,0000,00,00,0000,0000,00,00,0000,0000,00,00,0000,0000,00,00,0000,0000,00,00,0000,0000,00,01,d100,0000,01,00,0000,0000,02,00,0000,0000,00,00,0000,0000,00
1048,00,0000,0000,00,00,0000,0000,00,00,0000,0000,00,00,0000,0000,00,00,0000,0000,00,00,0000,0000,00,01,d080,0000,01,00,0000,0000,02,00,0000,0000,00,00,0000,0000,00
1049,00,0000,0000,00,00,0000,0000,00,00,0000,0000,00,00,0000,0000,00,00,0000,0000,00,00,0000,0000,00,01,d000,0000,01,00,0000,0000,02,00,0000,0000,00,00,0000,0000,00
1050,00,0000,0000,00,00,0000,0000,00,00,0000,0000,00,00,0000,0000,00,00,0000,0000,00,00,0000,0000,00,01,cf80,0000,01,00,0000,0000,02,00,0000,0000,00,00,0000,0000,00
1051,00,0000,0000,00,00,0000,0000,00,00,0000,0000,00,00,0000,0000,00,00,0000,0000,00,00,0000,0000,00,01,cf00,0000,01,00,0000,0000,02,00,0000,0000,00,00,0000,0000,00
1052,00,0000,0000,00,00,0000,0000,00,00,0000,0000,00,00,0000,0000,00,00,0000,0000,00,00,0000,0000,00,01,ce80,0000,01,00,0000,0000,02,00,0000,0000,00,00,0000,0000,00
1053,00,0000,0000,00,00,0000,0000,00,00,0000,0000,00,00,0000,0000,00,00,0000,0000,00,00,0000,0000,00,01,ce00,0000,01,00,0000,0000,02,00,0000,0000,00,00,0000,0000,00
1054,00,0000,0000,00,00,0000,0000,00,00,0000,0000,00,00,0000,0000,00,00,0000,0000,00,00,0000,0000,00,01,cd80,0000,01,00,0000,0000,02,00,0000,0000,00,00,0000,0000,00
1055,00,0000,0000,00,00,0000,0000,00,00,0000,0000,00,00,0000,0000,00,00,0000,0000,00,00,0000,0000,00,01,cd00,0000,01,00,0000,0000,02,00,0000,0000,00,00,0000,0000,00
1056,00,0000,0000,00,00,0000,0000,00,00,0000,0000,00,00,0000,0000,00,00,0000,0000,00,00,0000,0000,00,01,cc80,0000,01,00,0000,0000,02,00,0000,0000,00,00,0000,0000,00
1057,00,0000,0000,00,00,0000,0000,00,00,0000,0000,00,00,0000,0000,00,00,0000,0000,00,00,0000,0000,00,01,cc00,0000,01,00,0000,0000,02,00,0000,0000,00,00,0000,0000,00
1058,00,0000,0000,00,00,0000,0000,00,00,0000,0000,00,00,0000,0000,00,00,0000,0000,00,00,0000,0000,00,01,cb80,0000,01,00,0000,0000,02,00,0000,0000,00,00,0000,0000,00
1059,00,0000,0000,00,00,0000,0000,00,00,0000,0000,00,00,0000,0000,00,00,0000,0000,00,00,0000,0000,00,01,cb00,0000,01,00,0000,0000,02,00,0000,0000,00,00,0000,0000,00
1060,00,0000,0000,00,00,0000,0000,00,00,0000,0000,00,00,0000,0000,00,00,0000,0000,00,00,0000,0000,00,01,ca80,0000,01,00,0000,0000,02,00,0000,0000,00,00,0000,0000,00
1061,00,0000,0000,00,00,0000,0000,00,00,0000,0000,00,00,0000,0000,00,00,0000,0000,00,00,0000,0000,00,01,ca00,0000,01,00,0000,0000,02,00,0000,0000,00,00,0000,0000,00
1062,00,0000,0000,00,00,0000,0000,00,00,0000,0000,00,00,0000,0000,00,00,0000,0000,00,00,0000,0000,00,01,c980,0000,01,00,0000,0000,02,00,0000,0000,00,00,0000,0000,00
1063,00,0000,0000,00,00,0000,0000,00,00,0000,0000,00,00,0000,0000,00,00,0000,0000,00,00,0000,0000,00,01,c900,0000,01,00,0000,0000,02,00,0000,0000,00,00,0000,0000,00
1064,00,0000,0000,00,00,0000,0000,00,00,0000,0000,00,00,0000,0000,00,00,0000,0000,00,00,0000,0000,00,01,c880,0000,01,00,0000,0000,02,00,0000,0000,00,00,0000,0000,00
1065,00,0000,0000,00,00,0000,0000,00,00,0000,0000,00,00,0000,0000,00,00,0000,0000,00,00,0000,0000,00,01,c800,0000,01,00,0000,0000,02,00,0000,0000,00,00,0000,0000,00
1066,00,0000,0000,00,00,0000,0000,00,00,0000,0000,00,00,0000,0000,00,00,0000,0000,00,00,0000,0000,00,01,c780,0000,01,00,0000,0000,02,00,0000,0000,00,00,0000,0000,00
1067,00,0000,0000,00,00,0000,0000,00,00,0000,0000,00,00,0000,0000,00,00,0000,0000,00,00,0000,0000,00,01,c700,0000,01,00,0000,0000,02,00,0000,0000,00,00,0000,0000,00
1068,00,0000,0000,00,00,0000,0000,00,00,0000,0000,00,00,0000,0000,00,00,0000,0000,00,00,0000,0000,00,01,c680,0000,01,00,0000,0000,02,00,0000,0000,00,00,0000,0000,00
1069,00,0000,0000,00,00,0000,0000,00,00,0000,0000,00,00,0000,0000,00,00,0000,0000,00,00,0000,0000,00,01,c600,0000,01,00,0000,0000,02,00,0000,0000,00,00,0000,0000,00
1070,00,0000,0000,00,00,0000,0000,00,00,0000,0000,00,00,0000,0000,00,00,0000,0000,00,00,0000,0000,00,01,c580,0000,01,00,0000,0000,02,00,0000,0000,00,00,0000,0000,00
1071,00,0000,0000,00,00,0000,0000,00,00,0000,0000,00,00,0000,0000,00,00,0000,0000,00,00,0000,0000,00,01,c500,0000,01,00,0000,0000,02,00,0000,0000,00,00,0000,0000,00
1072,00,0000,0000,00,00,0000,0000,00,00,0000,0000,00,00,0000,0000,00,00,0000,0000,00,00,0000,0000,00,01,c480,0000,01,00,0000,0000,02,00,0000,0000,00,00,0000,0000,00
1073,00,0000,0000,00,00,0000,0000,00,00,0000,0000,00,00,0000,0000,00,00,0000,0000,00,00,0000,0000,00,01,c400,0000,01,00,0000,0000,02,00,0000,0000,00,00,0000,0000,00
1074,00,0000,0000,00,00,0000,0000,00,00,0000,0000,00,00,0000,0000,00,00,0000,0000,00,00,0000,0000,00,01,c380,0000,01,00,0000,0000,02,00,0000,0000,00,00,0000,0000,00
1075,00,0000,0000,00,00,0000,0000,00,00,0000,0000,00,00,0000,0000,00,00,0000,0000,00,00,0000,0000,00,01,c300,0000,01,00,0000,0000,02,00,0000,0000,00,00,0000,0000,00
1076,00,0000,0000,00,00,0000,0000,00,00,0000,0000,00,00,0000,0000,00,00,0000,0000,00,00,0000,0000,00,01,c280,0000,01,00,0000,0000,02,00,0000,0000,00,00,0000,0000,00
1077,00,0000,0000,00,00,0000,0000,00,00,0000,0000,00,00,0000,0000,00,00,0000,0000,00,00,0000,0000,00,01,c200,0000,01,00,0000,0000,02,00,0000,0000,00,00,0000,0000,00
1078,00,0000,0000,00,00,0000,0000,00,00,0000,0000,00,00,0000,0000,00,00,0000,0000,00,00,0000,0000,00,01,c180,0000,01,00,0000,0000,02,00,0000,0000,00,00,0000,0000,00
1079,00,0000,0000,00,00,0000,0000,00,00,0000,0000,00,00,0000,0000,00,00,0000,0000,00,00,0000,0000,00,01,c100,0000,01,00,0000,0000,02,00,0000,0000,00,00,0000,0000,00
1080,00,0000,0000,00,00,0000,0000,00,00,0000,0000,00,00,0000,0000,00,00,0000,0000,00,00,0000,0000,00,01,c080,0000,01,00,0000,0000,02,00,0000,0000,00,00,0000,0000,00
1081,00,0000,0000,00,00,0000,0000,00,00,0000,0000,00,00,0000,0000,00,00,0000,0000,00,00,0000,0000,00,01,c000,0000,01,00,0000,0000,02,00,0000,0000,00,00,0000,0000,00
1082,00,0000,0000,00,00,0000,0000,00,00,0000,0000,00,00,0000,0000,00,00,0000,0000,00,00,0000,0000,00,01,bf80,0000,01,00,0000,0000,02,00,0000,0000,00,00,0000,0000,00
1083,00,0000,0000,00,00,0000,0000,00,00,0000,0000,00,00,0000,0000,00,00,0000,0000,00,00,0000,0000,00,01,bf00,0000,01,00,0000,0000,02,00,0000,0000,00,00,0000,0000,00
1084,00,0000,0000,00,00,0000,0000,00,00,0000,0000,00,00,0000,0000,00,00,0000,0000,00,00,0000,0000,00,01,be80,0000,01,00,0000,0000,02,00,0000,0000,00,00,0000,0000,00
1085,00,0000,0000,00,00,0000,0000,00,00,0000,0000,00,00,0000,0000,00,00,0000,0000,00,00,0000,0000,00,01,be00,0000,01,00,0000,0000,02,00,0000,0000,00,00,0000,0000,00
1086,00,0000,0000,00,00,0000,0000,00,00,0000,0000,00,00,0000,0000,00,00,0000,0000,00,00,0000,0000,00,01,bd80,0000,01,00,0000,0000,02,00,0000,0000,00,00,0000,0000,00
1087,00,0000,0000,00,00,0000,0000,00,00,0000,0000,00,00,0000,0000,00,00,0000,0000,00,00,0000,0000,00,01,bd00,0000,01,00,0000,0000,02,00,0000,0000,00,00,0000,0000,00
1088,00,0000,0000,00,00,0000,0000,00,00,0000,0000,00,00,0000,0000,00,00,0000,0000,00,00,0000,0000,00,01,bc80,0000,01,00,0000,0000,02,00,0000,0000,00,00,0000,0000,00
1089,00,0000,0000,00,00,0000,0000,00,00,0000,0000,00,00,0000,0000,00,00,0000,0000,00,00,0000,0000,00,01,bc00,0000,01,00,0000,0000,02,00,0000,0000,00,00,0000,0000,00
1090,00,0000,0000,00,00,0000,0000,00,00,0000,0000,00,00,0000,0000,00,00,0000,0000,00,00,0000,0000,00,01,bb80,0000,01,00,0000,0000,02,00,0000,0000,00,00,0000,0000,00
1091,00,0000,0000,00,00,0000,0000,00,00,0000,0000,00,00,0000,0000,00,00,0000,0000,00,00,0000,0000,00,01,bb00,0000,01,00,0000,0000,02,00,0000,0000,00,00,0000,0000,00
1092,00,0000,0000,00,00,0000,0000,00,00,0000,0000,00,00,0000,0000,00,00,0000,0000,00,00,0000,0000,00,01,ba80,0000,01,00,0000,0000,02,00,0000,0000,00,00,0000,0000,00
1093,00,0000,0000,00,00,0000,0000,00,00,0000,0000,00,00,0000,0000,00,00,0000,0000,00,00,0000,0000,00,01,ba00,0000,01,00,0000,0000,02,00,0000,0000,00,00,0000,0000,00
1094,00,0000,0000,00,00,0000,0000,00,00,0000,0000,00,00,0000,0000,00,00,0000,0000,00,00,0000,0000,00,01,b980,0000,01,00,0000,0000,02,00,0000,0000,00,00,0000,0000,00
1095,00,0000,0000,00,00,0000,0000,00,00,0000,0000,00,00,0000,0000,00,00,0000,0000,00,00,0000,0000,00,01,b900,0000,01,00,0000,0000,02,00,0000,0000,00,00,0000,0000,00
1096,00,0000,0000,00,00,0000,0000,00,00,0000,0000,00,00,0000,0000,00,00,0000,0000,00,00,0000,0000,00,01,b880,0000,01,00,0000,0000,02,00,0000,0000,00,00,0000,0000,00
1097,00,0000,0000,00,00,0000,0000,00,00,0000,0000,00,00,0000,0000,00,00,0000,0000,00,00,0000,0000,00,01,b800,0000,01,00,0000,0000,02,00,0000,0000,00,00,0000,0000,00
1098,00,0000,0000,00,00,0000,0000,00,00,0000,0000,00,00,0000,0000,00,00,0000,0000,00,00,0000,0000,00,01,b780,0000,01,00,0000,0000,02,00,0000,0000,00,00,0000,0000,00
1099,00,0000,0000,00,00,0000,0000,00,00,0000,0000,00,00,0000,0000,00,00,0000,0000,00,00,0000,0000,00,01,b700,0000,01,00,0000,0000,02,00,0000,0000,00,00,0000,0000,00
1100,00,0000,0000,00,00,0000,0000,00,00,0000,0000,00,00,0000,0000,00,00,0000,0000,00,00,0000,0000,00,01,b680,0000,01,00,0000,0000,02,00,0000,0000,00,00,0000,0000,00
1101,00,0000,0000,00,00,0000,0000,00,00,0000,0000,00,00,0000,0000,00,00,0000,0000,00,00,0000,0000,00,01,b600,0000,01,00,0000,0000,02,00,0000,0000,00,00,0000,0000,00
1102,00,0000,0000,00,00,0000,0000,00,00,0000,0000,00,00,0000,0000,00,00,0000,0000,00,00,0000,0000,00,01,b580,0000,01,00,0000,0000,02,00,0000,0000,00,00,0000,0000,00
1103,00,0000,0000,00,00,0000,0000,00,00,0000,0000,00,00,0000,0000,00,00,0000,0000,00,00,0000,0000,00,01,b500,0000,01,00,0000,0000,02,00,0000,0000,00,00,0000,0000,00
1104,00,0000,0000,00,00,0000,0000,00,00,0000,0000,00,00,0000,0000,00,00,0000,0000,00,00,0000,0000,00,01,b480,0000,01,00,0000,0000,02,00,0000,0000,00,00,0000,0000,00
1105,00,0000,0000,00,00,0000,0000,00,00,0000,0000,00,00,0000,0000,00,00,0000,0000,00,00,0000,0000,00,01,b400,0000,01,00,0000,0000,02,00,0000,0000,00,00,0000,0000,00
1106,00,0000,0000,00,00,0000,0000,00,00,0000,0000,00,00,0000,0000,00,00,0000,0000,00,00,0000,0000,00,01,b380,0000,01,00,0000,0000,02,00,0000,0000,00,00,0000,0000,00
1107,00,0000,0000,00,00,0000,0000,00,00,0000,0000,00,00,0000,0000,00,00,0000,0000,00,00,0000,0000,00,01,b300,0000,01,00,0000,0000,02,00,0000,0000,00,00,0000,0000,00
1108,00,0000,0000,00,00,0000,0000,00,00,0000,0000,00,00,0000,0000,00,00,0000,0000,00,00,0000,0000,00,01,b280,0000,01,00,0000,0000,02,00,0000,0000,00,00,0000,0000,00
1109,00,0000,0000,00,00,0000,0000,00,00,0000,0000,00,00,0000,0000,00,00,0000,0000,00,00,0000,0000,00,01,b200,0000,01,00,0000,0000,02,00,0000,0000,00,00,0000,0000,00
1110,00,0000,0000,00,00,0000,0000,00,00,0000,0000,00,00,0000,0000,00,00,0000,0000,00,00,0000,0000,00,01,b180,0000,01,00,0000,0000,02,00,0000,0000,00,00,0000,0000,00
1111,00,0000,0000,00,00,0000,0000,00,00,0000,0000,00,00,0000,0000,00,00,0000,0000,00,00,0000,0000,00,01,b100,0000,01,00,0000,0000,02,00,0000,0000,00,00,0000,0000,00
1112,00,0000,0000,00,00,0000,0000,00,00,0000,0000,00,00,0000,0000,00,00,0000,0000,00,00,0000,0000,00,01,b080,0000,01,00,0000,0000,02,00,0000,0000,00,00,0000,0000,00
1113,00,0000,0000,00,00,0000,0000,00,00,0000,0000,00,00,0000,0000,00,00,0000,0000,00,00,0000,0000,00,01,b000,0000,01,00,0000,0000,02,00,0000,0000,00,00,0000,0000,00
1114,00,0000,0000,00,00,0000,0000,00,00,0000,0000,00,00,0000,0000,00,00,0000,0000,00,00,0000,0000,00,01,af80,0000,01,00,0000,0000,02,00,0000,0000,00,00,0000,0000,00
1115,00,0000,0000,00,00,0000,0000,00,00,0000,0000,00,00,0000,0000,00,00,0000,0000,00,00,0000,0000,00,01,af00,0000,01,00,0000,0000,02,00,0000,0000,00,00,0000,0000,00
1116,00,0000,0000,00,00,0000,0000,00,00,0000,0000,00,00,0000,0000,00,00,0000,0000,00,00,0000,0000,00,01,ae80,0000,01,00,0000,0000,02,00,0000,0000,00,00,0000,0000,00
1117,00,0000,0000,00,00,0000,0000,00,00,0000,0000,00,00,0000,0000,00,00,0000,0000,00,00,0000,0000,00,01,ae00,0000,01,00,0000,0000,02,00,0000,0000,00,00,0000,0000,00
1118,00,0000,0000,00,00,0000,0000,00,00,0000,0000,00,00,0000,0000,00,00,0000,0000,00,00,0000,0000,00,01,ad80,0000,01,00,0000,0000,02,00,0000,0000,00,00,0000,0000,00
1119,00,0000,0000,00,00,0000,0000,00,00,0000,0000,00,00,0000,0000,00,00,0000,0000,00,00,0000,0000,00,01,ad00,0000,01,00,0000,0000,02,00,0000,0000,00,00,0000,0000,00
1120,00,0000,0000,00,00,0000,0000,00,00,0000,0000,00,00,0000,0000,00,00,0000,0000,00,00,0000,0000,00,01,ac80,0000,01,00,0000,0000,02,00,0000,0000,00,00,0000,0000,00
1121,00,0000,0000,00,00,0000,0000,00,00,0000,0000,00,00,0000,0000,00,00,0000,0000,00,00,0000,0000,00,01,ac00,0000,01,00,0000,0000,02,00,0000,0000,00,00,0000,0000,00
1122,00,0000,0000,00,00,0000,0000,00,00,0000,0000,00,00,0000,0000,00,00,0000,0000,00,00,0000,0000,00,01,ab80,0000,01,00,0000,0000,02,00,0000,0000,00,00,0000,0000,00
1123,00,0000,0000,00,00,0000,0000,00,00,0000,0000,00,00,0000,0000,00,00,0000,0000,00,00,0000,0000,00,01,ab00,0000,01,00,0000,0000,02,00,0000,0000,00,00,0000,0000,00
1124,00,0000,0000,00,00,0000,0000,00,00,0000,0000,00,00,0000,0000,00,00,0000,0000,00,00,0000,0000,00,01,aa80,0000,01,00,0000,0000,02,00,0000,0000,00,00,0000,0000,00
1125,00,0000,0000,00,00,0000,0000,00,00,0000,0000,00,00,0000,0000,00,00,0000,0000,00,00,0000,0000,00,01,aa00,0000,01,00,0000,0000,02,00,0000,0000,00,00,0000,0000,00
1126,00,0000,0000,00,00,0000,0000,00,00,0000,0000,00,00,0000,0000,00,00,0000,0000,00,00,0000,0000,00,01,a980,0000,01,00,0000,0000,02,00,0000,0000,00,00,0000,0000,00
1127,00,0000,0000,00,00,0000,0000,00,00,0000,0000,00,00,0000,0000,00,00,0000,0000,00,00,0000,0000,00,01,a900,0000,01,00,0000,0000,02,00,0000,0000,00,00,0000,0000,00
1128,00,0000,0000,00,00,0000,0000,00,00,0000,0000,00,00,0000,0000,00,00,0000,0000,00,00,0000,0000,00,01,a880,0000,01,00,0000,0000,02,00,0000,0000,00,00,0000,0000,00
1129,00,0000,0000,00,00,0000,0000,00,00,0000,0000,00,00,0000,0000,00,00,0000,0000,00,00,0000,0000,00,01,a800,0000,01,00,0000,0000,02,00,0000,0000,00,00,0000,0000,00
1130,00,0000,0000,00,00,0000,0000,00,00,0000,0000,00,00,0000,0000,00,00,0000,0000,00,00,0000,0000,00,01,a780,0000,01,00,0000,0000,02,00,0000,0000,00,00,0000,0000,00
1131,00,0000,0000,00,00,0000,0000,00,00,0000,0000,00,00,0000,0000,00,00,0000,0000,00,00,0000,0000,00,01,a700,0000,01,00,0000,0000,02,00,0000,0000,00,00,0000,0000,00
1132,00,0000,0000,00,00,0000,0000,00,00,0000,0000,00,00,0000,0000,00,00,0000,0000,00,00,0000,0000,00,01,a680,0000,01,00,0000,0000,02,00,0000,0000,00,00,0000,0000,00
1133,00,0000,0000,00,00,0000,0000,00,00,0000,0000,00,00,0000,0000,00,00,0000,0000,00,00,0000,0000,00,01,a600,0000,01,00,0000,0000,02,00,0000,0000,00,00,0000,0000,00
1134,00,0000,0000,00,00,0000,0000,00,00,0000,0000,00,00,0000,0000,00,00,0000,0000,00,00,0000,0000,00,01,a580,0000,01,00,0000,0000,02,00,0000,0000,00,00,0000,0000,00
1135,00,0000,0000,00,00,0000,0000,00,00,0000,0000,00,00,0000,0000,00,00,0000,0000,00,00,0000,0000,00,01,a500,0000,01,00,0000,0000,02,00,0000,0000,00,00,0000,0000,00
1136,00,0000,0000,00,00,0000,0000,00,00,0000,0000,00,00,0000,0000,00,00,0000,0000,00,00,0000,0000,00,01,a480,0000,01,00,0000,0000,02,00,0000,0000,00,00,0000,0000,00
1137,00,0000,0000,00,00,0000,0000,00,00,0000,0000,00,00,0000,0000,00,00,0000,0000,00,00,0000,0000,00,01,a400,0000,01,00,0000,0000,02,00,0000,0000,00,00,0000,0000,00
1138,00,0000,0000,00,00,0000,0000,00,00,0000,0000,00,00,0000,0000,00,00,0000,0000,00,00,0000,0000,00,01,a380,0000,01,00,0000,0000,02,00,0000,0000,00,00,0000,0000,00
1139,00,0000,0000,00,00,0000,0000,00,00,0000,0000,00,00,0000,0000,00,00,0000,0000,00,00,0000,0000,00,01,a300,0000,01,00,0000,0000,02,00,0000,0000,00,00,0000,0000,00
1140,00,0000,0000,00,00,0000,0000,00,00,0000,0000,00,00,0000,0000,00,00,0000,0000,00,00,0000,0000,00,01,a280,0000,01,00,0000,0000,02,00,0000,0000,00,00,0000,0000,00
1141,00,0000,0000,00,00,0000,0000,00,00,0000,0000,00,00,0000,0000,00,00,0000,0000,00,00,0000,0000,00,01,a200,0000,01,00,0000,0000,02,00,0000,0000,00,00,0000,0000,00
1142,00,0000,0000,00,00,0000,0000,00,00,0000,0000,00,00,0000,0000,00,00,0000,0000,00,00,0000,0000,00,01,a180,0000,01,00,0000,0000,02,00,0000,0000,00,00,0000,0000,00
1143,00,0000,0000,00,00,0000,0000,00,00,0000,0000,00,00,0000,0000,00,00,0000,0000,00,00,0000,0000,00,01,a100,0000,01,00,0000,0000,02,00,0000,0000,00,00,0000,0000,00
1144,00,0000,0000,00,00,0000,0000,00,00,0000,0000,00,00,0000,0000,00,00,0000,0000,00,00,0000,0000,00,01,a080,0000,01,00,0000,0000,02,00,0000,0000,00,00,0000,0000,00
1145,00,0000,0000,00,00,0000,0000,00,00,0000,0000,00,00,0000,0000,00,00,0000,0000,00,00,0000,0000,00,01,a000,0000,01,00,0000,0000,02,00,0000,0000,00,00,0000,0000,00
1146,00,0000,0000,00,00,0000,0000,00,00,0000,0000,00,00,0000,0000,00,00,0000,0000,00,00,0000,0000,00,01,9f80,0000,01,00,0000,0000,02,00,0000,0000,00,00,0000,0000,00
1147,00,0000,0000,00,00,0000,0000,00,00,0000,0000,00,00,0000,0000,00,00,0000,0000,00,00,0000,0000,00,01,9f00,0000,01,00,0000,0000,02,00,0000,0000,00,00,0000,0000,00
1148,00,0000,0000,00,00,0000,0000,00,00,0000,0000,00,00,0000,0000,00,00,0000,0000,00,00,0000,0000,00,01,9e80,0000,01,00,0000,0000,02,00,0000,0000,00,00,0000,0000,00
1149,00,0000,0000,00,00,0000,0000,00,00,0000,0000,00,00,0000,0000,00,00,0000,0000,00,00,0000,0000,00,01,9e00,0000,01,00,0000,0000,02,00,0000,0000,00,00,0000,0000,00
1150,00,0000,0000,00,00,0000,0000,00,00,0000,0000,00,00,0000,0000,00,00,0000,0000,00,00,0000,0000,00,01,9d80,0000,01,00,0000,0000,02,00,0000,0000,00,00,0000,0000,00
1151,00,0000,0000,00,00,0000,0000,00,00,0000,0000,00,00,0000,0000,00,00,0000,0000,00,00,0000,0000,00,01,9d00,0000,01,00,0000,0000,02,00,0000,0000,00,00,0000,0000,00
1152,00,0000,0000,00,00,0000,0000,00,00,0000,0000,00,00,0000,0000,00,00,0000,0000,00,00,0000,0000,00,01,9c80,0000,01,00,0000,0000,02,00,0000,0000,00,00,0000,0000,00
1153,00,0000,0000,00,00,0000,0000,00,00,0000,0000,00,00,0000,0000,00,00,0000,0000,00,00,0000,0000,00,01,9c00,0000,01,00,0000,0000,02,00,0000,0000,00,00,0000,0000,00
1154,00,0000,0000,00,00,0000,0000,00,00,0000,0000,00,00,0000,0000,00,00,0000,0000,00,00,0000,0000,00,01,9b80,0000,01,00,0000,0000,02,00,0000,0000,00,00,0000,0000,00
1155,00,0000,0000,00,00,0000,0000,00,00,0000,0000,00,00,0000,0000,00,00,0000,0000,00,00,0000,0000,00,01,9b00,0000,01,00,0000,0000,02,00,0000,0000,00,00,0000,0000,00
1156,00,0000,0000,00,00,0000,0000,00,00,0000,0000,00,00,0000,0000,00,00,0000,0000,00,00,0000,0000,00,01,9a80,0000,01,00,0000,0000,02,00,0000,0000,00,00,0000,0000,00
1157,00,0000,0000,00,00,0000,0000,00,00,0000,0000,00,00,0000,0000,00,00,0000,0000,00,00,0000,0000,00,01,9a00,0000,01,00,0000,0000,02,00,0000,0000,00,00,0000,0000,00
1158,00,0000,0000,00,00,0000,0000,00,00,0000,0000,00,00,0000,0000,00,00,0000,0000,00,00,0000,0000,00,01,9980,0000,01,00,0000,0000,02,00,0000,0000,00,00,0000,0000,00
1159,00,0000,0000,00,00,0000,0000,00,00,0000,0000,00,00,0000,0000,00,00,0000,0000,00,00,0000,0000,00,01,9900,0000,01,00,0000,0000,02,00,0000,0000,00,00,0000,0000,00
1160,00,0000,0000,00,00,0000,0000,00,00,0000,0000,00,00,0000,0000,00,00,0000,0000,00,00,0000,0000,00,01,9880,0000,01,00,0000,0000,02,00,0000,0000,00,00,0000,0000,00
1161,00,0000,0000,00,00,0000,0000,00,00,0000,0000,00,00,0000,0000,00,00,0000,0000,00,00,0000,0000,00,01,9800,0000,01,00,0000,0000,02,00,0000,0000,00,00,0000,0000,00
1162,00,0000,0000,00,00,0000,0000,00,00,0000,0000,00,00,0000,0000,00,00,0000,0000,00,00,0000,0000,00,01,9780,0000,01,00,0000,0000,02,00,0000,0000,00,00,0000,0000,00
1163,00,0000,0000,00,00,0000,0000,00,00,0000,0000,00,00,0000,0000,00,00,0000,0000,00,00,0000,0000,00,01,9700,0000,01,00,0000,0000,02,00,0000,0000,00,00,0000,0000,00
1164,00,0000,0000,00,00,0000,0000,00,00,0000,0000,00,00,0000,0000,00,00,0000,0000,00,00,0000,0000,00,01,9680,0000,01,00,0000,0000,02,00,0000,0000,00,00,0000,0000,00
1165,00,0000,0000,00,00,0000,0000,00,00,0000,0000,00,00,0000,0000,00,00,0000,0000,00,00,0000,0000,00,01,9600,0000,01,00,0000,0000,02,00,0000,0000,00,00,0000,0000,00
1166,00,0000,0000,00,00,0000,0000,00,00,0000,0000,00,00,0000,0000,00,00,0000,0000,00,00,0000,0000,00,01,9580,0000,01,00,0000,0000,02,00,0000,0000,00,00,0000,0000,00
1167,00,0000,0000,00,00,0000,0000,00,00,0000,0000,00,00,0000,0000,00,00,0000,0000,00,00,0000,0000,00,01,9500,0000,01,00,0000,0000,02,00,0000,0000,00,00,0000,0000,00
1168,00,0000,0000,00,00,0000,0000,00,00,0000,0000,00,00,0000,0000,00,00,0000,0000,00,00,0000,0000,00,01,9480,0000,01,00,0000,0000,02,00,0000,0000,00,00,0000,0000,00
1169,00,0000,0000,00,00,0000,0000,00,00,0000,0000,00,00,0000,0000,00,00,0000,0000,00,00,0000,0000,00,01,9400,0000,01,00,0000,0000,02,00,0000,0000,00,00,0000,0000,00
1170,00,0000,0000,00,00,0000,0000,00,00,0000,0000,00,00,0000,0000,00,00,0000,0000,00,00,0000,0000,00,01,9380,0000,01,00,0000,0000,02,00,0000,0000,00,00,0000,0000,00
1171,00,0000,0000,00,00,0000,0000,00,00,0000,0000,00,00,0000,0000,00,00,0000,0000,00,00,0000,0000,00,01,9300,0000,01,00,0000,0000,02,00,0000,0000,00,00,0000,0000,00
1172,00,0000,0000,00,00,0000,0000,00,00,0000,0000,00,00,0000,0000,00,00,0000,0000,00,00,0000,0000,00,01,9280,0000,01,00,0000,0000,02,00,0000,0000,00,00,0000,0000,00
1173,00,0000,0000,00,00,0000,0000,00,00,0000,0000,00,00,0000,0000,00,00,0000,0000,00,00,0000,0000,00,01,9200,0000,01,00,0000,0000,02,00,0000,0000,00,00,0000,0000,00
1174,00,0000,0000,00,00,0000,0000,00,00,0000,0000,00,00,0000,0000,00,00,0000,0000,00,00,0000,0000,00,01,9180,0000,01,00,0000,0000,02,00,0000,0000,00,00,0000,0000,00
1175,00,0000,0000,00,00,0000,0000,00,00,0000,0000,00,00,0000,0000,00,00,0000,0000,00,00,0000,0000,00,01,9100,0000,01,00,0000,0000,02,00,0000,0000,00,00,0000,0000,00
1176,00,0000,0000,00,00,0000,0000,00,00,0000,0000,00,00,0000,0000,00,00,0000,0000,00,00,0000,0000,00,01,9080,0000,01,00,0000,0000,02,00,0000,0000,00,00,0000,0000,00
1177,00,0000,0000,00,00,0000,0000,00,00,0000,0000,00,00,0000,0000,00,00,0000,0000,00,00,0000,0000,00,01,9000,0000,01,00,0000,0000,02,00,0000,0000,00,00,0000,0000,00
1178,00,0000,0000,00,00,0000,0000,00,00,0000,0000,00,00,0000,0000,00,00,0000,0000,00,00,0000,0000,00,01,8f80,0000,01,00,0000,0000,02,00,0000,0000,00,00,0000,0000,00
1179,00,0000,0000,00,00,0000,0000,00,00,0000,0000,00,00,0000,0000,00,00,0000,0000,00,00,0000,0000,00,01,8f00,0000,01,00,0000,0000,02,00,0000,0000,00,00,0000,0000,00
1180,00,0000,0000,00,00,0000,0000,00,00,0000,0000,00,00,0000,0000,00,00,0000,0000,00,00,0000,0000,00,01,8e80,0000,01,00,0000,0000,02,00,0000,0000,00,00,0000,0000,00
1181,00,0000,0000,00,00,0000,0000,00,00,0000,0000,00,00,0000,0000,00,00,0000,0000,00,00,0000,0000,00,01,8e00,0000,01,00,0000,0000,02,00,0000,0000,00,00,0000,0000,00
1182,00,0000,0000,00,00,0000,0000,00,00,0000,0000,00,00,0000,0000,00,00,0000,0000,00,00,0000,0000,00,01,8d80,0000,01,00,0000,0000,02,00,0000,0000,00,00,0000,0000,00
1183,00,0000,0000,00,00,0000,0000,00,00,0000,0000,00,00,0000,0000,00,00,0000,0000,00,00,0000,0000,00,01,8d00,0000,01,00,0000,0000,02,00,0000,0000,00,00,0000,0000,00
1184,00,0000,0000,00,00,0000,0000,00,00,0000,0000,00,00,0000,0000,00,00,0000,0000,00,00,0000,0000,00,01,8c80,0000,01,00,0000,0000,02,00,0000,0000,00,00,0000,0000,00
1185,00,0000,0000,00,00,0000,0000,00,00,0000,0000,00,00,0000,0000,00,00,0000,0000,00,00,0000,0000,00,01,8c00,0000,01,00,0000,0000,02,00,0000,0000,00,00,0000,0000,00
1186,00,0000,0000,00,00,0000,0000,00,00,0000,0000,00,00,0000,0000,00,00,0000,0000,00,00,0000,0000,00,01,8b80,0000,01,00,0000,0000,02,00,0000,0000,00,00,0000,0000,00
1187,00,0000,0000,00,00,0000,0000,00,00,0000,0000,00,00,0000,0000,00,00,0000,0000,00,00,0000,0000,00,01,8b00,0000,01,00,0000,0000,02,00,0000,0000,00,00,0000,0000,00
1188,00,0000,0000,00,00,0000,0000,00,00,0000,0000,00,00,0000,0000,00,00,0000,0000,00,00,0000,0000,00,01,8a80,0000,01,00,0000,0000,02,00,0000,0000,00,00,0000,0000,00
1189,00,0000,0000,00,00,0000,0000,00,00,0000,0000,00,00,0000,0000,00,00,0000,0000,00,00,0000,0000,00,01,8a00,0000,01,00,0000,0000,02,00,0000,0000,00,00,0000,0000,00
1190,00,0000,0000,00,00,0000,0000,00,00,0000,0000,00,00,0000,0000,00,00,0000,0000,00,00,0000,0000,00,01,8980,0000,01,00,0000,0000,02,00,0000,0000,00,00,0000,0000,00
1191,00,0000,0000,00,00,0000,0000,00,00,0000,0000,00,00,0000,0000,00,00,0000,0000,00,00,0000,0000,00,01,8900,0000,01,00,0000,0000,02,00,0000,0000,00,00,0000,0000,00
1192,00,0000,0000,00,00,0000,0000,00,00,0000,0000,00,00,0000,0000,00,00,0000,0000,00,00,0000,0000,00,01,8880,0000,01,00,0000,0000,02,00,0000,0000,00,00,0000,0000,00
1193,00,0000,0000,00,00,0000,0000,00,00,0000,0000,00,00,0000,0000,00,00,0000,0000,00,00,0000,0000,00,01,8800,0000,01,00,0000,0000,02,00,0000,0000,00,00,0000,0000,00
1194,00,0000,0000,00,00,0000,0000,00,00,0000,0000,00,00,0000,0000,00,00,0000,0000,00,00,0000,0000,00,01,8780,0000,01,00,0000,0000,02,00,0000,0000,00,00,0000,0000,00
1195,00,0000,0000,00,00,0000,0000,00,00,0000,0000,00,00,0000,0000,00,00,0000,0000,00,00,0000,0000,00,01,8700,0000,01,00,0000,0000,02,00,0000,0000,00,00,0000,0000,00
1196,00,0000,0000,00,00,0000,0000,00,00,0000,0000,00,00,0000,0000,00,00,0000,0000,00,00,0000,0000,00,01,8680,0000,01,00,0000,0000,02,00,0000,0000,00,00,0000,0000,00
1197,00,0000,0000,00,00,0000,0000,00,00,0000,0000,00,00,0000,0000,00,00,0000,0000,00,00,0000,0000,00,01,8600,0000,01,00,0000,0000,02,00,0000,0000,00,00,0000,0000,00
1198,00,0000,0000,00,00,0000,0000,00,00,0000,0000,00,00,0000,0000,00,00,0000,0000,00,00,0000,0000,00,01,8580,0000,01,00,0000,0000,02,00,0000,0000,00,00,0000,0000,00
1199,00,0000,0000,00,00,0000,0000,00,00,0000,0000,00,00,0000,0000,00,00,0000,0000,00,00,0000,0000,00,01,8500,0000,01,00,0000,0000,02,00,0000,0000,00,00,0000,0000,00
1200,00,0000,0000,00,00,0000,0000,00,00,0000,0000,00,00,0000,0000,00,00,0000,0000,00,00,0000,0000,00,01,8480,0000,01,00,0000,0000,02,00,0000,0000,00,00,0000,0000,00
1201,00,0000,0000,00,00,0000,0000,00,00,0000,0000,00,00,0000,0000,00,00,0000,0000,00,00,0000,0000,00,01,8280,0000,01,00,0000,0000,02,00,0000,0000,00,00,0000,0000,00
1202,00,0000,0000,00,00,0000,0000,00,00,0000,0000,00,00,0000,0000,00,00,0000,0000,00,00,0000,0000,00,01,8080,0000,01,00,0000,0000,02,00,0000,0000,00,00,0000,0000,00
1203,00,0000,0000,00,00,0000,0000,00,00,0000,0000,00,00,0000,0000,00,00,0000,0000,00,00,0000,0000,00,01,7e80,0000,01,00,0000,0000,02,00,0000,0000,00,00,0000,0000,00
1204,00,0000,0000,00,00,0000,0000,00,00,0000,0000,00,00,0000,0000,00,00,0000,0000,00,00,0000,0000,00,01,7c80,0000,01,00,0000,0000,02,00,0000,0000,00,00,0000,0000,00
1205,00,0000,0000,00,00,0000,0000,00,00,0000,0000,00,00,0000,0000,00,00,0000,0000,00,00,0000,0000,00,01,7a80,0000,01,00,0000,0000,02,00,0000,0000,00,00,0000,0000,00
1206,00,0000,0000,00,00,0000,0000,00,00,0000,0000,00,00,0000,0000,00,00,0000,0000,00,00,0000,0000,00,01,7880,0000,01,00,0000,0000,02,00,0000,0000,00,00,0000,0000,00
1207,00,0000,0000,00,00,0000,0000,00,00,0000,0000,00,00,0000,0000,00,00,0000,0000,00,00,0000,0000,00,01,7680,0000,01,00,0000,0000,02,00,0000,0000,00,00,0000,0000,00
1208,00,0000,0000,00,00,0000,0000,00,00,0000,0000,00,00,0000,0000,00,00,0000,0000,00,00,0000,0000,00,01,7480,0000,01,00,0000,0000,02,00,0000,0000,00,00,0000,0000,00
1209,00,0000,0000,00,00,0000,0000,00,00,0000,0000,00,00,0000,0000,00,00,0000,0000,00,00,0000,0000,00,01,7280,0000,01,00,0000,0000,02,00,0000,0000,00,00,0000,0000,00
1210,00,0000,0000,00,00,0000,0000,00,00,0000,0000,00,00,0000,0000,00,00,0000,0000,00,00,0000,0000,00,01,7080,0000,01,00,0000,0000,02,00,0000,0000,00,00,0000,0000,00
1211,00,0000,0000,00,00,0000,0000,00,00,0000,0000,00,00,0000,0000,00,00,0000,0000,00,00,0000,0000,00,01,6e80,0000,01,00,0000,0000,02,00,0000,0000,00,00,0000,0000,00
1212,00,0000,0000,00,00,0000,0000,00,00,0000,0000,00,00,0000,0000,00,00,0000,0000,00,00,0000,0000,00,01,6c80,0000,01,00,0000,0000,02,00,0000,0000,00,00,0000,0000,00
1213,00,0000,0000,00,00,0000,0000,00,00,0000,0000,00,00,0000,0000,00,00,0000,0000,00,00,0000,0000,00,01,6a80,0000,01,00,0000,0000,02,00,0000,0000,00,00,0000,0000,00
1214,00,0000,0000,00,00,0000,0000,00,00,0000,0000,00,00,0000,0000,00,00,0000,0000,00,00,0000,0000,00,01,6880,0000,01,00,0000,0000,02,00,0000,0000,00,00,0000,0000,00
1215,00,0000,0000,00,00,0000,0000,00,00,0000,0000,00,00,0000,0000,00,00,0000,0000,00,00,0000,0000,00,01,6680,0000,01,00,0000,0000,02,00,0000,0000,00,00,0000,0000,00
1216,00,0000,0000,00,00,0000,0000,00,00,0000,0000,00,00,0000,0000,00,00,0000,0000,00,00,0000,0000,00,01,6480,0000,01,00,0000,0000,02,00,0000,0000,00,00,0000,0000,00
1217,00,0000,0000,00,00,0000,0000,00,00,0000,0000,00,00,0000,0000,00,00,0000,0000,00,00,0000,0000,00,01,6280,0000,01,00,0000,0000,02,00,0000,0000,00,00,0000,0000,00
1218,00,0000,0000,00,00,0000,0000,00,00,0000,0000,00,00,0000,0000,00,00,0000,0000,00,00,0000,0000,00,01,6080,0000,01,00,0000,0000,02,00,0000,0000,00,00,0000,0000,00
1219,00,0000,0000,00,00,0000,0000,00,00,0000,0000,00,00,0000,0000,00,00,0000,0000,00,00,0000,0000,00,01,5e80,0000,01,00,0000,0000,02,00,0000,0000,00,00,0000,0000,00
1220,00,0000,0000,00,00,0000,0000,00,00,0000,0000,00,00,0000,0000,00,00,0000,0000,00,00,0000,0000,00,01,5c80,0000,01,00,0000,0000,02,00,0000,0000,00,00,0000,0000,00
1221,00,0000,0000,00,00,0000,0000,00,00,0000,0000,00,00,0000,0000,00,00,0000,0000,00,00,0000,0000,00,01,5a80,0000,01,00,0000,0000,02,00,0000,0000,00,00,0000,0000,00
1222,00,0000,0000,00,00,0000,0000,00,00,0000,0000,00,00,0000,0000,00,00,0000,0000,00,00,0000,0000,00,01,5880,0000,01,00,0000,0000,02,00,0000,0000,00,00,0000,0000,00
1223,00,0000,0000,00,00,0000,0000,00,00,0000,0000,00,00,0000,0000,00,00,0000,0000,00,00,0000,0000,00,01,5680,0000,01,00,0000,0000,02,00,0000,0000,00,00,0000,0000,00
1224,00,0000,0000,00,00,0000,0000,00,00,0000,0000,00,00,0000,0000,00,00,0000,0000,00,00,0000,0000,00,01,5480,0000,01,00,0000,0000,02,00,0000,0000,00,00,0000,0000,00
1225,00,0000,0000,00,00,0000,0000,00,00,0000,0000,00,00,0000,0000,00,00,0000,0000,00,00,0000,0000,00,01,5280,0000,01,00,0000,0000,02,00,0000,0000,00,00,0000,0000,00
1226,00,0000,0000,00,00,0000,0000,00,00,0000,0000,00,00,0000,0000,00,00,0000,0000,00,00,0000,0000,00,01,5080,0000,01,00,0000,0000,02,00,0000,0000,00,00,0000,0000,00
1227,00,0000,0000,00,00,0000,0000,00,00,0000,0000,00,00,0000,0000,00,00,0000,0000,00,00,0000,0000,00,01,4e80,0000,01,00,0000,0000,02,00,0000,0000,00,00,0000,0000,00
1228,00,0000,0000,00,00,0000,0000,00,00,0000,0000,00,00,0000,0000,00,00,0000,0000,00,00,0000,0000,00,01,4c80,0000,01,00,0000,0000,02,00,0000,0000,00,00,0000,0000,00
1229,00,0000,0000,00,00,0000,0000,00,00,0000,0000,00,00,0000,0000,00,00,0000,0000,00,00,0000,0000,00,01,4a80,0000,01,00,0000,0000,02,00,0000,0000,00,00,0000,0000,00
1230,00,0000,0000,00,00,0000,0000,00,00,0000,0000,00,00,0000,0000,00,00,0000,0000,00,00,0000,0000,00,01,4880,0000,01,00,0000,0000,02,00,0000,0000,00,00,0000,0000,00
1231,00,0000,0000,00,00,0000,0000,00,00,0000,0000,00,00,0000,0000,00,00,0000,0000,00,00,0000,0000,00,01,4680,0000,01,00,0000,0000,02,00,0000,0000,00,00,0000,0000,00
1232,00,0000,0000,00,00,0000,0000,00,00,0000,0000,00,00,0000,0000,00,00,0000,0000,00,00,0000,0000,00,01,4480,0000,01,00,0000,0000,02,00,0000,0000,00,00,0000,0000,00
1233,00,0000,0000,00,00,0000,0000,00,00,0000,0000,00,00,0000,0000,00,00,0000,0000,00,00,0000,0000,00,01,4280,0000,01,00,0000,0000,02,00,0000,0000,00,00,0000,0000,00
1234,00,0000,0000,00,00,0000,0000,00,00,0000,0000,00,00,0000,0000,00,00,0000,0000,00,00,0000,0000,00,01,4080,0000,01,00,0000,0000,02,00,0000,0000,00,00,0000,0000,00
1235,00,0000,0000,00,00,0000,0000,00,00,0000,0000,00,00,0000,0000,00,00,0000,0000,00,00,0000,0000,00,01,3e80,0000,01,00,0000,0000,02,00,0000,0000,00,00,0000,0000,00
1236,00,0000,0000,00,00,0000,0000,00,00,0000,0000,00,00,0000,0000,00,00,0000,0000,00,00,0000,0000,00,01,3c80,0000,01,00,0000,0000,02,00,0000,0000,00,00,0000,0000,00
1237,00,0000,0000,00,00,0000,0000,00,00,0000,0000,00,00,0000,0000,00,00,0000,0000,00,00,0000,0000,00,01,3a80,0000,01,00,0000,0000,02,00,0000,0000,00,00,0000,0000,00
1238,00,0000,0000,00,00,0000,0000,00,00,0000,0000,00,00,0000,0000,00,00,0000,0000,00,00,0000,0000,00,01,3880,0000,01,00,0000,0000,02,00,0000,0000,00,00,0000,0000,00
1239,00,0000,0000,00,00,0000,0000,00,00,0000,0000,00,00,0000,0000,00,00,0000,0000,00,00,0000,0000,00,01,3680,0000,01,00,0000,0000,02,00,0000,0000,00,00,0000,0000,00
1240,00,0000,0000,00,00,0000,0000,00,00,0000,0000,00,00,0000,0000,00,00,0000,0000,00,00,0000,0000,00,01,3480,0000,01,00,0000,0000,02,00,0000,0000,00,00,0000,0000,00
1241,00,0000,0000,00,00,0000,0000,00,00,0000,0000,00,00,0000,0000,00,00,0000,0000,00,00,0000,0000,00,01,3280,0000,01,00,0000,0000,02,00,0000,0000,00,00,0000,0000,00
1242,00,0000,0000,00,00,0000,0000,00,00,0000,0000,00,00,0000,0000,00,00,0000,0000,00,00,0000,0000,00,01,3080,0000,01,00,0000,0000,02,00,0000,0000,00,00,0000,0000,00
1243,00,0000,0000,00,00,0000,0000,00,00,0000,0000,00,00,0000,0000,00,00,0000,0000,00,00,0000,0000,00,01,2e80,0000,01,00,0000,0000,02,00,0000,0000,00,00,0000,0000,00
1244,00,0000,0000,00,00,0000,0000,00,00,0000,0000,00,00,0000,0000,00,00,0000,0000,00,00,0000,0000,00,01,2c80,0000,01,00,0000,0000,02,00,0000,0000,00,00,0000,0000,00
1245,00,0000,0000,00,00,0000,0000,00,00,0000,0000,00,00,0000,0000,00,00,0000,0000,00,00,0000,0000,00,01,2a80,0000,01,00,0000,0000,02,00,0000,0000,00,00,0000,0000,00
1246,00,0000,0000,00,00,0000,0000,00,00,0000,0000,00,00,0000,0000,00,00,0000,0000,00,ff,f500,0000,00,01,2880,0000,01,00,0000,0000,02,00,0000,0000,00,01,fd80,0000,03
1247,00,0000,0000,00,00,0000,0000,00,00,0000,0000,00,00,0000,0000,00,00,0000,0000,00,ff,f300,0000,00,01,2680,0000,01,00,0000,0000,02,00,0000,0000,00,01,fb80,0000,02
1248,00,0000,0000,00,00,0000,0000,00,00,0000,0000,00,00,0000,0000,00,00,0000,0000,00,ff,f100,0000,00,01,2480,0000,01,00,0000,0000,02,00,0000,0000,00,01,f980,0000,01
1249,00,0000,0000,00,00,0000,0000,00,00,0000,0000,00,00,0000,0000,00,00,0000,0000,00,ff,ef00,0000,00,01,2280,0000,01,00,0000,0000,02,00,0000,0000,00,01,f780,0000,03
1250,00,0000,0000,00,00,0000,0000,00,00,0000,0000,00,00,0000,0000,00,00,0000,0000,00,ff,ed00,0000,00,01,2080,0000,01,00,0000,0000,02,00,0000,0000,00,01,f580,0000,02
1251,00,0000,0000,00,00,0000,0000,00,00,0000,0000,00,00,0000,0000,00,00,0000,0000,00,ff,eb00,0000,00,01,1e80,0000,01,00,0000,0000,02,00,0000,0000,00,01,f380,0000,01
1252,00,0000,0000,00,00,0000,0000,00,00,0000,0000,00,00,0000,0000,00,00,0000,0000,00,ff,e900,0000,00,01,1c80,0000,01,00,0000,0000,02,00,0000,0000,00,01,f180,0000,03
1253,00,0000,0000,00,00,0000,0000,00,00,0000,0000,00,00,0000,0000,00,00,0000,0000,00,ff,e700,0000,00,01,1a80,0000,01,00,0000,0000,02,00,0000,0000,00,01,ef80,0000,02
1254,00,0000,0000,00,00,0000,0000,00,00,0000,0000,00,00,0000,0000,00,00,0000,0000,00,ff,e500,0000,00,01,1880,0000,01,00,0000,0000,02,00,0000,0000,00,01,ed80,0000,01
1255,00,0000,0000,00,00,0000,0000,00,00,0000,0000,00,00,0000,0000,00,00,0000,0000,00,ff,e300,0000,00,01,1680,0000,01,00,0000,0000,02,00,0000,0000,00,01,eb80,0000,03
1256,00,0000,0000,00,00,0000,0000,00,00,0000,0000,00,00,0000,0000,00,00,0000,0000,00,ff,e100,0000,00,01,1480,0000,01,00,0000,0000,02,00,0000,0000,00,01,e980,0000,02
1257,00,0000,0000,00,00,0000,0000,00,00,0000,0000,00,00,0000,0000,00,00,0000,0000,00,ff,df00,0000,00,01,1280,0000,01,00,0000,0000,02,00,0000,0000,00,01,e780,0000,01
1258,00,0000,0000,00,00,0000,0000,00,00,0000,0000,00,00,0000,0000,00,00,0000,0000,00,ff,dd00,0000,00,01,1080,0000,01,00,0000,0000,02,00,0000,0000,00,01,e580,0000,03
1259,00,0000,0000,00,00,0000,0000,00,00,0000,0000,00,00,0000,0000,00,00,0000,0000,00,ff,db00,0000,00,01,0e80,0000,01,00,0000,0000,02,00,0000,0000,00,01,e380,0000,02
1260,00,0000,0000,00,00,0000,0000,00,00,0000,0000,00,00,0000,0000,00,00,0000,0000,00,ff,d900,0000,00,01,0c80,0000,01,00,0000,0000,02,00,0000,0000,00,01,e180,0000,01
1261,00,0000,0000,00,00,0000,0000,00,00,0000,0000,00,00,0000,0000,00,00,0000,0000,00,ff,d700,0000,00,01,0a80,0000,01,00,0000,0000,02,00,0000,0000,00,01,df80,0000,03
1262,00,0000,0000,00,00,0000,0000,00,00,0000,0000,00,00,0000,0000,00,00,0000,0000,00,ff,d500,0000,00,01,0880,0000,01,00,0000,0000,02,00,0000,0000,00,01,dd80,0000,02
1263,00,0000,0000,00,00,0000,0000,00,00,0000,0000,00,00,0000,0000,00,00,0000,0000,00,ff,d300,0000,00,01,0680,0000,01,00,0000,0000,02,00,0000,0000,00,01,db80,0000,01
1264,00,0000,0000,00,00,0000,0000,00,00,0000,0000,00,00,0000,0000,00,00,0000,0000,00,ff,d100,0000,00,01,0480,0000,01,00,0000,0000,02,00,0000,0000,00,01,d980,0000,03
1265,00,0000,0000,00,00,0000,0000,00,00,0000,0000,00,00,0000,0000,00,00,0000,0000,00,ff,cf00,0000,00,01,0280,0000,01,00,0000,0000,02,00,0000,0000,00,01,d780,0000,02
1266,00,0000,0000,00,00,0000,0000,00,00,0000,0000,00,00,0000,0000,00,00,0000,0000,00,ff,cd00,0000,00,01,0080,0000,01,00,0000,0000,02,00,0000,0000,00,01,d580,0000,01
1267,00,0000,0000,00,00,0000,0000,00,00,0000,0000,00,00,0000,0000,00,00,0000,0000,00,ff,cb00,0000,00,00,0000,0000,01,00,0000,0000,02,00,0000,0000,00,01,d380,0000,03
1268,00,0000,0000,00,00,0000,0000,00,00,0000,0000,00,00,0000,0000,00,00,0000,0000,00,ff,c900,0000,00,00,0000,0000,01,00,0000,0000,02,00,0000,0000,00,01,d180,0000,02
1269,00,0000,0000,00,00,0000,0000,00,00,0000,0000,00,00,0000,0000,00,00,0000,0000,00,ff,c700,0000,00,00,0000,0000,01,00,0000,0000,02,00,0000,0000,00,01,cf80,0000,01
1270,00,0000,0000,00,00,0000,0000,00,00,0000,0000,00,00,0000,0000,00,00,0000,0000,00,ff,c500,0000,00,00,0000,0000,01,00,0000,0000,02,00,0000,0000,00,01,cd80,0000,03
1271,00,0000,0000,00,00,0000,0000,00,00,0000,0000,00,00,0000,0000,00,00,0000,0000,00,ff,c300,0000,00,00,0000,0000,01,00,0000,0000,02,00,0000,0000,00,01,cb80,0000,02
1272,00,0000,0000,00,00,0000,0000,00,00,0000,0000,00,00,0000,0000,00,00,0000,0000,00,ff,c100,0000,00,00,0000,0000,01,00,0000,0000,02,00,0000,0000,00,01,c980,0000,01
1273,00,0000,0000,00,00,0000,0000,00,00,0000,0000,00,00,0000,0000,00,00,0000,0000,00,ff,bf00,0000,00,00,0000,0000,01,00,0000,0000,02,00,0000,0000,00,01,c780,0000,03
1274,00,0000,0000,00,00,0000,0000,00,00,0000,0000,00,00,0000,0000,00,00,0000,0000,00,ff,bd00,0000,00,00,0000,0000,01,00,0000,0000,02,00,0000,0000,00,01,c580,0000,02
1275,00,0000,0000,00,00,0000,0000,00,00,0000,0000,00,00,0000,0000,00,00,0000,0000,00,ff,bb00,0000,00,00,0000,0000,01,00,0000,0000,02,00,0000,0000,00,01,c380,0000,01
1276,00,0000,0000,00,00,0000,0000,00,00,0000,0000,00,00,0000,0000,00,00,0000,0000,00,ff,b900,0000,00,00,0000,0000,01,00,0000,0000,02,00,0000,0000,00,01,c180,0000,03
1277,00,0000,0000,00,00,0000,0000,00,00,0000,0000,00,00,0000,0000,00,00,0000,0000,00,ff,b700,0000,00,00,0000,0000,01,00,0000,0000,02,00,0000,0000,00,01,bf80,0000,02
1278,00,0000,0000,00,00,0000,0000,00,00,0000,0000,00,00,0000,0000,00,00,0000,0000,00,ff,b500,0000,00,00,0000,0000,01,00,0000,0000,02,00,0000,0000,00,01,bd80,0000,01
1279,00,0000,0000,00,00,0000,0000,00,00,0000,0000,00,00,0000,0000,00,00,0000,0000,00,ff,b300,0000,00,00,0000,0000,01,00,0000,0000,02,00,0000,0000,00,01,bb80,0000,03
1280,00,0000,0000,00,00,0000,0000,00,00,0000,0000,00,00,0000,0000,00,00,0000,0000,00,ff,b100,0000,00,00,0000,0000,01,00,0000,0000,02,00,0000,0000,00,01,b980,0000,02
1281,00,0000,0000,00,00,0000,0000,00,00,0000,0000,00,00,0000,0000,00,00,0000,0000,00,ff,af00,0000,00,00,0000,0000,01,00,0000,0000,02,00,0000,0000,00,01,b780,0000,01
1282,00,0000,0000,00,00,0000,0000,00,00,0000,0000,00,00,0000,0000,00,00,0000,0000,00,ff,ad00,0000,00,00,0000,0000,01,00,0000,0000,02,00,0000,0000,00,01,b580,0000,03
1283,00,0000,0000,00,00,0000,0000,00,00,0000,0000,00,00,0000,0000,00,00,0000,0000,00,ff,ab00,0000,00,00,0000,0000,01,00,0000,0000,02,00,0000,0000,00,01,b380,0000,02
1284,00,0000,0000,00,00,0000,0000,00,00,0000,0000,00,00,0000,0000,00,00,0000,0000,00,ff,a900,0000,00,00,0000,0000,01,00,0000,0000,02,00,0000,0000,00,01,b180,0000,01
1285,00,0000,0000,00,00,0000,0000,00,00,0000,0000,00,00,0000,0000,00,00,0000,0000,00,ff,a700,0000,00,00,0000,0000,01,00,0000,0000,02,00,0000,0000,00,01,af80,0000,03
1286,00,0000,0000,00,00,0000,0000,00,00,0000,0000,00,00,0000,0000,00,00,0000,0000,00,ff,a500,0000,00,00,0000,0000,01,00,0000,0000,02,00,0000,0000,00,01,ad80,0000,02
1287,00,0000,0000,00,00,0000,0000,00,00,0000,0000,00,00,0000,0000,00,00,0000,0000,00,ff,a300,0000,00,00,0000,0000,01,00,0000,0000,02,00,0000,0000,00,01,ab80,0000,01
1288,00,0000,0000,00,00,0000,0000,00,00,0000,0000,00,00,0000,0000,00,00,0000,0000,00,ff,a100,0000,00,00,0000,0000,01,00,0000,0000,02,00,0000,0000,00,01,a980,0000,03
1289,00,0000,0000,00,00,0000,0000,00,00,0000,0000,00,00,0000,0000,00,00,0000,0000,00,ff,9f00,0000,00,00,0000,0000,01,00,0000,0000,02,00,0000,0000,00,01,a780,0000,02
1290,00,0000,0000,00,00,0000,0000,00,00,0000,0000,00,00,0000,0000,00,00,0000,0000,00,ff,9d00,0000,00,00,0000,0000,01,00,0000,0000,02,00,0000,0000,00,01,a580,0000,01
1291,00,0000,0000,00,00,0000,0000,00,00,0000,0000,00,00,0000,0000,00,00,0000,0000,00,ff,9b00,0000,00,00,0000,0000,01,00,0000,0000,02,00,0000,0000,00,01,a380,0000,03
1292,00,0000,0000,00,00,0000,0000,00,00,0000,0000,00,00,0000,0000,00,00,0000,0000,00,ff,9900,0000,00,00,0000,0000,01,00,0000,0000,02,00,0000,0000,00,01,a180,0000,02
1293,00,0000,0000,00,00,0000,0000,00,00,0000,0000,00,00,0000,0000,00,00,0000,0000,00,ff,9700,0000,00,00,0000,0000,01,00,0000,0000,02,00,0000,0000,00,01,9f80,0000,01
1294,00,0000,0000,00,00,0000,0000,00,00,0000,0000,00,00,0000,0000,00,00,0000,0000,00,ff,9500,0000,00,00,0000,0000,01,00,0000,0000,02,00,0000,0000,00,01,9d80,0000,03
1295,00,0000,0000,00,00,0000,0000,00,00,0000,0000,00,00,0000,0000,00,00,0000,0000,00,ff,9300,0000,00,00,0000,0000,01,00,0000,0000,02,00,0000,0000,00,01,9b80,0000,02
1296,00,0000,0000,00,00,0000,0000,00,00,0000,0000,00,00,0000,0000,00,00,0000,0000,00,ff,9100,0000,00,00,0000,0000,01,00,0000,0000,02,00,0000,0000,00,01,9980,0000,01
1297,00,0000,0000,00,00,0000,0000,00,00,0000,0000,00,00,0000,0000,00,00,0000,0000,00,ff,8f00,0000,00,00,0000,0000,01,00,0000,0000,02,00,0000,0000,00,01,9780,0000,03
1298,00,0000,0000,00,00,0000,0000,00,00,0000,0000,00,00,0000,0000,00,00,0000,0000,00,ff,8d00,0000,00,00,0000,0000,01,00,0000,0000,02,00,0000,0000,00,01,9580,0000,02
1299,00,0000,0000,00,00,0000,0000,00,00,0000,0000,00,00,0000,0000,00,00,0000,0000,00,ff,8b00,0000,00,00,0000,0000,01,00,0000,0000,02,00,0000,0000,00,01,9380,0000,01
1300,00,0000,0000,00,00,0000,0000,00,00,0000,0000,00,00,0000,0000,00,00,0000,0000,00,ff,8900,0000,00,00,0000,0000,01,00,0000,0000,02,00,0000,0000,00,01,9180,0000,03
1301,00,0000,0000,00,00,0000,0000,00,00,0000,0000,00,00,0000,0000,00,00,0000,0000,00,ff,8700,0000,00,00,0000,0000,01,00,0000,0000,02,00,0000,0000,00,01,8f80,0000,02
1302,00,0000,0000,00,00,0000,0000,00,00,0000,0000,00,00,0000,0000,00,00,0000,0000,00,ff,8500,0000,00,00,0000,0000,01,00,0000,0000,02,00,0000,0000,00,01,8d80,0000,01
1303,00,0000,0000,00,00,0000,0000,00,00,0000,0000,00,00,0000,0000,00,00,0000,0000,00,ff,8300,0000,00,00,0000,0000,01,00,0000,0000,02,00,0000,0000,00,01,8b80,0000,03
1304,00,0000,0000,00,00,0000,0000,00,00,0000,0000,00,00,0000,0000,00,00,0000,0000,00,ff,8100,0000,00,00,0000,0000,01,00,0000,0000,02,00,0000,0000,00,01,8980,0000,02
1305,00,0000,0000,00,00,0000,0000,00,00,0000,0000,00,00,0000,0000,00,00,0000,0000,00,ff,7f00,0000,00,00,0000,0000,01,00,0000,0000,02,00,0000,0000,00,01,8780,0000,01
1306,00,0000,0000,00,00,0000,0000,00,00,0000,0000,00,00,0000,0000,00,00,0000,0000,00,ff,7d00,0000,00,00,0000,0000,01,00,0000,0000,02,00,0000,0000,00,01,8580,0000,03
1307,00,0000,0000,00,00,0000,0000,00,00,0000,0000,00,00,0000,0000,00,00,0000,0000,00,ff,7b00,0000,00,00,0000,0000,01,00,0000,0000,02,00,0000,0000,00,01,8380,0000,02
1308,00,0000,0000,00,00,0000,0000,00,00,0000,0000,00,00,0000,0000,00,00,0000,0000,00,ff,7900,0000,00,00,0000,0000,01,00,0000,0000,02,00,0000,0000,00,01,8180,0000,01
1309,00,0000,0000,00,00,0000,0000,00,00,0000,0000,00,00,0000,0000,00,00,0000,0000,00,ff,7700,0000,00,00,0000,0000,01,00,0000,0000,02,00,0000,0000,00,01,7f80,0000,03
1310,00,0000,0000,00,00,0000,0000,00,00,0000,0000,00,00,0000,0000,00,00,0000,0000,00,ff,7500,0000,00,00,0000,0000,01,00,0000,0000,02,00,0000,0000,00,01,7d80,0000,02
1311,00,0000,0000,00,00,0000,0000,00,00,0000,0000,00,00,0000,0000,00,00,0000,0000,00,ff,7300,0000,00,00,0000,0000,01,00,0000,0000,02,00,0000,0000,00,01,7b80,0000,01
1312,00,0000,0000,00,00,0000,0000,00,00,0000,0000,00,00,0000,0000,00,00,0000,0000,00,ff,7100,0000,00,00,0000,0000,01,00,0000,0000,02,00,0000,0000,00,01,7980,0000,03
1313,00,0000,0000,00,00,0000,0000,00,00,0000,0000,00,00,0000,0000,00,00,0000,0000,00,ff,6f00,0000,00,00,0000,0000,01,00,0000,0000,02,00,0000,0000,00,01,7780,0000,02
1314,00,0000,0000,00,00,0000,0000,00,00,0000,0000,00,00,0000,0000,00,00,0000,0000,00,ff,6d00,0000,00,00,0000,0000,01,00,0000,0000,02,00,0000,0000,00,01,7580,0000,01
1315,00,0000,0000,00,00,0000,0000,00,00,0000,0000,00,00,0000,0000,00,00,0000,0000,00,ff,6b00,0000,00,00,0000,0000,01,00,0000,0000,02,00,0000,0000,00,01,7380,0000,03
1316,00,0000,0000,00,00,0000,0000,00,00,0000,0000,00,00,0000,0000,00,00,0000,0000,00,ff,6900,0000,00,00,0000,0000,01,00,0000,0000,02,00,0000,0000,00,01,7180,0000,02
1317,00,0000,0000,00,00,0000,0000,00,00,0000,0000,00,00,0000,0000,00,00,0000,0000,00,ff,6700,0000,00,00,0000,0000,01,00,0000,0000,02,00,0000,0000,00,01,6f80,0000,01
1318,00,0000,0000,00,00,0000,0000,00,00,0000,0000,00,00,0000,0000,00,00,0000,0000,00,ff,6500,0000,00,00,0000,0000,01,00,0000,0000,02,00,0000,0000,00,01,6d80,0000,03
1319,00,0000,0000,00,00,0000,0000,00,00,0000,0000,00,00,0000,0000,00,00,0000,0000,00,ff,6300,0000,00,00,0000,0000,01,00,0000,0000,02,00,0000,0000,00,01,6b80,0000,02
1320,00,0000,0000,00,00,0000,0000,00,00,0000,0000,00,00,0000,0000,00,00,0000,0000,00,ff,6100,0000,00,00,0000,0000,01,00,0000,0000,02,00,0000,0000,00,01,6980,0000,01
1321,00,0000,0000,00,00,0000,0000,00,00,0000,0000,00,00,0000,0000,00,00,0000,0000,00,ff,5f00,0000,00,00,0000,0000,01,00,0000,0000,02,00,0000,0000,00,01,6780,0000,03
1322,00,0000,0000,00,00,0000,0000,00,00,0000,0000,00,00,0000,0000,00,00,0000,0000,00,ff,5d00,0000,00,00,0000,0000,01,00,0000,0000,02,00,0000,0000,00,01,6580,0000,02
1323,00,0000,0000,00,00,0000,0000,00,00,0000,0000,00,00,0000,0000,00,00,0000,0000,00,ff,5b00,0000,00,00,0000,0000,01,00,0000,0000,02,00,0000,0000,00,01,6380,0000,01
1324,00,0000,0000,00,00,0000,0000,00,00,0000,0000,00,00,0000,0000,00,00,0000,0000,00,ff,5900,0000,00,00,0000,0000,01,00,0000,0000,02,00,0000,0000,00,01,6180,0000,03
1325,00,0000,0000,00,00,0000,0000,00,00,0000,0000,00,00,0000,0000,00,00,0000,0000,00,ff,5700,0000,00,00,0000,0000,01,00,0000,0000,02,00,0000,0000,00,01,5f80,0000,02
1326,00,0000,0000,00,00,0000,0000,00,00,0000,0000,00,00,0000,0000,00,00,0000,0000,00,ff,5500,0000,00,00,0000,0000,01,00,0000,0000,02,00,0000,0000,00,01,5d80,0000,01
1327,00,0000,0000,00,00,0000,0000,00,00,0000,0000,00,00,0000,0000,00,00,0000,0000,00,ff,5300,0000,00,00,0000,0000,01,00,0000,0000,02,00,0000,0000,00,01,5b80,0000,03
1328,00,0000,0000,00,00,0000,0000,00,00,0000,0000,00,00,0000,0000,00,00,0000,0000,00,ff,5100,0000,00,00,0000,0000,01,00,0000,0000,02,00,0000,0000,00,01,5980,0000,02
1329,00,0000,0000,00,00,0000,0000,00,00,0000,0000,00,00,0000,0000,00,00,0000,0000,00,ff,4f00,0000,00,00,0000,0000,01,00,0000,0000,02,00,0000,0000,00,01,5780,0000,01
1330,00,0000,0000,00,00,0000,0000,00,00,0000,0000,00,00,0000,0000,00,00,0000,0000,00,ff,4d00,0000,00,00,0000,0000,01,00,0000,0000,02,00,0000,0000,00,01,5580,0000,03
1331,00,0000,0000,00,00,0000,0000,00,00,0000,0000,00,00,0000,0000,00,00,0000,0000,00,ff,4b00,0000,00,00,0000,0000,01,00,0000,0000,02,00,0000,0000,00,01,5380,0000,02
1332,00,0000,0000,00,00,0000,0000,00,00,0000,0000,00,00,0000,0000,00,00,0000,0000,00,ff,4900,0000,00,00,0000,0000,01,00,0000,0000,02,00,0000,0000,00,01,5180,0000,01
1333,00,0000,0000,00,00,0000,0000,00,00,0000,0000,00,00,0000,0000,00,00,0000,0000,00,ff,4700,0000,00,00,0000,0000,01,00,0000,0000,02,00,0000,0000,00,01,4f80,0000,03
1334,00,0000,0000,00,00,0000,0000,00,00,0000,0000,00,00,0000,0000,00,00,0000,0000,00,ff,4500,0000,00,00,0000,0000,01,00,0000,0000,02,00,0000,0000,00,01,4d80,0000,02
1335,00,0000,0000,00,00,0000,0000,00,00,0000,0000,00,00,0000,0000,00,00,0000,0000,00,ff,4300,0000,00,00,0000,0000,01,00,0000,0000,02,00,0000,0000,00,01,4b80,0000,01
1336,00,0000,0000,00,00,0000,0000,00,00,0000,0000,00,00,0000,0000,00,00,0000,0000,00,ff,4100,0000,00,00,0000,0000,01,00,0000,0000,02,00,0000,0000,00,01,4980,0000,03
1337,00,0000,0000,00,00,0000,0000,00,00,0000,0000,00,00,0000,0000,00,00,0000,0000,00,ff,3f00,0000,00,00,0000,0000,01,00,0000,0000,02,00,0000,0000,00,01,4780,0000,02
1338,00,0000,0000,00,00,0000,0000,00,00,0000,0000,00,00,0000,0000,00,00,0000,0000,00,ff,3d00,0000,00,00,0000,0000,01,00,0000,0000,02,00,0000,0000,00,01,4580,0000,01
1339,00,0000,0000,00,00,0000,0000,00,00,0000,0000,00,00,0000,0000,00,00,0000,0000,00,ff,3b00,0000,00,00,0000,0000,01,00,0000,0000,02,00,0000,0000,00,01,4380,0000,03
1340,00,0000,0000,00,00,0000,0000,00,00,0000,0000,00,00,0000,0000,00,00,0000,0000,00,ff,3900,0000,00,00,0000,0000,01,00,0000,0000,02,00,0000,0000,00,01,4180,0000,02
1341,00,0000,0000,00,00,0000,0000,00,00,0000,0000,00,00,0000,0000,00,00,0000,0000,00,ff,3700,0000,00,00,0000,0000,01,00,0000,0000,02,00,0000,0000,00,01,3f80,0000,01
1342,00,0000,0000,00,00,0000,0000,00,00,0000,0000,00,00,0000,0000,00,00,0000,0000,00,ff,3500,0000,00,00,0000,0000,01,00,0000,0000,02,00,0000,0000,00,01,3d80,0000,03
1343,00,0000,0000,00,00,0000,0000,00,00,0000,0000,00,00,0000,0000,00,00,0000,0000,00,ff,3300,0000,00,00,0000,0000,01,00,0000,0000,02,00,0000,0000,00,01,3b80,0000,02
1344,00,0000,0000,00,00,0000,0000,00,00,0000,0000,00,00,0000,0000,00,00,0000,0000,00,ff,3100,0000,00,00,0000,0000,01,00,0000,0000,02,00,0000,0000,00,01,3980,0000,01
1345,00,0000,0000,00,00,0000,0000,00,00,0000,0000,00,00,0000,0000,00,00,0000,0000,00,ff,2f00,0000,00,00,0000,0000,01,00,0000,0000,02,00,0000,0000,00,01,3780,0000,03
1346,00,0000,0000,00,00,0000,0000,00,00,0000,0000,00,00,0000,0000,00,00,0000,0000,00,ff,2d00,0000,00,00,0000,0000,01,00,0000,0000,02,00,0000,0000,00,01,3580,0000,02
1347,00,0000,0000,00,00,0000,0000,00,00,0000,0000,00,00,0000,0000,00,00,0000,0000,00,ff,2b00,0000,00,00,0000,0000,01,00,0000,0000,02,00,0000,0000,00,01,3380,0000,01
1348,00,0000,0000,00,00,0000,0000,00,00,0000,0000,00,00,0000,0000,00,00,0000,0000,00,ff,2900,0000,00,00,0000,0000,01,00,0000,0000,02,00,0000,0000,00,01,3180,0000,03
1349,00,0000,0000,00,00,0000,0000,00,00,0000,0000,00,00,0000,0000,00,00,0000,0000,00,ff,2700,0000,00,00,0000,0000,01,00,0000,0000,02,00,0000,0000,00,01,2f80,0000,02
1350,00,0000,0000,00,00,0000,0000,00,00,0000,0000,00,00,0000,0000,00,00,0000,0000,00,ff,2500,0000,00,00,0000,0000,01,00,0000,0000,02,00,0000,0000,00,01,2d80,0000,01
1351,00,0000,0000,00,00,0000,0000,00,00,0000,0000,00,00,0000,0000,00,00,0000,0000,00,ff,2300,0000,00,00,0000,0000,01,00,0000,0000,02,00,0000,0000,00,01,2b80,0000,03
1352,00,0000,0000,00,00,0000,0000,00,00,0000,0000,00,00,0000,0000,00,00,0000,0000,00,ff,2100,0000,00,00,0000,0000,01,00,0000,0000,02,00,0000,0000,00,01,2980,0000,02
1353,00,0000,0000,00,00,0000,0000,00,00,0000,0000,00,00,0000,0000,00,00,0000,0000,00,ff,1f00,0000,00,00,0000,0000,01,00,0000,0000,02,00,0000,0000,00,01,2780,0000,01
1354,00,0000,0000,00,00,0000,0000,00,00,0000,0000,00,00,0000,0000,00,00,0000,0000,00,ff,1d00,0000,00,00,0000,0000,01,00,0000,0000,02,00,0000,0000,00,01,2580,0000,03
1355,00,0000,0000,00,00,0000,0000,00,00,0000,0000,00,00,0000,0000,00,00,0000,0000,00,ff,1b00,0000,00,00,0000,0000,01,00,0000,0000,02,00,0000,0000,00,01,2380,0000,02
1356,00,0000,0000,00,00,0000,0000,00,00,0000,0000,00,00,0000,0000,00,00,0000,0000,00,ff,1900,0000,00,00,0000,0000,01,00,0000,0000,02,00,0000,0000,00,01,2180,0000,01
1357,00,0000,0000,00,00,0000,0000,00,00,0000,0000,00,00,0000,0000,00,00,0000,0000,00,ff,1700,0000,00,00,0000,0000,01,00,0000,0000,02,00,0000,0000,00,01,1f80,0000,03
1358,00,0000,0000,00,00,0000,0000,00,00,0000,0000,00,00,0000,0000,00,00,0000,0000,00,ff,1500,0000,00,00,0000,0000,01,00,0000,0000,02,00,0000,0000,00,01,1d80,0000,02
1359,00,0000,0000,00,00,0000,0000,00,00,0000,0000,00,00,0000,0000,00,00,0000,0000,00,ff,1300,0000,00,00,0000,0000,01,00,0000,0000,02,00,0000,0000,00,01,1b80,0000,01
1360,00,0000,0000,00,00,0000,0000,00,00,0000,0000,00,00,0000,0000,00,00,0000,0000,00,ff,1100,0000,00,00,0000,0000,01,00,0000,0000,02,00,0000,0000,00,01,1980,0000,03
1361,00,0000,0000,00,00,0000,0000,00,00,0000,0000,00,00,0000,0000,00,00,0000,0000,00,ff,0f00,0000,00,00,0000,0000,01,00,0000,0000,02,00,0000,0000,00,01,1780,0000,02
1362,00,0000,0000,00,00,0000,0000,00,00,0000,0000,00,00,0000,0000,00,00,0000,0000,00,ff,0d00,0000,00,00,0000,0000,01,00,0000,0000,02,00,0000,0000,00,01,1580,0000,01
1363,00,0000,0000,00,00,0000,0000,00,00,0000,0000,00,00,0000,0000,00,00,0000,0000,00,ff,0b00,0000,00,00,0000,0000,01,00,0000,0000,02,00,0000,0000,00,01,1380,0000,03
1364,00,0000,0000,00,00,0000,0000,00,00,0000,0000,00,00,0000,0000,00,00,0000,0000,00,ff,0900,0000,00,00,0000,0000,01,00,0000,0000,02,00,0000,0000,00,01,1180,0000,02
1365,00,0000,0000,00,00,0000,0000,00,00,0000,0000,00,00,0000,0000,00,00,0000,0000,00,ff,0700,0000,00,00,0000,0000,01,00,0000,0000,02,00,0000,0000,00,01,0f80,0000,01
1366,00,0000,0000,00,00,0000,0000,00,00,0000,0000,00,00,0000,0000,00,00,0000,0000,00,ff,0500,0000,00,00,0000,0000,01,00,0000,0000,02,00,0000,0000,00,01,0d80,0000,03
1367,00,0000,0000,00,00,0000,0000,00,00,0000,0000,00,00,0000,0000,00,00,0000,0000,00,ff,0300,0000,00,00,0000,0000,01,00,0000,0000,02,00,0000,0000,00,01,0b80,0000,02
1368,00,0000,0000,00,00,0000,0000,00,00,0000,0000,00,00,0000,0000,00,00,0000,0000,00,ff,0100,0000,00,01,fd80,0000,03,00,0000,0000,02,00,0000,0000,00,01,0980,0000,01
1369,00,0000,0000,00,00,0000,0000,00,00,0000,0000,00,00,0000,0000,00,00,0000,0000,00,ff,ff00,0000,00,01,fb80,0000,02,00,0000,0000,02,00,0000,0000,00,01,0780,0000,03
1370,00,0000,0000,00,00,0000,0000,00,00,0000,0000,00,00,0000,0000,00,00,0000,0000,00,ff,fd00,0000,00,01,f980,0000,01,00,0000,0000,02,00,0000,0000,00,01,0580,0000,02
1371,01,0000,4000,00,00,0000,0000,00,00,0000,0000,00,00,0000,0000,00,00,0000,0000,00,ff,fb00,0000,00,01,f780,0000,03,00,0000,0000,02,00,0000,0000,00,01,0380,0000,01
1372,01,0000,3e80,00,00,0000,0000,00,00,0000,0000,00,00,0000,0000,00,00,0000,0000,00,ff,f900,0000,00,01,f580,0000,02,00,0000,0000,02,00,0000,0000,00,01,0180,0000,03
1373,01,0000,3d00,00,00,0000,0000,00,00,0000,0000,00,00,0000,0000,00,00,0000,0000,00,ff,f800,0000,00,01,f380,0000,01,00,0000,0000,02,00,0000,0000,00,00,0000,0000,03
1374,01,0000,3b80,00,00,0000,0000,00,00,0000,0000,00,00,0000,0000,00,00,0000,0000,00,ff,f800,0000,00,01,f180,0000,03,00,0000,0000,02,00,0000,0000,00,00,0000,0000,03
1375,01,0000,3a00,00,00,0000,0000,00,00,0000,0000,00,00,0000,0000,00,00,0000,0000,00,ff,f800,0000,00,01,ef80,0000,02,00,0000,0000,02,00,0000,0000,00,00,0000,0000,03
1376,01,0000,3880,00,00,0000,0000,00,00,0000,0000,00,00,0000,0000,00,00,0000,0000,00,ff,f800,0000,00,01,ed80,0000,01,00,0000,0000,02,00,0000,0000,00,00,0000,0000,03
1377,01,0000,3700,00,00,0000,0000,00,00,0000,0000,00,00,0000,0000,00,00,0000,0000,00,ff,f800,0000,00,01,eb80,0000,03,00,0000,0000,02,00,0000,0000,00,00,0000,0000,03
1378,01,0000,3580,00,00,0000,0000,00,00,0000,0000,00,00,0000,0000,00,00,0000,0000,00,ff,f800,0000,00,01,e980,0000,02,00,0000,0000,02,00,0000,0000,00,00,0000,0000,03
1379,01,0000,3400,00,00,0000,0000,00,00,0000,0000,00,00,0000,0000,00,00,0000,0000,00,ff,f800,0000,00,01,e780,0000,01,00,0000,0000,02,00,0000,0000,00,00,0000,0000,03
1380,01,0000,3280,00,00,0000,0000,00,00,0000,0000,00,00,0000,0000,00,00,0000,0000,00,ff,f800,0000,00,01,e580,0000,03,00,0000,0000,02,00,0000,0000,00,00,0000,0000,03
1381,01,0000,3100,00,00,0000,0000,00,00,0000,0000,00,00,0000,0000,00,00,0000,0000,00,ff,f800,0000,00,01,e380,0000,02,00,0000,0000,02,00,0000,0000,00,00,0000,0000,03
1382,01,0000,2f80,00,00,0000,0000,00,00,0000,0000,00,00,0000,0000,00,00,0000,0000,00,ff,f800,0000,00,01,e180,0000,01,00,0000,0000,02,00,0000,0000,00,00,0000,0000,03
1383,01,0000,2e00,00,00,0000,0000,00,00,0000,0000,00,00,0000,0000,00,00,0000,0000,00,ff,f800,0000,00,01,df80,0000,03,00,0000,0000,02,00,0000,0000,00,00,0000,0000,03
1384,01,0000,2c80,00,00,0000,0000,00,00,0000,0000,00,00,0000,0000,00,00,0000,0000,00,ff,f800,0000,00,01,dd80,0000,02,00,0000,0000,02,00,0000,0000,00,00,0000,0000,03
1385,01,0000,2b00,00,00,0000,0000,00,00,0000,0000,00,00,0000,0000,00,00,0000,0000,00,ff,f800,0000,00,01,db80,0000,01,00,0000,0000,02,00,0000,0000,00,00,0000,0000,03
1386,01,0000,2980,00,00,0000,0000,00,00,0000,0000,00,00,0000,0000,00,00,0000,0000,00,ff,f800,0000,00,01,d980,0000,03,00,0000,0000,02,00,0000,0000,00,00,0000,0000,03
1387,01,0000,2800,00,00,0000,0000,00,00,0000,0000,00,00,0000,0000,00,00,0000,0000,00,ff,f800,0000,00,01,d780,0000,02,00,0000,0000,02,00,0000,0000,00,00,0000,0000,03
1388,01,0000,2680,00,00,0000,0000,00,00,0000,0000,00,00,0000,0000,00,00,0000,0000,00,ff,f800,0000,00,01,d580,0000,01,00,0000,0000,02,00,0000,0000,00,00,0000,0000,03
1389,01,0000,2500,00,00,0000,0000,00,00,0000,0000,00,00,0000,0000,00,00,0000,0000,00,ff,f800,0000,00,01,d380,0000,03,00,0000,0000,02,00,0000,0000,00,00,0000,0000,03
1390,01,0000,2380,00,00,0000,0000,00,00,0000,0000,00,00,0000,0000,00,00,0000,0000,00,ff,f800,0000,00,01,d180,0000,02,00,0000,0000,02,00,0000,0000,00,00,0000,0000,03
1391,01,0000,2200,00,00,0000,0000,00,00,0000,0000,00,00,0000,0000,00,00,0000,0000,00,ff,f800,0000,00,01,cf80,0000,01,00,0000,0000,02,00,0000,0000,00,00,0000,0000,03
1392,01,0000,2080,00,00,0000,0000,00,00,0000,0000,00,00,0000,0000,00,00,0000,0000,00,ff,f800,0000,00,01,cd80,0000,03,00,0000,0000,02,00,0000,0000,00,00,0000,0000,03
1393,01,0000,1f00,00,00,0000,0000,00,00,0000,0000,00,00,0000,0000,00,00,0000,0000,00,ff,f800,0000,00,01,cb80,0000,02,00,0000,0000,02,00,0000,0000,00,00,0000,0000,03
1394,01,0000,1d80,00,00,0000,0000,00,00,0000,0000,00,00,0000,0000,00,00,0000,0000,00,ff,f800,0000,00,01,c980,0000,01,00,0000,0000,02,00,0000,0000,00,00,0000,0000,03
1395,01,0000,1c00,00,00,0000,0000,00,00,0000,0000,00,00,0000,0000,00,00,0000,0000,00,ff,f800,0000,00,01,c780,0000,03,00,0000,0000,02,00,0000,0000,00,00,0000,0000,03
1396,01,0000,1a80,00,00,0000,0000,00,00,0000,0000,00,00,0000,0000,00,00,0000,0000,00,ff,f800,0000,00,01,c580,0000,02,00,0000,0000,02,00,0000,0000,00,00,0000,0000,03
1397,01,0000,1900,00,00,0000,0000,00,00,0000,0000,00,00,0000,0000,00,00,0000,0000,00,ff,f800,0000,00,01,c380,0000,01,00,0000,0000,02,00,0000,0000,00,00,0000,0000,03
1398,01,0000,1780,00,00,0000,0000,00,00,0000,0000,00,00,0000,0000,00,00,0000,0000,00,ff,f800,0000,00,01,c180,0000,03,00,0000,0000,02,00,0000,0000,00,00,0000,0000,03
1399,01,0000,1600,00,00,0000,0000,00,00,0000,0000,00,00,0000,0000,00,00,0000,0000,00,ff,f800,0000,00,01,bf80,0000,02,00,0000,0000,02,00,0000,0000,00,00,0000,0000,03
1400,01,0000,1480,00,00,0000,0000,00,00,0000,0000,00,00,0000,0000,00,00,0000,0000,00,ff,f800,0000,00,01,bd80,0000,01,00,0000,0000,02,00,0000,0000,00,00,0000,0000,03
1401,01,0000,1300,00,00,0000,0000,00,00,0000,0000,00,00,0000,0000,00,00,0000,0000,00,ff,f800,0000,00,01,bb80,0000,03,00,0000,0000,02,00,0000,0000,00,00,0000,0000,03
1402,01,0000,1180,00,00,0000,0000,00,00,0000,0000,00,00,0000,0000,00,00,0000,0000,00,ff,f800,0000,00,01,b980,0000,02,00,0000,0000,02,00,0000,0000,00,00,0000,0000,03
1403,01,0000,1000,00,00,0000,0000,00,00,0000,0000,00,00,0000,0000,00,00,0000,0000,00,ff,f800,0000,00,01,b780,0000,01,00,0000,0000,02,00,0000,0000,00,00,0000,0000,03
1404,01,0000,0e80,00,00,0000,0000,00,00,0000,0000,00,00,0000,0000,00,00,0000,0000,00,ff,f800,0000,00,01,b580,0000,03,00,0000,0000,02,00,0000,0000,00,00,0000,0000,03
1405,01,0000,0d00,00,00,0000,0000,00,00,0000,0000,00,00,0000,0000,00,00,0000,0000,00,ff,f800,0000,00,01,b380,0000,02,00,0000,0000,02,00,0000,0000,00,00,0000,0000,03
1406,01,0000,0b80,00,00,0000,0000,00,00,0000,0000,00,00,0000,0000,00,00,0000,0000,00,ff,f800,0000,00,01,b180,0000,01,00,0000,0000,02,00,0000,0000,00,00,0000,0000,03
1407,01,0000,0a00,00,00,0000,0000,00,00,0000,0000,00,00,0000,0000,00,00,0000,0000,00,ff,f800,0000,00,01,af80,0000,03,00,0000,0000,02,00,0000,0000,00,00,0000,0000,03
1408,01,0000,0880,00,00,0000,0000,00,00,0000,0000,00,00,0000,0000,00,00,0000,0000,00,ff,f800,0000,00,01,ad80,0000,02,00,0000,0000,02,00,0000,0000,00,00,0000,0000,03
1409,01,0000,0700,00,00,0000,0000,00,00,0000,0000,00,00,0000,0000,00,00,0000,0000,00,ff,f800,0000,00,01,ab80,0000,01,00,0000,0000,02,00,0000,0000,00,00,0000,0000,03
1410,01,0000,0580,00,00,0000,0000,00,00,0000,0000,00,00,0000,0000,00,00,0000,0000,00,ff,f800,0000,00,01,a980,0000,03,00,0000,0000,02,00,0000,0000,00,00,0000,0000,03
1411,01,0000,0400,00,00,0000,0000,00,00,0000,0000,00,00,0000,0000,00,00,0000,0000,00,ff,f800,0000,00,01,a780,0000,02,00,0000,0000,02,00,0000,0000,00,00,0000,0000,03
1412,01,0000,0280,00,00,0000,0000,00,00,0000,0000,00,00,0000,0000,00,00,0000,0000,00,ff,f800,0000,00,01,a580,0000,01,00,0000,0000,02,00,0000,0000,00,00,0000,0000,03
1413,01,0000,0100,00,00,0000,0000,00,00,0000,0000,00,00,0000,0000,00,00,0000,0000,00,ff,f800,0000,00,01,a380,0000,03,00,0000,0000,02,00,0000,0000,00,00,0000,0000,03
1414,02,0000,0100,01,01,0000,e480,00,00,0000,0000,00,00,f800,0000,00,24,f800,b600,00,ff,f800,0000,00,01,a180,0000,02,00,0000,0000,02,00,0000,0000,00,00,0000,0000,03
1415,02,fe80,0100,05,01,0000,e300,00,00,0000,0000,00,00,f600,0000,00,24,f600,b600,00,ff,f800,0000,00,01,9f80,0000,01,00,0000,0000,02,00,0000,0000,00,00,0000,0000,03
1416,02,fd00,0100,04,01,0000,e180,00,00,0000,0000,00,00,f500,0000,00,24,f500,b600,00,ff,f800,0000,00,01,9d80,0000,03,00,0000,0000,02,00,0000,0000,00,00,0000,0000,03
1417,02,fb80,0100,03,01,0000,e000,00,00,0000,0000,00,00,f300,0000,00,24,f300,b600,00,ff,f800,0000,00,01,9b80,0000,02,00,0000,0000,02,00,0000,0000,00,00,0000,0000,03
1418,02,fa00,0100,02,01,0000,de80,00,00,0000,0000,00,00,f200,0000,00,24,f200,b600,00,ff,f800,0000,00,01,9980,0000,01,00,0000,0000,02,00,0000,0000,00,00,0000,0000,03
1419,02,f880,0100,01,01,0000,dd00,00,00,0000,0000,00,00,f000,0000,00,24,f000,b600,00,ff,f800,0000,00,01,9780,0000,03,00,0000,0000,02,00,0000,0000,00,00,0000,0000,03
1420,02,f700,0100,05,01,0000,db80,00,00,0000,0000,00,00,ef00,0000,00,24,ef00,b600,00,ff,f800,0000,00,01,9580,0000,02,00,0000,0000,02,00,0000,0000,00,00,0000,0000,03
1421,02,f580,0100,04,01,0000,da00,00,00,0000,0000,00,00,ed00,0000,00,24,ed00,b600,00,ff,f800,0000,00,01,9380,0000,01,00,0000,0000,02,00,0000,0000,00,00,0000,0000,03
1422,02,f400,0100,03,01,0000,d880,00,00,0000,0000,00,00,ec00,0000,00,24,ec00,b600,00,ff,f800,0000,00,01,9180,0000,03,00,0000,0000,02,00,0000,0000,00,00,0000,0000,03
1423,02,f280,0100,02,01,0000,d700,00,00,0000,0000,00,00,ea00,0000,00,24,ea00,b600,00,ff,f800,0000,00,01,8f80,0000,02,00,0000,0000,02,00,0000,0000,00,00,0000,0000,03
1424,02,f100,0100,01,01,0000,d580,00,00,0000,0000,00,00,e900,0000,00,24,e900,b600,00,ff,f800,0000,00,01,8d80,0000,01,00,0000,0000,02,00,0000,0000,00,00,0000,0000,03
1425,02,ef80,0100,05,01,0000,d400,00,00,0000,0000,00,00,e700,0000,00,24,e700,b600,00,ff,f800,0000,00,01,8b80,0000,03,00,0000,0000,02,00,0000,0000,00,00,0000,0000,03
1426,02,ee00,0100,04,01,0000,d280,00,00,0000,0000,00,00,e600,0000,00,24,e600,b600,00,ff,f800,0000,00,01,8980,0000,02,00,0000,0000,02,00,0000,0000,00,00,0000,0000,03
1427,02,ec80,0100,03,01,0000,d100,00,00,0000,0000,00,00,e400,0000,00,24,e400,b600,00,ff,f800,0000,00,01,8780,0000,01,00,0000,0000,02,00,0000,0000,00,00,0000,0000,03
1428,02,eb00,0100,02,01,0000,cf80,00,00,0000,0000,00,00,e300,0000,00,24,e300,b600,00,ff,f800,0000,00,01,8580,0000,03,00,0000,0000,02,00,0000,0000,00,00,0000,0000,03
1429,02,e980,0100,01,01,0000,ce00,00,00,0000,0000,00,00,e100,0000,00,24,e100,b600,00,ff,f800,0000,00,01,8380,0000,02,00,0000,0000,02,00,0000,0000,00,00,0000,0000,03
1430,02,e800,0100,05,01,0000,cc80,00,00,0000,0000,00,00,e000,0000,00,24,e000,b600,00,ff,f800,0000,00,01,8180,0000,01,00,0000,0000,02,00,0000,0000,00,00,0000,0000,03
1431,02,e680,0100,04,01,0000,cb00,00,00,0000,0000,00,00,de00,0000,00,24,de00,b600,00,ff,f800,0000,00,01,7f80,0000,03,00,0000,0000,02,00,0000,0000,00,00,0000,0000,03
1432,02,e500,0100,03,01,0000,c980,00,00,0000,0000,00,00,dd00,0000,00,24,dd00,b600,00,ff,f800,0000,00,01,7d80,0000,02,00,0000,0000,02,00,0000,0000,00,00,0000,0000,03
1433,02,e380,0100,02,01,0000,c800,00,00,0000,0000,00,00,db00,0000,00,24,db00,b600,00,ff,f800,0000,00,01,7b80,0000,01,00,0000,0000,02,00,0000,0000,00,00,0000,0000,03
1434,02,e200,0100,01,01,0000,c680,00,00,0000,0000,00,00,da00,0000,00,24,da00,b600,00,ff,f800,0000,00,01,7980,0000,03,00,0000,0000,02,00,0000,0000,00,00,0000,0000,03
1435,02,e080,0100,05,01,0000,c500,00,00,0000,0000,00,00,d800,0000,00,24,d800,b600,00,ff,f800,0000,00,01,7780,0000,02,00,0000,0000,02,00,0000,0000,00,00,0000,0000,03
1436,02,df00,0100,04,01,0000,c380,00,00,0000,0000,00,00,d700,0000,00,24,d700,b600,00,ff,f800,0000,00,01,7580,0000,01,00,0000,0000,02,00,0000,0000,00,00,0000,0000,03
1437,02,dd80,0100,03,01,0000,c200,00,00,0000,0000,00,00,d500,0000,00,24,d500,b600,00,ff,f800,0000,00,01,7380,0000,03,00,0000,0000,02,00,0000,0000,00,00,0000,0000,03
1438,02,dc00,0100,02,01,0000,c080,00,00,0000,0000,00,00,d400,0000,00,24,d400,b600,00,ff,f800,0000,00,01,7180,0000,02,00,0000,0000,02,00,0000,0000,00,00,0000,0000,03
1439,02,da80,0100,01,01,0000,bf00,00,00,0000,0000,00,00,d200,0000,00,24,d200,b600,00,ff,f800,0000,00,01,6f80,0000,01,00,0000,0000,02,00,0000,0000,00,00,0000,0000,03
1440,02,d900,0100,05,01,0000,bd80,00,00,0000,0000,00,00,d100,0000,00,24,d100,b600,00,ff,f800,0000,00,01,6d80,0000,03,00,0000,0000,02,00,0000,0000,00,00,0000,0000,03
1441,02,d780,0100,04,01,0000,bc00,00,00,0000,0000,00,00,cf00,0000,00,24,cf00,b600,00,ff,f800,0000,00,01,6b80,0000,02,00,0000,0000,02,00,0000,0000,00,00,0000,0000,03
1442,02,d600,0100,03,01,0000,ba80,00,00,0000,0000,00,00,ce00,0000,00,24,ce00,b600,00,ff,f800,0000,00,01,6980,0000,01,00,0000,0000,02,00,0000,0000,00,00,0000,0000,03
1443,02,d480,0100,02,01,0000,b900,00,00,0000,0000,00,00,cc00,0000,00,24,cc00,b600,00,ff,f800,0000,00,01,6780,0000,03,00,0000,0000,02,00,0000,0000,00,00,0000,0000,03
1444,02,d300,0100,01,01,0000,b780,00,00,0000,0000,00,00,cb00,0000,00,24,cb00,b600,00,ff,f800,0000,00,01,6580,0000,02,00,0000,0000,02,00,0000,0000,00,00,0000,0000,03
1445,02,d180,0100,05,01,0000,b600,00,00,0000,0000,00,00,c900,0000,00,24,c900,b600,00,ff,f800,0000,00,01,6380,0000,01,00,0000,0000,02,00,0000,0000,00,00,0000,0000,03
1446,02,d000,0100,04,01,0000,b480,00,00,0000,0000,00,00,c800,0000,00,24,c800,b600,00,ff,f800,0000,00,01,6180,0000,03,00,0000,0000,02,00,0000,0000,00,00,0000,0000,03
1447,02,ce80,0100,03,01,0000,b300,00,00,0000,0000,00,00,c600,0000,00,24,c600,b600,00,ff,f800,0000,00,01,5f80,0000,02,00,0000,0000,02,00,0000,0000,00,00,0000,0000,03
1448,02,cd00,0100,02,01,0000,b180,00,00,0000,0000,00,00,c500,0000,00,24,c500,b600,00,ff,f800,0000,00,01,5d80,0000,01,00,0000,0000,02,00,0000,0000,00,00,0000,0000,03
1449,02,cb80,0100,01,01,0000,b000,00,00,0000,0000,00,00,c300,0000,00,24,c300,b600,00,ff,f800,0000,00,01,5b80,0000,03,00,0000,0000,02,00,0000,0000,00,00,0000,0000,03
1450,02,ca00,0100,05,01,0000,ae80,00,00,0000,0000,00,00,c200,0000,00,24,c200,b600,00,ff,f800,0000,00,01,5980,0000,02,00,0000,0000,02,00,0000,0000,00,00,0000,0000,03
1451,02,c880,0100,04,01,0000,ad00,00,00,0000,0000,00,00,c000,0000,00,24,c000,b600,00,ff,f800,0000,00,01,5780,0000,01,00,0000,0000,02,00,0000,0000,00,00,0000,0000,03
1452,02,c700,0100,03,01,0000,ab80,00,00,0000,0000,00,00,bf00,0000,00,24,bf00,b600,00,ff,f800,0000,00,01,5580,0000,03,00,0000,0000,02,00,0000,0000,00,00,0000,0000,03
1453,02,c580,0100,02,01,0000,aa00,00,00,0000,0000,00,00,bd00,0000,00,24,bd00,b600,00,ff,f800,0000,00,01,5380,0000,02,00,0000,0000,02,00,0000,0000,00,00,0000,0000,03
1454,02,c400,0100,01,01,0000,a880,00,00,0000,0000,00,00,bc00,0000,00,24,bc00,b600,00,ff,f800,0000,00,01,5180,0000,01,00,0000,0000,02,00,0000,0000,00,00,0000,0000,03
1455,02,c280,0100,05,01,0000,a700,00,00,0000,0000,00,00,ba00,0000,00,24,ba00,b600,00,ff,f800,0000,00,01,4f80,0000,03,00,0000,0000,02,00,0000,0000,00,00,0000,0000,03
1456,02,c100,0100,04,01,0000,a580,00,00,0000,0000,00,00,b900,0000,00,24,b900,b600,00,ff,f800,0000,00,01,4d80,0000,02,00,0000,0000,02,00,0000,0000,00,00,0000,0000,03
1457,02,bf80,0100,03,01,0000,a400,00,00,0000,0000,00,00,b700,0000,00,24,b700,b600,00,ff,f800,0000,00,01,4b80,0000,01,00,0000,0000,02,00,0000,0000,00,00,0000,0000,03
1458,02,be00,0100,02,01,0000,a280,00,00,0000,0000,00,00,b600,0000,00,24,b600,b600,00,ff,f800,0000,00,01,4980,0000,03,00,0000,0000,02,00,0000,0000,00,00,0000,0000,03
1459,02,bc80,0100,01,01,0000,a100,00,00,0000,0000,00,00,b400,0000,00,24,b400,b600,00,ff,f800,0000,00,01,4780,0000,02,00,0000,0000,02,00,0000,0000,00,00,0000,0000,03
1460,02,bb00,0100,05,01,0000,9f80,00,00,0000,0000,00,00,b300,0000,00,24,b300,b600,00,ff,f800,0000,00,01,4580,0000,01,00,0000,0000,02,00,0000,0000,00,00,0000,0000,03
1461,02,b980,0100,04,01,0000,9e00,00,00,0000,0000,00,00,b100,0000,00,24,b100,b600,00,ff,f800,0000,00,01,4380,0000,03,00,0000,0000,02,00,0000,0000,00,00,0000,0000,03
1462,02,b800,0100,03,01,0000,9c80,00,00,0000,0000,00,00,b000,0000,00,24,b000,b600,00,ff,f800,0000,00,01,4180,0000,02,00,0000,0000,02,00,0000,0000,00,00,0000,0000,03
1463,02,b800,0100,03,01,0000,9c80,00,00,0000,0000,00,00,b000,0000,00,24,a000,b600,00,ff,f800,0000,00,01,4180,0000,02,00,0000,0000,02,00,0000,0000,00,00,0000,0000,03
1464,02,b800,0100,03,01,0000,9c80,00,00,0000,0000,00,00,b000,0000,00,24,a000,b600,00,ff,f800,0000,00,01,4180,0000,02,00,0000,0000,02,00,0000,0000,00,00,0000,0000,03
1465,02,b800,0100,03,01,0000,9c80,00,00,0000,0000,00,00,b000,0000,00,24,a000,b600,00,ff,f800,0000,00,01,4180,0000,02,00,0000,0000,02,00,0000,0000,00,00,0000,0000,03
1466,02,b800,0100,03,01,0000,9c80,00,00,0000,0000,00,00,b000,0000,00,24,a000,b600,00,ff,f800,0000,00,01,4180,0000,02,00,0000,0000,02,00,0000,0000,00,00,0000,0000,03
1467,02,b800,0100,03,01,0000,9c80,00,00,0000,0000,00,00,b000,0000,00,24,a000,b600,00,ff,f800,0000,00,01,4180,0000,02,00,0000,0000,02,00,0000,0000,00,00,0000,0000,03
1468,02,b800,0100,03,01,0000,9c80,00,00,0000,0000,00,00,b000,0000,00,24,a000,b600,00,ff,f800,0000,00,01,4180,0000,02,00,0000,0000,02,00,0000,0000,00,00,0000,0000,03
1469,02,b800,0100,03,01,0000,9c80,00,00,0000,0000,00,00,b000,0000,00,24,a000,b600,00,ff,f800,0000,00,01,4180,0000,02,00,0000,0000,02,00,0000,0000,00,00,0000,0000,03
1470,02,b800,0100,03,01,0000,9c80,00,00,0000,0000,00,00,b000,0000,00,24,a000,b600,00,ff,f800,0000,00,01,4180,0000,02,00,0000,0000,02,00,0000,0000,00,00,0000,0000,03
1471,02,b800,0100,03,01,0000,9c80,00,00,0000,0000,00,00,b000,0000,00,24,a000,b600,00,ff,f800,0000,00,01,4180,0000,02,00,0000,0000,02,00,0000,0000,00,00,0000,0000,03
1472,02,b800,0100,03,01,0000,9c80,00,00,0000,0000,00,00,b000,0000,00,24,a000,b600,00,ff,f800,0000,00,01,4180,0000,02,00,0000,0000,02,00,0000,0000,00,00,0000,0000,03
1473,02,b800,0100,03,01,0000,9c80,00,00,0000,0000,00,00,b000,0000,00,24,a000,b600,00,ff,f800,0000,00,01,4180,0000,02,00,0000,0000,02,00,0000,0000,00,00,0000,0000,03
1474,02,b800,0100,03,01,0000,9c80,00,00,0000,0000,00,00,b000,0000,00,24,a000,b600,00,ff,f800,0000,00,01,4180,0000,02,00,0000,0000,02,00,0000,0000,00,00,0000,0000,03
1475,02,b800,0100,03,01,0000,9c80,00,00,0000,0000,00,00,b000,0000,00,24,a000,b600,00,ff,f800,0000,00,01,4180,0000,02,00,0000,0000,02,00,0000,0000,00,00,0000,0000,03
1476,02,b800,0100,03,01,0000,9c80,00,00,0000,0000,00,00,b000,0000,00,24,a000,b600,00,ff,f800,0000,00,01,4180,0000,02,00,0000,0000,02,00,0000,0000,00,00,0000,0000,03
1477,02,b800,0100,03,01,0000,9c80,00,00,0000,0000,00,00,b000,0000,00,24,a000,b600,00,ff,f800,0000,00,01,4180,0000,02,00,0000,0000,02,00,0000,0000,00,00,0000,0000,03
1478,02,b800,0100,03,01,0000,9c80,00,00,0000,0000,00,00,b000,0000,00,24,a000,b600,00,ff,f800,0000,00,01,4180,0000,02,00,0000,0000,02,00,0000,0000,00,00,0000,0000,03
1479,02,b800,0100,03,01,0000,9c80,00,00,0000,0000,00,00,b000,0000,00,24,a000,b600,00,ff,f800,0000,00,01,4180,0000,02,00,0000,0000,02,00,0000,0000,00,00,0000,0000,03
1480,02,b800,0100,03,01,0000,9c80,00,00,0000,0000,00,00,b000,0000,00,24,a000,b600,00,ff,f800,0000,00,01,4180,0000,02,00,0000,0000,02,00,0000,0000,00,00,0000,0000,03
1481,02,b800,0100,03,01,0000,9c80,00,00,0000,0000,00,00,b000,0000,00,24,a000,b600,00,ff,f800,0000,00,01,4180,0000,02,00,0000,0000,02,00,0000,0000,00,00,0000,0000,03
1482,02,b800,0100,03,01,0000,9c80,00,00,0000,0000,00,00,b000,0000,00,24,a000,b600,00,ff,f800,0000,00,01,4180,0000,02,00,0000,0000,02,00,0000,0000,00,00,0000,0000,03
1483,02,b800,0100,03,01,0000,9c80,00,00,0000,0000,00,00,b000,0000,00,24,a000,b600,00,ff,f800,0000,00,01,4180,0000,02,00,0000,0000,02,00,0000,0000,00,00,0000,0000,03
1484,02,b800,0100,03,01,0000,9c80,00,00,0000,0000,00,00,b000,0000,00,24,a000,b600,00,ff,f800,0000,00,01,4180,0000,02,00,0000,0000,02,00,0000,0000,00,00,0000,0000,03
1485,02,b800,0100,03,01,0000,9c80,00,00,0000,0000,00,00,b000,0000,00,24,a000,b600,00,ff,f800,0000,00,01,4180,0000,02,00,0000,0000,02,00,0000,0000,00,00,0000,0000,03
1486,02,b800,0100,03,01,0000,9c80,00,00,0000,0000,00,00,b000,0000,00,24,a000,b600,00,ff,f800,0000,00,01,4180,0000,02,00,0000,0000,02,00,0000,0000,00,00,0000,0000,03
1487,02,b800,0100,03,01,0000,9c80,00,00,0000,0000,00,00,b000,0000,00,24,a000,b600,00,ff,f800,0000,00,01,4180,0000,02,00,0000,0000,02,00,0000,0000,00,00,0000,0000,03
1488,02,b800,0100,03,01,0000,9c80,00,00,0000,0000,00,00,b000,0000,00,24,a000,b600,00,ff,f800,0000,00,01,4180,0000,02,00,0000,0000,02,00,0000,0000,00,00,0000,0000,03
1489,02,b800,0100,03,01,0000,9c80,00,00,0000,0000,00,00,b000,0000,00,24,a000,b600,00,ff,f800,0000,00,01,4180,0000,02,00,0000,0000,02,00,0000,0000,00,00,0000,0000,03
1490,02,b800,0100,03,01,0000,9c80,00,00,0000,0000,00,00,b000,0000,00,24,a000,b600,00,ff,f800,0000,00,01,4180,0000,02,00,0000,0000,02,00,0000,0000,00,00,0000,0000,03
1491,02,b800,0100,03,01,0000,9c80,00,00,0000,0000,00,00,b000,0000,00,24,a000,b600,00,ff,f800,0000,00,01,4180,0000,02,00,0000,0000,02,00,0000,0000,00,00,0000,0000,03
1492,02,b800,0100,03,01,0000,9c80,00,00,0000,0000,00,00,b000,0000,00,24,a000,b600,00,ff,f800,0000,00,01,4180,0000,02,00,0000,0000,02,00,0000,0000,00,00,0000,0000,03
1493,02,b800,0100,03,01,0000,9c80,00,00,0000,0000,00,00,b000,0000,00,24,a000,b600,00,ff,f800,0000,00,01,4180,0000,02,00,0000,0000,02,00,0000,0000,00,00,0000,0000,03
1494,02,b800,0100,03,01,0000,9c80,00,00,0000,0000,00,00,b000,0000,00,24,a000,b600,00,ff,f800,0000,00,01,4180,0000,02,00,0000,0000,02,00,0000,0000,00,00,0000,0000,03
1495,02,b800,0100,03,01,0000,9c80,00,00,0000,0000,00,00,b000,0000,00,24,a000,b600,00,ff,f800,0000,00,01,4180,0000,02,00,0000,0000,02,00,0000,0000,00,00,0000,0000,03
1496,02,b800,0100,03,01,0000,9c80,00,00,0000,0000,00,00,b000,0000,00,24,a000,b600,00,ff,f800,0000,00,01,4180,0000,02,00,0000,0000,02,00,0000,0000,00,00,0000,0000,03
1497,02,b800,0100,03,01,0000,9c80,00,00,0000,0000,00,00,b000,0000,00,24,a000,b600,00,ff,f800,0000,00,01,4180,0000,02,00,0000,0000,02,00,0000,0000,00,00,0000,0000,03
1498,02,b800,0100,03,01,0000,9c80,00,00,0000,0000,00,00,b000,0000,00,24,a000,b600,00,ff,f800,0000,00,01,4180,0000,02,00,0000,0000,02,00,0000,0000,00,00,0000,0000,03
1499,02,b800,0100,03,01,0000,9c80,00,00,0000,0000,00,00,b000,0000,00,24,a000,b600,00,ff,f800,0000,00,01,4180,0000,02,00,0000,0000,02,00,0000,0000,00,00,0000,0000,03
1500,02,b800,0100,03,01,0000,9c80,00,00,0000,0000,00,00,b000,0000,00,24,a000,b600,00,ff,f800,0000,00,01,4180,0000,02,00,0000,0000,02,00,0000,0000,00,00,0000,0000,03
1501,02,b800,0100,03,01,0000,9c80,00,00,0000,0000,00,00,b000,0000,00,24,a000,b600,00,ff,f800,0000,00,01,4180,0000,02,00,0000,0000,02,00,0000,0000,00,00,0000,0000,03
1502,02,b800,0100,03,01,0000,9c80,00,00,0000,0000,00,00,b000,0000,00,24,a000,b600,00,ff,f800,0000,00,01,4180,0000,02,00,0000,0000,02,00,0000,0000,00,00,0000,0000,03
1503,02,b800,0100,03,01,0000,9c80,00,00,0000,0000,00,00,b000,0000,00,24,a000,b600,00,ff,f800,0000,00,01,4180,0000,02,00,0000,0000,02,00,0000,0000,00,00,0000,0000,03
1504,02,b800,0100,03,01,0000,9c80,00,00,0000,0000,00,00,b000,0000,00,24,a000,b600,00,ff,f800,0000,00,01,4180,0000,02,00,0000,0000,02,00,0000,0000,00,00,0000,0000,03
1505,02,b800,0100,03,01,0000,9c80,00,00,0000,0000,00,00,b000,0000,00,24,a000,b600,00,ff,f800,0000,00,01,4180,0000,02,00,0000,0000,02,00,0000,0000,00,00,0000,0000,03
1506,02,b800,0100,03,01,0000,9c80,00,00,0000,0000,00,00,b000,0000,00,24,a000,b600,00,ff,f800,0000,00,01,4180,0000,02,00,0000,0000,02,00,0000,0000,00,00,0000,0000,03
1507,02,b800,0100,03,01,0000,9c80,00,00,0000,0000,00,00,b000,0000,00,24,a000,b600,00,ff,f800,0000,00,01,4180,0000,02,00,0000,0000,02,00,0000,0000,00,00,0000,0000,03
1508,02,b800,0100,03,01,0000,9c80,00,00,0000,0000,00,00,b000,0000,00,24,a000,b600,00,ff,f800,0000,00,01,4180,0000,02,00,0000,0000,02,00,0000,0000,00,00,0000,0000,03
1509,02,b800,0100,03,01,0000,9c80,00,00,0000,0000,00,00,b000,0000,00,24,a000,b600,00,ff,f800,0000,00,01,4180,0000,02,00,0000,0000,02,00,0000,0000,00,00,0000,0000,03
1510,02,b800,0100,03,01,0000,9c80,00,00,0000,0000,00,00,b000,0000,00,24,a000,b600,00,ff,f800,0000,00,01,4180,0000,02,00,0000,0000,02,00,0000,0000,00,00,0000,0000,03
1511,02,b800,0100,03,01,0000,9c80,00,00,0000,0000,00,00,b000,0000,00,24,a000,b600,00,ff,f800,0000,00,01,4180,0000,02,00,0000,0000,02,00,0000,0000,00,00,0000,0000,03
1512,02,b800,0100,03,01,0000,9c80,00,00,0000,0000,00,00,b000,0000,00,24,a000,b600,00,ff,f800,0000,00,01,4180,0000,02,00,0000,0000,02,00,0000,0000,00,00,0000,0000,03
1513,02,b800,0100,03,01,0000,9c80,00,00,0000,0000,00,00,b000,0000,00,24,a000,b600,00,ff,f800,0000,00,01,4180,0000,02,00,0000,0000,02,00,0000,0000,00,00,0000,0000,03
1514,02,b800,0100,03,01,0000,9c80,00,00,0000,0000,00,00,b000,0000,00,24,a000,b600,00,ff,f800,0000,00,01,4180,0000,02,00,0000,0000,02,00,0000,0000,00,00,0000,0000,03
1515,02,b800,0100,03,01,0000,9c80,00,00,0000,0000,00,00,b000,0000,00,24,a000,b600,00,ff,f800,0000,00,01,4180,0000,02,00,0000,0000,02,00,0000,0000,00,00,0000,0000,03
1516,02,b800,0100,03,01,0000,9c80,00,00,0000,0000,00,00,b000,0000,00,24,a000,b600,00,ff,f800,0000,00,01,4180,0000,02,00,0000,0000,02,00,0000,0000,00,00,0000,0000,03
1517,02,b800,0100,03,01,0000,9c80,00,00,0000,0000,00,00,b000,0000,00,24,a000,b600,00,ff,f800,0000,00,01,4180,0000,02,00,0000,0000,02,00,0000,0000,00,00,0000,0000,03
1518,02,b800,0100,03,01,0000,9c80,00,00,0000,0000,00,00,b000,0000,00,24,a000,b600,00,ff,f800,0000,00,01,4180,0000,02,00,0000,0000,02,00,0000,0000,00,00,0000,0000,03
1519,02,b800,0100,03,01,0000,9c80,00,00,0000,0000,00,00,b000,0000,00,24,a000,b600,00,ff,f800,0000,00,01,4180,0000,02,00,0000,0000,02,00,0000,0000,00,00,0000,0000,03
1520,02,b800,0100,03,01,0000,9c80,00,00,0000,0000,00,00,b000,0000,00,24,a000,b600,00,ff,f800,0000,00,01,4180,0000,02,00,0000,0000,02,00,0000,0000,00,00,0000,0000,03
1521,02,b800,0100,03,01,0000,9c80,00,00,0000,0000,00,00,b000,0000,00,24,a000,b600,00,ff,f800,0000,00,01,4180,0000,02,00,0000,0000,02,00,0000,0000,00,00,0000,0000,03
1522,02,b800,0100,03,01,0000,9c80,00,00,0000,0000,00,00,b000,0000,00,24,a000,b600,00,ff,f800,0000,00,01,4180,0000,02,00,0000,0000,02,00,0000,0000,00,00,0000,0000,03
1523,02,b800,0100,03,01,0000,9c80,00,00,0000,0000,00,00,b000,0000,00,24,a000,b600,00,ff,f800,0000,00,01,4180,0000,02,00,0000,0000,02,00,0000,0000,00,00,0000,0000,03
1524,02,b800,0100,03,01,0000,9c80,00,00,0000,0000,00,00,b000,0000,00,24,a000,b600,00,ff,f800,0000,00,01,4180,0000,02,00,0000,0000,02,00,0000,0000,00,00,0000,0000,03
1525,02,b800,0100,03,01,0000,9c80,00,00,0000,0000,00,00,b000,0000,00,24,a000,b600,00,ff,f800,0000,00,01,4180,0000,02,00,0000,0000,02,00,0000,0000,00,00,0000,0000,03
1526,02,b800,0100,03,01,0000,9c80,00,00,0000,0000,00,00,b000,0000,00,24,a000,b600,00,ff,f800,0000,00,01,4180,0000,02,00,0000,0000,02,00,0000,0000,00,00,0000,0000,03
1527,02,b800,0100,03,01,0000,9c80,00,00,0000,0000,00,00,b000,0000,00,24,a000,b600,00,ff,f800,0000,00,01,4180,0000,02,00,0000,0000,02,00,0000,0000,00,00,0000,0000,03
1528,02,b800,0100,03,01,0000,9c80,00,00,0000,0000,00,00,b000,0000,00,24,a000,b600,00,ff,f800,0000,00,01,4180,0000,02,00,0000,0000,02,00,0000,0000,00,00,0000,0000,03
1529,02,b800,0100,03,01,0000,9c80,00,00,0000,0000,00,00,b000,0000,00,24,a000,b600,00,ff,f800,0000,00,01,4180,0000,02,00,0000,0000,02,00,0000,0000,00,00,0000,0000,03
1530,02,b800,0100,03,01,0000,9c80,00,00,0000,0000,00,00,b000,0000,00,24,a000,b600,00,ff,f800,0000,00,01,4180,0000,02,00,0000,0000,02,00,0000,0000,00,00,0000,0000,03
1531,00,0000,0000,00,00,0000,0000,00,00,0000,0000,00,00,0000,0000,00,00,0000,0000,00,00,0000,0000,00,00,0000,0000,00,00,0000,0000,00,00,0000,0000,00,00,0000,0000,00
1532,00,0000,0000,00,00,0000,0000,00,00,0000,0000,00,00,0000,0000,00,00,0000,0000,00,00,0000,0000,00,00,0000,0000,00,00,0000,0000,00,00,0000,0000,00,00,0000,0000,00
1533,00,0000,0000,00,00,0000,0000,00,00,0000,0000,00,00,0000,0000,00,00,0000,0000,00,00,0000,0000,00,00,0000,0000,00,00,0000,0000,00,00,0000,0000,00,00,0000,0000,00
1534,00,0000,0000,00,00,0000,0000,00,00,0000,0000,00,00,0000,0000,00,00,0000,0000,00,00,0000,0000,00,00,0000,0000,00,00,0000,0000,00,00,0000,0000,00,00,0000,0000,00
1535,00,0000,0000,00,00,0000,0000,00,00,0000,0000,00,00,0000,0000,00,00,0000,0000,00,00,0000,0000,00,00,0000,0000,00,00,0000,0000,00,00,0000,0000,00,00,0000,0000,00
1536,00,0000,0000,00,00,0000,0000,00,00,0000,0000,00,00,0000,0000,00,00,0000,0000,00,00,0000,0000,00,00,0000,0000,00,00,0000,0000,00,00,0000,0000,00,00,0000,0000,00
1537,00,0000,0000,00,00,0000,0000,00,00,0000,0000,00,00,0000,0000,00,00,0000,0000,00,00,0000,0000,00,00,0000,0000,00,00,0000,0000,00,00,0000,0000,00,00,0000,0000,00
1538,00,0000,0000,00,00,0000,0000,00,00,0000,0000,00,00,0000,0000,00,00,0000,0000,00,00,0000,0000,00,00,0000,0000,00,00,0000,0000,00,00,0000,0000,00,00,0000,0000,00
1539,00,0000,0000,00,00,0000,0000,00,00,0000,0000,00,00,0000,0000,00,00,0000,0000,00,00,0000,0000,00,00,0000,0000,00,00,0000,0000,00,00,0000,0000,00,00,0000,0000,00
1540,00,0000,0000,00,00,0000,0000,00,00,0000,0000,00,00,0000,0000,00,00,0000,0000,00,00,0000,0000,00,00,0000,0000,00,00,0000,0000,00,00,0000,0000,00,00,0000,0000,00
1541,00,0000,0000,00,00,0000,0000,00,00,0000,0000,00,00,0000,0000,00,00,0000,0000,00,00,0000,0000,00,00,0000,0000,00,00,0000,0000,00,00,0000,0000,00,00,0000,0000,00
1542,00,0000,0000,00,00,0000,0000,00,00,0000,0000,00,00,0000,0000,00,00,0000,0000,00,00,0000,0000,00,00,0000,0000,00,00,0000,0000,00,00,0000,0000,00,00,0000,0000,00
1543,00,0000,0000,00,00,0000,0000,00,00,0000,0000,00,00,0000,0000,00,00,0000,0000,00,00,0000,0000,00,00,0000,0000,00,00,0000,0000,00,00,0000,0000,00,00,0000,0000,00
1544,00,0000,0000,00,00,0000,0000,00,00,0000,0000,00,00,0000,0000,00,00,0000,0000,00,00,0000,0000,00,00,0000,0000,00,00,0000,0000,00,00,0000,0000,00,00,0000,0000,00
1545,00,0000,0000,00,00,0000,0000,00,00,0000,0000,00,00,0000,0000,00,00,0000,0000,00,00,0000,0000,00,00,0000,0000,00,00,0000,0000,00,00,0000,0000,00,00,0000,0000,00
1546,00,0000,0000,00,00,0000,0000,00,00,0000,0000,00,00,0000,0000,00,00,0000,0000,00,00,0000,0000,00,00,0000,0000,00,00,0000,0000,00,00,0000,0000,00,00,0000,0000,00
1547,00,0000,0000,00,00,0000,0000,00,00,0000,0000,00,00,0000,0000,00,00,0000,0000,00,00,0000,0000,00,00,0000,0000,00,00,0000,0000,00,00,0000,0000,00,00,0000,0000,00
1548,00,0000,0000,00,00,0000,0000,00,00,0000,0000,00,00,0000,0000,00,00,0000,0000,00,00,0000,0000,00,00,0000,0000,00,00,0000,0000,00,00,0000,0000,00,00,0000,0000,00
1549,00,0000,0000,00,00,0000,0000,00,00,0000,0000,00,00,0000,0000,00,00,0000,0000,00,00,0000,0000,00,00,0000,0000,00,00,0000,0000,00,00,0000,0000,00,00,0000,0000,00
1550,00,0000,0000,00,00,0000,0000,00,00,0000,0000,00,00,0000,0000,00,00,0000,0000,00,00,0000,0000,00,00,0000,0000,00,00,0000,0000,00,00,0000,0000,00,00,0000,0000,00
1551,00,0000,0000,00,00,0000,0000,00,00,0000,0000,00,00,0000,0000,00,00,0000,0000,00,00,0000,0000,00,00,0000,0000,00,00,0000,0000,00,00,0000,0000,00,00,0000,0000,00
1552,00,0000,0000,00,00,0000,0000,00,00,0000,0000,00,00,0000,0000,00,00,0000,0000,00,00,0000,0000,00,00,0000,0000,00,00,0000,0000,00,00,0000,0000,00,00,0000,0000,00
1553,00,0000,0000,00,00,0000,0000,00,00,0000,0000,00,00,0000,0000,00,00,0000,0000,00,00,0000,0000,00,00,0000,0000,00,00,0000,0000,00,00,0000,0000,00,00,0000,0000,00
1554,00,0000,0000,00,00,0000,0000,00,00,0000,0000,00,00,0000,0000,00,00,0000,0000,00,00,0000,0000,00,00,0000,0000,00,00,0000,0000,00,00,0000,0000,00,00,0000,0000,00
1555,00,0000,0000,00,00,0000,0000,00,00,0000,0000,00,00,0000,0000,00,00,0000,0000,00,00,0000,0000,00,00,0000,0000,00,00,0000,0000,00,00,0000,0000,00,00,0000,0000,00
1556,00,0000,0000,00,00,0000,0000,00,00,0000,0000,00,00,0000,0000,00,00,0000,0000,00,00,0000,0000,00,00,0000,0000,00,00,0000,0000,00,00,0000,0000,00,00,0000,0000,00
1557,00,0000,0000,00,00,0000,0000,00,00,0000,0000,00,00,0000,0000,00,00,0000,0000,00,00,0000,0000,00,00,0000,0000,00,00,0000,0000,00,00,0000,0000,00,00,0000,0000,00
1558,00,0000,0000,00,00,0000,0000,00,00,0000,0000,00,00,0000,0000,00,00,0000,0000,00,00,0000,0000,00,00,0000,0000,00,00,0000,0000,00,00,0000,0000,00,00,0000,0000,00
1559,00,0000,0000,00,00,0000,0000,00,00,0000,0000,00,00,0000,0000,00,00,0000,0000,00,00,0000,0000,00,00,0000,0000,00,00,0000,0000,00,00,0000,0000,00,00,0000,0000,00
1560,00,0000,0000,00,00,0000,0000,00,00,0000,0000,00,00,0000,0000,00,00,0000,0000,00,00,0000,0000,00,00,0000,0000,00,00,0000,0000,00,00,0000,0000,00,00,0000,0000,00
1561,00,0000,0000,00,00,0000,0000,00,00,0000,0000,00,00,0000,0000,00,00,0000,0000,00,00,0000,0000,00,00,0000,0000,00,00,0000,0000,00,00,0000,0000,00,00,0000,0000,00
1562,00,0000,0000,00,00,0000,0000,00,00,0000,0000,00,00,0000,0000,00,00,0000,0000,00,00,0000,0000,00,00,0000,0000,00,00,0000,0000,00,00,0000,0000,00,00,0000,0000,00
1563,00,0000,0000,00,00,0000,0000,00,00,0000,0000,00,00,0000,0000,00,00,0000,0000,00,00,0000,0000,00,00,0000,0000,00,00,0000,0000,00,00,0000,0000,00,00,0000,0000,00
1564,00,0000,0000,00,00,0000,0000,00,00,0000,0000,00,00,0000,0000,00,00,0000,0000,00,00,0000,0000,00,00,0000,0000,00,00,0000,0000,00,00,0000,0000,00,00,0000,0000,00
1565,00,0000,0000,00,00,0000,0000,00,00,0000,0000,00,00,0000,0000,00,00,0000,0000,00,00,0000,0000,00,00,0000,0000,00,00,0000,0000,00,00,0000,0000,00,00,0000,0000,00
1566,00,0000,0000,00,00,0000,0000,00,00,0000,0000,00,00,0000,0000,00,00,0000,0000,00,00,0000,0000,00,00,0000,0000,00,00,0000,0000,00,00,0000,0000,00,00,0000,0000,00
1567,00,0000,0000,00,00,0000,0000,00,00,0000,0000,00,00,0000,0000,00,00,0000,0000,00,00,0000,0000,00,00,0000,0000,00,00,0000,0000,00,00,0000,0000,00,00,0000,0000,00
1568,00,0000,0000,00,00,0000,0000,00,00,0000,0000,00,00,0000,0000,00,00,0000,0000,00,00,0000,0000,00,00,0000,0000,00,00,0000,0000,00,00,0000,0000,00,00,0000,0000,00
1569,00,0000,0000,00,00,0000,0000,00,00,0000,0000,00,00,0000,0000,00,00,0000,0000,00,00,0000,0000,00,00,0000,0000,00,00,0000,0000,00,00,0000,0000,00,00,0000,0000,00
1570,00,0000,0000,00,00,0000,0000,00,00,0000,0000,00,00,0000,0000,00,00,0000,0000,00,00,0000,0000,00,00,0000,0000,00,00,0000,0000,00,00,0000,0000,00,00,0000,0000,00
1571,00,0000,0000,00,00,0000,0000,00,00,0000,0000,00,00,0000,0000,00,00,0000,0000,00,00,0000,0000,00,00,0000,0000,00,00,0000,0000,00,00,0000,0000,00,00,0000,0000,00
1572,00,0000,0000,00,00,0000,0000,00,00,0000,0000,00,00,0000,0000,00,00,0000,0000,00,00,0000,0000,00,00,0000,0000,00,00,0000,0000,00,00,0000,0000,00,00,0000,0000,00
1573,00,0000,0000,00,00,0000,0000,00,00,0000,0000,00,00,0000,0000,00,00,0000,0000,00,00,0000,0000,00,00,0000,0000,00,00,0000,0000,00,00,0000,0000,00,00,0000,0000,00
1574,00,0000,0000,00,00,0000,0000,00,00,0000,0000,00,00,0000,0000,00,00,0000,0000,00,00,0000,0000,00,00,0000,0000,00,00,0000,0000,00,00,0000,0000,00,00,0000,0000,00
1575,00,0000,0000,00,00,0000,0000,00,00,0000,0000,00,00,0000,0000,00,00,0000,0000,00,00,0000,0000,00,00,0000,0000,00,00,0000,0000,00,00,0000,0000,00,00,0000,0000,00
1576,00,0000,0000,00,00,0000,0000,00,00,0000,0000,00,00,0000,0000,00,00,0000,0000,00,00,0000,0000,00,00,0000,0000,00,00,0000,0000,00,00,0000,0000,00,00,0000,0000,00
1577,00,0000,0000,00,00,0000,0000,00,00,0000,0000,00,00,0000,0000,00,00,0000,0000,00,00,0000,0000,00,00,0000,0000,00,00,0000,0000,00,00,0000,0000,00,00,0000,0000,00
1578,00,0000,0000,00,00,0000,0000,00,00,0000,0000,00,00,0000,0000,00,00,0000,0000,00,00,0000,0000,00,00,0000,0000,00,00,0000,0000,00,00,0000,0000,00,00,0000,0000,00
1579,00,0000,0000,00,00,0000,0000,00,00,0000,0000,00,00,0000,0000,00,00,0000,0000,00,00,0000,0000,00,00,0000,0000,00,00,0000,0000,00,00,0000,0000,00,00,0000,0000,00
1580,00,0000,0000,00,00,0000,0000,00,00,0000,0000,00,00,0000,0000,00,00,0000,0000,00,00,0000,0000,00,00,0000,0000,00,00,0000,0000,00,00,0000,0000,00,00,0000,0000,00
1581,00,0000,0000,00,00,0000,0000,00,00,0000,0000,00,00,0000,0000,00,00,0000,0000,00,00,0000,0000,00,00,0000,0000,00,00,0000,0000,00,00,0000,0000,00,00,0000,0000,00
1582,00,0000,0000,00,00,0000,0000,00,00,0000,0000,00,00,0000,0000,00,00,0000,0000,00,00,0000,0000,00,00,0000,0000,00,00,0000,0000,00,00,0000,0000,00,00,0000,0000,00
1583,00,0000,0000,00,00,0000,0000,00,00,0000,0000,00,00,0000,0000,00,00,0000,0000,00,00,0000,0000,00,00,0000,0000,00,00,0000,0000,00,00,0000,0000,00,00,0000,0000,00
1584,00,0000,0000,00,00,0000,0000,00,00,0000,0000,00,00,0000,0000,00,00,0000,0000,00,00,0000,0000,00,00,0000,0000,00,00,0000,0000,00,00,0000,0000,00,00,0000,0000,00
1585,00,0000,0000,00,00,0000,0000,00,00,0000,0000,00,00,0000,0000,00,00,0000,0000,00,00,0000,0000,00,00,0000,0000,00,00,0000,0000,00,00,0000,0000,00,00,0000,0000,00
1586,00,0000,0000,00,00,0000,0000,00,00,0000,0000,00,00,0000,0000,00,00,0000,0000,00,00,0000,0000,00,00,0000,0000,00,00,0000,0000,00,00,0000,0000,00,00,0000,0000,00
1587,00,0000,0000,00,00,0000,0000,00,00,0000,0000,00,00,0000,0000,00,00,0000,0000,00,00,0000,0000,00,00,0000,0000,00,00,0000,0000,00,00,0000,0000,00,00,0000,0000,00
1588,00,0000,0000,00,00,0000,0000,00,00,0000,0000,00,00,0000,0000,00,00,0000,0000,00,00,0000,0000,00,00,0000,0000,00,00,0000,0000,00,00,0000,0000,00,00,0000,0000,00
1589,00,0000,0000,00,00,0000,0000,00,00,0000,0000,00,00,0000,0000,00,00,0000,0000,00,00,0000,0000,00,00,0000,0000,00,00,0000,0000,00,00,0000,0000,00,00,0000,0000,00
1590,00,0000,0000,00,00,0000,0000,00,00,0000,0000,00,00,0000,0000,00,00,0000,0000,00,00,0000,0000,00,00,0000,0000,00,00,0000,0000,00,00,0000,0000,00,00,0000,0000,00
1591,00,0000,0000,00,00,0000,0000,00,00,0000,0000,00,00,0000,0000,00,00,0000,0000,00,00,0000,0000,00,00,0000,0000,00,00,0000,0000,00,00,0000,0000,00,00,0000,0000,00
1592,00,0000,0000,00,00,0000,0000,00,00,0000,0000,00,00,0000,0000,00,00,0000,0000,00,00,0000,0000,00,00,0000,0000,00,00,0000,0000,00,00,0000,0000,00,00,0000,0000,00
1593,00,0000,0000,00,00,0000,0000,00,00,0000,0000,00,00,0000,0000,00,00,0000,0000,00,00,0000,0000,00,00,0000,0000,00,00,0000,0000,00,00,0000,0000,00,00,0000,0000,00
1594,00,0000,0000,00,00,0000,0000,00,00,0000,0000,00,00,0000,0000,00,00,0000,0000,00,00,0000,0000,00,00,0000,0000,00,00,0000,0000,00,00,0000,0000,00,00,0000,0000,00
1595,00,0000,0000,00,00,0000,0000,00,00,0000,0000,00,00,0000,0000,00,00,0000,0000,00,00,0000,0000,00,00,0000,0000,00,00,0000,0000,00,00,0000,0000,00,00,0000,0000,00
1596,00,0000,0000,00,00,0000,0000,00,00,0000,0000,00,00,0000,0000,00,00,0000,0000,00,00,0000,0000,00,00,0000,0000,00,00,0000,0000,00,00,0000,0000,00,00,0000,0000,00
1597,00,0000,0000,00,00,0000,0000,00,00,0000,0000,00,00,0000,0000,00,00,0000,0000,00,00,0000,0000,00,00,0000,0000,00,00,0000,0000,00,00,0000,0000,00,00,0000,0000,00
1598,00,0000,0000,00,00,0000,0000,00,00,0000,0000,00,00,0000,0000,00,00,0000,0000,00,00,0000,0000,00,00,0000,0000,00,00,0000,0000,00,00,0000,0000,00,00,0000,0000,00
1599,00,0000,0000,00,00,0000,0000,00,00,0000,0000,00,00,0000,0000,00,00,0000,0000,00,00,0000,0000,00,00,0000,0000,00,00,0000,0000,00,00,0000,0000,00,00,0000,0000,00
1600,00,0000,0000,00,00,0000,0000,00,00,0000,0000,00,00,0000,0000,00,00,0000,0000,00,00,0000,0000,00,00,0000,0000,00,00,0000,0000,00,00,0000,0000,00,00,0000,0000,00
1601,00,0000,0000,00,00,0000,0000,00,00,0000,0000,00,00,0000,0000,00,00,0000,0000,00,00,0000,0000,00,00,0000,0000,00,00,0000,0000,00,00,0000,0000,00,00,0000,0000,00
1602,00,0000,0000,00,00,0000,0000,00,00,0000,0000,00,00,0000,0000,00,00,0000,0000,00,00,0000,0000,00,00,0000,0000,00,00,0000,0000,00,00,0000,0000,00,00,0000,0000,00
1603,00,0000,0000,00,00,0000,0000,00,00,0000,0000,00,00,0000,0000,00,00,0000,0000,00,00,0000,0000,00,00,0000,0000,00,00,0000,0000,00,00,0000,0000,00,00,0000,0000,00
1604,00,0000,0000,00,00,0000,0000,00,00,0000,0000,00,00,0000,0000,00,00,0000,0000,00,00,0000,0000,00,00,0000,0000,00,00,0000,0000,00,00,0000,0000,00,00,0000,0000,00
1605,00,0000,0000,00,00,0000,0000,00,00,0000,0000,00,00,0000,0000,00,00,0000,0000,00,00,0000,0000,00,00,0000,0000,00,00,0000,0000,00,00,0000,0000,00,00,0000,0000,00
1606,00,0000,0000,00,00,0000,0000,00,00,0000,0000,00,00,0000,0000,00,00,0000,0000,00,00,0000,0000,00,00,0000,0000,00,00,0000,0000,00,00,0000,0000,00,00,0000,0000,00
1607,00,0000,0000,00,00,0000,0000,00,00,0000,0000,00,00,0000,0000,00,00,0000,0000,00,00,0000,0000,00,00,0000,0000,00,00,0000,0000,00,00,0000,0000,00,00,0000,0000,00
1608,00,0000,0000,00,00,0000,0000,00,00,0000,0000,00,00,0000,0000,00,00,0000,0000,00,00,0000,0000,00,00,0000,0000,00,00,0000,0000,00,00,0000,0000,00,00,0000,0000,00
1609,00,0000,0000,00,00,0000,0000,00,00,0000,0000,00,00,0000,0000,00,00,0000,0000,00,00,0000,0000,00,00,0000,0000,00,00,0000,0000,00,00,0000,0000,00,00,0000,0000,00
1610,00,0000,0000,00,00,0000,0000,00,00,0000,0000,00,00,0000,0000,00,00,0000,0000,00,00,0000,0000,00,00,0000,0000,00,00,0000,0000,00,00,0000,0000,00,00,0000,0000,00
1611,00,0000,0000,00,00,0000,0000,00,00,0000,0000,00,00,0000,0000,00,00,0000,0000,00,00,0000,0000,00,00,0000,0000,00,00,0000,0000,00,00,0000,0000,00,00,0000,0000,00
1612,00,0000,0000,00,00,0000,0000,00,00,0000,0000,00,00,0000,0000,00,00,0000,0000,00,00,0000,0000,00,00,0000,0000,00,00,0000,0000,00,00,0000,0000,00,00,0000,0000,00
1613,00,0000,0000,00,00,0000,0000,00,00,0000,0000,00,00,0000,0000,00,00,0000,0000,00,00,0000,0000,00,00,0000,0000,00,00,0000,0000,00,00,0000,0000,00,00,0000,0000,00
1614,00,0000,0000,00,00,0000,0000,00,00,0000,0000,00,00,0000,0000,00,00,0000,0000,00,00,0000,0000,00,00,0000,0000,00,00,0000,0000,00,00,0000,0000,00,00,0000,0000,00
1615,00,0000,0000,00,00,0000,0000,00,00,0000,0000,00,00,0000,0000,00,00,0000,0000,00,00,0000,0000,00,00,0000,0000,00,00,0000,0000,00,00,0000,0000,00,00,0000,0000,00
1616,00,0000,0000,00,00,0000,0000,00,00,0000,0000,00,00,0000,0000,00,00,0000,0000,00,00,0000,0000,00,00,0000,0000,00,00,0000,0000,00,00,0000,0000,00,00,0000,0000,00
1617,00,0000,0000,00,00,0000,0000,00,00,0000,0000,00,00,0000,0000,00,00,0000,0000,00,00,0000,0000,00,00,0000,0000,00,00,0000,0000,00,00,0000,0000,00,00,0000,0000,00
1618,00,0000,0000,00,00,0000,0000,00,00,0000,0000,00,00,0000,0000,00,00,0000,0000,00,00,0000,0000,00,00,0000,0000,00,00,0000,0000,00,00,0000,0000,00,00,0000,0000,00
1619,00,0000,0000,00,00,0000,0000,00,00,0000,0000,00,00,0000,0000,00,00,0000,0000,00,00,0000,0000,00,00,0000,0000,00,00,0000,0000,00,00,0000,0000,00,00,0000,0000,00
1620,00,0000,0000,00,00,0000,0000,00,00,0000,0000,00,00,0000,0000,00,00,0000,0000,00,00,0000,0000,00,00,0000,0000,00,00,0000,0000,00,00,0000,0000,00,00,0000,0000,00
1621,00,0000,0000,00,00,0000,0000,00,00,0000,0000,00,00,0000,0000,00,00,0000,0000,00,00,0000,0000,00,00,0000,0000,00,00,0000,0000,00,00,0000,0000,00,00,0000,0000,00
1622,00,0000,0000,00,00,0000,0000,00,00,0000,0000,00,00,0000,0000,00,00,0000,0000,00,00,0000,0000,00,00,0000,0000,00,00,0000,0000,00,00,0000,0000,00,00,0000,0000,00
1623,01,0000,4000,00,00,0000,0000,00,00,0000,0000,00,00,0000,0000,00,00,0000,0000,00,00,0000,0000,00,00,0000,0000,00,00,0000,0000,00,00,0000,0000,00,00,0000,0000,00
1624,01,0000,3e80,00,00,0000,0000,00,00,0000,0000,00,00,0000,0000,00,00,0000,0000,00,00,0000,0000,00,00,0000,0000,00,00,0000,0000,00,00,0000,0000,00,00,0000,0000,00
1625,01,0000,3d00,00,00,0000,0000,00,00,0000,0000,00,00,0000,0000,00,00,0000,0000,00,00,0000,0000,00,00,0000,0000,00,00,0000,0000,00,00,0000,0000,00,00,0000,0000,00
1626,01,0000,3b80,00,00,0000,0000,00,00,0000,0000,00,00,0000,0000,00,00,0000,0000,00,00,0000,0000,00,00,0000,0000,00,00,0000,0000,00,00,0000,0000,00,00,0000,0000,00
1627,01,0000,3a00,00,00,0000,0000,00,00,0000,0000,00,00,0000,0000,00,00,0000,0000,00,00,0000,0000,00,00,0000,0000,00,00,0000,0000,00,00,0000,0000,00,00,0000,0000,00
1628,01,0000,3880,00,00,0000,0000,00,00,0000,0000,00,00,0000,0000,00,00,0000,0000,00,00,0000,0000,00,00,0000,0000,00,00,0000,0000,00,00,0000,0000,00,00,0000,0000,00
1629,01,0000,3700,00,00,0000,0000,00,00,0000,0000,00,00,0000,0000,00,00,0000,0000,00,00,0000,0000,00,00,0000,0000,00,00,0000,0000,00,00,0000,0000,00,00,0000,0000,00
1630,01,0000,3580,00,00,0000,0000,00,00,0000,0000,00,00,0000,0000,00,00,0000,0000,00,00,0000,0000,00,00,0000,0000,00,00,0000,0000,00,00,0000,0000,00,00,0000,0000,00
1631,01,0000,3400,00,00,0000,0000,00,00,0000,0000,00,00,0000,0000,00,00,0000,0000,00,00,0000,0000,00,00,0000,0000,00,00,0000,0000,00,00,0000,0000,00,00,0000,0000,00
1632,01,0000,3280,00,00,0000,0000,00,00,0000,0000,00,00,0000,0000,00,00,0000,0000,00,00,0000,0000,00,01,fd80,0000,01,00,0000,0000,00,00,0000,0000,00,00,0000,0000,00
1633,01,0000,3100,00,00,0000,0000,00,00,0000,0000,00,00,0000,0000,00,00,0000,0000,00,00,0000,0000,00,01,fb80,0000,01,00,0000,0000,00,00,0000,0000,00,00,0000,0000,00
1634,01,0000,2f80,00,00,0000,0000,00,00,0000,0000,00,00,0000,0000,00,00,0000,0000,00,00,0000,0000,00,01,f980,0000,01,00,0000,0000,00,00,0000,0000,00,00,0000,0000,00
1635,01,0000,2e00,00,00,0000,0000,00,00,0000,0000,00,00,0000,0000,00,00,0000,0000,00,00,0000,0000,00,01,f780,0000,01,00,0000,0000,00,00,0000,0000,00,00,0000,0000,00
1636,01,0000,2c80,00,00,0000,0000,00,00,0000,0000,00,00,0000,0000,00,00,0000,0000,00,00,0000,0000,00,01,f580,0000,01,00,0000,0000,00,00,0000,0000,00,00,0000,0000,00
1637,01,0000,2b00,00,00,0000,0000,00,00,0000,0000,00,00,0000,0000,00,00,0000,0000,00,00,0000,0000,00,01,f380,0000,01,00,0000,0000,00,00,0000,0000,00,00,0000,0000,00
1638,01,0000,2980,00,00,0000,0000,00,00,0000,0000,00,00,0000,0000,00,00,0000,0000,00,00,0000,0000,00,01,f180,0000,01,00,0000,0000,00,00,0000,0000,00,00,0000,0000,00
1639,01,0000,2800,00,00,0000,0000,00,00,0000,0000,00,00,0000,0000,00,00,0000,0000,00,00,0000,0000,00,01,ef80,0000,01,00,0000,0000,00,00,0000,0000,00,00,0000,0000,00
1640,01,0000,2680,00,00,0000,0000,00,00,0000,0000,00,00,0000,0000,00,00,0000,0000,00,00,0000,0000,00,01,ed80,0000,01,00,0000,0000,00,00,0000,0000,00,00,0000,0000,00
1641,01,0000,2500,00,00,0000,0000,00,00,0000,0000,00,00,0000,0000,00,00,0000,0000,00,00,0000,0000,00,01,eb80,0000,01,00,0000,0000,00,00,0000,0000,00,00,0000,0000,00
1642,01,0000,2380,00,00,0000,0000,00,00,0000,0000,00,00,0000,0000,00,00,0000,0000,00,00,0000,0000,00,01,e980,0000,01,00,0000,0000,00,00,0000,0000,00,00,0000,0000,00
1643,01,0000,2200,00,00,0000,0000,00,00,0000,0000,00,00,0000,0000,00,00,0000,0000,00,00,0000,0000,00,01,e780,0000,01,00,0000,0000,00,00,0000,0000,00,00,0000,0000,00
1644,01,0000,2080,00,00,0000,0000,00,00,0000,0000,00,00,0000,0000,00,00,0000,0000,00,00,0000,0000,00,01,e580,0000,01,00,0000,0000,00,00,0000,0000,00,00,0000,0000,00
1645,01,0000,1f00,00,00,0000,0000,00,00,0000,0000,00,00,0000,0000,00,00,0000,0000,00,00,0000,0000,00,01,e380,0000,01,00,0000,0000,00,00,0000,0000,00,00,0000,0000,00
1646,01,0000,1d80,00,00,0000,0000,00,00,0000,0000,00,00,0000,0000,00,00,0000,0000,00,00,0000,0000,00,01,e180,0000,01,00,0000,0000,00,00,0000,0000,00,00,0000,0000,00
1647,01,0000,1c00,00,00,0000,0000,00,00,0000,0000,00,00,0000,0000,00,00,0000,0000,00,00,0000,0000,00,01,df80,0000,01,00,0000,0000,00,00,0000,0000,00,00,0000,0000,00
1648,01,0000,1a80,00,00,0000,0000,00,00,0000,0000,00,00,0000,0000,00,00,0000,0000,00,00,0000,0000,00,01,dd80,0000,01,00,0000,0000,00,00,0000,0000,00,00,0000,0000,00
1649,01,0000,1900,00,00,0000,0000,00,00,0000,0000,00,00,0000,0000,00,00,0000,0000,00,00,0000,0000,00,01,db80,0000,01,00,0000,0000,00,00,0000,0000,00,00,0000,0000,00
1650,01,0000,1780,00,00,0000,0000,00,00,0000,0000,00,00,0000,0000,00,00,0000,0000,00,00,0000,0000,00,01,d980,0000,01,00,0000,0000,00,00,0000,0000,00,00,0000,0000,00
1651,01,0000,1600,00,00,0000,0000,00,00,0000,0000,00,00,0000,0000,00,00,0000,0000,00,00,0000,0000,00,01,d780,0000,01,00,0000,0000,00,00,0000,0000,00,00,0000,0000,00
1652,01,0000,1480,00,00,0000,0000,00,00,0000,0000,00,00,0000,0000,00,00,0000,0000,00,00,0000,0000,00,01,d580,0000,01,00,0000,0000,00,00,0000,0000,00,00,0000,0000,00
1653,01,0000,1300,00,00,0000,0000,00,00,0000,0000,00,00,0000,0000,00,00,0000,0000,00,00,0000,0000,00,01,d380,0000,01,00,0000,0000,00,00,0000,0000,00,00,0000,0000,00
1654,01,0000,1180,00,00,0000,0000,00,00,0000,0000,00,00,0000,0000,00,00,0000,0000,00,00,0000,0000,00,01,d180,0000,01,00,0000,0000,00,00,0000,0000,00,00,0000,0000,00
1655,01,0000,1000,00,00,0000,0000,00,00,0000,0000,00,00,0000,0000,00,00,0000,0000,00,00,0000,0000,00,01,cf80,0000,01,00,0000,0000,00,00,0000,0000,00,00,0000,0000,00
1656,01,0000,0e80,00,00,0000,0000,00,00,0000,0000,00,00,0000,0000,00,00,0000,0000,00,00,0000,0000,00,01,cd80,0000,01,00,0000,0000,00,00,0000,0000,00,00,0000,0000,00
1657,01,0000,0d00,00,00,0000,0000,00,00,0000,0000,00,00,0000,0000,00,00,0000,0000,00,00,0000,0000,00,01,cb80,0000,01,00,0000,0000,00,00,0000,0000,00,00,0000,0000,00
1658,01,0000,0b80,00,00,0000,0000,00,00,0000,0000,00,00,0000,0000,00,00,0000,0000,00,00,0000,0000,00,01,c980,0000,01,00,0000,0000,00,00,0000,0000,00,00,0000,0000,00
1659,01,0000,0a00,00,00,0000,0000,00,00,0000,0000,00,00,0000,0000,00,00,0000,0000,00,00,0000,0000,00,01,c780,0000,01,00,0000,0000,00,00,0000,0000,00,00,0000,0000,00
1660,01,0000,0880,00,00,0000,0000,00,00,0000,0000,00,00,0000,0000,00,00,0000,0000,00,00,0000,0000,00,01,c580,0000,01,00,0000,0000,00,00,0000,0000,00,00,0000,0000,00
1661,01,0000,0700,00,00,0000,0000,00,00,0000,0000,00,00,0000,0000,00,00,0000,0000,00,00,0000,0000,00,01,c380,0000,01,00,0000,0000,00,00,0000,0000,00,00,0000,0000,00
1662,01,0000,0580,00,00,0000,0000,00,00,0000,0000,00,00,0000,0000,00,00,0000,0000,00,00,0000,0000,00,01,c180,0000,01,00,0000,0000,00,00,0000,0000,00,00,0000,0000,00
1663,01,0000,0400,00,00,0000,0000,00,00,0000,0000,00,00,0000,0000,00,00,0000,0000,00,00,0000,0000,00,01,bf80,0000,01,00,0000,0000,00,00,0000,0000,00,00,0000,0000,00
1664,01,0000,0280,00,00,0000,0000,00,00,0000,0000,00,00,0000,0000,00,00,0000,0000,00,00,0000,0000,00,01,bd80,0000,01,00,0000,0000,00,00,0000,0000,00,00,0000,0000,00
1665,01,0000,0100,00,00,0000,0000,00,00,0000,0000,00,00,0000,0000,00,00,0000,0000,00,00,0000,0000,00,01,bb80,0000,01,00,0000,0000,00,00,0000,0000,00,00,0000,0000,00
1666,02,0000,0100,01,01,0000,fa80,00,00,0000,0000,00,00,0000,0000,00,00,0000,0000,00,00,0000,0000,00,01,b980,0000,01,00,0000,0000,00,00,0000,0000,00,00,0000,0000,00
1667,02,fe80,0100,05,01,0000,f900,00,00,0000,0000,00,00,0000,0000,00,00,0000,0000,00,00,0000,0000,00,01,b780,0000,01,00,0000,0000,00,00,0000,0000,00,00,0000,0000,00
1668,02,fd00,0100,04,01,0000,f780,00,00,0000,0000,00,00,0000,0000,00,00,0000,0000,00,00,0000,0000,00,01,b580,0000,01,00,0000,0000,00,00,0000,0000,00,00,0000,0000,00
1669,02,fb80,0100,03,01,0000,f600,00,00,0000,0000,00,00,0000,0000,00,00,0000,0000,00,00,0000,0000,00,01,b380,0000,01,00,0000,0000,00,00,0000,0000,00,00,0000,0000,00
1670,02,fa00,0100,02,01,0000,f480,00,00,0000,0000,00,00,0000,0000,00,00,0000,0000,00,00,0000,0000,00,01,b180,0000,01,00,0000,0000,00,00,0000,0000,00,00,0000,0000,00
1671,02,f880,0100,01,01,0000,f300,00,00,0000,0000,00,00,0000,0000,00,00,0000,0000,00,00,0000,0000,00,01,af80,0000,01,00,0000,0000,00,00,0000,0000,00,00,0000,0000,00
1672,02,f700,0100,05,01,0000,f180,00,00,0000,0000,00,00,0000,0000,00,00,0000,0000,00,00,0000,0000,00,01,ad80,0000,01,00,0000,0000,00,00,0000,0000,00,00,0000,0000,00
1673,02,f580,0100,04,01,0000,f000,00,00,0000,0000,00,00,0000,0000,00,00,0000,0000,00,00,0000,0000,00,01,ab80,0000,01,00,0000,0000,00,00,0000,0000,00,00,0000,0000,00
1674,02,f400,0100,03,01,0000,ee80,00,00,0000,0000,00,00,0000,0000,00,00,0000,0000,00,00,0000,0000,00,01,a980,0000,01,00,0000,0000,00,00,0000,0000,00,00,0000,0000,00
1675,02,f280,0100,02,01,0000,ed00,00,00,0000,0000,00,00,0000,0000,00,00,0000,0000,00,00,0000,0000,00,01,a780,0000,01,00,0000,0000,00,00,0000,0000,00,00,0000,0000,00
1676,02,f100,0100,01,01,0000,eb80,00,00,0000,0000,00,00,0000,0000,00,00,0000,0000,00,00,0000,0000,00,01,a580,0000,01,00,0000,0000,00,00,0000,0000,00,00,0000,0000,00
1677,02,ef80,0100,05,01,0000,ea00,00,00,0000,0000,00,00,0000,0000,00,00,0000,0000,00,00,0000,0000,00,01,a380,0000,01,00,0000,0000,00,00,0000,0000,00,00,0000,0000,00
1678,02,ee00,0100,04,01,0000,e880,00,00,0000,0000,00,00,0000,0000,00,00,0000,0000,00,00,0000,0000,00,01,a180,0000,01,00,0000,0000,00,00,0000,0000,00,00,0000,0000,00
1679,02,ec80,0100,03,01,0000,e700,00,00,0000,0000,00,00,0000,0000,00,00,0000,0000,00,00,0000,0000,00,01,9f80,0000,01,00,0000,0000,00,00,0000,0000,00,00,0000,0000,00
1680,02,eb00,0100,02,01,0000,e580,00,00,0000,0000,00,00,0000,0000,00,00,0000,0000,00,00,0000,0000,00,01,9d80,0000,01,00,0000,0000,00,00,0000,0000,00,00,0000,0000,00
1681,02,e980,0100,01,01,0000,e400,00,00,0000,0000,00,00,0000,0000,00,00,0000,0000,00,00,0000,0000,00,01,9b80,0000,01,00,0000,0000,00,00,0000,0000,00,00,0000,0000,00
1682,02,e800,0100,05,01,0000,e280,00,00,0000,0000,00,00,0000,0000,00,00,0000,0000,00,00,0000,0000,00,01,9980,0000,01,00,0000,0000,00,00,0000,0000,00,00,0000,0000,00
1683,02,e680,0100,04,01,0000,e100,00,00,0000,0000,00,00,0000,0000,00,00,0000,0000,00,00,0000,0000,00,01,9780,0000,01,00,0000,0000,00,00,0000,0000,00,00,0000,0000,00
1684,02,e500,0100,03,01,0000,df80,00,00,0000,0000,00,00,0000,0000,00,00,0000,0000,00,00,0000,0000,00,01,9580,0000,01,00,0000,0000,00,00,0000,0000,00,00,0000,0000,00
1685,02,e380,0100,02,01,0000,de00,00,00,0000,0000,00,00,0000,0000,00,00,0000,0000,00,00,0000,0000,00,01,9380,0000,01,00,0000,0000,00,00,0000,0000,00,00,0000,0000,00
1686,02,e200,0100,01,01,0000,dc80,00,00,0000,0000,00,00,0000,0000,00,00,0000,0000,00,00,0000,0000,00,01,9180,0000,01,00,0000,0000,00,00,0000,0000,00,00,0000,0000,00
1687,02,e080,0100,05,01,0000,db00,00,00,0000,0000,00,00,0000,0000,00,00,0000,0000,00,00,0000,0000,00,01,8f80,0000,01,00,0000,0000,00,00,0000,0000,00,00,0000,0000,00
1688,02,df00,0100,04,01,0000,d980,00,00,0000,0000,00,00,0000,0000,00,00,0000,0000,00,00,0000,0000,00,01,8d80,0000,01,00,0000,0000,00,00,0000,0000,00,00,0000,0000,00
1689,02,dd80,0100,03,01,0000,d800,00,00,0000,0000,00,00,0000,0000,00,00,0000,0000,00,00,0000,0000,00,01,8b80,0000,01,00,0000,0000,00,00,0000,0000,00,00,0000,0000,00
1690,02,dc00,0100,02,01,0000,d680,00,00,0000,0000,00,00,0000,0000,00,00,0000,0000,00,00,0000,0000,00,01,8980,0000,01,00,0000,0000,00,00,0000,0000,00,00,0000,0000,00
1691,02,da80,0100,01,01,0000,d500,00,00,0000,0000,00,00,0000,0000,00,00,0000,0000,00,00,0000,0000,00,01,8780,0000,01,00,0000,0000,00,00,0000,0000,00,00,0000,0000,00
1692,02,d900,0100,05,01,0000,d380,00,00,0000,0000,00,00,0000,0000,00,00,0000,0000,00,00,0000,0000,00,01,8580,0000,01,00,0000,0000,00,00,0000,0000,00,00,0000,0000,00
1693,02,d780,0100,04,01,0000,d200,00,00,0000,0000,00,00,0000,0000,00,00,0000,0000,00,00,0000,0000,00,01,8380,0000,01,00,0000,0000,00,00,0000,0000,00,00,0000,0000,00
1694,02,d600,0100,03,01,0000,d080,00,00,0000,0000,00,00,0000,0000,00,00,0000,0000,00,00,0000,0000,00,01,8180,0000,01,00,0000,0000,00,00,0000,0000,00,00,0000,0000,00
1695,02,d480,0100,02,01,0000,cf00,00,00,0000,0000,00,00,0000,0000,00,00,0000,0000,00,00,0000,0000,00,01,7f80,0000,01,00,0000,0000,00,00,0000,0000,00,00,0000,0000,00
1696,02,d300,0100,01,01,0000,cd80,00,00,0000,0000,00,00,0000,0000,00,00,0000,0000,00,00,0000,0000,00,01,7d80,0000,01,00,0000,0000,00,00,0000,0000,00,00,0000,0000,00
1697,02,d180,0100,05,01,0000,cc00,00,00,0000,0000,00,00,0000,0000,00,00,0000,0000,00,00,0000,0000,00,01,7b80,0000,01,00,0000,0000,00,00,0000,0000,00,00,0000,0000,00
1698,02,d000,0100,04,01,0000,ca80,00,00,0000,0000,00,00,0000,0000,00,00,0000,0000,00,00,0000,0000,00,01,7980,0000,01,00,0000,0000,00,00,0000,0000,00,00,0000,0000,00
1699,02,ce80,0100,03,01,0000,c900,00,00,0000,0000,00,00,0000,0000,00,00,0000,0000,00,00,0000,0000,00,01,7780,0000,01,00,0000,0000,00,00,0000,0000,00,00,0000,0000,00
1700,02,cd00,0100,02,01,0000,c780,00,00,0000,0000,00,00,0000,0000,00,00,0000,0000,00,00,0000,0000,00,01,7580,0000,01,00,0000,0000,00,00,0000,0000,00,00,0000,0000,00
1701,02,cb80,0100,01,01,0000,c600,00,00,0000,0000,00,00,0000,0000,00,00,0000,0000,00,00,0000,0000,00,01,7380,0000,01,00,0000,0000,00,00,0000,0000,00,00,0000,0000,00
1702,02,ca00,0100,05,01,0000,c480,00,00,0000,0000,00,00,0000,0000,00,00,0000,0000,00,00,0000,0000,00,01,7180,0000,01,00,0000,0000,00,00,0000,0000,00,00,0000,0000,00
1703,02,c880,0100,04,01,0000,c300,00,00,0000,0000,00,00,0000,0000,00,00,0000,0000,00,00,0000,0000,00,01,6f80,0000,01,00,0000,0000,00,00,0000,0000,00,00,0000,0000,00
1704,02,c700,0100,03,01,0000,c180,00,00,0000,0000,00,00,0000,0000,00,00,0000,0000,00,00,0000,0000,00,01,6d80,0000,01,00,0000,0000,00,00,0000,0000,00,00,0000,0000,00
1705,02,c580,0100,02,01,0000,c000,00,00,0000,0000,00,00,0000,0000,00,00,0000,0000,00,00,0000,0000,00,01,6b80,0000,01,00,0000,0000,00,00,0000,0000,00,00,0000,0000,00
1706,02,c400,0100,01,01,0000,be80,00,00,0000,0000,00,00,0000,0000,00,00,0000,0000,00,00,0000,0000,00,01,6980,0000,01,00,0000,0000,00,00,0000,0000,00,00,0000,0000,00
1707,02,c280,0100,05,01,0000,bd00,00,00,0000,0000,00,00,0000,0000,00,00,0000,0000,00,00,0000,0000,00,01,6780,0000,01,00,0000,0000,00,00,0000,0000,00,00,0000,0000,00
1708,02,c100,0100,04,01,0000,bb80,00,00,0000,0000,00,00,0000,0000,00,00,0000,0000,00,00,0000,0000,00,01,6580,0000,01,00,0000,0000,00,00,0000,0000,00,00,0000,0000,00
1709,02,bf80,0100,03,01,0000,ba00,00,00,0000,0000,00,00,0000,0000,00,00,0000,0000,00,00,0000,0000,00,01,6380,0000,01,00,0000,0000,00,00,0000,0000,00,00,0000,0000,00
1710,02,be00,0100,02,01,0000,b880,00,00,0000,0000,00,00,0000,0000,00,00,0000,0000,00,00,0000,0000,00,01,6180,0000,01,00,0000,0000,00,00,0000,0000,00,00,0000,0000,00
1711,02,bc80,0100,01,01,0000,b700,00,00,0000,0000,00,00,0000,0000,00,00,0000,0000,00,00,0000,0000,00,01,5f80,0000,01,00,0000,0000,00,00,0000,0000,00,00,0000,0000,00
1712,02,bb00,0100,05,01,0000,b580,00,00,0000,0000,00,00,0000,0000,00,00,0000,0000,00,00,0000,0000,00,01,5d80,0000,01,00,0000,0000,00,00,0000,0000,00,00,0000,0000,00
1713,02,b980,0100,04,01,0000,b400,00,00,0000,0000,00,00,0000,0000,00,00,0000,0000,00,00,0000,0000,00,01,5b80,0000,01,00,0000,0000,00,00,0000,0000,00,00,0000,0000,00
1714,02,b800,0100,03,01,0000,b280,00,00,0000,0000,00,00,0000,0000,00,00,0000,0000,00,00,0000,0000,00,01,5980,0000,01,00,0000,0000,00,00,0000,0000,00,00,0000,0000,00
1715,02,b680,0100,02,01,0000,b100,00,00,0000,0000,00,00,0000,0000,00,00,0000,0000,00,00,0000,0000,00,01,5780,0000,01,00,0000,0000,00,00,0000,0000,00,00,0000,0000,00
1716,02,b500,0100,01,01,0000,af80,00,00,0000,0000,00,00,0000,0000,00,00,0000,0000,00,00,0000,0000,00,01,5580,0000,01,00,0000,0000,00,00,0000,0000,00,00,0000,0000,00
1717,02,b380,0100,05,01,0000,ae00,00,00,0000,0000,00,00,0000,0000,00,00,0000,0000,00,00,0000,0000,00,01,5380,0000,01,00,0000,0000,00,00,0000,0000,00,00,0000,0000,00
1718,02,b200,0100,04,01,0000,ac80,00,00,0000,0000,00,00,0000,0000,00,00,0000,0000,00,00,0000,0000,00,01,5180,0000,01,00,0000,0000,00,00,0000,0000,00,00,0000,0000,00
1719,02,b080,0100,03,01,0000,ab00,00,00,0000,0000,00,00,0000,0000,00,00,0000,0000,00,00,0000,0000,00,01,4f80,0000,01,00,0000,0000,00,00,0000,0000,00,00,0000,0000,00
1720,02,af00,0100,02,01,0000,a980,00,00,0000,0000,00,00,0000,0000,00,00,0000,0000,00,00,0000,0000,00,01,4d80,0000,01,00,0000,0000,00,00,0000,0000,00,00,0000,0000,00
1721,02,ad80,0100,01,01,0000,a800,00,00,0000,0000,00,00,0000,0000,00,00,0000,0000,00,00,0000,0000,00,01,4b80,0000,01,00,0000,0000,00,00,0000,0000,00,00,0000,0000,00
1722,02,ac00,0100,05,01,0000,a680,00,00,0000,0000,00,00,0000,0000,00,00,0000,0000,00,00,0000,0000,00,01,4980,0000,01,00,0000,0000,00,00,0000,0000,00,00,0000,0000,00
1723,02,aa80,0100,04,01,0000,a500,00,00,0000,0000,00,00,0000,0000,00,00,0000,0000,00,00,0000,0000,00,01,4780,0000,01,00,0000,0000,00,00,0000,0000,00,00,0000,0000,00
1724,02,a900,0100,03,01,0000,a380,00,00,0000,0000,00,00,0000,0000,00,00,0000,0000,00,00,0000,0000,00,01,4580,0000,01,00,0000,0000,00,00,0000,0000,00,00,0000,0000,00
1725,02,a780,0100,02,01,0000,a200,00,00,0000,0000,00,00,0000,0000,00,00,0000,0000,00,00,0000,0000,00,01,4380,0000,01,00,0000,0000,00,00,0000,0000,00,00,0000,0000,00
1726,02,a600,0100,01,01,0000,a080,00,00,0000,0000,00,00,0000,0000,00,00,0000,0000,00,00,0000,0000,00,01,4180,0000,01,00,0000,0000,00,00,0000,0000,00,00,0000,0000,00
1727,02,a480,0100,05,01,0000,9f00,00,00,0000,0000,00,00,0000,0000,00,00,0000,0000,00,00,0000,0000,00,01,3f80,0000,01,00,0000,0000,00,00,0000,0000,00,00,0000,0000,00
1728,02,a300,0100,04,01,0000,9d80,00,00,0000,0000,00,00,0000,0000,00,00,0000,0000,00,00,0000,0000,00,01,3d80,0000,01,00,0000,0000,00,00,0000,0000,00,00,0000,0000,00
1729,02,a180,0100,03,01,0000,9c00,00,00,0000,0000,00,00,0000,0000,00,00,0000,0000,00,00,0000,0000,00,01,3b80,0000,01,00,0000,0000,00,00,0000,0000,00,00,0000,0000,00
1730,02,a000,0100,02,01,0000,9a80,00,00,0000,0000,00,00,0000,0000,00,00,0000,0000,00,00,0000,0000,00,01,3980,0000,01,00,0000,0000,00,00,0000,0000,00,00,0000,0000,00
1731,02,9e80,0100,01,01,0000,9900,00,00,0000,0000,00,00,0000,0000,00,00,0000,0000,00,00,0000,0000,00,01,3780,0000,01,00,0000,0000,00,00,0000,0000,00,00,0000,0000,00
1732,02,9d00,0100,05,01,0000,9780,00,00,0000,0000,00,00,0000,0000,00,00,0000,0000,00,00,0000,0000,00,01,3580,0000,01,00,0000,0000,00,00,0000,0000,00,00,0000,0000,00
1733,02,9b80,0100,04,01,0000,9600,00,00,0000,0000,00,00,0000,0000,00,00,0000,0000,00,00,0000,0000,00,01,3380,0000,01,00,0000,0000,00,00,0000,0000,00,00,0000,0000,00
1734,02,9a00,0100,03,01,0000,9480,00,00,0000,0000,00,00,0000,0000,00,00,0000,0000,00,00,0000,0000,00,01,3180,0000,01,00,0000,0000,00,00,0000,0000,00,00,0000,0000,00
1735,02,9880,0100,02,01,0000,9300,00,00,0000,0000,00,00,0000,0000,00,00,0000,0000,00,00,0000,0000,00,01,2f80,0000,01,00,0000,0000,00,00,0000,0000,00,00,0000,0000,00
1736,02,9700,0100,01,01,0000,9180,00,00,0000,0000,00,00,0000,0000,00,00,0000,0000,00,00,0000,0000,00,01,2d80,0000,01,00,0000,0000,00,00,0000,0000,00,00,0000,0000,00
1737,02,9580,0100,05,01,0000,9000,00,00,0000,0000,00,00,0000,0000,00,00,0000,0000,00,00,0000,0000,00,01,2b80,0000,01,00,0000,0000,00,00,0000,0000,00,00,0000,0000,00
1738,02,9400,0100,04,01,0000,8e80,00,00,0000,0000,00,00,0000,0000,00,00,0000,0000,00,00,0000,0000,00,01,2980,0000,01,00,0000,0000,00,00,0000,0000,00,00,0000,0000,00
1739,02,9280,0100,03,01,0000,8d00,00,00,0000,0000,00,00,0000,0000,00,00,0000,0000,00,00,0000,0000,00,01,2780,0000,01,00,0000,0000,00,00,0000,0000,00,00,0000,0000,00
1740,02,9100,0100,02,01,0000,8b80,00,00,0000,0000,00,00,0000,0000,00,00,0000,0000,00,00,0000,0000,00,01,2580,0000,01,00,0000,0000,00,00,0000,0000,00,00,0000,0000,00
1741,02,8f80,0100,01,01,0000,8a00,00,00,0000,0000,00,00,0000,0000,00,00,0000,0000,00,00,0000,0000,00,01,2380,0000,01,00,0000,0000,00,00,0000,0000,00,00,0000,0000,00
1742,02,8e00,0100,05,01,0000,8880,00,00,0000,0000,00,00,0000,0000,00,00,0000,0000,00,00,0000,0000,00,01,2180,0000,01,00,0000,0000,00,00,0000,0000,00,00,0000,0000,00
1743,02,8c80,0100,04,01,0000,8700,00,00,0000,0000,00,00,0000,0000,00,00,0000,0000,00,00,0000,0000,00,01,1f80,0000,01,00,0000,0000,00,00,0000,0000,00,00,0000,0000,00
1744,02,8b00,0100,03,01,0000,8580,00,00,0000,0000,00,00,0000,0000,00,00,0000,0000,00,00,0000,0000,00,01,1d80,0000,01,00,0000,0000,00,00,0000,0000,00,00,0000,0000,00
1745,02,8980,0100,02,01,0000,8400,00,00,0000,0000,00,00,0000,0000,00,00,0000,0000,00,00,0000,0000,00,01,1b80,0000,01,00,0000,0000,00,00,0000,0000,00,00,0000,0000,00
1746,02,8800,0100,01,01,0000,8280,00,00,0000,0000,00,00,0000,0000,00,00,0000,0000,00,00,0000,0000,00,01,1980,0000,01,00,0000,0000,00,00,0000,0000,00,00,0000,0000,00
1747,02,8680,0100,05,01,0000,8100,00,00,0000,0000,00,00,0000,0000,00,00,0000,0000,00,00,0000,0000,00,01,1780,0000,01,01,fd80,0000,03,00,0000,0000,00,00,0000,0000,00
1748,02,8500,0100,04,01,0000,7f80,00,00,0000,0000,00,00,0000,0000,00,00,0000,0000,00,00,0000,0000,00,01,1580,0000,01,01,fb80,0000,02,00,0000,0000,00,00,0000,0000,00
1749,02,8380,0100,03,01,0000,7e00,00,00,0000,0000,00,00,0000,0000,00,00,0000,0000,00,00,0000,0000,00,01,1380,0000,01,01,f980,0000,01,00,0000,0000,00,00,0000,0000,00
1750,02,8200,0100,02,01,0000,7c80,00,00,0000,0000,00,00,0000,0000,00,00,0000,0000,00,00,0000,0000,00,01,1180,0000,01,01,f780,0000,03,00,0000,0000,00,00,0000,0000,00
1751,02,8080,0100,01,01,0000,7b00,00,00,0000,0000,00,00,0000,0000,00,00,0000,0000,00,00,0000,0000,00,01,0f80,0000,01,01,f580,0000,02,00,0000,0000,00,00,0000,0000,00
1752,02,7f00,0100,05,01,0000,7980,00,00,0000,0000,00,00,0000,0000,00,00,0000,0000,00,00,0000,0000,00,01,0d80,0000,01,01,f380,0000,01,00,0000,0000,00,00,0000,0000,00
1753,02,7d80,0100,04,01,0000,7800,00,00,0000,0000,00,00,0000,0000,00,00,0000,0000,00,00,0000,0000,00,01,0b80,0000,01,01,f180,0000,03,00,0000,0000,00,00,0000,0000,00
1754,02,7c00,0100,03,01,0000,7680,00,00,0000,0000,00,00,0000,0000,00,00,0000,0000,00,00,0000,0000,00,01,0980,0000,01,01,ef80,0000,02,00,0000,0000,00,00,0000,0000,00
1755,02,7a80,0100,02,01,0000,7500,00,00,0000,0000,00,00,0000,0000,00,00,0000,0000,00,00,0000,0000,00,01,0780,0000,01,01,ed80,0000,01,00,0000,0000,00,00,0000,0000,00
1756,02,7900,0100,01,01,0000,7380,00,00,0000,0000,00,00,0000,0000,00,00,0000,0000,00,00,0000,0000,00,01,0580,0000,01,01,eb80,0000,03,00,0000,0000,00,00,0000,0000,00
1757,02,7780,0100,05,01,0000,7200,00,00,0000,0000,00,00,0000,0000,00,00,0000,0000,00,00,0000,0000,00,01,0380,0000,01,01,e980,0000,02,00,0000,0000,00,00,0000,0000,00
1758,02,7600,0100,04,01,0000,7080,00,00,0000,0000,00,00,0000,0000,00,00,0000,0000,00,00,0000,0000,00,01,0180,0000,01,01,e780,0000,01,00,0000,0000,00,00,0000,0000,00
1759,02,7480,0100,03,01,0000,6f00,00,00,0000,0000,00,00,0000,0000,00,00,0000,0000,00,00,0000,0000,00,00,0000,0000,01,01,e580,0000,03,00,0000,0000,00,00,0000,0000,00
1760,02,7300,0100,02,01,0000,6d80,00,00,0000,0000,00,00,0000,0000,00,00,0000,0000,00,00,0000,0000,00,00,0000,0000,01,01,e380,0000,02,00,0000,0000,00,00,0000,0000,00
1761,02,7180,0100,01,01,0000,6c00,00,00,0000,0000,00,00,0000,0000,00,00,0000,0000,00,00,0000,0000,00,00,0000,0000,01,01,e180,0000,01,00,0000,0000,00,00,0000,0000,00
1762,02,7000,0100,05,01,0000,6a80,00,00,0000,0000,00,00,0000,0000,00,00,0000,0000,00,00,0000,0000,00,00,0000,0000,01,01,df80,0000,03,00,0000,0000,00,00,0000,0000,00
1763,02,6e80,0100,04,01,0000,6900,00,00,0000,0000,00,00,0000,0000,00,00,0000,0000,00,00,0000,0000,00,00,0000,0000,01,01,dd80,0000,02,00,0000,0000,00,00,0000,0000,00
1764,02,6d00,0100,03,01,0000,6780,00,00,0000,0000,00,00,0000,0000,00,00,0000,0000,00,00,0000,0000,00,00,0000,0000,01,01,db80,0000,01,00,0000,0000,00,00,0000,0000,00
1765,02,6b80,0100,02,01,0000,6600,00,00,0000,0000,00,00,0000,0000,00,00,0000,0000,00,00,0000,0000,00,00,0000,0000,01,01,d980,0000,03,00,0000,0000,00,00,0000,0000,00
1766,02,6a00,0100,01,01,0000,6480,00,00,0000,0000,00,00,0000,0000,00,00,0000,0000,00,00,0000,0000,00,00,0000,0000,01,01,d780,0000,02,00,0000,0000,00,00,0000,0000,00
1767,02,6880,0100,05,01,0000,6300,00,00,0000,0000,00,00,0000,0000,00,00,0000,0000,00,00,0000,0000,00,00,0000,0000,01,01,d580,0000,01,00,0000,0000,00,00,0000,0000,00
1768,02,6700,0100,04,01,0000,6180,00,00,0000,0000,00,00,0000,0000,00,00,0000,0000,00,00,0000,0000,00,00,0000,0000,01,01,d380,0000,03,00,0000,0000,00,00,0000,0000,00
1769,02,6580,0100,03,01,0000,6000,00,00,0000,0000,00,00,0000,0000,00,00,0000,0000,00,00,0000,0000,00,00,0000,0000,01,01,d180,0000,02,00,0000,0000,00,00,0000,0000,00
1770,02,6400,0100,02,01,0000,5e80,00,00,0000,0000,00,00,0000,0000,00,00,0000,0000,00,00,0000,0000,00,00,0000,0000,01,01,cf80,0000,01,00,0000,0000,00,00,0000,0000,00
1771,02,6280,0100,01,01,0000,5d00,00,00,0000,0000,00,00,0000,0000,00,00,0000,0000,00,00,0000,0000,00,00,0000,0000,01,01,cd80,0000,03,00,0000,0000,00,00,0000,0000,00
1772,02,6100,0100,05,01,0000,5b80,00,00,0000,0000,00,00,0000,0000,00,00,0000,0000,00,00,0000,0000,00,00,0000,0000,01,01,cb80,0000,02,00,0000,0000,00,00,0000,0000,00
1773,02,5f80,0100,04,01,0000,5a00,00,00,0000,0000,00,00,0000,0000,00,00,0000,0000,00,00,0000,0000,00,00,0000,0000,01,01,c980,0000,01,00,0000,0000,00,00,0000,0000,00
1774,02,5e00,0100,03,01,0000,5880,00,00,0000,0000,00,00,0000,0000,00,00,0000,0000,00,00,0000,0000,00,00,0000,0000,01,01,c780,0000,03,00,0000,0000,00,00,0000,0000,00
1775,02,5c80,0100,02,01,0000,5700,00,00,0000,0000,00,00,0000,0000,00,00,0000,0000,00,00,0000,0000,00,00,0000,0000,01,01,c580,0000,02,00,0000,0000,00,00,0000,0000,00
1776,02,5b00,0100,01,01,0000,5580,00,00,0000,0000,00,00,0000,0000,00,00,0000,0000,00,00,0000,0000,00,00,0000,0000,01,01,c380,0000,01,00,0000,0000,00,00,0000,0000,00
1777,02,5980,0100,05,01,0000,5400,00,00,0000,0000,00,00,0000,0000,00,00,0000,0000,00,00,0000,0000,00,00,0000,0000,01,01,c180,0000,03,00,0000,0000,00,00,0000,0000,00
1778,02,5800,0100,04,01,0000,5280,00,00,0000,0000,00,00,0000,0000,00,00,0000,0000,00,00,0000,0000,00,00,0000,0000,01,01,bf80,0000,02,00,0000,0000,00,00,0000,0000,00
1779,02,5680,0100,03,01,0000,5100,00,00,0000,0000,00,00,0000,0000,00,00,0000,0000,00,00,0000,0000,00,00,0000,0000,01,01,bd80,0000,01,00,0000,0000,00,00,0000,0000,00
1780,02,5680,0100,03,01,0000,5100,00,00,0000,0000,00,00,b000,0000,00,00,a000,0000,00,00,0000,0000,00,00,0000,0000,01,01,bd80,0000,01,00,0000,0000,00,00,0000,0000,00
1781,02,5680,0100,03,01,0000,5100,00,00,0000,0000,00,00,b000,0000,00,00,a000,0000,00,00,0000,0000,00,00,0000,0000,01,01,bd80,0000,01,00,0000,0000,00,00,0000,0000,00
1782,02,5680,0100,03,01,0000,5100,00,00,0000,0000,00,00,b000,0000,00,00,a000,0000,00,00,0000,0000,00,00,0000,0000,01,01,bd80,0000,01,00,0000,0000,00,00,0000,0000,00
1783,02,5680,0100,03,01,0000,5100,00,00,0000,0000,00,00,b000,0000,00,00,a000,0000,00,00,0000,0000,00,00,0000,0000,01,01,bd80,0000,01,00,0000,0000,00,00,0000,0000,00
1784,02,5680,0100,03,01,0000,5100,00,00,0000,0000,00,00,b000,0000,00,00,a000,0000,00,00,0000,0000,00,00,0000,0000,01,01,bd80,0000,01,00,0000,0000,00,00,0000,0000,00
1785,02,5680,0100,03,01,0000,5100,00,00,0000,0000,00,00,b000,0000,00,00,a000,0000,00,00,0000,0000,00,00,0000,0000,01,01,bd80,0000,01,00,0000,0000,00,00,0000,0000,00
1786,02,5680,0100,03,01,0000,5100,00,00,0000,0000,00,00,b000,0000,00,00,a000,0000,00,00,0000,0000,00,00,0000,0000,01,01,bd80,0000,01,00,0000,0000,00,00,0000,0000,00
1787,02,5680,0100,03,01,0000,5100,00,00,0000,0000,00,00,b000,0000,00,00,a000,0000,00,00,0000,0000,00,00,0000,0000,01,01,bd80,0000,01,00,0000,0000,00,00,0000,0000,00
1788,02,5680,0100,03,01,0000,5100,00,00,0000,0000,00,00,b000,0000,00,00,a000,0000,00,00,0000,0000,00,00,0000,0000,01,01,bd80,0000,01,00,0000,0000,00,00,0000,0000,00
1789,02,5680,0100,03,01,0000,5100,00,00,0000,0000,00,00,b000,0000,00,00,a000,0000,00,00,0000,0000,00,00,0000,0000,01,01,bd80,0000,01,00,0000,0000,00,00,0000,0000,00
1790,02,5680,0100,03,01,0000,5100,00,00,0000,0000,00,00,b000,0000,00,00,a000,0000,00,00,0000,0000,00,00,0000,0000,01,01,bd80,0000,01,00,0000,0000,00,00,0000,0000,00
1791,02,5680,0100,03,01,0000,5100,00,00,0000,0000,00,00,b000,0000,00,00,a000,0000,00,00,0000,0000,00,00,0000,0000,01,01,bd80,0000,01,00,0000,0000,00,00,0000,0000,00
1792,02,5680,0100,03,01,0000,5100,00,00,0000,0000,00,00,b000,0000,00,00,a000,0000,00,00,0000,0000,00,00,0000,0000,01,01,bd80,0000,01,00,0000,0000,00,00,0000,0000,00
1793,02,5680,0100,03,01,0000,5100,00,00,0000,0000,00,00,b000,0000,00,00,a000,0000,00,00,0000,0000,00,00,0000,0000,01,01,bd80,0000,01,00,0000,0000,00,00,0000,0000,00
1794,02,5680,0100,03,01,0000,5100,00,00,0000,0000,00,00,b000,0000,00,00,a000,0000,00,00,0000,0000,00,00,0000,0000,01,01,bd80,0000,01,00,0000,0000,00,00,0000,0000,00
1795,02,5680,0100,03,01,0000,5100,00,00,0000,0000,00,00,b000,0000,00,00,a000,0000,00,00,0000,0000,00,00,0000,0000,01,01,bd80,0000,01,00,0000,0000,00,00,0000,0000,00
1796,02,5680,0100,03,01,0000,5100,00,00,0000,0000,00,00,b000,0000,00,00,a000,0000,00,00,0000,0000,00,00,0000,0000,01,01,bd80,0000,01,00,0000,0000,00,00,0000,0000,00
1797,02,5680,0100,03,01,0000,5100,00,00,0000,0000,00,00,b000,0000,00,00,a000,0000,00,00,0000,0000,00,00,0000,0000,01,01,bd80,0000,01,00,0000,0000,00,00,0000,0000,00
1798,02,5680,0100,03,01,0000,5100,00,00,0000,0000,00,00,b000,0000,00,00,a000,0000,00,00,0000,0000,00,00,0000,0000,01,01,bd80,0000,01,00,0000,0000,00,00,0000,0000,00
1799,02,5680,0100,03,01,0000,5100,00,00,0000,0000,00,00,b000,0000,00,00,a000,0000,00,00,0000,0000,00,00,0000,0000,01,01,bd80,0000,01,00,0000,0000,00,00,0000,0000,00
1800,02,5680,0100,03,01,0000,5100,00,00,0000,0000,00,00,b000,0000,00,00,a000,0000,00,00,0000,0000,00,00,0000,0000,01,01,bd80,0000,01,00,0000,0000,00,00,0000,0000,00
1801,02,5680,0100,03,01,0000,5100,00,00,0000,0000,00,00,b000,0000,00,00,a000,0000,00,00,0000,0000,00,00,0000,0000,01,01,bd80,0000,01,00,0000,0000,00,00,0000,0000,00
1802,02,5680,0100,03,01,0000,5100,00,00,0000,0000,00,00,b000,0000,00,00,a000,0000,00,00,0000,0000,00,00,0000,0000,01,01,bd80,0000,01,00,0000,0000,00,00,0000,0000,00
1803,02,5680,0100,03,01,0000,5100,00,00,0000,0000,00,00,b000,0000,00,00,a000,0000,00,00,0000,0000,00,00,0000,0000,01,01,bd80,0000,01,00,0000,0000,00,00,0000,0000,00
1804,02,5680,0100,03,01,0000,5100,00,00,0000,0000,00,00,b000,0000,00,00,a000,0000,00,00,0000,0000,00,00,0000,0000,01,01,bd80,0000,01,00,0000,0000,00,00,0000,0000,00
1805,02,5680,0100,03,01,0000,5100,00,00,0000,0000,00,00,b000,0000,00,00,a000,0000,00,00,0000,0000,00,00,0000,0000,01,01,bd80,0000,01,00,0000,0000,00,00,0000,0000,00
1806,02,5680,0100,03,01,0000,5100,00,00,0000,0000,00,00,b000,0000,00,00,a000,0000,00,00,0000,0000,00,00,0000,0000,01,01,bd80,0000,01,00,0000,0000,00,00,0000,0000,00
1807,02,5680,0100,03,01,0000,5100,00,00,0000,0000,00,00,b000,0000,00,00,a000,0000,00,00,0000,0000,00,00,0000,0000,01,01,bd80,0000,01,00,0000,0000,00,00,0000,0000,00
1808,02,5680,0100,03,01,0000,5100,00,00,0000,0000,00,00,b000,0000,00,00,a000,0000,00,00,0000,0000,00,00,0000,0000,01,01,bd80,0000,01,00,0000,0000,00,00,0000,0000,00
1809,02,5680,0100,03,01,0000,5100,00,00,0000,0000,00,00,b000,0000,00,00,a000,0000,00,00,0000,0000,00,00,0000,0000,01,01,bd80,0000,01,00,0000,0000,00,00,0000,0000,00
1810,02,5680,0100,03,01,0000,5100,00,00,0000,0000,00,00,b000,0000,00,00,a000,0000,00,00,0000,0000,00,00,0000,0000,01,01,bd80,0000,01,00,0000,0000,00,00,0000,0000,00
1811,02,5680,0100,03,01,0000,5100,00,00,0000,0000,00,00,b000,0000,00,00,a000,0000,00,00,0000,0000,00,00,0000,0000,01,01,bd80,0000,01,00,0000,0000,00,00,0000,0000,00
1812,02,5680,0100,03,01,0000,5100,00,00,0000,0000,00,00,b000,0000,00,00,a000,0000,00,00,0000,0000,00,00,0000,0000,01,01,bd80,0000,01,00,0000,0000,00,00,0000,0000,00
1813,02,5680,0100,03,01,0000,5100,00,00,0000,0000,00,00,b000,0000,00,00,a000,0000,00,00,0000,0000,00,00,0000,0000,01,01,bd80,0000,01,00,0000,0000,00,00,0000,0000,00
1814,02,5680,0100,03,01,0000,5100,00,00,0000,0000,00,00,b000,0000,00,00,a000,0000,00,00,0000,0000,00,00,0000,0000,01,01,bd80,0000,01,00,0000,0000,00,00,0000,0000,00
1815,02,5680,0100,03,01,0000,5100,00,00,0000,0000,00,00,b000,0000,00,00,a000,0000,00,00,0000,0000,00,00,0000,0000,01,01,bd80,0000,01,00,0000,0000,00,00,0000,0000,00
1816,02,5680,0100,03,01,0000,5100,00,00,0000,0000,00,00,b000,0000,00,00,a000,0000,00,00,0000,0000,00,00,0000,0000,01,01,bd80,0000,01,00,0000,0000,00,00,0000,0000,00
1817,02,5680,0100,03,01,0000,5100,00,00,0000,0000,00,00,b000,0000,00,00,a000,0000,00,00,0000,0000,00,00,0000,0000,01,01,bd80,0000,01,00,0000,0000,00,00,0000,0000,00
1818,02,5680,0100,03,01,0000,5100,00,00,0000,0000,00,00,b000,0000,00,00,a000,0000,00,00,0000,0000,00,00,0000,0000,01,01,bd80,0000,01,00,0000,0000,00,00,0000,0000,00
1819,02,5680,0100,03,01,0000,5100,00,00,0000,0000,00,00,b000,0000,00,00,a000,0000,00,00,0000,0000,00,00,0000,0000,01,01,bd80,0000,01,00,0000,0000,00,00,0000,0000,00
1820,02,5680,0100,03,01,0000,5100,00,00,0000,0000,00,00,b000,0000,00,00,a000,0000,00,00,0000,0000,00,00,0000,0000,01,01,bd80,0000,01,00,0000,0000,00,00,0000,0000,00
1821,02,5680,0100,03,01,0000,5100,00,00,0000,0000,00,00,b000,0000,00,00,a000,0000,00,00,0000,0000,00,00,0000,0000,01,01,bd80,0000,01,00,0000,0000,00,00,0000,0000,00
1822,02,5680,0100,03,01,0000,5100,00,00,0000,0000,00,00,b000,0000,00,00,a000,0000,00,00,0000,0000,00,00,0000,0000,01,01,bd80,0000,01,00,0000,0000,00,00,0000,0000,00
1823,02,5680,0100,03,01,0000,5100,00,00,0000,0000,00,00,b000,0000,00,00,a000,0000,00,00,0000,0000,00,00,0000,0000,01,01,bd80,0000,01,00,0000,0000,00,00,0000,0000,00
1824,02,5680,0100,03,01,0000,5100,00,00,0000,0000,00,00,b000,0000,00,00,a000,0000,00,00,0000,0000,00,00,0000,0000,01,01,bd80,0000,01,00,0000,0000,00,00,0000,0000,00
1825,02,5680,0100,03,01,0000,5100,00,00,0000,0000,00,00,b000,0000,00,00,a000,0000,00,00,0000,0000,00,00,0000,0000,01,01,bd80,0000,01,00,0000,0000,00,00,0000,0000,00
1826,02,5680,0100,03,01,0000,5100,00,00,0000,0000,00,00,b000,0000,00,00,a000,0000,00,00,0000,0000,00,00,0000,0000,01,01,bd80,0000,01,00,0000,0000,00,00,0000,0000,00
1827,02,5680,0100,03,01,0000,5100,00,00,0000,0000,00,00,b000,0000,00,00,a000,0000,00,00,0000,0000,00,00,0000,0000,01,01,bd80,0000,01,00,0000,0000,00,00,0000,0000,00
1828,02,5680,0100,03,01,0000,5100,00,00,0000,0000,00,00,b000,0000,00,00,a000,0000,00,00,0000,0000,00,00,0000,0000,01,01,bd80,0000,01,00,0000,0000,00,00,0000,0000,00
1829,02,5680,0100,03,01,0000,5100,00,00,0000,0000,00,00,b000,0000,00,00,a000,0000,00,00,0000,0000,00,00,0000,0000,01,01,bd80,0000,01,00,0000,0000,00,00,0000,0000,00
1830,02,5680,0100,03,01,0000,5100,00,00,0000,0000,00,00,b000,0000,00,00,a000,0000,00,00,0000,0000,00,00,0000,0000,01,01,bd80,0000,01,00,0000,0000,00,00,0000,0000,00
1831,02,5680,0100,03,01,0000,5100,00,00,0000,0000,00,00,b000,0000,00,00,a000,0000,00,00,0000,0000,00,00,0000,0000,01,01,bd80,0000,01,00,0000,0000,00,00,0000,0000,00
1832,02,5680,0100,03,01,0000,5100,00,00,0000,0000,00,00,b000,0000,00,00,a000,0000,00,00,0000,0000,00,00,0000,0000,01,01,bd80,0000,01,00,0000,0000,00,00,0000,0000,00
1833,02,5680,0100,03,01,0000,5100,00,00,0000,0000,00,00,b000,0000,00,00,a000,0000,00,00,0000,0000,00,00,0000,0000,01,01,bd80,0000,01,00,0000,0000,00,00,0000,0000,00
1834,02,5680,0100,03,01,0000,5100,00,00,0000,0000,00,00,b000,0000,00,00,a000,0000,00,00,0000,0000,00,00,0000,0000,01,01,bd80,0000,01,00,0000,0000,00,00,0000,0000,00
1835,02,5680,0100,03,01,0000,5100,00,00,0000,0000,00,00,b000,0000,00,00,a000,0000,00,00,0000,0000,00,00,0000,0000,01,01,bd80,0000,01,00,0000,0000,00,00,0000,0000,00
1836,02,5680,0100,03,01,0000,5100,00,00,0000,0000,00,00,b000,0000,00,00,a000,0000,00,00,0000,0000,00,00,0000,0000,01,01,bd80,0000,01,00,0000,0000,00,00,0000,0000,00
1837,02,5680,0100,03,01,0000,5100,00,00,0000,0000,00,00,b000,0000,00,00,a000,0000,00,00,0000,0000,00,00,0000,0000,01,01,bd80,0000,01,00,0000,0000,00,00,0000,0000,00
1838,02,5680,0100,03,01,0000,5100,00,00,0000,0000,00,00,b000,0000,00,00,a000,0000,00,00,0000,0000,00,00,0000,0000,01,01,bd80,0000,01,00,0000,0000,00,00,0000,0000,00
1839,02,5680,0100,03,01,0000,5100,00,00,0000,0000,00,00,b000,0000,00,00,a000,0000,00,00,0000,0000,00,00,0000,0000,01,01,bd80,0000,01,00,0000,0000,00,00,0000,0000,00
1840,02,5680,0100,03,01,0000,5100,00,00,0000,0000,00,00,b000,0000,00,00,a000,0000,00,00,0000,0000,00,00,0000,0000,01,01,bd80,0000,01,00,0000,0000,00,00,0000,0000,00
1841,02,5680,0100,03,01,0000,5100,00,00,0000,0000,00,00,b000,0000,00,00,a000,0000,00,00,0000,0000,00,00,0000,0000,01,01,bd80,0000,01,00,0000,0000,00,00,0000,0000,00
1842,02,5680,0100,03,01,0000,5100,00,00,0000,0000,00,00,b000,0000,00,00,a000,0000,00,00,0000,0000,00,00,0000,0000,01,01,bd80,0000,01,00,0000,0000,00,00,0000,0000,00
1843,02,5680,0100,03,01,0000,5100,00,00,0000,0000,00,00,b000,0000,00,00,a000,0000,00,00,0000,0000,00,00,0000,0000,01,01,bd80,0000,01,00,0000,0000,00,00,0000,0000,00
1844,02,5680,0100,03,01,0000,5100,00,00,0000,0000,00,00,b000,0000,00,00,a000,0000,00,00,0000,0000,00,00,0000,0000,01,01,bd80,0000,01,00,0000,0000,00,00,0000,0000,00
1845,02,5680,0100,03,01,0000,5100,00,00,0000,0000,00,00,b000,0000,00,00,a000,0000,00,00,0000,0000,00,00,0000,0000,01,01,bd80,0000,01,00,0000,0000,00,00,0000,0000,00
1846,02,5680,0100,03,01,0000,5100,00,00,0000,0000,00,00,b000,0000,00,00,a000,0000,00,00,0000,0000,00,00,0000,0000,01,01,bd80,0000,01,00,0000,0000,00,00,0000,0000,00
1847,02,5680,0100,03,01,0000,5100,00,00,0000,0000,00,00,b000,0000,00,00,a000,0000,00,00,0000,0000,00,00,0000,0000,01,01,bd80,0000,01,00,0000,0000,00,00,0000,0000,00
1848,00,0000,0000,00,00,0000,0000,00,00,0000,0000,00,00,0000,0000,00,00,0000,0000,00,00,0000,0000,00,00,0000,0000,00,00,0000,0000,00,00,0000,0000,00,00,0000,0000,00
1849,00,0000,0000,00,00,0000,0000,00,00,0000,0000,00,00,0000,0000,00,00,0000,0000,00,00,0000,0000,00,00,0000,0000,00,00,0000,0000,00,00,0000,0000,00,00,0000,0000,00
1850,00,0000,0000,00,00,0000,0000,00,00,0000,0000,00,00,0000,0000,00,00,0000,0000,00,00,0000,0000,00,00,0000,0000,00,00,0000,0000,00,00,0000,0000,00,00,0000,0000,00
1851,00,0000,0000,00,00,0000,0000,00,00,0000,0000,00,00,0000,0000,00,00,0000,0000,00,00,0000,0000,00,00,0000,0000,00,00,0000,0000,00,00,0000,0000,00,00,0000,0000,00
1852,00,0000,0000,00,00,0000,0000,00,00,0000,0000,00,00,0000,0000,00,00,0000,0000,00,00,0000,0000,00,00,0000,0000,00,00,0000,0000,00,00,0000,0000,00,00,0000,0000,00
1853,00,0000,0000,00,00,0000,0000,00,00,0000,0000,00,00,0000,0000,00,00,0000,0000,00,00,0000,0000,00,00,0000,0000,00,00,0000,0000,00,00,0000,0000,00,00,0000,0000,00
1854,00,0000,0000,00,00,0000,0000,00,00,0000,0000,00,00,0000,0000,00,00,0000,0000,00,00,0000,0000,00,00,0000,0000,00,00,0000,0000,00,00,0000,0000,00,00,0000,0000,00
1855,00,0000,0000,00,00,0000,0000,00,00,0000,0000,00,00,0000,0000,00,00,0000,0000,00,00,0000,0000,00,00,0000,0000,00,00,0000,0000,00,00,0000,0000,00,00,0000,0000,00
1856,00,0000,0000,00,00,0000,0000,00,00,0000,0000,00,00,0000,0000,00,00,0000,0000,00,00,0000,0000,00,00,0000,0000,00,00,0000,0000,00,00,0000,0000,00,00,0000,0000,00
1857,00,0000,0000,00,00,0000,0000,00,00,0000,0000,00,00,0000,0000,00,00,0000,0000,00,00,0000,0000,00,00,0000,0000,00,00,0000,0000,00,00,0000,0000,00,00,0000,0000,00
1858,00,0000,0000,00,00,0000,0000,00,00,0000,0000,00,00,0000,0000,00,00,0000,0000,00,00,0000,0000,00,00,0000,0000,00,00,0000,0000,00,00,0000,0000,00,00,0000,0000,00
1859,00,0000,0000,00,00,0000,0000,00,00,0000,0000,00,00,0000,0000,00,00,0000,0000,00,00,0000,0000,00,00,0000,0000,00,00,0000,0000,00,00,0000,0000,00,00,0000,0000,00
1860,00,0000,0000,00,00,0000,0000,00,00,0000,0000,00,00,0000,0000,00,00,0000,0000,00,00,0000,0000,00,00,0000,0000,00,00,0000,0000,00,00,0000,0000,00,00,0000,0000,00
1861,00,0000,0000,00,00,0000,0000,00,00,0000,0000,00,00,0000,0000,00,00,0000,0000,00,00,0000,0000,00,00,0000,0000,00,00,0000,0000,00,00,0000,0000,00,00,0000,0000,00
1862,00,0000,0000,00,00,0000,0000,00,00,0000,0000,00,00,0000,0000,00,00,0000,0000,00,00,0000,0000,00,00,0000,0000,00,00,0000,0000,00,00,0000,0000,00,00,0000,0000,00
1863,00,0000,0000,00,00,0000,0000,00,00,0000,0000,00,00,0000,0000,00,00,0000,0000,00,00,0000,0000,00,00,0000,0000,00,00,0000,0000,00,00,0000,0000,00,00,0000,0000,00
1864,00,0000,0000,00,00,0000,0000,00,00,0000,0000,00,00,0000,0000,00,00,0000,0000,00,00,0000,0000,00,00,0000,0000,00,00,0000,0000,00,00,0000,0000,00,00,0000,0000,00
1865,00,0000,0000,00,00,0000,0000,00,00,0000,0000,00,00,0000,0000,00,00,0000,0000,00,00,0000,0000,00,00,0000,0000,00,00,0000,0000,00,00,0000,0000,00,00,0000,0000,00
1866,00,0000,0000,00,00,0000,0000,00,00,0000,0000,00,00,0000,0000,00,00,0000,0000,00,00,0000,0000,00,00,0000,0000,00,00,0000,0000,00,00,0000,0000,00,00,0000,0000,00
1867,00,0000,0000,00,00,0000,0000,00,00,0000,0000,00,00,0000,0000,00,00,0000,0000,00,00,0000,0000,00,00,0000,0000,00,00,0000,0000,00,00,0000,0000,00,00,0000,0000,00
1868,00,0000,0000,00,00,0000,0000,00,00,0000,0000,00,00,0000,0000,00,00,0000,0000,00,00,0000,0000,00,00,0000,0000,00,00,0000,0000,00,00,0000,0000,00,00,0000,0000,00
1869,00,0000,0000,00,00,0000,0000,00,00,0000,0000,00,00,0000,0000,00,00,0000,0000,00,00,0000,0000,00,00,0000,0000,00,00,0000,0000,00,00,0000,0000,00,00,0000,0000,00
1870,00,0000,0000,00,00,0000,0000,00,00,0000,0000,00,00,0000,0000,00,00,0000,0000,00,00,0000,0000,00,00,0000,0000,00,00,0000,0000,00,00,0000,0000,00,00,0000,0000,00
1871,00,0000,0000,00,00,0000,0000,00,00,0000,0000,00,00,0000,0000,00,00,0000,0000,00,00,0000,0000,00,00,0000,0000,00,00,0000,0000,00,00,0000,0000,00,00,0000,0000,00
1872,00,0000,0000,00,00,0000,0000,00,00,0000,0000,00,00,0000,0000,00,00,0000,0000,00,00,0000,0000,00,00,0000,0000,00,00,0000,0000,00,00,0000,0000,00,00,0000,0000,00
1873,00,0000,0000,00,00,0000,0000,00,00,0000,0000,00,00,0000,0000,00,00,0000,0000,00,00,0000,0000,00,00,0000,0000,00,00,0000,0000,00,00,0000,0000,00,00,0000,0000,00
1874,00,0000,0000,00,00,0000,0000,00,00,0000,0000,00,00,0000,0000,00,00,0000,0000,00,00,0000,0000,00,00,0000,0000,00,00,0000,0000,00,00,0000,0000,00,00,0000,0000,00
1875,00,0000,0000,00,00,0000,0000,00,00,0000,0000,00,00,0000,0000,00,00,0000,0000,00,00,0000,0000,00,00,0000,0000,00,00,0000,0000,00,00,0000,0000,00,00,0000,0000,00
1876,00,0000,0000,00,00,0000,0000,00,00,0000,0000,00,00,0000,0000,00,00,0000,0000,00,00,0000,0000,00,00,0000,0000,00,00,0000,0000,00,00,0000,0000,00,00,0000,0000,00
1877,00,0000,0000,00,00,0000,0000,00,00,0000,0000,00,00,0000,0000,00,00,0000,0000,00,00,0000,0000,00,00,0000,0000,00,00,0000,0000,00,00,0000,0000,00,00,0000,0000,00
1878,00,0000,0000,00,00,0000,0000,00,00,0000,0000,00,00,0000,0000,00,00,0000,0000,00,00,0000,0000,00,00,0000,0000,00,00,0000,0000,00,00,0000,0000,00,00,0000,0000,00
1879,00,0000,0000,00,00,0000,0000,00,00,0000,0000,00,00,0000,0000,00,00,0000,0000,00,00,0000,0000,00,00,0000,0000,00,00,0000,0000,00,00,0000,0000,00,00,0000,0000,00
1880,00,0000,0000,00,00,0000,0000,00,00,0000,0000,00,00,0000,0000,00,00,0000,0000,00,00,0000,0000,00,00,0000,0000,00,00,0000,0000,00,00,0000,0000,00,00,0000,0000,00
1881,00,0000,0000,00,00,0000,0000,00,00,0000,0000,00,00,0000,0000,00,00,0000,0000,00,00,0000,0000,00,00,0000,0000,00,00,0000,0000,00,00,0000,0000,00,00,0000,0000,00
1882,00,0000,0000,00,00,0000,0000,00,00,0000,0000,00,00,0000,0000,00,00,0000,0000,00,00,0000,0000,00,00,0000,0000,00,00,0000,0000,00,00,0000,0000,00,00,0000,0000,00
1883,00,0000,0000,00,00,0000,0000,00,00,0000,0000,00,00,0000,0000,00,00,0000,0000,00,00,0000,0000,00,00,0000,0000,00,00,0000,0000,00,00,0000,0000,00,00,0000,0000,00
1884,00,0000,0000,00,00,0000,0000,00,00,0000,0000,00,00,0000,0000,00,00,0000,0000,00,00,0000,0000,00,00,0000,0000,00,00,0000,0000,00,00,0000,0000,00,00,0000,0000,00
1885,00,0000,0000,00,00,0000,0000,00,00,0000,0000,00,00,0000,0000,00,00,0000,0000,00,00,0000,0000,00,00,0000,0000,00,00,0000,0000,00,00,0000,0000,00,00,0000,0000,00
1886,00,0000,0000,00,00,0000,0000,00,00,0000,0000,00,00,0000,0000,00,00,0000,0000,00,00,0000,0000,00,00,0000,0000,00,00,0000,0000,00,00,0000,0000,00,00,0000,0000,00
1887,00,0000,0000,00,00,0000,0000,00,00,0000,0000,00,00,0000,0000,00,00,0000,0000,00,00,0000,0000,00,00,0000,0000,00,00,0000,0000,00,00,0000,0000,00,00,0000,0000,00
1888,00,0000,0000,00,00,0000,0000,00,00,0000,0000,00,00,0000,0000,00,00,0000,0000,00,00,0000,0000,00,00,0000,0000,00,00,0000,0000,00,00,0000,0000,00,00,0000,0000,00
1889,00,0000,0000,00,00,0000,0000,00,00,0000,0000,00,00,0000,0000,00,00,0000,0000,00,00,0000,0000,00,00,0000,0000,00,00,0000,0000,00,00,0000,0000,00,00,0000,0000,00
1890,00,0000,0000,00,00,0000,0000,00,00,0000,0000,00,00,0000,0000,00,00,0000,0000,00,00,0000,0000,00,00,0000,0000,00,00,0000,0000,00,00,0000,0000,00,00,0000,0000,00
1891,00,0000,0000,00,00,0000,0000,00,00,0000,0000,00,00,0000,0000,00,00,0000,0000,00,00,0000,0000,00,00,0000,0000,00,00,0000,0000,00,00,0000,0000,00,00,0000,0000,00
1892,00,0000,0000,00,00,0000,0000,00,00,0000,0000,00,00,0000,0000,00,00,0000,0000,00,00,0000,0000,00,00,0000,0000,00,00,0000,0000,00,00,0000,0000,00,00,0000,0000,00
1893,00,0000,0000,00,00,0000,0000,00,00,0000,0000,00,00,0000,0000,00,00,0000,0000,00,00,0000,0000,00,00,0000,0000,00,00,0000,0000,00,00,0000,0000,00,00,0000,0000,00
1894,00,0000,0000,00,00,0000,0000,00,00,0000,0000,00,00,0000,0000,00,00,0000,0000,00,00,0000,0000,00,00,0000,0000,00,00,0000,0000,00,00,0000,0000,00,00,0000,0000,00
1895,00,0000,0000,00,00,0000,0000,00,00,0000,0000,00,00,0000,0000,00,00,0000,0000,00,00,0000,0000,00,00,0000,0000,00,00,0000,0000,00,00,0000,0000,00,00,0000,0000,00
1896,00,0000,0000,00,00,0000,0000,00,00,0000,0000,00,00,0000,0000,00,00,0000,0000,00,00,0000,0000,00,00,0000,0000,00,00,0000,0000,00,00,0000,0000,00,00,0000,0000,00
1897,00,0000,0000,00,00,0000,0000,00,00,0000,0000,00,00,0000,0000,00,00,0000,0000,00,00,0000,0000,00,00,0000,0000,00,00,0000,0000,00,00,0000,0000,00,00,0000,0000,00
1898,00,0000,0000,00,00,0000,0000,00,00,0000,0000,00,00,0000,0000,00,00,0000,0000,00,00,0000,0000,00,00,0000,0000,00,00,0000,0000,00,00,0000,0000,00,00,0000,0000,00
1899,00,0000,0000,00,00,0000,0000,00,00,0000,0000,00,00,0000,0000,00,00,0000,0000,00,00,0000,0000,00,00,0000,0000,00,00,0000,0000,00,00,0000,0000,00,00,0000,0000,00
1900,00,0000,0000,00,00,0000,0000,00,00,0000,0000,00,00,0000,0000,00,00,0000,0000,00,00,0000,0000,00,00,0000,0000,00,00,0000,0000,00,00,0000,0000,00,00,0000,0000,00
1901,00,0000,0000,00,00,0000,0000,00,00,0000,0000,00,00,0000,0000,00,00,0000,0000,00,00,0000,0000,00,00,0000,0000,00,00,0000,0000,00,00,0000,0000,00,00,0000,0000,00
1902,00,0000,0000,00,00,0000,0000,00,00,0000,0000,00,00,0000,0000,00,00,0000,0000,00,00,0000,0000,00,00,0000,0000,00,00,0000,0000,00,00,0000,0000,00,00,0000,0000,00
1903,00,0000,0000,00,00,0000,0000,00,00,0000,0000,00,00,0000,0000,00,00,0000,0000,00,00,0000,0000,00,00,0000,0000,00,00,0000,0000,00,00,0000,0000,00,00,0000,0000,00
1904,00,0000,0000,00,00,0000,0000,00,00,0000,0000,00,00,0000,0000,00,00,0000,0000,00,00,0000,0000,00,00,0000,0000,00,00,0000,0000,00,00,0000,0000,00,00,0000,0000,00
1905,00,0000,0000,00,00,0000,0000,00,00,0000,0000,00,00,0000,0000,00,00,0000,0000,00,00,0000,0000,00,00,0000,0000,00,00,0000,0000,00,00,0000,0000,00,00,0000,0000,00
1906,00,0000,0000,00,00,0000,0000,00,00,0000,0000,00,00,0000,0000,00,00,0000,0000,00,00,0000,0000,00,00,0000,0000,00,00,0000,0000,00,00,0000,0000,00,00,0000,0000,00
1907,00,0000,0000,00,00,0000,0000,00,00,0000,0000,00,00,0000,0000,00,00,0000,0000,00,00,0000,0000,00,00,0000,0000,00,00,0000,0000,00,00,0000,0000,00,00,0000,0000,00
1908,00,0000,0000,00,00,0000,0000,00,00,0000,0000,00,00,0000,0000,00,00,0000,0000,00,00,0000,0000,00,00,0000,0000,00,00,0000,0000,00,00,0000,0000,00,00,0000,0000,00
1909,00,0000,0000,00,00,0000,0000,00,00,0000,0000,00,00,0000,0000,00,00,0000,0000,00,00,0000,0000,00,00,0000,0000,00,00,0000,0000,00,00,0000,0000,00,00,0000,0000,00
1910,00,0000,0000,00,00,0000,0000,00,00,0000,0000,00,00,0000,0000,00,00,0000,0000,00,00,0000,0000,00,00,0000,0000,00,00,0000,0000,00,00,0000,0000,00,00,0000,0000,00
1911,00,0000,0000,00,00,0000,0000,00,00,0000,0000,00,00,0000,0000,00,00,0000,0000,00,00,0000,0000,00,00,0000,0000,00,00,0000,0000,00,00,0000,0000,00,00,0000,0000,00
1912,00,0000,0000,00,00,0000,0000,00,00,0000,0000,00,00,0000,0000,00,00,0000,0000,00,00,0000,0000,00,00,0000,0000,00,00,0000,0000,00,00,0000,0000,00,00,0000,0000,00
1913,00,0000,0000,00,00,0000,0000,00,00,0000,0000,00,00,0000,0000,00,00,0000,0000,00,00,0000,0000,00,00,0000,0000,00,00,0000,0000,00,00,0000,0000,00,00,0000,0000,00
1914,00,0000,0000,00,00,0000,0000,00,00,0000,0000,00,00,0000,0000,00,00,0000,0000,00,00,0000,0000,00,00,0000,0000,00,00,0000,0000,00,00,0000,0000,00,00,0000,0000,00
1915,00,0000,0000,00,00,0000,0000,00,00,0000,0000,00,00,0000,0000,00,00,0000,0000,00,00,0000,0000,00,00,0000,0000,00,00,0000,0000,00,00,0000,0000,00,00,0000,0000,00
1916,00,0000,0000,00,00,0000,0000,00,00,0000,0000,00,00,0000,0000,00,00,0000,0000,00,00,0000,0000,00,00,0000,0000,00,00,0000,0000,00,00,0000,0000,00,00,0000,0000,00
1917,00,0000,0000,00,00,0000,0000,00,00,0000,0000,00,00,0000,0000,00,00,0000,0000,00,00,0000,0000,00,00,0000,0000,00,00,0000,0000,00,00,0000,0000,00,00,0000,0000,00
1918,00,0000,0000,00,00,0000,0000,00,00,0000,0000,00,00,0000,0000,00,00,0000,0000,00,00,0000,0000,00,00,0000,0000,00,00,0000,0000,00,00,0000,0000,00,00,0000,0000,00
1919,00,0000,0000,00,00,0000,0000,00,00,0000,0000,00,00,0000,0000,00,00,0000,0000,00,00,0000,0000,00,00,0000,0000,00,00,0000,0000,00,00,0000,0000,00,00,0000,0000,00
1920,00,0000,0000,00,00,0000,0000,00,00,0000,0000,00,00,0000,0000,00,00,0000,0000,00,00,0000,0000,00,00,0000,0000,00,00,0000,0000,00,00,0000,0000,00,00,0000,0000,00
1921,00,0000,0000,00,00,0000,0000,00,00,0000,0000,00,00,0000,0000,00,00,0000,0000,00,00,0000,0000,00,00,0000,0000,00,00,0000,0000,00,00,0000,0000,00,00,0000,0000,00
1922,00,0000,0000,00,00,0000,0000,00,00,0000,0000,00,00,0000,0000,00,00,0000,0000,00,00,0000,0000,00,00,0000,0000,00,00,0000,0000,00,00,0000,0000,00,00,0000,0000,00
1923,00,0000,0000,00,00,0000,0000,00,00,0000,0000,00,00,0000,0000,00,00,0000,0000,00,00,0000,0000,00,00,0000,0000,00,00,0000,0000,00,00,0000,0000,00,00,0000,0000,00
1924,00,0000,0000,00,00,0000,0000,00,00,0000,0000,00,00,0000,0000,00,00,0000,0000,00,00,0000,0000,00,00,0000,0000,00,00,0000,0000,00,00,0000,0000,00,00,0000,0000,00
1925,00,0000,0000,00,00,0000,0000,00,00,0000,0000,00,00,0000,0000,00,00,0000,0000,00,00,0000,0000,00,00,0000,0000,00,00,0000,0000,00,00,0000,0000,00,00,0000,0000,00
1926,00,0000,0000,00,00,0000,0000,00,00,0000,0000,00,00,0000,0000,00,00,0000,0000,00,00,0000,0000,00,00,0000,0000,00,00,0000,0000,00,00,0000,0000,00,00,0000,0000,00
1927,00,0000,0000,00,00,0000,0000,00,00,0000,0000,00,00,0000,0000,00,00,0000,0000,00,00,0000,0000,00,00,0000,0000,00,00,0000,0000,00,00,0000,0000,00,00,0000,0000,00
1928,00,0000,0000,00,00,0000,0000,00,00,0000,0000,00,00,0000,0000,00,00,0000,0000,00,00,0000,0000,00,00,0000,0000,00,00,0000,0000,00,00,0000,0000,00,00,0000,0000,00
1929,00,0000,0000,00,00,0000,0000,00,00,0000,0000,00,00,0000,0000,00,00,0000,0000,00,00,0000,0000,00,00,0000,0000,00,00,0000,0000,00,00,0000,0000,00,00,0000,0000,00
1930,00,0000,0000,00,00,0000,0000,00,00,0000,0000,00,00,0000,0000,00,00,0000,0000,00,00,0000,0000,00,00,0000,0000,00,00,0000,0000,00,00,0000,0000,00,00,0000,0000,00
1931,00,0000,0000,00,00,0000,0000,00,00,0000,0000,00,00,0000,0000,00,00,0000,0000,00,00,0000,0000,00,00,0000,0000,00,00,0000,0000,00,00,0000,0000,00,00,0000,0000,00
1932,00,0000,0000,00,00,0000,0000,00,00,0000,0000,00,00,0000,0000,00,00,0000,0000,00,00,0000,0000,00,00,0000,0000,00,00,0000,0000,00,00,0000,0000,00,00,0000,0000,00
1933,00,0000,0000,00,00,0000,0000,00,00,0000,0000,00,00,0000,0000,00,00,0000,0000,00,00,0000,0000,00,00,0000,0000,00,00,0000,0000,00,00,0000,0000,00,00,0000,0000,00
1934,00,0000,0000,00,00,0000,0000,00,00,0000,0000,00,00,0000,0000,00,00,0000,0000,00,00,0000,0000,00,00,0000,0000,00,00,0000,0000,00,00,0000,0000,00,00,0000,0000,00
1935,00,0000,0000,00,00,0000,0000,00,00,0000,0000,00,00,0000,0000,00,00,0000,0000,00,00,0000,0000,00,00,0000,0000,00,00,0000,0000,00,00,0000,0000,00,00,0000,0000,00
1936,00,0000,0000,00,00,0000,0000,00,00,0000,0000,00,00,0000,0000,00,00,0000,0000,00,00,0000,0000,00,00,0000,0000,00,00,0000,0000,00,00,0000,0000,00,00,0000,0000,00
1937,00,0000,0000,00,00,0000,0000,00,00,0000,0000,00,00,0000,0000,00,00,0000,0000,00,00,0000,0000,00,00,0000,0000,00,00,0000,0000,00,00,0000,0000,00,00,0000,0000,00
1938,00,0000,0000,00,00,0000,0000,00,00,0000,0000,00,00,0000,0000,00,00,0000,0000,00,00,0000,0000,00,00,0000,0000,00,00,0000,0000,00,00,0000,0000,00,00,0000,0000,00
1939,00,0000,0000,00,00,0000,0000,00,00,0000,0000,00,00,0000,0000,00,00,0000,0000,00,00,0000,0000,00,00,0000,0000,00,00,0000,0000,00,00,0000,0000,00,00,0000,0000,00
1940,01,0000,4000,00,00,0000,0000,00,00,0000,0000,00,00,0000,0000,00,00,0000,0000,00,00,0000,0000,00,00,0000,0000,00,00,0000,0000,00,00,0000,0000,00,00,0000,0000,00
1941,01,0000,3e80,00,00,0000,0000,00,00,0000,0000,00,00,0000,0000,00,00,0000,0000,00,00,0000,0000,00,00,0000,0000,00,00,0000,0000,00,00,0000,0000,00,00,0000,0000,00
1942,01,0000,3d00,00,00,0000,0000,00,00,0000,0000,00,00,0000,0000,00,00,0000,0000,00,00,0000,0000,00,00,0000,0000,00,00,0000,0000,00,00,0000,0000,00,00,0000,0000,00
1943,01,0000,3b80,00,00,0000,0000,00,00,0000,0000,00,00,0000,0000,00,00,0000,0000,00,00,0000,0000,00,00,0000,0000,00,00,0000,0000,00,00,0000,0000,00,00,0000,0000,00
1944,01,0000,3a00,00,00,0000,0000,00,00,0000,0000,00,00,0000,0000,00,00,0000,0000,00,00,0000,0000,00,00,0000,0000,00,00,0000,0000,00,00,0000,0000,00,00,0000,0000,00
1945,01,0000,3880,00,00,0000,0000,00,00,0000,0000,00,00,0000,0000,00,00,0000,0000,00,00,0000,0000,00,00,0000,0000,00,00,0000,0000,00,00,0000,0000,00,00,0000,0000,00
1946,01,0000,3700,00,00,0000,0000,00,00,0000,0000,00,00,0000,0000,00,00,0000,0000,00,00,0000,0000,00,00,0000,0000,00,00,0000,0000,00,00,0000,0000,00,00,0000,0000,00
1947,01,0000,3580,00,00,0000,0000,00,00,0000,0000,00,00,0000,0000,00,00,0000,0000,00,00,0000,0000,00,00,0000,0000,00,00,0000,0000,00,00,0000,0000,00,00,0000,0000,00
1948,01,0000,3400,00,00,0000,0000,00,00,0000,0000,00,00,0000,0000,00,00,0000,0000,00,00,0000,0000,00,00,0000,0000,00,00,0000,0000,00,00,0000,0000,00,00,0000,0000,00
1949,01,0000,3280,00,00,0000,0000,00,00,0000,0000,00,00,0000,0000,00,00,0000,0000,00,00,0000,0000,00,01,fd80,0000,01,00,0000,0000,00,00,0000,0000,00,00,0000,0000,00
1950,01,0000,3100,00,00,0000,0000,00,00,0000,0000,00,00,0000,0000,00,00,0000,0000,00,00,0000,0000,00,01,fb80,0000,01,00,0000,0000,00,00,0000,0000,00,00,0000,0000,00
1951,01,0000,2f80,00,00,0000,0000,00,00,0000,0000,00,00,0000,0000,00,00,0000,0000,00,00,0000,0000,00,01,f980,0000,01,00,0000,0000,00,00,0000,0000,00,00,0000,0000,00
1952,01,0000,2e00,00,00,0000,0000,00,00,0000,0000,00,00,0000,0000,00,00,0000,0000,00,00,0000,0000,00,01,f780,0000,01,00,0000,0000,00,00,0000,0000,00,00,0000,0000,00
1953,01,0000,2c80,00,00,0000,0000,00,00,0000,0000,00,00,0000,0000,00,00,0000,0000,00,00,0000,0000,00,01,f580,0000,01,00,0000,0000,00,00,0000,0000,00,00,0000,0000,00
1954,01,0000,2b00,00,00,0000,0000,00,00,0000,0000,00,00,0000,0000,00,00,0000,0000,00,00,0000,0000,00,01,f380,0000,01,00,0000,0000,00,00,0000,0000,00,00,0000,0000,00
1955,01,0000,2980,00,00,0000,0000,00,00,0000,0000,00,00,0000,0000,00,00,0000,0000,00,00,0000,0000,00,01,f180,0000,01,00,0000,0000,00,00,0000,0000,00,00,0000,0000,00
1956,01,0000,2800,00,00,0000,0000,00,00,0000,0000,00,00,0000,0000,00,00,0000,0000,00,00,0000,0000,00,01,ef80,0000,01,00,0000,0000,00,00,0000,0000,00,00,0000,0000,00
1957,01,0000,2680,00,00,0000,0000,00,00,0000,0000,00,00,0000,0000,00,00,0000,0000,00,00,0000,0000,00,01,ed80,0000,01,00,0000,0000,00,00,0000,0000,00,00,0000,0000,00
1958,01,0000,2500,00,00,0000,0000,00,00,0000,0000,00,00,0000,0000,00,00,0000,0000,00,00,0000,0000,00,01,eb80,0000,01,00,0000,0000,00,00,0000,0000,00,00,0000,0000,00
1959,01,0000,2380,00,00,0000,0000,00,00,0000,0000,00,00,0000,0000,00,00,0000,0000,00,00,0000,0000,00,01,e980,0000,01,00,0000,0000,00,00,0000,0000,00,00,0000,0000,00
1960,01,0000,2200,00,00,0000,0000,00,00,0000,0000,00,00,0000,0000,00,00,0000,0000,00,00,0000,0000,00,01,e780,0000,01,00,0000,0000,00,00,0000,0000,00,00,0000,0000,00
1961,01,0000,2080,00,00,0000,0000,00,00,0000,0000,00,00,0000,0000,00,00,0000,0000,00,00,0000,0000,00,01,e580,0000,01,00,0000,0000,00,00,0000,0000,00,00,0000,0000,00
1962,01,0000,1f00,00,00,0000,0000,00,00,0000,0000,00,00,0000,0000,00,00,0000,0000,00,00,0000,0000,00,01,e380,0000,01,00,0000,0000,00,00,0000,0000,00,00,0000,0000,00
1963,01,0000,1d80,00,00,0000,0000,00,00,0000,0000,00,00,0000,0000,00,00,0000,0000,00,00,0000,0000,00,01,e180,0000,01,01,fd80,0000,03,00,0000,0000,00,00,0000,0000,00
1964,01,0000,1c00,00,00,0000,0000,00,00,0000,0000,00,00,0000,0000,00,00,0000,0000,00,00,0000,0000,00,01,df80,0000,01,01,fb80,0000,02,00,0000,0000,00,00,0000,0000,00
1965,01,0000,1a80,00,00,0000,0000,00,00,0000,0000,00,00,0000,0000,00,00,0000,0000,00,00,0000,0000,00,01,dd80,0000,01,01,f980,0000,01,00,0000,0000,00,00,0000,0000,00
1966,01,0000,1900,00,00,0000,0000,00,00,0000,0000,00,00,0000,0000,00,00,0000,0000,00,00,0000,0000,00,01,db80,0000,01,01,f780,0000,03,00,0000,0000,00,00,0000,0000,00
1967,01,0000,1780,00,00,0000,0000,00,00,0000,0000,00,00,0000,0000,00,00,0000,0000,00,00,0000,0000,00,01,d980,0000,01,01,f580,0000,02,00,0000,0000,00,00,0000,0000,00
1968,01,0000,1600,00,00,0000,0000,00,00,0000,0000,00,00,0000,0000,00,00,0000,0000,00,00,0000,0000,00,01,d780,0000,01,01,f380,0000,01,00,0000,0000,00,00,0000,0000,00
1969,01,0000,1480,00,00,0000,0000,00,00,0000,0000,00,00,0000,0000,00,00,0000,0000,00,00,0000,0000,00,01,d580,0000,01,01,f180,0000,03,00,0000,0000,00,00,0000,0000,00
1970,01,0000,1300,00,00,0000,0000,00,00,0000,0000,00,00,0000,0000,00,00,0000,0000,00,00,0000,0000,00,01,d380,0000,01,01,ef80,0000,02,00,0000,0000,00,00,0000,0000,00
1971,01,0000,1180,00,00,0000,0000,00,00,0000,0000,00,00,0000,0000,00,00,0000,0000,00,00,0000,0000,00,01,d180,0000,01,01,ed80,0000,01,00,0000,0000,00,00,0000,0000,00
1972,01,0000,1000,00,00,0000,0000,00,00,0000,0000,00,00,0000,0000,00,00,0000,0000,00,00,0000,0000,00,01,cf80,0000,01,01,eb80,0000,03,00,0000,0000,00,00,0000,0000,00
1973,01,0000,0e80,00,00,0000,0000,00,00,0000,0000,00,00,0000,0000,00,00,0000,0000,00,00,0000,0000,00,01,cd80,0000,01,01,e980,0000,02,00,0000,0000,00,00,0000,0000,00
1974,01,0000,0d00,00,00,0000,0000,00,00,0000,0000,00,00,0000,0000,00,00,0000,0000,00,00,0000,0000,00,01,cb80,0000,01,01,e780,0000,01,00,0000,0000,00,00,0000,0000,00
1975,01,0000,0b80,00,00,0000,0000,00,00,0000,0000,00,00,0000,0000,00,00,0000,0000,00,00,0000,0000,00,01,c980,0000,01,01,e580,0000,03,00,0000,0000,00,00,0000,0000,00
1976,01,0000,0a00,00,00,0000,0000,00,00,0000,0000,00,00,0000,0000,00,00,0000,0000,00,00,0000,0000,00,01,c780,0000,01,01,e380,0000,02,00,0000,0000,00,00,0000,0000,00
1977,01,0000,0880,00,00,0000,0000,00,00,0000,0000,00,00,0000,0000,00,00,0000,0000,00,00,0000,0000,00,01,c580,0000,01,01,e180,0000,01,00,0000,0000,00,00,0000,0000,00
1978,01,0000,0700,00,00,0000,0000,00,00,0000,0000,00,00,0000,0000,00,00,0000,0000,00,00,0000,0000,00,01,c380,0000,01,01,df80,0000,03,00,0000,0000,00,00,0000,0000,00
1979,01,0000,0580,00,00,0000,0000,00,00,0000,0000,00,00,0000,0000,00,00,0000,0000,00,00,0000,0000,00,01,c180,0000,01,01,dd80,0000,02,00,0000,0000,00,00,0000,0000,00
1980,01,0000,0400,00,00,0000,0000,00,00,0000,0000,00,00,0000,0000,00,00,0000,0000,00,00,0000,0000,00,01,bf80,0000,01,01,db80,0000,01,00,0000,0000,00,00,0000,0000,00
1981,01,0000,0280,00,00,0000,0000,00,00,0000,0000,00,00,0000,0000,00,00,0000,0000,00,00,0000,0000,00,01,bd80,0000,01,01,d980,0000,03,00,0000,0000,00,00,0000,0000,00
1982,01,0000,0100,00,00,0000,0000,00,00,0000,0000,00,00,0000,0000,00,00,0000,0000,00,00,0000,0000,00,01,bb80,0000,01,01,d780,0000,02,00,0000,0000,00,00,0000,0000,00
1983,02,0000,0100,01,01,0000,e080,00,00,0000,0000,00,00,0000,0000,00,00,0000,0000,00,00,0000,0000,00,01,b980,0000,01,01,d580,0000,01,00,0000,0000,00,00,0000,0000,00
1984,02,fe80,0100,05,01,0000,df00,00,00,0000,0000,00,00,0000,0000,00,00,0000,0000,00,00,0000,0000,00,01,b780,0000,01,01,d380,0000,03,00,0000,0000,00,00,0000,0000,00
1985,02,fd00,0100,04,01,0000,dd80,00,00,0000,0000,00,00,0000,0000,00,00,0000,0000,00,00,0000,0000,00,01,b580,0000,01,01,d180,0000,02,00,0000,0000,00,00,0000,0000,00
1986,02,fb80,0100,03,01,0000,dc00,00,00,0000,0000,00,00,0000,0000,00,00,0000,0000,00,00,0000,0000,00,01,b380,0000,01,01,cf80,0000,01,00,0000,0000,00,00,0000,0000,00
1987,02,fa00,0100,02,01,0000,da80,00,00,0000,0000,00,00,0000,0000,00,00,0000,0000,00,00,0000,0000,00,01,b180,0000,01,01,cd80,0000,03,00,0000,0000,00,00,0000,0000,00
1988,02,f880,0100,01,01,0000,d900,00,00,0000,0000,00,00,0000,0000,00,00,0000,0000,00,00,0000,0000,00,01,af80,0000,01,01,cb80,0000,02,00,0000,0000,00,00,0000,0000,00
1989,02,f700,0100,05,01,0000,d780,00,00,0000,0000,00,00,0000,0000,00,00,0000,0000,00,00,0000,0000,00,01,ad80,0000,01,01,c980,0000,01,00,0000,0000,00,00,0000,0000,00
1990,02,f580,0100,04,01,0000,d600,00,00,0000,0000,00,00,0000,0000,00,00,0000,0000,00,00,0000,0000,00,01,ab80,0000,01,01,c780,0000,03,00,0000,0000,00,00,0000,0000,00
1991,02,f400,0100,03,01,0000,d480,00,00,0000,0000,00,00,0000,0000,00,00,0000,0000,00,00,0000,0000,00,01,a980,0000,01,01,c580,0000,02,00,0000,0000,00,00,0000,0000,00
1992,02,f280,0100,02,01,0000,d300,00,00,0000,0000,00,00,0000,0000,00,00,0000,0000,00,00,0000,0000,00,01,a780,0000,01,01,c380,0000,01,00,0000,0000,00,00,0000,0000,00
1993,02,f100,0100,01,01,0000,d180,00,00,0000,0000,00,00,0000,0000,00,00,0000,0000,00,00,0000,0000,00,01,a580,0000,01,01,c180,0000,03,00,0000,0000,00,00,0000,0000,00
1994,02,ef80,0100,05,01,0000,d000,00,00,0000,0000,00,00,0000,0000,00,00,0000,0000,00,00,0000,0000,00,01,a380,0000,01,01,bf80,0000,02,00,0000,0000,00,00,0000,0000,00
1995,02,ee00,0100,04,01,0000,ce80,00,00,0000,0000,00,00,0000,0000,00,00,0000,0000,00,00,0000,0000,00,01,a180,0000,01,01,bd80,0000,01,00,0000,0000,00,00,0000,0000,00
1996,02,ec80,0100,03,01,0000,cd00,00,00,0000,0000,00,00,0000,0000,00,00,0000,0000,00,00,0000,0000,00,01,9f80,0000,01,01,bb80,0000,03,00,0000,0000,00,00,0000,0000,00
1997,02,eb00,0100,02,01,0000,cb80,00,00,0000,0000,00,00,0000,0000,00,00,0000,0000,00,00,0000,0000,00,01,9d80,0000,01,01,b980,0000,02,00,0000,0000,00,00,0000,0000,00
1998,02,e980,0100,01,01,0000,ca00,00,00,0000,0000,00,00,0000,0000,00,00,0000,0000,00,00,0000,0000,00,01,9b80,0000,01,01,b780,0000,01,00,0000,0000,00,00,0000,0000,00
1999,02,e800,0100,05,01,0000,c880,00,00,0000,0000,00,00,0000,0000,00,00,0000,0000,00,00,0000,0000,00,01,9980,0000,01,01,b580,0000,03,00,0000,0000,00,00,0000,0000,00
2000,02,e680,0100,04,01,0000,c700,00,00,0000,0000,00,00,0000,0000,00,00,0000,0000,00,00,0000,0000,00,01,9780,0000,01,01,b380,0000,02,00,0000,0000,00,00,0000,0000,00
2001,02,e500,0100,03,01,0000,c580,00,00,0000,0000,00,00,0000,0000,00,00,0000,0000,00,00,0000,0000,00,01,9580,0000,01,01,b180,0000,01,00,0000,0000,00,00,0000,0000,00
2002,02,e380,0100,02,01,0000,c400,00,00,0000,0000,00,00,0000,0000,00,00,0000,0000,00,00,0000,0000,00,01,9380,0000,01,01,af80,0000,03,00,0000,0000,00,00,0000,0000,00
2003,02,e200,0100,01,01,0000,c280,00,00,0000,0000,00,00,0000,0000,00,00,0000,0000,00,00,0000,0000,00,01,9180,0000,01,01,ad80,0000,02,00,0000,0000,00,00,0000,0000,00
2004,02,e080,0100,05,01,0000,c100,00,00,0000,0000,00,00,0000,0000,00,00,0000,0000,00,00,0000,0000,00,01,8f80,0000,01,01,ab80,0000,01,00,0000,0000,00,00,0000,0000,00
2005,02,df00,0100,04,01,0000,bf80,00,00,0000,0000,00,00,0000,0000,00,00,0000,0000,00,00,0000,0000,00,01,8d80,0000,01,01,a980,0000,03,00,0000,0000,00,00,0000,0000,00
2006,02,dd80,0100,03,01,0000,be00,00,00,0000,0000,00,00,0000,0000,00,00,0000,0000,00,00,0000,0000,00,01,8b80,0000,01,01,a780,0000,02,00,0000,0000,00,00,0000,0000,00
2007,02,dc00,0100,02,01,0000,bc80,00,00,0000,0000,00,00,0000,0000,00,00,0000,0000,00,00,0000,0000,00,01,8980,0000,01,01,a580,0000,01,00,0000,0000,00,00,0000,0000,00
2008,02,da80,0100,01,01,0000,bb00,00,00,0000,0000,00,00,0000,0000,00,00,0000,0000,00,00,0000,0000,00,01,8780,0000,01,01,a380,0000,03,00,0000,0000,00,00,0000,0000,00
2009,02,d900,0100,05,01,0000,b980,00,00,0000,0000,00,00,0000,0000,00,00,0000,0000,00,00,0000,0000,00,01,8580,0000,01,01,a180,0000,02,00,0000,0000,00,00,0000,0000,00
2010,02,d780,0100,04,01,0000,b800,00,00,0000,0000,00,00,0000,0000,00,00,0000,0000,00,00,0000,0000,00,01,8380,0000,01,01,9f80,0000,01,00,0000,0000,00,00,0000,0000,00
2011,02,d600,0100,03,01,0000,b680,00,00,0000,0000,00,00,0000,0000,00,00,0000,0000,00,00,0000,0000,00,01,8180,0000,01,01,9d80,0000,03,00,0000,0000,00,00,0000,0000,00
2012,02,d480,0100,02,01,0000,b500,00,00,0000,0000,00,00,0000,0000,00,00,0000,0000,00,00,0000,0000,00,01,7f80,0000,01,01,9b80,0000,02,00,0000,0000,00,00,0000,0000,00
2013,02,d300,0100,01,01,0000,b380,00,00,0000,0000,00,00,0000,0000,00,00,0000,0000,00,00,0000,0000,00,01,7d80,0000,01,01,9980,0000,01,00,0000,0000,00,00,0000,0000,00
2014,02,d180,0100,05,01,0000,b200,00,00,0000,0000,00,00,0000,0000,00,00,0000,0000,00,00,0000,0000,00,01,7b80,0000,01,01,9780,0000,03,00,0000,0000,00,00,0000,0000,00
2015,02,d000,0100,04,01,0000,b080,00,00,0000,0000,00,00,0000,0000,00,00,0000,0000,00,00,0000,0000,00,01,7980,0000,01,01,9580,0000,02,00,0000,0000,00,00,0000,0000,00
2016,02,ce80,0100,03,01,0000,af00,00,00,0000,0000,00,00,0000,0000,00,00,0000,0000,00,00,0000,0000,00,01,7780,0000,01,01,9380,0000,01,00,0000,0000,00,00,0000,0000,00
2017,02,cd00,0100,02,01,0000,ad80,00,00,0000,0000,00,00,0000,0000,00,00,0000,0000,00,00,0000,0000,00,01,7580,0000,01,01,9180,0000,03,00,0000,0000,00,00,0000,0000,00
2018,02,cb80,0100,01,01,0000,ac00,00,00,0000,0000,00,00,0000,0000,00,00,0000,0000,00,00,0000,0000,00,01,7380,0000,01,01,8f80,0000,02,00,0000,0000,00,00,0000,0000,00
2019,02,ca00,0100,05,01,0000,aa80,00,00,0000,0000,00,00,0000,0000,00,00,0000,0000,00,00,0000,0000,00,01,7180,0000,01,01,8d80,0000,01,00,0000,0000,00,00,0000,0000,00
2020,02,c880,0100,04,01,0000,a900,00,00,0000,0000,00,00,0000,0000,00,00,0000,0000,00,00,0000,0000,00,01,6f80,0000,01,01,8b80,0000,03,00,0000,0000,00,00,0000,0000,00
2021,02,c700,0100,03,01,0000,a780,00,00,0000,0000,00,00,0000,0000,00,00,0000,0000,00,00,0000,0000,00,01,6d80,0000,01,01,8980,0000,02,00,0000,0000,00,00,0000,0000,00
2022,02,c580,0100,02,01,0000,a600,00,00,0000,0000,00,00,0000,0000,00,00,0000,0000,00,00,0000,0000,00,01,6b80,0000,01,01,8780,0000,01,00,0000,0000,00,00,0000,0000,00
2023,02,c400,0100,01,01,0000,a480,00,00,0000,0000,00,00,0000,0000,00,00,0000,0000,00,00,0000,0000,00,01,6980,0000,01,01,8580,0000,03,00,0000,0000,00,00,0000,0000,00
2024,02,c280,0100,05,01,0000,a300,00,00,0000,0000,00,00,0000,0000,00,00,0000,0000,00,00,0000,0000,00,01,6780,0000,01,01,8380,0000,02,00,0000,0000,00,00,0000,0000,00
2025,02,c100,0100,04,01,0000,a180,00,00,0000,0000,00,00,0000,0000,00,00,0000,0000,00,00,0000,0000,00,01,6580,0000,01,01,8180,0000,01,00,0000,0000,00,00,0000,0000,00
2026,02,bf80,0100,03,01,0000,a000,00,00,0000,0000,00,00,0000,0000,00,00,0000,0000,00,00,0000,0000,00,01,6380,0000,01,01,7f80,0000,03,00,0000,0000,00,00,0000,0000,00
2027,02,be00,0100,02,01,0000,9e80,00,00,0000,0000,00,00,0000,0000,00,00,0000,0000,00,00,0000,0000,00,01,6180,0000,01,01,7d80,0000,02,00,0000,0000,00,00,0000,0000,00
2028,02,bc80,0100,01,01,0000,9d00,00,00,0000,0000,00,00,0000,0000,00,00,0000,0000,00,00,0000,0000,00,01,5f80,0000,01,01,7b80,0000,01,00,0000,0000,00,00,0000,0000,00
2029,02,bb00,0100,05,01,0000,9b80,00,00,0000,0000,00,00,0000,0000,00,00,0000,0000,00,00,0000,0000,00,01,5d80,0000,01,01,7980,0000,03,00,0000,0000,00,00,0000,0000,00
2030,02,b980,0100,04,01,0000,9a00,00,00,0000,0000,00,00,0000,0000,00,00,0000,0000,00,00,0000,0000,00,01,5b80,0000,01,01,7780,0000,02,00,0000,0000,00,00,0000,0000,00
2031,02,b800,0100,03,01,0000,9880,00,00,0000,0000,00,00,0000,0000,00,00,0000,0000,00,00,0000,0000,00,01,5980,0000,01,01,7580,0000,01,00,0000,0000,00,00,0000,0000,00
2032,02,b680,0100,02,01,0000,9700,00,00,0000,0000,00,00,0000,0000,00,00,0000,0000,00,00,0000,0000,00,01,5780,0000,01,01,7380,0000,03,00,0000,0000,00,00,0000,0000,00
2033,02,b500,0100,01,01,0000,9580,00,00,0000,0000,00,00,0000,0000,00,00,0000,0000,00,00,0000,0000,00,01,5580,0000,01,01,7180,0000,02,00,0000,0000,00,00,0000,0000,00
2034,02,b380,0100,05,01,0000,9400,00,00,0000,0000,00,00,0000,0000,00,00,0000,0000,00,00,0000,0000,00,01,5380,0000,01,01,6f80,0000,01,00,0000,0000,00,00,0000,0000,00
2035,02,b200,0100,04,01,0000,9280,00,00,0000,0000,00,00,0000,0000,00,00,0000,0000,00,00,0000,0000,00,01,5180,0000,01,01,6d80,0000,03,00,0000,0000,00,00,0000,0000,00
2036,02,b080,0100,03,01,0000,9100,00,00,0000,0000,00,00,0000,0000,00,00,0000,0000,00,00,0000,0000,00,01,4f80,0000,01,01,6b80,0000,02,00,0000,0000,00,00,0000,0000,00
2037,02,af00,0100,02,01,0000,8f80,00,00,0000,0000,00,00,0000,0000,00,00,0000,0000,00,00,0000,0000,00,01,4d80,0000,01,01,6980,0000,01,00,0000,0000,00,00,0000,0000,00
2038,02,ad80,0100,01,01,0000,8e00,00,00,0000,0000,00,00,0000,0000,00,00,0000,0000,00,00,0000,0000,00,01,4b80,0000,01,01,6780,0000,03,00,0000,0000,00,00,0000,0000,00
2039,02,ac00,0100,05,01,0000,8c80,00,00,0000,0000,00,00,0000,0000,00,00,0000,0000,00,00,0000,0000,00,01,4980,0000,01,01,6580,0000,02,00,0000,0000,00,00,0000,0000,00
2040,02,aa80,0100,04,01,0000,8b00,00,00,0000,0000,00,00,0000,0000,00,00,0000,0000,00,00,0000,0000,00,01,4780,0000,01,01,6380,0000,01,00,0000,0000,00,00,0000,0000,00
2041,02,a900,0100,03,01,0000,8980,00,00,0000,0000,00,00,0000,0000,00,00,0000,0000,00,00,0000,0000,00,01,4580,0000,01,01,6180,0000,03,00,0000,0000,00,00,0000,0000,00
2042,02,a780,0100,02,01,0000,8800,00,00,0000,0000,00,00,0000,0000,00,00,0000,0000,00,00,0000,0000,00,01,4380,0000,01,01,5f80,0000,02,00,0000,0000,00,00,0000,0000,00
2043,02,a600,0100,01,01,0000,8680,00,00,0000,0000,00,00,0000,0000,00,00,0000,0000,00,00,0000,0000,00,01,4180,0000,01,01,5d80,0000,01,00,0000,0000,00,00,0000,0000,00
2044,02,a480,0100,05,01,0000,8500,00,00,0000,0000,00,00,0000,0000,00,00,0000,0000,00,00,0000,0000,00,01,3f80,0000,01,01,5b80,0000,03,00,0000,0000,00,00,0000,0000,00
2045,02,a300,0100,04,01,0000,8380,00,00,0000,0000,00,00,0000,0000,00,00,0000,0000,00,00,0000,0000,00,01,3d80,0000,01,01,5980,0000,02,00,0000,0000,00,00,0000,0000,00
2046,02,a180,0100,03,01,0000,8200,00,00,0000,0000,00,00,0000,0000,00,00,0000,0000,00,00,0000,0000,00,01,3b80,0000,01,01,5780,0000,01,00,0000,0000,00,00,0000,0000,00
2047,02,a000,0100,02,01,0000,8080,00,00,0000,0000,00,00,0000,0000,00,00,0000,0000,00,00,0000,0000,00,01,3980,0000,01,01,5580,0000,03,00,0000,0000,00,00,0000,0000,00
2048,02,9e80,0100,01,01,0000,7f00,00,00,0000,0000,00,00,0000,0000,00,00,0000,0000,00,00,0000,0000,00,01,3780,0000,01,01,5380,0000,02,00,0000,0000,00,00,0000,0000,00
2049,02,9d00,0100,05,01,0000,7d80,00,00,0000,0000,00,00,0000,0000,00,00,0000,0000,00,00,0000,0000,00,01,3580,0000,01,01,5180,0000,01,00,0000,0000,00,00,0000,0000,00
2050,02,9b80,0100,04,01,0000,7c00,00,00,0000,0000,00,00,0000,0000,00,00,0000,0000,00,00,0000,0000,00,01,3380,0000,01,01,4f80,0000,03,00,0000,0000,00,00,0000,0000,00
2051,02,9a00,0100,03,01,0000,7a80,00,00,0000,0000,00,00,0000,0000,00,00,0000,0000,00,00,0000,0000,00,01,3180,0000,01,01,4d80,0000,02,00,0000,0000,00,00,0000,0000,00
2052,02,9880,0100,02,01,0000,7900,00,00,0000,0000,00,00,0000,0000,00,00,0000,0000,00,00,0000,0000,00,01,2f80,0000,01,01,4b80,0000,01,00,0000,0000,00,00,0000,0000,00
2053,02,9700,0100,01,01,0000,7780,00,00,0000,0000,00,00,0000,0000,00,00,0000,0000,00,00,0000,0000,00,01,2d80,0000,01,01,4980,0000,03,00,0000,0000,00,00,0000,0000,00
2054,02,9580,0100,05,01,0000,7600,00,00,0000,0000,00,00,0000,0000,00,00,0000,0000,00,00,0000,0000,00,01,2b80,0000,01,01,4780,0000,02,00,0000,0000,00,00,0000,0000,00
2055,02,9400,0100,04,01,0000,7480,00,00,0000,0000,00,00,0000,0000,00,00,0000,0000,00,00,0000,0000,00,01,2980,0000,01,01,4580,0000,01,00,0000,0000,00,00,0000,0000,00
2056,02,9280,0100,03,01,0000,7300,00,00,0000,0000,00,00,0000,0000,00,00,0000,0000,00,00,0000,0000,00,01,2780,0000,01,01,4380,0000,03,00,0000,0000,00,00,0000,0000,00
2057,02,9100,0100,02,01,0000,7180,00,00,0000,0000,00,00,0000,0000,00,00,0000,0000,00,00,0000,0000,00,01,2580,0000,01,01,4180,0000,02,00,0000,0000,00,00,0000,0000,00
2058,02,9100,0100,02,01,0000,7180,00,00,0000,0000,00,00,b000,0000,00,00,a000,0000,00,00,0000,0000,00,01,2580,0000,01,01,4180,0000,02,00,0000,0000,00,00,0000,0000,00
2059,02,9100,0100,02,01,0000,7180,00,00,0000,0000,00,00,b000,0000,00,00,a000,0000,00,00,0000,0000,00,01,2580,0000,01,01,4180,0000,02,00,0000,0000,00,00,0000,0000,00
2060,02,9100,0100,02,01,0000,7180,00,00,0000,0000,00,00,b000,0000,00,00,a000,0000,00,00,0000,0000,00,01,2580,0000,01,01,4180,0000,02,00,0000,0000,00,00,0000,0000,00
2061,02,9100,0100,02,01,0000,7180,00,00,0000,0000,00,00,b000,0000,00,00,a000,0000,00,00,0000,0000,00,01,2580,0000,01,01,4180,0000,02,00,0000,0000,00,00,0000,0000,00
2062,02,9100,0100,02,01,0000,7180,00,00,0000,0000,00,00,b000,0000,00,00,a000,0000,00,00,0000,0000,00,01,2580,0000,01,01,4180,0000,02,00,0000,0000,00,00,0000,0000,00
2063,02,9100,0100,02,01,0000,7180,00,00,0000,0000,00,00,b000,0000,00,00,a000,0000,00,00,0000,0000,00,01,2580,0000,01,01,4180,0000,02,00,0000,0000,00,00,0000,0000,00
2064,02,9100,0100,02,01,0000,7180,00,00,0000,0000,00,00,b000,0000,00,00,a000,0000,00,00,0000,0000,00,01,2580,0000,01,01,4180,0000,02,00,0000,0000,00,00,0000,0000,00
2065,02,9100,0100,02,01,0000,7180,00,00,0000,0000,00,00,b000,0000,00,00,a000,0000,00,00,0000,0000,00,01,2580,0000,01,01,4180,0000,02,00,0000,0000,00,00,0000,0000,00
2066,02,9100,0100,02,01,0000,7180,00,00,0000,0000,00,00,b000,0000,00,00,a000,0000,00,00,0000,0000,00,01,2580,0000,01,01,4180,0000,02,00,0000,0000,00,00,0000,0000,00
2067,02,9100,0100,02,01,0000,7180,00,00,0000,0000,00,00,b000,0000,00,00,a000,0000,00,00,0000,0000,00,01,2580,0000,01,01,4180,0000,02,00,0000,0000,00,00,0000,0000,00
2068,02,9100,0100,02,01,0000,7180,00,00,0000,0000,00,00,b000,0000,00,00,a000,0000,00,00,0000,0000,00,01,2580,0000,01,01,4180,0000,02,00,0000,0000,00,00,0000,0000,00
2069,02,9100,0100,02,01,0000,7180,00,00,0000,0000,00,00,b000,0000,00,00,a000,0000,00,00,0000,0000,00,01,2580,0000,01,01,4180,0000,02,00,0000,0000,00,00,0000,0000,00
2070,02,9100,0100,02,01,0000,7180,00,00,0000,0000,00,00,b000,0000,00,00,a000,0000,00,00,0000,0000,00,01,2580,0000,01,01,4180,0000,02,00,0000,0000,00,00,0000,0000,00
2071,02,9100,0100,02,01,0000,7180,00,00,0000,0000,00,00,b000,0000,00,00,a000,0000,00,00,0000,0000,00,01,2580,0000,01,01,4180,0000,02,00,0000,0000,00,00,0000,0000,00
2072,02,9100,0100,02,01,0000,7180,00,00,0000,0000,00,00,b000,0000,00,00,a000,0000,00,00,0000,0000,00,01,2580,0000,01,01,4180,0000,02,00,0000,0000,00,00,0000,0000,00
2073,02,9100,0100,02,01,0000,7180,00,00,0000,0000,00,00,b000,0000,00,00,a000,0000,00,00,0000,0000,00,01,2580,0000,01,01,4180,0000,02,00,0000,0000,00,00,0000,0000,00
2074,02,9100,0100,02,01,0000,7180,00,00,0000,0000,00,00,b000,0000,00,00,a000,0000,00,00,0000,0000,00,01,2580,0000,01,01,4180,0000,02,00,0000,0000,00,00,0000,0000,00
2075,02,9100,0100,02,01,0000,7180,00,00,0000,0000,00,00,b000,0000,00,00,a000,0000,00,00,0000,0000,00,01,2580,0000,01,01,4180,0000,02,00,0000,0000,00,00,0000,0000,00
2076,02,9100,0100,02,01,0000,7180,00,00,0000,0000,00,00,b000,0000,00,00,a000,0000,00,00,0000,0000,00,01,2580,0000,01,01,4180,0000,02,00,0000,0000,00,00,0000,0000,00
2077,02,9100,0100,02,01,0000,7180,00,00,0000,0000,00,00,b000,0000,00,00,a000,0000,00,00,0000,0000,00,01,2580,0000,01,01,4180,0000,02,00,0000,0000,00,00,0000,0000,00
2078,02,9100,0100,02,01,0000,7180,00,00,0000,0000,00,00,b000,0000,00,00,a000,0000,00,00,0000,0000,00,01,2580,0000,01,01,4180,0000,02,00,0000,0000,00,00,0000,0000,00
2079,02,9100,0100,02,01,0000,7180,00,00,0000,0000,00,00,b000,0000,00,00,a000,0000,00,00,0000,0000,00,01,2580,0000,01,01,4180,0000,02,00,0000,0000,00,00,0000,0000,00
2080,02,9100,0100,02,01,0000,7180,00,00,0000,0000,00,00,b000,0000,00,00,a000,0000,00,00,0000,0000,00,01,2580,0000,01,01,4180,0000,02,00,0000,0000,00,00,0000,0000,00
2081,02,9100,0100,02,01,0000,7180,00,00,0000,0000,00,00,b000,0000,00,00,a000,0000,00,00,0000,0000,00,01,2580,0000,01,01,4180,0000,02,00,0000,0000,00,00,0000,0000,00
2082,02,9100,0100,02,01,0000,7180,00,00,0000,0000,00,00,b000,0000,00,00,a000,0000,00,00,0000,0000,00,01,2580,0000,01,01,4180,0000,02,00,0000,0000,00,00,0000,0000,00
2083,02,9100,0100,02,01,0000,7180,00,00,0000,0000,00,00,b000,0000,00,00,a000,0000,00,00,0000,0000,00,01,2580,0000,01,01,4180,0000,02,00,0000,0000,00,00,0000,0000,00
2084,02,9100,0100,02,01,0000,7180,00,00,0000,0000,00,00,b000,0000,00,00,a000,0000,00,00,0000,0000,00,01,2580,0000,01,01,4180,0000,02,00,0000,0000,00,00,0000,0000,00
2085,02,9100,0100,02,01,0000,7180,00,00,0000,0000,00,00,b000,0000,00,00,a000,0000,00,00,0000,0000,00,01,2580,0000,01,01,4180,0000,02,00,0000,0000,00,00,0000,0000,00
2086,02,9100,0100,02,01,0000,7180,00,00,0000,0000,00,00,b000,0000,00,00,a000,0000,00,00,0000,0000,00,01,2580,0000,01,01,4180,0000,02,00,0000,0000,00,00,0000,0000,00
2087,02,9100,0100,02,01,0000,7180,00,00,0000,0000,00,00,b000,0000,00,00,a000,0000,00,00,0000,0000,00,01,2580,0000,01,01,4180,0000,02,00,0000,0000,00,00,0000,0000,00
2088,02,9100,0100,02,01,0000,7180,00,00,0000,0000,00,00,b000,0000,00,00,a000,0000,00,00,0000,0000,00,01,2580,0000,01,01,4180,0000,02,00,0000,0000,00,00,0000,0000,00
2089,02,9100,0100,02,01,0000,7180,00,00,0000,0000,00,00,b000,0000,00,00,a000,0000,00,00,0000,0000,00,01,2580,0000,01,01,4180,0000,02,00,0000,0000,00,00,0000,0000,00
2090,02,9100,0100,02,01,0000,7180,00,00,0000,0000,00,00,b000,0000,00,00,a000,0000,00,00,0000,0000,00,01,2580,0000,01,01,4180,0000,02,00,0000,0000,00,00,0000,0000,00
2091,02,9100,0100,02,01,0000,7180,00,00,0000,0000,00,00,b000,0000,00,00,a000,0000,00,00,0000,0000,00,01,2580,0000,01,01,4180,0000,02,00,0000,0000,00,00,0000,0000,00
2092,02,9100,0100,02,01,0000,7180,00,00,0000,0000,00,00,b000,0000,00,00,a000,0000,00,00,0000,0000,00,01,2580,0000,01,01,4180,0000,02,00,0000,0000,00,00,0000,0000,00
2093,02,9100,0100,02,01,0000,7180,00,00,0000,0000,00,00,b000,0000,00,00,a000,0000,00,00,0000,0000,00,01,2580,0000,01,01,4180,0000,02,00,0000,0000,00,00,0000,0000,00
2094,02,9100,0100,02,01,0000,7180,00,00,0000,0000,00,00,b000,0000,00,00,a000,0000,00,00,0000,0000,00,01,2580,0000,01,01,4180,0000,02,00,0000,0000,00,00,0000,0000,00
2095,02,9100,0100,02,01,0000,7180,00,00,0000,0000,00,00,b000,0000,00,00,a000,0000,00,00,0000,0000,00,01,2580,0000,01,01,4180,0000,02,00,0000,0000,00,00,0000,0000,00
2096,02,9100,0100,02,01,0000,7180,00,00,0000,0000,00,00,b000,0000,00,00,a000,0000,00,00,0000,0000,00,01,2580,0000,01,01,4180,0000,02,00,0000,0000,00,00,0000,0000,00
2097,02,9100,0100,02,01,0000,7180,00,00,0000,0000,00,00,b000,0000,00,00,a000,0000,00,00,0000,0000,00,01,2580,0000,01,01,4180,0000,02,00,0000,0000,00,00,0000,0000,00
2098,02,9100,0100,02,01,0000,7180,00,00,0000,0000,00,00,b000,0000,00,00,a000,0000,00,00,0000,0000,00,01,2580,0000,01,01,4180,0000,02,00,0000,0000,00,00,0000,0000,00
2099,02,9100,0100,02,01,0000,7180,00,00,0000,0000,00,00,b000,0000,00,00,a000,0000,00,00,0000,0000,00,01,2580,0000,01,01,4180,0000,02,00,0000,0000,00,00,0000,0000,00
2100,02,9100,0100,02,01,0000,7180,00,00,0000,0000,00,00,b000,0000,00,00,a000,0000,00,00,0000,0000,00,01,2580,0000,01,01,4180,0000,02,00,0000,0000,00,00,0000,0000,00
2101,02,9100,0100,02,01,0000,7180,00,00,0000,0000,00,00,b000,0000,00,00,a000,0000,00,00,0000,0000,00,01,2580,0000,01,01,4180,0000,02,00,0000,0000,00,00,0000,0000,00
2102,02,9100,0100,02,01,0000,7180,00,00,0000,0000,00,00,b000,0000,00,00,a000,0000,00,00,0000,0000,00,01,2580,0000,01,01,4180,0000,02,00,0000,0000,00,00,0000,0000,00
2103,02,9100,0100,02,01,0000,7180,00,00,0000,0000,00,00,b000,0000,00,00,a000,0000,00,00,0000,0000,00,01,2580,0000,01,01,4180,0000,02,00,0000,0000,00,00,0000,0000,00
2104,02,9100,0100,02,01,0000,7180,00,00,0000,0000,00,00,b000,0000,00,00,a000,0000,00,00,0000,0000,00,01,2580,0000,01,01,4180,0000,02,00,0000,0000,00,00,0000,0000,00
2105,02,9100,0100,02,01,0000,7180,00,00,0000,0000,00,00,b000,0000,00,00,a000,0000,00,00,0000,0000,00,01,2580,0000,01,01,4180,0000,02,00,0000,0000,00,00,0000,0000,00
2106,02,9100,0100,02,01,0000,7180,00,00,0000,0000,00,00,b000,0000,00,00,a000,0000,00,00,0000,0000,00,01,2580,0000,01,01,4180,0000,02,00,0000,0000,00,00,0000,0000,00
2107,02,9100,0100,02,01,0000,7180,00,00,0000,0000,00,00,b000,0000,00,00,a000,0000,00,00,0000,0000,00,01,2580,0000,01,01,4180,0000,02,00,0000,0000,00,00,0000,0000,00
2108,02,9100,0100,02,01,0000,7180,00,00,0000,0000,00,00,b000,0000,00,00,a000,0000,00,00,0000,0000,00,01,2580,0000,01,01,4180,0000,02,00,0000,0000,00,00,0000,0000,00
2109,02,9100,0100,02,01,0000,7180,00,00,0000,0000,00,00,b000,0000,00,00,a000,0000,00,00,0000,0000,00,01,2580,0000,01,01,4180,0000,02,00,0000,0000,00,00,0000,0000,00
2110,02,9100,0100,02,01,0000,7180,00,00,0000,0000,00,00,b000,0000,00,00,a000,0000,00,00,0000,0000,00,01,2580,0000,01,01,4180,0000,02,00,0000,0000,00,00,0000,0000,00
2111,02,9100,0100,02,01,0000,7180,00,00,0000,0000,00,00,b000,0000,00,00,a000,0000,00,00,0000,0000,00,01,2580,0000,01,01,4180,0000,02,00,0000,0000,00,00,0000,0000,00
2112,02,9100,0100,02,01,0000,7180,00,00,0000,0000,00,00,b000,0000,00,00,a000,0000,00,00,0000,0000,00,01,2580,0000,01,01,4180,0000,02,00,0000,0000,00,00,0000,0000,00
2113,02,9100,0100,02,01,0000,7180,00,00,0000,0000,00,00,b000,0000,00,00,a000,0000,00,00,0000,0000,00,01,2580,0000,01,01,4180,0000,02,00,0000,0000,00,00,0000,0000,00
2114,02,9100,0100,02,01,0000,7180,00,00,0000,0000,00,00,b000,0000,00,00,a000,0000,00,00,0000,0000,00,01,2580,0000,01,01,4180,0000,02,00,0000,0000,00,00,0000,0000,00
2115,02,9100,0100,02,01,0000,7180,00,00,0000,0000,00,00,b000,0000,00,00,a000,0000,00,00,0000,0000,00,01,2580,0000,01,01,4180,0000,02,00,0000,0000,00,00,0000,0000,00
2116,02,9100,0100,02,01,0000,7180,00,00,0000,0000,00,00,b000,0000,00,00,a000,0000,00,00,0000,0000,00,01,2580,0000,01,01,4180,0000,02,00,0000,0000,00,00,0000,0000,00
2117,02,9100,0100,02,01,0000,7180,00,00,0000,0000,00,00,b000,0000,00,00,a000,0000,00,00,0000,0000,00,01,2580,0000,01,01,4180,0000,02,00,0000,0000,00,00,0000,0000,00
2118,02,9100,0100,02,01,0000,7180,00,00,0000,0000,00,00,b000,0000,00,00,a000,0000,00,00,0000,0000,00,01,2580,0000,01,01,4180,0000,02,00,0000,0000,00,00,0000,0000,00
2119,02,9100,0100,02,01,0000,7180,00,00,0000,0000,00,00,b000,0000,00,00,a000,0000,00,00,0000,0000,00,01,2580,0000,01,01,4180,0000,02,00,0000,0000,00,00,0000,0000,00
2120,02,9100,0100,02,01,0000,7180,00,00,0000,0000,00,00,b000,0000,00,00,a000,0000,00,00,0000,0000,00,01,2580,0000,01,01,4180,0000,02,00,0000,0000,00,00,0000,0000,00
2121,02,9100,0100,02,01,0000,7180,00,00,0000,0000,00,00,b000,0000,00,00,a000,0000,00,00,0000,0000,00,01,2580,0000,01,01,4180,0000,02,00,0000,0000,00,00,0000,0000,00
2122,02,9100,0100,02,01,0000,7180,00,00,0000,0000,00,00,b000,0000,00,00,a000,0000,00,00,0000,0000,00,01,2580,0000,01,01,4180,0000,02,00,0000,0000,00,00,0000,0000,00
2123,02,9100,0100,02,01,0000,7180,00,00,0000,0000,00,00,b000,0000,00,00,a000,0000,00,00,0000,0000,00,01,2580,0000,01,01,4180,0000,02,00,0000,0000,00,00,0000,0000,00
2124,02,9100,0100,02,01,0000,7180,00,00,0000,0000,00,00,b000,0000,00,00,a000,0000,00,00,0000,0000,00,01,2580,0000,01,01,4180,0000,02,00,0000,0000,00,00,0000,0000,00
2125,00,0000,0000,00,00,0000,0000,00,00,0000,0000,00,00,0000,0000,00,00,0000,0000,00,00,0000,0000,00,00,0000,0000,00,00,0000,0000,00,00,0000,0000,00,00,0000,0000,00
2126,00,0000,0000,00,00,0000,0000,00,00,0000,0000,00,00,0000,0000,00,00,0000,0000,00,00,0000,0000,00,00,0000,0000,00,00,0000,0000,00,00,0000,0000,00,00,0000,0000,00
2127,00,0000,0000,00,00,0000,0000,00,00,0000,0000,00,00,0000,0000,00,00,0000,0000,00,00,0000,0000,00,00,0000,0000,00,00,0000,0000,00,00,0000,0000,00,00,0000,0000,00
2128,00,0000,0000,00,00,0000,0000,00,00,0000,0000,00,00,0000,0000,00,00,0000,0000,00,00,0000,0000,00,00,0000,0000,00,00,0000,0000,00,00,0000,0000,00,00,0000,0000,00
2129,00,0000,0000,00,00,0000,0000,00,00,0000,0000,00,00,0000,0000,00,00,0000,0000,00,00,0000,0000,00,00,0000,0000,00,00,0000,0000,00,00,0000,0000,00,00,0000,0000,00
2130,00,0000,0000,00,00,0000,0000,00,00,0000,0000,00,00,0000,0000,00,00,0000,0000,00,00,0000,0000,00,00,0000,0000,00,00,0000,0000,00,00,0000,0000,00,00,0000,0000,00
2131,00,0000,0000,00,00,0000,0000,00,00,0000,0000,00,00,0000,0000,00,00,0000,0000,00,00,0000,0000,00,00,0000,0000,00,00,0000,0000,00,00,0000,0000,00,00,0000,0000,00
2132,00,0000,0000,00,00,0000,0000,00,00,0000,0000,00,00,0000,0000,00,00,0000,0000,00,00,0000,0000,00,00,0000,0000,00,00,0000,0000,00,00,0000,0000,00,00,0000,0000,00
2133,00,0000,0000,00,00,0000,0000,00,00,0000,0000,00,00,0000,0000,00,00,0000,0000,00,00,0000,0000,00,00,0000,0000,00,00,0000,0000,00,00,0000,0000,00,00,0000,0000,00
2134,00,0000,0000,00,00,0000,0000,00,00,0000,0000,00,00,0000,0000,00,00,0000,0000,00,00,0000,0000,00,00,0000,0000,00,00,0000,0000,00,00,0000,0000,00,00,0000,0000,00
2135,00,0000,0000,00,00,0000,0000,00,00,0000,0000,00,00,0000,0000,00,00,0000,0000,00,00,0000,0000,00,00,0000,0000,00,00,0000,0000,00,00,0000,0000,00,00,0000,0000,00
2136,00,0000,0000,00,00,0000,0000,00,00,0000,0000,00,00,0000,0000,00,00,0000,0000,00,00,0000,0000,00,00,0000,0000,00,00,0000,0000,00,00,0000,0000,00,00,0000,0000,00
2137,00,0000,0000,00,00,0000,0000,00,00,0000,0000,00,00,0000,0000,00,00,0000,0000,00,00,0000,0000,00,00,0000,0000,00,00,0000,0000,00,00,0000,0000,00,00,0000,0000,00
2138,00,0000,0000,00,00,0000,0000,00,00,0000,0000,00,00,0000,0000,00,00,0000,0000,00,00,0000,0000,00,00,0000,0000,00,00,0000,0000,00,00,0000,0000,00,00,0000,0000,00
2139,00,0000,0000,00,00,0000,0000,00,00,0000,0000,00,00,0000,0000,00,00,0000,0000,00,00,0000,0000,00,00,0000,0000,00,00,0000,0000,00,00,0000,0000,00,00,0000,0000,00
2140,00,0000,0000,00,00,0000,0000,00,00,0000,0000,00,00,0000,0000,00,00,0000,0000,00,00,0000,0000,00,00,0000,0000,00,00,0000,0000,00,00,0000,0000,00,00,0000,0000,00
2141,00,0000,0000,00,00,0000,0000,00,00,0000,0000,00,00,0000,0000,00,00,0000,0000,00,00,0000,0000,00,00,0000,0000,00,00,0000,0000,00,00,0000,0000,00,00,0000,0000,00
2142,00,0000,0000,00,00,0000,0000,00,00,0000,0000,00,00,0000,0000,00,00,0000,0000,00,00,0000,0000,00,00,0000,0000,00,00,0000,0000,00,00,0000,0000,00,00,0000,0000,00
2143,00,0000,0000,00,00,0000,0000,00,00,0000,0000,00,00,0000,0000,00,00,0000,0000,00,00,0000,0000,00,00,0000,0000,00,00,0000,0000,00,00,0000,0000,00,00,0000,0000,00
2144,00,0000,0000,00,00,0000,0000,00,00,0000,0000,00,00,0000,0000,00,00,0000,0000,00,00,0000,0000,00,00,0000,0000,00,00,0000,0000,00,00,0000,0000,00,00,0000,0000,00
2145,00,0000,0000,00,00,0000,0000,00,00,0000,0000,00,00,0000,0000,00,00,0000,0000,00,00,0000,0000,00,00,0000,0000,00,00,0000,0000,00,00,0000,0000,00,00,0000,0000,00
2146,00,0000,0000,00,00,0000,0000,00,00,0000,0000,00,00,0000,0000,00,00,0000,0000,00,00,0000,0000,00,00,0000,0000,00,00,0000,0000,00,00,0000,0000,00,00,0000,0000,00
2147,00,0000,0000,00,00,0000,0000,00,00,0000,0000,00,00,0000,0000,00,00,0000,0000,00,00,0000,0000,00,00,0000,0000,00,00,0000,0000,00,00,0000,0000,00,00,0000,0000,00
2148,00,0000,0000,00,00,0000,0000,00,00,0000,0000,00,00,0000,0000,00,00,0000,0000,00,00,0000,0000,00,00,0000,0000,00,00,0000,0000,00,00,0000,0000,00,00,0000,0000,00
2149,00,0000,0000,00,00,0000,0000,00,00,0000,0000,00,00,0000,0000,00,00,0000,0000,00,00,0000,0000,00,00,0000,0000,00,00,0000,0000,00,00,0000,0000,00,00,0000,0000,00
2150,00,0000,0000,00,00,0000,0000,00,00,0000,0000,00,00,0000,0000,00,00,0000,0000,00,00,0000,0000,00,00,0000,0000,00,00,0000,0000,00,00,0000,0000,00,00,0000,0000,00
2151,00,0000,0000,00,00,0000,0000,00,00,0000,0000,00,00,0000,0000,00,00,0000,0000,00,00,0000,0000,00,00,0000,0000,00,00,0000,0000,00,00,0000,0000,00,00,0000,0000,00
2152,00,0000,0000,00,00,0000,0000,00,00,0000,0000,00,00,0000,0000,00,00,0000,0000,00,00,0000,0000,00,00,0000,0000,00,00,0000,0000,00,00,0000,0000,00,00,0000,0000,00
2153,00,0000,0000,00,00,0000,0000,00,00,0000,0000,00,00,0000,0000,00,00,0000,0000,00,00,0000,0000,00,00,0000,0000,00,00,0000,0000,00,00,0000,0000,00,00,0000,0000,00
2154,00,0000,0000,00,00,0000,0000,00,00,0000,0000,00,00,0000,0000,00,00,0000,0000,00,00,0000,0000,00,00,0000,0000,00,00,0000,0000,00,00,0000,0000,00,00,0000,0000,00
2155,00,0000,0000,00,00,0000,0000,00,00,0000,0000,00,00,0000,0000,00,00,0000,0000,00,00,0000,0000,00,00,0000,0000,00,00,0000,0000,00,00,0000,0000,00,00,0000,0000,00
2156,00,0000,0000,00,00,0000,0000,00,00,0000,0000,00,00,0000,0000,00,00,0000,0000,00,00,0000,0000,00,00,0000,0000,00,00,0000,0000,00,00,0000,0000,00,00,0000,0000,00
2157,00,0000,0000,00,00,0000,0000,00,00,0000,0000,00,00,0000,0000,00,00,0000,0000,00,00,0000,0000,00,00,0000,0000,00,00,0000,0000,00,00,0000,0000,00,00,0000,0000,00
2158,00,0000,0000,00,00,0000,0000,00,00,0000,0000,00,00,0000,0000,00,00,0000,0000,00,00,0000,0000,00,00,0000,0000,00,00,0000,0000,00,00,0000,0000,00,00,0000,0000,00
2159,00,0000,0000,00,00,0000,0000,00,00,0000,0000,00,00,0000,0000,00,00,0000,0000,00,00,0000,0000,00,00,0000,0000,00,00,0000,0000,00,00,0000,0000,00,00,0000,0000,00
2160,00,0000,0000,00,00,0000,0000,00,00,0000,0000,00,00,0000,0000,00,00,0000,0000,00,00,0000,0000,00,00,0000,0000,00,00,0000,0000,00,00,0000,0000,00,00,0000,0000,00
2161,00,0000,0000,00,00,0000,0000,00,00,0000,0000,00,00,0000,0000,00,00,0000,0000,00,00,0000,0000,00,00,0000,0000,00,00,0000,0000,00,00,0000,0000,00,00,0000,0000,00
2162,00,0000,0000,00,00,0000,0000,00,00,0000,0000,00,00,0000,0000,00,00,0000,0000,00,00,0000,0000,00,00,0000,0000,00,00,0000,0000,00,00,0000,0000,00,00,0000,0000,00
2163,00,0000,0000,00,00,0000,0000,00,00,0000,0000,00,00,0000,0000,00,00,0000,0000,00,00,0000,0000,00,00,0000,0000,00,00,0000,0000,00,00,0000,0000,00,00,0000,0000,00
2164,00,0000,0000,00,00,0000,0000,00,00,0000,0000,00,00,0000,0000,00,00,0000,0000,00,00,0000,0000,00,00,0000,0000,00,00,0000,0000,00,00,0000,0000,00,00,0000,0000,00
2165,00,0000,0000,00,00,0000,0000,00,00,0000,0000,00,00,0000,0000,00,00,0000,0000,00,00,0000,0000,00,00,0000,0000,00,00,0000,0000,00,00,0000,0000,00,00,0000,0000,00
2166,00,0000,0000,00,00,0000,0000,00,00,0000,0000,00,00,0000,0000,00,00,0000,0000,00,00,0000,0000,00,00,0000,0000,00,00,0000,0000,00,00,0000,0000,00,00,0000,0000,00
2167,00,0000,0000,00,00,0000,0000,00,00,0000,0000,00,00,0000,0000,00,00,0000,0000,00,00,0000,0000,00,00,0000,0000,00,00,0000,0000,00,00,0000,0000,00,00,0000,0000,00
2168,00,0000,0000,00,00,0000,0000,00,00,0000,0000,00,00,0000,0000,00,00,0000,0000,00,00,0000,0000,00,00,0000,0000,00,00,0000,0000,00,00,0000,0000,00,00,0000,0000,00
2169,00,0000,0000,00,00,0000,0000,00,00,0000,0000,00,00,0000,0000,00,00,0000,0000,00,00,0000,0000,00,00,0000,0000,00,00,0000,0000,00,00,0000,0000,00,00,0000,0000,00
2170,00,0000,0000,00,00,0000,0000,00,00,0000,0000,00,00,0000,0000,00,00,0000,0000,00,00,0000,0000,00,00,0000,0000,00,00,0000,0000,00,00,0000,0000,00,00,0000,0000,00
2171,00,0000,0000,00,00,0000,0000,00,00,0000,0000,00,00,0000,0000,00,00,0000,0000,00,00,0000,0000,00,00,0000,0000,00,00,0000,0000,00,00,0000,0000,00,00,0000,0000,00
2172,00,0000,0000,00,00,0000,0000,00,00,0000,0000,00,00,0000,0000,00,00,0000,0000,00,00,0000,0000,00,00,0000,0000,00,00,0000,0000,00,00,0000,0000,00,00,0000,0000,00
2173,00,0000,0000,00,00,0000,0000,00,00,0000,0000,00,00,0000,0000,00,00,0000,0000,00,00,0000,0000,00,00,0000,0000,00,00,0000,0000,00,00,0000,0000,00,00,0000,0000,00
2174,00,0000,0000,00,00,0000,0000,00,00,0000,0000,00,00,0000,0000,00,00,0000,0000,00,00,0000,0000,00,00,0000,0000,00,00,0000,0000,00,00,0000,0000,00,00,0000,0000,00
2175,00,0000,0000,00,00,0000,0000,00,00,0000,0000,00,00,0000,0000,00,00,0000,0000,00,00,0000,0000,00,00,0000,0000,00,00,0000,0000,00,00,0000,0000,00,00,0000,0000,00
2176,00,0000,0000,00,00,0000,0000,00,00,0000,0000,00,00,0000,0000,00,00,0000,0000,00,00,0000,0000,00,00,0000,0000,00,00,0000,0000,00,00,0000,0000,00,00,0000,0000,00
2177,00,0000,0000,00,00,0000,0000,00,00,0000,0000,00,00,0000,0000,00,00,0000,0000,00,00,0000,0000,00,00,0000,0000,00,00,0000,0000,00,00,0000,0000,00,00,0000,0000,00
2178,00,0000,0000,00,00,0000,0000,00,00,0000,0000,00,00,0000,0000,00,00,0000,0000,00,00,0000,0000,00,00,0000,0000,00,00,0000,0000,00,00,0000,0000,00,00,0000,0000,00
2179,00,0000,0000,00,00,0000,0000,00,00,0000,0000,00,00,0000,0000,00,00,0000,0000,00,00,0000,0000,00,00,0000,0000,00,00,0000,0000,00,00,0000,0000,00,00,0000,0000,00
2180,00,0000,0000,00,00,0000,0000,00,00,0000,0000,00,00,0000,0000,00,00,0000,0000,00,00,0000,0000,00,00,0000,0000,00,00,0000,0000,00,00,0000,0000,00,00,0000,0000,00
2181,00,0000,0000,00,00,0000,0000,00,00,0000,0000,00,00,0000,0000,00,00,0000,0000,00,00,0000,0000,00,00,0000,0000,00,00,0000,0000,00,00,0000,0000,00,00,0000,0000,00
2182,00,0000,0000,00,00,0000,0000,00,00,0000,0000,00,00,0000,0000,00,00,0000,0000,00,00,0000,0000,00,00,0000,0000,00,00,0000,0000,00,00,0000,0000,00,00,0000,0000,00
2183,00,0000,0000,00,00,0000,0000,00,00,0000,0000,00,00,0000,0000,00,00,0000,0000,00,00,0000,0000,00,00,0000,0000,00,00,0000,0000,00,00,0000,0000,00,00,0000,0000,00
2184,00,0000,0000,00,00,0000,0000,00,00,0000,0000,00,00,0000,0000,00,00,0000,0000,00,00,0000,0000,00,00,0000,0000,00,00,0000,0000,00,00,0000,0000,00,00,0000,0000,00
2185,00,0000,0000,00,00,0000,0000,00,00,0000,0000,00,00,0000,0000,00,00,0000,0000,00,00,0000,0000,00,00,0000,0000,00,00,0000,0000,00,00,0000,0000,00,00,0000,0000,00
2186,00,0000,0000,00,00,0000,0000,00,00,0000,0000,00,00,0000,0000,00,00,0000,0000,00,00,0000,0000,00,00,0000,0000,00,00,0000,0000,00,00,0000,0000,00,00,0000,0000,00
2187,00,0000,0000,00,00,0000,0000,00,00,0000,0000,00,00,0000,0000,00,00,0000,0000,00,00,0000,0000,00,00,0000,0000,00,00,0000,0000,00,00,0000,0000,00,00,0000,0000,00
2188,00,0000,0000,00,00,0000,0000,00,00,0000,0000,00,00,0000,0000,00,00,0000,0000,00,00,0000,0000,00,00,0000,0000,00,00,0000,0000,00,00,0000,0000,00,00,0000,0000,00
2189,00,0000,0000,00,00,0000,0000,00,00,0000,0000,00,00,0000,0000,00,00,0000,0000,00,00,0000,0000,00,00,0000,0000,00,00,0000,0000,00,00,0000,0000,00,00,0000,0000,00
2190,00,0000,0000,00,00,0000,0000,00,00,0000,0000,00,00,0000,0000,00,00,0000,0000,00,00,0000,0000,00,00,0000,0000,00,00,0000,0000,00,00,0000,0000,00,00,0000,0000,00
2191,00,0000,0000,00,00,0000,0000,00,00,0000,0000,00,00,0000,0000,00,00,0000,0000,00,00,0000,0000,00,00,0000,0000,00,00,0000,0000,00,00,0000,0000,00,00,0000,0000,00
2192,00,0000,0000,00,00,0000,0000,00,00,0000,0000,00,00,0000,0000,00,00,0000,0000,00,00,0000,0000,00,00,0000,0000,00,00,0000,0000,00,00,0000,0000,00,00,0000,0000,00
2193,00,0000,0000,00,00,0000,0000,00,00,0000,0000,00,00,0000,0000,00,00,0000,0000,00,00,0000,0000,00,00,0000,0000,00,00,0000,0000,00,00,0000,0000,00,00,0000,0000,00
2194,00,0000,0000,00,00,0000,0000,00,00,0000,0000,00,00,0000,0000,00,00,0000,0000,00,00,0000,0000,00,00,0000,0000,00,00,0000,0000,00,00,0000,0000,00,00,0000,0000,00
2195,00,0000,0000,00,00,0000,0000,00,00,0000,0000,00,00,0000,0000,00,00,0000,0000,00,00,0000,0000,00,00,0000,0000,00,00,0000,0000,00,00,0000,0000,00,00,0000,0000,00
2196,00,0000,0000,00,00,0000,0000,00,00,0000,0000,00,00,0000,0000,00,00,0000,0000,00,00,0000,0000,00,00,0000,0000,00,00,0000,0000,00,00,0000,0000,00,00,0000,0000,00
2197,00,0000,0000,00,00,0000,0000,00,00,0000,0000,00,00,0000,0000,00,00,0000,0000,00,00,0000,0000,00,00,0000,0000,00,00,0000,0000,00,00,0000,0000,00,00,0000,0000,00
2198,00,0000,0000,00,00,0000,0000,00,00,0000,0000,00,00,0000,0000,00,00,0000,0000,00,00,0000,0000,00,00,0000,0000,00,00,0000,0000,00,00,0000,0000,00,00,0000,0000,00
2199,00,0000,0000,00,00,0000,0000,00,00,0000,0000,00,00,0000,0000,00,00,0000,0000,00,00,0000,0000,00,00,0000,0000,00,00,0000,0000,00,00,0000,0000,00,00,0000,0000,00
2200,00,0000,0000,00,00,0000,0000,00,00,0000,0000,00,00,0000,0000,00,00,0000,0000,00,00,0000,0000,00,00,0000,0000,00,00,0000,0000,00,00,0000,0000,00,00,0000,0000,00
2201,00,0000,0000,00,00,0000,0000,00,00,0000,0000,00,00,0000,0000,00,00,0000,0000,00,00,0000,0000,00,00,0000,0000,00,00,0000,0000,00,00,0000,0000,00,00,0000,0000,00
2202,00,0000,0000,00,00,0000,0000,00,00,0000,0000,00,00,0000,0000,00,00,0000,0000,00,00,0000,0000,00,00,0000,0000,00,00,0000,0000,00,00,0000,0000,00,00,0000,0000,00
2203,00,0000,0000,00,00,0000,0000,00,00,0000,0000,00,00,0000,0000,00,00,0000,0000,00,00,0000,0000,00,00,0000,0000,00,00,0000,0000,00,00,0000,0000,00,00,0000,0000,00
2204,00,0000,0000,00,00,0000,0000,00,00,0000,0000,00,00,0000,0000,00,00,0000,0000,00,00,0000,0000,00,00,0000,0000,00,00,0000,0000,00,00,0000,0000,00,00,0000,0000,00
2205,00,0000,0000,00,00,0000,0000,00,00,0000,0000,00,00,0000,0000,00,00,0000,0000,00,00,0000,0000,00,00,0000,0000,00,00,0000,0000,00,00,0000,0000,00,00,0000,0000,00
2206,00,0000,0000,00,00,0000,0000,00,00,0000,0000,00,00,0000,0000,00,00,0000,0000,00,00,0000,0000,00,00,0000,0000,00,00,0000,0000,00,00,0000,0000,00,00,0000,0000,00
2207,00,0000,0000,00,00,0000,0000,00,00,0000,0000,00,00,0000,0000,00,00,0000,0000,00,00,0000,0000,00,00,0000,0000,00,00,0000,0000,00,00,0000,0000,00,00,0000,0000,00
2208,00,0000,0000,00,00,0000,0000,00,00,0000,0000,00,00,0000,0000,00,00,0000,0000,00,00,0000,0000,00,00,0000,0000,00,00,0000,0000,00,00,0000,0000,00,00,0000,0000,00
2209,00,0000,0000,00,00,0000,0000,00,00,0000,0000,00,00,0000,0000,00,00,0000,0000,00,00,0000,0000,00,00,0000,0000,00,00,0000,0000,00,00,0000,0000,00,00,0000,0000,00
2210,00,0000,0000,00,00,0000,0000,00,00,0000,0000,00,00,0000,0000,00,00,0000,0000,00,00,0000,0000,00,00,0000,0000,00,00,0000,0000,00,00,0000,0000,00,00,0000,0000,00
2211,00,0000,0000,00,00,0000,0000,00,00,0000,0000,00,00,0000,0000,00,00,0000,0000,00,00,0000,0000,00,00,0000,0000,00,00,0000,0000,00,00,0000,0000,00,00,0000,0000,00
2212,00,0000,0000,00,00,0000,0000,00,00,0000,0000,00,00,0000,0000,00,00,0000,0000,00,00,0000,0000,00,00,0000,0000,00,00,0000,0000,00,00,0000,0000,00,00,0000,0000,00
2213,00,0000,0000,00,00,0000,0000,00,00,0000,0000,00,00,0000,0000,00,00,0000,0000,00,00,0000,0000,00,00,0000,0000,00,00,0000,0000,00,00,0000,0000,00,00,0000,0000,00
2214,00,0000,0000,00,00,0000,0000,00,00,0000,0000,00,00,0000,0000,00,00,0000,0000,00,00,0000,0000,00,00,0000,0000,00,00,0000,0000,00,00,0000,0000,00,00,0000,0000,00
2215,00,0000,0000,00,00,0000,0000,00,00,0000,0000,00,00,0000,0000,00,00,0000,0000,00,00,0000,0000,00,00,0000,0000,00,00,0000,0000,00,00,0000,0000,00,00,0000,0000,00
2216,00,0000,0000,00,00,0000,0000,00,00,0000,0000,00,00,0000,0000,00,00,0000,0000,00,00,0000,0000,00,00,0000,0000,00,00,0000,0000,00,00,0000,0000,00,00,0000,0000,00
2217,00,0000,0000,00,00,0000,0000,00,00,0000,0000,00,00,0000,0000,00,00,0000,0000,00,00,0000,0000,00,00,0000,0000,00,00,0000,0000,00,00,0000,0000,00,00,0000,0000,00
2218,00,0000,0000,00,00,0000,0000,00,00,0000,0000,00,00,0000,0000,00,00,0000,0000,00,00,0000,0000,00,00,0000,0000,00,00,0000,0000,00,00,0000,0000,00,00,0000,0000,00
2219,00,0000,0000,00,00,0000,0000,00,00,0000,0000,00,00,0000,0000,00,00,0000,0000,00,00,0000,0000,00,00,0000,0000,00,00,0000,0000,00,00,0000,0000,00,00,0000,0000,00
2220,00,0000,0000,00,00,0000,0000,00,00,0000,0000,00,00,0000,0000,00,00,0000,0000,00,00,0000,0000,00,00,0000,0000,00,00,0000,0000,00,00,0000,0000,00,00,0000,0000,00
2221,00,0000,0000,00,00,0000,0000,00,00,0000,0000,00,00,0000,0000,00,00,0000,0000,00,00,0000,0000,00,00,0000,0000,00,00,0000,0000,00,00,0000,0000,00,00,0000,0000,00
2222,00,0000,0000,00,00,0000,0000,00,00,0000,0000,00,00,0000,0000,00,00,0000,0000,00,00,0000,0000,00,00,0000,0000,00,00,0000,0000,00,00,0000,0000,00,00,0000,0000,00
2223,00,0000,0000,00,00,0000,0000,00,00,0000,0000,00,00,0000,0000,00,00,0000,0000,00,00,0000,0000,00,00,0000,0000,00,00,0000,0000,00,00,0000,0000,00,00,0000,0000,00
2224,00,0000,0000,00,00,0000,0000,00,00,0000,0000,00,00,0000,0000,00,00,0000,0000,00,00,0000,0000,00,00,0000,0000,00,00,0000,0000,00,00,0000,0000,00,00,0000,0000,00
2225,00,0000,0000,00,00,0000,0000,00,00,0000,0000,00,00,0000,0000,00,00,0000,0000,00,00,0000,0000,00,00,0000,0000,00,00,0000,0000,00,00,0000,0000,00,00,0000,0000,00
2226,00,0000,0000,00,00,0000,0000,00,00,0000,0000,00,00,0000,0000,00,00,0000,0000,00,00,0000,0000,00,00,0000,0000,00,00,0000,0000,00,00,0000,0000,00,00,0000,0000,00
2227,00,0000,0000,00,00,0000,0000,00,00,0000,0000,00,00,0000,0000,00,00,0000,0000,00,00,0000,0000,00,00,0000,0000,00,00,0000,0000,00,00,0000,0000,00,00,0000,0000,00
2228,00,0000,0000,00,00,0000,0000,00,00,0000,0000,00,00,0000,0000,00,00,0000,0000,00,00,0000,0000,00,00,0000,0000,00,00,0000,0000,00,00,0000,0000,00,00,0000,0000,00
2229,00,0000,0000,00,00,0000,0000,00,00,0000,0000,00,00,0000,0000,00,00,0000,0000,00,00,0000,0000,00,00,0000,0000,00,00,0000,0000,00,00,0000,0000,00,00,0000,0000,00
2230,00,0000,0000,00,00,0000,0000,00,00,0000,0000,00,00,0000,0000,00,00,0000,0000,00,00,0000,0000,00,00,0000,0000,00,00,0000,0000,00,00,0000,0000,00,00,0000,0000,00
2231,00,0000,0000,00,00,0000,0000,00,00,0000,0000,00,00,0000,0000,00,00,0000,0000,00,00,0000,0000,00,00,0000,0000,00,00,0000,0000,00,00,0000,0000,00,00,0000,0000,00
2232,00,0000,0000,00,00,0000,0000,00,00,0000,0000,00,00,0000,0000,00,00,0000,0000,00,00,0000,0000,00,00,0000,0000,00,00,0000,0000,00,00,0000,0000,00,00,0000,0000,00
2233,00,0000,0000,00,00,0000,0000,00,00,0000,0000,00,00,0000,0000,00,00,0000,0000,00,00,0000,0000,00,00,0000,0000,00,00,0000,0000,00,00,0000,0000,00,00,0000,0000,00
2234,00,0000,0000,00,00,0000,0000,00,00,0000,0000,00,00,0000,0000,00,00,0000,0000,00,00,0000,0000,00,00,0000,0000,00,00,0000,0000,00,00,0000,0000,00,00,0000,0000,00
2235,00,0000,0000,00,00,0000,0000,00,00,0000,0000,00,00,0000,0000,00,00,0000,0000,00,00,0000,0000,00,00,0000,0000,00,00,0000,0000,00,00,0000,0000,00,00,0000,0000,00
2236,00,0000,0000,00,00,0000,0000,00,00,0000,0000,00,00,0000,0000,00,00,0000,0000,00,00,0000,0000,00,00,0000,0000,00,00,0000,0000,00,00,0000,0000,00,00,0000,0000,00
2237,00,0000,0000,00,00,0000,0000,00,00,0000,0000,00,00,0000,0000,00,00,0000,0000,00,00,0000,0000,00,00,0000,0000,00,00,0000,0000,00,00,0000,0000,00,00,0000,0000,00
2238,00,0000,0000,00,00,0000,0000,00,00,0000,0000,00,00,0000,0000,00,00,0000,0000,00,00,0000,0000,00,00,0000,0000,00,00,0000,0000,00,00,0000,0000,00,00,0000,0000,00
2239,00,0000,0000,00,00,0000,0000,00,00,0000,0000,00,00,0000,0000,00,00,0000,0000,00,00,0000,0000,00,00,0000,0000,00,00,0000,0000,00,00,0000,0000,00,00,0000,0000,00
2240,00,0000,0000,00,00,0000,0000,00,00,0000,0000,00,00,0000,0000,00,00,0000,0000,00,00,0000,0000,00,00,0000,0000,00,00,0000,0000,00,00,0000,0000,00,00,0000,0000,00
2241,00,0000,0000,00,00,0000,0000,00,00,0000,0000,00,00,0000,0000,00,00,0000,0000,00,00,0000,0000,00,00,0000,0000,00,00,0000,0000,00,00,0000,0000,00,00,0000,0000,00
2242,00,0000,0000,00,00,0000,0000,00,00,0000,0000,00,00,0000,0000,00,00,0000,0000,00,00,0000,0000,00,00,0000,0000,00,00,0000,0000,00,00,0000,0000,00,00,0000,0000,00
2243,00,0000,0000,00,00,0000,0000,00,00,0000,0000,00,00,0000,0000,00,00,0000,0000,00,00,0000,0000,00,00,0000,0000,00,00,0000,0000,00,00,0000,0000,00,00,0000,0000,00
2244,00,0000,0000,00,00,0000,0000,00,00,0000,0000,00,00,0000,0000,00,00,0000,0000,00,00,0000,0000,00,00,0000,0000,00,00,0000,0000,00,00,0000,0000,00,00,0000,0000,00
2245,00,0000,0000,00,00,0000,0000,00,00,0000,0000,00,00,0000,0000,00,00,0000,0000,00,00,0000,0000,00,00,0000,0000,00,00,0000,0000,00,00,0000,0000,00,00,0000,0000,00
2246,00,0000,0000,00,00,0000,0000,00,00,0000,0000,00,00,0000,0000,00,00,0000,0000,00,00,0000,0000,00,00,0000,0000,00,00,0000,0000,00,00,0000,0000,00,00,0000,0000,00
2247,00,0000,0000,00,00,0000,0000,00,00,0000,0000,00,00,0000,0000,00,00,0000,0000,00,00,0000,0000,00,00,0000,0000,00,00,0000,0000,00,00,0000,0000,00,00,0000,0000,00
2248,00,0000,0000,00,00,0000,0000,00,00,0000,0000,00,00,0000,0000,00,00,0000,0000,00,00,0000,0000,00,00,0000,0000,00,00,0000,0000,00,00,0000,0000,00,00,0000,0000,00
2249,00,0000,0000,00,00,0000,0000,00,00,0000,0000,00,00,0000,0000,00,00,0000,0000,00,00,0000,0000,00,00,0000,0000,00,00,0000,0000,00,00,0000,0000,00,00,0000,0000,00
2250,00,0000,0000,00,00,0000,0000,00,00,0000,0000,00,00,0000,0000,00,00,0000,0000,00,00,0000,0000,00,00,0000,0000,00,00,0000,0000,00,00,0000,0000,00,00,0000,0000,00
2251,00,0000,0000,00,00,0000,0000,00,00,0000,0000,00,00,0000,0000,00,00,0000,0000,00,00,0000,0000,00,00,0000,0000,00,00,0000,0000,00,00,0000,0000,00,00,0000,0000,00
2252,00,0000,0000,00,00,0000,0000,00,00,0000,0000,00,00,0000,0000,00,00,0000,0000,00,00,0000,0000,00,00,0000,0000,00,00,0000,0000,00,00,0000,0000,00,00,0000,0000,00
2253,00,0000,0000,00,00,0000,0000,00,00,0000,0000,00,00,0000,0000,00,00,0000,0000,00,00,0000,0000,00,00,0000,0000,00,00,0000,0000,00,00,0000,0000,00,00,0000,0000,00
2254,00,0000,0000,00,00,0000,0000,00,00,0000,0000,00,00,0000,0000,00,00,0000,0000,00,00,0000,0000,00,00,0000,0000,00,00,0000,0000,00,00,0000,0000,00,00,0000,0000,00
2255,00,0000,0000,00,00,0000,0000,00,00,0000,0000,00,00,0000,0000,00,00,0000,0000,00,00,0000,0000,00,00,0000,0000,00,00,0000,0000,00,00,0000,0000,00,00,0000,0000,00
2256,00,0000,0000,00,00,0000,0000,00,00,0000,0000,00,00,0000,0000,00,00,0000,0000,00,00,0000,0000,00,00,0000,0000,00,00,0000,0000,00,00,0000,0000,00,00,0000,0000,00
2257,00,0000,0000,00,00,0000,0000,00,00,0000,0000,00,00,0000,0000,00,00,0000,0000,00,00,0000,0000,00,00,0000,0000,00,00,0000,0000,00,00,0000,0000,00,00,0000,0000,00
2258,00,0000,0000,00,00,0000,0000,00,00,0000,0000,00,00,0000,0000,00,00,0000,0000,00,00,0000,0000,00,00,0000,0000,00,00,0000,0000,00,00,0000,0000,00,00,0000,0000,00
2259,00,0000,0000,00,00,0000,0000,00,00,0000,0000,00,00,0000,0000,00,00,0000,0000,00,00,0000,0000,00,00,0000,0000,00,00,0000,0000,00,00,0000,0000,00,00,0000,0000,00
2260,00,0000,0000,00,00,0000,0000,00,00,0000,0000,00,00,0000,0000,00,00,0000,0000,00,00,0000,0000,00,00,0000,0000,00,00,0000,0000,00,00,0000,0000,00,00,0000,0000,00
2261,00,0000,0000,00,00,0000,0000,00,00,0000,0000,00,00,0000,0000,00,00,0000,0000,00,00,0000,0000,00,00,0000,0000,00,00,0000,0000,00,00,0000,0000,00,00,0000,0000,00
2262,00,0000,0000,00,00,0000,0000,00,00,0000,0000,00,00,0000,0000,00,00,0000,0000,00,00,0000,0000,00,00,0000,0000,00,00,0000,0000,00,00,0000,0000,00,00,0000,0000,00
2263,00,0000,0000,00,00,0000,0000,00,00,0000,0000,00,00,0000,0000,00,00,0000,0000,00,00,0000,0000,00,00,0000,0000,00,00,0000,0000,00,00,0000,0000,00,00,0000,0000,00
2264,00,0000,0000,00,00,0000,0000,00,00,0000,0000,00,00,0000,0000,00,00,0000,0000,00,00,0000,0000,00,00,0000,0000,00,00,0000,0000,00,00,0000,0000,00,00,0000,0000,00
2265,00,0000,0000,00,00,0000,0000,00,00,0000,0000,00,00,0000,0000,00,00,0000,0000,00,00,0000,0000,00,00,0000,0000,00,00,0000,0000,00,00,0000,0000,00,00,0000,0000,00
2266,00,0000,0000,00,00,0000,0000,00,00,0000,0000,00,00,0000,0000,00,00,0000,0000,00,00,0000,0000,00,00,0000,0000,00,00,0000,0000,00,00,0000,0000,00,00,0000,0000,00
2267,00,0000,0000,00,00,0000,0000,00,00,0000,0000,00,00,0000,0000,00,00,0000,0000,00,00,0000,0000,00,00,0000,0000,00,00,0000,0000,00,00,0000,0000,00,00,0000,0000,00
2268,00,0000,0000,00,00,0000,0000,00,00,0000,0000,00,00,0000,0000,00,00,0000,0000,00,00,0000,0000,00,00,0000,0000,00,00,0000,0000,00,00,0000,0000,00,00,0000,0000,00
2269,00,0000,0000,00,00,0000,0000,00,00,0000,0000,00,00,0000,0000,00,00,0000,0000,00,00,0000,0000,00,00,0000,0000,00,00,0000,0000,00,00,0000,0000,00,00,0000,0000,00
2270,00,0000,0000,00,00,0000,0000,00,00,0000,0000,00,00,0000,0000,00,00,0000,0000,00,00,0000,0000,00,00,0000,0000,00,00,0000,0000,00,00,0000,0000,00,00,0000,0000,00
2271,00,0000,0000,00,00,0000,0000,00,00,0000,0000,00,00,0000,0000,00,00,0000,0000,00,00,0000,0000,00,00,0000,0000,00,00,0000,0000,00,00,0000,0000,00,00,0000,0000,00
2272,00,0000,0000,00,00,0000,0000,00,00,0000,0000,00,00,0000,0000,00,00,0000,0000,00,00,0000,0000,00,00,0000,0000,00,00,0000,0000,00,00,0000,0000,00,00,0000,0000,00
2273,00,0000,0000,00,00,0000,0000,00,00,0000,0000,00,00,0000,0000,00,00,0000,0000,00,00,0000,0000,00,00,0000,0000,00,00,0000,0000,00,00,0000,0000,00,00,0000,0000,00
2274,00,0000,0000,00,00,0000,0000,00,00,0000,0000,00,00,0000,0000,00,00,0000,0000,00,00,0000,0000,00,00,0000,0000,00,00,0000,0000,00,00,0000,0000,00,00,0000,0000,00
2275,00,0000,0000,00,00,0000,0000,00,00,0000,0000,00,00,0000,0000,00,00,0000,0000,00,00,0000,0000,00,00,0000,0000,00,00,0000,0000,00,00,0000,0000,00,00,0000,0000,00
2276,00,0000,0000,00,00,0000,0000,00,00,0000,0000,00,00,0000,0000,00,00,0000,0000,00,00,0000,0000,00,00,0000,0000,00,00,0000,0000,00,00,0000,0000,00,00,0000,0000,00
2277,00,0000,0000,00,00,0000,0000,00,00,0000,0000,00,00,0000,0000,00,00,0000,0000,00,00,0000,0000,00,00,0000,0000,00,00,0000,0000,00,00,0000,0000,00,00,0000,0000,00
2278,00,0000,0000,00,00,0000,0000,00,00,0000,0000,00,00,0000,0000,00,00,0000,0000,00,00,0000,0000,00,00,0000,0000,00,00,0000,0000,00,00,0000,0000,00,00,0000,0000,00
2279,00,0000,0000,00,00,0000,0000,00,00,0000,0000,00,00,0000,0000,00,00,0000,0000,00,00,0000,0000,00,00,0000,0000,00,00,0000,0000,00,00,0000,0000,00,00,0000,0000,00
2280,00,0000,0000,00,00,0000,0000,00,00,0000,0000,00,00,0000,0000,00,00,0000,0000,00,00,0000,0000,00,00,0000,0000,00,00,0000,0000,00,00,0000,0000,00,00,0000,0000,00
2281,00,0000,0000,00,00,0000,0000,00,00,0000,0000,00,00,0000,0000,00,00,0000,0000,00,00,0000,0000,00,00,0000,0000,00,00,0000,0000,00,00,0000,0000,00,00,0000,0000,00
2282,00,0000,0000,00,00,0000,0000,00,00,0000,0000,00,00,0000,0000,00,00,0000,0000,00,00,0000,0000,00,00,0000,0000,00,00,0000,0000,00,00,0000,0000,00,00,0000,0000,00
2283,00,0000,0000,00,00,0000,0000,00,00,0000,0000,00,00,0000,0000,00,00,0000,0000,00,00,0000,0000,00,00,0000,0000,00,00,0000,0000,00,00,0000,0000,00,00,0000,0000,00
2284,00,0000,0000,00,00,0000,0000,00,00,0000,0000,00,00,0000,0000,00,00,0000,0000,00,00,0000,0000,00,00,0000,0000,00,00,0000,0000,00,00,0000,0000,00,00,0000,0000,00
2285,00,0000,0000,00,00,0000,0000,00,00,0000,0000,00,00,0000,0000,00,00,0000,0000,00,00,0000,0000,00,00,0000,0000,00,00,0000,0000,00,00,0000,0000,00,00,0000,0000,00
2286,00,0000,0000,00,00,0000,0000,00,00,0000,0000,00,00,0000,0000,00,00,0000,0000,00,00,0000,0000,00,00,0000,0000,00,00,0000,0000,00,00,0000,0000,00,00,0000,0000,00
2287,00,0000,0000,00,00,0000,0000,00,00,0000,0000,00,00,0000,0000,00,00,0000,0000,00,00,0000,0000,00,00,0000,0000,00,00,0000,0000,00,00,0000,0000,00,00,0000,0000,00
2288,00,0000,0000,00,00,0000,0000,00,00,0000,0000,00,00,0000,0000,00,00,0000,0000,00,00,0000,0000,00,00,0000,0000,00,00,0000,0000,00,00,0000,0000,00,00,0000,0000,00
2289,00,0000,0000,00,00,0000,0000,00,00,0000,0000,00,00,0000,0000,00,00,0000,0000,00,00,0000,0000,00,00,0000,0000,00,00,0000,0000,00,00,0000,0000,00,00,0000,0000,00
2290,00,0000,0000,00,00,0000,0000,00,00,0000,0000,00,00,0000,0000,00,00,0000,0000,00,00,0000,0000,00,00,0000,0000,00,00,0000,0000,00,00,0000,0000,00,00,0000,0000,00
2291,00,0000,0000,00,00,0000,0000,00,00,0000,0000,00,00,0000,0000,00,00,0000,0000,00,00,0000,0000,00,00,0000,0000,00,00,0000,0000,00,00,0000,0000,00,00,0000,0000,00
2292,00,0000,0000,00,00,0000,0000,00,00,0000,0000,00,00,0000,0000,00,00,0000,0000,00,00,0000,0000,00,00,0000,0000,00,00,0000,0000,00,00,0000,0000,00,00,0000,0000,00
2293,00,0000,0000,00,00,0000,0000,00,00,0000,0000,00,00,0000,0000,00,00,0000,0000,00,00,0000,0000,00,00,0000,0000,00,00,0000,0000,00,00,0000,0000,00,00,0000,0000,00
2294,00,0000,0000,00,00,0000,0000,00,00,0000,0000,00,00,0000,0000,00,00,0000,0000,00,00,0000,0000,00,00,0000,0000,00,00,0000,0000,00,00,0000,0000,00,00,0000,0000,00
2295,00,0000,0000,00,00,0000,0000,00,00,0000,0000,00,00,0000,0000,00,00,0000,0000,00,00,0000,0000,00,00,0000,0000,00,00,0000,0000,00,00,0000,0000,00,00,0000,0000,00
2296,00,0000,0000,00,00,0000,0000,00,00,0000,0000,00,00,0000,0000,00,00,0000,0000,00,00,0000,0000,00,00,0000,0000,00,00,0000,0000,00,00,0000,0000,00,00,0000,0000,00
2297,00,0000,0000,00,00,0000,0000,00,00,0000,0000,00,00,0000,0000,00,00,0000,0000,00,00,0000,0000,00,00,0000,0000,00,00,0000,0000,00,00,0000,0000,00,00,0000,0000,00
2298,00,0000,0000,00,00,0000,0000,00,00,0000,0000,00,00,0000,0000,00,00,0000,0000,00,00,0000,0000,00,00,0000,0000,00,00,0000,0000,00,00,0000,0000,00,00,0000,0000,00
2299,00,0000,0000,00,00,0000,0000,00,00,0000,0000,00,00,0000,0000,00,00,0000,0000,00,00,0000,0000,00,00,0000,0000,00,00,0000,0000,00,00,0000,0000,00,00,0000,0000,00
2300,ff,7800,f3ff,00,ff,7800,7100,00,00,7800,7000,00,00,7800,feff,00,fe,7800,3800,00,01,7800,5cfc,00,00,7800,6902,00,fe,7800,2e00,00,ff,7800,42ff,00,fc,7800,54fe,00
2301,ff,7701,f3ff,00,ff,78d4,7100,00,00,78e5,7000,00,00,77e6,feff,00,fe,78e8,3800,00,01,7440,5cfc,00,00,7af7,6902,00,fe,78d0,2e00,00,ff,7755,42ff,00,fc,7670,54fe,00
2302,ff,7602,f3ff,00,ff,79a8,7100,00,00,79ca,7000,00,00,77cc,feff,00,fe,79d0,3800,00,01,7080,5cfc,00,00,7dee,6902,00,fe,79a0,2e00,00,ff,76aa,42ff,00,fc,74e0,54fe,00
2303,ff,7503,f3ff,00,ff,7a7c,7100,00,00,7aaf,7000,00,00,77b2,feff,00,fe,7ab8,3800,00,01,6cc0,5cfc,00,00,80e5,6902,00,fe,7a70,2e00,00,ff,75ff,42ff,00,fc,7350,54fe,00
2304,ff,7404,f3ff,00,ff,7b50,7100,00,00,7b94,7000,00,00,7798,feff,00,fe,7ba0,3800,00,01,6900,5cfc,00,00,83dc,6902,00,fe,7b40,2e00,00,ff,7554,42ff,00,fc,71c0,54fe,00
2305,ff,7305,f3ff,00,ff,7c24,7100,00,00,7c79,7000,00,00,777e,feff,00,fe,7c88,3800,00,01,6540,5cfc,00,00,86d3,6902,00,fe,7c10,2e00,00,ff,74a9,42ff,00,fc,7030,54fe,00
2306,ff,7206,f3ff,00,ff,7cf8,7100,00,00,7d5e,7000,00,00,7764,feff,00,fe,7d70,3800,00,01,6180,5cfc,00,00,89ca,6902,00,fe,7ce0,2e00,00,ff,73fe,42ff,00,fc,6ea0,54fe,00
2307,ff,7107,f3ff,00,ff,7dcc,7100,00,00,7e43,7000,00,00,774a,feff,00,fe,7e58,3800,00,01,5dc0,5cfc,00,00,8cc1,6902,00,fe,7db0,2e00,00,ff,7353,42ff,00,fc,6d10,54fe,00
2308,ff,7008,f3ff,00,ff,7ea0,7100,00,00,7f28,7000,00,00,7730,feff,00,fe,7f40,3800,00,01,5a00,5cfc,00,00,8fb8,6902,00,fe,7e80,2e00,00,ff,72a8,42ff,00,fc,6b80,54fe,00
2309,ff,6f09,f3ff,00,ff,7f74,7100,00,00,800d,7000,00,00,7716,feff,00,fe,8028,3800,00,01,5640,5cfc,00,00,92af,6902,00,fe,7f50,2e00,00,ff,71fd,42ff,00,fc,69f0,54fe,00
2310,ff,6e0a,f3ff,00,ff,8048,7100,00,00,80f2,7000,00,00,76fc,feff,00,fe,8110,3800,00,01,5280,5cfc,00,00,95a6,6902,00,fe,8020,2e00,00,ff,7152,42ff,00,fc,6860,54fe,00
2311,ff,6d0b,f3ff,00,ff,811c,7100,00,00,81d7,7000,00,00,76e2,feff,00,fe,81f8,3800,00,01,4ec0,5cfc,00,00,989d,6902,00,fe,80f0,2e00,00,ff,70a7,42ff,00,fc,66d0,54fe,00
2312,ff,6c0c,f3ff,00,ff,81f0,7100,00,00,82bc,7000,00,00,76c8,feff,00,fe,82e0,3800,00,01,4b00,5cfc,00,00,9b94,6902,00,fe,81c0,2e00,00,ff,6ffc,42ff,00,fc,6540,54fe,00
2313,ff,6b0d,f3ff,00,ff,82c4,7100,00,00,83a1,7000,00,00,76ae,feff,00,fe,83c8,3800,00,01,4740,5cfc,00,00,9e8b,6902,00,fe,8290,2e00,00,ff,6f51,42ff,00,fc,63b0,54fe,00
2314,ff,6a0e,f3ff,00,ff,8398,7100,00,00,8486,7000,00,00,7694,feff,00,fe,84b0,3800,00,01,4380,5cfc,00,00,a182,6902,00,fe,8360,2e00,00,ff,6ea6,42ff,00,fc,6220,54fe,00
2315,ff,690f,f3ff,00,ff,846c,7100,00,00,856b,7000,00,00,767a,feff,00,fe,8598,3800,00,01,3fc0,5cfc,00,00,a479,6902,00,fe,8430,2e00,00,ff,6dfb,42ff,00,fc,6090,54fe,00
2316,ff,6810,f3ff,00,ff,8540,7100,00,00,8650,7000,00,00,7660,feff,00,fe,8680,3800,00,01,3c00,5cfc,00,00,a770,6902,00,fe,8500,2e00,00,ff,6d50,42ff,00,fc,5f00,54fe,00
2317,ff,6711,f3ff,00,ff,8614,7100,00,00,8735,7000,00,00,7646,feff,00,fe,8768,3800,00,01,3840,5cfc,00,00,aa67,6902,00,fe,85d0,2e00,00,ff,6ca5,42ff,00,fc,5d70,54fe,00
2318,ff,6612,f3ff,00,ff,86e8,7100,00,00,881a,7000,00,00,762c,feff,00,fe,8850,3800,00,01,3480,5cfc,00,00,ad5e,6902,00,fe,86a0,2e00,00,ff,6bfa,42ff,00,fc,5be0,54fe,00
2319,ff,6513,f3ff,00,ff,87bc,7100,00,00,88ff,7000,00,00,7612,feff,00,fe,8938,3800,00,01,30c0,5cfc,00,00,b055,6902,00,fe,8770,2e00,00,ff,6b4f,42ff,00,fc,5a50,54fe,00
2320,ff,6414,f3ff,00,ff,8890,7100,00,00,89e4,7000,00,00,75f8,feff,00,fe,8a20,3800,00,01,2d00,5cfc,00,00,b34c,6902,00,fe,8840,2e00,00,ff,6aa4,42ff,00,fc,58c0,54fe,00
2321,ff,6315,f3ff,00,ff,8964,7100,00,00,8ac9,7000,00,00,75de,feff,00,fe,8b08,3800,00,01,2940,5cfc,00,00,b643,6902,00,fe,8910,2e00,00,ff,69f9,42ff,00,fc,5730,54fe,00
2322,ff,6216,f3ff,00,ff,8a38,7100,00,00,8bae,7000,00,00,75c4,feff,00,fe,8bf0,3800,00,01,2580,5cfc,00,00,b93a,6902,00,fe,89e0,2e00,00,ff,694e,42ff,00,fc,55a0,54fe,00
2323,ff,6117,f3ff,00,ff,8b0c,7100,00,00,8c93,7000,00,00,75aa,feff,00,fe,8cd8,3800,00,01,21c0,5cfc,00,00,bc31,6902,00,fe,8ab0,2e00,00,ff,68a3,42ff,00,fc,78a0,54fe,00
2324,ff,6018,f3ff,00,ff,8be0,7100,00,00,8d78,7000,00,00,7590,feff,00,fe,8dc0,3800,00,01,1e00,5cfc,00,00,bf28,6902,00,fe,8b80,2e00,00,ff,67f8,42ff,00,fc,7710,54fe,00
2325,ff,5f19,f3ff,00,ff,8cb4,7100,00,00,8e5d,7000,00,00,7576,feff,00,fe,8ea8,3800,00,01,1a40,5cfc,00,00,c21f,6902,00,fe,8c50,2e00,00,ff,674d,42ff,00,fc,7580,54fe,00
2326,ff,5e1a,f3ff,00,ff,8d88,7100,00,00,8f42,7000,00,00,755c,feff,00,fe,8f90,3800,00,01,1680,5cfc,00,00,c516,6902,00,fe,8d20,2e00,00,ff,66a2,42ff,00,fc,73f0,54fe,00
2327,ff,5d1b,f3ff,00,ff,8e5c,7100,00,00,9027,7000,00,00,7542,feff,00,fe,9078,3800,00,01,12c0,5cfc,00,00,c80d,6902,00,fe,8df0,2e00,00,ff,65f7,42ff,00,fc,7260,54fe,00
2328,ff,5c1c,f3ff,00,ff,8f30,7100,00,00,910c,7000,00,00,7528,feff,00,fe,9160,3800,00,01,0f00,5cfc,00,00,cb04,6902,00,fe,8ec0,2e00,00,ff,654c,42ff,00,fc,70d0,54fe,00
2329,ff,5b1d,f3ff,00,ff,9004,7100,00,00,91f1,7000,00,00,750e,feff,00,fe,9248,3800,00,01,0b40,5cfc,00,00,cdfb,6902,00,fe,8f90,2e00,00,ff,64a1,42ff,00,fc,6f40,54fe,00
2330,ff,5a1e,f3ff,00,ff,90d8,7100,00,00,92d6,7000,00,00,74f4,feff,00,fe,9330,3800,00,01,0780,5cfc,00,00,d0f2,6902,00,fe,9060,2e00,00,ff,63f6,42ff,00,fc,6db0,54fe,00
2331,ff,591f,f3ff,00,ff,91ac,7100,00,00,93bb,7000,00,00,74da,feff,00,fe,9418,3800,00,01,03c0,5cfc,00,00,d3e9,6902,00,fe,9130,2e00,00,ff,634b,42ff,00,fc,6c20,54fe,00
2332,ff,5820,f3ff,00,ff,9280,7100,00,00,94a0,7000,00,00,74c0,feff,00,fe,9500,3800,00,01,0000,5cfc,00,00,d6e0,6902,00,fe,9200,2e00,00,ff,62a0,42ff,00,fc,6a90,54fe,00
2333,ff,5721,f3ff,00,ff,9354,7100,00,00,9585,7000,00,00,74a6,feff,00,fe,95e8,3800,00,01,7840,5cfc,00,00,d9d7,6902,00,fe,92d0,2e00,00,ff,61f5,42ff,00,fc,6900,54fe,00
2334,ff,5622,f3ff,00,ff,9428,7100,00,00,966a,7000,00,00,748c,feff,00,fe,96d0,3800,00,01,7480,5cfc,00,00,dcce,6902,00,fe,93a0,2e00,00,ff,614a,42ff,00,fc,6770,54fe,00
2335,ff,5523,f3ff,00,ff,94fc,7100,00,00,974f,7000,00,00,7472,feff,00,fe,97b8,3800,00,01,70c0,5cfc,00,00,dfc5,6902,00,fe,9470,2e00,00,ff,609f,42ff,00,fc,65e0,54fe,00
2336,ff,5424,f3ff,00,ff,95d0,7100,00,00,9834,7000,00,00,7458,feff,00,fe,98a0,3800,00,01,6d00,5cfc,00,00,e2bc,6902,00,fe,9540,2e00,00,ff,5ff4,42ff,00,fc,6450,54fe,00
2337,ff,5325,f3ff,00,ff,96a4,7100,00,00,9919,7000,00,00,743e,feff,00,fe,9988,3800,00,01,6940,5cfc,00,00,e5b3,6902,00,fe,9610,2e00,00,ff,5f49,42ff,00,fc,62c0,54fe,00
2338,ff,5226,f3ff,00,ff,9778,7100,00,00,99fe,7000,00,00,7424,feff,00,fe,9a70,3800,00,01,6580,5cfc,00,00,e8aa,6902,00,fe,96e0,2e00,00,ff,5e9e,42ff,00,fc,6130,54fe,00
2339,ff,5127,f3ff,00,ff,984c,7100,00,00,9ae3,7000,00,00,740a,feff,00,fe,9b58,3800,00,01,61c0,5cfc,00,00,eba1,6902,00,fe,97b0,2e00,00,ff,5df3,42ff,00,fc,5fa0,54fe,00
2340,ff,5028,f3ff,00,ff,9920,7100,00,00,9bc8,7000,00,00,73f0,feff,00,fe,9c40,3800,00,01,5e00,5cfc,00,00,ee98,6902,00,fe,9880,2e00,00,ff,5d48,42ff,00,fc,5e10,54fe,00
2341,ff,4f29,f3ff,00,ff,99f4,7100,00,00,9cad,7000,00,00,73d6,feff,00,fe,9d28,3800,00,01,5a40,5cfc,00,00,788f,6902,00,fe,9950,2e00,00,ff,5c9d,42ff,00,fc,5c80,54fe,00
2342,ff,4e2a,f3ff,00,ff,9ac8,7100,00,00,9d92,7000,00,00,73bc,feff,00,fe,9e10,3800,00,01,5680,5cfc,00,00,7b86,6902,00,fe,9a20,2e00,00,ff,5bf2,42ff,00,fc,5af0,54fe,00
2343,ff,4d2b,f3ff,00,ff,9b9c,7100,00,00,9e77,7000,00,00,73a2,feff,00,fe,9ef8,3800,00,01,52c0,5cfc,00,00,7e7d,6902,00,fe,9af0,2e00,00,ff,5b47,42ff,00,fc,5960,54fe,00
2344,ff,4c2c,f3ff,00,ff,9c70,7100,00,00,9f5c,7000,00,00,7388,feff,00,fe,9fe0,3800,00,01,4f00,5cfc,00,00,8174,6902,00,fe,9bc0,2e00,00,ff,5a9c,42ff,00,fc,57d0,54fe,00
2345,ff,4b2d,f3ff,00,ff,9d44,7100,00,00,a041,7000,00,00,736e,feff,00,fe,a0c8,3800,00,01,4b40,5cfc,00,00,846b,6902,00,fe,9c90,2e00,00,ff,59f1,42ff,00,fc,5640,54fe,00
2346,ff,4a2e,f3ff,00,ff,9e18,7100,00,00,a126,7000,00,00,7354,feff,00,fe,a1b0,3800,00,01,4780,5cfc,00,00,8762,6902,00,fe,9d60,2e00,00,ff,5946,42ff,00,fc,54b0,54fe,00
2347,ff,492f,f3ff,00,ff,9eec,7100,00,00,a20b,7000,00,00,733a,feff,00,fe,a298,3800,00,01,43c0,5cfc,00,00,8a59,6902,00,fe,7860,2e00,00,ff,589b,42ff,00,fc,78b0,54fe,00
2348,ff,4830,f3ff,00,ff,9fc0,7100,00,00,a2f0,7000,00,00,7320,feff,00,fe,7898,3800,00,01,4000,5cfc,00,00,8d50,6902,00,fe,7930,2e00,00,ff,57f0,42ff,00,fc,7720,54fe,00
2349,ff,4731,f3ff,00,ff,a094,7100,00,00,a3d5,7000,00,00,7306,feff,00,fe,7980,3800,00,01,3c40,5cfc,00,00,9047,6902,00,fe,7a00,2e00,00,ff,5745,42ff,00,fc,7590,54fe,00
2350,ff,4632,f3ff,00,ff,a168,7100,00,00,a4ba,7000,00,00,72ec,feff,00,fe,7a68,3800,00,01,3880,5cfc,00,00,933e,6902,00,fe,7ad0,2e00,00,ff,569a,42ff,00,fc,7400,54fe,00
2351,ff,4533,f3ff,00,ff,a23c,7100,00,00,a59f,7000,00,00,72d2,feff,00,fe,7b50,3800,00,01,34c0,5cfc,00,00,9635,6902,00,fe,7ba0,2e00,00,ff,55ef,42ff,00,fc,7270,54fe,00
2352,ff,4434,f3ff,00,ff,a310,7100,00,00,a684,7000,00,00,72b8,feff,00,fe,7c38,3800,00,01,3100,5cfc,00,00,992c,6902,00,fe,7c70,2e00,00,ff,5544,42ff,00,fc,70e0,54fe,00
2353,ff,4335,f3ff,00,ff,a3e4,7100,00,00,a769,7000,00,00,729e,feff,00,fe,7d20,3800,00,01,2d40,5cfc,00,00,9c23,6902,00,fe,7d40,2e00,00,ff,5499,42ff,00,fc,6f50,54fe,00
2354,ff,4236,f3ff,00,ff,a4b8,7100,00,00,a84e,7000,00,00,7284,feff,00,fe,7e08,3800,00,01,2980,5cfc,00,00,9f1a,6902,00,fe,7e10,2e00,00,ff,53ee,42ff,00,fc,6dc0,54fe,00
2355,ff,4137,f3ff,00,ff,a58c,7100,00,00,a933,7000,00,00,726a,feff,00,fe,7ef0,3800,00,01,25c0,5cfc,00,00,a211,6902,00,fe,7ee0,2e00,00,ff,5343,42ff,00,fc,6c30,54fe,00
2356,ff,4038,f3ff,00,ff,a660,7100,00,00,aa18,7000,00,00,7250,feff,00,fe,7fd8,3800,00,01,2200,5cfc,00,00,a508,6902,00,fe,7fb0,2e00,00,ff,5298,42ff,00,fc,6aa0,54fe,00
2357,ff,3f39,f3ff,00,ff,a734,7100,00,00,aafd,7000,00,00,7236,feff,00,fe,80c0,3800,00,01,1e40,5cfc,00,00,a7ff,6902,00,fe,8080,2e00,00,ff,51ed,42ff,00,fc,6910,54fe,00
2358,ff,3e3a,f3ff,00,ff,a808,7100,00,00,abe2,7000,00,00,721c,feff,00,fe,81a8,3800,00,01,1a80,5cfc,00,00,aaf6,6902,00,fe,8150,2e00,00,ff,5142,42ff,00,fc,6780,54fe,00
2359,ff,3d3b,f3ff,00,ff,a8dc,7100,00,00,acc7,7000,00,00,7202,feff,00,fe,8290,3800,00,01,16c0,5cfc,00,00,aded,6902,00,fe,8220,2e00,00,ff,5097,42ff,00,fc,65f0,54fe,00
2360,ff,3c3c,f3ff,00,ff,a9b0,7100,00,00,adac,7000,00,00,71e8,feff,00,fe,8378,3800,00,01,1300,5cfc,00,00,b0e4,6902,00,fe,82f0,2e00,00,ff,4fec,42ff,00,fc,6460,54fe,00
2361,ff,3b3d,f3ff,00,ff,aa84,7100,00,00,ae91,7000,00,00,71ce,feff,00,fe,8460,3800,00,01,0f40,5cfc,00,00,b3db,6902,00,fe,83c0,2e00,00,ff,4f41,42ff,00,fc,62d0,54fe,00
2362,ff,3a3e,f3ff,00,ff,ab58,7100,00,00,af76,7000,00,00,71b4,feff,00,fe,8548,3800,00,01,0b80,5cfc,00,00,b6d2,6902,00,fe,8490,2e00,00,ff,4e96,42ff,00,fc,6140,54fe,00
2363,ff,393f,f3ff,00,ff,ac2c,7100,00,00,b05b,7000,00,00,719a,feff,00,fe,8630,3800,00,01,07c0,5cfc,00,00,b9c9,6902,00,fe,8560,2e00,00,ff,4deb,42ff,00,fc,5fb0,54fe,00
2364,ff,3840,f3ff,00,ff,ad00,7100,00,00,b140,7000,00,00,7180,feff,00,fe,8718,3800,00,01,0400,5cfc,00,00,bcc0,6902,00,fe,8630,2e00,00,ff,4d40,42ff,00,fc,5e20,54fe,00
2365,ff,3741,f3ff,00,ff,add4,7100,00,00,b225,7000,00,00,7166,feff,00,fe,8800,3800,00,01,0040,5cfc,00,00,bfb7,6902,00,fe,8700,2e00,00,ff,4c95,42ff,00,fc,5c90,54fe,00
2366,ff,3642,f3ff,00,ff,aea8,7100,00,00,b30a,7000,00,00,714c,feff,00,fe,88e8,3800,00,01,7880,5cfc,00,00,c2ae,6902,00,fe,87d0,2e00,00,ff,4bea,42ff,00,fc,5b00,54fe,00
2367,ff,3543,f3ff,00,ff,af7c,7100,00,00,b3ef,7000,00,00,7132,feff,00,fe,89d0,3800,00,01,74c0,5cfc,00,00,c5a5,6902,00,fe,88a0,2e00,00,ff,4b3f,42ff,00,fc,5970,54fe,00
2368,ff,3444,f3ff,00,ff,b050,7100,00,00,b4d4,7000,00,00,7118,feff,00,fe,8ab8,3800,00,01,7100,5cfc,00,00,c89c,6902,00,fe,8970,2e00,00,ff,4a94,42ff,00,fc,57e0,54fe,00
2369,ff,3345,f3ff,00,ff,b124,7100,00,00,b5b9,7000,00,00,70fe,feff,00,fe,8ba0,3800,00,01,6d40,5cfc,00,00,cb93,6902,00,fe,8a40,2e00,00,ff,49e9,42ff,00,fc,5650,54fe,00
2370,ff,3246,f3ff,00,ff,b1f8,7100,00,00,b69e,7000,00,00,70e4,feff,00,fe,8c88,3800,00,01,6980,5cfc,00,00,ce8a,6902,00,fe,8b10,2e00,00,ff,493e,42ff,00,fc,7850,54fe,00
2371,ff,3147,f3ff,00,ff,b2cc,7100,00,00,b783,7000,00,00,70ca,feff,00,fe,8d70,3800,00,01,65c0,5cfc,00,00,d181,6902,00,fe,8be0,2e00,00,ff,4893,42ff,00,fc,76c0,54fe,00
2372,ff,3048,f3ff,00,ff,b3a0,7100,00,00,b868,7000,00,00,70b0,feff,00,fe,8e58,3800,00,01,6200,5cfc,00,00,d478,6902,00,fe,8cb0,2e00,00,ff,47e8,42ff,00,fc,7530,54fe,00
2373,ff,2f49,f3ff,00,ff,b474,7100,00,00,b94d,7000,00,00,7096,feff,00,fe,8f40,3800,00,01,5e40,5cfc,00,00,d76f,6902,00,fe,8d80,2e00,00,ff,473d,42ff,00,fc,73a0,54fe,00
2374,ff,2e4a,f3ff,00,ff,b548,7100,00,00,ba32,7000,00,00,707c,feff,00,fe,9028,3800,00,01,5a80,5cfc,00,00,da66,6902,00,fe,8e50,2e00,00,ff,4692,42ff,00,fc,7210,54fe,00
2375,ff,2d4b,f3ff,00,ff,b61c,7100,00,00,bb17,7000,00,00,7062,feff,00,fe,9110,3800,00,01,56c0,5cfc,00,00,dd5d,6902,00,fe,8f20,2e00,00,ff,45e7,42ff,00,fc,7080,54fe,00
2376,ff,2c4c,f3ff,00,ff,b6f0,7100,00,00,bbfc,7000,00,00,7048,feff,00,fe,91f8,3800,00,01,5300,5cfc,00,00,e054,6902,00,fe,8ff0,2e00,00,ff,453c,42ff,00,fc,6ef0,54fe,00
2377,ff,2b4d,f3ff,00,ff,b7c4,7100,00,00,bce1,7000,00,00,702e,feff,00,fe,92e0,3800,00,01,4f40,5cfc,00,00,e34b,6902,00,fe,90c0,2e00,00,ff,4491,42ff,00,fc,6d60,54fe,00
2378,ff,2a4e,f3ff,00,ff,b898,7100,00,00,bdc6,7000,00,00,7014,feff,00,fe,93c8,3800,00,01,4b80,5cfc,00,00,e642,6902,00,fe,9190,2e00,00,ff,43e6,42ff,00,fc,6bd0,54fe,00
2379,ff,294f,f3ff,00,ff,b96c,7100,00,00,beab,7000,00,00,6ffa,feff,00,fe,94b0,3800,00,01,47c0,5cfc,00,00,e939,6902,00,fe,9260,2e00,00,ff,433b,42ff,00,fc,6a40,54fe,00
2380,ff,2850,f3ff,00,ff,ba40,7100,00,00,bf90,7000,00,00,6fe0,feff,00,fe,9598,3800,00,01,4400,5cfc,00,00,ec30,6902,00,fe,9330,2e00,00,ff,4290,42ff,00,fc,68b0,54fe,00
2381,ff,2751,f3ff,00,ff,bb14,7100,00,00,c075,7000,00,00,6fc6,feff,00,fe,9680,3800,00,01,4040,5cfc,00,00,ef27,6902,00,fe,9400,2e00,00,ff,41e5,42ff,00,fc,6720,54fe,00
2382,ff,2652,f3ff,00,ff,bbe8,7100,00,00,c15a,7000,00,00,6fac,feff,00,fe,9768,3800,00,01,3c80,5cfc,00,00,781e,6902,00,fe,94d0,2e00,00,ff,413a,42ff,00,fc,6590,54fe,00
2383,ff,2553,f3ff,00,ff,bcbc,7100,00,00,c23f,7000,00,00,6f92,feff,00,fe,9850,3800,00,01,38c0,5cfc,00,00,7b15,6902,00,fe,95a0,2e00,00,ff,408f,42ff,00,fc,6400,54fe,00
2384,ff,2454,f3ff,00,ff,bd90,7100,00,00,c324,7000,00,00,6f78,feff,00,fe,9938,3800,00,01,3500,5cfc,00,00,7e0c,6902,00,fe,9670,2e00,00,ff,3fe4,42ff,00,fc,6270,54fe,00
2385,ff,2355,f3ff,00,ff,be64,7100,00,00,c409,7000,00,00,6f5e,feff,00,fe,9a20,3800,00,01,3140,5cfc,00,00,8103,6902,00,fe,9740,2e00,00,ff,3f39,42ff,00,fc,60e0,54fe,00
2386,ff,2256,f3ff,00,ff,bf38,7100,00,00,c4ee,7000,00,00,6f44,feff,00,fe,9b08,3800,00,01,2d80,5cfc,00,00,83fa,6902,00,fe,9810,2e00,00,ff,3e8e,42ff,00,fc,5f50,54fe,00
2387,ff,2157,f3ff,00,ff,c00c,7100,00,00,c5d3,7000,00,00,6f2a,feff,00,fe,9bf0,3800,00,01,29c0,5cfc,00,00,86f1,6902,00,fe,98e0,2e00,00,ff,3de3,42ff,00,fc,5dc0,54fe,00
2388,ff,2058,f3ff,00,ff,c0e0,7100,00,00,c6b8,7000,00,00,6f10,feff,00,fe,9cd8,3800,00,01,2600,5cfc,00,00,89e8,6902,00,fe,99b0,2e00,00,ff,3d38,42ff,00,fc,5c30,54fe,00
2389,ff,1f59,f3ff,00,ff,c1b4,7100,00,00,c79d,7000,00,00,6ef6,feff,00,fe,9dc0,3800,00,01,2240,5cfc,00,00,8cdf,6902,00,fe,9a80,2e00,00,ff,3c8d,42ff,00,fc,5aa0,54fe,00
2390,ff,1e5a,f3ff,00,ff,c288,7100,00,00,c882,7000,00,00,6edc,feff,00,fe,9ea8,3800,00,01,1e80,5cfc,00,00,8fd6,6902,00,fe,9b50,2e00,00,ff,3be2,42ff,00,fc,5910,54fe,00
2391,ff,1d5b,f3ff,00,ff,c35c,7100,00,00,c967,7000,00,00,6ec2,feff,00,fe,9f90,3800,00,01,1ac0,5cfc,00,00,92cd,6902,00,fe,9c20,2e00,00,ff,3b37,42ff,00,fc,5780,54fe,00
2392,ff,1c5c,f3ff,00,ff,c430,7100,00,00,ca4c,7000,00,00,6ea8,feff,00,fe,a078,3800,00,01,1700,5cfc,00,00,95c4,6902,00,fe,9cf0,2e00,00,ff,3a8c,42ff,00,fc,55f0,54fe,00
2393,ff,1b5d,f3ff,00,ff,c504,7100,00,00,cb31,7000,00,00,6e8e,feff,00,fe,a160,3800,00,01,1340,5cfc,00,00,98bb,6902,00,fe,9dc0,2e00,00,ff,39e1,42ff,00,fc,5460,54fe,00
2394,ff,1a5e,f3ff,00,ff,c5d8,7100,00,00,cc16,7000,00,00,6e74,feff,00,fe,a248,3800,00,01,0f80,5cfc,00,00,9bb2,6902,00,fe,78c0,2e00,00,ff,3936,42ff,00,fc,7860,54fe,00
2395,ff,195f,f3ff,00,ff,c6ac,7100,00,00,ccfb,7000,00,00,6e5a,feff,00,fe,a330,3800,00,01,0bc0,5cfc,00,00,9ea9,6902,00,fe,7990,2e00,00,ff,388b,42ff,00,fc,76d0,54fe,00
2396,ff,1860,f3ff,00,ff,c780,7100,00,00,cde0,7000,00,00,6e40,feff,00,fe,7830,3800,00,01,0800,5cfc,00,00,a1a0,6902,00,fe,7a60,2e00,00,ff,37e0,42ff,00,fc,7540,54fe,00
2397,ff,1761,f3ff,00,ff,c854,7100,00,00,cec5,7000,00,00,6e26,feff,00,fe,7918,3800,00,01,0440,5cfc,00,00,a497,6902,00,fe,7b30,2e00,00,ff,3735,42ff,00,fc,73b0,54fe,00
2398,ff,1662,f3ff,00,ff,c928,7100,00,00,cfaa,7000,00,00,6e0c,feff,00,fe,7a00,3800,00,01,0080,5cfc,00,00,a78e,6902,00,fe,7c00,2e00,00,ff,368a,42ff,00,fc,7220,54fe,00
2399,ff,1563,f3ff,00,ff,c9fc,7100,00,00,d08f,7000,00,00,6df2,feff,00,fe,7ae8,3800,00,01,78c0,5cfc,00,00,aa85,6902,00,fe,7cd0,2e00,00,ff,35df,42ff,00,fc,7090,54fe,00
2400,ff,1464,f3ff,00,ff,cad0,7100,00,00,d174,7000,00,00,6dd8,feff,00,fe,7bd0,3800,00,01,7500,5cfc,00,00,ad7c,6902,00,fe,7da0,2e00,00,ff,3534,42ff,00,fc,6f00,54fe,00
2401,ff,1365,f3ff,00,ff,cba4,7100,00,00,d259,7000,00,00,6dbe,feff,00,fe,7cb8,3800,00,01,7140,5cfc,00,00,b073,6902,00,fe,7e70,2e00,00,ff,3489,42ff,00,fc,6d70,54fe,00
2402,ff,1266,f3ff,00,ff,cc78,7100,00,00,d33e,7000,00,00,6da4,feff,00,fe,7da0,3800,00,01,6d80,5cfc,00,00,b36a,6902,00,fe,7f40,2e00,00,ff,33de,42ff,00,fc,6be0,54fe,00
2403,ff,1167,f3ff,00,ff,cd4c,7100,00,00,d423,7000,00,00,6d8a,feff,00,fe,7e88,3800,00,01,69c0,5cfc,00,00,b661,6902,00,fe,8010,2e00,00,ff,3333,42ff,00,fc,6a50,54fe,00
2404,ff,1068,f3ff,00,ff,ce20,7100,00,00,d508,7000,00,00,6d70,feff,00,fe,7f70,3800,00,01,6600,5cfc,00,00,b958,6902,00,fe,80e0,2e00,00,ff,3288,42ff,00,fc,68c0,54fe,00
2405,ff,0f69,f3ff,00,ff,cef4,7100,00,00,d5ed,7000,00,00,6d56,feff,00,fe,8058,3800,00,01,6240,5cfc,00,00,bc4f,6902,00,fe,81b0,2e00,00,ff,31dd,42ff,00,fc,6730,54fe,00
2406,ff,0e6a,f3ff,00,ff,cfc8,7100,00,00,d6d2,7000,00,00,6d3c,feff,00,fe,8140,3800,00,01,5e80,5cfc,00,00,bf46,6902,00,fe,8280,2e00,00,ff,3132,42ff,00,fc,65a0,54fe,00
2407,ff,0d6b,f3ff,00,ff,d09c,7100,00,00,d7b7,7000,00,00,6d22,feff,00,fe,8228,3800,00,01,5ac0,5cfc,00,00,c23d,6902,00,fe,8350,2e00,00,ff,3087,42ff,00,fc,6410,54fe,00
2408,ff,0c6c,f3ff,00,ff,d170,7100,00,00,d89c,7000,00,00,6d08,feff,00,fe,8310,3800,00,01,5700,5cfc,00,00,c534,6902,00,fe,8420,2e00,00,ff,2fdc,42ff,00,fc,6280,54fe,00
2409,ff,0b6d,f3ff,00,ff,d244,7100,00,00,d981,7000,00,00,6cee,feff,00,fe,83f8,3800,00,01,5340,5cfc,00,00,c82b,6902,00,fe,84f0,2e00,00,ff,2f31,42ff,00,fc,60f0,54fe,00
2410,ff,0a6e,f3ff,00,ff,d318,7100,00,00,da66,7000,00,00,6cd4,feff,00,fe,84e0,3800,00,01,4f80,5cfc,00,00,cb22,6902,00,fe,85c0,2e00,00,ff,2e86,42ff,00,fc,5f60,54fe,00
2411,ff,096f,f3ff,00,ff,d3ec,7100,00,00,db4b,7000,00,00,6cba,feff,00,fe,85c8,3800,00,01,4bc0,5cfc,00,00,ce19,6902,00,fe,8690,2e00,00,ff,2ddb,42ff,00,fc,5dd0,54fe,00
2412,ff,0870,f3ff,00,ff,d4c0,7100,00,00,dc30,7000,00,00,6ca0,feff,00,fe,86b0,3800,00,01,4800,5cfc,00,00,d110,6902,00,fe,8760,2e00,00,ff,2d30,42ff,00,fc,5c40,54fe,00
2413,ff,0771,f3ff,00,ff,d594,7100,00,00,dd15,7000,00,00,6c86,feff,00,fe,8798,3800,00,01,4440,5cfc,00,00,d407,6902,00,fe,8830,2e00,00,ff,2c85,42ff,00,fc,5ab0,54fe,00
2414,ff,0672,f3ff,00,ff,d668,7100,00,00,ddfa,7000,00,00,6c6c,feff,00,fe,8880,3800,00,01,4080,5cfc,00,00,d6fe,6902,00,fe,8900,2e00,00,ff,7885,42ff,00,fc,5920,54fe,00
2415,ff,0573,f3ff,00,ff,d73c,7100,00,00,dedf,7000,00,00,6c52,feff,00,fe,8968,3800,00,01,3cc0,5cfc,00,00,d9f5,6902,00,fe,89d0,2e00,00,ff,77da,42ff,00,fc,5790,54fe,00
2416,ff,0474,f3ff,00,ff,d810,7100,00,00,dfc4,7000,00,00,6c38,feff,00,fe,8a50,3800,00,01,3900,5cfc,00,00,dcec,6902,00,fe,8aa0,2e00,00,ff,772f,42ff,00,fc,5600,54fe,00
2417,ff,0375,f3ff,00,ff,d8e4,7100,00,00,e0a9,7000,00,00,6c1e,feff,00,fe,8b38,3800,00,01,3540,5cfc,00,00,dfe3,6902,00,fe,8b70,2e00,00,ff,7684,42ff,00,fc,5470,54fe,00
2418,ff,0276,f3ff,00,ff,d9b8,7100,00,00,e18e,7000,00,00,6c04,feff,00,fe,8c20,3800,00,01,3180,5cfc,00,00,e2da,6902,00,fe,8c40,2e00,00,ff,75d9,42ff,00,fc,7870,54fe,00
2419,ff,0177,f3ff,00,ff,da8c,7100,00,00,e273,7000,00,00,6bea,feff,00,fe,8d08,3800,00,01,2dc0,5cfc,00,00,e5d1,6902,00,fe,8d10,2e00,00,ff,752e,42ff,00,fc,76e0,54fe,00
2420,ff,0078,f3ff,00,ff,db60,7100,00,00,e358,7000,00,00,6bd0,feff,00,fe,8df0,3800,00,01,2a00,5cfc,00,00,e8c8,6902,00,fe,8de0,2e00,00,ff,7483,42ff,00,fc,7550,54fe,00
2421,ff,7879,f3ff,00,ff,dc34,7100,00,00,e43d,7000,00,00,6bb6,feff,00,fe,8ed8,3800,00,01,2640,5cfc,00,00,ebbf,6902,00,fe,8eb0,2e00,00,ff,73d8,42ff,00,fc,73c0,54fe,00
2422,ff,777a,f3ff,00,ff,dd08,7100,00,00,e522,7000,00,00,6b9c,feff,00,fe,8fc0,3800,00,01,2280,5cfc,00,00,eeb6,6902,00,fe,8f80,2e00,00,ff,732d,42ff,00,fc,7230,54fe,00
2423,ff,767b,f3ff,00,ff,dddc,7100,00,00,e607,7000,00,00,6b82,feff,00,fe,90a8,3800,00,01,1ec0,5cfc,00,00,78ad,6902,00,fe,9050,2e00,00,ff,7282,42ff,00,fc,70a0,54fe,00
2424,ff,757c,f3ff,00,ff,deb0,7100,00,00,e6ec,7000,00,00,6b68,feff,00,fe,9190,3800,00,01,1b00,5cfc,00,00,7ba4,6902,00,fe,9120,2e00,00,ff,71d7,42ff,00,fc,6f10,54fe,00
2425,ff,747d,f3ff,00,ff,df84,7100,00,00,e7d1,7000,00,00,6b4e,feff,00,fe,9278,3800,00,01,1740,5cfc,00,00,7e9b,6902,00,fe,91f0,2e00,00,ff,712c,42ff,00,fc,6d80,54fe,00
2426,ff,737e,f3ff,00,ff,e058,7100,00,00,e8b6,7000,00,00,6b34,feff,00,fe,9360,3800,00,01,1380,5cfc,00,00,8192,6902,00,fe,92c0,2e00,00,ff,7081,42ff,00,fc,6bf0,54fe,00
2427,ff,727f,f3ff,00,ff,e12c,7100,00,00,e99b,7000,00,00,6b1a,feff,00,fe,9448,3800,00,01,0fc0,5cfc,00,00,8489,6902,00,fe,9390,2e00,00,ff,6fd6,42ff,00,fc,6a60,54fe,00
2428,ff,7180,f3ff,00,ff,e200,7100,00,00,ea80,7000,00,00,6b00,feff,00,fe,9530,3800,00,01,0c00,5cfc,00,00,8780,6902,00,fe,9460,2e00,00,ff,6f2b,42ff,00,fc,68d0,54fe,00
2429,ff,7081,f3ff,00,ff,e2d4,7100,00,00,eb65,7000,00,00,6ae6,feff,00,fe,9618,3800,00,01,0840,5cfc,00,00,8a77,6902,00,fe,9530,2e00,00,ff,6e80,42ff,00,fc,6740,54fe,00
2430,ff,6f82,f3ff,00,ff,e3a8,7100,00,00,ec4a,7000,00,00,6acc,feff,00,fe,9700,3800,00,01,0480,5cfc,00,00,8d6e,6902,00,fe,9600,2e00,00,ff,6dd5,42ff,00,fc,65b0,54fe,00
2431,ff,6e83,f3ff,00,ff,e47c,7100,00,00,ed2f,7000,00,00,6ab2,feff,00,fe,97e8,3800,00,01,00c0,5cfc,00,00,9065,6902,00,fe,96d0,2e00,00,ff,6d2a,42ff,00,fc,6420,54fe,00
2432,ff,6d84,f3ff,00,ff,e550,7100,00,00,ee14,7000,00,00,6a98,feff,00,fe,98d0,3800,00,01,7800,5cfc,00,00,935c,6902,00,fe,97a0,2e00,00,ff,6c7f,42ff,00,fc,6290,54fe,00
2433,ff,6c85,f3ff,00,ff,e624,7100,00,00,eef9,7000,00,00,6a7e,feff,00,fe,99b8,3800,00,01,7440,5cfc,00,00,9653,6902,00,fe,9870,2e00,00,ff,6bd4,42ff,00,fc,6100,54fe,00
2434,ff,6b86,f3ff,00,ff,e6f8,7100,00,00,efde,7000,00,00,6a64,feff,00,fe,9aa0,3800,00,01,7080,5cfc,00,00,994a,6902,00,fe,9940,2e00,00,ff,6b29,42ff,00,fc,5f70,54fe,00
2435,ff,6a87,f3ff,00,ff,e7cc,7100,00,00,78c3,7000,00,00,6a4a,feff,00,fe,9b88,3800,00,01,6cc0,5cfc,00,00,9c41,6902,00,fe,9a10,2e00,00,ff,6a7e,42ff,00,fc,5de0,54fe,00
2436,ff,6988,f3ff,00,ff,e8a0,7100,00,00,79a8,7000,00,00,6a30,feff,00,fe,9c70,3800,00,01,6900,5cfc,00,00,9f38,6902,00,fe,9ae0,2e00,00,ff,69d3,42ff,00,fc,5c50,54fe,00
2437,ff,6889,f3ff,00,ff,e974,7100,00,00,7a8d,7000,00,00,6a16,feff,00,fe,9d58,3800,00,01,6540,5cfc,00,00,a22f,6902,00,fe,9bb0,2e00,00,ff,6928,42ff,00,fc,5ac0,54fe,00
2438,ff,678a,f3ff,00,ff,ea48,7100,00,00,7b72,7000,00,00,69fc,feff,00,fe,9e40,3800,00,01,6180,5cfc,00,00,a526,6902,00,fe,9c80,2e00,00,ff,687d,42ff,00,fc,5930,54fe,00
2439,ff,668b,f3ff,00,ff,eb1c,7100,00,00,7c57,7000,00,00,69e2,feff,00,fe,9f28,3800,00,01,5dc0,5cfc,00,00,a81d,6902,00,fe,9d50,2e00,00,ff,67d2,42ff,00,fc,57a0,54fe,00
2440,ff,658c,f3ff,00,ff,ebf0,7100,00,00,7d3c,7000,00,00,69c8,feff,00,fe,a010,3800,00,01,5a00,5cfc,00,00,ab14,6902,00,fe,9e20,2e00,00,ff,6727,42ff,00,fc,5610,54fe,00
2441,ff,648d,f3ff,00,ff,ecc4,7100,00,00,7e21,7000,00,00,69ae,feff,00,fe,a0f8,3800,00,01,5640,5cfc,00,00,ae0b,6902,00,fe,7820,2e00,00,ff,667c,42ff,00,fc,5480,54fe,00
2442,ff,638e,f3ff,00,ff,ed98,7100,00,00,7f06,7000,00,00,6994,feff,00,fe,a1e0,3800,00,01,5280,5cfc,00,00,b102,6902,00,fe,78f0,2e00,00,ff,65d1,42ff,00,fc,7880,54fe,00
2443,ff,628f,f3ff,00,ff,ee6c,7100,00,00,7feb,7000,00,00,697a,feff,00,fe,a2c8,3800,00,01,4ec0,5cfc,00,00,b3f9,6902,00,fe,79c0,2e00,00,ff,6526,42ff,00,fc,76f0,54fe,00
2444,ff,6190,f3ff,00,ff,ef40,7100,00,00,80d0,7000,00,00,6960,feff,00,fe,78c8,3800,00,01,4b00,5cfc,00,00,b6f0,6902,00,fe,7a90,2e00,00,ff,647b,42ff,00,fc,7560,54fe,00
2445,ff,6091,f3ff,00,ff,7814,7100,00,00,81b5,7000,00,00,6946,feff,00,fe,79b0,3800,00,01,4740,5cfc,00,00,b9e7,6902,00,fe,7b60,2e00,00,ff,63d0,42ff,00,fc,73d0,54fe,00
2446,ff,5f92,f3ff,00,ff,78e8,7100,00,00,829a,7000,00,00,692c,feff,00,fe,7a98,3800,00,01,4380,5cfc,00,00,bcde,6902,00,fe,7c30,2e00,00,ff,6325,42ff,00,fc,7240,54fe,00
2447,ff,5e93,f3ff,00,ff,79bc,7100,00,00,837f,7000,00,00,6912,feff,00,fe,7b80,3800,00,01,3fc0,5cfc,00,00,bfd5,6902,00,fe,7d00,2e00,00,ff,627a,42ff,00,fc,70b0,54fe,00
2448,ff,5d94,f3ff,00,ff,7a90,7100,00,00,8464,7000,00,00,68f8,feff,00,fe,7c68,3800,00,01,3c00,5cfc,00,00,c2cc,6902,00,fe,7dd0,2e00,00,ff,61cf,42ff,00,fc,6f20,54fe,00
2449,ff,5c95,f3ff,00,ff,7b64,7100,00,00,8549,7000,00,00,68de,feff,00,fe,7d50,3800,00,01,3840,5cfc,00,00,c5c3,6902,00,fe,7ea0,2e00,00,ff,6124,42ff,00,fc,6d90,54fe,00
2450,ff,5b96,f3ff,00,ff,7c38,7100,00,00,862e,7000,00,00,68c4,feff,00,fe,7e38,3800,00,01,3480,5cfc,00,00,c8ba,6902,00,fe,7f70,2e00,00,ff,6079,42ff,00,fc,6c00,54fe,00
2451,ff,5a97,f3ff,00,ff,7d0c,7100,00,00,8713,7000,00,00,68aa,feff,00,fe,7f20,3800,00,01,30c0,5cfc,00,00,cbb1,6902,00,fe,8040,2e00,00,ff,5fce,42ff,00,fc,6a70,54fe,00
2452,ff,5998,f3ff,00,ff,7de0,7100,00,00,87f8,7000,00,00,6890,feff,00,fe,8008,3800,00,01,2d00,5cfc,00,00,cea8,6902,00,fe,8110,2e00,00,ff,5f23,42ff,00,fc,68e0,54fe,00
2453,ff,5899,f3ff,00,ff,7eb4,7100,00,00,88dd,7000,00,00,6876,feff,00,fe,80f0,3800,00,01,2940,5cfc,00,00,d19f,6902,00,fe,81e0,2e00,00,ff,5e78,42ff,00,fc,6750,54fe,00
2454,ff,579a,f3ff,00,ff,7f88,7100,00,00,89c2,7000,00,00,685c,feff,00,fe,81d8,3800,00,01,2580,5cfc,00,00,d496,6902,00,fe,82b0,2e00,00,ff,5dcd,42ff,00,fc,65c0,54fe,00
2455,ff,569b,f3ff,00,ff,805c,7100,00,00,8aa7,7000,00,00,6842,feff,00,fe,82c0,3800,00,01,21c0,5cfc,00,00,d78d,6902,00,fe,8380,2e00,00,ff,5d22,42ff,00,fc,6430,54fe,00
2456,ff,559c,f3ff,00,ff,8130,7100,00,00,8b8c,7000,00,00,6828,feff,00,fe,83a8,3800,00,01,1e00,5cfc,00,00,da84,6902,00,fe,8450,2e00,00,ff,5c77,42ff,00,fc,62a0,54fe,00
2457,ff,549d,f3ff,00,ff,8204,7100,00,00,8c71,7000,00,00,680e,feff,00,fe,8490,3800,00,01,1a40,5cfc,00,00,dd7b,6902,00,fe,8520,2e00,00,ff,5bcc,42ff,00,fc,6110,54fe,00
2458,ff,539e,f3ff,00,ff,82d8,7100,00,00,8d56,7000,00,00,780e,feff,00,fe,8578,3800,00,01,1680,5cfc,00,00,e072,6902,00,fe,85f0,2e00,00,ff,5b21,42ff,00,fc,5f80,54fe,00
2459,ff,529f,f3ff,00,ff,83ac,7100,00,00,8e3b,7000,00,00,77f4,feff,00,fe,8660,3800,00,01,12c0,5cfc,00,00,e369,6902,00,fe,86c0,2e00,00,ff,5a76,42ff,00,fc,5df0,54fe,00
2460,ff,51a0,f3ff,00,ff,8480,7100,00,00,8f20,7000,00,00,77da,feff,00,fe,8748,3800,00,01,0f00,5cfc,00,00,e660,6902,00,fe,8790,2e00,00,ff,59cb,42ff,00,fc,5c60,54fe,00
2461,ff,50a1,f3ff,00,ff,8554,7100,00,00,9005,7000,00,00,77c0,feff,00,fe,8830,3800,00,01,0b40,5cfc,00,00,e957,6902,00,fe,8860,2e00,00,ff,5920,42ff,00,fc,5ad0,54fe,00
2462,ff,4fa2,f3ff,00,ff,8628,7100,00,00,90ea,7000,00,00,77a6,feff,00,fe,8918,3800,00,01,0780,5cfc,00,00,ec4e,6902,00,fe,8930,2e00,00,ff,5875,42ff,00,fc,5940,54fe,00
2463,ff,4ea3,f3ff,00,ff,86fc,7100,00,00,91cf,7000,00,00,778c,feff,00,fe,8a00,3800,00,01,03c0,5cfc,00,00,ef45,6902,00,fe,8a00,2e00,00,ff,57ca,42ff,00,fc,57b0,54fe,00
2464,ff,4da4,f3ff,00,ff,87d0,7100,00,00,92b4,7000,00,00,7772,feff,00,fe,8ae8,3800,00,01,0000,5cfc,00,00,783c,6902,00,fe,8ad0,2e00,00,ff,571f,42ff,00,fc,5620,54fe,00
2465,ff,4ca5,f3ff,00,ff,88a4,7100,00,00,9399,7000,00,00,7758,feff,00,fe,8bd0,3800,00,01,7840,5cfc,00,00,7b33,6902,00,fe,8ba0,2e00,00,ff,5674,42ff,00,fc,5490,54fe,00
2466,ff,4ba6,f3ff,00,ff,8978,7100,00,00,947e,7000,00,00,773e,feff,00,fe,8cb8,3800,00,01,7480,5cfc,00,00,7e2a,6902,00,fe,8c70,2e00,00,ff,55c9,42ff,00,fc,7890,54fe,00
2467,ff,4aa7,f3ff,00,ff,8a4c,7100,00,00,9563,7000,00,00,7724,feff,00,fe,8da0,3800,00,01,70c0,5cfc,00,00,8121,6902,00,fe,8d40,2e00,00,ff,551e,42ff,00,fc,7700,54fe,00
2468,ff,49a8,f3ff,00,ff,8b20,7100,00,00,9648,7000,00,00,770a,feff,00,fe,8e88,3800,00,01,6d00,5cfc,00,00,8418,6902,00,fe,8e10,2e00,00,ff,5473,42ff,00,fc,7570,54fe,00
2469,ff,48a9,f3ff,00,ff,8bf4,7100,00,00,972d,7000,00,00,76f0,feff,00,fe,8f70,3800,00,01,6940,5cfc,00,00,870f,6902,00,fe,8ee0,2e00,00,ff,53c8,42ff,00,fc,73e0,54fe,00
2470,ff,47aa,f3ff,00,ff,8cc8,7100,00,00,9812,7000,00,00,76d6,feff,00,fe,9058,3800,00,01,6580,5cfc,00,00,8a06,6902,00,fe,8fb0,2e00,00,ff,531d,42ff,00,fc,7250,54fe,00
2471,ff,46ab,f3ff,00,ff,8d9c,7100,00,00,98f7,7000,00,00,76bc,feff,00,fe,9140,3800,00,01,61c0,5cfc,00,00,8cfd,6902,00,fe,9080,2e00,00,ff,5272,42ff,00,fc,70c0,54fe,00
2472,ff,45ac,f3ff,00,ff,8e70,7100,00,00,99dc,7000,00,00,76a2,feff,00,fe,9228,3800,00,01,5e00,5cfc,00,00,8ff4,6902,00,fe,9150,2e00,00,ff,51c7,42ff,00,fc,6f30,54fe,00
2473,ff,44ad,f3ff,00,ff,8f44,7100,00,00,9ac1,7000,00,00,7688,feff,00,fe,9310,3800,00,01,5a40,5cfc,00,00,92eb,6902,00,fe,9220,2e00,00,ff,511c,42ff,00,fc,6da0,54fe,00
2474,ff,43ae,f3ff,00,ff,9018,7100,00,00,9ba6,7000,00,00,766e,feff,00,fe,93f8,3800,00,01,5680,5cfc,00,00,95e2,6902,00,fe,92f0,2e00,00,ff,5071,42ff,00,fc,6c10,54fe,00
2475,ff,42af,f3ff,00,ff,90ec,7100,00,00,9c8b,7000,00,00,7654,feff,00,fe,94e0,3800,00,01,52c0,5cfc,00,00,98d9,6902,00,fe,93c0,2e00,00,ff,4fc6,42ff,00,fc,6a80,54fe,00
2476,ff,41b0,f3ff,00,ff,91c0,7100,00,00,9d70,7000,00,00,763a,feff,00,fe,95c8,3800,00,01,4f00,5cfc,00,00,9bd0,6902,00,fe,9490,2e00,00,ff,4f1b,42ff,00,fc,68f0,54fe,00
2477,ff,40b1,f3ff,00,ff,9294,7100,00,00,9e55,7000,00,00,7620,feff,00,fe,96b0,3800,00,01,4b40,5cfc,00,00,9ec7,6902,00,fe,9560,2e00,00,ff,4e70,42ff,00,fc,6760,54fe,00
2478,ff,3fb2,f3ff,00,ff,9368,7100,00,00,9f3a,7000,00,00,7606,feff,00,fe,9798,3800,00,01,4780,5cfc,00,00,a1be,6902,00,fe,9630,2e00,00,ff,4dc5,42ff,00,fc,65d0,54fe,00
2479,ff,3eb3,f3ff,00,ff,943c,7100,00,00,a01f,7000,00,00,75ec,feff,00,fe,9880,3800,00,01,43c0,5cfc,00,00,a4b5,6902,00,fe,9700,2e00,00,ff,4d1a,42ff,00,fc,6440,54fe,00
2480,ff,3db4,f3ff,00,ff,9510,7100,00,00,a104,7000,00,00,75d2,feff,00,fe,9968,3800,00,01,4000,5cfc,00,00,a7ac,6902,00,fe,97d0,2e00,00,ff,4c6f,42ff,00,fc,62b0,54fe,00
2481,ff,3cb5,f3ff,00,ff,95e4,7100,00,00,a1e9,7000,00,00,75b8,feff,00,fe,9a50,3800,00,01,3c40,5cfc,00,00,aaa3,6902,00,fe,98a0,2e00,00,ff,4bc4,42ff,00,fc,6120,54fe,00
2482,ff,3bb6,f3ff,00,ff,96b8,7100,00,00,a2ce,7000,00,00,759e,feff,00,fe,9b38,3800,00,01,3880,5cfc,00,00,ad9a,6902,00,fe,9970,2e00,00,ff,4b19,42ff,00,fc,5f90,54fe,00
2483,ff,3ab7,f3ff,00,ff,978c,7100,00,00,a3b3,7000,00,00,7584,feff,00,fe,9c20,3800,00,01,34c0,5cfc,00,00,b091,6902,00,fe,9a40,2e00,00,ff,4a6e,42ff,00,fc,5e00,54fe,00
2484,ff,39b8,f3ff,00,ff,9860,7100,00,00,a498,7000,00,00,756a,feff,00,fe,9d08,3800,00,01,3100,5cfc,00,00,b388,6902,00,fe,9b10,2e00,00,ff,49c3,42ff,00,fc,5c70,54fe,00
2485,ff,38b9,f3ff,00,ff,9934,7100,00,00,a57d,7000,00,00,7550,feff,00,fe,9df0,3800,00,01,2d40,5cfc,00,00,b67f,6902,00,fe,9be0,2e00,00,ff,4918,42ff,00,fc,5ae0,54fe,00
2486,ff,37ba,f3ff,00,ff,9a08,7100,00,00,a662,7000,00,00,7536,feff,00,fe,9ed8,3800,00,01,2980,5cfc,00,00,b976,6902,00,fe,9cb0,2e00,00,ff,486d,42ff,00,fc,5950,54fe,00
2487,ff,36bb,f3ff,00,ff,9adc,7100,00,00,a747,7000,00,00,751c,feff,00,fe,9fc0,3800,00,01,25c0,5cfc,00,00,bc6d,6902,00,fe,9d80,2e00,00,ff,47c2,42ff,00,fc,57c0,54fe,00
2488,ff,35bc,f3ff,00,ff,9bb0,7100,00,00,a82c,7000,00,00,7502,feff,00,fe,a0a8,3800,00,01,2200,5cfc,00,00,bf64,6902,00,fe,7880,2e00,00,ff,4717,42ff,00,fc,5630,54fe,00
2489,ff,34bd,f3ff,00,ff,9c84,7100,00,00,a911,7000,00,00,74e8,feff,00,fe,a190,3800,00,01,1e40,5cfc,00,00,c25b,6902,00,fe,7950,2e00,00,ff,466c,42ff,00,fc,54a0,54fe,00
2490,ff,33be,f3ff,00,ff,9d58,7100,00,00,a9f6,7000,00,00,74ce,feff,00,fe,a278,3800,00,01,1a80,5cfc,00,00,c552,6902,00,fe,7a20,2e00,00,ff,45c1,42ff,00,fc,78a0,54fe,00
2491,ff,32bf,f3ff,00,ff,9e2c,7100,00,00,aadb,7000,00,00,74b4,feff,00,fe,a360,3800,00,01,16c0,5cfc,00,00,c849,6902,00,fe,7af0,2e00,00,ff,4516,42ff,00,fc,7710,54fe,00
2492,ff,31c0,f3ff,00,ff,9f00,7100,00,00,abc0,7000,00,00,749a,feff,00,fe,7860,3800,00,01,1300,5cfc,00,00,cb40,6902,00,fe,7bc0,2e00,00,ff,446b,42ff,00,fc,7580,54fe,00
2493,ff,30c1,f3ff,00,ff,9fd4,7100,00,00,aca5,7000,00,00,7480,feff,00,fe,7948,3800,00,01,0f40,5cfc,00,00,ce37,6902,00,fe,7c90,2e00,00,ff,43c0,42ff,00,fc,73f0,54fe,00
2494,ff,2fc2,f3ff,00,ff,a0a8,7100,00,00,ad8a,7000,00,00,7466,feff,00,fe,7a30,3800,00,01,0b80,5cfc,00,00,d12e,6902,00,fe,7d60,2e00,00,ff,4315,42ff,00,fc,7260,54fe,00
2495,ff,2ec3,f3ff,00,ff,a17c,7100,00,00,ae6f,7000,00,00,744c,feff,00,fe,7b18,3800,00,01,07c0,5cfc,00,00,d425,6902,00,fe,7e30,2e00,00,ff,426a,42ff,00,fc,70d0,54fe,00
2496,ff,2dc4,f3ff,00,ff,a250,7100,00,00,af54,7000,00,00,7432,feff,00,fe,7c00,3800,00,01,0400,5cfc,00,00,d71c,6902,00,fe,7f00,2e00,00,ff,41bf,42ff,00,fc,6f40,54fe,00
2497,ff,2cc5,f3ff,00,ff,a324,7100,00,00,b039,7000,00,00,7418,feff,00,fe,7ce8,3800,00,01,0040,5cfc,00,00,da13,6902,00,fe,7fd0,2e00,00,ff,4114,42ff,00,fc,6db0,54fe,00
2498,ff,2bc6,f3ff,00,ff,a3f8,7100,00,00,b11e,7000,00,00,73fe,feff,00,fe,7dd0,3800,00,01,7880,5cfc,00,00,dd0a,6902,00,fe,80a0,2e00,00,ff,4069,42ff,00,fc,6c20,54fe,00
2499,ff,2ac7,f3ff,00,ff,a4cc,7100,00,00,b203,7000,00,00,73e4,feff,00,fe,7eb8,3800,00,01,74c0,5cfc,00,00,e001,6902,00,fe,8170,2e00,00,ff,3fbe,42ff,00,fc,6a90,54fe,00
2500,ff,29c8,f3ff,00,ff,a5a0,7100,00,00,b2e8,7000,00,00,73ca,feff,00,fe,7fa0,3800,00,01,7100,5cfc,00,00,e2f8,6902,00,fe,8240,2e00,00,ff,3f13,42ff,00,fc,6900,54fe,00
2501,ff,28c9,f3ff,00,ff,a674,7100,00,00,b3cd,7000,00,00,73b0,feff,00,fe,8088,3800,00,01,6d40,5cfc,00,00,e5ef,6902,00,fe,8310,2e00,00,ff,3e68,42ff,00,fc,6770,54fe,00
2502,ff,27ca,f3ff,00,ff,a748,7100,00,00,b4b2,7000,00,00,7396,feff,00,fe,8170,3800,00,01,6980,5cfc,00,00,e8e6,6902,00,fe,83e0,2e00,00,ff,3dbd,42ff,00,fc,65e0,54fe,00
2503,ff,26cb,f3ff,00,ff,a81c,7100,00,00,b597,7000,00,00,737c,feff,00,fe,8258,3800,00,01,65c0,5cfc,00,00,ebdd,6902,00,fe,84b0,2e00,00,ff,3d12,42ff,00,fc,6450,54fe,00
2504,ff,25cc,f3ff,00,ff,a8f0,7100,00,00,b67c,7000,00,00,7362,feff,00,fe,8340,3800,00,01,6200,5cfc,00,00,eed4,6902,00,fe,8580,2e00,00,ff,3c67,42ff,00,fc,62c0,54fe,00
2505,ff,24cd,f3ff,00,ff,a9c4,7100,00,00,b761,7000,00,00,7348,feff,00,fe,8428,3800,00,01,5e40,5cfc,00,00,78cb,6902,00,fe,8650,2e00,00,ff,3bbc,42ff,00,fc,6130,54fe,00
2506,ff,23ce,f3ff,00,ff,aa98,7100,00,00,b846,7000,00,00,732e,feff,00,fe,8510,3800,00,01,5a80,5cfc,00,00,7bc2,6902,00,fe,8720,2e00,00,ff,3b11,42ff,00,fc,5fa0,54fe,00
2507,ff,22cf,f3ff,00,ff,ab6c,7100,00,00,b92b,7000,00,00,7314,feff,00,fe,85f8,3800,00,01,56c0,5cfc,00,00,7eb9,6902,00,fe,87f0,2e00,00,ff,3a66,42ff,00,fc,5e10,54fe,00
2508,ff,21d0,f3ff,00,ff,ac40,7100,00,00,ba10,7000,00,00,72fa,feff,00,fe,86e0,3800,00,01,5300,5cfc,00,00,81b0,6902,00,fe,88c0,2e00,00,ff,39bb,42ff,00,fc,5c80,54fe,00
2509,ff,20d1,f3ff,00,ff,ad14,7100,00,00,baf5,7000,00,00,72e0,feff,00,fe,87c8,3800,00,01,4f40,5cfc,00,00,84a7,6902,00,fe,8990,2e00,00,ff,3910,42ff,00,fc,5af0,54fe,00
2510,ff,1fd2,f3ff,00,ff,ade8,7100,00,00,bbda,7000,00,00,72c6,feff,00,fe,88b0,3800,00,01,4b80,5cfc,00,00,879e,6902,00,fe,8a60,2e00,00,ff,3865,42ff,00,fc,5960,54fe,00
2511,ff,1ed3,f3ff,00,ff,aebc,7100,00,00,bcbf,7000,00,00,72ac,feff,00,fe,8998,3800,00,01,47c0,5cfc,00,00,8a95,6902,00,fe,8b30,2e00,00,ff,37ba,42ff,00,fc,57d0,54fe,00
2512,ff,1dd4,f3ff,00,ff,af90,7100,00,00,bda4,7000,00,00,7292,feff,00,fe,8a80,3800,00,01,4400,5cfc,00,00,8d8c,6902,00,fe,8c00,2e00,00,ff,370f,42ff,00,fc,5640,54fe,00
2513,ff,1cd5,f3ff,00,ff,b064,7100,00,00,be89,7000,00,00,7278,feff,00,fe,8b68,3800,00,01,4040,5cfc,00,00,9083,6902,00,fe,8cd0,2e00,00,ff,3664,42ff,00,fc,7840,54fe,00
2514,ff,1bd6,f3ff,00,ff,b138,7100,00,00,bf6e,7000,00,00,725e,feff,00,fe,8c50,3800,00,01,3c80,5cfc,00,00,937a,6902,00,fe,8da0,2e00,00,ff,35b9,42ff,00,fc,76b0,54fe,00
2515,ff,1ad7,f3ff,00,ff,b20c,7100,00,00,c053,7000,00,00,7244,feff,00,fe,8d38,3800,00,01,38c0,5cfc,00,00,9671,6902,00,fe,8e70,2e00,00,ff,350e,42ff,00,fc,7520,54fe,00
2516,ff,19d8,f3ff,00,ff,b2e0,7100,00,00,c138,7000,00,00,722a,feff,00,fe,8e20,3800,00,01,3500,5cfc,00,00,9968,6902,00,fe,8f40,2e00,00,ff,3463,42ff,00,fc,7390,54fe,00
2517,ff,18d9,f3ff,00,ff,b3b4,7100,00,00,c21d,7000,00,00,7210,feff,00,fe,8f08,3800,00,01,3140,5cfc,00,00,9c5f,6902,00,fe,9010,2e00,00,ff,33b8,42ff,00,fc,7200,54fe,00
2518,ff,17da,f3ff,00,ff,b488,7100,00,00,c302,7000,00,00,71f6,feff,00,fe,8ff0,3800,00,01,2d80,5cfc,00,00,9f56,6902,00,fe,90e0,2e00,00,ff,330d,42ff,00,fc,7070,54fe,00
2519,ff,16db,f3ff,00,ff,b55c,7100,00,00,c3e7,7000,00,00,71dc,feff,00,fe,90d8,3800,00,01,29c0,5cfc,00,00,a24d,6902,00,fe,91b0,2e00,00,ff,3262,42ff,00,fc,6ee0,54fe,00
2520,ff,15dc,f3ff,00,ff,b630,7100,00,00,c4cc,7000,00,00,71c2,feff,00,fe,91c0,3800,00,01,2600,5cfc,00,00,a544,6902,00,fe,9280,2e00,00,ff,31b7,42ff,00,fc,6d50,54fe,00
2521,ff,14dd,f3ff,00,ff,b704,7100,00,00,c5b1,7000,00,00,71a8,feff,00,fe,92a8,3800,00,01,2240,5cfc,00,00,a83b,6902,00,fe,9350,2e00,00,ff,310c,42ff,00,fc,6bc0,54fe,00
2522,ff,13de,f3ff,00,ff,b7d8,7100,00,00,c696,7000,00,00,718e,feff,00,fe,9390,3800,00,01,1e80,5cfc,00,00,ab32,6902,00,fe,9420,2e00,00,ff,3061,42ff,00,fc,6a30,54fe,00
2523,ff,12df,f3ff,00,ff,b8ac,7100,00,00,c77b,7000,00,00,7174,feff,00,fe,9478,3800,00,01,1ac0,5cfc,00,00,ae29,6902,00,fe,94f0,2e00,00,ff,2fb6,42ff,00,fc,68a0,54fe,00
2524,ff,11e0,f3ff,00,ff,b980,7100,00,00,c860,7000,00,00,715a,feff,00,fe,9560,3800,00,01,1700,5cfc,00,00,b120,6902,00,fe,95c0,2e00,00,ff,2f0b,42ff,00,fc,6710,54fe,00
2525,ff,10e1,f3ff,00,ff,ba54,7100,00,00,c945,7000,00,00,7140,feff,00,fe,9648,3800,00,01,1340,5cfc,00,00,b417,6902,00,fe,9690,2e00,00,ff,2e60,42ff,00,fc,6580,54fe,00
2526,ff,0fe2,f3ff,00,ff,bb28,7100,00,00,ca2a,7000,00,00,7126,feff,00,fe,9730,3800,00,01,0f80,5cfc,00,00,b70e,6902,00,fe,9760,2e00,00,ff,2db5,42ff,00,fc,63f0,54fe,00
2527,ff,0ee3,f3ff,00,ff,bbfc,7100,00,00,cb0f,7000,00,00,710c,feff,00,fe,9818,3800,00,01,0bc0,5cfc,00,00,ba05,6902,00,fe,9830,2e00,00,ff,2d0a,42ff,00,fc,6260,54fe,00
2528,ff,0de4,f3ff,00,ff,bcd0,7100,00,00,cbf4,7000,00,00,70f2,feff,00,fe,9900,3800,00,01,0800,5cfc,00,00,bcfc,6902,00,fe,9900,2e00,00,ff,780a,42ff,00,fc,60d0,54fe,00
2529,ff,0ce5,f3ff,00,ff,bda4,7100,00,00,ccd9,7000,00,00,70d8,feff,00,fe,99e8,3800,00,01,0440,5cfc,00,00,bff3,6902,00,fe,99d0,2e00,00,ff,775f,42ff,00,fc,5f40,54fe,00
2530,ff,0be6,f3ff,00,ff,be78,7100,00,00,cdbe,7000,00,00,70be,feff,00,fe,9ad0,3800,00,01,0080,5cfc,00,00,c2ea,6902,00,fe,9aa0,2e00,00,ff,76b4,42ff,00,fc,5db0,54fe,00
2531,ff,0ae7,f3ff,00,ff,bf4c,7100,00,00,cea3,7000,00,00,70a4,feff,00,fe,9bb8,3800,00,01,78c0,5cfc,00,00,c5e1,6902,00,fe,9b70,2e00,00,ff,7609,42ff,00,fc,5c20,54fe,00
2532,ff,09e8,f3ff,00,ff,c020,7100,00,00,cf88,7000,00,00,708a,feff,00,fe,9ca0,3800,00,01,7500,5cfc,00,00,c8d8,6902,00,fe,9c40,2e00,00,ff,755e,42ff,00,fc,5a90,54fe,00
2533,ff,08e9,f3ff,00,ff,c0f4,7100,00,00,d06d,7000,00,00,7070,feff,00,fe,9d88,3800,00,01,7140,5cfc,00,00,cbcf,6902,00,fe,9d10,2e00,00,ff,74b3,42ff,00,fc,5900,54fe,00
2534,ff,07ea,f3ff,00,ff,c1c8,7100,00,00,d152,7000,00,00,7056,feff,00,fe,9e70,3800,00,01,6d80,5cfc,00,00,cec6,6902,00,fe,9de0,2e00,00,ff,7408,42ff,00,fc,5770,54fe,00
2535,ff,06eb,f3ff,00,ff,c29c,7100,00,00,d237,7000,00,00,703c,feff,00,fe,9f58,3800,00,01,69c0,5cfc,00,00,d1bd,6902,00,fe,78e0,2e00,00,ff,735d,42ff,00,fc,55e0,54fe,00
2536,ff,05ec,f3ff,00,ff,c370,7100,00,00,d31c,7000,00,00,7022,feff,00,fe,a040,3800,00,01,6600,5cfc,00,00,d4b4,6902,00,fe,79b0,2e00,00,ff,72b2,42ff,00,fc,5450,54fe,00
2537,ff,04ed,f3ff,00,ff,c444,7100,00,00,d401,7000,00,00,7008,feff,00,fe,a128,3800,00,01,6240,5cfc,00,00,d7ab,6902,00,fe,7a80,2e00,00,ff,7207,42ff,00,fc,7850,54fe,00
2538,ff,03ee,f3ff,00,ff,c518,7100,00,00,d4e6,7000,00,00,6fee,feff,00,fe,a210,3800,00,01,5e80,5cfc,00,00,daa2,6902,00,fe,7b50,2e00,00,ff,715c,42ff,00,fc,76c0,54fe,00
2539,ff,02ef,f3ff,00,ff,c5ec,7100,00,00,d5cb,7000,00,00,6fd4,feff,00,fe,a2f8,3800,00,01,5ac0,5cfc,00,00,dd99,6902,00,fe,7c20,2e00,00,ff,70b1,42ff,00,fc,7530,54fe,00
2540,ff,01f0,f3ff,00,ff,c6c0,7100,00,00,d6b0,7000,00,00,6fba,feff,00,fe,78f8,3800,00,01,5700,5cfc,00,00,e090,6902,00,fe,7cf0,2e00,00,ff,7006,42ff,00,fc,73a0,54fe,00
2541,ff,00f1,f3ff,00,ff,c794,7100,00,00,d795,7000,00,00,6fa0,feff,00,fe,79e0,3800,00,01,5340,5cfc,00,00,e387,6902,00,fe,7dc0,2e00,00,ff,6f5b,42ff,00,fc,7210,54fe,00
2542,ff,78f2,f3ff,00,ff,c868,7100,00,00,d87a,7000,00,00,6f86,feff,00,fe,7ac8,3800,00,01,4f80,5cfc,00,00,e67e,6902,00,fe,7e90,2e00,00,ff,6eb0,42ff,00,fc,7080,54fe,00
2543,ff,77f3,f3ff,00,ff,c93c,7100,00,00,d95f,7000,00,00,6f6c,feff,00,fe,7bb0,3800,00,01,4bc0,5cfc,00,00,e975,6902,00,fe,7f60,2e00,00,ff,6e05,42ff,00,fc,6ef0,54fe,00
2544,ff,76f4,f3ff,00,ff,ca10,7100,00,00,da44,7000,00,00,6f52,feff,00,fe,7c98,3800,00,01,4800,5cfc,00,00,ec6c,6902,00,fe,8030,2e00,00,ff,6d5a,42ff,00,fc,6d60,54fe,00
2545,ff,75f5,f3ff,00,ff,cae4,7100,00,00,db29,7000,00,00,6f38,feff,00,fe,7d80,3800,00,01,4440,5cfc,00,00,ef63,6902,00,fe,8100,2e00,00,ff,6caf,42ff,00,fc,6bd0,54fe,00
2546,ff,74f6,f3ff,00,ff,cbb8,7100,00,00,dc0e,7000,00,00,6f1e,feff,00,fe,7e68,3800,00,01,4080,5cfc,00,00,785a,6902,00,fe,81d0,2e00,00,ff,6c04,42ff,00,fc,6a40,54fe,00
2547,ff,73f7,f3ff,00,ff,cc8c,7100,00,00,dcf3,7000,00,00,6f04,feff,00,fe,7f50,3800,00,01,3cc0,5cfc,00,00,7b51,6902,00,fe,82a0,2e00,00,ff,6b59,42ff,00,fc,68b0,54fe,00
2548,ff,72f8,f3ff,00,ff,cd60,7100,00,00,ddd8,7000,00,00,6eea,feff,00,fe,8038,3800,00,01,3900,5cfc,00,00,7e48,6902,00,fe,8370,2e00,00,ff,6aae,42ff,00,fc,6720,54fe,00
2549,ff,71f9,f3ff,00,ff,ce34,7100,00,00,debd,7000,00,00,6ed0,feff,00,fe,8120,3800,00,01,3540,5cfc,00,00,813f,6902,00,fe,8440,2e00,00,ff,6a03,42ff,00,fc,6590,54fe,00
2550,ff,70fa,f3ff,00,ff,cf08,7100,00,00,dfa2,7000,00,00,6eb6,feff,00,fe,8208,3800,00,01,3180,5cfc,00,00,8436,6902,00,fe,8510,2e00,00,ff,6958,42ff,00,fc,6400,54fe,00
2551,ff,6ffb,f3ff,00,ff,cfdc,7100,00,00,e087,7000,00,00,6e9c,feff,00,fe,82f0,3800,00,01,2dc0,5cfc,00,00,872d,6902,00,fe,85e0,2e00,00,ff,68ad,42ff,00,fc,6270,54fe,00
2552,ff,6efc,f3ff,00,ff,d0b0,7100,00,00,e16c,7000,00,00,6e82,feff,00,fe,83d8,3800,00,01,2a00,5cfc,00,00,8a24,6902,00,fe,86b0,2e00,00,ff,6802,42ff,00,fc,60e0,54fe,00
2553,ff,6dfd,f3ff,00,ff,d184,7100,00,00,e251,7000,00,00,6e68,feff,00,fe,84c0,3800,00,01,2640,5cfc,00,00,8d1b,6902,00,fe,8780,2e00,00,ff,6757,42ff,00,fc,5f50,54fe,00
2554,ff,6cfe,f3ff,00,ff,d258,7100,00,00,e336,7000,00,00,6e4e,feff,00,fe,85a8,3800,00,01,2280,5cfc,00,00,9012,6902,00,fe,8850,2e00,00,ff,66ac,42ff,00,fc,5dc0,54fe,00
2555,ff,6bff,f3ff,00,ff,d32c,7100,00,00,e41b,7000,00,00,6e34,feff,00,fe,8690,3800,00,01,1ec0,5cfc,00,00,9309,6902,00,fe,8920,2e00,00,ff,6601,42ff,00,fc,5c30,54fe,00
2556,ff,6bff,f3ff,00,ff,d32c,7100,00,00,e41b,7000,00,00,6e34,feff,00,fe,8690,3800,00,01,1ec0,5cfc,00,00,9309,6902,00,fe,8920,2e00,00,ff,6601,42ff,00,fc,5c30,54fe,00
2557,ff,00ff,f3ff,00,ff,002c,7100,00,00,001b,7000,00,00,0034,feff,00,fe,0090,3800,00,01,00c0,5cfc,00,00,0009,6902,00,fe,0020,2e00,00,ff,0001,42ff,00,fc,0030,54fe,00
2558,00,0000,0000,00,00,0000,0000,00,00,0000,0000,00,00,0000,0000,00,00,0000,0000,00,00,0000,0000,00,00,0000,0000,00,00,0000,0000,00,00,0000,0000,00,00,0000,0000,00
2559,00,0000,0000,00,00,0000,0000,00,00,0000,0000,00,00,0000,0000,00,00,0000,0000,00,00,0000,0000,00,00,0000,0000,00,00,0000,0000,00,00,0000,0000,00,00,0000,0000,00
2560,00,0000,0000,00,00,0000,0000,00,00,0000,0000,00,00,0000,0000,00,00,0000,0000,00,00,0000,0000,00,00,0000,0000,00,00,0000,0000,00,00,0000,0000,00,00,0000,0000,00
2561,00,0000,0000,00,00,0000,0000,00,00,0000,0000,00,00,0000,0000,00,00,0000,0000,00,00,0000,0000,00,00,0000,0000,00,00,0000,0000,00,00,0000,0000,00,00,0000,0000,00
2562,00,0000,0000,00,00,0000,0000,00,00,0000,0000,00,00,0000,0000,00,00,0000,0000,00,00,0000,0000,00,00,0000,0000,00,00,0000,0000,00,00,0000,0000,00,00,0000,0000,00
2563,00,0000,0000,00,00,0000,0000,00,00,0000,0000,00,00,0000,0000,00,00,0000,0000,00,00,0000,0000,00,00,0000,0000,00,00,0000,0000,00,00,0000,0000,00,00,0000,0000,00
2564,00,0000,0000,00,00,0000,0000,00,00,0000,0000,00,00,0000,0000,00,00,0000,0000,00,00,0000,0000,00,00,0000,0000,00,00,0000,0000,00,00,0000,0000,00,00,0000,0000,00
2565,00,0000,0000,00,00,0000,0000,00,00,0000,0000,00,00,0000,0000,00,00,0000,0000,00,00,0000,0000,00,00,0000,0000,00,00,0000,0000,00,00,0000,0000,00,00,0000,0000,00
2566,00,0000,0000,00,00,0000,0000,00,00,0000,0000,00,00,0000,0000,00,00,0000,0000,00,00,0000,0000,00,00,0000,0000,00,00,0000,0000,00,00,0000,0000,00,00,0000,0000,00
2567,00,0000,0000,00,00,0000,0000,00,00,0000,0000,00,00,0000,0000,00,00,0000,0000,00,00,0000,0000,00,00,0000,0000,00,00,0000,0000,00,00,0000,0000,00,00,0000,0000,00
2568,00,0000,0000,00,00,0000,0000,00,00,0000,0000,00,00,0000,0000,00,00,0000,0000,00,00,0000,0000,00,00,0000,0000,00,00,0000,0000,00,00,0000,0000,00,00,0000,0000,00
2569,00,0000,0000,00,00,0000,0000,00,00,0000,0000,00,00,0000,0000,00,00,0000,0000,00,00,0000,0000,00,00,0000,0000,00,00,0000,0000,00,00,0000,0000,00,00,0000,0000,00
2570,00,0000,0000,00,00,0000,0000,00,00,0000,0000,00,00,0000,0000,00,00,0000,0000,00,00,0000,0000,00,00,0000,0000,00,00,0000,0000,00,00,0000,0000,00,00,0000,0000,00
2571,00,0000,0000,00,00,0000,0000,00,00,0000,0000,00,00,0000,0000,00,00,0000,0000,00,00,0000,0000,00,00,0000,0000,00,00,0000,0000,00,00,0000,0000,00,00,0000,0000,00
2572,00,0000,0000,00,00,0000,0000,00,00,0000,0000,00,00,0000,0000,00,00,0000,0000,00,00,0000,0000,00,00,0000,0000,00,00,0000,0000,00,00,0000,0000,00,00,0000,0000,00
2573,00,0000,0000,00,00,0000,0000,00,00,0000,0000,00,00,0000,0000,00,00,0000,0000,00,00,0000,0000,00,00,0000,0000,00,00,0000,0000,00,00,0000,0000,00,00,0000,0000,00
2574,00,0000,0000,00,00,0000,0000,00,00,0000,0000,00,00,0000,0000,00,00,0000,0000,00,00,0000,0000,00,00,0000,0000,00,00,0000,0000,00,00,0000,0000,00,00,0000,0000,00
2575,00,0000,0000,00,00,0000,0000,00,00,0000,0000,00,00,0000,0000,00,00,0000,0000,00,00,0000,0000,00,00,0000,0000,00,00,0000,0000,00,00,0000,0000,00,00,0000,0000,00
2576,00,0000,0000,00,00,0000,0000,00,00,0000,0000,00,00,0000,0000,00,00,0000,0000,00,00,0000,0000,00,00,0000,0000,00,00,0000,0000,00,00,0000,0000,00,00,0000,0000,00
2577,00,0000,0000,00,00,0000,0000,00,00,0000,0000,00,00,0000,0000,00,00,0000,0000,00,00,0000,0000,00,00,0000,0000,00,00,0000,0000,00,00,0000,0000,00,00,0000,0000,00
2578,00,0000,0000,00,00,0000,0000,00,00,0000,0000,00,00,0000,0000,00,00,0000,0000,00,00,0000,0000,00,00,0000,0000,00,00,0000,0000,00,00,0000,0000,00,00,0000,0000,00
2579,00,0000,0000,00,00,0000,0000,00,00,0000,0000,00,00,0000,0000,00,00,0000,0000,00,00,0000,0000,00,00,0000,0000,00,00,0000,0000,00,00,0000,0000,00,00,0000,0000,00
2580,00,0000,0000,00,00,0000,0000,00,00,0000,0000,00,00,0000,0000,00,00,0000,0000,00,00,0000,0000,00,00,0000,0000,00,00,0000,0000,00,00,0000,0000,00,00,0000,0000,00
2581,00,0000,0000,00,00,0000,0000,00,00,0000,0000,00,00,0000,0000,00,00,0000,0000,00,00,0000,0000,00,00,0000,0000,00,00,0000,0000,00,00,0000,0000,00,00,0000,0000,00
2582,00,0000,0000,00,00,0000,0000,00,00,0000,0000,00,00,0000,0000,00,00,0000,0000,00,00,0000,0000,00,00,0000,0000,00,00,0000,0000,00,00,0000,0000,00,00,0000,0000,00
2583,00,0000,0000,00,00,0000,0000,00,00,0000,0000,00,00,0000,0000,00,00,0000,0000,00,00,0000,0000,00,00,0000,0000,00,00,0000,0000,00,00,0000,0000,00,00,0000,0000,00
2584,00,0000,0000,00,00,0000,0000,00,00,0000,0000,00,00,0000,0000,00,00,0000,0000,00,00,0000,0000,00,00,0000,0000,00,00,0000,0000,00,00,0000,0000,00,00,0000,0000,00
2585,00,0000,0000,00,00,0000,0000,00,00,0000,0000,00,00,0000,0000,00,00,0000,0000,00,00,0000,0000,00,00,0000,0000,00,00,0000,0000,00,00,0000,0000,00,00,0000,0000,00
2586,00,0000,0000,00,00,0000,0000,00,00,0000,0000,00,00,0000,0000,00,00,0000,0000,00,00,0000,0000,00,00,0000,0000,00,00,0000,0000,00,00,0000,0000,00,00,0000,0000,00
2587,00,0000,0000,00,00,0000,0000,00,00,0000,0000,00,00,0000,0000,00,00,0000,0000,00,00,0000,0000,00,00,0000,0000,00,00,0000,0000,00,00,0000,0000,00,00,0000,0000,00
2588,00,0000,0000,00,00,0000,0000,00,00,0000,0000,00,00,0000,0000,00,00,0000,0000,00,00,0000,0000,00,00,0000,0000,00,00,0000,0000,00,00,0000,0000,00,00,0000,0000,00
2589,00,0000,0000,00,00,0000,0000,00,00,0000,0000,00,00,0000,0000,00,00,0000,0000,00,00,0000,0000,00,00,0000,0000,00,00,0000,0000,00,00,0000,0000,00,00,0000,0000,00
2590,00,0000,0000,00,00,0000,0000,00,00,0000,0000,00,00,0000,0000,00,00,0000,0000,00,00,0000,0000,00,00,0000,0000,00,00,0000,0000,00,00,0000,0000,00,00,0000,0000,00
2591,00,0000,0000,00,00,0000,0000,00,00,0000,0000,00,00,0000,0000,00,00,0000,0000,00,00,0000,0000,00,00,0000,0000,00,00,0000,0000,00,00,0000,0000,00,00,0000,0000,00
2592,00,0000,0000,00,00,0000,0000,00,00,0000,0000,00,00,0000,0000,00,00,0000,0000,00,00,0000,0000,00,00,0000,0000,00,00,0000,0000,00,00,0000,0000,00,00,0000,0000,00
2593,00,0000,0000,00,00,0000,0000,00,00,0000,0000,00,00,0000,0000,00,00,0000,0000,00,00,0000,0000,00,00,0000,0000,00,00,0000,0000,00,00,0000,0000,00,00,0000,0000,00
2594,00,0000,0000,00,00,0000,0000,00,00,0000,0000,00,00,0000,0000,00,00,0000,0000,00,00,0000,0000,00,00,0000,0000,00,00,0000,0000,00,00,0000,0000,00,00,0000,0000,00
2595,00,0000,0000,00,00,0000,0000,00,00,0000,0000,00,00,0000,0000,00,00,0000,0000,00,00,0000,0000,00,00,0000,0000,00,00,0000,0000,00,00,0000,0000,00,00,0000,0000,00
2596,00,0000,0000,00,00,0000,0000,00,00,0000,0000,00,00,0000,0000,00,00,0000,0000,00,00,0000,0000,00,00,0000,0000,00,00,0000,0000,00,00,0000,0000,00,00,0000,0000,00
2597,00,0000,0000,00,00,0000,0000,00,00,0000,0000,00,00,0000,0000,00,00,0000,0000,00,00,0000,0000,00,00,0000,0000,00,00,0000,0000,00,00,0000,0000,00,00,0000,0000,00
2598,00,0000,0000,00,00,0000,0000,00,00,0000,0000,00,00,0000,0000,00,00,0000,0000,00,00,0000,0000,00,00,0000,0000,00,00,0000,0000,00,00,0000,0000,00,00,0000,0000,00
2599,00,0000,0000,00,00,0000,0000,00,00,0000,0000,00,00,0000,0000,00,00,0000,0000,00,00,0000,0000,00,00,0000,0000,00,00,0000,0000,00,00,0000,0000,00,00,0000,0000,00
2600,00,0000,0000,00,00,0000,0000,00,00,0000,0000,00,00,0000,0000,00,00,0000,0000,00,00,0000,0000,00,00,0000,0000,00,00,0000,0000,00,00,0000,0000,00,00,0000,0000,00
