frame,active_signature
943,large[26d0 x=fd80]
944,large[26d0 x=fb80]
945,large[26d0 x=f980]
946,large[26d0 x=f780]
947,large[26d0 x=f580]
948,large[26d0 x=f380]
949,large[26d0 x=f180]
950,large[26d0 x=ef80]
951,large[26d0 x=ed80]
952,large[26d0 x=eb80]
953,large[26d0 x=e980]
954,large[26d0 x=e780]
955,large[26d0 x=e580]
956,large[26d0 x=e380]
957,large[26d0 x=e180]
958,large[26d0 x=df80]
959,large[26d0 x=dd80]
960,large[26d0 x=db80]
961,large[26d0 x=d980]
962,large[26d0 x=d780]
963,large[26d0 x=d580]
964,large[26d0 x=d380]
965,large[26d0 x=d180]
966,large[26d0 x=cf80]
967,large[26d0 x=cd80]
968,large[26d0 x=cb80]
969,large[26d0 x=c980]
970,large[26d0 x=c780]
971,large[26d0 x=c580]
972,large[26d0 x=c380]
973,large[26d0 x=c180]
974,large[26d0 x=bf80]
975,large[26d0 x=bd80]
976,large[26d0 x=bb80]
977,large[26d0 x=b980]
978,large[26d0 x=b780]
979,large[26d0 x=b580]
980,large[26d0 x=b380]
981,large[26d0 x=b180]
982,large[26d0 x=af80]
983,large[26d0 x=ad80]
984,large[26d0 x=ab80]
985,large[26d0 x=a980]
986,large[26d0 x=a780]
987,large[26d0 x=a580]
988,large[26d0 x=a380]
989,large[26d0 x=a180]
990,large[26d0 x=9f80]
991,large[26d0 x=9d80]
992,large[26d0 x=9b80]
993,large[26d0 x=9980]
994,large[26d0 x=9780]
995,large[26d0 x=9580]
996,large[26d0 x=9380]
997,large[26d0 x=9180]
998,large[26d0 x=8f80]
999,large[26d0 x=8d80]
1000,large[26d0 x=8b80]
1001,large[26d0 x=8980]
1002,large[26d0 x=8780]
1003,large[26d0 x=8580]
1004,large[26d0 x=8380]
1005,large[26d0 x=8180]
1006,large[26d0 x=7f80]
1007,large[26d0 x=7d80]
1008,large[26d0 x=7b80]
1009,large[26d0 x=7980]
1010,large[26d0 x=7780]
1011,large[26d0 x=7580]
1012,large[26d0 x=7380]
1013,large[26d0 x=7180]
1014,large[26d0 x=6f80]
1015,large[26d0 x=6d80]
1016,large[26d0 x=6b80]
1017,large[26d0 x=6980]
1018,large[26d0 x=6780]
1019,large[26d0 x=6580]
1020,large[26d0 x=6380]
1021,large[26d0 x=6180]
1022,large[26d0 x=5f80]
1023,large[26d0 x=5d80]
1024,large[26d0 x=5b80]
1025,large[26d0 x=5980]
1026,large[26d0 x=5780]
1027,large[26d0 x=5580]
1028,large[26d0 x=5380]
1029,large[26d0 x=5180]
1030,large[26d0 x=4f80]
1031,large[26d0 x=4d80]
1032,large[26d0 x=4b80]
1033,large[26d0 x=4980]
1034,large[26d0 x=4780]
1035,large[26d0 x=4580]
1036,large[26d0 x=4380]
1037,large[26d0 x=4180]
1038,large[26d0 x=3f80]
1039,large[26d0 x=3d80]
1040,large[26d0 x=3b80]
1041,large[26d0 x=3980]
1042,large[26d0 x=3780]
1043,large[26d0 x=3580]
1044,large[26d0 x=3380]
1045,large[26d0 x=3180]
1046,large[26d0 x=2f80]
1047,large[26d0 x=2d80]
1048,large[26d0 x=2b80]
1049,large[26d0 x=2980]
1050,large[26d0 x=2780]
1051,large[26d0 x=2580]
1052,large[26d0 x=2380]
1053,large[26d0 x=2180]
1054,large[26d0 x=1f80] large[2700 x=fd80]
1055,large[26d0 x=1d80] large[2700 x=fb80]
1056,large[26d0 x=1b80] large[2700 x=f980]
1057,large[26d0 x=1980] large[2700 x=f780]
1058,large[26d0 x=1780] large[2700 x=f580]
1059,large[26d0 x=1580] large[2700 x=f380]
1060,large[26d0 x=1380] large[2700 x=f180]
1061,large[26d0 x=1180] large[2700 x=ef80]
1062,large[26d0 x=0f80] large[2700 x=ed80]
1063,large[26d0 x=0d80] large[2700 x=eb80]
1064,large[26d0 x=0b80] large[2700 x=e980]
1065,large[26d0 x=0980] large[2700 x=e780]
1066,large[26d0 x=0780] large[2700 x=e580]
1067,large[26d0 x=0580] large[2700 x=e380]
1068,large[26d0 x=0380] large[2700 x=e180]
1069,large[26d0 x=0180] large[2700 x=df80]
1070,large[2700 x=dd80]
1071,large[2700 x=db80]
1072,large[2700 x=d980]
1073,large[2700 x=d780]
1074,large[2700 x=d580]
1075,large[2700 x=d380]
1076,large[2700 x=d180]
1077,large[2700 x=cf80]
1078,large[2700 x=cd80]
1079,large[2700 x=cb80]
1080,large[2700 x=c980]
1081,large[2700 x=c780]
1082,large[2700 x=c580]
1083,large[2700 x=c380]
1084,large[2700 x=c180]
1085,large[2700 x=bf80]
1086,large[2700 x=bd80]
1087,large[2700 x=bb80]
1088,large[2700 x=b980]
1089,large[2700 x=b780]
1090,large[2700 x=b580]
1091,large[2700 x=b380]
1092,large[2700 x=b180]
1093,large[2700 x=af80]
1094,large[2700 x=ad80]
1095,large[2700 x=ab80]
1096,large[2700 x=a980]
1097,large[2700 x=a780]
1098,large[2700 x=a580]
1099,large[2700 x=a380]
1100,large[2700 x=a180]
1101,large[2700 x=9f80]
1102,large[2700 x=9d80]
1103,large[2700 x=9b80]
1104,large[2700 x=9980]
1105,large[2700 x=9780]
1106,large[2700 x=9580]
1107,large[2700 x=9380]
1108,large[2700 x=9180]
1109,large[2700 x=8f80]
1110,large[2700 x=8d80]
1111,large[2700 x=8b80]
1112,large[2700 x=8980]
1113,large[2700 x=8780]
1114,large[2700 x=8580]
1115,large[2700 x=8380]
1116,large[2700 x=8180]
1117,large[2700 x=7f80]
1118,large[2700 x=7d80]
1119,large[2700 x=7b80]
1120,large[2700 x=7980]
1121,large[2700 x=7780]
1122,large[2700 x=7580]
1123,large[2700 x=7380]
1124,large[2700 x=7180]
1125,large[2700 x=6f80]
1126,large[2700 x=6d80]
1127,large[2700 x=6b80]
1128,large[2700 x=6980]
1129,large[2700 x=6780]
1130,large[2700 x=6580]
1131,large[2700 x=6380]
1132,large[2700 x=6180]
1133,large[2700 x=5f80]
1134,large[2700 x=5d80]
1135,large[2700 x=5b80]
1136,large[2700 x=5980]
1137,large[2700 x=5780]
1138,large[2700 x=5580]
1139,large[2700 x=5380]
1140,large[2700 x=5180]
1141,large[2700 x=4f80]
1142,large[2700 x=4d80]
1143,large[2700 x=4b80]
1144,large[2700 x=4980]
1145,large[2700 x=4780]
1146,large[2700 x=4580]
1147,large[2700 x=4380]
1148,large[2700 x=4180]
1149,large[2700 x=3f80]
1150,large[2700 x=3d80]
1151,large[2700 x=3b80]
1152,large[2700 x=3980]
1153,large[2700 x=3780]
1154,large[2700 x=3580]
1155,large[2700 x=3380]
1156,large[2700 x=3180]
1157,large[2700 x=2f80]
1158,large[2700 x=2d80]
1159,large[2700 x=2b80]
1160,large[2700 x=2980]
1161,large[2700 x=2780]
1162,large[2700 x=2580]
1163,large[2700 x=2380]
1164,large[2700 x=2180]
1165,large[2700 x=1f80]
1166,large[2700 x=1d80]
1167,large[2700 x=1b80]
1168,large[2700 x=1980]
1169,large[2700 x=1780]
1170,large[2700 x=1580]
1171,large[2700 x=1380]
1172,large[2700 x=1180]
1173,large[2700 x=1230]
1174,large[2700 x=12e0]
1175,large[2700 x=1390]
1176,large[2700 x=1440]
1177,large[2700 x=14f0]
1178,large[2700 x=15a0]
1179,large[2700 x=1650]
1180,large[2700 x=1700]
1181,large[2700 x=17b0]
1182,large[2700 x=1860]
1183,large[2700 x=1910]
1184,large[2700 x=19c0]
1185,large[2700 x=1a70]
1186,large[2700 x=1b20]
1187,large[2700 x=1bd0]
1188,large[2700 x=1c80]
1189,large[2700 x=1d30]
1190,large[2700 x=1de0]
1191,large[2700 x=1e90]
1192,large[2700 x=1f40]
1193,large[2700 x=1ff0]
1194,large[2700 x=20a0]
1195,large[2700 x=2150]
1196,large[2700 x=2200]
1197,large[2700 x=22b0]
1198,large[2700 x=2360]
1199,large[2700 x=2410]
1200,large[2700 x=24c0]
1201,large[2700 x=2570]
1202,large[2700 x=2620]
1203,large[2700 x=26d0]
1204,large[2700 x=2780]
1205,large[2700 x=2830]
1206,large[2700 x=28e0]
1207,large[2700 x=2990]
1208,large[2700 x=2a40]
1209,large[2700 x=2af0]
1210,large[2700 x=2ba0]
1211,large[2700 x=2c50]
1212,large[2700 x=2d00]
1213,large[2700 x=2db0]
1214,large[2700 x=2e60]
1215,large[2700 x=2f10]
1216,large[2700 x=2fc0]
1217,large[2700 x=3070]
1218,large[2700 x=3120]
1219,large[2700 x=31d0]
1220,large[2700 x=3280]
1221,large[2700 x=3330]
1222,large[2700 x=33e0]
1223,large[2700 x=3490]
1224,large[2700 x=3540]
1225,large[2700 x=35f0]
1226,large[2700 x=36a0]
1227,large[2700 x=3750]
1228,large[2700 x=3800]
1229,large[2700 x=38b0]
1230,large[2700 x=3960]
1231,large[2700 x=3a10]
1232,large[2700 x=3ac0]
1233,large[2700 x=3b70]
1234,large[2700 x=3c20]
1235,large[2700 x=3cd0]
1236,large[2700 x=3d80]
1237,large[2700 x=3e30]
1238,large[2700 x=3ee0]
1239,large[2700 x=3f90]
1240,large[2700 x=4040]
1241,large[2700 x=40f0]
1242,large[2700 x=41a0]
1243,large[2700 x=4250]
1244,large[2700 x=4300]
1245,large[2700 x=43b0]
1246,large[2700 x=4460]
1247,large[2700 x=4510]
1248,large[2700 x=45c0]
1249,large[2700 x=4670]
1250,large[2700 x=4720]
1251,large[2700 x=47d0]
1252,large[2700 x=4880]
1253,large[2700 x=4930]
1254,large[2700 x=49e0]
1255,large[2700 x=4a90]
1256,large[2700 x=4b40]
1257,large[2700 x=4bf0]
1258,large[2700 x=4ca0]
1259,large[2700 x=4d50]
1260,large[2700 x=4e00]
1261,large[2700 x=4eb0]
1262,large[2700 x=4f60]
1263,large[2700 x=5010]
1264,large[2700 x=50c0]
1265,large[2700 x=5170]
1266,large[2700 x=5220]
1267,large[2700 x=52d0]
1268,large[2700 x=5380]
1269,large[2700 x=5430]
1270,large[2700 x=54e0]
1271,large[2700 x=5590]
1272,large[2700 x=5640]
1273,large[2700 x=56f0]
1274,large[2700 x=57a0]
1275,large[2700 x=5850]
1276,large[2700 x=5900]
1277,large[2700 x=59b0]
1278,large[2700 x=5a60]
1279,large[2700 x=5b10]
1280,large[2700 x=5bc0]
1281,large[2700 x=5c70]
1282,large[2700 x=5d20]
1283,large[2700 x=5dd0]
1284,large[2700 x=5e80]
1285,large[2700 x=5f30]
1286,large[2700 x=5fe0]
1287,large[2700 x=6090]
1288,large[2700 x=6140]
1289,large[2700 x=61f0]
1290,large[2700 x=62a0]
1291,large[2700 x=6350]
1292,large[2700 x=6400]
1293,large[2700 x=64b0]
1294,large[2700 x=6560]
1295,large[2700 x=6610]
1296,large[2700 x=66c0]
1297,large[2700 x=6770]
1298,large[2700 x=6820]
1299,large[2700 x=68d0]
1300,large[2700 x=6980]
1301,large[2700 x=6a30]
1302,large[2700 x=6ae0]
1303,large[2700 x=6b90]
1304,large[2700 x=6c40]
1305,large[2700 x=6cf0]
1306,large[2700 x=6da0]
1307,large[2700 x=6e50]
1308,large[2700 x=6f00]
1309,large[2700 x=6fb0]
1310,large[2700 x=7060]
1311,large[2700 x=7110]
1312,large[2700 x=71c0]
1313,large[2700 x=7270]
1314,large[2700 x=7320]
1315,large[2700 x=73d0]
1316,large[2700 x=7480]
1317,large[2700 x=7530]
1318,large[2700 x=75e0]
1319,large[2700 x=7690]
1320,large[2700 x=7740]
1321,large[2700 x=77f0]
1322,large[2700 x=7770]
1323,large[2700 x=76f0]
1324,large[2700 x=74f0]
1325,large[2700 x=72f0]
1326,large[2700 x=70f0]
1327,large[2700 x=6ef0]
1328,large[2700 x=6cf0]
1329,large[2700 x=6af0]
1330,large[2700 x=68f0]
1331,large[2700 x=66f0]
1332,large[2700 x=64f0]
1333,large[2700 x=62f0]
1334,large[2700 x=60f0]
1335,large[2700 x=5ef0]
1336,large[2700 x=5cf0]
1337,large[2700 x=5af0]
1338,large[2700 x=58f0]
1339,large[2700 x=56f0]
1340,large[2700 x=54f0]
1341,large[2700 x=52f0]
1342,large[2700 x=50f0]
1343,large[2700 x=4ef0]
1344,large[2700 x=4cf0]
1345,large[2700 x=4af0]
1346,large[2700 x=48f0]
1347,large[2700 x=46f0]
1348,large[2700 x=44f0]
1349,large[2700 x=42f0]
1350,large[2700 x=40f0]
1351,large[2700 x=3ef0]
1352,large[2700 x=3cf0]
1353,large[2700 x=3af0]
1354,large[2700 x=38f0]
1355,large[2700 x=36f0]
1356,large[2700 x=34f0]
1357,large[2700 x=32f0]
1358,large[2700 x=30f0]
1359,large[2700 x=2ef0]
1360,large[2700 x=2cf0]
1361,large[2700 x=2af0]
1362,large[2700 x=28f0]
1363,large[2700 x=26f0]
1364,large[2700 x=24f0]
1365,large[2700 x=22f0]
1366,large[2700 x=20f0]
1367,large[2700 x=1ef0]
1368,large[2700 x=1cf0]
1369,large[2700 x=1af0]
1370,large[2700 x=18f0]
1371,large[2700 x=16f0]
1372,large[2700 x=14f0]
1373,large[2700 x=12f0]
1374,large[2700 x=10f0]
1375,large[2700 x=0ef0]
1376,large[2700 x=0cf0]
1377,large[2700 x=0af0]
1378,large[2700 x=08f0] small[2760 x=fd80]
1379,large[2700 x=06f0] small[2760 x=fb80]
1380,large[2700 x=04f0] small[2760 x=f980]
1381,large[2700 x=02f0] small[2760 x=f780]
1382,large[2700 x=00f0] small[2760 x=f580]
1383,small[2760 x=f380]
1384,small[2760 x=f180]
1385,small[2760 x=ef80]
1386,small[2760 x=ed80]
1387,small[2760 x=eb80]
1388,small[2760 x=e980]
1389,small[2760 x=e780]
1390,small[2760 x=e580]
1391,small[2760 x=e380]
1392,small[2760 x=e180]
1393,small[2760 x=df80]
1394,small[2760 x=dd80]
1395,small[2760 x=db80]
1396,small[2760 x=d980]
1397,small[2760 x=d780]
1398,small[2760 x=d580]
1399,small[2760 x=d380]
1400,small[2760 x=d180]
1401,small[2760 x=cf80]
1402,small[2760 x=cd80]
1403,small[2760 x=cb80]
1404,small[2760 x=c980]
1405,small[2760 x=c780]
1406,small[2760 x=c580]
1407,small[2760 x=c380]
1408,small[2760 x=c180]
1409,small[2760 x=bf80]
1410,small[2760 x=bd80]
1411,small[2760 x=bb80]
1412,small[2760 x=b980]
1413,small[2760 x=b780]
1414,small[2760 x=b580]
1415,small[2760 x=b380]
1416,small[2760 x=b180]
1417,small[2760 x=af80]
1418,small[2760 x=ad80]
1419,small[2760 x=ab80]
1420,small[2760 x=a980]
1421,small[2760 x=a780]
1422,small[2760 x=a580]
1423,small[2760 x=a380]
1424,small[2760 x=a180]
1425,small[2760 x=9f80]
1426,small[2760 x=9d80]
1427,small[2760 x=9b80]
1428,small[2760 x=9980]
1429,small[2760 x=9780]
1430,small[2760 x=9580]
1431,small[2760 x=9380]
1432,small[2760 x=9180]
1433,small[2760 x=8f80]
1434,small[2760 x=8d80]
1435,small[2760 x=8b80]
1436,small[2760 x=8980]
1437,small[2760 x=8780]
1438,small[2760 x=8580]
1439,small[2760 x=8380]
1440,small[2760 x=8180]
1441,small[2760 x=7f80]
1442,small[2760 x=7d80]
1443,small[2760 x=7b80]
1444,small[2760 x=7980]
1445,small[2760 x=7780]
1446,small[2760 x=7580]
1447,small[2760 x=7380]
1448,small[2760 x=7180]
1449,small[2760 x=6f80]
1450,small[2760 x=6d80]
1451,small[2760 x=6b80]
1452,small[2760 x=6980]
1453,small[2760 x=6780]
1454,small[2760 x=6580]
1455,small[2760 x=6380]
1456,extra-charlie[26d0 x=fd80] small[2760 x=6180]
1457,extra-charlie[26d0 x=fb80] small[2760 x=5f80]
1458,extra-charlie[26d0 x=f980] small[2760 x=5d80]
1459,extra-charlie[26d0 x=f780] small[2760 x=5b80]
1460,extra-charlie[26d0 x=f580] small[2760 x=5980]
1461,extra-charlie[26d0 x=f380] small[2760 x=5780]
1462,extra-charlie[26d0 x=f180] small[2760 x=5580]
1463,extra-charlie[26d0 x=ef80] small[2760 x=5380]
1464,extra-charlie[26d0 x=ed80] small[2760 x=5180]
1465,extra-charlie[26d0 x=eb80] small[2760 x=4f80]
1466,extra-charlie[26d0 x=e980] small[2760 x=4d80]
1467,extra-charlie[26d0 x=e780] small[2760 x=4b80]
1468,extra-charlie[26d0 x=e580] small[2760 x=4980]
1469,extra-charlie[26d0 x=e380] small[2760 x=4780]
1470,extra-charlie[26d0 x=e180] small[2760 x=4580]
1471,extra-charlie[26d0 x=df80] small[2760 x=4380]
1472,extra-charlie[26d0 x=dd80] small[2760 x=4180]
1473,extra-charlie[26d0 x=db80] small[2760 x=3f80]
1474,extra-charlie[26d0 x=d980] small[2760 x=3d80]
1475,extra-charlie[26d0 x=d780] small[2760 x=3b80]
1476,extra-charlie[26d0 x=d580] small[2760 x=3980]
1477,extra-charlie[26d0 x=d380] small[2760 x=3780]
1478,extra-charlie[26d0 x=d180] small[2760 x=3580]
1479,extra-charlie[26d0 x=cf80] small[2760 x=3380]
1480,extra-charlie[26d0 x=cd80] small[2760 x=3180]
1481,extra-charlie[26d0 x=cb80] small[2760 x=2f80]
1482,extra-charlie[26d0 x=c980] small[2760 x=2d80]
1483,extra-charlie[26d0 x=c780] small[2760 x=2b80]
1484,extra-charlie[26d0 x=c580] small[2760 x=2980]
1485,extra-charlie[26d0 x=c380] small[2760 x=2780]
1486,extra-charlie[26d0 x=c180] small[2760 x=2580]
1487,extra-charlie[26d0 x=bf80] small[2760 x=2380]
1488,extra-charlie[26d0 x=bd80] small[2760 x=2180]
1489,extra-charlie[26d0 x=bb80] small[2760 x=1f80]
1490,extra-charlie[26d0 x=b980] small[2760 x=1d80]
1491,extra-charlie[26d0 x=b780] small[2760 x=1b80]
1492,extra-charlie[26d0 x=b580] small[2760 x=1980]
1493,extra-charlie[26d0 x=b380] small[2760 x=1780]
1494,extra-charlie[26d0 x=b180] small[2760 x=1580]
1495,extra-charlie[26d0 x=af80] small[2760 x=1380]
1496,extra-charlie[26d0 x=ad80] small[2760 x=1180]
1497,extra-charlie[26d0 x=ab80] small[2760 x=0f80]
1498,extra-charlie[26d0 x=a980] small[2760 x=0d80]
1499,extra-charlie[26d0 x=a780] small[2760 x=0b80]
1500,extra-charlie[26d0 x=a580] small[2760 x=0980]
1501,extra-charlie[26d0 x=a380] small[2760 x=0780]
1502,extra-charlie[26d0 x=a180] small[2760 x=0580]
1503,extra-charlie[26d0 x=9f80] small[2760 x=0380]
1504,extra-charlie[26d0 x=9d80] small[2760 x=0180]
1505,extra-charlie[26d0 x=9b80]
1506,extra-charlie[26d0 x=9980]
1507,extra-charlie[26d0 x=9780]
1508,extra-charlie[26d0 x=9580]
1509,extra-charlie[26d0 x=9380]
1510,extra-charlie[26d0 x=9180]
1511,extra-charlie[26d0 x=8f80]
1512,extra-charlie[26d0 x=8d80]
1513,extra-charlie[26d0 x=8b80]
1514,extra-charlie[26d0 x=8980]
1515,extra-charlie[26d0 x=8780]
1516,extra-charlie[26d0 x=8580]
1517,extra-charlie[26d0 x=8380]
1518,extra-charlie[26d0 x=8180]
1519,extra-charlie[26d0 x=7f80]
1520,extra-charlie[26d0 x=7d80]
1521,extra-charlie[26d0 x=7b80]
1522,extra-charlie[26d0 x=7980]
1523,extra-charlie[26d0 x=7780]
1524,extra-charlie[26d0 x=7580]
1525,extra-charlie[26d0 x=7380]
1526,extra-charlie[26d0 x=7180]
1527,extra-charlie[26d0 x=6f80]
1528,extra-charlie[26d0 x=6d80]
1529,extra-charlie[26d0 x=6b80]
1530,extra-charlie[26d0 x=6980]
1531,extra-charlie[26d0 x=6780]
1532,extra-charlie[26d0 x=6580]
1533,extra-charlie[26d0 x=6380]
1534,extra-charlie[26d0 x=6180]
1535,extra-charlie[26d0 x=5f80]
1536,extra-charlie[26d0 x=5d80]
1537,extra-charlie[26d0 x=5b80]
1538,extra-charlie[26d0 x=5980]
1539,extra-charlie[26d0 x=5780]
1540,extra-charlie[26d0 x=5580]
1541,extra-charlie[26d0 x=5380]
1542,extra-charlie[26d0 x=5180]
1543,extra-charlie[26d0 x=4f80] pot[24b0 x=0000]
1544,extra-charlie[26d0 x=4d80] pot[24b0 x=0000]
1545,extra-charlie[26d0 x=4b80] pot[24b0 x=0000]
1546,extra-charlie[26d0 x=4980] pot[24b0 x=0000]
1547,extra-charlie[26d0 x=4780] pot[24b0 x=0000]
1548,extra-charlie[26d0 x=4580] pot[24b0 x=0000]
1549,extra-charlie[26d0 x=4380] pot[24b0 x=0000]
1550,extra-charlie[26d0 x=4180] pot[24b0 x=0000]
1551,extra-charlie[26d0 x=3f80] pot[24b0 x=0000]
1552,extra-charlie[26d0 x=3d80] pot[24b0 x=0000]
1553,extra-charlie[26d0 x=3b80] pot[24b0 x=0000]
1554,extra-charlie[26d0 x=3980] pot[24b0 x=0000]
1555,extra-charlie[26d0 x=3780] pot[24b0 x=0000]
1556,extra-charlie[26d0 x=3580] pot[24b0 x=0000]
1557,extra-charlie[26d0 x=3380] pot[24b0 x=0000]
1558,extra-charlie[26d0 x=3180] pot[24b0 x=0000]
1559,extra-charlie[26d0 x=2f80] pot[24b0 x=0000]
1560,extra-charlie[26d0 x=2d80] pot[24b0 x=0000]
1561,extra-charlie[26d0 x=2b80] pot[24b0 x=0000]
1562,extra-charlie[26d0 x=2980] pot[24b0 x=0000]
1563,extra-charlie[26d0 x=2780] pot[24b0 x=0000]
1564,extra-charlie[26d0 x=2580] pot[24b0 x=0000]
1565,extra-charlie[26d0 x=2380] pot[24b0 x=0000]
1566,extra-charlie[26d0 x=2180] pot[24b0 x=0000]
1567,extra-charlie[26d0 x=1f80] pot[24b0 x=0000]
1568,extra-charlie[26d0 x=1d80] pot[24b0 x=0000]
1569,extra-charlie[26d0 x=1b80] pot[24b0 x=0000]
1570,extra-charlie[26d0 x=1980] pot[24b0 x=0000]
1571,extra-charlie[26d0 x=1780] pot[24b0 x=0000]
1572,extra-charlie[26d0 x=1580] pot[24b0 x=0000]
1573,extra-charlie[26d0 x=1380] pot[24b0 x=0000]
1574,extra-charlie[26d0 x=1180] pot[24b0 x=0000]
1575,extra-charlie[26d0 x=0f80] large[2700 x=fd80] pot[24b0 x=0000]
1576,extra-charlie[26d0 x=0d80] large[2700 x=fb80] pot[24b0 x=0000]
1577,extra-charlie[26d0 x=0b80] large[2700 x=f980] pot[24b0 x=0000]
1578,extra-charlie[26d0 x=0980] large[2700 x=f780] pot[24b0 x=0000]
1579,extra-charlie[26d0 x=0780] large[2700 x=f580] pot[24b0 x=0000]
1580,extra-charlie[26d0 x=0580] large[2700 x=f380] pot[24b0 x=0000]
1581,extra-charlie[26d0 x=0380] large[2700 x=f180] pot[24b0 x=0000]
1582,extra-charlie[26d0 x=0180] large[2700 x=ef80] pot[24b0 x=0000]
1583,large[2700 x=ed80] pot[24b0 x=0000]
1584,large[2700 x=eb80] pot[24b0 x=0000]
1585,large[2700 x=e980] pot[24b0 x=0000]
1586,large[2700 x=e780] pot[24b0 x=0000] pot[24f0 x=0000]
1587,large[2700 x=e580] pot[24b0 x=fe80] pot[24f0 x=0000]
1588,large[2700 x=e380] pot[24b0 x=fd00] pot[24f0 x=0000]
1589,large[2700 x=e180] pot[24b0 x=fb80] pot[24f0 x=0000]
1590,large[2700 x=df80] pot[24b0 x=fa00] pot[24f0 x=0000]
1591,large[2700 x=dd80] pot[24b0 x=f880] pot[24f0 x=0000]
1592,large[2700 x=db80] pot[24b0 x=f700] pot[24f0 x=0000]
1593,large[2700 x=d980] pot[24b0 x=f580] pot[24f0 x=0000]
1594,large[2700 x=d780] pot[24b0 x=f400] pot[24f0 x=0000]
1595,large[2700 x=d580] pot[24b0 x=f280] pot[24f0 x=0000]
1596,large[2700 x=d380] pot[24b0 x=f100] pot[24f0 x=0000]
1597,large[2700 x=d180] pot[24b0 x=ef80] pot[24f0 x=0000]
1598,large[2700 x=cf80] pot[24b0 x=ee00] pot[24f0 x=0000]
1599,large[2700 x=cd80] pot[24b0 x=ec80] pot[24f0 x=0000]
1600,large[2700 x=cb80] pot[24b0 x=eb00] pot[24f0 x=0000]
1601,large[2700 x=c980] pot[24b0 x=e980] pot[24f0 x=0000]
1602,large[2700 x=c780] pot[24b0 x=e800] pot[24f0 x=0000]
1603,large[2700 x=c580] pot[24b0 x=e680] pot[24f0 x=0000]
1604,large[2700 x=c380] pot[24b0 x=e500] pot[24f0 x=0000]
1605,large[2700 x=c180] pot[24b0 x=e380] pot[24f0 x=0000]
1606,large[2700 x=bf80] pot[24b0 x=e200] pot[24f0 x=0000]
1607,large[2700 x=bd80] pot[24b0 x=e080] pot[24f0 x=0000]
1608,large[2700 x=bb80] pot[24b0 x=df00] pot[24f0 x=0000]
1609,large[2700 x=b980] pot[24b0 x=dd80] pot[24f0 x=0000]
1610,large[2700 x=b780] pot[24b0 x=dc00] pot[24f0 x=0000]
1611,large[2700 x=b580] pot[24b0 x=da80] pot[24f0 x=0000]
1612,large[2700 x=b380] pot[24b0 x=d900] pot[24f0 x=0000]
1613,large[2700 x=b180] pot[24b0 x=d780] pot[24f0 x=0000]
1614,large[2700 x=af80] pot[24b0 x=d600] pot[24f0 x=0000]
1615,large[2700 x=ad80] pot[24b0 x=d480] pot[24f0 x=0000]
1616,large[2700 x=ab80] pot[24b0 x=d300] pot[24f0 x=0000]
1617,large[2700 x=a980] pot[24b0 x=d180] pot[24f0 x=0000]
1618,large[2700 x=a780] pot[24b0 x=d000] pot[24f0 x=0000]
1619,large[2700 x=a580] pot[24b0 x=ce80] pot[24f0 x=0000]
1620,large[2700 x=a380] pot[24b0 x=cd00] pot[24f0 x=0000]
1621,large[2700 x=a180] pot[24b0 x=cb80] pot[24f0 x=0000]
1622,large[2700 x=9f80] pot[24b0 x=ca00] pot[24f0 x=0000]
1623,large[2700 x=9f00] pot[24b0 x=ca00] pot[24f0 x=0000]
1624,large[2700 x=9e80] pot[24b0 x=ca00] pot[24f0 x=0000]
1625,large[2700 x=9f30] pot[24b0 x=cb30] pot[24f0 x=0000]
1626,large[2700 x=9fe0] pot[24b0 x=cc60] pot[24f0 x=0000]
1627,large[2700 x=a090] pot[24b0 x=cd90] pot[24f0 x=0000]
1628,large[2700 x=a140] pot[24b0 x=cec0] pot[24f0 x=0000]
1629,large[2700 x=a1f0] pot[24b0 x=cff0] pot[24f0 x=0000]
1630,large[2700 x=a2a0] pot[24b0 x=d120] pot[24f0 x=0000]
1631,large[2700 x=a350] pot[24b0 x=d250] pot[24f0 x=0000]
1632,large[2700 x=a400] pot[24b0 x=d380] pot[24f0 x=0000]
1633,large[2700 x=a4b0] pot[24b0 x=d4b0] pot[24f0 x=0000]
1634,large[2700 x=a560] pot[24b0 x=d5e0] pot[24f0 x=0000]
1635,large[2700 x=a610] pot[24b0 x=d710] pot[24f0 x=0000]
1636,large[2700 x=a6c0] pot[24b0 x=d840] pot[24f0 x=0000]
1637,large[2700 x=a770] pot[24b0 x=d970] pot[24f0 x=0000]
1638,large[2700 x=a820] pot[24b0 x=daa0] pot[24f0 x=0000]
1639,large[2700 x=a8d0] pot[24b0 x=dbd0] pot[24f0 x=0000]
1640,large[2700 x=a980] pot[24b0 x=dd00] pot[24f0 x=0000]
1641,large[2700 x=aa30] pot[24b0 x=de30] pot[24f0 x=0000]
1642,large[2700 x=aae0] pot[24b0 x=df60] pot[24f0 x=0000]
1643,large[2700 x=ab90] pot[24b0 x=e090] pot[24f0 x=0000]
1644,large[2700 x=ac40] pot[24b0 x=e1c0] pot[24f0 x=0000]
1645,large[2700 x=abc0] pot[24b0 x=e1c0] pot[24f0 x=0000]
1646,large[2700 x=ab40] pot[24b0 x=e1c0] pot[24f0 x=0000]
1647,large[2700 x=aac0] pot[24b0 x=e1c0] pot[24f0 x=0000]
1648,large[2700 x=a8c0] pot[24b0 x=e040] pot[24f0 x=0000]
1649,large[2700 x=a6c0] pot[24b0 x=dec0] pot[24f0 x=0000]
1650,large[2700 x=a4c0] pot[24b0 x=dd40] pot[24f0 x=0000]
1651,large[2700 x=a2c0] pot[24b0 x=dbc0] pot[24f0 x=0000]
1652,large[2700 x=a0c0] pot[24b0 x=da40] pot[24f0 x=0000]
1653,large[2700 x=9ec0] pot[24b0 x=d8c0] pot[24f0 x=0000]
1654,large[2700 x=9cc0] pot[24b0 x=d740] pot[24f0 x=0000]
1655,large[2700 x=9ac0] pot[24b0 x=d5c0] pot[24f0 x=0000]
1656,large[2700 x=98c0] pot[24b0 x=d440] pot[24f0 x=0000]
1657,large[2700 x=96c0] pot[24b0 x=d2c0] pot[24f0 x=0000]
1658,large[2700 x=94c0] pot[24b0 x=d140] pot[24f0 x=0000]
1659,large[2700 x=92c0] pot[24b0 x=cfc0] pot[24f0 x=0000]
1660,large[2700 x=90c0] pot[24b0 x=ce40] pot[24f0 x=0000]
1661,large[2700 x=8ec0] pot[24b0 x=ccc0] pot[24f0 x=0000]
1662,large[2700 x=8cc0] pot[24b0 x=cb40] pot[24f0 x=0000]
1663,large[2700 x=8ac0] pot[24b0 x=c9c0] pot[24f0 x=0000]
1664,large[2700 x=88c0] pot[24b0 x=c840] pot[24f0 x=0000]
1665,large[2700 x=86c0] pot[24b0 x=c6c0] pot[24f0 x=0000]
1666,large[2700 x=84c0] pot[24b0 x=c540] pot[24f0 x=0000]
1667,large[2700 x=82c0] pot[24b0 x=c3c0] pot[24f0 x=0000]
1668,large[2700 x=80c0] pot[24b0 x=c240] pot[24f0 x=0000]
1669,large[2700 x=7ec0] pot[24b0 x=c0c0] pot[24f0 x=0000]
1670,large[2700 x=7cc0] pot[24b0 x=bf40] pot[24f0 x=0000]
1671,large[2700 x=7ac0] pot[24b0 x=bdc0] pot[24f0 x=0000]
1672,large[2700 x=78c0] pot[24b0 x=bc40] pot[24f0 x=0000]
1673,large[2700 x=76c0] pot[24b0 x=bac0] pot[24f0 x=0000]
1674,large[2700 x=74c0] pot[24b0 x=b940] pot[24f0 x=0000]
1675,large[2700 x=72c0] pot[24b0 x=b7c0] pot[24f0 x=0000]
1676,large[2700 x=70c0] pot[24b0 x=b640] pot[24f0 x=0000]
1677,large[2700 x=6ec0] pot[24b0 x=b4c0] pot[24f0 x=0000]
1678,large[2700 x=6cc0] pot[24b0 x=b340] pot[24f0 x=0000]
1679,large[2700 x=6ac0] pot[24b0 x=b1c0] pot[24f0 x=0000]
1680,large[2700 x=68c0] pot[24b0 x=b040] pot[24f0 x=0000]
1681,large[2700 x=66c0] pot[24b0 x=aec0] pot[24f0 x=0000]
1682,large[2700 x=64c0] pot[24b0 x=ad40] pot[24f0 x=0000]
1683,large[2700 x=62c0] pot[24b0 x=abc0] pot[24f0 x=0000]
1684,large[2700 x=60c0] pot[24b0 x=aa40] pot[24f0 x=0000]
1685,large[2700 x=5ec0] pot[24b0 x=a8c0] pot[24f0 x=0000]
1686,large[2700 x=5cc0] pot[24b0 x=a740] pot[24f0 x=0000]
1687,large[2700 x=5ac0] pot[24b0 x=a5c0] pot[24f0 x=0000]
1688,large[2700 x=58c0] pot[24b0 x=a440] pot[24f0 x=0000]
1689,large[2700 x=56c0] pot[24b0 x=a2c0] pot[24f0 x=0000]
1690,large[2700 x=54c0] pot[24b0 x=a140] pot[24f0 x=0000]
1691,large[2700 x=52c0] pot[24b0 x=9fc0] pot[24f0 x=0000]
1692,large[2700 x=50c0] pot[24b0 x=9e40] pot[24f0 x=0000]
1693,large[2700 x=4ec0] pot[24b0 x=9cc0] pot[24f0 x=0000]
1694,large[2700 x=4cc0] pot[24b0 x=9b40] pot[24f0 x=0000]
1695,large[2700 x=4ac0] pot[24b0 x=99c0] pot[24f0 x=0000]
1696,large[2700 x=48c0] pot[24b0 x=9840] pot[24f0 x=0000]
1697,large[2700 x=46c0] pot[24b0 x=96c0] pot[24f0 x=0000]
1698,large[2700 x=44c0] pot[24b0 x=9540] pot[24f0 x=0000]
1699,large[2700 x=42c0] pot[24b0 x=93c0] pot[24f0 x=0000]
1700,large[2700 x=40c0] pot[24b0 x=9240] pot[24f0 x=0000]
1701,large[2700 x=3ec0] pot[24b0 x=90c0] pot[24f0 x=0000]
1702,large[2700 x=3cc0] pot[24b0 x=8f40] pot[24f0 x=0000]
1703,large[2700 x=3ac0] pot[24b0 x=8dc0] pot[24f0 x=0000]
1704,large[2700 x=38c0] pot[24b0 x=8c40] pot[24f0 x=0000]
1705,large[2700 x=36c0] pot[24b0 x=8ac0] pot[24f0 x=0000]
1706,large[2700 x=34c0] pot[24b0 x=8940] pot[24f0 x=0000]
1707,large[2700 x=32c0] pot[24b0 x=87c0] pot[24f0 x=0000]
1708,large[2700 x=30c0] pot[24b0 x=8640] pot[24f0 x=0000]
1709,large[2700 x=2ec0] pot[24b0 x=84c0] pot[24f0 x=0000]
1710,large[2700 x=2cc0] pot[24b0 x=8340] pot[24f0 x=0000]
1711,large[2700 x=2ac0] pot[24b0 x=81c0] pot[24f0 x=0000]
1712,large[2700 x=28c0] pot[24b0 x=8040] pot[24f0 x=0000]
1713,large[2700 x=26c0] pot[24b0 x=7ec0] pot[24f0 x=0000]
1714,large[2700 x=24c0] pot[24b0 x=7d40] pot[24f0 x=0000]
1715,large[2700 x=22c0] pot[24b0 x=7bc0] pot[24f0 x=0000]
1716,large[26d0 x=fd80] large[2700 x=20c0] pot[24b0 x=7a40] pot[24f0 x=0000]
1717,large[26d0 x=fb80] large[2700 x=1ec0] pot[24b0 x=78c0] pot[24f0 x=0000]
1718,large[26d0 x=f980] large[2700 x=1cc0] pot[24b0 x=7740] pot[24f0 x=0000]
1719,large[26d0 x=f780] large[2700 x=1ac0] pot[24b0 x=75c0] pot[24f0 x=0000]
1720,large[26d0 x=f580] large[2700 x=18c0] pot[24b0 x=7440] pot[24f0 x=0000]
1721,large[26d0 x=f380] large[2700 x=16c0] pot[24b0 x=72c0] pot[24f0 x=0000]
1722,large[26d0 x=f180] large[2700 x=14c0] pot[24b0 x=7140] pot[24f0 x=0000]
1723,large[26d0 x=ef80] large[2700 x=12c0] pot[24b0 x=6fc0] pot[24f0 x=0000]
1724,large[26d0 x=ed80] large[2700 x=10c0] pot[24b0 x=6e40] pot[24f0 x=0000]
1725,large[26d0 x=eb80] large[2700 x=0ec0] pot[24b0 x=6cc0] pot[24f0 x=0000]
1726,large[26d0 x=e980] large[2700 x=0cc0] pot[24b0 x=6b40] pot[24f0 x=0000]
1727,large[26d0 x=e780] large[2700 x=0ac0] pot[24b0 x=69c0] pot[24f0 x=0000]
1728,large[26d0 x=e580] large[2700 x=08c0] pot[24b0 x=6840] pot[24f0 x=0000]
1729,large[26d0 x=e380] large[2700 x=06c0] pot[24b0 x=66c0] pot[24f0 x=0000]
1730,large[26d0 x=e180] large[2700 x=04c0] pot[24b0 x=6540] pot[24f0 x=0000]
1731,large[26d0 x=df80] large[2700 x=02c0] pot[24b0 x=63c0] pot[24f0 x=0000]
1732,large[26d0 x=dd80] large[2700 x=00c0] pot[24b0 x=6240] pot[24f0 x=0000]
1733,large[26d0 x=db80] pot[24b0 x=60c0] pot[24f0 x=0000]
1734,large[26d0 x=d980] pot[24b0 x=5f40] pot[24f0 x=0000]
1735,large[26d0 x=d780] pot[24b0 x=5dc0] pot[24f0 x=0000]
1736,large[26d0 x=d580] pot[24b0 x=5c40] pot[24f0 x=0000]
1737,large[26d0 x=d380] pot[24b0 x=5ac0] pot[24f0 x=0000]
1738,large[26d0 x=d180] pot[24b0 x=5940] pot[24f0 x=0000]
1739,large[26d0 x=cf80] pot[24b0 x=57c0] pot[24f0 x=0000]
1740,large[26d0 x=cd80] pot[24b0 x=5640] pot[24f0 x=0000]
1741,large[26d0 x=cb80] pot[24b0 x=54c0] pot[24f0 x=0000]
1742,large[26d0 x=c980] pot[24b0 x=5340] pot[24f0 x=0000]
1743,large[26d0 x=c780] pot[24b0 x=51c0] pot[24f0 x=0000]
1744,large[26d0 x=c580] pot[24b0 x=5040] pot[24f0 x=0000]
1745,large[26d0 x=c380] pot[24b0 x=4ec0] pot[24f0 x=0000]
1746,large[26d0 x=c180] pot[24b0 x=4d40] pot[24f0 x=0000]
1747,large[26d0 x=bf80] pot[24b0 x=4bc0] pot[24f0 x=0000]
1748,large[26d0 x=bd80] pot[24b0 x=4a40] pot[24f0 x=0000]
1749,large[26d0 x=bb80] pot[24b0 x=48c0] pot[24f0 x=0000]
1750,large[26d0 x=b980] pot[24b0 x=4740] pot[24f0 x=0000]
1751,large[26d0 x=b780] pot[24b0 x=45c0] pot[24f0 x=0000]
1752,large[26d0 x=b580] pot[24b0 x=4440] pot[24f0 x=0000]
1753,large[26d0 x=b380] pot[24b0 x=42c0] pot[24f0 x=0000]
1754,large[26d0 x=b180] pot[24b0 x=4140] pot[24f0 x=0000]
1755,large[26d0 x=af80] pot[24b0 x=3fc0] pot[24f0 x=0000]
1756,large[26d0 x=ad80] pot[24b0 x=3e40] pot[24f0 x=0000]
1757,large[26d0 x=ab80] pot[24b0 x=3cc0] pot[24f0 x=0000]
1758,large[26d0 x=a980] pot[24b0 x=3b40] pot[24f0 x=0000]
1759,large[26d0 x=a780] pot[24b0 x=39c0] pot[24f0 x=0000]
1760,large[26d0 x=a580] pot[24b0 x=3840] pot[24f0 x=0000]
1761,large[26d0 x=a380] pot[24b0 x=36c0] pot[24f0 x=0000]
1762,large[26d0 x=a180] pot[24b0 x=3540] pot[24f0 x=0000]
1763,large[26d0 x=9f80] pot[24b0 x=33c0] pot[24f0 x=0000]
1764,large[26d0 x=9d80] pot[24b0 x=3240] pot[24f0 x=0000]
1765,large[26d0 x=9b80] pot[24b0 x=30c0] pot[24f0 x=0000]
1766,large[26d0 x=9980] pot[24b0 x=2f40] pot[24f0 x=0000]
1767,large[26d0 x=9780] pot[24b0 x=2dc0] pot[24f0 x=0000]
1768,large[26d0 x=9580] pot[24b0 x=2c40] pot[24f0 x=0000]
1769,large[26d0 x=9380] pot[24b0 x=2ac0] pot[24f0 x=0000]
1770,large[26d0 x=9180] pot[24b0 x=2940] pot[24f0 x=0000]
1771,large[26d0 x=8f80] pot[24b0 x=27c0] pot[24f0 x=0000]
1772,large[26d0 x=8d80] pot[24b0 x=2640] pot[24f0 x=0000]
1773,large[26d0 x=8b80] pot[24b0 x=24c0] pot[24f0 x=0000]
1774,large[26d0 x=8980] pot[24b0 x=2340] pot[24f0 x=0000]
1775,large[26d0 x=8780] pot[24b0 x=21c0] pot[24f0 x=0000]
1776,large[26d0 x=8580] pot[24b0 x=2040] pot[24f0 x=0000]
1777,large[26d0 x=8380] pot[24b0 x=1ec0] pot[24f0 x=0000]
1778,large[26d0 x=8180] pot[24b0 x=1d40] pot[24f0 x=0000]
1779,large[26d0 x=7f80] pot[24b0 x=1bc0] pot[24f0 x=0000]
1780,large[26d0 x=7d80] pot[24b0 x=1a40] pot[24f0 x=0000] pot[2530 x=0000]
1781,large[26d0 x=7b80] pot[24b0 x=18c0] pot[24f0 x=fe80] pot[2530 x=0000]
1782,large[26d0 x=7980] pot[24b0 x=1740] pot[24f0 x=fd00] pot[2530 x=0000]
1783,large[26d0 x=7780] pot[24b0 x=15c0] pot[24f0 x=fb80] pot[2530 x=0000]
1784,large[26d0 x=7580] pot[24b0 x=1440] pot[24f0 x=fa00] pot[2530 x=0000]
1785,large[26d0 x=7380] pot[24b0 x=12c0] pot[24f0 x=f880] pot[2530 x=0000]
1786,large[26d0 x=7180] pot[24b0 x=1140] pot[24f0 x=f700] pot[2530 x=0000]
1787,large[26d0 x=6f80] pot[24b0 x=0fc0] pot[24f0 x=f580] pot[2530 x=0000]
1788,large[26d0 x=7030] pot[24b0 x=10f0] pot[24f0 x=f6b0] pot[2530 x=0000]
1789,large[26d0 x=70e0] pot[24b0 x=1220] pot[24f0 x=f7e0] pot[2530 x=0000]
1790,large[26d0 x=7190] pot[24b0 x=1350] pot[24f0 x=f910] pot[2530 x=0000]
1791,large[26d0 x=7240] pot[24b0 x=1480] pot[24f0 x=fa40] pot[2530 x=0000]
1792,large[26d0 x=72f0] pot[24b0 x=15b0] pot[24f0 x=fb70] pot[2530 x=0000]
1793,large[26d0 x=73a0] pot[24b0 x=16e0] pot[24f0 x=fca0] pot[2530 x=0000]
1794,large[26d0 x=7450] pot[24b0 x=1810] pot[24f0 x=fdd0] pot[2530 x=0000]
1795,large[26d0 x=7500] pot[24b0 x=1940] pot[24f0 x=ff00] pot[2530 x=0000]
1796,large[26d0 x=75b0] pot[24b0 x=1a70] pot[24f0 x=0000]
1797,large[26d0 x=7530] pot[24b0 x=1a70] pot[24f0 x=0000]
1798,large[26d0 x=74b0] pot[24b0 x=1a70] pot[24f0 x=0000]
1799,large[26d0 x=7430] pot[24b0 x=1a70] pot[24f0 x=0000]
1800,large[26d0 x=73b0] pot[24b0 x=1a70] pot[24f0 x=0000]
1801,large[26d0 x=7330] pot[24b0 x=1a70] pot[24f0 x=0000]
1802,large[26d0 x=72b0] pot[24b0 x=1a70] pot[24f0 x=0000]
1803,large[26d0 x=7230] pot[24b0 x=1a70] pot[24f0 x=0000]
1804,large[26d0 x=71b0] pot[24b0 x=1a70] pot[24f0 x=0000]
1805,large[26d0 x=7130] pot[24b0 x=1a70] pot[24f0 x=0000]
1806,large[26d0 x=70b0] pot[24b0 x=1a70] pot[24f0 x=0000]
1807,large[26d0 x=7030] pot[24b0 x=1a70] pot[24f0 x=0000]
1808,large[26d0 x=6fb0] pot[24b0 x=1a70] pot[24f0 x=0000]
1809,large[26d0 x=6f30] pot[24b0 x=1a70] pot[24f0 x=0000]
1810,large[26d0 x=6eb0] pot[24b0 x=1a70] pot[24f0 x=0000]
1811,large[26d0 x=6e30] pot[24b0 x=1a70] pot[24f0 x=0000]
1812,large[26d0 x=6db0] pot[24b0 x=1a70] pot[24f0 x=0000]
1813,large[26d0 x=6d30] pot[24b0 x=1a70] pot[24f0 x=0000]
1814,large[26d0 x=6cb0] pot[24b0 x=1a70] pot[24f0 x=0000]
1815,large[26d0 x=6c30] pot[24b0 x=1a70] pot[24f0 x=0000]
1816,large[26d0 x=6bb0] pot[24b0 x=1a70] pot[24f0 x=0000]
1817,large[26d0 x=6b30] pot[24b0 x=1a70] pot[24f0 x=0000]
1818,large[26d0 x=6be0] pot[24b0 x=1ba0] pot[24f0 x=0000]
1819,large[26d0 x=6c90] pot[24b0 x=1cd0] pot[24f0 x=0000]
1820,large[26d0 x=6d40] pot[24b0 x=1e00] pot[24f0 x=0000]
1821,large[26d0 x=6df0] pot[24b0 x=1f30] pot[24f0 x=0000]
1822,large[26d0 x=6ea0] pot[24b0 x=2060] pot[24f0 x=0000]
1823,large[26d0 x=6f50] pot[24b0 x=2190] pot[24f0 x=0000]
1824,large[26d0 x=7000] pot[24b0 x=22c0] pot[24f0 x=0000]
1825,large[26d0 x=70b0] pot[24b0 x=23f0] pot[24f0 x=0000]
1826,large[26d0 x=7160] pot[24b0 x=2520] pot[24f0 x=0000]
1827,large[26d0 x=7210] pot[24b0 x=2650] pot[24f0 x=0000]
1828,large[26d0 x=72c0] pot[24b0 x=2780] pot[24f0 x=0000]
1829,large[26d0 x=7370] pot[24b0 x=28b0] pot[24f0 x=0000]
1830,large[26d0 x=7420] pot[24b0 x=29e0] pot[24f0 x=0000]
1831,large[26d0 x=74d0] pot[24b0 x=2b10] pot[24f0 x=0000]
1832,large[26d0 x=7580] pot[24b0 x=2c40] pot[24f0 x=0000]
1833,large[26d0 x=7630] pot[24b0 x=2d70] pot[24f0 x=0000]
1834,large[26d0 x=76e0] pot[24b0 x=2ea0] pot[24f0 x=0000]
1835,large[26d0 x=7790] pot[24b0 x=2fd0] pot[24f0 x=0000]
1836,large[26d0 x=7840] pot[24b0 x=3100] pot[24f0 x=0000]
1837,large[26d0 x=78f0] pot[24b0 x=3230] pot[24f0 x=0000]
1838,large[26d0 x=79a0] pot[24b0 x=3360] pot[24f0 x=0000]
1839,large[26d0 x=7a50] pot[24b0 x=3490] pot[24f0 x=0000]
1840,large[26d0 x=7b00] pot[24b0 x=35c0] pot[24f0 x=0000]
1841,large[26d0 x=7bb0] pot[24b0 x=36f0] pot[24f0 x=0000]
1842,large[26d0 x=7c60] pot[24b0 x=3820] pot[24f0 x=0000]
1843,large[26d0 x=7d10] pot[24b0 x=3950] pot[24f0 x=0000]
1844,large[26d0 x=7dc0] pot[24b0 x=3a80] pot[24f0 x=0000]
1845,large[26d0 x=7e70] pot[24b0 x=3bb0] pot[24f0 x=0000]
1846,large[26d0 x=7f20] pot[24b0 x=3ce0] pot[24f0 x=0000]
1847,large[26d0 x=7fd0] pot[24b0 x=3e10] pot[24f0 x=0000]
1848,large[26d0 x=8080] pot[24b0 x=3f40] pot[24f0 x=0000]
1849,large[26d0 x=8130] pot[24b0 x=4070] pot[24f0 x=0000]
1850,large[26d0 x=81e0] pot[24b0 x=41a0] pot[24f0 x=0000]
1851,large[26d0 x=8290] pot[24b0 x=42d0] pot[24f0 x=0000]
1852,large[26d0 x=8340] pot[24b0 x=4400] pot[24f0 x=0000]
1853,large[26d0 x=83f0] pot[24b0 x=4530] pot[24f0 x=0000]
1854,large[26d0 x=84a0] pot[24b0 x=4660] pot[24f0 x=0000]
1855,large[26d0 x=8550] pot[24b0 x=4790] pot[24f0 x=0000]
1856,large[26d0 x=8600] pot[24b0 x=48c0] pot[24f0 x=0000]
1857,large[26d0 x=86b0] pot[24b0 x=49f0] pot[24f0 x=0000]
1858,large[26d0 x=8760] pot[24b0 x=4b20] pot[24f0 x=0000]
1859,large[26d0 x=8810] pot[24b0 x=4c50] pot[24f0 x=0000]
1860,large[26d0 x=88c0] pot[24b0 x=4d80] pot[24f0 x=0000]
1861,large[26d0 x=8970] pot[24b0 x=4eb0] pot[24f0 x=0000]
1862,large[26d0 x=8a20] pot[24b0 x=4fe0] pot[24f0 x=0000]
1863,large[26d0 x=8ad0] pot[24b0 x=5110] pot[24f0 x=0000]
1864,large[26d0 x=8b80] pot[24b0 x=5240] pot[24f0 x=0000]
1865,large[26d0 x=8c30] pot[24b0 x=5370] pot[24f0 x=0000]
1866,large[26d0 x=8ce0] pot[24b0 x=54a0] pot[24f0 x=0000]
1867,large[26d0 x=8d90] pot[24b0 x=55d0] pot[24f0 x=0000]
1868,large[26d0 x=8e40] pot[24b0 x=5700] pot[24f0 x=0000]
1869,large[26d0 x=8ef0] pot[24b0 x=5830] pot[24f0 x=0000]
1870,large[26d0 x=8fa0] pot[24b0 x=5960] pot[24f0 x=0000]
1871,large[26d0 x=9050] pot[24b0 x=5a90] pot[24f0 x=0000]
1872,large[26d0 x=9100] pot[24b0 x=5bc0] pot[24f0 x=0000]
1873,large[26d0 x=91b0] pot[24b0 x=5cf0] pot[24f0 x=0000]
1874,large[26d0 x=9260] pot[24b0 x=5e20] pot[24f0 x=0000]
1875,large[26d0 x=9310] pot[24b0 x=5f50] pot[24f0 x=0000]
1876,large[26d0 x=93c0] pot[24b0 x=6080] pot[24f0 x=0000]
1877,large[26d0 x=9470] pot[24b0 x=61b0] pot[24f0 x=0000]
1878,large[26d0 x=9520] pot[24b0 x=62e0] pot[24f0 x=0000]
1879,large[26d0 x=95d0] pot[24b0 x=6410] pot[24f0 x=0000]
1880,large[26d0 x=9680] pot[24b0 x=6540] pot[24f0 x=0000]
1881,large[26d0 x=9730] pot[24b0 x=6670] pot[24f0 x=0000]
1882,large[26d0 x=97e0] pot[24b0 x=67a0] pot[24f0 x=0000]
1883,large[26d0 x=9890] pot[24b0 x=68d0] pot[24f0 x=0000]
1884,large[26d0 x=9940] pot[24b0 x=6a00] pot[24f0 x=0000]
1885,large[26d0 x=99f0] pot[24b0 x=6b30] pot[24f0 x=0000]
1886,large[26d0 x=9aa0] pot[24b0 x=6c60] pot[24f0 x=0000]
1887,large[26d0 x=9b50] pot[24b0 x=6d90] pot[24f0 x=0000]
1888,large[26d0 x=9c00] pot[24b0 x=6ec0] pot[24f0 x=0000]
1889,large[26d0 x=9cb0] pot[24b0 x=6ff0] pot[24f0 x=0000]
1890,large[26d0 x=9d60] pot[24b0 x=7120] pot[24f0 x=0000]
1891,large[26d0 x=9e10] pot[24b0 x=7250] pot[24f0 x=0000]
1892,large[26d0 x=9ec0] pot[24b0 x=7380] pot[24f0 x=0000]
1893,large[26d0 x=9f70] pot[24b0 x=74b0] pot[24f0 x=0000]
1894,large[26d0 x=a020] pot[24b0 x=75e0] pot[24f0 x=0000]
1895,large[26d0 x=a0d0] pot[24b0 x=7710] pot[24f0 x=0000]
1896,large[26d0 x=a180] pot[24b0 x=7840] pot[24f0 x=0000]
1897,large[26d0 x=a100] pot[24b0 x=7840] pot[24f0 x=0000]
1898,large[26d0 x=a080] pot[24b0 x=7840] pot[24f0 x=0000]
1899,large[26d0 x=9e80] pot[24b0 x=76c0] pot[24f0 x=0000]
1900,large[26d0 x=9c80] pot[24b0 x=7540] pot[24f0 x=0000]
1901,large[26d0 x=9a80] pot[24b0 x=73c0] pot[24f0 x=0000]
1902,large[26d0 x=9880] pot[24b0 x=7240] pot[24f0 x=0000]
1903,large[26d0 x=9680] pot[24b0 x=70c0] pot[24f0 x=0000]
1904,large[26d0 x=9480] pot[24b0 x=6f40] pot[24f0 x=0000]
1905,large[26d0 x=9280] pot[24b0 x=6dc0] pot[24f0 x=0000]
1906,large[26d0 x=9080] pot[24b0 x=6c40] pot[24f0 x=0000]
1907,large[26d0 x=8e80] pot[24b0 x=6ac0] pot[24f0 x=0000]
1908,large[26d0 x=8c80] pot[24b0 x=6940] pot[24f0 x=0000]
1909,large[26d0 x=8a80] pot[24b0 x=67c0] pot[24f0 x=0000]
1910,large[26d0 x=8880] pot[24b0 x=6640] pot[24f0 x=0000]
1911,large[26d0 x=8680] pot[24b0 x=64c0] pot[24f0 x=0000]
1912,large[26d0 x=8480] pot[24b0 x=6340] pot[24f0 x=0000]
1913,large[26d0 x=8280] pot[24b0 x=61c0] pot[24f0 x=0000]
1914,large[26d0 x=8080] pot[24b0 x=6040] pot[24f0 x=0000]
1915,large[26d0 x=7e80] pot[24b0 x=5ec0] pot[24f0 x=0000]
1916,large[26d0 x=7c80] pot[24b0 x=5d40] pot[24f0 x=0000]
1917,large[26d0 x=7a80] pot[24b0 x=5bc0] pot[24f0 x=0000]
1918,large[26d0 x=7880] pot[24b0 x=5a40] pot[24f0 x=0000]
1919,large[26d0 x=7680] pot[24b0 x=58c0] pot[24f0 x=0000]
1920,large[26d0 x=7480] pot[24b0 x=5740] pot[24f0 x=0000]
1921,large[26d0 x=7280] pot[24b0 x=55c0] pot[24f0 x=0000]
1922,large[26d0 x=7080] pot[24b0 x=5440] pot[24f0 x=0000]
1923,large[26d0 x=6e80] pot[24b0 x=52c0] pot[24f0 x=0000]
1924,large[26d0 x=6c80] pot[24b0 x=5140] pot[24f0 x=0000]
1925,large[26d0 x=6a80] pot[24b0 x=4fc0] pot[24f0 x=0000]
1926,large[26d0 x=6880] pot[24b0 x=4e40] pot[24f0 x=0000]
1927,large[26d0 x=6680] pot[24b0 x=4cc0] pot[24f0 x=0000]
1928,large[26d0 x=6480] pot[24b0 x=4b40] pot[24f0 x=0000]
1929,large[26d0 x=6280] pot[24b0 x=49c0] pot[24f0 x=0000]
1930,large[26d0 x=6080] pot[24b0 x=4840] pot[24f0 x=0000]
1931,large[26d0 x=5e80] pot[24b0 x=46c0] pot[24f0 x=0000]
1932,large[26d0 x=5c80] pot[24b0 x=4540] pot[24f0 x=0000]
1933,large[26d0 x=5a80] pot[24b0 x=43c0] pot[24f0 x=0000]
1934,large[26d0 x=5880] pot[24b0 x=4240] pot[24f0 x=0000]
1935,large[26d0 x=5680] pot[24b0 x=40c0] pot[24f0 x=0000]
1936,large[26d0 x=5480] pot[24b0 x=3f40] pot[24f0 x=0000]
1937,large[26d0 x=5280] pot[24b0 x=3dc0] pot[24f0 x=0000]
1938,large[26d0 x=5080] pot[24b0 x=3c40] pot[24f0 x=0000]
1939,large[26d0 x=4e80] pot[24b0 x=3ac0] pot[24f0 x=0000]
1940,large[26d0 x=4c80] pot[24b0 x=3940] pot[24f0 x=0000]
1941,large[26d0 x=4a80] pot[24b0 x=37c0] pot[24f0 x=0000]
1942,large[26d0 x=4880] pot[24b0 x=3640] pot[24f0 x=0000]
1943,large[26d0 x=4680] pot[24b0 x=34c0] pot[24f0 x=0000]
1944,large[26d0 x=4480] pot[24b0 x=3340] pot[24f0 x=0000]
1945,large[26d0 x=4280] pot[24b0 x=31c0] pot[24f0 x=0000]
1946,large[26d0 x=4080] pot[24b0 x=3040] pot[24f0 x=0000]
1947,large[26d0 x=3e80] pot[24b0 x=2ec0] pot[24f0 x=0000]
1948,large[26d0 x=3c80] pot[24b0 x=2d40] pot[24f0 x=0000]
1949,large[26d0 x=3a80] pot[24b0 x=2bc0] pot[24f0 x=0000]
1950,large[26d0 x=3880] pot[24b0 x=2a40] pot[24f0 x=0000]
1951,large[26d0 x=3680] pot[24b0 x=28c0] pot[24f0 x=0000]
1952,large[26d0 x=3480] pot[24b0 x=2740] pot[24f0 x=0000]
1953,large[26d0 x=3280] pot[24b0 x=25c0] pot[24f0 x=0000]
1954,large[26d0 x=3080] pot[24b0 x=2440] pot[24f0 x=0000]
1955,large[26d0 x=2e80] pot[24b0 x=22c0] pot[24f0 x=0000]
1956,large[26d0 x=2c80] pot[24b0 x=2140] pot[24f0 x=0000]
1957,large[26d0 x=2a80] pot[24b0 x=1fc0] pot[24f0 x=0000]
1958,large[26d0 x=2880] pot[24b0 x=1e40] pot[24f0 x=0000]
1959,large[26d0 x=2680] pot[24b0 x=1cc0] pot[24f0 x=0000]
1960,large[26d0 x=2480] pot[24b0 x=1b40] pot[24f0 x=0000]
1961,large[26d0 x=2280] pot[24b0 x=19c0] pot[24f0 x=0000] pot[2530 x=0000]
1962,large[26d0 x=2080] pot[24b0 x=1840] pot[24f0 x=fe80] pot[2530 x=0000]
1963,large[26d0 x=1e80] pot[24b0 x=16c0] pot[24f0 x=fd00] pot[2530 x=0000]
1964,large[26d0 x=1c80] pot[24b0 x=1540] pot[24f0 x=fb80] pot[2530 x=0000]
1965,large[26d0 x=1a80] pot[24b0 x=13c0] pot[24f0 x=fa00] pot[2530 x=0000]
1966,large[26d0 x=1880] small[2760 x=fd80] pot[24b0 x=1240] pot[24f0 x=f880] pot[2530 x=0000]
1967,large[26d0 x=1680] small[2760 x=fb80] pot[24b0 x=10c0] pot[24f0 x=f700] pot[2530 x=0000]
1968,large[26d0 x=1480] small[2760 x=f980] pot[24b0 x=0f40] pot[24f0 x=f580] pot[2530 x=0000]
1969,large[26d0 x=1280] small[2760 x=f780] pot[24b0 x=0dc0] pot[24f0 x=f400] pot[2530 x=0000]
1970,large[26d0 x=1080] small[2760 x=f580] pot[24b0 x=0c40] pot[24f0 x=f280] pot[2530 x=0000]
1971,large[26d0 x=0e80] small[2760 x=f380] pot[24b0 x=0ac0] pot[24f0 x=f100] pot[2530 x=0000]
1972,large[26d0 x=0c80] small[2760 x=f180] pot[24b0 x=0940] pot[24f0 x=ef80] pot[2530 x=0000]
1973,large[26d0 x=0a80] small[2760 x=ef80] pot[24b0 x=07c0] pot[24f0 x=ee00] pot[2530 x=0000]
1974,large[26d0 x=0880] small[2760 x=ed80] pot[24b0 x=0640] pot[24f0 x=ec80] pot[2530 x=0000]
1975,large[26d0 x=0680] small[2760 x=eb80] pot[24b0 x=04c0] pot[24f0 x=eb00] pot[2530 x=0000]
1976,large[26d0 x=0480] small[2760 x=e980] pot[24b0 x=0340] pot[24f0 x=e980] pot[2530 x=0000]
1977,large[26d0 x=0280] small[2760 x=e780] pot[24f0 x=e800] pot[2530 x=0000]
1978,large[26d0 x=0080] small[2760 x=e580] pot[24f0 x=e680] pot[2530 x=0000]
1979,small[2760 x=e380] pot[24f0 x=e500] pot[2530 x=0000]
1980,small[2760 x=e180] pot[24f0 x=e380] pot[2530 x=0000]
1981,small[2760 x=df80] pot[24f0 x=e200] pot[2530 x=0000]
1982,small[2760 x=dd80] pot[24f0 x=e080] pot[2530 x=0000]
1983,small[2760 x=db80] pot[24f0 x=df00] pot[2530 x=0000]
1984,small[2760 x=d980] pot[24f0 x=dd80] pot[2530 x=0000]
1985,small[2760 x=d780] pot[24f0 x=dc00] pot[2530 x=0000]
1986,small[2760 x=d580] pot[24f0 x=da80] pot[2530 x=0000]
1987,small[2760 x=d380] pot[24f0 x=d900] pot[2530 x=0000]
1988,small[2760 x=d180] pot[24f0 x=d780] pot[2530 x=0000]
1989,small[2760 x=cf80] pot[24f0 x=d600] pot[2530 x=0000]
1990,small[2760 x=cd80] pot[24f0 x=d480] pot[2530 x=0000]
1991,small[2760 x=cb80] pot[24f0 x=d300] pot[2530 x=0000]
1992,small[2760 x=c980] pot[24f0 x=d180] pot[2530 x=0000]
1993,small[2760 x=c780] pot[24f0 x=d000] pot[2530 x=0000]
1994,small[2760 x=c580] pot[24f0 x=ce80] pot[2530 x=0000]
1995,small[2760 x=c380] pot[24f0 x=cd00] pot[2530 x=0000]
1996,small[2760 x=c180] pot[24f0 x=cb80] pot[2530 x=0000]
1997,small[2760 x=bf80] pot[24f0 x=ca00] pot[2530 x=0000]
1998,small[2760 x=bd80] pot[24f0 x=c880] pot[2530 x=0000]
1999,small[2760 x=bb80] pot[24f0 x=c700] pot[2530 x=0000]
2000,small[2760 x=b980] pot[24f0 x=c580] pot[2530 x=0000]
2001,small[2760 x=b780] pot[24f0 x=c400] pot[2530 x=0000]
2002,small[2760 x=b580] pot[24f0 x=c280] pot[2530 x=0000]
2003,small[2760 x=b380] pot[24f0 x=c100] pot[2530 x=0000]
2004,small[2760 x=b180] pot[24f0 x=bf80] pot[2530 x=0000]
2005,small[2760 x=af80] pot[24f0 x=be00] pot[2530 x=0000]
2006,small[2760 x=ad80] pot[24f0 x=bc80] pot[2530 x=0000]
2007,small[2760 x=ab80] pot[24f0 x=bb00] pot[2530 x=0000]
2008,small[2760 x=a980] pot[24f0 x=b980] pot[2530 x=0000]
2009,small[2760 x=a780] pot[24f0 x=b800] pot[2530 x=0000]
2010,small[2760 x=a580] pot[24f0 x=b680] pot[2530 x=0000]
2011,small[2760 x=a380] pot[24f0 x=b500] pot[2530 x=0000]
2012,small[2760 x=a180] pot[24f0 x=b380] pot[2530 x=0000]
2013,small[2760 x=9f80] pot[24f0 x=b200] pot[2530 x=0000]
2014,small[2760 x=9d80] pot[24f0 x=b080] pot[2530 x=0000]
2015,small[2760 x=9b80] pot[24f0 x=af00] pot[2530 x=0000]
2016,small[2760 x=9980] pot[24f0 x=ad80] pot[2530 x=0000]
2017,small[2760 x=9780] pot[24f0 x=ac00] pot[2530 x=0000]
2018,small[2760 x=9580] pot[24f0 x=aa80] pot[2530 x=0000]
2019,small[2760 x=9380] pot[24f0 x=a900] pot[2530 x=0000]
2020,small[2760 x=9180] pot[24f0 x=a780] pot[2530 x=0000]
2021,small[2760 x=8f80] pot[24f0 x=a600] pot[2530 x=0000]
2022,small[2760 x=8d80] pot[24f0 x=a480] pot[2530 x=0000]
2023,small[2760 x=8b80] pot[24f0 x=a300] pot[2530 x=0000]
2024,small[2760 x=8980] pot[24f0 x=a180] pot[2530 x=0000]
2025,small[2760 x=8780] pot[24f0 x=a000] pot[2530 x=0000]
2026,small[2760 x=8580] pot[24f0 x=9e80] pot[2530 x=0000]
2027,small[2760 x=8380] pot[24f0 x=9d00] pot[2530 x=0000]
2028,small[2760 x=8180] pot[24f0 x=9b80] pot[2530 x=0000]
2029,small[2760 x=7f80] pot[24f0 x=9a00] pot[2530 x=0000]
2030,small[2760 x=7d80] pot[24f0 x=9880] pot[2530 x=0000]
2031,small[2760 x=7b80] pot[24f0 x=9700] pot[2530 x=0000]
2032,small[2760 x=7980] pot[24f0 x=9580] pot[2530 x=0000]
2033,small[2760 x=7900] pot[24f0 x=9580] pot[2530 x=0000]
2034,small[2760 x=7880] pot[24f0 x=9580] pot[2530 x=0000]
2035,small[2760 x=7800] pot[24f0 x=9580] pot[2530 x=0000]
2036,small[2760 x=78b0] pot[24f0 x=96b0] pot[2530 x=0000]
2037,small[2760 x=7960] pot[24f0 x=97e0] pot[2530 x=0000]
2038,small[2760 x=7a10] pot[24f0 x=9910] pot[2530 x=0000]
2039,small[2760 x=7ac0] pot[24f0 x=9a40] pot[2530 x=0000]
2040,small[2760 x=7b70] pot[24f0 x=9b70] pot[2530 x=0000]
2041,small[2760 x=7c20] pot[24f0 x=9ca0] pot[2530 x=0000]
2042,small[2760 x=7cd0] pot[24f0 x=9dd0] pot[2530 x=0000]
2043,small[2760 x=7d80] pot[24f0 x=9f00] pot[2530 x=0000]
2044,small[2760 x=7e30] pot[24f0 x=a030] pot[2530 x=0000]
2045,small[2760 x=7ee0] pot[24f0 x=a160] pot[2530 x=0000]
2046,small[2760 x=7f90] pot[24f0 x=a290] pot[2530 x=0000]
2047,small[2760 x=8040] pot[24f0 x=a3c0] pot[2530 x=0000]
2048,small[2760 x=80f0] pot[24f0 x=a4f0] pot[2530 x=0000]
2049,small[2760 x=81a0] pot[24f0 x=a620] pot[2530 x=0000]
2050,small[2760 x=8250] pot[24f0 x=a750] pot[2530 x=0000]
2051,small[2760 x=8300] pot[24f0 x=a880] pot[2530 x=0000]
2052,small[2760 x=83b0] pot[24f0 x=a9b0] pot[2530 x=0000]
2053,small[2760 x=8460] pot[24f0 x=aae0] pot[2530 x=0000]
2054,small[2760 x=8510] pot[24f0 x=ac10] pot[2530 x=0000]
2055,small[2760 x=85c0] pot[24f0 x=ad40] pot[2530 x=0000]
2056,small[2760 x=8670] pot[24f0 x=ae70] pot[2530 x=0000]
2057,small[2760 x=8720] pot[24f0 x=afa0] pot[2530 x=0000]
2058,small[2760 x=87d0] pot[24f0 x=b0d0] pot[2530 x=0000]
2059,small[2760 x=8880] pot[24f0 x=b200] pot[2530 x=0000]
2060,small[2760 x=8800] pot[24f0 x=b200] pot[2530 x=0000]
2061,small[2760 x=8780] pot[24f0 x=b200] pot[2530 x=0000]
2062,small[2760 x=8700] pot[24f0 x=b200] pot[2530 x=0000]
2063,small[2760 x=8680] pot[24f0 x=b200] pot[2530 x=0000]
2064,small[2760 x=8480] pot[24f0 x=b080] pot[2530 x=0000]
2065,small[2760 x=8280] pot[24f0 x=af00] pot[2530 x=0000]
2066,small[2760 x=8080] pot[24f0 x=ad80] pot[2530 x=0000]
2067,small[2760 x=7e80] pot[24f0 x=ac00] pot[2530 x=0000]
2068,small[2760 x=7c80] pot[24f0 x=aa80] pot[2530 x=0000]
2069,small[2760 x=7a80] pot[24f0 x=a900] pot[2530 x=0000]
2070,small[2760 x=7880] pot[24f0 x=a780] pot[2530 x=0000]
2071,small[2760 x=7680] pot[24f0 x=a600] pot[2530 x=0000]
2072,small[2760 x=7480] pot[24f0 x=a480] pot[2530 x=0000]
2073,small[2760 x=7280] pot[24f0 x=a300] pot[2530 x=0000]
2074,small[2760 x=7080] pot[24f0 x=a180] pot[2530 x=0000]
2075,small[2760 x=6e80] pot[24f0 x=a000] pot[2530 x=0000]
2076,small[2760 x=6c80] pot[24f0 x=9e80] pot[2530 x=0000]
2077,small[2760 x=6a80] pot[24f0 x=9d00] pot[2530 x=0000]
2078,small[2760 x=6880] pot[24f0 x=9b80] pot[2530 x=0000]
2079,small[2760 x=6680] pot[24f0 x=9a00] pot[2530 x=0000]
2080,small[2760 x=6480] pot[24f0 x=9880] pot[2530 x=0000]
2081,small[2760 x=6280] pot[24f0 x=9700] pot[2530 x=0000]
2082,small[2760 x=6080] pot[24f0 x=9580] pot[2530 x=0000]
2083,small[2760 x=5e80] pot[24f0 x=9400] pot[2530 x=0000]
2084,small[2760 x=5c80] pot[24f0 x=9280] pot[2530 x=0000]
2085,small[2760 x=5a80] pot[24f0 x=9100] pot[2530 x=0000]
2086,small[2760 x=5880] pot[24f0 x=8f80] pot[2530 x=0000]
2087,small[2760 x=5680] pot[24f0 x=8e00] pot[2530 x=0000]
2088,small[2760 x=5480] pot[24f0 x=8c80] pot[2530 x=0000]
2089,small[2760 x=5280] pot[24f0 x=8b00] pot[2530 x=0000]
2090,small[2760 x=5080] pot[24f0 x=8980] pot[2530 x=0000]
2091,small[2760 x=4e80] pot[24f0 x=8800] pot[2530 x=0000]
2092,small[2760 x=4c80] pot[24f0 x=8680] pot[2530 x=0000]
2093,small[2760 x=4a80] pot[24f0 x=8500] pot[2530 x=0000]
2094,small[2760 x=4880] pot[24f0 x=8380] pot[2530 x=0000]
2095,small[2760 x=4680] pot[24f0 x=8200] pot[2530 x=0000]
2096,small[2760 x=4480] pot[24f0 x=8080] pot[2530 x=0000]
2097,small[2760 x=4280] pot[24f0 x=7f00] pot[2530 x=0000]
2098,small[2760 x=4080] pot[24f0 x=7d80] pot[2530 x=0000]
2099,small[2760 x=3e80] pot[24f0 x=7c00] pot[2530 x=0000]
2100,small[2760 x=3c80] pot[24f0 x=7a80] pot[2530 x=0000]
2101,small[2760 x=3a80] pot[24f0 x=7900] pot[2530 x=0000]
2102,small[2760 x=3880] pot[24f0 x=7780] pot[2530 x=0000]
2103,small[2760 x=3680] pot[24f0 x=7600] pot[2530 x=0000]
2104,small[2760 x=3480] pot[24f0 x=7480] pot[2530 x=0000]
2105,small[2760 x=3280] pot[24f0 x=7300] pot[2530 x=0000]
2106,small[2760 x=3080] pot[24f0 x=7180] pot[2530 x=0000]
2107,small[2760 x=2e80] pot[24f0 x=7000] pot[2530 x=0000]
2108,small[2760 x=2c80] pot[24f0 x=6e80] pot[2530 x=0000]
2109,small[2760 x=2a80] pot[24f0 x=6d00] pot[2530 x=0000]
2110,small[2760 x=2880] pot[24f0 x=6b80] pot[2530 x=0000]
2111,small[2760 x=2680] pot[24f0 x=6a00] pot[2530 x=0000]
2112,small[2760 x=2480] pot[24f0 x=6880] pot[2530 x=0000]
2113,small[2760 x=2280] pot[24f0 x=6700] pot[2530 x=0000]
2114,small[2760 x=2080] pot[24f0 x=6580] pot[2530 x=0000]
2115,small[2760 x=1e80] pot[24f0 x=6400] pot[2530 x=0000]
2116,small[2760 x=1c80] pot[24f0 x=6280] pot[2530 x=0000]
2117,small[2760 x=1a80] pot[24f0 x=6100] pot[2530 x=0000]
2118,small[2760 x=1880] pot[24f0 x=5f80] pot[2530 x=0000]
2119,large[26d0 x=fd80] small[2760 x=1680] pot[24f0 x=5e00] pot[2530 x=0000]
2120,large[26d0 x=fb80] small[2760 x=1480] pot[24f0 x=5c80] pot[2530 x=0000]
2121,large[26d0 x=f980] small[2760 x=1280] pot[24f0 x=5b00] pot[2530 x=0000]
2122,large[26d0 x=f780] small[2760 x=1080] pot[24f0 x=5980] pot[2530 x=0000]
2123,large[26d0 x=f580] small[2760 x=0e80] pot[24f0 x=5800] pot[2530 x=0000]
2124,large[26d0 x=f380] small[2760 x=0c80] pot[24f0 x=5680] pot[2530 x=0000]
2125,large[26d0 x=f180] small[2760 x=0a80] pot[24f0 x=5500] pot[2530 x=0000]
2126,large[26d0 x=ef80] small[2760 x=0880] pot[24f0 x=5380] pot[2530 x=0000]
2127,large[26d0 x=ed80] small[2760 x=0680] pot[24f0 x=5200] pot[2530 x=0000]
2128,large[26d0 x=eb80] small[2760 x=0480] pot[24f0 x=5080] pot[2530 x=0000]
2129,large[26d0 x=e980] small[2760 x=0280] pot[24f0 x=4f00] pot[2530 x=0000]
2130,large[26d0 x=e780] small[2760 x=0080] pot[24f0 x=4d80] pot[2530 x=0000]
2131,large[26d0 x=e580] pot[24f0 x=4c00] pot[2530 x=0000]
2132,large[26d0 x=e380] pot[24f0 x=4a80] pot[2530 x=0000]
2133,large[26d0 x=e180] large[2700 x=fd80] pot[24f0 x=4900] pot[2530 x=0000]
2134,large[26d0 x=df80] large[2700 x=fb80] pot[24f0 x=4780] pot[2530 x=0000]
2135,large[26d0 x=dd80] large[2700 x=f980] pot[24f0 x=4600] pot[2530 x=0000]
2136,large[26d0 x=db80] large[2700 x=f780] pot[24f0 x=4480] pot[2530 x=0000]
2137,large[26d0 x=d980] large[2700 x=f580] pot[24f0 x=4300] pot[2530 x=0000]
2138,large[26d0 x=d780] large[2700 x=f380] pot[24f0 x=4180] pot[2530 x=0000]
2139,large[26d0 x=d580] large[2700 x=f180] pot[24f0 x=4000] pot[2530 x=0000]
2140,large[26d0 x=d380] large[2700 x=ef80] pot[24f0 x=3e80] pot[2530 x=0000]
2141,large[26d0 x=d180] large[2700 x=ed80] pot[24f0 x=3d00] pot[2530 x=0000]
2142,large[26d0 x=cf80] large[2700 x=eb80] pot[24f0 x=3b80] pot[2530 x=0000]
2143,large[26d0 x=cd80] large[2700 x=e980] pot[24f0 x=3a00] pot[2530 x=0000]
2144,large[26d0 x=cb80] large[2700 x=e780] pot[24f0 x=3880] pot[2530 x=0000]
2145,large[26d0 x=c980] large[2700 x=e580] pot[24f0 x=3700] pot[2530 x=0000]
2146,large[26d0 x=c780] large[2700 x=e380] pot[24f0 x=3580] pot[2530 x=0000]
2147,large[26d0 x=c580] large[2700 x=e180] pot[24f0 x=3400] pot[2530 x=0000]
2148,large[26d0 x=c380] large[2700 x=df80] pot[24f0 x=3280] pot[2530 x=0000]
2149,large[26d0 x=c180] large[2700 x=dd80] pot[24f0 x=3100] pot[2530 x=0000]
2150,large[26d0 x=bf80] large[2700 x=db80] pot[24f0 x=2f80] pot[2530 x=0000]
2151,large[26d0 x=bd80] large[2700 x=d980] pot[24f0 x=2e00] pot[2530 x=0000]
2152,large[26d0 x=bb80] large[2700 x=d780] pot[24f0 x=2c80] pot[2530 x=0000]
2153,large[26d0 x=b980] large[2700 x=d580] pot[24f0 x=2b00] pot[2530 x=0000]
2154,large[26d0 x=b780] large[2700 x=d380] pot[24f0 x=2980] pot[2530 x=0000]
2155,large[26d0 x=b580] large[2700 x=d180] pot[24f0 x=2800] pot[2530 x=0000]
2156,large[26d0 x=b380] large[2700 x=cf80] pot[24f0 x=2680] pot[2530 x=0000]
2157,large[26d0 x=b180] large[2700 x=cd80] pot[24f0 x=2500] pot[2530 x=0000]
2158,large[26d0 x=af80] large[2700 x=cb80] pot[24f0 x=2380] pot[2530 x=0000]
2159,large[26d0 x=ad80] large[2700 x=c980] pot[24f0 x=2200] pot[2530 x=0000]
2160,large[26d0 x=ab80] large[2700 x=c780] pot[24f0 x=2080] pot[2530 x=0000]
2161,large[26d0 x=a980] large[2700 x=c580] pot[24f0 x=1f00] pot[2530 x=0000]
2162,large[26d0 x=a780] large[2700 x=c380] pot[24f0 x=1d80] pot[2530 x=0000]
2163,large[26d0 x=a580] large[2700 x=c180] pot[24f0 x=1c00] pot[2530 x=0000]
2164,large[26d0 x=a380] large[2700 x=bf80] pot[24f0 x=1a80] pot[2530 x=0000]
2165,large[26d0 x=a180] large[2700 x=bd80] pot[24f0 x=1900] pot[2530 x=0000]
2166,large[26d0 x=9f80] large[2700 x=bb80] pot[24f0 x=1780] pot[2530 x=0000]
2167,large[26d0 x=9d80] large[2700 x=b980] pot[24f0 x=1600] pot[2530 x=0000]
2168,large[26d0 x=9b80] large[2700 x=b780] pot[24f0 x=1480] pot[2530 x=0000]
2169,large[26d0 x=9980] large[2700 x=b580] pot[24f0 x=1300] pot[2530 x=0000]
2170,large[26d0 x=9780] large[2700 x=b380] pot[24f0 x=1180] pot[2530 x=0000]
2171,large[26d0 x=9580] large[2700 x=b180] pot[24f0 x=1000] pot[2530 x=0000]
2172,large[26d0 x=9380] large[2700 x=af80] pot[24f0 x=0e80] pot[2530 x=0000]
2173,large[26d0 x=9180] large[2700 x=ad80] pot[24f0 x=0d00] pot[2530 x=0000]
2174,large[26d0 x=8f80] large[2700 x=ab80] pot[24f0 x=0b80] pot[2530 x=0000]
2175,large[26d0 x=8d80] large[2700 x=a980] pot[24f0 x=0a00] pot[2530 x=0000]
2176,large[26d0 x=8d00] large[2700 x=a900] pot[24f0 x=0a00] pot[2530 x=0000]
2177,large[26d0 x=8c80] large[2700 x=a880] pot[24f0 x=0a00] pot[2530 x=0000]
2178,large[26d0 x=8c00] large[2700 x=a800] pot[24f0 x=0a00] pot[2530 x=0000]
2179,large[26d0 x=8b80] large[2700 x=a780] pot[24f0 x=0a00] pot[2530 x=0000]
2180,large[26d0 x=8b00] large[2700 x=a700] pot[24f0 x=0a00] pot[2530 x=0000]
2181,large[26d0 x=8a80] large[2700 x=a680] pot[24f0 x=0a00] pot[2530 x=0000]
2182,large[26d0 x=8a00] large[2700 x=a600] pot[24f0 x=0a00] pot[2530 x=0000]
2183,large[26d0 x=8980] large[2700 x=a580] pot[24f0 x=0a00] pot[2530 x=0000]
2184,large[26d0 x=8900] large[2700 x=a500] pot[24f0 x=0a00] pot[2530 x=0000]
2185,large[26d0 x=8880] large[2700 x=a480] pot[24f0 x=0a00] pot[2530 x=0000]
2186,large[26d0 x=8800] large[2700 x=a400] pot[24f0 x=0a00] pot[2530 x=0000]
2187,large[26d0 x=8780] large[2700 x=a380] pot[24f0 x=0a00] pot[2530 x=0000]
2188,large[26d0 x=8700] large[2700 x=a300] pot[24f0 x=0a00] pot[2530 x=0000]
2189,large[26d0 x=8680] large[2700 x=a280] pot[24f0 x=0a00] pot[2530 x=0000]
2190,large[26d0 x=8600] large[2700 x=a200] pot[24f0 x=0a00] pot[2530 x=0000]
2191,large[26d0 x=8580] large[2700 x=a180] pot[24f0 x=0a00] pot[2530 x=0000]
2192,large[26d0 x=8500] large[2700 x=a100] pot[24f0 x=0a00] pot[2530 x=0000]
2193,large[26d0 x=8480] large[2700 x=a080] pot[24f0 x=0a00] pot[2530 x=0000]
2194,large[26d0 x=8400] large[2700 x=a000] pot[24f0 x=0a00] pot[2530 x=0000]
2195,large[26d0 x=8380] large[2700 x=9f80] pot[24f0 x=0a00] pot[2530 x=0000]
2196,large[26d0 x=8300] large[2700 x=9f00] pot[24f0 x=0a00] pot[2530 x=0000]
2197,large[26d0 x=8280] large[2700 x=9e80] pot[24f0 x=0a00] pot[2530 x=0000]
2198,large[26d0 x=8200] large[2700 x=9e00] pot[24f0 x=0a00] pot[2530 x=0000]
2199,large[26d0 x=8180] large[2700 x=9d80] pot[24f0 x=0a00] pot[2530 x=0000]
2200,large[26d0 x=8100] large[2700 x=9d00] pot[24f0 x=0a00] pot[2530 x=0000]
2201,large[26d0 x=8080] large[2700 x=9c80] pot[24f0 x=0a00] pot[2530 x=0000]
2202,large[26d0 x=8000] large[2700 x=9c00] pot[24f0 x=0a00] pot[2530 x=0000]
2203,large[26d0 x=7f80] large[2700 x=9b80] pot[24f0 x=0a00] pot[2530 x=0000]
2204,large[26d0 x=7f00] large[2700 x=9b00] pot[24f0 x=0a00] pot[2530 x=0000]
2205,large[26d0 x=7e80] large[2700 x=9a80] pot[24f0 x=0a00] pot[2530 x=0000]
2206,large[26d0 x=7e00] large[2700 x=9a00] pot[24f0 x=0a00] pot[2530 x=0000]
2207,large[26d0 x=7d80] large[2700 x=9980] pot[24f0 x=0a00] pot[2530 x=0000]
2208,large[26d0 x=7d00] large[2700 x=9900] pot[24f0 x=0a00] pot[2530 x=0000]
2209,large[26d0 x=7c80] large[2700 x=9880] pot[24f0 x=0a00] pot[2530 x=0000]
2210,large[26d0 x=7c00] large[2700 x=9800] pot[24f0 x=0a00] pot[2530 x=0000]
2211,large[26d0 x=7b80] large[2700 x=9780] pot[24f0 x=0a00] pot[2530 x=0000]
2212,large[26d0 x=7b00] large[2700 x=9700] pot[24f0 x=0a00] pot[2530 x=0000]
2213,large[26d0 x=7a80] large[2700 x=9680] pot[24f0 x=0a00] pot[2530 x=0000]
2214,large[26d0 x=7a00] large[2700 x=9600] pot[24f0 x=0a00] pot[2530 x=0000]
2215,large[26d0 x=7980] large[2700 x=9580] pot[24f0 x=0a00] pot[2530 x=0000]
2216,large[26d0 x=7900] large[2700 x=9500] pot[24f0 x=0a00] pot[2530 x=0000]
2217,large[26d0 x=7880] large[2700 x=9480] pot[24f0 x=0a00] pot[2530 x=0000]
2218,large[26d0 x=7800] large[2700 x=9400] pot[24f0 x=0a00] pot[2530 x=0000]
2219,large[26d0 x=7780] large[2700 x=9380] pot[24f0 x=0a00] pot[2530 x=0000]
2220,large[26d0 x=7700] large[2700 x=9300] pot[24f0 x=0a00] pot[2530 x=0000]
2221,large[26d0 x=7680] large[2700 x=9280] pot[24f0 x=0a00] pot[2530 x=0000]
2222,large[26d0 x=7600] large[2700 x=9200] pot[24f0 x=0a00] pot[2530 x=0000]
2223,large[26d0 x=7580] large[2700 x=9180] pot[24f0 x=0a00] pot[2530 x=0000]
2224,large[26d0 x=7500] large[2700 x=9100] pot[24f0 x=0a00] pot[2530 x=0000]
2225,large[26d0 x=7480] large[2700 x=9080] pot[24f0 x=0a00] pot[2530 x=0000]
2226,large[26d0 x=7400] large[2700 x=9000] pot[24f0 x=0a00] pot[2530 x=0000]
2227,large[26d0 x=7380] large[2700 x=8f80] pot[24f0 x=0a00] pot[2530 x=0000]
2228,large[26d0 x=7300] large[2700 x=8f00] pot[24f0 x=0a00] pot[2530 x=0000]
2229,large[26d0 x=7280] large[2700 x=8e80] pot[24f0 x=0a00] pot[2530 x=0000]
2230,large[26d0 x=7200] large[2700 x=8e00] pot[24f0 x=0a00] pot[2530 x=0000]
2231,large[26d0 x=7180] large[2700 x=8d80] pot[24f0 x=0a00] pot[2530 x=0000]
2232,large[26d0 x=7100] large[2700 x=8d00] pot[24f0 x=0a00] pot[2530 x=0000]
2233,large[26d0 x=7080] large[2700 x=8c80] pot[24f0 x=0a00] pot[2530 x=0000]
2234,large[26d0 x=7000] large[2700 x=8c00] pot[24f0 x=0a00] pot[2530 x=0000]
2235,large[26d0 x=70b0] large[2700 x=8cb0] pot[24f0 x=0b30] pot[2530 x=0000]
2236,large[26d0 x=7160] large[2700 x=8d60] pot[24f0 x=0c60] pot[2530 x=0000]
2237,large[26d0 x=7210] large[2700 x=8e10] pot[24f0 x=0d90] pot[2530 x=0000]
2238,large[26d0 x=72c0] large[2700 x=8ec0] pot[24f0 x=0ec0] pot[2530 x=0000]
2239,large[26d0 x=7370] large[2700 x=8f70] pot[24f0 x=0ff0] pot[2530 x=0000]
2240,large[26d0 x=7420] large[2700 x=9020] pot[24f0 x=1120] pot[2530 x=0000]
2241,large[26d0 x=74d0] large[2700 x=90d0] pot[24f0 x=1250] pot[2530 x=0000]
2242,large[26d0 x=7580] large[2700 x=9180] pot[24f0 x=1380] pot[2530 x=0000]
2243,large[26d0 x=7630] large[2700 x=9230] pot[24f0 x=14b0] pot[2530 x=0000]
2244,large[26d0 x=76e0] large[2700 x=92e0] pot[24f0 x=15e0] pot[2530 x=0000]
2245,large[26d0 x=7790] large[2700 x=9390] pot[24f0 x=1710] pot[2530 x=0000]
2246,large[26d0 x=7840] large[2700 x=9440] pot[24f0 x=1840] pot[2530 x=0000]
2247,large[26d0 x=78f0] large[2700 x=94f0] pot[24f0 x=1970] pot[2530 x=0000]
2248,large[26d0 x=79a0] large[2700 x=95a0] pot[24f0 x=1aa0] pot[2530 x=0000]
2249,large[26d0 x=7a50] large[2700 x=9650] pot[24f0 x=1bd0] pot[2530 x=0000]
2250,large[26d0 x=7b00] large[2700 x=9700] pot[24f0 x=1d00] pot[2530 x=0000]
2251,large[26d0 x=7bb0] large[2700 x=97b0] pot[24f0 x=1e30] pot[2530 x=0000]
2252,large[26d0 x=7c60] large[2700 x=9860] pot[24f0 x=1f60] pot[2530 x=0000]
2253,large[26d0 x=7d10] large[2700 x=9910] pot[24f0 x=2090] pot[2530 x=0000]
2254,large[26d0 x=7dc0] large[2700 x=99c0] pot[24f0 x=21c0] pot[2530 x=0000]
2255,large[26d0 x=7e70] large[2700 x=9a70] pot[24f0 x=22f0] pot[2530 x=0000]
2256,large[26d0 x=7f20] large[2700 x=9b20] pot[24f0 x=2420] pot[2530 x=0000]
2257,large[26d0 x=7fd0] large[2700 x=9bd0] pot[24f0 x=2550] pot[2530 x=0000]
2258,large[26d0 x=8080] large[2700 x=9c80] pot[24f0 x=2680] pot[2530 x=0000]
2259,large[26d0 x=8130] large[2700 x=9d30] pot[24f0 x=27b0] pot[2530 x=0000]
2260,large[26d0 x=81e0] large[2700 x=9de0] pot[24f0 x=28e0] pot[2530 x=0000]
2261,large[26d0 x=8290] large[2700 x=9e90] pot[24f0 x=2a10] pot[2530 x=0000]
2262,large[26d0 x=8340] large[2700 x=9f40] pot[24f0 x=2b40] pot[2530 x=0000]
2263,large[26d0 x=83f0] large[2700 x=9ff0] pot[24f0 x=2c70] pot[2530 x=0000]
2264,large[26d0 x=84a0] large[2700 x=a0a0] pot[24f0 x=2da0] pot[2530 x=0000]
2265,large[26d0 x=8550] large[2700 x=a150] pot[24f0 x=2ed0] pot[2530 x=0000]
2266,large[26d0 x=8600] large[2700 x=a200] pot[24f0 x=3000] pot[2530 x=0000]
2267,large[26d0 x=86b0] large[2700 x=a2b0] pot[24f0 x=3130] pot[2530 x=0000]
2268,large[26d0 x=8760] large[2700 x=a360] pot[24f0 x=3260] pot[2530 x=0000]
2269,large[26d0 x=8810] large[2700 x=a410] pot[24f0 x=3390] pot[2530 x=0000]
2270,large[26d0 x=88c0] large[2700 x=a4c0] pot[24f0 x=34c0] pot[2530 x=0000]
2271,large[26d0 x=8970] large[2700 x=a570] pot[24f0 x=35f0] pot[2530 x=0000]
2272,large[26d0 x=8a20] large[2700 x=a620] pot[24f0 x=3720] pot[2530 x=0000]
2273,large[26d0 x=8ad0] large[2700 x=a6d0] pot[24f0 x=3850] pot[2530 x=0000]
2274,large[26d0 x=8b80] large[2700 x=a780] pot[24f0 x=3980] pot[2530 x=0000]
2275,large[26d0 x=8c30] large[2700 x=a830] pot[24f0 x=3ab0] pot[2530 x=0000]
2276,large[26d0 x=8ce0] large[2700 x=a8e0] pot[24f0 x=3be0] pot[2530 x=0000]
2277,large[26d0 x=8d90] large[2700 x=a990] pot[24f0 x=3d10] pot[2530 x=0000]
2278,large[26d0 x=8e40] large[2700 x=aa40] pot[24f0 x=3e40] pot[2530 x=0000]
2279,large[26d0 x=8ef0] large[2700 x=aaf0] pot[24f0 x=3f70] pot[2530 x=0000]
2280,large[26d0 x=8fa0] large[2700 x=aba0] pot[24f0 x=40a0] pot[2530 x=0000]
2281,large[26d0 x=9050] large[2700 x=ac50] pot[24f0 x=41d0] pot[2530 x=0000]
2282,large[26d0 x=9100] large[2700 x=ad00] pot[24f0 x=4300] pot[2530 x=0000]
2283,large[26d0 x=91b0] large[2700 x=adb0] pot[24f0 x=4430] pot[2530 x=0000]
2284,large[26d0 x=9260] large[2700 x=ae60] pot[24f0 x=4560] pot[2530 x=0000]
2285,large[26d0 x=9310] large[2700 x=af10] pot[24f0 x=4690] pot[2530 x=0000]
2286,large[26d0 x=93c0] large[2700 x=afc0] pot[24f0 x=47c0] pot[2530 x=0000]
2287,large[26d0 x=9470] large[2700 x=b070] pot[24f0 x=48f0] pot[2530 x=0000]
2288,large[26d0 x=9520] large[2700 x=b120] pot[24f0 x=4a20] pot[2530 x=0000]
2289,large[26d0 x=95d0] large[2700 x=b1d0] pot[24f0 x=4b50] pot[2530 x=0000]
2290,large[26d0 x=9680] large[2700 x=b280] pot[24f0 x=4c80] pot[2530 x=0000]
2291,large[26d0 x=9730] large[2700 x=b330] pot[24f0 x=4db0] pot[2530 x=0000]
2292,large[26d0 x=97e0] large[2700 x=b3e0] pot[24f0 x=4ee0] pot[2530 x=0000]
2293,large[26d0 x=9890] large[2700 x=b490] pot[24f0 x=5010] pot[2530 x=0000]
2294,large[26d0 x=9940] large[2700 x=b540] pot[24f0 x=5140] pot[2530 x=0000]
2295,large[26d0 x=99f0] large[2700 x=b5f0] pot[24f0 x=5270] pot[2530 x=0000]
2296,large[26d0 x=9aa0] large[2700 x=b6a0] pot[24f0 x=53a0] pot[2530 x=0000]
2297,large[26d0 x=9b50] large[2700 x=b750] pot[24f0 x=54d0] pot[2530 x=0000]
2298,large[26d0 x=9c00] large[2700 x=b800] pot[24f0 x=5600] pot[2530 x=0000]
2299,large[26d0 x=9cb0] large[2700 x=b8b0] pot[24f0 x=5730] pot[2530 x=0000]
2300,large[26d0 x=9d60] large[2700 x=b960] pot[24f0 x=5860] pot[2530 x=0000]
2301,large[26d0 x=9e10] large[2700 x=ba10] pot[24f0 x=5990] pot[2530 x=0000]
2302,large[26d0 x=9ec0] large[2700 x=bac0] pot[24f0 x=5ac0] pot[2530 x=0000]
2303,large[26d0 x=9f70] large[2700 x=bb70] pot[24f0 x=5bf0] pot[2530 x=0000]
2304,large[26d0 x=a020] large[2700 x=bc20] pot[24f0 x=5d20] pot[2530 x=0000]
2305,large[26d0 x=a0d0] large[2700 x=bcd0] pot[24f0 x=5e50] pot[2530 x=0000]
2306,large[26d0 x=a180] large[2700 x=bd80] pot[24f0 x=5f80] pot[2530 x=0000]
2307,large[26d0 x=a230] large[2700 x=be30] pot[24f0 x=60b0] pot[2530 x=0000]
2308,large[26d0 x=a2e0] large[2700 x=bee0] pot[24f0 x=61e0] pot[2530 x=0000]
2309,large[26d0 x=a390] large[2700 x=bf90] pot[24f0 x=6310] pot[2530 x=0000]
2310,large[26d0 x=a440] large[2700 x=c040] pot[24f0 x=6440] pot[2530 x=0000]
2311,large[26d0 x=a4f0] large[2700 x=c0f0] pot[24f0 x=6570] pot[2530 x=0000]
2312,large[26d0 x=a5a0] large[2700 x=c1a0] pot[24f0 x=66a0] pot[2530 x=0000]
2313,large[26d0 x=a650] large[2700 x=c250] pot[24f0 x=67d0] pot[2530 x=0000]
2314,large[26d0 x=a700] large[2700 x=c300] pot[24f0 x=6900] pot[2530 x=0000]
2315,large[26d0 x=a7b0] large[2700 x=c3b0] pot[24f0 x=6a30] pot[2530 x=0000]
2316,large[26d0 x=a860] large[2700 x=c460] pot[24f0 x=6b60] pot[2530 x=0000]
2317,large[26d0 x=a910] large[2700 x=c510] pot[24f0 x=6c90] pot[2530 x=0000]
2318,large[26d0 x=a9c0] large[2700 x=c5c0] pot[24f0 x=6dc0] pot[2530 x=0000]
2319,large[26d0 x=aa70] large[2700 x=c670] pot[24f0 x=6ef0] pot[2530 x=0000]
2320,large[26d0 x=ab20] large[2700 x=c720] pot[24f0 x=7020] pot[2530 x=0000]
2321,large[26d0 x=abd0] large[2700 x=c7d0] pot[24f0 x=7150] pot[2530 x=0000]
2322,large[26d0 x=ac80] large[2700 x=c880] pot[24f0 x=7280] pot[2530 x=0000]
2323,large[26d0 x=ad30] large[2700 x=c930] pot[24f0 x=73b0] pot[2530 x=0000]
2324,large[26d0 x=ade0] large[2700 x=c9e0] pot[24f0 x=74e0] pot[2530 x=0000]
2325,large[26d0 x=ae90] large[2700 x=ca90] pot[24f0 x=7610] pot[2530 x=0000]
2326,large[26d0 x=af40] large[2700 x=cb40] pot[24f0 x=7740] pot[2530 x=0000]
2327,large[26d0 x=aff0] large[2700 x=cbf0] pot[24f0 x=7870] pot[2530 x=0000]
2328,large[26d0 x=b0a0] large[2700 x=cca0] pot[24f0 x=79a0] pot[2530 x=0000]
2329,large[26d0 x=b150] large[2700 x=cd50] pot[24f0 x=7ad0] pot[2530 x=0000]
2330,large[26d0 x=b200] large[2700 x=ce00] pot[24f0 x=7c00] pot[2530 x=0000]
2331,large[26d0 x=b2b0] large[2700 x=ceb0] pot[24f0 x=7d30] pot[2530 x=0000]
2332,large[26d0 x=b360] large[2700 x=cf60] pot[24f0 x=7e60] pot[2530 x=0000]
2333,large[26d0 x=b410] large[2700 x=d010] pot[24f0 x=7f90] pot[2530 x=0000]
2334,large[26d0 x=b4c0] large[2700 x=d0c0] pot[24f0 x=80c0] pot[2530 x=0000]
2335,large[26d0 x=b570] large[2700 x=d170] pot[24f0 x=81f0] pot[2530 x=0000]
2336,large[26d0 x=b620] large[2700 x=d220] pot[24f0 x=8320] pot[2530 x=0000]
2337,large[26d0 x=b6d0] large[2700 x=d2d0] pot[24f0 x=8450] pot[2530 x=0000]
2338,large[26d0 x=b780] large[2700 x=d380] pot[24f0 x=8580] pot[2530 x=0000]
2339,large[26d0 x=b830] large[2700 x=d430] pot[24f0 x=86b0] pot[2530 x=0000]
2340,large[26d0 x=b8e0] large[2700 x=d4e0] pot[24f0 x=87e0] pot[2530 x=0000]
2341,large[26d0 x=b990] large[2700 x=d590] pot[24f0 x=8910] pot[2530 x=0000]
2342,large[26d0 x=ba40] large[2700 x=d640] pot[24f0 x=8a40] pot[2530 x=0000]
2343,large[26d0 x=baf0] large[2700 x=d6f0] pot[24f0 x=8b70] pot[2530 x=0000]
2344,large[26d0 x=bba0] large[2700 x=d7a0] pot[24f0 x=8ca0] pot[2530 x=0000]
2345,large[26d0 x=bc50] large[2700 x=d850] pot[24f0 x=8dd0] pot[2530 x=0000]
2346,large[26d0 x=bd00] large[2700 x=d900] pot[24f0 x=8f00] pot[2530 x=0000]
2347,large[26d0 x=bdb0] large[2700 x=d9b0] pot[24f0 x=9030] pot[2530 x=0000]
2348,large[26d0 x=be60] large[2700 x=da60] pot[24f0 x=9160] pot[2530 x=0000]
2349,large[26d0 x=bf10] large[2700 x=db10] pot[24f0 x=9290] pot[2530 x=0000]
2350,large[26d0 x=bfc0] large[2700 x=dbc0] pot[24f0 x=93c0] pot[2530 x=0000]
2351,large[26d0 x=c070] large[2700 x=dc70] pot[24f0 x=94f0] pot[2530 x=0000]
2352,large[26d0 x=c120] large[2700 x=dd20] pot[24f0 x=9620] pot[2530 x=0000]
2353,large[26d0 x=c1d0] large[2700 x=ddd0] pot[24f0 x=9750] pot[2530 x=0000]
2354,large[26d0 x=c280] large[2700 x=de80] pot[24f0 x=9880] pot[2530 x=0000]
2355,large[26d0 x=c330] large[2700 x=df30] pot[24f0 x=99b0] pot[2530 x=0000]
2356,large[26d0 x=c3e0] large[2700 x=dfe0] pot[24f0 x=9ae0] pot[2530 x=0000]
2357,large[26d0 x=c490] large[2700 x=e090] pot[24f0 x=9c10] pot[2530 x=0000]
2358,large[26d0 x=c540] large[2700 x=e140] pot[24f0 x=9d40] pot[2530 x=0000]
2359,large[26d0 x=c5f0] large[2700 x=e1f0] pot[24f0 x=9e70] pot[2530 x=0000]
2360,large[26d0 x=c6a0] large[2700 x=e2a0] pot[24f0 x=9fa0] pot[2530 x=0000]
2361,large[26d0 x=c750] large[2700 x=e350] pot[24f0 x=a0d0] pot[2530 x=0000]
2362,large[26d0 x=c800] large[2700 x=e400] pot[24f0 x=a200] pot[2530 x=0000]
2363,large[26d0 x=c8b0] large[2700 x=e4b0] pot[24f0 x=a330] pot[2530 x=0000]
2364,large[26d0 x=c830] large[2700 x=e430] pot[24f0 x=a330] pot[2530 x=0000]
2365,large[26d0 x=c7b0] large[2700 x=e3b0] pot[24f0 x=a330] pot[2530 x=0000]
2366,large[26d0 x=c730] large[2700 x=e330] pot[24f0 x=a330] pot[2530 x=0000]
2367,large[26d0 x=c6b0] large[2700 x=e2b0] pot[24f0 x=a330] pot[2530 x=0000]
2368,large[26d0 x=c4b0] large[2700 x=e0b0] pot[24f0 x=a1b0] pot[2530 x=0000]
2369,large[26d0 x=c2b0] large[2700 x=deb0] pot[24f0 x=a030] pot[2530 x=0000]
2370,large[26d0 x=c0b0] large[2700 x=dcb0] pot[24f0 x=9eb0] pot[2530 x=0000]
2371,large[26d0 x=beb0] large[2700 x=dab0] pot[24f0 x=9d30] pot[2530 x=0000]
2372,large[26d0 x=bcb0] large[2700 x=d8b0] pot[24f0 x=9bb0] pot[2530 x=0000]
2373,large[26d0 x=bab0] large[2700 x=d6b0] pot[24f0 x=9a30] pot[2530 x=0000]
2374,large[26d0 x=b8b0] large[2700 x=d4b0] pot[24f0 x=98b0] pot[2530 x=0000]
2375,large[26d0 x=b6b0] large[2700 x=d2b0] pot[24f0 x=9730] pot[2530 x=0000]
2376,large[26d0 x=b4b0] large[2700 x=d0b0] pot[24f0 x=95b0] pot[2530 x=0000]
2377,large[26d0 x=b2b0] large[2700 x=ceb0] pot[24f0 x=9430] pot[2530 x=0000]
2378,large[26d0 x=b0b0] large[2700 x=ccb0] pot[24f0 x=92b0] pot[2530 x=0000]
2379,large[26d0 x=aeb0] large[2700 x=cab0] pot[24f0 x=9130] pot[2530 x=0000]
2380,large[26d0 x=acb0] large[2700 x=c8b0] pot[24f0 x=8fb0] pot[2530 x=0000]
2381,large[26d0 x=aab0] large[2700 x=c6b0] pot[24f0 x=8e30] pot[2530 x=0000]
2382,large[26d0 x=a8b0] large[2700 x=c4b0] pot[24f0 x=8cb0] pot[2530 x=0000]
2383,large[26d0 x=a6b0] large[2700 x=c2b0] pot[24f0 x=8b30] pot[2530 x=0000]
2384,large[26d0 x=a4b0] large[2700 x=c0b0] pot[24f0 x=89b0] pot[2530 x=0000]
2385,large[26d0 x=a2b0] large[2700 x=beb0] pot[24f0 x=8830] pot[2530 x=0000]
2386,large[26d0 x=a0b0] large[2700 x=bcb0] pot[24f0 x=86b0] pot[2530 x=0000]
2387,large[26d0 x=9eb0] large[2700 x=bab0] pot[24f0 x=8530] pot[2530 x=0000]
2388,large[26d0 x=9cb0] large[2700 x=b8b0] pot[24f0 x=83b0] pot[2530 x=0000]
2389,large[26d0 x=9ab0] large[2700 x=b6b0] pot[24f0 x=8230] pot[2530 x=0000]
2390,large[26d0 x=98b0] large[2700 x=b4b0] pot[24f0 x=80b0] pot[2530 x=0000]
2391,large[26d0 x=96b0] large[2700 x=b2b0] pot[24f0 x=7f30] pot[2530 x=0000]
2392,large[26d0 x=94b0] large[2700 x=b0b0] pot[24f0 x=7db0] pot[2530 x=0000]
2393,large[26d0 x=92b0] large[2700 x=aeb0] pot[24f0 x=7c30] pot[2530 x=0000]
2394,large[26d0 x=90b0] large[2700 x=acb0] pot[24f0 x=7ab0] pot[2530 x=0000]
2395,large[26d0 x=8eb0] large[2700 x=aab0] pot[24f0 x=7930] pot[2530 x=0000]
2396,large[26d0 x=8e30] large[2700 x=aa30] pot[24f0 x=7930] pot[2530 x=0000]
2397,large[26d0 x=8db0] large[2700 x=a9b0] pot[24f0 x=7930] pot[2530 x=0000]
2398,large[26d0 x=8d30] large[2700 x=a930] pot[24f0 x=7930] pot[2530 x=0000]
2399,large[26d0 x=8cb0] large[2700 x=a8b0] pot[24f0 x=7930] pot[2530 x=0000]
2400,large[26d0 x=8c30] large[2700 x=a830] pot[24f0 x=7930] pot[2530 x=0000]
2401,large[26d0 x=8bb0] large[2700 x=a7b0] pot[24f0 x=7930] pot[2530 x=0000]
2402,large[26d0 x=8b30] large[2700 x=a730] pot[24f0 x=7930] pot[2530 x=0000]
2403,large[26d0 x=8ab0] large[2700 x=a6b0] pot[24f0 x=7930] pot[2530 x=0000]
2404,large[26d0 x=8a30] large[2700 x=a630] pot[24f0 x=7930] pot[2530 x=0000]
2405,large[26d0 x=89b0] large[2700 x=a5b0] pot[24f0 x=7930] pot[2530 x=0000]
2406,large[26d0 x=8930] large[2700 x=a530] pot[24f0 x=7930] pot[2530 x=0000]
2407,large[26d0 x=88b0] large[2700 x=a4b0] pot[24f0 x=7930] pot[2530 x=0000]
2408,large[26d0 x=8830] large[2700 x=a430] pot[24f0 x=7930] pot[2530 x=0000]
2409,large[26d0 x=87b0] large[2700 x=a3b0] pot[24f0 x=7930] pot[2530 x=0000]
2410,large[26d0 x=8730] large[2700 x=a330] pot[24f0 x=7930] pot[2530 x=0000]
2411,large[26d0 x=87e0] large[2700 x=a3e0] pot[24f0 x=7a60] pot[2530 x=0000]
2412,large[26d0 x=8890] large[2700 x=a490] pot[24f0 x=7b90] pot[2530 x=0000]
2413,large[26d0 x=8940] large[2700 x=a540] pot[24f0 x=7cc0] pot[2530 x=0000]
2414,large[26d0 x=89f0] large[2700 x=a5f0] pot[24f0 x=7df0] pot[2530 x=0000]
2415,large[26d0 x=8aa0] large[2700 x=a6a0] pot[24f0 x=7f20] pot[2530 x=0000]
2416,large[26d0 x=8b50] large[2700 x=a750] pot[24f0 x=8050] pot[2530 x=0000]
2417,large[26d0 x=8c00] large[2700 x=a800] pot[24f0 x=8180] pot[2530 x=0000]
2418,large[26d0 x=8cb0] large[2700 x=a8b0] pot[24f0 x=82b0] pot[2530 x=0000]
2419,large[26d0 x=8d60] large[2700 x=a960] pot[24f0 x=83e0] pot[2530 x=0000]
2420,large[26d0 x=8ce0] large[2700 x=a8e0] pot[24f0 x=83e0] pot[2530 x=0000]
2421,large[26d0 x=8c60] large[2700 x=a860] pot[24f0 x=83e0] pot[2530 x=0000]
2422,large[26d0 x=8be0] large[2700 x=a7e0] pot[24f0 x=83e0] pot[2530 x=0000]
2423,large[26d0 x=8b60] large[2700 x=a760] pot[24f0 x=83e0] pot[2530 x=0000]
2424,large[26d0 x=8960] large[2700 x=a560] pot[24f0 x=8260] pot[2530 x=0000]
2425,large[26d0 x=8760] large[2700 x=a360] pot[24f0 x=80e0] pot[2530 x=0000]
2426,large[26d0 x=8560] large[2700 x=a160] pot[24f0 x=7f60] pot[2530 x=0000]
2427,large[26d0 x=8360] large[2700 x=9f60] pot[24f0 x=7de0] pot[2530 x=0000]
2428,large[26d0 x=8160] large[2700 x=9d60] pot[24f0 x=7c60] pot[2530 x=0000]
2429,large[26d0 x=7f60] large[2700 x=9b60] pot[24f0 x=7ae0] pot[2530 x=0000]
2430,large[26d0 x=7d60] large[2700 x=9960] pot[24f0 x=7960] pot[2530 x=0000]
2431,large[26d0 x=7b60] large[2700 x=9760] pot[24f0 x=77e0] pot[2530 x=0000]
2432,large[26d0 x=7960] large[2700 x=9560] pot[24f0 x=7660] pot[2530 x=0000]
2433,large[26d0 x=7760] large[2700 x=9360] pot[24f0 x=74e0] pot[2530 x=0000]
2434,large[26d0 x=7560] large[2700 x=9160] pot[24f0 x=7360] pot[2530 x=0000]
2435,large[26d0 x=7360] large[2700 x=8f60] pot[24f0 x=71e0] pot[2530 x=0000]
2436,large[26d0 x=7160] large[2700 x=8d60] pot[24f0 x=7060] pot[2530 x=0000]
2437,large[26d0 x=6f60] large[2700 x=8b60] pot[24f0 x=6ee0] pot[2530 x=0000]
2438,large[26d0 x=6d60] large[2700 x=8960] pot[24f0 x=6d60] pot[2530 x=0000]
2439,large[26d0 x=6b60] large[2700 x=8760] pot[24f0 x=6be0] pot[2530 x=0000]
2440,large[26d0 x=6960] large[2700 x=8560] pot[24f0 x=6a60] pot[2530 x=0000]
2441,large[26d0 x=6760] large[2700 x=8360] pot[24f0 x=68e0] pot[2530 x=0000]
2442,large[26d0 x=6560] large[2700 x=8160] pot[24f0 x=6760] pot[2530 x=0000]
2443,large[26d0 x=6360] large[2700 x=7f60] pot[24f0 x=65e0] pot[2530 x=0000]
2444,large[26d0 x=6160] large[2700 x=7d60] pot[24f0 x=6460] pot[2530 x=0000]
2445,large[26d0 x=5f60] large[2700 x=7b60] pot[24f0 x=62e0] pot[2530 x=0000]
2446,large[26d0 x=5d60] large[2700 x=7960] pot[24f0 x=6160] pot[2530 x=0000]
2447,large[26d0 x=5b60] large[2700 x=7760] pot[24f0 x=5fe0] pot[2530 x=0000]
2448,large[26d0 x=5960] large[2700 x=7560] pot[24f0 x=5e60] pot[2530 x=0000]
2449,large[26d0 x=5760] large[2700 x=7360] pot[24f0 x=5ce0] pot[2530 x=0000]
2450,large[26d0 x=5560] large[2700 x=7160] pot[24f0 x=5b60] pot[2530 x=0000]
2451,large[26d0 x=5360] large[2700 x=6f60] pot[24f0 x=59e0] pot[2530 x=0000]
2452,large[26d0 x=5160] large[2700 x=6d60] pot[24f0 x=5860] pot[2530 x=0000]
2453,large[26d0 x=4f60] large[2700 x=6b60] pot[24f0 x=56e0] pot[2530 x=0000]
2454,large[26d0 x=4d60] large[2700 x=6960] pot[24f0 x=5560] pot[2530 x=0000]
2455,large[26d0 x=4b60] large[2700 x=6760] pot[24f0 x=53e0] pot[2530 x=0000]
2456,large[26d0 x=4960] large[2700 x=6560] pot[24f0 x=5260] pot[2530 x=0000]
2457,large[26d0 x=4760] large[2700 x=6360] pot[24f0 x=50e0] pot[2530 x=0000]
2458,large[26d0 x=4560] large[2700 x=6160] pot[24f0 x=4f60] pot[2530 x=0000]
2459,large[26d0 x=4360] large[2700 x=5f60] pot[24f0 x=4de0] pot[2530 x=0000]
2460,large[26d0 x=4160] large[2700 x=5d60] pot[24f0 x=4c60] pot[2530 x=0000]
2461,large[26d0 x=3f60] large[2700 x=5b60] pot[24f0 x=4ae0] pot[2530 x=0000]
2462,large[26d0 x=3d60] large[2700 x=5960] pot[24f0 x=4960] pot[2530 x=0000]
2463,large[26d0 x=3b60] large[2700 x=5760] pot[24f0 x=47e0] pot[2530 x=0000]
2464,large[26d0 x=3960] large[2700 x=5560] pot[24f0 x=4660] pot[2530 x=0000]
2465,large[26d0 x=3760] large[2700 x=5360] pot[24f0 x=44e0] pot[2530 x=0000]
2466,large[26d0 x=3560] large[2700 x=5160] pot[24f0 x=4360] pot[2530 x=0000]
2467,large[26d0 x=3360] large[2700 x=4f60] pot[24f0 x=41e0] pot[2530 x=0000]
2468,large[26d0 x=3160] large[2700 x=4d60] pot[24f0 x=4060] pot[2530 x=0000]
2469,large[26d0 x=2f60] large[2700 x=4b60] pot[24f0 x=3ee0] pot[2530 x=0000]
2470,large[26d0 x=2d60] large[2700 x=4960] pot[24f0 x=3d60] pot[2530 x=0000]
2471,large[26d0 x=2b60] large[2700 x=4760] pot[24f0 x=3be0] pot[2530 x=0000]
2472,large[26d0 x=2960] large[2700 x=4560] pot[24f0 x=3a60] pot[2530 x=0000]
2473,large[26d0 x=2760] large[2700 x=4360] pot[24f0 x=38e0] pot[2530 x=0000]
2474,large[26d0 x=2560] large[2700 x=4160] pot[24f0 x=3760] pot[2530 x=0000]
2475,large[26d0 x=2360] large[2700 x=3f60] pot[24f0 x=35e0] pot[2530 x=0000]
2476,large[26d0 x=2160] large[2700 x=3d60] pot[24f0 x=3460] pot[2530 x=0000]
2477,large[26d0 x=1f60] large[2700 x=3b60] pot[24f0 x=32e0] pot[2530 x=0000]
2478,large[26d0 x=1d60] large[2700 x=3960] pot[24f0 x=3160] pot[2530 x=0000]
2479,large[26d0 x=1b60] large[2700 x=3760] pot[24f0 x=2fe0] pot[2530 x=0000]
2480,large[26d0 x=1960] large[2700 x=3560] pot[24f0 x=2e60] pot[2530 x=0000]
2481,large[26d0 x=1760] large[2700 x=3360] pot[24f0 x=2ce0] pot[2530 x=0000]
2482,large[26d0 x=1560] large[2700 x=3160] pot[24f0 x=2b60] pot[2530 x=0000]
2483,large[26d0 x=1360] large[2700 x=2f60] pot[24f0 x=29e0] pot[2530 x=0000]
2484,large[26d0 x=1160] large[2700 x=2d60] pot[24f0 x=2860] pot[2530 x=0000]
2485,large[26d0 x=0f60] large[2700 x=2b60] pot[24f0 x=26e0] pot[2530 x=0000]
2486,large[26d0 x=0d60] large[2700 x=2960] pot[24f0 x=2560] pot[2530 x=0000]
2487,large[26d0 x=0b60] large[2700 x=2760] pot[24f0 x=23e0] pot[2530 x=0000]
2488,large[26d0 x=0960] large[2700 x=2560] pot[24f0 x=2260] pot[2530 x=0000]
2489,large[26d0 x=0760] large[2700 x=2360] pot[24f0 x=20e0] pot[2530 x=0000]
2490,large[26d0 x=0560] large[2700 x=2160] pot[24f0 x=1f60] pot[2530 x=0000]
2491,large[26d0 x=0360] large[2700 x=1f60] pot[24f0 x=1de0] pot[2530 x=0000]
2492,large[26d0 x=0160] large[2700 x=1d60] pot[24f0 x=1c60] pot[2530 x=0000]
2493,large[2700 x=1b60] pot[24f0 x=1ae0] pot[2530 x=0000]
2494,large[2700 x=1960] pot[24f0 x=1960] pot[2530 x=0000]
2495,large[2700 x=1760] pot[24f0 x=17e0] pot[2530 x=0000]
2496,large[2700 x=1560] pot[24f0 x=1660] pot[2530 x=0000]
2497,large[2700 x=1360] pot[24f0 x=14e0] pot[2530 x=0000]
2498,large[2700 x=1160] pot[24f0 x=1360] pot[2530 x=0000]
2499,large[26d0 x=fd80] large[2700 x=0f60] pot[24f0 x=11e0] pot[2530 x=0000]
2500,large[26d0 x=fb80] large[2700 x=0d60] pot[24f0 x=1060] pot[2530 x=0000]
2501,large[26d0 x=f980] large[2700 x=0b60] pot[24f0 x=0ee0] pot[2530 x=0000]
2502,large[26d0 x=f780] large[2700 x=0960] pot[24f0 x=0d60] pot[2530 x=0000]
2503,large[26d0 x=f580] large[2700 x=0760] pot[24f0 x=0be0] pot[2530 x=0000]
2504,large[26d0 x=f380] large[2700 x=0560] pot[24f0 x=0a60] pot[2530 x=0000]
2505,large[26d0 x=f180] large[2700 x=0360] pot[24f0 x=08e0] pot[2530 x=0000]
2506,large[26d0 x=ef80] large[2700 x=0160] pot[24f0 x=0760] pot[2530 x=0000]
2507,large[26d0 x=ed80] pot[24f0 x=05e0] pot[2530 x=0000]
2508,large[26d0 x=eb80] pot[24f0 x=0460] pot[2530 x=0000]
2509,large[26d0 x=e980] pot[24f0 x=02e0] pot[2530 x=fe80]
2510,large[26d0 x=e780] pot[2530 x=fd00]
2511,large[26d0 x=e580] pot[2530 x=fb80]
2512,large[26d0 x=e380] pot[2530 x=fa00]
2513,large[26d0 x=e180] pot[2530 x=f880]
2514,large[26d0 x=df80] pot[2530 x=f700]
2515,large[26d0 x=dd80] pot[2530 x=f580]
2516,large[26d0 x=db80] pot[2530 x=f400]
2517,large[26d0 x=d980] pot[2530 x=f280]
2518,large[26d0 x=d780] pot[2530 x=f100]
2519,large[26d0 x=d580] pot[2530 x=ef80]
2520,large[26d0 x=d380] pot[2530 x=ee00]
2521,large[26d0 x=d180] pot[2530 x=ec80]
2522,large[26d0 x=cf80] pot[2530 x=eb00]
2523,large[26d0 x=cd80] pot[2530 x=e980]
2524,large[26d0 x=cb80] pot[2530 x=e800]
2525,large[26d0 x=c980] pot[2530 x=e680]
2526,large[26d0 x=c780] pot[2530 x=e500]
2527,large[26d0 x=c580] pot[2530 x=e380]
2528,large[26d0 x=c380] pot[2530 x=e200]
2529,large[26d0 x=c180] pot[2530 x=e080]
2530,large[26d0 x=bf80] pot[2530 x=df00]
2531,large[26d0 x=bd80] pot[2530 x=dd80]
2532,large[26d0 x=bb80] pot[2530 x=dc00]
2533,large[26d0 x=b980] pot[2530 x=da80]
2534,large[26d0 x=b780] pot[2530 x=d900]
2535,large[26d0 x=b580] pot[2530 x=d780]
2536,large[26d0 x=b380] pot[2530 x=d600]
2537,large[26d0 x=b180] pot[2530 x=d480]
2538,large[26d0 x=af80] pot[2530 x=d300]
2539,large[26d0 x=ad80] pot[2530 x=d180]
2540,large[26d0 x=ab80] pot[2530 x=d000]
2541,large[26d0 x=a980] pot[2530 x=ce80]
2542,large[26d0 x=a900] pot[2530 x=ce80]
2543,large[26d0 x=a880] pot[2530 x=ce80]
2544,large[26d0 x=a800] pot[2530 x=ce80]
2545,large[26d0 x=a780] pot[2530 x=ce80]
2546,large[26d0 x=a830] pot[2530 x=cfb0]
2547,large[26d0 x=a8e0] pot[2530 x=d0e0]
2548,large[26d0 x=a990] pot[2530 x=d210]
2549,large[26d0 x=aa40] pot[2530 x=d340]
2550,large[26d0 x=aaf0] pot[2530 x=d470]
2551,large[26d0 x=aba0] pot[2530 x=d5a0]
2552,large[26d0 x=ac50] pot[2530 x=d6d0]
2553,large[26d0 x=ad00] pot[2530 x=d800]
2554,large[26d0 x=adb0] pot[2530 x=d930]
2555,large[26d0 x=ae60] pot[2530 x=da60]
2556,large[26d0 x=af10] pot[2530 x=db90]
2557,large[26d0 x=afc0] pot[2530 x=dcc0]
2558,large[26d0 x=b070] pot[2530 x=ddf0]
2559,large[26d0 x=b120] pot[2530 x=df20]
2560,large[26d0 x=b1d0] pot[2530 x=e050]
2561,large[26d0 x=b280] pot[2530 x=e180]
2562,large[26d0 x=b330] pot[2530 x=e2b0]
2563,large[26d0 x=b3e0] pot[2530 x=e3e0]
2564,large[26d0 x=b490] pot[2530 x=e510]
2565,large[26d0 x=b540] pot[2530 x=e640]
2566,large[26d0 x=b5f0] pot[2530 x=e770]
2567,large[26d0 x=b6a0] pot[2530 x=e8a0]
2568,large[26d0 x=b750] pot[2530 x=e9d0]
2569,large[26d0 x=b6d0] pot[2530 x=e9d0]
2570,large[26d0 x=b650] pot[2530 x=e9d0]
2571,large[26d0 x=b5d0] pot[2530 x=e9d0]
2572,large[26d0 x=b3d0] pot[2530 x=e850]
2573,large[26d0 x=b1d0] pot[2530 x=e6d0]
2574,large[26d0 x=afd0] pot[2530 x=e550]
2575,large[26d0 x=add0] pot[2530 x=e3d0]
2576,large[26d0 x=abd0] pot[2530 x=e250]
2577,large[26d0 x=a9d0] pot[2530 x=e0d0]
2578,large[26d0 x=a7d0] pot[2530 x=df50]
2579,large[26d0 x=a5d0] pot[2530 x=ddd0]
2580,large[26d0 x=a3d0] pot[2530 x=dc50]
2581,large[26d0 x=a1d0] pot[2530 x=dad0]
2582,large[26d0 x=9fd0] pot[2530 x=d950]
2583,large[26d0 x=9dd0] pot[2530 x=d7d0]
2584,large[26d0 x=9bd0] pot[2530 x=d650]
2585,large[26d0 x=99d0] pot[2530 x=d4d0]
2586,large[26d0 x=97d0] pot[2530 x=d350]
2587,large[26d0 x=95d0] pot[2530 x=d1d0]
2588,large[26d0 x=93d0] pot[2530 x=d050]
2589,large[26d0 x=91d0] pot[2530 x=ced0]
2590,large[26d0 x=8fd0] pot[2530 x=cd50]
2591,large[26d0 x=8dd0] pot[2530 x=cbd0]
2592,large[26d0 x=8bd0] pot[2530 x=ca50]
2593,large[26d0 x=89d0] pot[2530 x=c8d0]
2594,large[26d0 x=87d0] pot[2530 x=c750]
2595,large[26d0 x=85d0] pot[2530 x=c5d0]
2596,large[26d0 x=83d0] pot[2530 x=c450]
2597,large[26d0 x=81d0] pot[2530 x=c2d0]
2598,large[26d0 x=7fd0] pot[2530 x=c150]
2599,large[26d0 x=7dd0] pot[2530 x=bfd0]
2600,large[26d0 x=7bd0] pot[2530 x=be50]
2601,large[26d0 x=79d0] pot[2530 x=bcd0]
2602,large[26d0 x=77d0] pot[2530 x=bb50]
2603,large[26d0 x=75d0] pot[2530 x=b9d0]
2604,large[26d0 x=73d0] pot[2530 x=b850]
2605,large[26d0 x=71d0] pot[2530 x=b6d0]
2606,large[26d0 x=6fd0] pot[2530 x=b550]
2607,large[26d0 x=6dd0] pot[2530 x=b3d0]
2608,large[26d0 x=6bd0] pot[2530 x=b250]
2609,large[26d0 x=69d0] pot[2530 x=b0d0]
2610,large[26d0 x=67d0] pot[2530 x=af50]
2611,large[26d0 x=65d0] pot[2530 x=add0]
2612,large[26d0 x=63d0] pot[2530 x=ac50]
2613,large[26d0 x=61d0] pot[2530 x=aad0]
2614,large[26d0 x=5fd0] pot[2530 x=a950]
2615,large[26d0 x=5dd0] pot[2530 x=a7d0]
2616,large[26d0 x=5bd0] pot[2530 x=a650]
2617,large[26d0 x=59d0] pot[2530 x=a4d0]
2618,large[26d0 x=57d0] pot[2530 x=a350]
2619,large[26d0 x=55d0] pot[2530 x=a1d0]
2620,large[26d0 x=53d0] pot[2530 x=a050]
2621,large[26d0 x=51d0] pot[2530 x=9ed0]
2622,large[26d0 x=4fd0] pot[2530 x=9d50]
2623,large[26d0 x=4dd0] pot[2530 x=9bd0]
2624,large[26d0 x=4bd0] pot[2530 x=9a50]
2625,large[26d0 x=49d0] pot[2530 x=98d0]
2626,large[26d0 x=47d0] pot[2530 x=9750]
2627,large[26d0 x=45d0] pot[2530 x=95d0]
2628,large[26d0 x=43d0] pot[2530 x=9450]
2629,large[26d0 x=41d0] pot[2530 x=92d0]
2630,large[26d0 x=3fd0] pot[2530 x=9150]
2631,large[26d0 x=3dd0] pot[2530 x=8fd0]
2632,large[26d0 x=3bd0] pot[2530 x=8e50]
2633,large[26d0 x=39d0] pot[2530 x=8cd0]
2634,large[26d0 x=37d0] pot[2530 x=8b50]
2635,large[26d0 x=35d0] pot[2530 x=89d0]
2636,large[26d0 x=33d0] pot[2530 x=8850]
2637,large[26d0 x=31d0] pot[2530 x=86d0]
2638,large[26d0 x=2fd0] pot[2530 x=8550]
2639,large[26d0 x=2dd0] pot[2530 x=83d0]
2640,large[26d0 x=2bd0] pot[2530 x=8250]
2641,large[26d0 x=29d0] pot[2530 x=80d0]
2642,large[26d0 x=27d0] pot[2530 x=7f50]
2643,large[26d0 x=25d0] pot[2530 x=7dd0]
2644,large[26d0 x=23d0] pot[2530 x=7c50]
2645,large[26d0 x=21d0] pot[2530 x=7ad0]
2646,large[26d0 x=1fd0] pot[2530 x=7950]
2647,large[26d0 x=1dd0] pot[2530 x=77d0]
2648,large[26d0 x=1bd0] pot[2530 x=7650]
2649,large[26d0 x=19d0] pot[2530 x=74d0]
2650,large[26d0 x=17d0] pot[2530 x=7350]
2651,large[26d0 x=15d0] pot[2530 x=71d0]
2652,large[26d0 x=13d0] pot[2530 x=7050]
2653,large[26d0 x=11d0] pot[2530 x=6ed0]
2654,large[26d0 x=0fd0] pot[2530 x=6d50]
2655,large[26d0 x=0dd0] pot[2530 x=6bd0]
2656,large[26d0 x=0e80] pot[2530 x=6d00]
2657,large[26d0 x=0f30] pot[2530 x=6e30]
2658,large[26d0 x=0fe0] pot[2530 x=6f60]
2659,large[26d0 x=1090] pot[2530 x=7090]
2660,large[26d0 x=1140] pot[2530 x=71c0]
2661,large[26d0 x=11f0] pot[2530 x=72f0]
2662,large[26d0 x=12a0] pot[2530 x=7420]
2663,large[26d0 x=1350] pot[2530 x=7550]
2664,large[26d0 x=1400] pot[2530 x=7680]
2665,large[26d0 x=14b0] pot[2530 x=77b0]
2666,large[26d0 x=1560] pot[2530 x=78e0]
2667,large[26d0 x=1610] pot[2530 x=7a10]
2668,large[26d0 x=1590] pot[2530 x=7a10]
2669,large[26d0 x=1510] pot[2530 x=7a10]
2670,large[26d0 x=1490] pot[2530 x=7a10]
2671,large[26d0 x=1290] pot[2530 x=7890]
2672,large[26d0 x=1090] pot[2530 x=7710]
2673,large[26d0 x=0e90] pot[2530 x=7590]
2674,large[26d0 x=0c90] pot[2530 x=7410]
2675,large[26d0 x=0a90] pot[2530 x=7290]
2676,large[26d0 x=0890] pot[2530 x=7110]
2677,large[26d0 x=0690] small[2760 x=fd80] pot[2530 x=6f90]
2678,large[26d0 x=0490] small[2760 x=fb80] pot[2530 x=6e10]
2679,large[26d0 x=0290] small[2760 x=f980] pot[2530 x=6c90]
2680,large[26d0 x=0090] small[2760 x=f780] pot[2530 x=6b10]
2681,small[2760 x=f580] pot[2530 x=6990]
2682,small[2760 x=f380] pot[2530 x=6810]
2683,small[2760 x=f180] pot[2530 x=6690]
2684,small[2760 x=ef80] pot[2530 x=6510]
2685,small[2760 x=ed80] pot[2530 x=6390]
2686,small[2760 x=eb80] pot[2530 x=6210]
2687,small[2760 x=e980] pot[2530 x=6090]
2688,small[2760 x=e780] pot[2530 x=5f10]
2689,small[2760 x=e580] pot[2530 x=5d90]
2690,small[2760 x=e380] pot[2530 x=5c10]
2691,small[2760 x=e180] pot[2530 x=5a90]
2692,small[2760 x=df80] pot[2530 x=5910]
2693,small[2760 x=dd80] pot[2530 x=5790]
2694,small[2760 x=db80] pot[2530 x=5610]
2695,small[2760 x=d980] pot[2530 x=5490]
2696,small[2760 x=d780] pot[2530 x=5310]
2697,small[2760 x=d580] pot[2530 x=5190]
2698,small[2760 x=d380] pot[2530 x=5010]
2699,small[2760 x=d180] pot[2530 x=4e90]
2700,small[2760 x=cf80] pot[2530 x=4d10]
2701,small[2760 x=cd80] pot[2530 x=4b90]
2702,small[2760 x=cb80] pot[2530 x=4a10]
2703,small[2760 x=c980] pot[2530 x=4890]
2704,small[2760 x=c780] pot[2530 x=4710]
2705,small[2760 x=c580] pot[2530 x=4590]
2706,small[2760 x=c380] pot[2530 x=4410]
2707,small[2760 x=c180] pot[2530 x=4290]
2708,small[2760 x=bf80] pot[2530 x=4110]
2709,small[2760 x=bd80] pot[2530 x=3f90]
2710,small[2760 x=bb80] pot[2530 x=3e10]
2711,small[2760 x=b980] pot[2530 x=3c90]
2712,small[2760 x=b780] pot[2530 x=3b10]
2713,small[2760 x=b580] pot[2530 x=3990]
2714,small[2760 x=b380] pot[2530 x=3810]
2715,small[2760 x=b180] pot[2530 x=3690]
2716,small[2760 x=af80] pot[2530 x=3510]
2717,small[2760 x=ad80] pot[2530 x=3390]
2718,small[2760 x=ab80] pot[2530 x=3210]
2719,small[2760 x=a980] pot[2530 x=3090]
2720,small[2760 x=a780] pot[2530 x=2f10]
2721,small[2760 x=a580] pot[2530 x=2d90]
2722,small[2760 x=a380] pot[2530 x=2c10]
2723,small[2760 x=a180] pot[2530 x=2a90]
2724,small[2760 x=9f80] pot[2530 x=2910]
2725,small[2760 x=9d80] pot[2530 x=2790]
2726,small[2760 x=9b80] pot[2530 x=2610]
2727,small[2760 x=9980] pot[2530 x=2490]
2728,small[2760 x=9780] pot[2530 x=2310]
2729,small[2760 x=9580] pot[2530 x=2190]
2730,small[2760 x=9380] pot[2530 x=2010]
2731,small[2760 x=9180] pot[2530 x=1e90]
2732,small[2760 x=8f80] pot[2530 x=1d10]
2733,small[2760 x=8d80] pot[2530 x=1b90]
2734,small[2760 x=8b80] pot[2530 x=1a10]
2735,small[2760 x=8980] pot[2530 x=1890]
2736,small[2760 x=8780] pot[2530 x=1710]
2737,small[2760 x=8580] pot[2530 x=1590]
2738,small[2760 x=8380] pot[2530 x=1410]
2739,small[2760 x=8180] pot[2530 x=1290]
2740,small[2760 x=7f80] pot[2530 x=1110]
2741,small[2760 x=7d80] pot[2530 x=0f90]
2742,small[2760 x=7d00] pot[2530 x=0f90]
2743,small[2760 x=7c80] pot[2530 x=0f90]
2744,small[2760 x=7c00] pot[2530 x=0f90]
2745,small[2760 x=7b80] pot[2530 x=0f90]
2746,small[2760 x=7b00] pot[2530 x=0f90]
2747,small[2760 x=7a80] pot[2530 x=0f90]
2748,small[2760 x=7a00] pot[2530 x=0f90]
2749,small[2760 x=7980] pot[2530 x=0f90]
2750,small[2760 x=7900] pot[2530 x=0f90]
2751,small[2760 x=7880] pot[2530 x=0f90]
2752,small[2760 x=7800] pot[2530 x=0f90]
2753,small[2760 x=7780] pot[2530 x=0f90]
2754,small[2760 x=7700] pot[2530 x=0f90]
2755,small[2760 x=7680] pot[2530 x=0f90]
2756,small[2760 x=7600] pot[2530 x=0f90]
2757,small[2760 x=7580] pot[2530 x=0f90]
2758,small[2760 x=7500] pot[2530 x=0f90]
2759,small[2760 x=7480] pot[2530 x=0f90]
2760,small[2760 x=7400] pot[2530 x=0f90]
2761,small[2760 x=7380] pot[2530 x=0f90]
2762,small[2760 x=7300] pot[2530 x=0f90]
2763,small[2760 x=7280] pot[2530 x=0f90]
2764,small[2760 x=7200] pot[2530 x=0f90]
2765,small[2760 x=7180] pot[2530 x=0f90]
2766,small[2760 x=7230] pot[2530 x=10c0]
2767,small[2760 x=72e0] pot[2530 x=11f0]
2768,small[2760 x=7390] pot[2530 x=1320]
2769,small[2760 x=7440] pot[2530 x=1450]
2770,small[2760 x=74f0] pot[2530 x=1580]
2771,small[2760 x=75a0] pot[2530 x=16b0]
2772,small[2760 x=7650] pot[2530 x=17e0]
2773,small[2760 x=7700] pot[2530 x=1910]
2774,small[2760 x=77b0] pot[2530 x=1a40]
2775,small[2760 x=7860] pot[2530 x=1b70]
2776,small[2760 x=7910] pot[2530 x=1ca0]
2777,small[2760 x=79c0] pot[2530 x=1dd0]
2778,small[2760 x=7a70] pot[2530 x=1f00]
2779,small[2760 x=7b20] pot[2530 x=2030]
2780,small[2760 x=7bd0] pot[2530 x=2160]
2781,small[2760 x=7c80] pot[2530 x=2290]
2782,small[2760 x=7d30] pot[2530 x=23c0]
2783,small[2760 x=7de0] pot[2530 x=24f0]
2784,small[2760 x=7e90] pot[2530 x=2620]
2785,small[2760 x=7f40] pot[2530 x=2750]
2786,small[2760 x=7ff0] pot[2530 x=2880]
2787,small[2760 x=80a0] pot[2530 x=29b0]
2788,small[2760 x=8150] pot[2530 x=2ae0]
2789,small[2760 x=8200] pot[2530 x=2c10]
2790,small[2760 x=82b0] pot[2530 x=2d40]
2791,small[2760 x=8360] pot[2530 x=2e70]
2792,small[2760 x=8410] pot[2530 x=2fa0]
2793,small[2760 x=84c0] pot[2530 x=30d0]
2794,small[2760 x=8570] pot[2530 x=3200]
2795,small[2760 x=8620] pot[2530 x=3330]
2796,small[2760 x=86d0] pot[2530 x=3460]
2797,small[2760 x=8780] pot[2530 x=3590]
2798,small[2760 x=8830] pot[2530 x=36c0]
2799,small[2760 x=88e0] pot[2530 x=37f0]
2800,small[2760 x=8990] pot[2530 x=3920]
2801,small[2760 x=8a40] pot[2530 x=3a50]
2802,small[2760 x=8af0] pot[2530 x=3b80]
2803,small[2760 x=8ba0] pot[2530 x=3cb0]
2804,small[2760 x=8c50] pot[2530 x=3de0]
2805,small[2760 x=8d00] pot[2530 x=3f10]
2806,small[2760 x=8db0] pot[2530 x=4040]
2807,small[2760 x=8e60] pot[2530 x=4170]
2808,small[2760 x=8f10] pot[2530 x=42a0]
2809,small[2760 x=8fc0] pot[2530 x=43d0]
2810,small[2760 x=9070] pot[2530 x=4500]
2811,small[2760 x=9120] pot[2530 x=4630]
2812,small[2760 x=91d0] pot[2530 x=4760]
2813,small[2760 x=9280] pot[2530 x=4890]
2814,small[2760 x=9330] pot[2530 x=49c0]
2815,small[2760 x=93e0] pot[2530 x=4af0]
2816,small[2760 x=9490] pot[2530 x=4c20]
2817,small[2760 x=9540] pot[2530 x=4d50]
2818,small[2760 x=95f0] pot[2530 x=4e80]
2819,small[2760 x=96a0] pot[2530 x=4fb0]
2820,small[2760 x=9750] pot[2530 x=50e0]
2821,small[2760 x=9800] pot[2530 x=5210]
2822,small[2760 x=98b0] pot[2530 x=5340]
2823,small[2760 x=9960] pot[2530 x=5470]
2824,small[2760 x=9a10] pot[2530 x=55a0]
2825,small[2760 x=9ac0] pot[2530 x=56d0]
2826,small[2760 x=9b70] pot[2530 x=5800]
2827,small[2760 x=9c20] pot[2530 x=5930]
2828,small[2760 x=9cd0] pot[2530 x=5a60]
2829,small[2760 x=9d80] pot[2530 x=5b90]
2830,small[2760 x=9e30] pot[2530 x=5cc0]
2831,small[2760 x=9ee0] pot[2530 x=5df0]
2832,small[2760 x=9f90] pot[2530 x=5f20]
2833,small[2760 x=a040] pot[2530 x=6050]
2834,small[2760 x=a0f0] pot[2530 x=6180]
2835,small[2760 x=a1a0] pot[2530 x=62b0]
2836,small[2760 x=a250] pot[2530 x=63e0]
2837,small[2760 x=a300] pot[2530 x=6510]
2838,small[2760 x=a3b0] pot[2530 x=6640]
2839,small[2760 x=a460] pot[2530 x=6770]
2840,small[2760 x=a510] pot[2530 x=68a0]
2841,small[2760 x=a5c0] pot[2530 x=69d0]
2842,small[2760 x=a670] pot[2530 x=6b00]
2843,small[2760 x=a720] pot[2530 x=6c30]
2844,small[2760 x=a7d0] pot[2530 x=6d60]
2845,small[2760 x=a880] pot[2530 x=6e90]
2846,small[2760 x=a930] pot[2530 x=6fc0]
2847,small[2760 x=a9e0] pot[2530 x=70f0]
2848,small[2760 x=aa90] pot[2530 x=7220]
2849,small[2760 x=ab40] pot[2530 x=7350]
2850,small[2760 x=abf0] pot[2530 x=7480]
2851,small[2760 x=aca0] pot[2530 x=75b0]
2852,small[2760 x=ad50] pot[2530 x=76e0]
2853,small[2760 x=ae00] pot[2530 x=7810]
2854,small[2760 x=aeb0] pot[2530 x=7940]
2855,small[2760 x=af60] pot[2530 x=7a70]
2856,small[2760 x=b010] pot[2530 x=7ba0]
2857,small[2760 x=b0c0] pot[2530 x=7cd0]
2858,small[2760 x=b170] pot[2530 x=7e00]
2859,small[2760 x=b220] pot[2530 x=7f30]
2860,small[2760 x=b2d0] pot[2530 x=8060]
2861,small[2760 x=b380] pot[2530 x=8190]
2862,small[2760 x=b300] pot[2530 x=8190]
2863,small[2760 x=b280] pot[2530 x=8190]
2864,small[2760 x=b080] pot[2530 x=8010]
2865,small[2760 x=ae80] pot[2530 x=7e90]
2866,small[2760 x=ac80] pot[2530 x=7d10]
2867,small[2760 x=aa80] pot[2530 x=7b90]
2868,small[2760 x=a880] pot[2530 x=7a10]
2869,small[2760 x=a680] pot[2530 x=7890]
2870,small[2760 x=a480] pot[2530 x=7710]
2871,small[2760 x=a280] pot[2530 x=7590]
2872,small[2760 x=a080] pot[2530 x=7410]
2873,small[2760 x=9e80] pot[2530 x=7290]
2874,small[2760 x=9c80] pot[2530 x=7110]
2875,small[2760 x=9a80] pot[2530 x=6f90]
2876,small[2760 x=9880] pot[2530 x=6e10]
2877,small[2760 x=9680] pot[2530 x=6c90]
2878,small[2760 x=9480] pot[2530 x=6b10]
2879,small[2760 x=9280] pot[2530 x=6990]
2880,small[2760 x=9080] pot[2530 x=6810]
2881,small[2760 x=8e80] pot[2530 x=6690]
2882,small[2760 x=8c80] pot[2530 x=6510]
2883,small[2760 x=8a80] pot[2530 x=6390]
2884,small[2760 x=8880] pot[2530 x=6210]
2885,small[2760 x=8680] pot[2530 x=6090]
2886,small[2760 x=8480] pot[2530 x=5f10]
2887,small[2760 x=8280] pot[2530 x=5d90]
2888,small[2760 x=8080] pot[2530 x=5c10]
2889,small[2760 x=7e80] pot[2530 x=5a90]
2890,small[2760 x=7c80] pot[2530 x=5910]
2891,small[2760 x=7a80] pot[2530 x=5790]
2892,small[2760 x=7880] pot[2530 x=5610]
2893,small[2760 x=7680] pot[2530 x=5490]
2894,small[2760 x=7480] pot[2530 x=5310]
2895,small[2760 x=7280] pot[2530 x=5190]
2896,small[2760 x=7080] pot[2530 x=5010]
2897,small[2760 x=6e80] pot[2530 x=4e90]
2898,small[2760 x=6c80] pot[2530 x=4d10]
2899,small[2760 x=6a80] pot[2530 x=4b90]
2900,small[2760 x=6880] pot[2530 x=4a10]
2901,small[2760 x=6680] pot[2530 x=4890]
2902,small[2760 x=6480] pot[2530 x=4710]
2903,small[2760 x=6280] pot[2530 x=4590]
2904,small[2760 x=6080] pot[2530 x=4410]
2905,small[2760 x=5e80] pot[2530 x=4290]
2906,small[2760 x=5c80] pot[2530 x=4110]
2907,small[2760 x=5a80] pot[2530 x=3f90]
2908,small[2760 x=5880] pot[2530 x=3e10]
2909,small[2760 x=5680] pot[2530 x=3c90]
2910,small[2760 x=5480] pot[2530 x=3b10]
2911,small[2760 x=5280] pot[2530 x=3990]
2912,small[2760 x=5080] pot[2530 x=3810]
2913,large[26d0 x=fd80] small[2760 x=4e80] pot[2530 x=3690]
2914,large[26d0 x=fb80] small[2760 x=4c80] pot[2530 x=3510]
2915,large[26d0 x=f980] small[2760 x=4a80] pot[2530 x=3390]
2916,large[26d0 x=f780] small[2760 x=4880] pot[2530 x=3210]
2917,large[26d0 x=f580] small[2760 x=4680] pot[2530 x=3090]
2918,large[26d0 x=f380] small[2760 x=4480] pot[2530 x=2f10]
2919,large[26d0 x=f180] small[2760 x=4280] pot[2530 x=2d90]
2920,large[26d0 x=ef80] small[2760 x=4080] pot[2530 x=2c10]
2921,large[26d0 x=ed80] small[2760 x=3e80] pot[2530 x=2a90]
2922,large[26d0 x=eb80] small[2760 x=3c80] pot[2530 x=2910]
2923,large[26d0 x=e980] small[2760 x=3a80] pot[2530 x=2790]
2924,large[26d0 x=e780] small[2760 x=3880] pot[2530 x=2610]
2925,large[26d0 x=e580] small[2760 x=3680] pot[2530 x=2490]
2926,large[26d0 x=e380] small[2760 x=3480] pot[2530 x=2310]
2927,large[26d0 x=e180] small[2760 x=3280] pot[2530 x=2190]
2928,large[26d0 x=df80] small[2760 x=3080] pot[2530 x=2010]
2929,large[26d0 x=dd80] small[2760 x=2e80] pot[2530 x=1e90]
2930,large[26d0 x=db80] small[2760 x=2c80] pot[2530 x=1d10]
2931,large[26d0 x=d980] small[2760 x=2a80] pot[2530 x=1b90]
2932,large[26d0 x=d780] small[2760 x=2880] pot[2530 x=1a10]
2933,large[26d0 x=d580] small[2760 x=2680] pot[2530 x=1890]
2934,large[26d0 x=d380] small[2760 x=2480] pot[2530 x=1710]
2935,large[26d0 x=d180] small[2760 x=2280] pot[2530 x=1590]
2936,large[26d0 x=cf80] small[2760 x=2080] pot[2530 x=1410]
2937,large[26d0 x=cd80] small[2760 x=1e80] pot[2530 x=1290]
2938,large[26d0 x=cb80] small[2760 x=1c80] pot[2530 x=1110]
2939,large[26d0 x=c980] small[2760 x=1a80] pot[2530 x=0f90]
2940,large[26d0 x=c780] small[2760 x=1880] pot[2530 x=0e10]
2941,large[26d0 x=c580] small[2760 x=1680] pot[2530 x=0c90]
2942,large[26d0 x=c380] small[2760 x=1480] pot[2530 x=0b10]
2943,large[26d0 x=c180] small[2760 x=1280] pot[2530 x=0990]
2944,large[26d0 x=bf80] small[2760 x=1080] pot[2530 x=0810]
2945,large[26d0 x=bd80] small[2760 x=0e80] pot[2530 x=0690]
2946,large[26d0 x=bb80] small[2760 x=0c80] pot[2530 x=0510]
2947,large[26d0 x=b980] small[2760 x=0a80] pot[2530 x=0390]
2948,large[26d0 x=b780] small[2760 x=0880] pot[2530 x=0210]
2949,large[26d0 x=b580] small[2760 x=0680]
2950,large[26d0 x=b380] small[2760 x=0480]
2951,large[26d0 x=b180] small[2760 x=0280]
2952,large[26d0 x=af80] small[2760 x=0080]
2953,large[26d0 x=ad80]
2954,large[26d0 x=ab80]
2955,large[26d0 x=a980]
2956,large[26d0 x=a780]
2957,large[26d0 x=a580]
2958,large[26d0 x=a380]
2959,large[26d0 x=a180]
2960,large[26d0 x=9f80]
2961,large[26d0 x=9d80]
2962,large[26d0 x=9b80]
2963,large[26d0 x=9980]
2964,large[26d0 x=9780]
2965,large[26d0 x=9580]
2966,large[26d0 x=9380]
2967,large[26d0 x=9180]
2968,large[26d0 x=8f80]
2969,large[26d0 x=8d80]
2970,large[26d0 x=8b80]
2971,large[26d0 x=8980]
2972,large[26d0 x=8780]
2973,large[26d0 x=8580]
2974,large[26d0 x=8380]
2975,large[26d0 x=8180]
2976,large[26d0 x=7f80]
2977,large[26d0 x=7d80]
2978,large[26d0 x=7b80]
2979,large[26d0 x=7980]
2980,large[26d0 x=7780]
2981,large[26d0 x=7580]
2982,large[26d0 x=7380]
2983,large[26d0 x=7180]
2984,large[26d0 x=6f80]
2985,large[26d0 x=6d80]
2986,large[26d0 x=6b80]
2987,large[26d0 x=6980]
2988,large[26d0 x=6780]
2989,large[26d0 x=6580]
2990,large[26d0 x=6380]
2991,large[26d0 x=6180]
2992,large[26d0 x=5f80]
2993,large[26d0 x=5d80]
2994,large[26d0 x=5b80]
2995,large[26d0 x=5980]
2996,large[26d0 x=5780]
2997,large[26d0 x=5580]
2998,large[26d0 x=5380]
2999,large[26d0 x=5180]
3000,large[26d0 x=4f80]
3001,large[26d0 x=4d80]
3002,large[26d0 x=4b80]
3003,large[26d0 x=4980]
3004,large[26d0 x=4780]
3005,large[26d0 x=4580]
3006,large[26d0 x=4380]
3007,large[26d0 x=4180]
3008,large[26d0 x=3f80]
3009,large[26d0 x=3d80]
3010,large[26d0 x=3b80]
3011,large[26d0 x=3980]
3012,large[26d0 x=3780]
3013,large[26d0 x=3580]
3014,large[26d0 x=3380]
3015,large[26d0 x=3180]
3016,large[26d0 x=2f80]
3017,large[26d0 x=2d80]
3018,large[26d0 x=2b80]
3019,large[26d0 x=2980]
3020,large[26d0 x=2780]
3021,large[26d0 x=2580]
3022,large[26d0 x=2380]
3023,large[26d0 x=2180]
3024,large[26d0 x=1f80]
3025,large[26d0 x=1d80] large[2700 x=fd80]
3026,large[26d0 x=1b80] large[2700 x=fb80]
3027,large[26d0 x=1980] large[2700 x=f980]
3028,large[26d0 x=1780] large[2700 x=f780]
3029,large[26d0 x=1580] large[2700 x=f580]
3030,large[26d0 x=1380] large[2700 x=f380]
3031,large[26d0 x=1180] large[2700 x=f180]
3032,large[26d0 x=0f80] large[2700 x=ef80]
3033,large[26d0 x=0d80] large[2700 x=ed80]
3034,large[26d0 x=0b80] large[2700 x=eb80]
3035,large[26d0 x=0980] large[2700 x=e980]
3036,large[26d0 x=0780] large[2700 x=e780] pot[24b0 x=0000]
3037,large[26d0 x=0580] large[2700 x=e580] pot[24b0 x=fe80]
3038,large[26d0 x=0380] large[2700 x=e380] pot[24b0 x=fd00]
3039,large[26d0 x=0180] large[2700 x=e180] pot[24b0 x=fb80]
3040,large[2700 x=df80] pot[24b0 x=fa00]
