frame,rel,input,state,y,x,phase,landvel,launch,dir,vel,jump,stick,idle_hi,idle_lo,countdown,ball_active,ball_flag,ball_state,ball_y,ball_x,ball_half,ball_align,scroll,score,bonus,lives,buffered,doubles,pending,falls,landings,held,standing,flash,timeout,visits,roll0_active,roll0_flag,roll0_state,roll0_y,roll0_x,roll0_half,roll1_active,roll1_flag,roll1_state,roll1_y,roll1_x,roll1_half,roll2_active,roll2_flag,roll2_state,roll2_y,roll2_x,roll2_half,roll3_active,roll3_flag,roll3_state,roll3_y,roll3_x,roll3_half,fx0_state,fx0_flag,fx0_y,fx0_x,fx0_timer,fx1_state,fx1_flag,fx1_y,fx1_x,fx1_timer,fx2_state,fx2_flag,fx2_y,fx2_x,fx2_timer,fx3_state,fx3_flag,fx3_y,fx3_x,fx3_timer,fx4_state,fx4_flag,fx4_y,fx4_x,fx4_timer,fx5_state,fx5_flag,fx5_y,fx5_x,fx5_timer,fx6_state,fx6_flag,fx6_y,fx6_x,fx6_timer,fx7_state,fx7_flag,fx7_y,fx7_x,fx7_timer,fx8_state,fx8_flag,fx8_y,fx8_x,fx8_timer,fx9_state,fx9_flag,fx9_y,fx9_x,fx9_timer,fx10_state,fx10_flag,fx10_y,fx10_x,fx10_timer,fx11_state,fx11_flag,fx11_y,fx11_x,fx11_timer,plaque0_x,plaque1_x,plaque2_x,phase05,phase06,frame_byte,dips
1,-1,ff,0,0,0,0,0,0,0,0,0,0,0,0,0,0,0,0,0,0,0,0,0,0,0,0,0,0,0,0,0,0,0,0,0,0,0,0,0,0,0,0,0,0,0,0,0,0,0,0,0,0,0,0,0,0,0,0,0,0,-1,0,0,0,0,-1,0,0,0,0,-1,0,0,0,0,-1,0,0,0,0,-1,0,0,0,0,-1,0,0,0,0,-1,0,0,0,0,-1,0,0,0,0,-1,0,0,0,0,-1,0,0,0,0,-1,0,0,0,0,-1,0,0,0,0,0,0,0,0,0,0,0
2,-1,ff,0,0,0,0,0,0,0,0,0,0,0,0,0,0,0,0,0,0,0,0,0,0,0,0,0,0,0,0,0,0,0,0,0,0,0,0,0,0,0,0,0,0,0,0,0,0,0,0,0,0,0,0,0,0,0,0,0,0,-1,0,0,0,0,-1,0,0,0,0,-1,0,0,0,0,-1,0,0,0,0,-1,0,0,0,0,-1,0,0,0,0,-1,0,0,0,0,-1,0,0,0,0,-1,0,0,0,0,-1,0,0,0,0,-1,0,0,0,0,-1,0,0,0,0,0,0,0,0,0,0,0
3,-1,ff,0,0,0,0,0,0,0,0,0,0,0,0,0,0,0,0,0,0,0,0,0,0,0,0,0,0,0,0,0,0,0,0,0,0,0,0,0,0,0,0,0,0,0,0,0,0,0,0,0,0,0,0,0,0,0,0,0,0,-1,0,0,0,0,-1,0,0,0,0,-1,0,0,0,0,-1,0,0,0,0,-1,0,0,0,0,-1,0,0,0,0,-1,0,0,0,0,-1,0,0,0,0,-1,0,0,0,0,-1,0,0,0,0,-1,0,0,0,0,-1,0,0,0,0,0,0,0,0,0,0,0
4,-1,ff,0,0,0,0,0,0,0,0,0,0,0,0,0,0,0,0,0,0,0,0,0,0,0,0,0,0,0,0,0,0,0,0,0,0,0,0,0,0,0,0,0,0,0,0,0,0,0,0,0,0,0,0,0,0,0,0,0,0,-1,0,0,0,0,-1,0,0,0,0,-1,0,0,0,0,-1,0,0,0,0,-1,0,0,0,0,-1,0,0,0,0,-1,0,0,0,0,-1,0,0,0,0,-1,0,0,0,0,-1,0,0,0,0,-1,0,0,0,0,-1,0,0,0,0,0,0,0,0,0,0,0
5,-1,ff,0,0,0,0,0,0,0,0,0,0,0,0,0,0,0,0,0,0,0,0,0,0,0,0,0,0,0,0,0,0,0,0,0,0,0,0,0,0,0,0,0,0,0,0,0,0,0,0,0,0,0,0,0,0,0,0,0,0,-1,0,0,0,0,-1,0,0,0,0,-1,0,0,0,0,-1,0,0,0,0,-1,0,0,0,0,-1,0,0,0,0,-1,0,0,0,0,-1,0,0,0,0,-1,0,0,0,0,-1,0,0,0,0,-1,0,0,0,0,-1,0,0,0,0,0,0,0,0,0,0,0
6,-1,ff,0,0,0,0,0,0,0,0,0,0,0,0,0,0,0,0,0,0,0,0,0,0,0,0,0,0,0,0,0,0,0,0,0,0,0,0,0,0,0,0,0,0,0,0,0,0,0,0,0,0,0,0,0,0,0,0,0,0,-1,0,0,0,0,-1,0,0,0,0,-1,0,0,0,0,-1,0,0,0,0,-1,0,0,0,0,-1,0,0,0,0,-1,0,0,0,0,-1,0,0,0,0,-1,0,0,0,0,-1,0,0,0,0,-1,0,0,0,0,-1,0,0,0,0,0,0,0,0,0,0,0
7,-1,ff,0,0,0,0,0,0,0,0,0,0,0,0,0,0,0,0,0,0,0,0,0,0,0,0,0,0,0,0,0,0,0,0,0,0,0,0,0,0,0,0,0,0,0,0,0,0,0,0,0,0,0,0,0,0,0,0,0,0,-1,0,0,0,0,-1,0,0,0,0,-1,0,0,0,0,-1,0,0,0,0,-1,0,0,0,0,-1,0,0,0,0,-1,0,0,0,0,-1,0,0,0,0,-1,0,0,0,0,-1,0,0,0,0,-1,0,0,0,0,-1,0,0,0,0,0,0,0,0,0,0,0
8,-1,ff,0,0,0,0,0,0,0,0,0,0,0,0,0,0,0,0,0,0,0,0,0,0,0,0,0,0,0,0,0,0,0,0,0,0,0,0,0,0,0,0,0,0,0,0,0,0,0,0,0,0,0,0,0,0,0,0,0,0,-1,0,0,0,0,-1,0,0,0,0,-1,0,0,0,0,-1,0,0,0,0,-1,0,0,0,0,-1,0,0,0,0,-1,0,0,0,0,-1,0,0,0,0,-1,0,0,0,0,-1,0,0,0,0,-1,0,0,0,0,-1,0,0,0,0,0,0,0,0,0,0,0
9,-1,ff,0,0,0,0,0,0,0,0,0,0,0,0,0,0,0,0,0,0,0,0,0,0,0,0,0,0,0,0,0,0,0,0,0,0,0,0,0,0,0,0,0,0,0,0,0,0,0,0,0,0,0,0,0,0,0,0,0,0,-1,0,0,0,0,-1,0,0,0,0,-1,0,0,0,0,-1,0,0,0,0,-1,0,0,0,0,-1,0,0,0,0,-1,0,0,0,0,-1,0,0,0,0,-1,0,0,0,0,-1,0,0,0,0,-1,0,0,0,0,-1,0,0,0,0,0,0,0,0,0,0,0
10,-1,ff,0,0,0,0,0,0,0,0,0,0,0,0,0,0,0,0,0,0,0,0,0,0,0,0,0,0,0,0,0,0,0,0,0,0,0,0,0,0,0,0,0,0,0,0,0,0,0,0,0,0,0,0,0,0,0,0,0,0,-1,0,0,0,0,-1,0,0,0,0,-1,0,0,0,0,-1,0,0,0,0,-1,0,0,0,0,-1,0,0,0,0,-1,0,0,0,0,-1,0,0,0,0,-1,0,0,0,0,-1,0,0,0,0,-1,0,0,0,0,-1,0,0,0,0,0,0,0,0,0,0,0
11,-1,ff,0,0,0,0,0,0,0,0,0,0,0,0,0,0,0,0,0,0,0,0,0,0,0,0,0,0,0,0,0,0,0,0,0,0,0,0,0,0,0,0,0,0,0,0,0,0,0,0,0,0,0,0,0,0,0,0,0,0,-1,0,0,0,0,-1,0,0,0,0,-1,0,0,0,0,-1,0,0,0,0,-1,0,0,0,0,-1,0,0,0,0,-1,0,0,0,0,-1,0,0,0,0,-1,0,0,0,0,-1,0,0,0,0,-1,0,0,0,0,-1,0,0,0,0,0,0,0,0,0,0,0
12,-1,ff,0,0,0,0,0,0,0,0,0,0,0,0,0,0,0,0,0,0,0,0,0,0,0,0,0,0,0,0,0,0,0,0,0,0,0,0,0,0,0,0,0,0,0,0,0,0,0,0,0,0,0,0,0,0,0,0,0,0,-1,0,0,0,0,-1,0,0,0,0,-1,0,0,0,0,-1,0,0,0,0,-1,0,0,0,0,-1,0,0,0,0,-1,0,0,0,0,-1,0,0,0,0,-1,0,0,0,0,-1,0,0,0,0,-1,0,0,0,0,-1,0,0,0,0,0,0,0,0,0,0,0
13,-1,ff,0,0,0,0,0,0,0,0,0,0,0,0,0,0,0,0,0,0,0,0,0,0,0,0,0,0,0,0,0,0,0,0,0,0,0,0,0,0,0,0,0,0,0,0,0,0,0,0,0,0,0,0,0,0,0,0,0,0,-1,0,0,0,0,-1,0,0,0,0,-1,0,0,0,0,-1,0,0,0,0,-1,0,0,0,0,-1,0,0,0,0,-1,0,0,0,0,-1,0,0,0,0,-1,0,0,0,0,-1,0,0,0,0,-1,0,0,0,0,-1,0,0,0,0,0,0,0,0,0,0,0
14,-1,ff,0,0,0,0,0,0,0,0,0,0,0,0,0,0,0,0,0,0,0,0,0,0,0,0,0,0,0,0,0,0,0,0,0,0,0,0,0,0,0,0,0,0,0,0,0,0,0,0,0,0,0,0,0,0,0,0,0,0,-1,0,0,0,0,-1,0,0,0,0,-1,0,0,0,0,-1,0,0,0,0,-1,0,0,0,0,-1,0,0,0,0,-1,0,0,0,0,-1,0,0,0,0,-1,0,0,0,0,-1,0,0,0,0,-1,0,0,0,0,-1,0,0,0,0,0,0,0,0,0,0,0
15,-1,ff,0,0,0,0,0,0,0,0,0,0,0,0,0,0,0,0,0,0,0,0,0,0,0,0,0,0,0,0,0,0,0,0,0,0,0,0,0,0,0,0,0,0,0,0,0,0,0,0,0,0,0,0,0,0,0,0,0,0,-1,0,0,0,0,-1,0,0,0,0,-1,0,0,0,0,-1,0,0,0,0,-1,0,0,0,0,-1,0,0,0,0,-1,0,0,0,0,-1,0,0,0,0,-1,0,0,0,0,-1,0,0,0,0,-1,0,0,0,0,-1,0,0,0,0,0,0,0,0,0,0,0
16,-1,ff,0,0,0,0,0,0,0,0,0,0,0,0,0,0,0,0,0,0,0,0,0,0,0,0,0,0,0,0,0,0,0,0,0,0,0,0,0,0,0,0,0,0,0,0,0,0,0,0,0,0,0,0,0,0,0,0,0,0,-1,0,0,0,0,-1,0,0,0,0,-1,0,0,0,0,-1,0,0,0,0,-1,0,0,0,0,-1,0,0,0,0,-1,0,0,0,0,-1,0,0,0,0,-1,0,0,0,0,-1,0,0,0,0,-1,0,0,0,0,-1,0,0,0,0,0,0,0,0,0,0,0
17,-1,ff,0,0,0,0,0,0,0,0,0,0,0,0,0,0,0,0,0,0,0,0,0,0,0,0,0,0,0,0,0,0,0,0,0,0,0,0,0,0,0,0,0,0,0,0,0,0,0,0,0,0,0,0,0,0,0,0,0,0,-1,0,0,0,0,-1,0,0,0,0,-1,0,0,0,0,-1,0,0,0,0,-1,0,0,0,0,-1,0,0,0,0,-1,0,0,0,0,-1,0,0,0,0,-1,0,0,0,0,-1,0,0,0,0,-1,0,0,0,0,-1,0,0,0,0,0,0,0,0,0,0,0
18,-1,ff,0,0,0,0,0,0,0,0,0,0,0,0,0,0,0,0,0,0,0,0,0,0,0,0,0,0,0,0,0,0,0,0,0,0,0,0,0,0,0,0,0,0,0,0,0,0,0,0,0,0,0,0,0,0,0,0,0,0,-1,0,0,0,0,-1,0,0,0,0,-1,0,0,0,0,-1,0,0,0,0,-1,0,0,0,0,-1,0,0,0,0,-1,0,0,0,0,-1,0,0,0,0,-1,0,0,0,0,-1,0,0,0,0,-1,0,0,0,0,-1,0,0,0,0,0,0,0,0,0,0,0
19,-1,ff,0,0,0,0,0,0,0,0,0,0,0,0,0,0,0,0,0,0,0,0,0,0,0,0,0,0,0,0,0,0,0,0,0,0,0,0,0,0,0,0,0,0,0,0,0,0,0,0,0,0,0,0,0,0,0,0,0,0,-1,0,0,0,0,-1,0,0,0,0,-1,0,0,0,0,-1,0,0,0,0,-1,0,0,0,0,-1,0,0,0,0,-1,0,0,0,0,-1,0,0,0,0,-1,0,0,0,0,-1,0,0,0,0,-1,0,0,0,0,-1,0,0,0,0,0,0,0,0,0,0,0
20,-1,ff,0,0,0,0,0,0,0,0,0,0,0,0,0,0,0,0,0,0,0,0,0,0,0,0,0,0,0,0,0,0,0,0,0,0,0,0,0,0,0,0,0,0,0,0,0,0,0,0,0,0,0,0,0,0,0,0,0,0,-1,0,0,0,0,-1,0,0,0,0,-1,0,0,0,0,-1,0,0,0,0,-1,0,0,0,0,-1,0,0,0,0,-1,0,0,0,0,-1,0,0,0,0,-1,0,0,0,0,-1,0,0,0,0,-1,0,0,0,0,-1,0,0,0,0,0,0,0,0,0,0,0
21,-1,ff,0,0,0,0,0,0,0,0,0,0,0,0,0,0,0,0,0,0,0,0,0,0,0,0,0,0,0,0,0,0,0,0,0,0,0,0,0,0,0,0,0,0,0,0,0,0,0,0,0,0,0,0,0,0,0,0,0,0,-1,0,0,0,0,-1,0,0,0,0,-1,0,0,0,0,-1,0,0,0,0,-1,0,0,0,0,-1,0,0,0,0,-1,0,0,0,0,-1,0,0,0,0,-1,0,0,0,0,-1,0,0,0,0,-1,0,0,0,0,-1,0,0,0,0,0,0,0,0,0,0,0
22,-1,ff,0,0,0,0,0,0,0,0,0,0,0,0,0,0,0,0,0,0,0,0,0,0,0,0,0,0,0,0,0,0,0,0,0,0,0,0,0,0,0,0,0,0,0,0,0,0,0,0,0,0,0,0,0,0,0,0,0,0,-1,0,0,0,0,-1,0,0,0,0,-1,0,0,0,0,-1,0,0,0,0,-1,0,0,0,0,-1,0,0,0,0,-1,0,0,0,0,-1,0,0,0,0,-1,0,0,0,0,-1,0,0,0,0,-1,0,0,0,0,-1,0,0,0,0,0,0,0,0,0,0,0
23,-1,ff,0,0,0,0,0,0,0,0,0,0,0,0,0,0,0,0,0,0,0,0,0,0,0,0,0,0,0,0,0,0,0,0,0,0,0,0,0,0,0,0,0,0,0,0,0,0,0,0,0,0,0,0,0,0,0,0,0,0,-1,0,0,0,0,-1,0,0,0,0,-1,0,0,0,0,-1,0,0,0,0,-1,0,0,0,0,-1,0,0,0,0,-1,0,0,0,0,-1,0,0,0,0,-1,0,0,0,0,-1,0,0,0,0,-1,0,0,0,0,-1,0,0,0,0,0,0,0,0,0,0,0
24,-1,ff,0,0,0,0,0,0,0,0,0,0,0,0,0,0,0,0,0,0,0,0,0,0,0,0,0,0,0,0,0,0,0,0,0,0,0,0,0,0,0,0,0,0,0,0,0,0,0,0,0,0,0,0,0,0,0,0,0,0,-1,0,0,0,0,-1,0,0,0,0,-1,0,0,0,0,-1,0,0,0,0,-1,0,0,0,0,-1,0,0,0,0,-1,0,0,0,0,-1,0,0,0,0,-1,0,0,0,0,-1,0,0,0,0,-1,0,0,0,0,-1,0,0,0,0,0,0,0,0,0,0,0
25,-1,ff,0,0,0,0,0,0,0,0,0,0,0,0,0,0,0,0,0,0,0,0,0,0,0,0,0,0,0,0,0,0,0,0,0,0,0,0,0,0,0,0,0,0,0,0,0,0,0,0,0,0,0,0,0,0,0,0,0,0,-1,0,0,0,0,-1,0,0,0,0,-1,0,0,0,0,-1,0,0,0,0,-1,0,0,0,0,-1,0,0,0,0,-1,0,0,0,0,-1,0,0,0,0,-1,0,0,0,0,-1,0,0,0,0,-1,0,0,0,0,-1,0,0,0,0,0,0,0,0,0,0,0
26,-1,ff,0,0,0,0,0,0,0,0,0,0,0,0,0,0,0,0,0,0,0,0,0,0,0,0,0,0,0,0,0,0,0,0,0,0,0,0,0,0,0,0,0,0,0,0,0,0,0,0,0,0,0,0,0,0,0,0,0,0,-1,0,0,0,0,-1,0,0,0,0,-1,0,0,0,0,-1,0,0,0,0,-1,0,0,0,0,-1,0,0,0,0,-1,0,0,0,0,-1,0,0,0,0,-1,0,0,0,0,-1,0,0,0,0,-1,0,0,0,0,-1,0,0,0,0,0,0,0,0,0,0,0
27,-1,ff,0,0,0,0,0,0,0,0,0,0,0,0,0,0,0,0,0,0,0,0,0,0,0,0,0,0,0,0,0,0,0,0,0,0,0,0,0,0,0,0,0,0,0,0,0,0,0,0,0,0,0,0,0,0,0,0,0,0,-1,0,0,0,0,-1,0,0,0,0,-1,0,0,0,0,-1,0,0,0,0,-1,0,0,0,0,-1,0,0,0,0,-1,0,0,0,0,-1,0,0,0,0,-1,0,0,0,0,-1,0,0,0,0,-1,0,0,0,0,-1,0,0,0,0,0,0,0,0,0,0,0
28,-1,ff,0,0,0,0,0,0,0,0,0,0,0,0,0,0,0,0,0,0,0,0,0,0,0,0,0,0,0,0,0,0,0,0,0,0,0,0,0,0,0,0,0,0,0,0,0,0,0,0,0,0,0,0,0,0,0,0,0,0,-1,0,0,0,0,-1,0,0,0,0,-1,0,0,0,0,-1,0,0,0,0,-1,0,0,0,0,-1,0,0,0,0,-1,0,0,0,0,-1,0,0,0,0,-1,0,0,0,0,-1,0,0,0,0,-1,0,0,0,0,-1,0,0,0,0,0,0,0,0,0,0,0
29,-1,ff,0,0,0,0,0,0,0,0,0,0,0,0,0,0,0,0,0,0,0,0,0,0,0,0,0,0,0,0,0,0,0,0,0,0,0,0,0,0,0,0,0,0,0,0,0,0,0,0,0,0,0,0,0,0,0,0,0,0,-1,0,0,0,0,-1,0,0,0,0,-1,0,0,0,0,-1,0,0,0,0,-1,0,0,0,0,-1,0,0,0,0,-1,0,0,0,0,-1,0,0,0,0,-1,0,0,0,0,-1,0,0,0,0,-1,0,0,0,0,-1,0,0,0,0,0,0,0,0,0,0,0
30,-1,ff,0,0,0,0,0,0,0,0,0,0,0,0,0,0,0,0,0,0,0,0,0,0,0,0,0,0,0,0,0,0,0,0,0,0,0,0,0,0,0,0,0,0,0,0,0,0,0,0,0,0,0,0,0,0,0,0,0,0,-1,0,0,0,0,-1,0,0,0,0,-1,0,0,0,0,-1,0,0,0,0,-1,0,0,0,0,-1,0,0,0,0,-1,0,0,0,0,-1,0,0,0,0,-1,0,0,0,0,-1,0,0,0,0,-1,0,0,0,0,-1,0,0,0,0,0,0,0,0,0,0,0
31,-1,ff,0,0,0,0,0,0,0,0,0,0,0,0,0,0,0,0,0,0,0,0,0,0,0,0,0,0,0,0,0,0,0,0,0,0,0,0,0,0,0,0,0,0,0,0,0,0,0,0,0,0,0,0,0,0,0,0,0,0,-1,0,0,0,0,-1,0,0,0,0,-1,0,0,0,0,-1,0,0,0,0,-1,0,0,0,0,-1,0,0,0,0,-1,0,0,0,0,-1,0,0,0,0,-1,0,0,0,0,-1,0,0,0,0,-1,0,0,0,0,-1,0,0,0,0,0,0,0,0,0,0,0
32,-1,ff,0,0,0,0,0,0,0,0,0,0,0,0,0,0,0,0,0,0,0,0,0,0,0,0,0,0,0,0,0,0,0,0,0,0,0,0,0,0,0,0,0,0,0,0,0,0,0,0,0,0,0,0,0,0,0,0,0,0,-1,0,0,0,0,-1,0,0,0,0,-1,0,0,0,0,-1,0,0,0,0,-1,0,0,0,0,-1,0,0,0,0,-1,0,0,0,0,-1,0,0,0,0,-1,0,0,0,0,-1,0,0,0,0,-1,0,0,0,0,-1,0,0,0,0,0,0,0,0,0,0,0
33,-1,ff,0,0,0,0,0,0,0,0,0,0,0,0,0,0,0,0,0,0,0,0,0,0,0,0,0,0,0,0,0,0,0,0,0,0,0,0,0,0,0,0,0,0,0,0,0,0,0,0,0,0,0,0,0,0,0,0,0,0,-1,0,0,0,0,-1,0,0,0,0,-1,0,0,0,0,-1,0,0,0,0,-1,0,0,0,0,-1,0,0,0,0,-1,0,0,0,0,-1,0,0,0,0,-1,0,0,0,0,-1,0,0,0,0,-1,0,0,0,0,-1,0,0,0,0,0,0,0,0,0,0,0
34,-1,ff,0,0,0,0,0,0,0,0,0,0,0,0,0,0,0,0,0,0,0,0,0,0,0,0,0,0,0,0,0,0,0,0,0,0,0,0,0,0,0,0,0,0,0,0,0,0,0,0,0,0,0,0,0,0,0,0,0,0,-1,0,0,0,0,-1,0,0,0,0,-1,0,0,0,0,-1,0,0,0,0,-1,0,0,0,0,-1,0,0,0,0,-1,0,0,0,0,-1,0,0,0,0,-1,0,0,0,0,-1,0,0,0,0,-1,0,0,0,0,-1,0,0,0,0,0,0,0,0,0,0,0
35,-1,ff,0,0,0,0,0,0,0,0,0,0,0,0,0,0,0,0,0,0,0,0,0,0,0,0,0,0,0,0,0,0,0,0,0,0,0,0,0,0,0,0,0,0,0,0,0,0,0,0,0,0,0,0,0,0,0,0,0,0,-1,0,0,0,0,-1,0,0,0,0,-1,0,0,0,0,-1,0,0,0,0,-1,0,0,0,0,-1,0,0,0,0,-1,0,0,0,0,-1,0,0,0,0,-1,0,0,0,0,-1,0,0,0,0,-1,0,0,0,0,-1,0,0,0,0,0,0,0,0,0,0,0
36,-1,ff,0,0,0,0,0,0,0,0,0,0,0,0,0,0,0,0,0,0,0,0,0,0,0,0,0,0,0,0,0,0,0,0,0,0,0,0,0,0,0,0,0,0,0,0,0,0,0,0,0,0,0,0,0,0,0,0,0,0,-1,0,0,0,0,-1,0,0,0,0,-1,0,0,0,0,-1,0,0,0,0,-1,0,0,0,0,-1,0,0,0,0,-1,0,0,0,0,-1,0,0,0,0,-1,0,0,0,0,-1,0,0,0,0,-1,0,0,0,0,-1,0,0,0,0,0,0,0,0,0,0,0
37,-1,ff,0,0,0,0,0,0,0,0,0,0,0,0,0,0,0,0,0,0,0,0,0,0,0,0,0,0,0,0,0,0,0,0,0,0,0,0,0,0,0,0,0,0,0,0,0,0,0,0,0,0,0,0,0,0,0,0,0,0,-1,0,0,0,0,-1,0,0,0,0,-1,0,0,0,0,-1,0,0,0,0,-1,0,0,0,0,-1,0,0,0,0,-1,0,0,0,0,-1,0,0,0,0,-1,0,0,0,0,-1,0,0,0,0,-1,0,0,0,0,-1,0,0,0,0,0,0,0,0,0,0,0
38,-1,ff,0,0,0,0,0,0,0,0,0,0,0,0,0,0,0,0,0,0,0,0,0,0,0,0,0,0,0,0,0,0,0,0,0,0,0,0,0,0,0,0,0,0,0,0,0,0,0,0,0,0,0,0,0,0,0,0,0,0,-1,0,0,0,0,-1,0,0,0,0,-1,0,0,0,0,-1,0,0,0,0,-1,0,0,0,0,-1,0,0,0,0,-1,0,0,0,0,-1,0,0,0,0,-1,0,0,0,0,-1,0,0,0,0,-1,0,0,0,0,-1,0,0,0,0,0,0,0,0,0,0,0
39,-1,ff,0,0,0,0,0,0,0,0,0,0,0,0,0,0,0,0,0,0,0,0,0,0,0,0,0,0,0,0,0,0,0,0,0,0,0,0,0,0,0,0,0,0,0,0,0,0,0,0,0,0,0,0,0,0,0,0,0,0,-1,0,0,0,0,-1,0,0,0,0,-1,0,0,0,0,-1,0,0,0,0,-1,0,0,0,0,-1,0,0,0,0,-1,0,0,0,0,-1,0,0,0,0,-1,0,0,0,0,-1,0,0,0,0,-1,0,0,0,0,-1,0,0,0,0,0,0,0,0,0,0,0
40,-1,ff,0,0,0,0,0,0,0,0,0,0,0,0,0,0,0,0,0,0,0,0,0,0,0,0,0,0,0,0,0,0,0,0,0,0,0,0,0,0,0,0,0,0,0,0,0,0,0,0,0,0,0,0,0,0,0,0,0,0,-1,0,0,0,0,-1,0,0,0,0,-1,0,0,0,0,-1,0,0,0,0,-1,0,0,0,0,-1,0,0,0,0,-1,0,0,0,0,-1,0,0,0,0,-1,0,0,0,0,-1,0,0,0,0,-1,0,0,0,0,-1,0,0,0,0,0,0,0,0,0,0,0
41,-1,ff,0,0,0,0,0,0,0,0,0,0,0,0,0,0,0,0,0,0,0,0,0,0,0,0,0,0,0,0,0,0,0,0,0,0,0,0,0,0,0,0,0,0,0,0,0,0,0,0,0,0,0,0,0,0,0,0,0,0,-1,0,0,0,0,-1,0,0,0,0,-1,0,0,0,0,-1,0,0,0,0,-1,0,0,0,0,-1,0,0,0,0,-1,0,0,0,0,-1,0,0,0,0,-1,0,0,0,0,-1,0,0,0,0,-1,0,0,0,0,-1,0,0,0,0,0,0,0,0,0,0,0
42,-1,ff,0,0,0,0,0,0,0,0,0,0,0,0,0,0,0,0,0,0,0,0,0,0,0,0,0,0,0,0,0,0,0,0,0,0,0,0,0,0,0,0,0,0,0,0,0,0,0,0,0,0,0,0,0,0,0,0,0,0,-1,0,0,0,0,-1,0,0,0,0,-1,0,0,0,0,-1,0,0,0,0,-1,0,0,0,0,-1,0,0,0,0,-1,0,0,0,0,-1,0,0,0,0,-1,0,0,0,0,-1,0,0,0,0,-1,0,0,0,0,-1,0,0,0,0,0,0,0,0,0,0,0
43,-1,ff,0,0,0,0,0,0,0,0,0,0,0,0,0,0,0,0,0,0,0,0,0,0,0,0,0,0,0,0,0,0,0,0,0,0,0,0,0,0,0,0,0,0,0,0,0,0,0,0,0,0,0,0,0,0,0,0,0,0,-1,0,0,0,0,-1,0,0,0,0,-1,0,0,0,0,-1,0,0,0,0,-1,0,0,0,0,-1,0,0,0,0,-1,0,0,0,0,-1,0,0,0,0,-1,0,0,0,0,-1,0,0,0,0,-1,0,0,0,0,-1,0,0,0,0,0,0,0,0,0,0,0
44,-1,ff,0,0,0,0,0,0,0,0,0,0,0,0,0,0,0,0,0,0,0,0,0,0,0,0,0,0,0,0,0,0,0,0,0,0,0,0,0,0,0,0,0,0,0,0,0,0,0,0,0,0,0,0,0,0,0,0,0,0,-1,0,0,0,0,-1,0,0,0,0,-1,0,0,0,0,-1,0,0,0,0,-1,0,0,0,0,-1,0,0,0,0,-1,0,0,0,0,-1,0,0,0,0,-1,0,0,0,0,-1,0,0,0,0,-1,0,0,0,0,-1,0,0,0,0,0,0,0,0,0,0,0
45,-1,ff,0,0,0,0,0,0,0,0,0,0,0,0,0,0,0,0,0,0,0,0,0,0,0,0,0,0,0,0,0,0,0,0,0,0,0,0,0,0,0,0,0,0,0,0,0,0,0,0,0,0,0,0,0,0,0,0,0,0,-1,0,0,0,0,-1,0,0,0,0,-1,0,0,0,0,-1,0,0,0,0,-1,0,0,0,0,-1,0,0,0,0,-1,0,0,0,0,-1,0,0,0,0,-1,0,0,0,0,-1,0,0,0,0,-1,0,0,0,0,-1,0,0,0,0,0,0,0,0,0,0,0
46,-1,ff,0,0,0,0,0,0,0,0,0,0,0,0,0,0,0,0,0,0,0,0,0,0,0,0,0,0,0,0,0,0,0,0,0,0,0,0,0,0,0,0,0,0,0,0,0,0,0,0,0,0,0,0,0,0,0,0,0,0,-1,0,0,0,0,-1,0,0,0,0,-1,0,0,0,0,-1,0,0,0,0,-1,0,0,0,0,-1,0,0,0,0,-1,0,0,0,0,-1,0,0,0,0,-1,0,0,0,0,-1,0,0,0,0,-1,0,0,0,0,-1,0,0,0,0,0,0,0,0,0,0,0
47,-1,ff,0,0,0,0,0,0,0,0,0,0,0,0,0,0,0,0,0,0,0,0,0,0,0,0,0,0,0,0,0,0,0,0,0,0,0,0,0,0,0,0,0,0,0,0,0,0,0,0,0,0,0,0,0,0,0,0,0,0,-1,0,0,0,0,-1,0,0,0,0,-1,0,0,0,0,-1,0,0,0,0,-1,0,0,0,0,-1,0,0,0,0,-1,0,0,0,0,-1,0,0,0,0,-1,0,0,0,0,-1,0,0,0,0,-1,0,0,0,0,-1,0,0,0,0,0,0,0,0,0,0,0
48,-1,ff,0,0,0,0,0,0,0,0,0,0,0,0,0,0,0,0,0,0,0,0,0,0,0,0,0,0,0,0,0,0,0,0,0,0,0,0,0,0,0,0,0,0,0,0,0,0,0,0,0,0,0,0,0,0,0,0,0,0,-1,0,0,0,0,-1,0,0,0,0,-1,0,0,0,0,-1,0,0,0,0,-1,0,0,0,0,-1,0,0,0,0,-1,0,0,0,0,-1,0,0,0,0,-1,0,0,0,0,-1,0,0,0,0,-1,0,0,0,0,-1,0,0,0,0,0,0,0,0,0,0,0
49,-1,ff,0,0,0,0,0,0,0,0,0,0,0,0,0,0,0,0,0,0,0,0,0,0,0,0,0,0,0,0,0,0,0,0,0,0,0,0,0,0,0,0,0,0,0,0,0,0,0,0,0,0,0,0,0,0,0,0,0,0,-1,0,0,0,0,-1,0,0,0,0,-1,0,0,0,0,-1,0,0,0,0,-1,0,0,0,0,-1,0,0,0,0,-1,0,0,0,0,-1,0,0,0,0,-1,0,0,0,0,-1,0,0,0,0,-1,0,0,0,0,-1,0,0,0,0,0,0,0,0,0,0,0
50,-1,ff,0,0,0,0,0,0,0,0,0,0,0,0,0,0,0,0,0,0,0,0,0,0,0,0,0,0,0,0,0,0,0,0,0,0,0,0,0,0,0,0,0,0,0,0,0,0,0,0,0,0,0,0,0,0,0,0,0,0,-1,0,0,0,0,-1,0,0,0,0,-1,0,0,0,0,-1,0,0,0,0,-1,0,0,0,0,-1,0,0,0,0,-1,0,0,0,0,-1,0,0,0,0,-1,0,0,0,0,-1,0,0,0,0,-1,0,0,0,0,-1,0,0,0,0,0,0,0,0,0,0,0
51,-1,ff,0,0,0,0,0,0,0,0,0,0,0,0,0,0,0,0,0,0,0,0,0,0,0,0,0,0,0,0,0,0,0,0,0,0,0,0,0,0,0,0,0,0,0,0,0,0,0,0,0,0,0,0,0,0,0,0,0,0,-1,0,0,0,0,-1,0,0,0,0,-1,0,0,0,0,-1,0,0,0,0,-1,0,0,0,0,-1,0,0,0,0,-1,0,0,0,0,-1,0,0,0,0,-1,0,0,0,0,-1,0,0,0,0,-1,0,0,0,0,-1,0,0,0,0,0,0,0,0,0,0,0
52,-1,ff,0,0,0,0,0,0,0,0,0,0,0,0,0,0,0,0,0,0,0,0,21845,555555,94435,85,0,0,0,0,0,0,0,0,85,85,0,0,0,0,0,0,0,0,0,0,0,0,0,0,0,0,0,0,0,0,0,0,0,0,-1,0,0,0,0,-1,0,0,0,0,-1,0,0,0,0,-1,0,0,0,0,-1,0,0,0,0,-1,0,0,0,0,-1,0,0,0,0,-1,0,0,0,0,-1,0,0,0,0,-1,0,0,0,0,-1,0,0,0,0,-1,0,0,0,0,0,0,0,85,85,85,85
53,-1,ff,85,85,85,85,85,85,85,21845,85,85,85,85,85,85,85,85,85,85,85,85,21845,555555,94435,85,85,85,85,85,0,0,0,85,85,85,85,85,85,85,85,85,85,85,85,85,85,85,85,85,85,85,85,85,85,85,85,85,85,85,85,85,85,85,85,85,85,85,85,85,85,85,85,85,85,85,85,85,85,85,85,85,85,85,85,85,85,85,85,85,85,85,85,85,85,85,85,85,85,85,85,85,85,85,85,85,85,85,85,85,85,85,85,85,85,85,85,85,85,85,85,85,85,85,85,85,85
54,-1,ff,85,85,85,85,85,85,85,21845,85,85,85,85,85,85,85,85,85,85,85,85,21845,555555,94435,85,85,85,85,85,85,85,85,85,85,85,85,85,85,85,85,85,85,85,85,85,85,85,85,85,85,85,85,85,85,85,85,85,85,85,85,85,85,85,85,85,85,85,85,85,85,85,85,85,85,85,85,85,85,85,85,85,85,85,85,85,85,85,85,85,85,85,85,85,85,85,85,85,85,85,85,85,85,85,85,85,85,85,85,85,85,85,85,85,85,85,85,85,85,85,85,85,85,85,85,85,85
55,-1,ff,85,85,85,85,85,85,85,21845,85,85,85,85,85,85,85,85,85,85,85,85,21845,555555,94435,85,85,85,85,85,85,85,85,85,85,85,85,85,85,85,85,85,85,85,85,85,85,85,85,85,85,85,85,85,85,85,85,85,85,85,85,85,85,85,85,85,85,85,85,85,85,85,85,85,85,85,85,85,85,85,85,85,85,85,85,85,85,85,85,85,85,85,85,85,85,85,85,85,85,85,85,85,85,85,85,85,85,85,85,85,85,85,85,85,85,85,85,85,85,85,85,85,85,85,85,85,85
56,-1,ff,85,85,85,85,85,85,85,21845,85,85,85,85,85,85,85,85,85,85,85,85,21845,555555,94435,85,85,85,85,85,85,85,85,85,85,85,85,85,85,85,85,85,85,85,85,85,85,85,85,85,85,85,85,85,85,85,85,85,85,85,85,85,85,85,85,85,85,85,85,85,85,85,85,85,85,85,85,85,85,85,85,85,85,85,85,85,85,85,85,85,85,85,85,85,85,85,85,85,85,85,85,85,85,85,85,85,85,85,85,85,85,85,85,85,85,85,85,85,85,85,85,85,85,85,85,85,85
57,-1,ff,85,85,85,85,85,85,85,21845,85,85,85,85,85,85,85,85,85,85,85,85,43690,nil,94435,170,85,85,85,85,85,85,85,85,85,170,85,85,85,85,85,85,85,85,85,85,85,85,85,85,85,85,85,85,85,85,85,85,85,85,85,85,85,85,85,85,85,85,85,85,85,85,85,85,85,85,85,85,85,85,85,85,85,85,85,85,85,85,85,85,85,85,85,85,85,85,85,85,85,85,85,85,85,85,85,85,85,85,85,85,85,85,85,85,85,85,85,85,85,85,85,85,85,170,170,170,170
58,-1,ff,170,170,170,170,170,170,170,43690,170,170,170,170,170,170,170,170,170,170,170,170,43690,nil,188870,170,85,85,85,85,85,85,85,85,170,170,170,170,170,170,170,170,170,170,170,170,170,170,170,170,170,170,170,170,170,170,170,170,170,170,170,170,170,170,170,170,170,170,170,170,170,170,170,170,170,170,170,170,170,170,170,170,170,170,170,170,170,170,170,170,170,170,170,170,170,170,170,170,170,170,170,170,170,170,170,170,170,170,170,170,170,170,170,170,170,170,170,170,170,170,170,170,170,170,170,170,170
59,-1,ff,170,170,170,170,170,170,170,43690,170,170,170,170,170,170,170,170,170,170,170,170,43690,nil,188870,170,170,170,170,170,170,170,170,170,170,170,170,170,170,170,170,170,170,170,170,170,170,170,170,170,170,170,170,170,170,170,170,170,170,170,170,170,170,170,170,170,170,170,170,170,170,170,170,170,170,170,170,170,170,170,170,170,170,170,170,170,170,170,170,170,170,170,170,170,170,170,170,170,170,170,170,170,170,170,170,170,170,170,170,170,170,170,170,170,170,170,170,170,170,170,170,170,170,170,170,170,170
60,-1,ff,170,170,170,170,170,170,170,43690,170,170,170,170,170,170,170,170,170,170,170,170,43690,nil,188870,170,170,170,170,170,170,170,170,170,170,170,170,170,170,170,170,170,170,170,170,170,170,170,170,170,170,170,170,170,170,170,170,170,170,170,170,170,170,170,170,170,170,170,170,170,170,170,170,170,170,170,170,170,170,170,170,170,170,170,170,170,170,170,170,170,170,170,170,170,170,170,170,170,170,170,170,170,170,170,170,170,170,170,170,170,170,170,170,170,170,170,170,170,170,170,170,170,170,170,170,170,170
61,-1,ff,170,170,170,170,170,170,170,43690,170,170,170,170,170,170,170,170,170,170,170,170,43690,nil,188870,170,170,170,170,170,170,170,170,170,170,170,170,170,170,170,170,170,170,170,170,170,170,170,170,170,170,170,170,170,170,170,170,170,170,170,170,170,170,170,170,170,170,170,170,170,170,170,170,170,170,170,170,170,170,170,170,170,170,170,170,170,170,170,170,170,170,170,170,170,170,170,170,170,170,170,170,170,170,170,170,170,170,170,170,170,170,170,170,170,170,170,170,170,170,170,170,170,170,170,170,170,170
62,-1,ff,170,170,170,170,170,170,170,43690,170,170,170,170,170,170,170,170,170,170,170,170,43690,nil,188870,170,170,170,170,170,170,170,170,170,170,170,170,170,170,170,170,170,170,170,170,170,170,170,170,170,170,170,170,170,170,170,170,170,170,170,170,170,170,170,170,170,170,170,170,170,170,170,170,170,170,170,170,170,170,170,170,170,170,170,170,170,170,170,170,170,170,170,170,170,170,170,170,170,170,170,170,170,170,170,170,170,170,170,170,170,170,170,170,170,170,170,170,170,170,170,170,170,170,255,255,255,255
63,-1,ff,255,255,255,255,255,255,255,65535,255,255,255,255,255,255,255,255,255,255,255,255,65535,nil,283305,255,170,170,170,170,170,170,170,170,255,255,255,255,255,255,255,255,255,255,255,255,255,255,255,255,255,255,255,255,255,255,255,255,255,255,255,255,255,255,255,255,255,255,255,255,255,255,255,255,255,255,255,255,255,255,170,170,170,170,170,170,170,170,170,170,170,170,170,170,170,170,170,170,170,170,170,170,170,170,170,170,170,170,170,170,170,170,170,170,170,170,170,170,170,170,170,170,170,255,255,255,255
64,-1,ff,255,255,255,255,255,255,255,65535,255,255,255,255,255,255,255,255,255,255,255,255,65535,nil,283305,255,255,255,255,255,255,255,255,255,255,255,255,255,255,255,255,255,255,255,255,255,255,255,255,255,255,255,255,255,255,255,255,255,255,255,255,255,255,255,255,255,255,255,255,255,255,255,255,255,255,255,255,255,255,255,255,255,255,255,255,255,255,255,255,255,255,255,255,255,255,255,255,255,255,255,255,255,255,255,255,255,255,255,255,255,255,255,255,255,255,255,255,255,255,255,255,255,255,255,255,255,255
65,-1,ff,255,255,255,255,255,255,255,65535,255,255,255,255,255,255,255,255,255,255,255,255,65535,nil,283305,255,255,255,255,255,255,255,255,255,255,255,255,255,255,255,255,255,255,255,255,255,255,255,255,255,255,255,255,255,255,255,255,255,255,255,255,255,255,255,255,255,255,255,255,255,255,255,255,255,255,255,255,255,255,255,255,255,255,255,255,255,255,255,255,255,255,255,255,255,255,255,255,255,255,255,255,255,255,255,255,255,255,255,255,255,255,255,255,255,255,255,255,255,255,255,255,255,255,255,255,255,255
66,-1,ff,255,255,255,255,255,255,255,65535,255,255,255,255,255,255,255,255,255,255,255,255,65535,nil,283305,255,255,255,255,255,255,255,255,255,255,255,255,255,255,255,255,255,255,255,255,255,255,255,255,255,255,255,255,255,255,255,255,255,255,255,255,255,255,255,255,255,255,255,255,255,255,255,255,255,255,255,255,255,255,255,255,255,255,255,255,255,255,255,255,255,255,255,255,255,255,255,255,255,255,255,255,255,255,255,255,255,255,255,255,255,255,255,255,255,255,255,255,255,255,255,255,255,255,255,255,255,255
67,-1,ff,255,255,255,255,255,255,255,65535,255,255,255,255,255,255,255,255,255,255,255,255,65535,nil,283305,255,255,255,255,255,255,255,255,255,255,255,255,255,255,255,255,255,255,255,255,255,255,255,255,255,255,255,255,255,255,255,255,255,255,255,255,255,255,255,255,255,255,255,255,255,255,255,255,255,255,255,255,255,255,255,255,255,255,255,255,255,255,255,255,255,255,255,255,255,255,255,255,255,255,255,255,255,255,255,255,255,255,255,255,255,255,255,255,255,255,255,255,255,255,255,255,255,255,255,255,255,255
68,-1,ff,255,255,255,255,255,255,255,65535,255,255,255,255,255,255,255,255,255,255,255,255,65535,nil,283305,255,255,255,255,255,255,255,255,255,255,255,255,255,255,255,255,255,255,255,255,255,255,255,255,255,255,255,255,255,255,255,255,255,255,255,255,255,255,255,255,255,255,255,255,255,255,255,255,255,255,255,255,255,255,255,255,255,255,255,255,255,255,255,255,255,255,255,255,255,255,255,255,255,255,255,255,255,255,255,255,255,255,255,255,255,255,255,255,255,255,255,255,255,255,255,255,255,255,255,255,255,255
69,-1,ff,255,255,255,255,255,255,255,65535,255,255,255,255,255,255,255,255,255,255,255,255,65535,nil,283305,255,255,255,255,255,255,255,255,255,255,255,255,255,255,255,255,255,255,255,255,255,255,255,255,255,255,255,255,255,255,255,255,255,255,255,255,255,255,255,255,255,255,255,255,255,255,255,255,255,255,255,255,255,255,255,255,255,255,255,255,255,255,255,255,255,255,255,255,255,255,255,255,255,255,255,255,255,255,255,255,255,255,255,255,255,255,255,255,255,255,255,255,255,255,255,255,255,255,255,255,255,255
70,-1,ff,255,255,255,255,255,255,255,65535,255,255,255,255,255,255,255,255,255,255,255,255,65535,nil,283305,255,255,255,255,255,255,255,255,255,255,255,255,255,255,255,255,255,255,255,255,255,255,255,255,255,255,255,255,255,255,255,255,255,255,255,255,255,255,255,255,255,255,255,255,255,255,255,255,255,255,255,255,255,255,255,255,255,255,255,255,255,255,255,255,255,255,255,255,255,255,255,255,255,255,255,255,255,255,255,255,255,255,255,255,255,255,255,255,255,255,255,255,255,255,255,255,255,255,255,255,255,255
71,-1,ff,255,255,255,255,255,255,255,65535,255,255,255,255,255,255,255,255,255,255,255,255,65535,nil,283305,255,255,255,255,255,255,255,255,255,255,255,255,255,255,255,255,255,255,255,255,255,255,255,255,255,255,255,255,255,255,255,255,255,255,255,255,255,255,255,255,255,255,255,255,255,255,255,255,255,255,255,255,255,255,255,255,255,255,255,255,255,255,255,255,255,255,255,255,255,255,255,255,255,255,255,255,255,255,255,255,255,255,255,255,255,255,255,255,255,255,255,255,255,255,255,255,255,255,255,255,255,255
72,-1,ff,255,255,255,255,255,255,255,65535,255,255,255,255,255,255,255,255,255,255,255,255,65535,nil,283305,255,148,147,146,136,120,119,107,223,255,255,255,255,255,255,255,255,255,255,255,255,255,255,255,255,255,255,255,255,255,255,255,255,255,255,255,255,255,255,255,255,255,255,255,255,255,255,255,255,255,255,255,255,255,255,255,255,255,255,255,255,255,255,255,255,255,255,255,255,255,255,255,255,255,255,255,255,255,255,255,255,255,255,255,255,255,255,255,255,255,255,255,255,255,255,255,255,255,255,255,255,255
73,-1,ff,106,104,102,101,100,99,98,21844,82,81,69,68,63,44,43,42,40,38,39,3,65535,nil,283305,255,148,147,146,136,120,119,107,223,255,255,235,234,233,231,229,230,171,170,169,167,165,166,107,106,105,103,101,102,43,42,41,39,37,38,104,105,102,100,96,88,89,86,84,80,72,73,70,68,64,56,57,54,52,48,40,41,38,36,32,24,25,22,20,16,8,9,6,4,0,247,248,245,243,239,231,232,229,227,223,215,216,213,211,207,199,200,197,195,191,183,184,181,179,175,163,147,131,255,255,255,255
74,-1,ff,106,104,102,101,100,99,98,21844,82,81,69,68,63,44,43,42,40,38,39,3,0,0,0,0,148,147,146,136,120,119,107,223,0,0,235,234,233,231,229,230,171,170,169,167,165,166,107,106,105,103,101,102,43,42,41,39,37,38,104,105,102,100,96,88,89,86,84,80,72,73,70,68,64,56,57,54,52,48,40,41,38,36,32,24,25,22,20,16,8,9,6,4,0,247,248,245,243,239,231,232,229,227,223,215,216,213,211,207,199,200,197,195,191,183,184,181,179,175,163,147,131,0,0,0,0
75,-1,ff,0,0,0,0,0,0,0,0,0,0,0,0,0,0,0,0,0,0,0,0,0,0,0,0,0,0,0,0,0,0,0,0,0,0,0,0,0,0,0,0,0,0,0,0,0,0,0,0,0,0,0,0,0,0,0,0,0,0,-1,0,0,0,0,-1,0,0,0,0,-1,0,0,0,0,-1,0,0,0,0,-1,0,0,0,0,-1,0,0,0,0,-1,0,0,0,0,-1,0,0,0,0,-1,0,0,0,0,-1,0,0,0,0,-1,0,0,0,0,-1,0,0,0,0,0,0,0,0,0,0,0
76,-1,ff,0,0,0,0,0,0,0,0,0,0,0,0,0,0,0,0,0,0,0,0,0,0,0,0,0,0,0,0,0,0,0,0,0,0,0,0,0,0,0,0,0,0,0,0,0,0,0,0,0,0,0,0,0,0,0,0,0,0,-1,0,0,0,0,-1,0,0,0,0,-1,0,0,0,0,-1,0,0,0,0,-1,0,0,0,0,-1,0,0,0,0,-1,0,0,0,0,-1,0,0,0,0,-1,0,0,0,0,-1,0,0,0,0,-1,0,0,0,0,-1,0,0,0,0,0,0,0,0,0,0,0
77,-1,ff,0,0,0,0,0,0,0,0,0,0,0,0,0,0,0,0,0,0,0,0,0,0,0,0,0,0,0,0,0,0,0,0,0,0,0,0,0,0,0,0,0,0,0,0,0,0,0,0,0,0,0,0,0,0,0,0,0,0,-1,0,0,0,0,-1,0,0,0,0,-1,0,0,0,0,-1,0,0,0,0,-1,0,0,0,0,-1,0,0,0,0,-1,0,0,0,0,-1,0,0,0,0,-1,0,0,0,0,-1,0,0,0,0,-1,0,0,0,0,-1,0,0,0,0,0,0,0,0,0,0,0
78,-1,ff,0,0,0,0,0,0,0,0,0,0,0,0,0,0,0,0,0,0,0,0,0,0,0,0,0,0,0,0,0,0,0,0,0,0,0,0,0,0,0,0,0,0,0,0,0,0,0,0,0,0,0,0,0,0,0,0,0,0,-1,0,0,0,0,-1,0,0,0,0,-1,0,0,0,0,-1,0,0,0,0,-1,0,0,0,0,-1,0,0,0,0,-1,0,0,0,0,-1,0,0,0,0,-1,0,0,0,0,-1,0,0,0,0,-1,0,0,0,0,-1,0,0,0,0,0,0,0,0,0,0,0
79,-1,ff,0,0,0,0,0,0,0,0,0,0,0,0,0,0,0,0,0,0,0,0,0,0,0,0,0,0,0,0,0,0,0,0,0,0,0,0,0,0,0,0,0,0,0,0,0,0,0,0,0,0,0,0,0,0,0,0,0,0,-1,0,0,0,0,-1,0,0,0,0,-1,0,0,0,0,-1,0,0,0,0,-1,0,0,0,0,-1,0,0,0,0,-1,0,0,0,0,-1,0,0,0,0,-1,0,0,0,0,-1,0,0,0,0,-1,0,0,0,0,-1,0,0,0,0,0,0,0,0,0,0,0
80,-1,ff,0,0,0,0,0,0,0,0,0,0,0,0,0,0,0,0,0,0,0,0,0,0,0,0,0,0,0,0,0,0,0,0,0,0,0,0,0,0,0,0,0,0,0,0,0,0,0,0,0,0,0,0,0,0,0,0,0,0,-1,0,0,0,0,-1,0,0,0,0,-1,0,0,0,0,-1,0,0,0,0,-1,0,0,0,0,-1,0,0,0,0,-1,0,0,0,0,-1,0,0,0,0,-1,0,0,0,0,-1,0,0,0,0,-1,0,0,0,0,-1,0,0,0,0,0,0,0,0,0,0,0
81,-1,ff,0,0,0,0,0,0,0,0,0,0,0,0,0,0,0,0,0,0,0,0,0,0,0,0,0,0,0,0,0,0,0,0,0,0,0,0,0,0,0,0,0,0,0,0,0,0,0,0,0,0,0,0,0,0,0,0,0,0,-1,0,0,0,0,-1,0,0,0,0,-1,0,0,0,0,-1,0,0,0,0,-1,0,0,0,0,-1,0,0,0,0,-1,0,0,0,0,-1,0,0,0,0,-1,0,0,0,0,-1,0,0,0,0,-1,0,0,0,0,-1,0,0,0,0,0,0,0,0,0,0,0
82,-1,ff,0,0,0,0,0,0,0,0,0,0,0,0,0,0,0,0,0,0,0,0,0,0,0,0,0,0,0,0,0,0,0,0,0,0,0,0,0,0,0,0,0,0,0,0,0,0,0,0,0,0,0,0,0,0,0,0,0,0,-1,0,0,0,0,-1,0,0,0,0,-1,0,0,0,0,-1,0,0,0,0,-1,0,0,0,0,-1,0,0,0,0,-1,0,0,0,0,-1,0,0,0,0,-1,0,0,0,0,-1,0,0,0,0,-1,0,0,0,0,-1,0,0,0,0,0,0,0,0,0,0,0
83,-1,ff,0,0,0,0,0,0,0,0,0,0,0,0,0,0,0,0,0,0,0,0,0,0,0,0,0,0,0,0,0,0,0,0,0,0,0,0,0,0,0,0,0,0,0,0,0,0,0,0,0,0,0,0,0,0,0,0,0,0,-1,0,0,0,0,-1,0,0,0,0,-1,0,0,0,0,-1,0,0,0,0,-1,0,0,0,0,-1,0,0,0,0,-1,0,0,0,0,-1,0,0,0,0,-1,0,0,0,0,-1,0,0,0,0,-1,0,0,0,0,-1,0,0,0,0,0,0,0,0,0,0,0
84,-1,ff,0,0,0,0,0,0,0,0,0,0,0,0,0,0,0,0,0,0,0,0,0,0,0,0,0,0,0,0,0,0,0,0,0,0,0,0,0,0,0,0,0,0,0,0,0,0,0,0,0,0,0,0,0,0,0,0,0,0,-1,0,0,0,0,-1,0,0,0,0,-1,0,0,0,0,-1,0,0,0,0,-1,0,0,0,0,-1,0,0,0,0,-1,0,0,0,0,-1,0,0,0,0,-1,0,0,0,0,-1,0,0,0,0,-1,0,0,0,0,-1,0,0,0,0,0,0,0,0,0,0,0
85,-1,ff,0,0,0,0,0,0,0,0,0,0,0,0,0,0,0,0,0,0,0,0,0,0,0,0,0,0,0,0,0,0,0,0,0,0,0,0,0,0,0,0,0,0,0,0,0,0,0,0,0,0,0,0,0,0,0,0,0,0,-1,0,0,0,0,-1,0,0,0,0,-1,0,0,0,0,-1,0,0,0,0,-1,0,0,0,0,-1,0,0,0,0,-1,0,0,0,0,-1,0,0,0,0,-1,0,0,0,0,-1,0,0,0,0,-1,0,0,0,0,-1,0,0,0,0,0,0,0,0,0,0,0
86,-1,ff,0,0,0,0,0,0,0,0,0,0,0,0,0,0,0,0,0,0,0,0,0,0,0,0,0,0,0,0,0,0,0,0,0,0,0,0,0,0,0,0,0,0,0,0,0,0,0,0,0,0,0,0,0,0,0,0,0,0,-1,0,0,0,0,-1,0,0,0,0,-1,0,0,0,0,-1,0,0,0,0,-1,0,0,0,0,-1,0,0,0,0,-1,0,0,0,0,-1,0,0,0,0,-1,0,0,0,0,-1,0,0,0,0,-1,0,0,0,0,-1,0,0,0,0,0,0,0,0,0,0,0
87,-1,ff,0,0,0,0,0,0,0,0,0,0,0,0,0,0,0,0,0,0,0,0,0,0,0,0,0,0,0,0,0,0,0,0,0,0,0,0,0,0,0,0,0,0,0,0,0,0,0,0,0,0,0,0,0,0,0,0,0,0,-1,0,0,0,0,-1,0,0,0,0,-1,0,0,0,0,-1,0,0,0,0,-1,0,0,0,0,-1,0,0,0,0,-1,0,0,0,0,-1,0,0,0,0,-1,0,0,0,0,-1,0,0,0,0,-1,0,0,0,0,-1,0,0,0,0,0,0,0,0,0,0,0
88,-1,ff,0,0,0,0,0,0,0,0,0,0,0,0,0,0,0,0,0,0,0,0,0,0,0,0,0,0,0,0,0,0,0,0,0,0,0,0,0,0,0,0,0,0,0,0,0,0,0,0,0,0,0,0,0,0,0,0,0,0,-1,0,0,0,0,-1,0,0,0,0,-1,0,0,0,0,-1,0,0,0,0,-1,0,0,0,0,-1,0,0,0,0,-1,0,0,0,0,-1,0,0,0,0,-1,0,0,0,0,-1,0,0,0,0,-1,0,0,0,0,-1,0,0,0,0,0,0,0,0,0,0,0
89,-1,ff,0,0,0,0,0,0,0,0,0,0,0,0,0,0,0,0,0,0,0,0,0,0,0,0,0,0,0,0,0,0,0,0,0,0,0,0,0,0,0,0,0,0,0,0,0,0,0,0,0,0,0,0,0,0,0,0,0,0,-1,0,0,0,0,-1,0,0,0,0,-1,0,0,0,0,-1,0,0,0,0,-1,0,0,0,0,-1,0,0,0,0,-1,0,0,0,0,-1,0,0,0,0,-1,0,0,0,0,-1,0,0,0,0,-1,0,0,0,0,-1,0,0,0,0,0,0,0,0,0,0,0
90,-1,ff,0,0,0,0,0,0,0,0,0,0,0,0,0,0,0,0,0,0,0,0,0,0,0,0,0,0,0,0,0,0,0,0,0,0,0,0,0,0,0,0,0,0,0,0,0,0,0,0,0,0,0,0,0,0,0,0,0,0,-1,0,0,0,0,-1,0,0,0,0,-1,0,0,0,0,-1,0,0,0,0,-1,0,0,0,0,-1,0,0,0,0,-1,0,0,0,0,-1,0,0,0,0,-1,0,0,0,0,-1,0,0,0,0,-1,0,0,0,0,-1,0,0,0,0,0,0,0,0,0,0,0
91,-1,ff,0,0,0,0,0,0,0,0,0,0,0,0,0,0,0,0,0,0,0,0,0,0,0,0,0,0,0,0,0,0,0,0,0,0,0,0,0,0,0,0,0,0,0,0,0,0,0,0,0,0,0,0,0,0,0,0,0,0,-1,0,0,0,0,-1,0,0,0,0,-1,0,0,0,0,-1,0,0,0,0,-1,0,0,0,0,-1,0,0,0,0,-1,0,0,0,0,-1,0,0,0,0,-1,0,0,0,0,-1,0,0,0,0,-1,0,0,0,0,-1,0,0,0,0,0,0,0,0,0,0,0
92,-1,ff,0,0,0,0,0,0,0,0,0,0,0,0,0,0,0,0,0,0,0,0,0,0,0,0,0,0,0,0,0,0,0,0,0,0,0,0,0,0,0,0,0,0,0,0,0,0,0,0,0,0,0,0,0,0,0,0,0,0,-1,0,0,0,0,-1,0,0,0,0,-1,0,0,0,0,-1,0,0,0,0,-1,0,0,0,0,-1,0,0,0,0,-1,0,0,0,0,-1,0,0,0,0,-1,0,0,0,0,-1,0,0,0,0,-1,0,0,0,0,-1,0,0,0,0,0,0,0,0,0,0,0
93,-1,ff,0,0,0,0,0,0,0,0,0,0,0,0,0,0,0,0,0,0,0,0,0,0,0,0,0,0,0,0,0,0,0,0,0,0,0,0,0,0,0,0,0,0,0,0,0,0,0,0,0,0,0,0,0,0,0,0,0,0,-1,0,0,0,0,-1,0,0,0,0,-1,0,0,0,0,-1,0,0,0,0,-1,0,0,0,0,-1,0,0,0,0,-1,0,0,0,0,-1,0,0,0,0,-1,0,0,0,0,-1,0,0,0,0,-1,0,0,0,0,-1,0,0,0,0,0,0,0,0,0,0,0
94,-1,ff,0,0,0,0,0,0,0,0,0,0,0,0,0,0,0,0,0,0,0,0,0,0,0,0,0,0,0,0,0,0,0,0,0,0,0,0,0,0,0,0,0,0,0,0,0,0,0,0,0,0,0,0,0,0,0,0,0,0,-1,0,0,0,0,-1,0,0,0,0,-1,0,0,0,0,-1,0,0,0,0,-1,0,0,0,0,-1,0,0,0,0,-1,0,0,0,0,-1,0,0,0,0,-1,0,0,0,0,-1,0,0,0,0,-1,0,0,0,0,-1,0,0,0,0,0,0,0,0,0,0,0
95,-1,ff,0,0,0,0,0,0,0,0,0,0,0,0,0,0,0,0,0,0,0,0,0,0,0,0,0,0,0,0,0,0,0,0,0,0,0,0,0,0,0,0,0,0,0,0,0,0,0,0,0,0,0,0,0,0,0,0,0,0,-1,0,0,0,0,-1,0,0,0,0,-1,0,0,0,0,-1,0,0,0,0,-1,0,0,0,0,-1,0,0,0,0,-1,0,0,0,0,-1,0,0,0,0,-1,0,0,0,0,-1,0,0,0,0,-1,0,0,0,0,-1,0,0,0,0,0,0,0,0,0,0,0
96,-1,ff,0,0,0,0,0,0,0,0,0,0,0,0,0,0,0,0,0,0,0,0,0,0,0,0,0,0,0,0,0,0,0,0,0,0,0,0,0,0,0,0,0,0,0,0,0,0,0,0,0,0,0,0,0,0,0,0,0,0,-1,0,0,0,0,-1,0,0,0,0,-1,0,0,0,0,-1,0,0,0,0,-1,0,0,0,0,-1,0,0,0,0,-1,0,0,0,0,-1,0,0,0,0,-1,0,0,0,0,-1,0,0,0,0,-1,0,0,0,0,-1,0,0,0,0,0,0,0,0,0,0,0
97,-1,ff,0,0,0,0,0,0,0,0,0,0,0,0,0,0,0,0,0,0,0,0,0,0,0,0,0,0,0,0,0,0,0,0,0,0,0,0,0,0,0,0,0,0,0,0,0,0,0,0,0,0,0,0,0,0,0,0,0,0,-1,0,0,0,0,-1,0,0,0,0,-1,0,0,0,0,-1,0,0,0,0,-1,0,0,0,0,-1,0,0,0,0,-1,0,0,0,0,-1,0,0,0,0,-1,0,0,0,0,-1,0,0,0,0,-1,0,0,0,0,-1,0,0,0,0,0,0,0,0,0,0,0
98,-1,ff,0,0,0,0,0,0,0,0,0,0,0,0,0,0,0,0,0,0,0,0,0,0,0,0,0,0,0,0,0,0,0,0,0,0,0,0,0,0,0,0,0,0,0,0,0,0,0,0,0,0,0,0,0,0,0,0,0,0,-1,0,0,0,0,-1,0,0,0,0,-1,0,0,0,0,-1,0,0,0,0,-1,0,0,0,0,-1,0,0,0,0,-1,0,0,0,0,-1,0,0,0,0,-1,0,0,0,0,-1,0,0,0,0,-1,0,0,0,0,-1,0,0,0,0,0,0,0,0,0,0,0
99,-1,ff,0,0,0,0,0,0,0,0,0,0,0,0,0,0,0,0,0,0,0,0,0,0,0,0,0,0,0,0,0,0,0,0,0,0,0,0,0,0,0,0,0,0,0,0,0,0,0,0,0,0,0,0,0,0,0,0,0,0,-1,0,0,0,0,-1,0,0,0,0,-1,0,0,0,0,-1,0,0,0,0,-1,0,0,0,0,-1,0,0,0,0,-1,0,0,0,0,-1,0,0,0,0,-1,0,0,0,0,-1,0,0,0,0,-1,0,0,0,0,-1,0,0,0,0,0,0,0,0,0,0,0
100,-1,ff,0,0,0,0,0,0,0,0,0,0,0,0,0,0,0,0,0,0,0,0,0,0,0,0,0,0,0,0,0,0,0,0,0,0,0,0,0,0,0,0,0,0,0,0,0,0,0,0,0,0,0,0,0,0,0,0,0,0,-1,0,0,0,0,-1,0,0,0,0,-1,0,0,0,0,-1,0,0,0,0,-1,0,0,0,0,-1,0,0,0,0,-1,0,0,0,0,-1,0,0,0,0,-1,0,0,0,0,-1,0,0,0,0,-1,0,0,0,0,-1,0,0,0,0,0,0,0,0,0,0,0
101,-1,ff,0,0,0,0,0,0,0,0,0,0,0,0,0,0,0,0,0,0,0,0,0,0,0,0,0,0,0,0,0,0,0,0,0,0,0,0,0,0,0,0,0,0,0,0,0,0,0,0,0,0,0,0,0,0,0,0,0,0,-1,0,0,0,0,-1,0,0,0,0,-1,0,0,0,0,-1,0,0,0,0,-1,0,0,0,0,-1,0,0,0,0,-1,0,0,0,0,-1,0,0,0,0,-1,0,0,0,0,-1,0,0,0,0,-1,0,0,0,0,-1,0,0,0,0,0,0,0,0,0,0,0
102,-1,ff,0,0,0,0,0,0,0,0,0,0,0,0,0,0,0,0,0,0,0,0,0,0,0,0,0,0,0,0,0,0,0,0,0,0,0,0,0,0,0,0,0,0,0,0,0,0,0,0,0,0,0,0,0,0,0,0,0,0,-1,0,0,0,0,-1,0,0,0,0,-1,0,0,0,0,-1,0,0,0,0,-1,0,0,0,0,-1,0,0,0,0,-1,0,0,0,0,-1,0,0,0,0,-1,0,0,0,0,-1,0,0,0,0,-1,0,0,0,0,-1,0,0,0,0,0,0,0,0,0,0,0
103,-1,ff,0,0,0,0,0,0,0,0,0,0,0,0,0,0,0,0,0,0,0,0,0,0,0,0,0,0,0,0,0,0,0,0,0,0,0,0,0,0,0,0,0,0,0,0,0,0,0,0,0,0,0,0,0,0,0,0,0,0,-1,0,0,0,0,-1,0,0,0,0,-1,0,0,0,0,-1,0,0,0,0,-1,0,0,0,0,-1,0,0,0,0,-1,0,0,0,0,-1,0,0,0,0,-1,0,0,0,0,-1,0,0,0,0,-1,0,0,0,0,-1,0,0,0,0,0,0,0,0,0,0,0
104,-1,ff,0,0,0,0,0,0,0,0,0,0,0,0,0,0,0,0,0,0,0,0,0,0,0,0,0,0,0,0,0,0,0,0,0,0,0,0,0,0,0,0,0,0,0,0,0,0,0,0,0,0,0,0,0,0,0,0,0,0,-1,0,0,0,0,-1,0,0,0,0,-1,0,0,0,0,-1,0,0,0,0,-1,0,0,0,0,-1,0,0,0,0,-1,0,0,0,0,-1,0,0,0,0,-1,0,0,0,0,-1,0,0,0,0,-1,0,0,0,0,-1,0,0,0,0,0,0,0,0,0,0,0
105,-1,ff,0,0,0,0,0,0,0,0,0,0,0,0,0,0,0,0,0,0,0,0,0,0,0,0,0,0,0,0,0,0,0,0,0,0,0,0,0,0,0,0,0,0,0,0,0,0,0,0,0,0,0,0,0,0,0,0,0,0,-1,0,0,0,0,-1,0,0,0,0,-1,0,0,0,0,-1,0,0,0,0,-1,0,0,0,0,-1,0,0,0,0,-1,0,0,0,0,-1,0,0,0,0,-1,0,0,0,0,-1,0,0,0,0,-1,0,0,0,0,-1,0,0,0,0,0,0,0,0,0,0,0
106,-1,ff,0,0,0,0,0,0,0,0,0,0,0,0,0,0,0,0,0,0,0,0,0,0,0,0,0,0,0,0,0,0,0,0,0,0,0,0,0,0,0,0,0,0,0,0,0,0,0,0,0,0,0,0,0,0,0,0,0,0,-1,0,0,0,0,-1,0,0,0,0,-1,0,0,0,0,-1,0,0,0,0,-1,0,0,0,0,-1,0,0,0,0,-1,0,0,0,0,-1,0,0,0,0,-1,0,0,0,0,-1,0,0,0,0,-1,0,0,0,0,-1,0,0,0,0,0,0,0,0,0,0,0
107,-1,ff,0,0,0,0,0,0,0,0,0,0,0,0,0,0,0,0,0,0,0,0,0,0,0,0,0,0,0,0,0,0,0,0,0,0,0,0,0,0,0,0,0,0,0,0,0,0,0,0,0,0,0,0,0,0,0,0,0,0,-1,0,0,0,0,-1,0,0,0,0,-1,0,0,0,0,-1,0,0,0,0,-1,0,0,0,0,-1,0,0,0,0,-1,0,0,0,0,-1,0,0,0,0,-1,0,0,0,0,-1,0,0,0,0,-1,0,0,0,0,-1,0,0,0,0,0,0,0,0,0,0,0
108,-1,ff,0,0,0,0,0,0,0,0,0,0,0,0,0,0,0,0,0,0,0,0,0,0,0,0,0,0,0,0,0,0,0,0,0,0,0,0,0,0,0,0,0,0,0,0,0,0,0,0,0,0,0,0,0,0,0,0,0,0,-1,0,0,0,0,-1,0,0,0,0,-1,0,0,0,0,-1,0,0,0,0,-1,0,0,0,0,-1,0,0,0,0,-1,0,0,0,0,-1,0,0,0,0,-1,0,0,0,0,-1,0,0,0,0,-1,0,0,0,0,-1,0,0,0,0,0,0,0,0,0,0,0
109,-1,ff,0,0,0,0,0,0,0,0,0,0,0,0,0,0,0,0,0,0,0,0,0,0,0,0,0,0,0,0,0,0,0,0,0,0,0,0,0,0,0,0,0,0,0,0,0,0,0,0,0,0,0,0,0,0,0,0,0,0,-1,0,0,0,0,-1,0,0,0,0,-1,0,0,0,0,-1,0,0,0,0,-1,0,0,0,0,-1,0,0,0,0,-1,0,0,0,0,-1,0,0,0,0,-1,0,0,0,0,-1,0,0,0,0,-1,0,0,0,0,-1,0,0,0,0,0,0,0,0,0,0,0
110,-1,ff,0,0,0,0,0,0,0,0,0,0,0,0,0,0,0,0,0,0,0,0,0,0,0,0,0,0,0,0,0,0,0,0,0,0,0,0,0,0,0,0,0,0,0,0,0,0,0,0,0,0,0,0,0,0,0,0,0,0,-1,0,0,0,0,-1,0,0,0,0,-1,0,0,0,0,-1,0,0,0,0,-1,0,0,0,0,-1,0,0,0,0,-1,0,0,0,0,-1,0,0,0,0,-1,0,0,0,0,-1,0,0,0,0,-1,0,0,0,0,-1,0,0,0,0,0,0,0,0,0,0,0
111,-1,ff,0,0,0,0,0,0,0,0,0,0,0,0,0,0,0,0,0,0,0,0,0,0,0,0,0,0,0,0,0,0,0,0,0,0,0,0,0,0,0,0,0,0,0,0,0,0,0,0,0,0,0,0,0,0,0,0,0,0,-1,0,0,0,0,-1,0,0,0,0,-1,0,0,0,0,-1,0,0,0,0,-1,0,0,0,0,-1,0,0,0,0,-1,0,0,0,0,-1,0,0,0,0,-1,0,0,0,0,-1,0,0,0,0,-1,0,0,0,0,-1,0,0,0,0,0,0,0,0,0,0,0
112,-1,ff,0,0,0,0,0,0,0,0,0,0,0,0,0,0,0,0,0,0,0,0,0,0,0,0,0,0,0,0,0,0,0,0,0,0,0,0,0,0,0,0,0,0,0,0,0,0,0,0,0,0,0,0,0,0,0,0,0,0,-1,0,0,0,0,-1,0,0,0,0,-1,0,0,0,0,-1,0,0,0,0,-1,0,0,0,0,-1,0,0,0,0,-1,0,0,0,0,-1,0,0,0,0,-1,0,0,0,0,-1,0,0,0,0,-1,0,0,0,0,-1,0,0,0,0,0,0,0,0,0,0,0
113,-1,ff,0,0,0,0,0,0,0,0,0,0,0,0,0,0,0,0,0,0,0,0,0,0,0,0,0,0,0,0,0,0,0,0,0,0,0,0,0,0,0,0,0,0,0,0,0,0,0,0,0,0,0,0,0,0,0,0,0,0,-1,0,0,0,0,-1,0,0,0,0,-1,0,0,0,0,-1,0,0,0,0,-1,0,0,0,0,-1,0,0,0,0,-1,0,0,0,0,-1,0,0,0,0,-1,0,0,0,0,-1,0,0,0,0,-1,0,0,0,0,-1,0,0,0,0,0,0,0,0,0,0,0
114,-1,ff,0,0,0,0,0,0,0,0,0,0,0,0,0,0,0,0,0,0,0,0,0,0,0,0,0,0,0,0,0,0,0,0,0,0,0,0,0,0,0,0,0,0,0,0,0,0,0,0,0,0,0,0,0,0,0,0,0,0,-1,0,0,0,0,-1,0,0,0,0,-1,0,0,0,0,-1,0,0,0,0,-1,0,0,0,0,-1,0,0,0,0,-1,0,0,0,0,-1,0,0,0,0,-1,0,0,0,0,-1,0,0,0,0,-1,0,0,0,0,-1,0,0,0,0,0,0,0,0,0,0,0
115,-1,ff,0,0,0,0,0,0,0,0,0,0,0,0,0,0,0,0,0,0,0,0,0,0,0,0,0,0,0,0,0,0,0,0,0,0,0,0,0,0,0,0,0,0,0,0,0,0,0,0,0,0,0,0,0,0,0,0,0,0,-1,0,0,0,0,-1,0,0,0,0,-1,0,0,0,0,-1,0,0,0,0,-1,0,0,0,0,-1,0,0,0,0,-1,0,0,0,0,-1,0,0,0,0,-1,0,0,0,0,-1,0,0,0,0,-1,0,0,0,0,-1,0,0,0,0,0,0,0,0,0,0,0
116,-1,ff,0,0,0,0,0,0,0,0,0,0,0,0,0,0,0,0,0,0,0,0,0,0,0,0,0,0,0,0,0,0,0,0,0,0,0,0,0,0,0,0,0,0,0,0,0,0,0,0,0,0,0,0,0,0,0,0,0,0,-1,0,0,0,0,-1,0,0,0,0,-1,0,0,0,0,-1,0,0,0,0,-1,0,0,0,0,-1,0,0,0,0,-1,0,0,0,0,-1,0,0,0,0,-1,0,0,0,0,-1,0,0,0,0,-1,0,0,0,0,-1,0,0,0,0,0,0,0,0,0,0,0
117,-1,ff,0,0,0,0,0,0,0,0,0,0,0,0,0,0,0,0,0,0,0,0,0,0,0,0,0,0,0,0,0,0,0,0,0,0,0,0,0,0,0,0,0,0,0,0,0,0,0,0,0,0,0,0,0,0,0,0,0,0,-1,0,0,0,0,-1,0,0,0,0,-1,0,0,0,0,-1,0,0,0,0,-1,0,0,0,0,-1,0,0,0,0,-1,0,0,0,0,-1,0,0,0,0,-1,0,0,0,0,-1,0,0,0,0,-1,0,0,0,0,-1,0,0,0,0,0,0,0,0,0,0,0
118,-1,ff,0,0,0,0,0,0,0,0,0,0,0,0,0,0,0,0,0,0,0,0,0,0,0,0,0,0,0,0,0,0,0,0,0,0,0,0,0,0,0,0,0,0,0,0,0,0,0,0,0,0,0,0,0,0,0,0,0,0,-1,0,0,0,0,-1,0,0,0,0,-1,0,0,0,0,-1,0,0,0,0,-1,0,0,0,0,-1,0,0,0,0,-1,0,0,0,0,-1,0,0,0,0,-1,0,0,0,0,-1,0,0,0,0,-1,0,0,0,0,-1,0,0,0,0,0,0,0,0,0,0,0
119,-1,ff,0,0,0,0,0,0,0,0,0,0,0,0,0,0,0,0,0,0,0,0,0,0,0,0,0,0,0,0,0,0,0,0,0,0,0,0,0,0,0,0,0,0,0,0,0,0,0,0,0,0,0,0,0,0,0,0,0,0,-1,0,0,0,0,-1,0,0,0,0,-1,0,0,0,0,-1,0,0,0,0,-1,0,0,0,0,-1,0,0,0,0,-1,0,0,0,0,-1,0,0,0,0,-1,0,0,0,0,-1,0,0,0,0,-1,0,0,0,0,-1,0,0,0,0,0,0,0,0,0,0,0
120,-1,ff,0,0,0,0,0,0,0,0,0,0,0,0,0,0,0,0,0,0,0,0,0,0,0,0,0,0,0,0,0,0,0,0,0,0,0,0,0,0,0,0,0,0,0,0,0,0,0,0,0,0,0,0,0,0,0,0,0,0,-1,0,0,0,0,-1,0,0,0,0,-1,0,0,0,0,-1,0,0,0,0,-1,0,0,0,0,-1,0,0,0,0,-1,0,0,0,0,-1,0,0,0,0,-1,0,0,0,0,-1,0,0,0,0,-1,0,0,0,0,-1,0,0,0,0,0,0,0,0,0,0,0
121,-1,ff,0,0,0,0,0,0,0,0,0,0,0,0,0,0,0,0,0,0,0,0,0,0,0,0,0,0,0,0,0,0,0,0,0,0,0,0,0,0,0,0,0,0,0,0,0,0,0,0,0,0,0,0,0,0,0,0,0,0,-1,0,0,0,0,-1,0,0,0,0,-1,0,0,0,0,-1,0,0,0,0,-1,0,0,0,0,-1,0,0,0,0,-1,0,0,0,0,-1,0,0,0,0,-1,0,0,0,0,-1,0,0,0,0,-1,0,0,0,0,-1,0,0,0,0,0,0,0,0,0,0,0
122,-1,ff,0,0,0,0,0,0,0,0,0,0,0,0,0,0,0,0,0,0,0,0,0,0,0,0,0,0,0,0,0,0,0,0,0,0,0,0,0,0,0,0,0,0,0,0,0,0,0,0,0,0,0,0,0,0,0,0,0,0,-1,0,0,0,0,-1,0,0,0,0,-1,0,0,0,0,-1,0,0,0,0,-1,0,0,0,0,-1,0,0,0,0,-1,0,0,0,0,-1,0,0,0,0,-1,0,0,0,0,-1,0,0,0,0,-1,0,0,0,0,-1,0,0,0,0,0,0,0,0,0,0,0
123,-1,ff,0,0,0,0,0,0,0,0,0,0,0,0,0,0,0,0,0,0,0,0,0,0,0,0,0,0,0,0,0,0,0,0,0,0,0,0,0,0,0,0,0,0,0,0,0,0,0,0,0,0,0,0,0,0,0,0,0,0,-1,0,0,0,0,-1,0,0,0,0,-1,0,0,0,0,-1,0,0,0,0,-1,0,0,0,0,-1,0,0,0,0,-1,0,0,0,0,-1,0,0,0,0,-1,0,0,0,0,-1,0,0,0,0,-1,0,0,0,0,-1,0,0,0,0,0,0,0,0,0,0,0
124,-1,ff,0,0,0,0,0,0,0,0,0,0,0,0,0,0,0,0,0,0,0,0,0,0,0,0,0,0,0,0,0,0,0,0,0,0,0,0,0,0,0,0,0,0,0,0,0,0,0,0,0,0,0,0,0,0,0,0,0,0,-1,0,0,0,0,-1,0,0,0,0,-1,0,0,0,0,-1,0,0,0,0,-1,0,0,0,0,-1,0,0,0,0,-1,0,0,0,0,-1,0,0,0,0,-1,0,0,0,0,-1,0,0,0,0,-1,0,0,0,0,-1,0,0,0,0,0,0,0,0,0,0,0
125,-1,ff,0,0,0,0,0,0,0,0,0,0,0,0,0,0,0,0,0,0,0,0,0,0,0,0,0,0,0,0,0,0,0,0,0,0,0,0,0,0,0,0,0,0,0,0,0,0,0,0,0,0,0,0,0,0,0,0,0,0,-1,0,0,0,0,-1,0,0,0,0,-1,0,0,0,0,-1,0,0,0,0,-1,0,0,0,0,-1,0,0,0,0,-1,0,0,0,0,-1,0,0,0,0,-1,0,0,0,0,-1,0,0,0,0,-1,0,0,0,0,-1,0,0,0,0,0,0,0,0,0,0,0
126,-1,ff,0,0,0,0,0,0,0,0,0,0,0,0,0,0,0,0,0,0,0,0,0,0,0,0,0,0,0,0,0,0,0,0,0,0,0,0,0,0,0,0,0,0,0,0,0,0,0,0,0,0,0,0,0,0,0,0,0,0,-1,0,0,0,0,-1,0,0,0,0,-1,0,0,0,0,-1,0,0,0,0,-1,0,0,0,0,-1,0,0,0,0,-1,0,0,0,0,-1,0,0,0,0,-1,0,0,0,0,-1,0,0,0,0,-1,0,0,0,0,-1,0,0,0,0,0,0,0,0,0,0,0
127,-1,ff,0,0,0,0,0,0,0,0,0,0,0,0,0,0,0,0,0,0,0,0,0,0,0,0,0,0,0,0,0,0,0,0,0,0,0,0,0,0,0,0,0,0,0,0,0,0,0,0,0,0,0,0,0,0,0,0,0,0,-1,0,0,0,0,-1,0,0,0,0,-1,0,0,0,0,-1,0,0,0,0,-1,0,0,0,0,-1,0,0,0,0,-1,0,0,0,0,-1,0,0,0,0,-1,0,0,0,0,-1,0,0,0,0,-1,0,0,0,0,-1,0,0,0,0,0,0,0,0,0,0,0
128,-1,ff,0,0,0,0,0,0,0,0,0,0,0,0,0,0,0,0,0,0,0,0,0,0,0,0,0,0,0,0,0,0,0,0,0,0,0,0,0,0,0,0,0,0,0,0,0,0,0,0,0,0,0,0,0,0,0,0,0,0,-1,0,0,0,0,-1,0,0,0,0,-1,0,0,0,0,-1,0,0,0,0,-1,0,0,0,0,-1,0,0,0,0,-1,0,0,0,0,-1,0,0,0,0,-1,0,0,0,0,-1,0,0,0,0,-1,0,0,0,0,-1,0,0,0,0,0,0,0,0,0,0,0
129,-1,ff,0,0,0,0,0,0,0,0,0,0,0,0,0,0,0,0,0,0,0,0,0,0,0,0,0,0,0,0,0,0,0,0,0,0,0,0,0,0,0,0,0,0,0,0,0,0,0,0,0,0,0,0,0,0,0,0,0,0,-1,0,0,0,0,-1,0,0,0,0,-1,0,0,0,0,-1,0,0,0,0,-1,0,0,0,0,-1,0,0,0,0,-1,0,0,0,0,-1,0,0,0,0,-1,0,0,0,0,-1,0,0,0,0,-1,0,0,0,0,-1,0,0,0,0,0,0,0,0,0,0,0
130,-1,ff,0,0,0,0,0,0,0,0,0,0,0,0,0,0,0,0,0,0,0,0,0,0,0,0,0,0,0,0,0,0,0,0,0,0,0,0,0,0,0,0,0,0,0,0,0,0,0,0,0,0,0,0,0,0,0,0,0,0,-1,0,0,0,0,-1,0,0,0,0,-1,0,0,0,0,-1,0,0,0,0,-1,0,0,0,0,-1,0,0,0,0,-1,0,0,0,0,-1,0,0,0,0,-1,0,0,0,0,-1,0,0,0,0,-1,0,0,0,0,-1,0,0,0,0,0,0,0,0,0,0,0
131,-1,ff,0,0,0,0,0,0,0,0,0,0,0,0,0,0,0,0,0,0,0,0,0,0,0,0,0,0,0,0,0,0,0,0,0,0,0,0,0,0,0,0,0,0,0,0,0,0,0,0,0,0,0,0,0,0,0,0,0,0,-1,0,0,0,0,-1,0,0,0,0,-1,0,0,0,0,-1,0,0,0,0,-1,0,0,0,0,-1,0,0,0,0,-1,0,0,0,0,-1,0,0,0,0,-1,0,0,0,0,-1,0,0,0,0,-1,0,0,0,0,-1,0,0,0,0,0,0,0,0,0,0,0
132,-1,ff,0,0,0,0,0,0,0,0,0,0,0,0,0,0,0,0,0,0,0,0,0,0,0,0,0,0,0,0,0,0,0,0,0,0,0,0,0,0,0,0,0,0,0,0,0,0,0,0,0,0,0,0,0,0,0,0,0,0,-1,0,0,0,0,-1,0,0,0,0,-1,0,0,0,0,-1,0,0,0,0,-1,0,0,0,0,-1,0,0,0,0,-1,0,0,0,0,-1,0,0,0,0,-1,0,0,0,0,-1,0,0,0,0,-1,0,0,0,0,-1,0,0,0,0,0,0,0,0,0,0,0
133,-1,ff,0,0,0,0,0,0,0,0,0,0,0,0,0,0,0,0,0,0,0,0,0,0,0,0,0,0,0,0,0,0,0,0,0,0,0,0,0,0,0,0,0,0,0,0,0,0,0,0,0,0,0,0,0,0,0,0,0,0,-1,0,0,0,0,-1,0,0,0,0,-1,0,0,0,0,-1,0,0,0,0,-1,0,0,0,0,-1,0,0,0,0,-1,0,0,0,0,-1,0,0,0,0,-1,0,0,0,0,-1,0,0,0,0,-1,0,0,0,0,-1,0,0,0,0,0,0,0,0,0,0,0
134,-1,ff,0,0,0,0,0,0,0,0,0,0,0,0,0,0,0,0,0,0,0,0,0,0,0,0,0,0,0,0,0,0,0,0,0,0,0,0,0,0,0,0,0,0,0,0,0,0,0,0,0,0,0,0,0,0,0,0,0,0,-1,0,0,0,0,-1,0,0,0,0,-1,0,0,0,0,-1,0,0,0,0,-1,0,0,0,0,-1,0,0,0,0,-1,0,0,0,0,-1,0,0,0,0,-1,0,0,0,0,-1,0,0,0,0,-1,0,0,0,0,-1,0,0,0,0,0,0,0,0,0,0,0
135,-1,ff,0,0,0,0,0,0,0,0,0,0,0,0,0,0,0,0,0,0,0,0,0,0,0,0,0,0,0,0,0,0,0,0,0,0,0,0,0,0,0,0,0,0,0,0,0,0,0,0,0,0,0,0,0,0,0,0,0,0,-1,0,0,0,0,-1,0,0,0,0,-1,0,0,0,0,-1,0,0,0,0,-1,0,0,0,0,-1,0,0,0,0,-1,0,0,0,0,-1,0,0,0,0,-1,0,0,0,0,-1,0,0,0,0,-1,0,0,0,0,-1,0,0,0,0,0,0,0,0,0,0,0
136,-1,ff,0,0,0,0,0,0,0,0,0,0,0,0,0,0,0,0,0,0,0,0,0,0,0,0,0,0,0,0,0,0,0,0,0,0,0,0,0,0,0,0,0,0,0,0,0,0,0,0,0,0,0,0,0,0,0,0,0,0,-1,0,0,0,0,-1,0,0,0,0,-1,0,0,0,0,-1,0,0,0,0,-1,0,0,0,0,-1,0,0,0,0,-1,0,0,0,0,-1,0,0,0,0,-1,0,0,0,0,-1,0,0,0,0,-1,0,0,0,0,-1,0,0,0,0,0,0,0,0,0,0,0
137,-1,ff,0,0,0,0,0,0,0,0,0,0,0,0,0,0,0,0,0,0,0,0,0,0,0,0,0,0,0,0,0,0,0,0,0,0,0,0,0,0,0,0,0,0,0,0,0,0,0,0,0,0,0,0,0,0,0,0,0,0,-1,0,0,0,0,-1,0,0,0,0,-1,0,0,0,0,-1,0,0,0,0,-1,0,0,0,0,-1,0,0,0,0,-1,0,0,0,0,-1,0,0,0,0,-1,0,0,0,0,-1,0,0,0,0,-1,0,0,0,0,-1,0,0,0,0,0,0,0,0,0,0,0
138,-1,ff,0,0,0,0,0,0,0,0,0,0,0,0,0,0,0,0,0,0,0,0,0,0,0,0,0,0,0,0,0,0,0,0,0,0,0,0,0,0,0,0,0,0,0,0,0,0,0,0,0,0,0,0,0,0,0,0,0,0,-1,0,0,0,0,-1,0,0,0,0,-1,0,0,0,0,-1,0,0,0,0,-1,0,0,0,0,-1,0,0,0,0,-1,0,0,0,0,-1,0,0,0,0,-1,0,0,0,0,-1,0,0,0,0,-1,0,0,0,0,-1,0,0,0,0,0,0,0,0,0,0,0
139,-1,ff,0,0,0,0,0,0,0,0,0,0,0,0,0,0,0,0,0,0,0,0,0,0,0,0,0,0,0,0,0,0,0,0,0,0,0,0,0,0,0,0,0,0,0,0,0,0,0,0,0,0,0,0,0,0,0,0,0,0,-1,0,0,0,0,-1,0,0,0,0,-1,0,0,0,0,-1,0,0,0,0,-1,0,0,0,0,-1,0,0,0,0,-1,0,0,0,0,-1,0,0,0,0,-1,0,0,0,0,-1,0,0,0,0,-1,0,0,0,0,-1,0,0,0,0,0,0,0,0,0,0,0
140,-1,ff,0,0,0,0,0,0,0,0,0,0,0,0,0,0,0,0,0,0,0,0,0,0,0,0,0,0,0,0,0,0,0,0,0,0,0,0,0,0,0,0,0,0,0,0,0,0,0,0,0,0,0,0,0,0,0,0,0,0,-1,0,0,0,0,-1,0,0,0,0,-1,0,0,0,0,-1,0,0,0,0,-1,0,0,0,0,-1,0,0,0,0,-1,0,0,0,0,-1,0,0,0,0,-1,0,0,0,0,-1,0,0,0,0,-1,0,0,0,0,-1,0,0,0,0,0,0,0,0,0,0,0
141,-1,ff,0,0,0,0,0,0,0,0,0,0,0,0,0,0,0,0,0,0,0,0,0,0,0,0,0,0,0,0,0,0,0,0,0,0,0,0,0,0,0,0,0,0,0,0,0,0,0,0,0,0,0,0,0,0,0,0,0,0,-1,0,0,0,0,-1,0,0,0,0,-1,0,0,0,0,-1,0,0,0,0,-1,0,0,0,0,-1,0,0,0,0,-1,0,0,0,0,-1,0,0,0,0,-1,0,0,0,0,-1,0,0,0,0,-1,0,0,0,0,-1,0,0,0,0,0,0,0,0,0,0,0
142,-1,ff,0,0,0,0,0,0,0,0,0,0,0,0,0,0,0,0,0,0,0,0,0,0,0,0,0,0,0,0,0,0,0,0,0,0,0,0,0,0,0,0,0,0,0,0,0,0,0,0,0,0,0,0,0,0,0,0,0,0,-1,0,0,0,0,-1,0,0,0,0,-1,0,0,0,0,-1,0,0,0,0,-1,0,0,0,0,-1,0,0,0,0,-1,0,0,0,0,-1,0,0,0,0,-1,0,0,0,0,-1,0,0,0,0,-1,0,0,0,0,-1,0,0,0,0,0,0,0,0,0,0,0
143,-1,ff,0,0,0,0,0,0,0,0,0,0,0,0,0,0,0,0,0,0,0,0,0,0,0,0,0,0,0,0,0,0,0,0,0,0,0,0,0,0,0,0,0,0,0,0,0,0,0,0,0,0,0,0,0,0,0,0,0,0,-1,0,0,0,0,-1,0,0,0,0,-1,0,0,0,0,-1,0,0,0,0,-1,0,0,0,0,-1,0,0,0,0,-1,0,0,0,0,-1,0,0,0,0,-1,0,0,0,0,-1,0,0,0,0,-1,0,0,0,0,-1,0,0,0,0,0,0,0,0,0,0,0
144,-1,ff,0,0,0,0,0,0,0,0,0,0,0,0,0,0,0,0,0,0,0,0,0,0,0,0,0,0,0,0,0,0,0,0,0,0,0,0,0,0,0,0,0,0,0,0,0,0,0,0,0,0,0,0,0,0,0,0,0,0,-1,0,0,0,0,-1,0,0,0,0,-1,0,0,0,0,-1,0,0,0,0,-1,0,0,0,0,-1,0,0,0,0,-1,0,0,0,0,-1,0,0,0,0,-1,0,0,0,0,-1,0,0,0,0,-1,0,0,0,0,-1,0,0,0,0,0,0,0,0,0,0,0
145,-1,ff,0,0,0,0,0,0,0,0,0,0,0,0,0,0,0,0,0,0,0,0,0,0,0,0,0,0,0,0,0,0,0,0,0,0,0,0,0,0,0,0,0,0,0,0,0,0,0,0,0,0,0,0,0,0,0,0,0,0,-1,0,0,0,0,-1,0,0,0,0,-1,0,0,0,0,-1,0,0,0,0,-1,0,0,0,0,-1,0,0,0,0,-1,0,0,0,0,-1,0,0,0,0,-1,0,0,0,0,-1,0,0,0,0,-1,0,0,0,0,-1,0,0,0,0,0,0,0,0,0,0,0
146,-1,ff,0,0,0,0,0,0,0,0,0,0,0,0,0,0,0,0,0,0,0,0,0,0,0,0,0,0,0,0,0,0,0,0,0,0,0,0,0,0,0,0,0,0,0,0,0,0,0,0,0,0,0,0,0,0,0,0,0,0,-1,0,0,0,0,-1,0,0,0,0,-1,0,0,0,0,-1,0,0,0,0,-1,0,0,0,0,-1,0,0,0,0,-1,0,0,0,0,-1,0,0,0,0,-1,0,0,0,0,-1,0,0,0,0,-1,0,0,0,0,-1,0,0,0,0,0,0,0,0,0,0,0
147,-1,ff,0,0,0,0,0,0,0,0,0,0,0,0,0,0,0,0,0,0,0,0,0,0,0,0,0,0,0,0,0,0,0,0,0,0,0,0,0,0,0,0,0,0,0,0,0,0,0,0,0,0,0,0,0,0,0,0,0,0,-1,0,0,0,0,-1,0,0,0,0,-1,0,0,0,0,-1,0,0,0,0,-1,0,0,0,0,-1,0,0,0,0,-1,0,0,0,0,-1,0,0,0,0,-1,0,0,0,0,-1,0,0,0,0,-1,0,0,0,0,-1,0,0,0,0,0,0,0,0,0,0,0
148,-1,ff,0,0,0,0,0,0,0,0,0,0,0,0,0,0,0,0,0,0,0,0,0,0,0,0,0,0,0,0,0,0,0,0,0,0,0,0,0,0,0,0,0,0,0,0,0,0,0,0,0,0,0,0,0,0,0,0,0,0,-1,0,0,0,0,-1,0,0,0,0,-1,0,0,0,0,-1,0,0,0,0,-1,0,0,0,0,-1,0,0,0,0,-1,0,0,0,0,-1,0,0,0,0,-1,0,0,0,0,-1,0,0,0,0,-1,0,0,0,0,-1,0,0,0,0,0,0,0,0,0,0,0
149,-1,ff,0,0,0,0,0,0,0,0,0,0,0,0,0,0,0,0,0,0,0,0,0,0,0,0,0,0,0,0,0,0,0,0,0,0,0,0,0,0,0,0,0,0,0,0,0,0,0,0,0,0,0,0,0,0,0,0,0,0,-1,0,0,0,0,-1,0,0,0,0,-1,0,0,0,0,-1,0,0,0,0,-1,0,0,0,0,-1,0,0,0,0,-1,0,0,0,0,-1,0,0,0,0,-1,0,0,0,0,-1,0,0,0,0,-1,0,0,0,0,-1,0,0,0,0,0,0,0,0,0,0,0
150,-1,ff,0,0,0,0,0,0,0,0,0,0,0,0,0,0,0,0,0,0,0,0,0,0,0,0,0,0,0,0,0,0,0,0,0,0,0,0,0,0,0,0,0,0,0,0,0,0,0,0,0,0,0,0,0,0,0,0,0,0,-1,0,0,0,0,-1,0,0,0,0,-1,0,0,0,0,-1,0,0,0,0,-1,0,0,0,0,-1,0,0,0,0,-1,0,0,0,0,-1,0,0,0,0,-1,0,0,0,0,-1,0,0,0,0,-1,0,0,0,0,-1,0,0,0,0,0,0,0,0,0,0,0
151,-1,ff,0,0,0,0,0,0,0,0,0,0,0,0,0,0,0,0,0,0,0,0,0,0,0,0,0,0,0,0,0,0,0,0,0,0,0,0,0,0,0,0,0,0,0,0,0,0,0,0,0,0,0,0,0,0,0,0,0,0,-1,0,0,0,0,-1,0,0,0,0,-1,0,0,0,0,-1,0,0,0,0,-1,0,0,0,0,-1,0,0,0,0,-1,0,0,0,0,-1,0,0,0,0,-1,0,0,0,0,-1,0,0,0,0,-1,0,0,0,0,-1,0,0,0,0,0,0,0,0,0,0,0
152,-1,ff,0,0,0,0,0,0,0,0,0,0,0,0,0,0,0,0,0,0,0,0,0,0,0,0,0,0,0,0,0,0,0,0,0,0,0,0,0,0,0,0,0,0,0,0,0,0,0,0,0,0,0,0,0,0,0,0,0,0,-1,0,0,0,0,-1,0,0,0,0,-1,0,0,0,0,-1,0,0,0,0,-1,0,0,0,0,-1,0,0,0,0,-1,0,0,0,0,-1,0,0,0,0,-1,0,0,0,0,-1,0,0,0,0,-1,0,0,0,0,-1,0,0,0,0,0,0,0,0,0,0,0
153,-1,ff,0,0,0,0,0,0,0,0,0,0,0,0,0,0,0,0,0,0,0,0,0,0,0,0,0,0,0,0,0,0,0,0,0,0,0,0,0,0,0,0,0,0,0,0,0,0,0,0,0,0,0,0,0,0,0,0,0,0,-1,0,0,0,0,-1,0,0,0,0,-1,0,0,0,0,-1,0,0,0,0,-1,0,0,0,0,-1,0,0,0,0,-1,0,0,0,0,-1,0,0,0,0,-1,0,0,0,0,-1,0,0,0,0,-1,0,0,0,0,-1,0,0,0,0,0,0,0,0,0,0,0
154,-1,ff,0,0,0,0,0,0,0,0,0,0,0,0,0,0,0,0,0,0,0,0,0,0,0,0,0,0,0,0,0,0,0,0,0,0,0,0,0,0,0,0,0,0,0,0,0,0,0,0,0,0,0,0,0,0,0,0,0,0,-1,0,0,0,0,-1,0,0,0,0,-1,0,0,0,0,-1,0,0,0,0,-1,0,0,0,0,-1,0,0,0,0,-1,0,0,0,0,-1,0,0,0,0,-1,0,0,0,0,-1,0,0,0,0,-1,0,0,0,0,-1,0,0,0,0,0,0,0,0,0,0,0
155,-1,ff,0,0,0,0,0,0,0,0,0,0,0,0,0,0,0,0,0,0,0,0,0,0,0,0,0,0,0,0,0,0,0,0,0,0,0,0,0,0,0,0,0,0,0,0,0,0,0,0,0,0,0,0,0,0,0,0,0,0,-1,0,0,0,0,-1,0,0,0,0,-1,0,0,0,0,-1,0,0,0,0,-1,0,0,0,0,-1,0,0,0,0,-1,0,0,0,0,-1,0,0,0,0,-1,0,0,0,0,-1,0,0,0,0,-1,0,0,0,0,-1,0,0,0,0,0,0,0,0,0,0,0
156,-1,ff,0,0,0,0,0,0,0,0,0,0,0,0,0,0,0,0,0,0,0,0,0,0,0,0,0,0,0,0,0,0,0,0,0,0,0,0,0,0,0,0,0,0,0,0,0,0,0,0,0,0,0,0,0,0,0,0,0,0,-1,0,0,0,0,-1,0,0,0,0,-1,0,0,0,0,-1,0,0,0,0,-1,0,0,0,0,-1,0,0,0,0,-1,0,0,0,0,-1,0,0,0,0,-1,0,0,0,0,-1,0,0,0,0,-1,0,0,0,0,-1,0,0,0,0,0,0,0,0,0,0,0
157,-1,ff,0,0,0,0,0,0,0,0,0,0,0,0,0,0,0,0,0,0,0,0,0,0,0,0,0,0,0,0,0,0,0,0,0,0,0,0,0,0,0,0,0,0,0,0,0,0,0,0,0,0,0,0,0,0,0,0,0,0,-1,0,0,0,0,-1,0,0,0,0,-1,0,0,0,0,-1,0,0,0,0,-1,0,0,0,0,-1,0,0,0,0,-1,0,0,0,0,-1,0,0,0,0,-1,0,0,0,0,-1,0,0,0,0,-1,0,0,0,0,-1,0,0,0,0,0,0,0,0,0,0,0
158,-1,ff,0,0,0,0,0,0,0,0,0,0,0,0,0,0,0,0,0,0,0,0,0,0,0,0,0,0,0,0,0,0,0,0,0,0,0,0,0,0,0,0,0,0,0,0,0,0,0,0,0,0,0,0,0,0,0,0,0,0,-1,0,0,0,0,-1,0,0,0,0,-1,0,0,0,0,-1,0,0,0,0,-1,0,0,0,0,-1,0,0,0,0,-1,0,0,0,0,-1,0,0,0,0,-1,0,0,0,0,-1,0,0,0,0,-1,0,0,0,0,-1,0,0,0,0,0,0,0,0,0,0,0
159,-1,ff,0,0,0,0,0,0,0,0,0,0,0,0,0,0,0,0,0,0,0,0,0,0,0,0,0,0,0,0,0,0,0,0,0,0,0,0,0,0,0,0,0,0,0,0,0,0,0,0,0,0,0,0,0,0,0,0,0,0,-1,0,0,0,0,-1,0,0,0,0,-1,0,0,0,0,-1,0,0,0,0,-1,0,0,0,0,-1,0,0,0,0,-1,0,0,0,0,-1,0,0,0,0,-1,0,0,0,0,-1,0,0,0,0,-1,0,0,0,0,-1,0,0,0,0,0,0,0,0,0,0,0
160,-1,ff,0,0,0,0,0,0,0,0,0,0,0,0,0,0,0,0,0,0,0,0,0,0,0,0,0,0,0,0,0,0,0,0,0,0,0,0,0,0,0,0,0,0,0,0,0,0,0,0,0,0,0,0,0,0,0,0,0,0,-1,0,0,0,0,-1,0,0,0,0,-1,0,0,0,0,-1,0,0,0,0,-1,0,0,0,0,-1,0,0,0,0,-1,0,0,0,0,-1,0,0,0,0,-1,0,0,0,0,-1,0,0,0,0,-1,0,0,0,0,-1,0,0,0,0,0,0,0,0,0,0,0
161,-1,ff,0,0,0,0,0,0,0,0,0,0,0,0,0,0,0,0,0,0,0,0,0,0,0,0,0,0,0,0,0,0,0,0,0,0,0,0,0,0,0,0,0,0,0,0,0,0,0,0,0,0,0,0,0,0,0,0,0,0,-1,0,0,0,0,-1,0,0,0,0,-1,0,0,0,0,-1,0,0,0,0,-1,0,0,0,0,-1,0,0,0,0,-1,0,0,0,0,-1,0,0,0,0,-1,0,0,0,0,-1,0,0,0,0,-1,0,0,0,0,-1,0,0,0,0,0,0,0,0,0,0,0
162,-1,ff,0,0,0,0,0,0,0,0,0,0,0,0,0,0,0,0,0,0,0,0,0,0,0,0,0,0,0,0,0,0,0,0,0,0,0,0,0,0,0,0,0,0,0,0,0,0,0,0,0,0,0,0,0,0,0,0,0,0,-1,0,0,0,0,-1,0,0,0,0,-1,0,0,0,0,-1,0,0,0,0,-1,0,0,0,0,-1,0,0,0,0,-1,0,0,0,0,-1,0,0,0,0,-1,0,0,0,0,-1,0,0,0,0,-1,0,0,0,0,-1,0,0,0,0,0,0,0,0,0,0,0
163,-1,ff,0,0,0,0,0,0,0,0,0,0,0,0,0,0,0,0,0,0,0,0,0,0,0,0,0,0,0,0,0,0,0,0,0,0,0,0,0,0,0,0,0,0,0,0,0,0,0,0,0,0,0,0,0,0,0,0,0,0,-1,0,0,0,0,-1,0,0,0,0,-1,0,0,0,0,-1,0,0,0,0,-1,0,0,0,0,-1,0,0,0,0,-1,0,0,0,0,-1,0,0,0,0,-1,0,0,0,0,-1,0,0,0,0,-1,0,0,0,0,-1,0,0,0,0,0,0,0,0,0,0,0
164,-1,ff,0,0,0,0,0,0,0,0,0,0,0,0,0,0,0,0,0,0,0,0,0,0,0,0,0,0,0,0,0,0,0,0,0,0,0,0,0,0,0,0,0,0,0,0,0,0,0,0,0,0,0,0,0,0,0,0,0,0,-1,0,0,0,0,-1,0,0,0,0,-1,0,0,0,0,-1,0,0,0,0,-1,0,0,0,0,-1,0,0,0,0,-1,0,0,0,0,-1,0,0,0,0,-1,0,0,0,0,-1,0,0,0,0,-1,0,0,0,0,-1,0,0,0,0,0,0,0,0,0,0,0
165,-1,ff,0,0,0,0,0,0,0,0,0,0,0,0,0,0,0,0,0,0,0,0,0,0,0,0,0,0,0,0,0,0,0,0,0,0,0,0,0,0,0,0,0,0,0,0,0,0,0,0,0,0,0,0,0,0,0,0,0,0,-1,0,0,0,0,-1,0,0,0,0,-1,0,0,0,0,-1,0,0,0,0,-1,0,0,0,0,-1,0,0,0,0,-1,0,0,0,0,-1,0,0,0,0,-1,0,0,0,0,-1,0,0,0,0,-1,0,0,0,0,-1,0,0,0,0,0,0,0,0,0,0,0
166,-1,ff,0,0,0,0,0,0,0,0,0,0,0,0,0,0,0,0,0,0,0,0,0,0,0,0,0,0,0,0,0,0,0,0,0,0,0,0,0,0,0,0,0,0,0,0,0,0,0,0,0,0,0,0,0,0,0,0,0,0,-1,0,0,0,0,-1,0,0,0,0,-1,0,0,0,0,-1,0,0,0,0,-1,0,0,0,0,-1,0,0,0,0,-1,0,0,0,0,-1,0,0,0,0,-1,0,0,0,0,-1,0,0,0,0,-1,0,0,0,0,-1,0,0,0,0,0,0,0,0,0,0,0
167,-1,ff,0,0,0,0,0,0,0,0,0,0,0,0,0,0,0,0,0,0,0,0,0,0,0,0,0,0,0,0,0,0,0,0,0,0,0,0,0,0,0,0,0,0,0,0,0,0,0,0,0,0,0,0,0,0,0,0,0,0,-1,0,0,0,0,-1,0,0,0,0,-1,0,0,0,0,-1,0,0,0,0,-1,0,0,0,0,-1,0,0,0,0,-1,0,0,0,0,-1,0,0,0,0,-1,0,0,0,0,-1,0,0,0,0,-1,0,0,0,0,-1,0,0,0,0,0,0,0,0,0,0,0
168,-1,ff,0,0,0,0,0,0,0,0,0,0,0,0,0,0,0,0,0,0,0,0,0,0,0,0,0,0,0,0,0,0,0,0,0,0,0,0,0,0,0,0,0,0,0,0,0,0,0,0,0,0,0,0,0,0,0,0,0,0,-1,0,0,0,0,-1,0,0,0,0,-1,0,0,0,0,-1,0,0,0,0,-1,0,0,0,0,-1,0,0,0,0,-1,0,0,0,0,-1,0,0,0,0,-1,0,0,0,0,-1,0,0,0,0,-1,0,0,0,0,-1,0,0,0,0,0,0,0,0,0,0,0
169,-1,ff,0,0,0,0,0,0,0,0,0,0,0,0,0,0,0,0,0,0,0,0,0,0,0,0,0,0,0,0,0,0,0,0,0,0,0,0,0,0,0,0,0,0,0,0,0,0,0,0,0,0,0,0,0,0,0,0,0,0,-1,0,0,0,0,-1,0,0,0,0,-1,0,0,0,0,-1,0,0,0,0,-1,0,0,0,0,-1,0,0,0,0,-1,0,0,0,0,-1,0,0,0,0,-1,0,0,0,0,-1,0,0,0,0,-1,0,0,0,0,-1,0,0,0,0,0,0,0,0,0,0,0
170,-1,ff,0,0,0,0,0,0,0,0,0,0,0,0,0,0,0,0,0,0,0,0,0,0,0,0,0,0,0,0,0,0,0,0,0,0,0,0,0,0,0,0,0,0,0,0,0,0,0,0,0,0,0,0,0,0,0,0,0,0,-1,0,0,0,0,-1,0,0,0,0,-1,0,0,0,0,-1,0,0,0,0,-1,0,0,0,0,-1,0,0,0,0,-1,0,0,0,0,-1,0,0,0,0,-1,0,0,0,0,-1,0,0,0,0,-1,0,0,0,0,-1,0,0,0,0,0,0,0,0,0,0,0
171,-1,ff,0,0,0,0,0,0,0,0,0,0,0,0,0,0,0,0,0,0,0,0,0,0,0,0,0,0,0,0,0,0,0,0,0,0,0,0,0,0,0,0,0,0,0,0,0,0,0,0,0,0,0,0,0,0,0,0,0,0,-1,0,0,0,0,-1,0,0,0,0,-1,0,0,0,0,-1,0,0,0,0,-1,0,0,0,0,-1,0,0,0,0,-1,0,0,0,0,-1,0,0,0,0,-1,0,0,0,0,-1,0,0,0,0,-1,0,0,0,0,-1,0,0,0,0,0,0,0,0,0,0,0
172,-1,ff,0,0,0,0,0,0,0,0,0,0,0,0,0,0,0,0,0,0,0,0,0,0,0,0,0,0,0,0,0,0,0,0,0,0,0,0,0,0,0,0,0,0,0,0,0,0,0,0,0,0,0,0,0,0,0,0,0,0,-1,0,0,0,0,-1,0,0,0,0,-1,0,0,0,0,-1,0,0,0,0,-1,0,0,0,0,-1,0,0,0,0,-1,0,0,0,0,-1,0,0,0,0,-1,0,0,0,0,-1,0,0,0,0,-1,0,0,0,0,-1,0,0,0,0,0,0,0,0,0,0,0
173,-1,ff,0,0,0,0,0,0,0,0,0,0,0,0,0,0,0,0,0,0,0,0,0,0,0,0,0,0,0,0,0,0,0,0,0,0,0,0,0,0,0,0,0,0,0,0,0,0,0,0,0,0,0,0,0,0,0,0,0,0,-1,0,0,0,0,-1,0,0,0,0,-1,0,0,0,0,-1,0,0,0,0,-1,0,0,0,0,-1,0,0,0,0,-1,0,0,0,0,-1,0,0,0,0,-1,0,0,0,0,-1,0,0,0,0,-1,0,0,0,0,-1,0,0,0,0,0,0,0,0,0,0,0
174,-1,ff,0,0,0,0,0,0,0,0,0,0,0,0,0,0,0,0,0,0,0,0,0,0,0,0,0,0,0,0,0,0,0,0,0,0,0,0,0,0,0,0,0,0,0,0,0,0,0,0,0,0,0,0,0,0,0,0,0,0,-1,0,0,0,0,-1,0,0,0,0,-1,0,0,0,0,-1,0,0,0,0,-1,0,0,0,0,-1,0,0,0,0,-1,0,0,0,0,-1,0,0,0,0,-1,0,0,0,0,-1,0,0,0,0,-1,0,0,0,0,-1,0,0,0,0,0,0,0,0,0,0,0
175,-1,ff,0,0,0,0,0,0,0,0,0,0,0,0,0,0,0,0,0,0,0,0,0,0,0,0,0,0,0,0,0,0,0,0,0,0,0,0,0,0,0,0,0,0,0,0,0,0,0,0,0,0,0,0,0,0,0,0,0,0,-1,0,0,0,0,-1,0,0,0,0,-1,0,0,0,0,-1,0,0,0,0,-1,0,0,0,0,-1,0,0,0,0,-1,0,0,0,0,-1,0,0,0,0,-1,0,0,0,0,-1,0,0,0,0,-1,0,0,0,0,-1,0,0,0,0,0,0,0,0,0,0,0
176,-1,ff,0,0,0,0,0,0,0,0,0,0,0,0,0,0,0,0,0,0,0,0,0,0,0,0,0,0,0,0,0,0,0,0,0,0,0,0,0,0,0,0,0,0,0,0,0,0,0,0,0,0,0,0,0,0,0,0,0,0,-1,0,0,0,0,-1,0,0,0,0,-1,0,0,0,0,-1,0,0,0,0,-1,0,0,0,0,-1,0,0,0,0,-1,0,0,0,0,-1,0,0,0,0,-1,0,0,0,0,-1,0,0,0,0,-1,0,0,0,0,-1,0,0,0,0,0,0,0,0,0,0,0
177,-1,ff,0,0,0,0,0,0,0,0,0,0,0,0,0,0,0,0,0,0,0,0,0,0,0,0,0,0,0,0,0,0,0,0,0,0,0,0,0,0,0,0,0,0,0,0,0,0,0,0,0,0,0,0,0,0,0,0,0,0,-1,0,0,0,0,-1,0,0,0,0,-1,0,0,0,0,-1,0,0,0,0,-1,0,0,0,0,-1,0,0,0,0,-1,0,0,0,0,-1,0,0,0,0,-1,0,0,0,0,-1,0,0,0,0,-1,0,0,0,0,-1,0,0,0,0,0,0,0,0,0,0,0
178,-1,ff,0,0,0,0,0,0,0,0,0,0,0,0,0,0,0,0,0,0,0,0,0,0,0,0,0,0,0,0,0,0,0,0,0,0,0,0,0,0,0,0,0,0,0,0,0,0,0,0,0,0,0,0,0,0,0,0,0,0,-1,0,0,0,0,-1,0,0,0,0,-1,0,0,0,0,-1,0,0,0,0,-1,0,0,0,0,-1,0,0,0,0,-1,0,0,0,0,-1,0,0,0,0,-1,0,0,0,0,-1,0,0,0,0,-1,0,0,0,0,-1,0,0,0,0,0,0,0,0,0,0,0
179,-1,ff,0,0,0,0,0,0,0,0,0,0,0,0,0,0,0,0,0,0,0,0,0,0,0,0,0,0,0,0,0,0,0,0,0,0,0,0,0,0,0,0,0,0,0,0,0,0,0,0,0,0,0,0,0,0,0,0,0,0,-1,0,0,0,0,-1,0,0,0,0,-1,0,0,0,0,-1,0,0,0,0,-1,0,0,0,0,-1,0,0,0,0,-1,0,0,0,0,-1,0,0,0,0,-1,0,0,0,0,-1,0,0,0,0,-1,0,0,0,0,-1,0,0,0,0,0,0,0,0,0,0,0
180,-1,ff,0,0,0,0,0,0,0,0,0,0,0,0,0,0,0,0,0,0,0,0,0,0,0,0,0,0,0,0,0,0,0,0,0,0,0,0,0,0,0,0,0,0,0,0,0,0,0,0,0,0,0,0,0,0,0,0,0,0,-1,0,0,0,0,-1,0,0,0,0,-1,0,0,0,0,-1,0,0,0,0,-1,0,0,0,0,-1,0,0,0,0,-1,0,0,0,0,-1,0,0,0,0,-1,0,0,0,0,-1,0,0,0,0,-1,0,0,0,0,-1,0,0,0,0,0,0,0,0,0,0,0
181,-1,ff,0,0,0,0,0,0,0,0,0,0,0,0,0,0,0,0,0,0,0,0,0,0,0,0,0,0,0,0,0,0,0,0,0,0,0,0,0,0,0,0,0,0,0,0,0,0,0,0,0,0,0,0,0,0,0,0,0,0,-1,0,0,0,0,-1,0,0,0,0,-1,0,0,0,0,-1,0,0,0,0,-1,0,0,0,0,-1,0,0,0,0,-1,0,0,0,0,-1,0,0,0,0,-1,0,0,0,0,-1,0,0,0,0,-1,0,0,0,0,-1,0,0,0,0,0,0,0,0,0,0,0
182,-1,ff,0,0,0,0,0,0,0,0,0,0,0,0,0,0,0,0,0,0,0,0,0,0,0,0,0,0,0,0,0,0,0,0,0,0,0,0,0,0,0,0,0,0,0,0,0,0,0,0,0,0,0,0,0,0,0,0,0,0,-1,0,0,0,0,-1,0,0,0,0,-1,0,0,0,0,-1,0,0,0,0,-1,0,0,0,0,-1,0,0,0,0,-1,0,0,0,0,-1,0,0,0,0,-1,0,0,0,0,-1,0,0,0,0,-1,0,0,0,0,-1,0,0,0,0,0,0,0,0,0,0,0
183,-1,ff,0,0,0,0,0,0,0,0,0,0,0,0,0,0,0,0,0,0,0,0,0,0,0,0,0,0,0,0,0,0,0,0,0,0,0,0,0,0,0,0,0,0,0,0,0,0,0,0,0,0,0,0,0,0,0,0,0,0,-1,0,0,0,0,-1,0,0,0,0,-1,0,0,0,0,-1,0,0,0,0,-1,0,0,0,0,-1,0,0,0,0,-1,0,0,0,0,-1,0,0,0,0,-1,0,0,0,0,-1,0,0,0,0,-1,0,0,0,0,-1,0,0,0,0,0,0,0,0,0,0,0
184,-1,ff,0,0,0,0,0,0,0,0,0,0,0,0,0,0,0,0,0,0,0,0,0,0,0,0,0,0,0,0,0,0,0,0,0,0,0,0,0,0,0,0,0,0,0,0,0,0,0,0,0,0,0,0,0,0,0,0,0,0,-1,0,0,0,0,-1,0,0,0,0,-1,0,0,0,0,-1,0,0,0,0,-1,0,0,0,0,-1,0,0,0,0,-1,0,0,0,0,-1,0,0,0,0,-1,0,0,0,0,-1,0,0,0,0,-1,0,0,0,0,-1,0,0,0,0,0,0,0,0,0,0,0
185,-1,ff,0,0,0,0,0,0,0,0,0,0,0,0,0,0,0,0,0,0,0,0,0,0,0,0,0,0,0,0,0,0,0,0,0,0,0,0,0,0,0,0,0,0,0,0,0,0,0,0,0,0,0,0,0,0,0,0,0,0,-1,0,0,0,0,-1,0,0,0,0,-1,0,0,0,0,-1,0,0,0,0,-1,0,0,0,0,-1,0,0,0,0,-1,0,0,0,0,-1,0,0,0,0,-1,0,0,0,0,-1,0,0,0,0,-1,0,0,0,0,-1,0,0,0,0,0,0,0,0,0,0,0
186,-1,ff,0,0,0,0,0,0,0,0,0,0,0,0,0,0,0,0,0,0,0,0,0,0,0,0,0,0,0,0,0,0,0,0,0,0,0,0,0,0,0,0,0,0,0,0,0,0,0,0,0,0,0,0,0,0,0,0,0,0,-1,0,0,0,0,-1,0,0,0,0,-1,0,0,0,0,-1,0,0,0,0,-1,0,0,0,0,-1,0,0,0,0,-1,0,0,0,0,-1,0,0,0,0,-1,0,0,0,0,-1,0,0,0,0,-1,0,0,0,0,-1,0,0,0,0,0,0,0,0,0,0,0
187,-1,ff,0,0,0,0,0,0,0,0,0,0,0,0,0,0,0,0,0,0,0,0,0,0,0,0,0,0,0,0,0,0,0,0,0,0,0,0,0,0,0,0,0,0,0,0,0,0,0,0,0,0,0,0,0,0,0,0,0,0,-1,0,0,0,0,-1,0,0,0,0,-1,0,0,0,0,-1,0,0,0,0,-1,0,0,0,0,-1,0,0,0,0,-1,0,0,0,0,-1,0,0,0,0,-1,0,0,0,0,-1,0,0,0,0,-1,0,0,0,0,-1,0,0,0,0,0,0,0,0,0,0,0
188,-1,ff,0,0,0,0,0,0,0,0,0,0,0,0,0,0,0,0,0,0,0,0,0,0,0,0,0,0,0,0,0,0,0,0,0,0,0,0,0,0,0,0,0,0,0,0,0,0,0,0,0,0,0,0,0,0,0,0,0,0,-1,0,0,0,0,-1,0,0,0,0,-1,0,0,0,0,-1,0,0,0,0,-1,0,0,0,0,-1,0,0,0,0,-1,0,0,0,0,-1,0,0,0,0,-1,0,0,0,0,-1,0,0,0,0,-1,0,0,0,0,-1,0,0,0,0,0,0,0,0,0,0,0
189,-1,ff,0,0,0,0,0,0,0,0,0,0,0,0,0,0,0,0,0,0,0,0,0,0,0,0,0,0,0,0,0,0,0,0,0,0,0,0,0,0,0,0,0,0,0,0,0,0,0,0,0,0,0,0,0,0,0,0,0,0,-1,0,0,0,0,-1,0,0,0,0,-1,0,0,0,0,-1,0,0,0,0,-1,0,0,0,0,-1,0,0,0,0,-1,0,0,0,0,-1,0,0,0,0,-1,0,0,0,0,-1,0,0,0,0,-1,0,0,0,0,-1,0,0,0,0,0,0,0,0,0,0,0
190,-1,ff,0,0,0,0,0,0,0,0,0,0,0,0,0,0,0,0,0,0,0,0,0,0,0,0,0,0,0,0,0,0,0,0,0,0,0,0,0,0,0,0,0,0,0,0,0,0,0,0,0,0,0,0,0,0,0,0,0,0,-1,0,0,0,0,-1,0,0,0,0,-1,0,0,0,0,-1,0,0,0,0,-1,0,0,0,0,-1,0,0,0,0,-1,0,0,0,0,-1,0,0,0,0,-1,0,0,0,0,-1,0,0,0,0,-1,0,0,0,0,-1,0,0,0,0,0,0,0,0,0,0,0
191,-1,ff,0,0,0,0,0,0,0,0,0,0,0,0,0,0,0,0,0,0,0,0,0,0,0,0,0,0,0,0,0,0,0,0,0,0,0,0,0,0,0,0,0,0,0,0,0,0,0,0,0,0,0,0,0,0,0,0,0,0,-1,0,0,0,0,-1,0,0,0,0,-1,0,0,0,0,-1,0,0,0,0,-1,0,0,0,0,-1,0,0,0,0,-1,0,0,0,0,-1,0,0,0,0,-1,0,0,0,0,-1,0,0,0,0,-1,0,0,0,0,-1,0,0,0,0,0,0,0,0,0,0,0
192,-1,ff,0,0,0,0,0,0,0,0,0,0,0,0,0,0,0,0,0,0,0,0,0,0,0,0,0,0,0,0,0,0,0,0,0,0,0,0,0,0,0,0,0,0,0,0,0,0,0,0,0,0,0,0,0,0,0,0,0,0,-1,0,0,0,0,-1,0,0,0,0,-1,0,0,0,0,-1,0,0,0,0,-1,0,0,0,0,-1,0,0,0,0,-1,0,0,0,0,-1,0,0,0,0,-1,0,0,0,0,-1,0,0,0,0,-1,0,0,0,0,-1,0,0,0,0,0,0,0,0,0,0,0
193,-1,ff,0,0,0,0,0,0,0,0,0,0,0,0,0,0,0,0,0,0,0,0,0,0,0,0,0,0,0,0,0,0,0,0,0,0,0,0,0,0,0,0,0,0,0,0,0,0,0,0,0,0,0,0,0,0,0,0,0,0,-1,0,0,0,0,-1,0,0,0,0,-1,0,0,0,0,-1,0,0,0,0,-1,0,0,0,0,-1,0,0,0,0,-1,0,0,0,0,-1,0,0,0,0,-1,0,0,0,0,-1,0,0,0,0,-1,0,0,0,0,-1,0,0,0,0,0,0,0,0,0,0,0
194,-1,ff,0,0,0,0,0,0,0,0,0,0,0,0,0,0,0,0,0,0,0,0,0,0,0,0,0,0,0,0,0,0,0,0,0,0,0,0,0,0,0,0,0,0,0,0,0,0,0,0,0,0,0,0,0,0,0,0,0,0,-1,0,0,0,0,-1,0,0,0,0,-1,0,0,0,0,-1,0,0,0,0,-1,0,0,0,0,-1,0,0,0,0,-1,0,0,0,0,-1,0,0,0,0,-1,0,0,0,0,-1,0,0,0,0,-1,0,0,0,0,-1,0,0,0,0,0,0,0,0,0,0,0
195,-1,ff,0,0,0,0,0,0,0,0,0,0,0,0,0,0,0,0,0,0,0,0,0,0,0,0,0,0,0,0,0,0,0,0,0,0,0,0,0,0,0,0,0,0,0,0,0,0,0,0,0,0,0,0,0,0,0,0,0,0,-1,0,0,0,0,-1,0,0,0,0,-1,0,0,0,0,-1,0,0,0,0,-1,0,0,0,0,-1,0,0,0,0,-1,0,0,0,0,-1,0,0,0,0,-1,0,0,0,0,-1,0,0,0,0,-1,0,0,0,0,-1,0,0,0,0,0,0,0,0,0,0,0
196,-1,ff,0,0,0,0,0,0,0,0,0,0,0,0,0,0,0,0,0,0,0,0,0,0,0,0,0,0,0,0,0,0,0,0,0,0,0,0,0,0,0,0,0,0,0,0,0,0,0,0,0,0,0,0,0,0,0,0,0,0,-1,0,0,0,0,-1,0,0,0,0,-1,0,0,0,0,-1,0,0,0,0,-1,0,0,0,0,-1,0,0,0,0,-1,0,0,0,0,-1,0,0,0,0,-1,0,0,0,0,-1,0,0,0,0,-1,0,0,0,0,-1,0,0,0,0,0,0,0,0,0,0,0
197,-1,ff,0,0,0,0,0,0,0,0,0,0,0,0,0,0,0,0,0,0,0,0,0,0,0,0,0,0,0,0,0,0,0,0,0,0,0,0,0,0,0,0,0,0,0,0,0,0,0,0,0,0,0,0,0,0,0,0,0,0,-1,0,0,0,0,-1,0,0,0,0,-1,0,0,0,0,-1,0,0,0,0,-1,0,0,0,0,-1,0,0,0,0,-1,0,0,0,0,-1,0,0,0,0,-1,0,0,0,0,-1,0,0,0,0,-1,0,0,0,0,-1,0,0,0,0,0,0,0,0,0,0,0
198,-1,ff,0,0,0,0,0,0,0,0,0,0,0,0,0,0,0,0,0,0,0,0,0,0,0,0,0,0,0,0,0,0,0,0,0,0,0,0,0,0,0,0,0,0,0,0,0,0,0,0,0,0,0,0,0,0,0,0,0,0,-1,0,0,0,0,-1,0,0,0,0,-1,0,0,0,0,-1,0,0,0,0,-1,0,0,0,0,-1,0,0,0,0,-1,0,0,0,0,-1,0,0,0,0,-1,0,0,0,0,-1,0,0,0,0,-1,0,0,0,0,-1,0,0,0,0,0,0,0,0,0,0,0
199,-1,ff,0,0,0,0,0,0,0,0,0,0,0,0,0,0,0,0,0,0,0,0,0,0,0,0,0,0,0,0,0,0,0,0,0,0,0,0,0,0,0,0,0,0,0,0,0,0,0,0,0,0,0,0,0,0,0,0,0,0,-1,0,0,0,0,-1,0,0,0,0,-1,0,0,0,0,-1,0,0,0,0,-1,0,0,0,0,-1,0,0,0,0,-1,0,0,0,0,-1,0,0,0,0,-1,0,0,0,0,-1,0,0,0,0,-1,0,0,0,0,-1,0,0,0,0,0,0,0,0,0,0,0
200,-1,ff,0,0,0,0,0,0,0,0,0,0,0,0,0,0,0,0,0,0,0,0,0,0,0,0,0,0,0,0,0,0,0,0,0,0,0,0,0,0,0,0,0,0,0,0,0,0,0,0,0,0,0,0,0,0,0,0,0,0,-1,0,0,0,0,-1,0,0,0,0,-1,0,0,0,0,-1,0,0,0,0,-1,0,0,0,0,-1,0,0,0,0,-1,0,0,0,0,-1,0,0,0,0,-1,0,0,0,0,-1,0,0,0,0,-1,0,0,0,0,-1,0,0,0,0,0,0,0,0,0,0,0
201,-1,ff,0,0,0,0,0,0,0,0,0,0,0,0,0,0,0,0,0,0,0,0,0,0,0,0,0,0,0,0,0,0,0,0,0,0,0,0,0,0,0,0,0,0,0,0,0,0,0,0,0,0,0,0,0,0,0,0,0,0,-1,0,0,0,0,-1,0,0,0,0,-1,0,0,0,0,-1,0,0,0,0,-1,0,0,0,0,-1,0,0,0,0,-1,0,0,0,0,-1,0,0,0,0,-1,0,0,0,0,-1,0,0,0,0,-1,0,0,0,0,-1,0,0,0,0,0,0,0,0,0,0,0
202,-1,ff,0,0,0,0,0,0,0,0,0,0,0,0,0,0,0,0,0,0,0,0,0,0,0,0,0,0,0,0,0,0,0,0,0,0,0,0,0,0,0,0,0,0,0,0,0,0,0,0,0,0,0,0,0,0,0,0,0,0,-1,0,0,0,0,-1,0,0,0,0,-1,0,0,0,0,-1,0,0,0,0,-1,0,0,0,0,-1,0,0,0,0,-1,0,0,0,0,-1,0,0,0,0,-1,0,0,0,0,-1,0,0,0,0,-1,0,0,0,0,-1,0,0,0,0,0,0,0,0,0,0,0
203,-1,ff,0,0,0,0,0,0,0,0,0,0,0,0,0,0,0,0,0,0,0,0,0,0,0,0,0,0,0,0,0,0,0,0,0,0,0,0,0,0,0,0,0,0,0,0,0,0,0,0,0,0,0,0,0,0,0,0,0,0,-1,0,0,0,0,-1,0,0,0,0,-1,0,0,0,0,-1,0,0,0,0,-1,0,0,0,0,-1,0,0,0,0,-1,0,0,0,0,-1,0,0,0,0,-1,0,0,0,0,-1,0,0,0,0,-1,0,0,0,0,-1,0,0,0,0,0,0,0,0,0,0,0
204,-1,ff,0,0,0,0,0,0,0,0,0,0,0,0,0,0,0,0,0,0,0,0,0,0,0,0,0,0,0,0,0,0,0,0,0,0,0,0,0,0,0,0,0,0,0,0,0,0,0,0,0,0,0,0,0,0,0,0,0,0,-1,0,0,0,0,-1,0,0,0,0,-1,0,0,0,0,-1,0,0,0,0,-1,0,0,0,0,-1,0,0,0,0,-1,0,0,0,0,-1,0,0,0,0,-1,0,0,0,0,-1,0,0,0,0,-1,0,0,0,0,-1,0,0,0,0,0,0,0,0,0,0,0
205,-1,ff,0,0,0,0,0,0,0,0,0,0,0,0,0,0,0,0,0,0,0,0,0,0,0,0,0,0,0,0,0,0,0,0,0,0,0,0,0,0,0,0,0,0,0,0,0,0,0,0,0,0,0,0,0,0,0,0,0,0,-1,0,0,0,0,-1,0,0,0,0,-1,0,0,0,0,-1,0,0,0,0,-1,0,0,0,0,-1,0,0,0,0,-1,0,0,0,0,-1,0,0,0,0,-1,0,0,0,0,-1,0,0,0,0,-1,0,0,0,0,-1,0,0,0,0,0,0,0,0,0,0,0
206,-1,ff,0,0,0,0,0,0,0,0,0,0,0,0,0,0,0,0,0,0,0,0,0,0,0,0,0,0,0,0,0,0,0,0,0,0,0,0,0,0,0,0,0,0,0,0,0,0,0,0,0,0,0,0,0,0,0,0,0,0,-1,0,0,0,0,-1,0,0,0,0,-1,0,0,0,0,-1,0,0,0,0,-1,0,0,0,0,-1,0,0,0,0,-1,0,0,0,0,-1,0,0,0,0,-1,0,0,0,0,-1,0,0,0,0,-1,0,0,0,0,-1,0,0,0,0,0,0,0,0,0,0,0
207,-1,ff,0,0,0,0,0,0,0,0,0,0,0,0,0,0,0,0,0,0,0,0,0,0,0,0,0,0,0,0,0,0,0,0,0,0,0,0,0,0,0,0,0,0,0,0,0,0,0,0,0,0,0,0,0,0,0,0,0,0,-1,0,0,0,0,-1,0,0,0,0,-1,0,0,0,0,-1,0,0,0,0,-1,0,0,0,0,-1,0,0,0,0,-1,0,0,0,0,-1,0,0,0,0,-1,0,0,0,0,-1,0,0,0,0,-1,0,0,0,0,-1,0,0,0,0,0,0,0,0,0,0,0
208,-1,ff,0,0,0,0,0,0,0,0,0,0,0,0,0,0,0,0,0,0,0,0,0,0,0,0,0,0,0,0,0,0,0,0,0,0,0,0,0,0,0,0,0,0,0,0,0,0,0,0,0,0,0,0,0,0,0,0,0,0,-1,0,0,0,0,-1,0,0,0,0,-1,0,0,0,0,-1,0,0,0,0,-1,0,0,0,0,-1,0,0,0,0,-1,0,0,0,0,-1,0,0,0,0,-1,0,0,0,0,-1,0,0,0,0,-1,0,0,0,0,-1,0,0,0,0,0,0,0,0,0,0,0
209,-1,ff,0,0,0,0,0,0,0,0,0,0,0,0,0,0,0,0,0,0,0,0,0,0,0,0,0,0,0,0,0,0,0,0,0,0,0,0,0,0,0,0,0,0,0,0,0,0,0,0,0,0,0,0,0,0,0,0,0,0,-1,0,0,0,0,-1,0,0,0,0,-1,0,0,0,0,-1,0,0,0,0,-1,0,0,0,0,-1,0,0,0,0,-1,0,0,0,0,-1,0,0,0,0,-1,0,0,0,0,-1,0,0,0,0,-1,0,0,0,0,-1,0,0,0,0,0,0,0,0,0,0,0
210,-1,ff,0,0,0,0,0,0,0,0,0,0,0,0,0,0,0,0,0,0,0,0,0,0,0,0,0,0,0,0,0,0,0,0,0,0,0,0,0,0,0,0,0,0,0,0,0,0,0,0,0,0,0,0,0,0,0,0,0,0,-1,0,0,0,0,-1,0,0,0,0,-1,0,0,0,0,-1,0,0,0,0,-1,0,0,0,0,-1,0,0,0,0,-1,0,0,0,0,-1,0,0,0,0,-1,0,0,0,0,-1,0,0,0,0,-1,0,0,0,0,-1,0,0,0,0,0,0,0,0,0,0,0
211,-1,ff,0,0,0,0,0,0,0,0,0,0,0,0,0,0,0,0,0,0,0,0,0,0,0,0,0,0,0,0,0,0,0,0,0,0,0,0,0,0,0,0,0,0,0,0,0,0,0,0,0,0,0,0,0,0,0,0,0,0,-1,0,0,0,0,-1,0,0,0,0,-1,0,0,0,0,-1,0,0,0,0,-1,0,0,0,0,-1,0,0,0,0,-1,0,0,0,0,-1,0,0,0,0,-1,0,0,0,0,-1,0,0,0,0,-1,0,0,0,0,-1,0,0,0,0,0,0,0,0,0,0,0
212,-1,ff,0,0,0,0,0,0,0,0,0,0,0,0,0,0,0,0,0,0,0,0,0,0,0,0,0,0,0,0,0,0,0,0,0,0,0,0,0,0,0,0,0,0,0,0,0,0,0,0,0,0,0,0,0,0,0,0,0,0,-1,0,0,0,0,-1,0,0,0,0,-1,0,0,0,0,-1,0,0,0,0,-1,0,0,0,0,-1,0,0,0,0,-1,0,0,0,0,-1,0,0,0,0,-1,0,0,0,0,-1,0,0,0,0,-1,0,0,0,0,-1,0,0,0,0,0,0,0,0,0,0,0
213,-1,ff,0,0,0,0,0,0,0,0,0,0,0,0,0,0,0,0,0,0,0,0,0,0,0,0,0,0,0,0,0,0,0,0,0,0,0,0,0,0,0,0,0,0,0,0,0,0,0,0,0,0,0,0,0,0,0,0,0,0,-1,0,0,0,0,-1,0,0,0,0,-1,0,0,0,0,-1,0,0,0,0,-1,0,0,0,0,-1,0,0,0,0,-1,0,0,0,0,-1,0,0,0,0,-1,0,0,0,0,-1,0,0,0,0,-1,0,0,0,0,-1,0,0,0,0,0,0,0,0,0,0,0
214,-1,ff,0,0,0,0,0,0,0,0,0,0,0,0,0,0,0,0,0,0,0,0,0,0,0,0,0,0,0,0,0,0,0,0,0,0,0,0,0,0,0,0,0,0,0,0,0,0,0,0,0,0,0,0,0,0,0,0,0,0,-1,0,0,0,0,-1,0,0,0,0,-1,0,0,0,0,-1,0,0,0,0,-1,0,0,0,0,-1,0,0,0,0,-1,0,0,0,0,-1,0,0,0,0,-1,0,0,0,0,-1,0,0,0,0,-1,0,0,0,0,-1,0,0,0,0,0,0,0,0,0,0,0
215,-1,ff,0,0,0,0,0,0,0,0,0,0,0,0,0,0,0,0,0,0,0,0,0,0,0,0,0,0,0,0,0,0,0,0,0,0,0,0,0,0,0,0,0,0,0,0,0,0,0,0,0,0,0,0,0,0,0,0,0,0,-1,0,0,0,0,-1,0,0,0,0,-1,0,0,0,0,-1,0,0,0,0,-1,0,0,0,0,-1,0,0,0,0,-1,0,0,0,0,-1,0,0,0,0,-1,0,0,0,0,-1,0,0,0,0,-1,0,0,0,0,-1,0,0,0,0,0,0,0,0,0,0,0
216,-1,ff,0,0,0,0,0,0,0,0,0,0,0,0,0,0,0,0,0,0,0,0,0,0,0,0,0,0,0,0,0,0,0,0,0,0,0,0,0,0,0,0,0,0,0,0,0,0,0,0,0,0,0,0,0,0,0,0,0,0,-1,0,0,0,0,-1,0,0,0,0,-1,0,0,0,0,-1,0,0,0,0,-1,0,0,0,0,-1,0,0,0,0,-1,0,0,0,0,-1,0,0,0,0,-1,0,0,0,0,-1,0,0,0,0,-1,0,0,0,0,-1,0,0,0,0,0,0,0,0,0,0,0
217,-1,ff,0,0,0,0,0,0,0,0,0,0,0,0,0,0,0,0,0,0,0,0,0,0,0,0,0,0,0,0,0,0,0,0,0,0,0,0,0,0,0,0,0,0,0,0,0,0,0,0,0,0,0,0,0,0,0,0,0,0,-1,0,0,0,0,-1,0,0,0,0,-1,0,0,0,0,-1,0,0,0,0,-1,0,0,0,0,-1,0,0,0,0,-1,0,0,0,0,-1,0,0,0,0,-1,0,0,0,0,-1,0,0,0,0,-1,0,0,0,0,-1,0,0,0,0,0,0,0,0,0,0,0
218,-1,ff,0,0,0,0,0,0,0,0,0,0,0,0,0,0,0,0,0,0,0,0,0,0,0,0,0,0,0,0,0,0,0,0,0,0,0,0,0,0,0,0,0,0,0,0,0,0,0,0,0,0,0,0,0,0,0,0,0,0,-1,0,0,0,0,-1,0,0,0,0,-1,0,0,0,0,-1,0,0,0,0,-1,0,0,0,0,-1,0,0,0,0,-1,0,0,0,0,-1,0,0,0,0,-1,0,0,0,0,-1,0,0,0,0,-1,0,0,0,0,-1,0,0,0,0,0,0,0,0,0,0,0
219,-1,ff,0,0,0,0,0,0,0,0,0,0,0,0,0,0,0,0,0,0,0,0,0,0,0,0,0,0,0,0,0,0,0,0,0,0,0,0,0,0,0,0,0,0,0,0,0,0,0,0,0,0,0,0,0,0,0,0,0,0,-1,0,0,0,0,-1,0,0,0,0,-1,0,0,0,0,-1,0,0,0,0,-1,0,0,0,0,-1,0,0,0,0,-1,0,0,0,0,-1,0,0,0,0,-1,0,0,0,0,-1,0,0,0,0,-1,0,0,0,0,-1,0,0,0,0,0,0,0,0,0,0,0
220,-1,ff,0,0,0,0,0,0,0,0,0,0,0,0,0,0,0,0,0,0,0,0,0,0,0,0,0,0,0,0,0,0,0,0,0,0,0,0,0,0,0,0,0,0,0,0,0,0,0,0,0,0,0,0,0,0,0,0,0,0,-1,0,0,0,0,-1,0,0,0,0,-1,0,0,0,0,-1,0,0,0,0,-1,0,0,0,0,-1,0,0,0,0,-1,0,0,0,0,-1,0,0,0,0,-1,0,0,0,0,-1,0,0,0,0,-1,0,0,0,0,-1,0,0,0,0,0,0,0,0,0,0,0
221,-1,ff,0,0,0,0,0,0,0,0,0,0,0,0,0,0,0,0,0,0,0,0,0,0,0,0,0,0,0,0,0,0,0,0,0,0,0,0,0,0,0,0,0,0,0,0,0,0,0,0,0,0,0,0,0,0,0,0,0,0,-1,0,0,0,0,-1,0,0,0,0,-1,0,0,0,0,-1,0,0,0,0,-1,0,0,0,0,-1,0,0,0,0,-1,0,0,0,0,-1,0,0,0,0,-1,0,0,0,0,-1,0,0,0,0,-1,0,0,0,0,-1,0,0,0,0,0,0,0,0,0,0,0
222,-1,ff,0,0,0,0,0,0,0,0,0,0,0,0,0,0,0,0,0,0,0,0,0,0,0,0,0,0,0,0,0,0,0,0,0,0,0,0,0,0,0,0,0,0,0,0,0,0,0,0,0,0,0,0,0,0,0,0,0,0,-1,0,0,0,0,-1,0,0,0,0,-1,0,0,0,0,-1,0,0,0,0,-1,0,0,0,0,-1,0,0,0,0,-1,0,0,0,0,-1,0,0,0,0,-1,0,0,0,0,-1,0,0,0,0,-1,0,0,0,0,-1,0,0,0,0,0,0,0,0,0,0,0
223,-1,ff,0,0,0,0,0,0,0,0,0,0,0,0,0,0,0,0,0,0,0,0,0,0,0,0,0,0,0,0,0,0,0,0,0,0,0,0,0,0,0,0,0,0,0,0,0,0,0,0,0,0,0,0,0,0,0,0,0,0,-1,0,0,0,0,-1,0,0,0,0,-1,0,0,0,0,-1,0,0,0,0,-1,0,0,0,0,-1,0,0,0,0,-1,0,0,0,0,-1,0,0,0,0,-1,0,0,0,0,-1,0,0,0,0,-1,0,0,0,0,-1,0,0,0,0,0,0,0,0,0,0,0
224,-1,ff,0,0,0,0,0,0,0,0,0,0,0,0,0,0,0,0,0,0,0,0,0,0,0,0,0,0,0,0,0,0,0,0,0,0,0,0,0,0,0,0,0,0,0,0,0,0,0,0,0,0,0,0,0,0,0,0,0,0,-1,0,0,0,0,-1,0,0,0,0,-1,0,0,0,0,-1,0,0,0,0,-1,0,0,0,0,-1,0,0,0,0,-1,0,0,0,0,-1,0,0,0,0,-1,0,0,0,0,-1,0,0,0,0,-1,0,0,0,0,-1,0,0,0,0,0,0,0,0,0,0,0
225,-1,ff,0,0,0,0,0,0,0,0,0,0,0,0,0,0,0,0,0,0,0,0,0,0,0,0,0,0,0,0,0,0,0,0,0,0,0,0,0,0,0,0,0,0,0,0,0,0,0,0,0,0,0,0,0,0,0,0,0,0,-1,0,0,0,0,-1,0,0,0,0,-1,0,0,0,0,-1,0,0,0,0,-1,0,0,0,0,-1,0,0,0,0,-1,0,0,0,0,-1,0,0,0,0,-1,0,0,0,0,-1,0,0,0,0,-1,0,0,0,0,-1,0,0,0,0,0,0,0,0,0,0,0
226,-1,ff,0,0,0,0,0,0,0,0,0,0,0,0,0,0,0,0,0,0,0,0,0,0,0,0,0,0,0,0,0,0,0,0,0,0,0,0,0,0,0,0,0,0,0,0,0,0,0,0,0,0,0,0,0,0,0,0,0,0,-1,0,0,0,0,-1,0,0,0,0,-1,0,0,0,0,-1,0,0,0,0,-1,0,0,0,0,-1,0,0,0,0,-1,0,0,0,0,-1,0,0,0,0,-1,0,0,0,0,-1,0,0,0,0,-1,0,0,0,0,-1,0,0,0,0,0,0,0,0,0,0,0
227,-1,ff,0,0,0,0,0,0,0,0,0,0,0,0,0,0,0,0,0,0,0,0,0,0,0,0,0,0,0,0,0,0,0,0,0,0,0,0,0,0,0,0,0,0,0,0,0,0,0,0,0,0,0,0,0,0,0,0,0,0,-1,0,0,0,0,-1,0,0,0,0,-1,0,0,0,0,-1,0,0,0,0,-1,0,0,0,0,-1,0,0,0,0,-1,0,0,0,0,-1,0,0,0,0,-1,0,0,0,0,-1,0,0,0,0,-1,0,0,0,0,-1,0,0,0,0,0,0,0,0,0,0,0
228,-1,ff,0,0,0,0,0,0,0,0,0,0,0,0,0,0,0,0,0,0,0,0,0,0,0,0,0,0,0,0,0,0,0,0,0,0,0,0,0,0,0,0,0,0,0,0,0,0,0,0,0,0,0,0,0,0,0,0,0,0,-1,0,0,0,0,-1,0,0,0,0,-1,0,0,0,0,-1,0,0,0,0,-1,0,0,0,0,-1,0,0,0,0,-1,0,0,0,0,-1,0,0,0,0,-1,0,0,0,0,-1,0,0,0,0,-1,0,0,0,0,-1,0,0,0,0,0,0,0,0,0,0,0
229,-1,ff,0,0,0,0,0,0,0,0,0,0,0,0,0,0,0,0,0,0,0,0,0,0,0,0,0,0,0,0,0,0,0,0,0,0,0,0,0,0,0,0,0,0,0,0,0,0,0,0,0,0,0,0,0,0,0,0,0,0,-1,0,0,0,0,-1,0,0,0,0,-1,0,0,0,0,-1,0,0,0,0,-1,0,0,0,0,-1,0,0,0,0,-1,0,0,0,0,-1,0,0,0,0,-1,0,0,0,0,-1,0,0,0,0,-1,0,0,0,0,-1,0,0,0,0,0,0,0,0,0,0,0
230,-1,ff,0,0,0,0,0,0,0,0,0,0,0,0,0,0,0,0,0,0,0,0,0,0,0,0,0,0,0,0,0,0,0,0,0,0,0,0,0,0,0,0,0,0,0,0,0,0,0,0,0,0,0,0,0,0,0,0,0,0,-1,0,0,0,0,-1,0,0,0,0,-1,0,0,0,0,-1,0,0,0,0,-1,0,0,0,0,-1,0,0,0,0,-1,0,0,0,0,-1,0,0,0,0,-1,0,0,0,0,-1,0,0,0,0,-1,0,0,0,0,-1,0,0,0,0,0,0,0,0,0,0,0
231,-1,ff,0,0,0,0,0,0,0,0,0,0,0,0,0,0,0,0,0,0,0,0,0,0,0,0,0,0,0,0,0,0,0,0,0,0,0,0,0,0,0,0,0,0,0,0,0,0,0,0,0,0,0,0,0,0,0,0,0,0,-1,0,0,0,0,-1,0,0,0,0,-1,0,0,0,0,-1,0,0,0,0,-1,0,0,0,0,-1,0,0,0,0,-1,0,0,0,0,-1,0,0,0,0,-1,0,0,0,0,-1,0,0,0,0,-1,0,0,0,0,-1,0,0,0,0,0,0,0,0,0,0,0
232,-1,ff,0,0,0,0,0,0,0,0,0,0,0,0,0,0,0,0,0,0,0,0,0,0,0,0,0,0,0,0,0,0,0,0,0,0,0,0,0,0,0,0,0,0,0,0,0,0,0,0,0,0,0,0,0,0,0,0,0,0,-1,0,0,0,0,-1,0,0,0,0,-1,0,0,0,0,-1,0,0,0,0,-1,0,0,0,0,-1,0,0,0,0,-1,0,0,0,0,-1,0,0,0,0,-1,0,0,0,0,-1,0,0,0,0,-1,0,0,0,0,-1,0,0,0,0,0,0,0,0,0,0,0
233,-1,ff,0,0,0,0,0,0,0,0,0,0,0,0,0,0,0,0,0,0,0,0,0,0,0,0,0,0,0,0,0,0,0,0,0,0,0,0,0,0,0,0,0,0,0,0,0,0,0,0,0,0,0,0,0,0,0,0,0,0,-1,0,0,0,0,-1,0,0,0,0,-1,0,0,0,0,-1,0,0,0,0,-1,0,0,0,0,-1,0,0,0,0,-1,0,0,0,0,-1,0,0,0,0,-1,0,0,0,0,-1,0,0,0,0,-1,0,0,0,0,-1,0,0,0,0,0,0,0,0,0,0,0
234,-1,ff,0,0,0,0,0,0,0,0,0,0,0,0,0,0,0,0,0,0,0,0,0,0,0,0,0,0,0,0,0,0,0,0,0,0,0,0,0,0,0,0,0,0,0,0,0,0,0,0,0,0,0,0,0,0,0,0,0,0,-1,0,0,0,0,-1,0,0,0,0,-1,0,0,0,0,-1,0,0,0,0,-1,0,0,0,0,-1,0,0,0,0,-1,0,0,0,0,-1,0,0,0,0,-1,0,0,0,0,-1,0,0,0,0,-1,0,0,0,0,-1,0,0,0,0,0,0,0,0,0,0,180
235,-1,ff,0,0,0,0,0,0,0,0,0,0,0,0,0,0,0,0,0,0,0,0,0,0,0,0,0,0,0,0,0,0,0,0,0,0,0,0,0,0,0,0,0,0,0,0,0,0,0,0,0,0,0,0,0,0,0,0,0,0,-1,0,0,0,0,-1,0,0,0,0,-1,0,0,0,0,-1,0,0,0,0,-1,0,0,0,0,-1,0,0,0,0,-1,0,0,0,0,-1,0,0,0,0,-1,0,0,0,0,-1,0,0,0,0,-1,0,0,0,0,-1,0,0,0,0,0,0,0,0,0,0,180
236,-1,ff,0,0,0,0,0,0,0,0,0,0,0,0,0,0,0,0,0,0,0,0,0,0,0,0,0,0,0,0,0,0,0,0,0,0,0,0,0,0,0,0,0,0,0,0,0,0,0,0,0,0,0,0,0,0,0,0,0,0,-1,0,0,0,0,-1,0,0,0,0,-1,0,0,0,0,-1,0,0,0,0,-1,0,0,0,0,-1,0,0,0,0,-1,0,0,0,0,-1,0,0,0,0,-1,0,0,0,0,-1,0,0,0,0,-1,0,0,0,0,-1,0,0,0,0,0,0,0,1,0,1,180
237,-1,ff,0,0,0,0,0,0,0,0,0,0,0,0,0,0,0,0,0,0,0,0,0,0,0,0,0,0,0,0,0,0,0,0,0,0,0,0,0,0,0,0,0,0,0,0,0,0,0,0,0,0,0,0,0,0,0,0,0,0,-1,0,0,0,0,-1,0,0,0,0,-1,0,0,0,0,-1,0,0,0,0,-1,0,0,0,0,-1,0,0,0,0,-1,0,0,0,0,-1,0,0,0,0,-1,0,0,0,0,-1,0,0,0,0,-1,0,0,0,0,-1,0,0,0,0,0,0,0,1,0,2,180
238,-1,ff,0,0,0,0,0,0,0,0,0,0,0,0,0,0,0,0,0,0,0,0,0,0,0,0,0,0,0,0,0,0,0,0,0,0,0,0,0,0,0,0,0,0,0,0,0,0,0,0,0,0,0,0,0,0,0,0,0,0,-1,0,0,0,0,-1,0,0,0,0,-1,0,0,0,0,-1,0,0,0,0,-1,0,0,0,0,-1,0,0,0,0,-1,0,0,0,0,-1,0,0,0,0,-1,0,0,0,0,-1,0,0,0,0,-1,0,0,0,0,-1,0,0,0,0,0,0,0,1,0,3,180
239,-1,ff,0,0,0,0,0,0,0,0,0,0,0,0,0,0,0,0,0,0,0,0,0,0,0,0,0,0,0,0,0,0,0,0,0,0,0,0,0,0,0,0,0,0,0,0,0,0,0,0,0,0,0,0,0,0,0,0,0,0,-1,0,0,0,0,-1,0,0,0,0,-1,0,0,0,0,-1,0,0,0,0,-1,0,0,0,0,-1,0,0,0,0,-1,0,0,0,0,-1,0,0,0,0,-1,0,0,0,0,-1,0,0,0,0,-1,0,0,0,0,-1,0,0,0,0,0,0,0,1,0,4,180
240,-1,ff,0,0,0,0,0,0,0,0,0,0,0,0,0,0,0,0,0,0,0,0,0,0,0,0,0,0,0,0,0,0,0,0,0,0,0,0,0,0,0,0,0,0,0,0,0,0,0,0,0,0,0,0,0,0,0,0,0,0,-1,0,0,0,0,-1,0,0,0,0,-1,0,0,0,0,-1,0,0,0,0,-1,0,0,0,0,-1,0,0,0,0,-1,0,0,0,0,-1,0,0,0,0,-1,0,0,0,0,-1,0,0,0,0,-1,0,0,0,0,-1,0,0,0,0,0,0,0,1,0,5,180
241,-1,ff,0,0,0,0,0,0,0,0,0,0,0,0,0,0,0,0,0,0,0,0,0,0,0,0,0,0,0,0,0,0,0,0,0,0,0,0,0,0,0,0,0,0,0,0,0,0,0,0,0,0,0,0,0,0,0,0,0,0,-1,0,0,0,0,-1,0,0,0,0,-1,0,0,0,0,-1,0,0,0,0,-1,0,0,0,0,-1,0,0,0,0,-1,0,0,0,0,-1,0,0,0,0,-1,0,0,0,0,-1,0,0,0,0,-1,0,0,0,0,-1,0,0,0,0,0,0,0,1,0,6,180
242,-1,ff,0,0,0,0,0,0,0,0,0,0,0,0,0,0,0,0,0,0,0,0,0,0,0,0,0,0,0,0,0,0,0,0,0,0,0,0,0,0,0,0,0,0,0,0,0,0,0,0,0,0,0,0,0,0,0,0,0,0,-1,0,0,0,0,-1,0,0,0,0,-1,0,0,0,0,-1,0,0,0,0,-1,0,0,0,0,-1,0,0,0,0,-1,0,0,0,0,-1,0,0,0,0,-1,0,0,0,0,-1,0,0,0,0,-1,0,0,0,0,-1,0,0,0,0,0,0,0,1,0,7,180
243,-1,ff,0,0,0,0,0,0,0,0,0,0,0,0,0,0,0,0,0,0,0,0,0,0,0,0,0,0,0,0,0,0,0,0,0,0,0,0,0,0,0,0,0,0,0,0,0,0,0,0,0,0,0,0,0,0,0,0,0,0,-1,0,0,0,0,-1,0,0,0,0,-1,0,0,0,0,-1,0,0,0,0,-1,0,0,0,0,-1,0,0,0,0,-1,0,0,0,0,-1,0,0,0,0,-1,0,0,0,0,-1,0,0,0,0,-1,0,0,0,0,-1,0,0,0,0,0,0,0,1,0,8,180
244,-1,ff,0,0,0,0,0,0,0,0,0,0,0,0,0,0,0,0,0,0,0,0,0,0,0,0,0,0,0,0,0,0,0,0,0,0,0,0,0,0,0,0,0,0,0,0,0,0,0,0,0,0,0,0,0,0,0,0,0,0,-1,0,0,0,0,-1,0,0,0,0,-1,0,0,0,0,-1,0,0,0,0,-1,0,0,0,0,-1,0,0,0,0,-1,0,0,0,0,-1,0,0,0,0,-1,0,0,0,0,-1,0,0,0,0,-1,0,0,0,0,-1,0,0,0,0,0,0,0,1,0,9,180
245,-1,ff,0,0,0,0,0,0,0,0,0,0,0,0,0,0,0,0,0,0,0,0,0,0,0,0,0,0,0,0,0,0,0,0,0,0,0,0,0,0,0,0,0,0,0,0,0,0,0,0,0,0,0,0,0,0,0,0,0,0,-1,0,0,0,0,-1,0,0,0,0,-1,0,0,0,0,-1,0,0,0,0,-1,0,0,0,0,-1,0,0,0,0,-1,0,0,0,0,-1,0,0,0,0,-1,0,0,0,0,-1,0,0,0,0,-1,0,0,0,0,-1,0,0,0,0,0,0,0,1,0,10,180
246,-1,ff,0,0,0,0,0,0,0,0,0,0,0,0,0,0,0,0,0,0,0,0,0,0,0,0,0,0,0,0,0,0,0,0,0,0,0,0,0,0,0,0,0,0,0,0,0,0,0,0,0,0,0,0,0,0,0,0,0,0,-1,0,0,0,0,-1,0,0,0,0,-1,0,0,0,0,-1,0,0,0,0,-1,0,0,0,0,-1,0,0,0,0,-1,0,0,0,0,-1,0,0,0,0,-1,0,0,0,0,-1,0,0,0,0,-1,0,0,0,0,-1,0,0,0,0,0,0,0,1,0,11,180
247,-1,ff,0,0,0,0,0,0,0,0,0,0,0,0,0,0,0,0,0,0,0,0,0,0,0,0,0,0,0,0,0,0,0,0,0,0,0,0,0,0,0,0,0,0,0,0,0,0,0,0,0,0,0,0,0,0,0,0,0,0,-1,0,0,0,0,-1,0,0,0,0,-1,0,0,0,0,-1,0,0,0,0,-1,0,0,0,0,-1,0,0,0,0,-1,0,0,0,0,-1,0,0,0,0,-1,0,0,0,0,-1,0,0,0,0,-1,0,0,0,0,-1,0,0,0,0,0,0,0,1,0,12,180
248,-1,ff,0,0,0,0,0,0,0,0,0,0,0,0,0,0,0,0,0,0,0,0,0,0,0,0,0,0,0,0,0,0,0,0,0,0,0,0,0,0,0,0,0,0,0,0,0,0,0,0,0,0,0,0,0,0,0,0,0,0,-1,0,0,0,0,-1,0,0,0,0,-1,0,0,0,0,-1,0,0,0,0,-1,0,0,0,0,-1,0,0,0,0,-1,0,0,0,0,-1,0,0,0,0,-1,0,0,0,0,-1,0,0,0,0,-1,0,0,0,0,-1,0,0,0,0,0,0,0,1,0,13,180
249,-1,ff,0,0,0,0,0,0,0,0,0,0,0,0,0,0,0,0,0,0,0,0,0,0,0,0,0,0,0,0,0,0,0,0,0,0,0,0,0,0,0,0,0,0,0,0,0,0,0,0,0,0,0,0,0,0,0,0,0,0,-1,0,0,0,0,-1,0,0,0,0,-1,0,0,0,0,-1,0,0,0,0,-1,0,0,0,0,-1,0,0,0,0,-1,0,0,0,0,-1,0,0,0,0,-1,0,0,0,0,-1,0,0,0,0,-1,0,0,0,0,-1,0,0,0,0,0,0,0,1,0,14,180
250,-1,ff,0,0,0,0,0,0,0,0,0,0,0,0,0,0,0,0,0,0,0,0,0,0,0,0,0,0,0,0,0,0,0,0,0,0,0,0,0,0,0,0,0,0,0,0,0,0,0,0,0,0,0,0,0,0,0,0,0,0,-1,0,0,0,0,-1,0,0,0,0,-1,0,0,0,0,-1,0,0,0,0,-1,0,0,0,0,-1,0,0,0,0,-1,0,0,0,0,-1,0,0,0,0,-1,0,0,0,0,-1,0,0,0,0,-1,0,0,0,0,-1,0,0,0,0,0,0,0,1,0,15,180
251,-1,ff,0,0,0,0,0,0,0,0,0,0,0,0,0,0,0,0,0,0,0,0,0,0,0,0,0,0,0,0,0,0,0,0,0,0,0,0,0,0,0,0,0,0,0,0,0,0,0,0,0,0,0,0,0,0,0,0,0,0,-1,0,0,0,0,-1,0,0,0,0,-1,0,0,0,0,-1,0,0,0,0,-1,0,0,0,0,-1,0,0,0,0,-1,0,0,0,0,-1,0,0,0,0,-1,0,0,0,0,-1,0,0,0,0,-1,0,0,0,0,-1,0,0,0,0,0,0,0,1,0,16,180
252,-1,ff,0,0,0,0,0,0,0,0,0,0,0,0,0,0,0,0,0,0,0,0,0,0,0,0,0,0,0,0,0,0,0,0,0,0,0,0,0,0,0,0,0,0,0,0,0,0,0,0,0,0,0,0,0,0,0,0,0,0,-1,0,0,0,0,-1,0,0,0,0,-1,0,0,0,0,-1,0,0,0,0,-1,0,0,0,0,-1,0,0,0,0,-1,0,0,0,0,-1,0,0,0,0,-1,0,0,0,0,-1,0,0,0,0,-1,0,0,0,0,-1,0,0,0,0,0,0,0,1,0,17,180
253,-1,ff,0,0,0,0,0,0,0,0,0,0,0,0,0,0,0,0,0,0,0,0,0,0,0,0,0,0,0,0,0,0,0,0,0,0,0,0,0,0,0,0,0,0,0,0,0,0,0,0,0,0,0,0,0,0,0,0,0,0,-1,0,0,0,0,-1,0,0,0,0,-1,0,0,0,0,-1,0,0,0,0,-1,0,0,0,0,-1,0,0,0,0,-1,0,0,0,0,-1,0,0,0,0,-1,0,0,0,0,-1,0,0,0,0,-1,0,0,0,0,-1,0,0,0,0,0,0,0,1,0,18,180
254,-1,ff,0,0,0,0,0,0,0,0,0,0,0,0,0,0,0,0,0,0,0,0,0,0,0,0,0,0,0,0,0,0,0,0,0,0,0,0,0,0,0,0,0,0,0,0,0,0,0,0,0,0,0,0,0,0,0,0,0,0,-1,0,0,0,0,-1,0,0,0,0,-1,0,0,0,0,-1,0,0,0,0,-1,0,0,0,0,-1,0,0,0,0,-1,0,0,0,0,-1,0,0,0,0,-1,0,0,0,0,-1,0,0,0,0,-1,0,0,0,0,-1,0,0,0,0,0,0,0,1,0,19,180
255,-1,ff,0,0,0,0,0,0,0,0,0,0,0,0,0,0,0,0,0,0,0,0,0,0,0,0,0,0,0,0,0,0,0,0,0,0,0,0,0,0,0,0,0,0,0,0,0,0,0,0,0,0,0,0,0,0,0,0,0,0,-1,0,0,0,0,-1,0,0,0,0,-1,0,0,0,0,-1,0,0,0,0,-1,0,0,0,0,-1,0,0,0,0,-1,0,0,0,0,-1,0,0,0,0,-1,0,0,0,0,-1,0,0,0,0,-1,0,0,0,0,-1,0,0,0,0,0,0,0,1,0,20,180
256,-1,ff,0,0,0,0,0,0,0,0,0,0,0,0,0,0,0,0,0,0,0,0,0,0,0,0,0,0,0,0,0,0,0,0,0,0,0,0,0,0,0,0,0,0,0,0,0,0,0,0,0,0,0,0,0,0,0,0,0,0,-1,0,0,0,0,-1,0,0,0,0,-1,0,0,0,0,-1,0,0,0,0,-1,0,0,0,0,-1,0,0,0,0,-1,0,0,0,0,-1,0,0,0,0,-1,0,0,0,0,-1,0,0,0,0,-1,0,0,0,0,-1,0,0,0,0,0,0,0,1,0,21,180
257,-1,ff,0,0,0,0,0,0,0,0,0,0,0,0,0,0,0,0,0,0,0,0,0,0,0,0,0,0,0,0,0,0,0,0,0,0,0,0,0,0,0,0,0,0,0,0,0,0,0,0,0,0,0,0,0,0,0,0,0,0,-1,0,0,0,0,-1,0,0,0,0,-1,0,0,0,0,-1,0,0,0,0,-1,0,0,0,0,-1,0,0,0,0,-1,0,0,0,0,-1,0,0,0,0,-1,0,0,0,0,-1,0,0,0,0,-1,0,0,0,0,-1,0,0,0,0,0,0,0,1,0,22,180
258,-1,ff,0,0,0,0,0,0,0,0,0,0,0,0,0,0,0,0,0,0,0,0,0,0,0,0,0,0,0,0,0,0,0,0,0,0,0,0,0,0,0,0,0,0,0,0,0,0,0,0,0,0,0,0,0,0,0,0,0,0,-1,0,0,0,0,-1,0,0,0,0,-1,0,0,0,0,-1,0,0,0,0,-1,0,0,0,0,-1,0,0,0,0,-1,0,0,0,0,-1,0,0,0,0,-1,0,0,0,0,-1,0,0,0,0,-1,0,0,0,0,-1,0,0,0,0,0,0,0,1,0,23,180
259,-1,ff,0,0,0,0,0,0,0,0,0,0,0,0,0,0,0,0,0,0,0,0,0,0,0,0,0,0,0,0,0,0,0,0,0,0,0,0,0,0,0,0,0,0,0,0,0,0,0,0,0,0,0,0,0,0,0,0,0,0,-1,0,0,0,0,-1,0,0,0,0,-1,0,0,0,0,-1,0,0,0,0,-1,0,0,0,0,-1,0,0,0,0,-1,0,0,0,0,-1,0,0,0,0,-1,0,0,0,0,-1,0,0,0,0,-1,0,0,0,0,-1,0,0,0,0,0,0,0,1,0,24,180
260,-1,ff,254,100,120,0,0,0,0,0,0,0,0,0,0,1,186,1,100,120,0,0,0,0,0,0,0,0,0,0,0,0,0,0,0,0,254,2,255,100,120,0,0,248,1,100,120,0,254,78,254,100,120,0,1,254,0,100,120,0,1,222,100,120,0,-1,0,0,0,0,0,16,100,120,0,0,8,100,120,0,255,202,100,120,0,2,239,100,120,0,253,24,100,120,0,-1,0,0,0,0,1,220,100,120,0,254,117,100,120,0,3,132,100,120,0,-1,0,0,0,0,120,120,120,2,0,25,180
261,-1,ff,254,99,118,70,0,0,0,14848,0,0,20,0,0,1,186,1,101,121,186,0,0,0,0,0,0,0,0,0,0,0,0,0,0,0,254,2,255,98,119,2,0,248,1,100,121,248,254,78,254,98,118,78,1,254,0,101,120,254,1,222,99,121,0,-1,0,0,0,0,0,16,96,120,0,0,8,99,120,0,255,202,101,119,0,2,239,98,122,0,253,24,103,117,0,-1,0,0,0,0,1,220,98,121,0,254,117,97,118,0,3,132,98,123,0,-1,0,0,0,0,118,122,119,2,0,26,180
262,-1,ff,254,98,116,140,0,0,0,29696,0,0,40,0,0,1,186,1,103,122,116,0,0,0,0,0,0,0,0,0,0,0,0,0,0,0,254,2,255,96,119,4,0,248,1,101,123,240,254,78,254,96,117,156,1,254,0,103,120,252,1,222,99,123,0,-1,0,0,0,0,0,16,92,121,0,0,8,98,120,0,255,202,103,118,0,2,239,97,125,0,253,24,106,114,0,-1,0,0,0,0,1,220,97,123,0,254,117,94,116,0,3,132,97,127,0,-1,0,0,0,0,116,125,118,2,0,27,180
263,-1,ff,254,97,114,210,0,0,0,44544,0,0,60,0,0,1,186,1,105,123,46,0,0,0,0,0,0,0,0,0,0,0,0,0,0,0,254,2,255,94,119,6,0,248,1,102,125,232,254,78,254,94,116,234,1,254,0,105,120,250,1,222,99,125,0,-1,0,0,0,0,0,16,88,121,0,0,8,97,120,0,255,202,105,117,0,2,239,96,128,0,253,24,109,112,0,-1,0,0,0,0,1,220,96,124,0,254,117,92,115,0,3,132,95,131,0,-1,0,0,0,0,114,128,118,2,0,28,180
264,-1,ff,254,96,113,24,0,0,0,59392,0,0,80,0,0,1,186,1,106,124,232,0,0,0,0,0,0,0,0,0,0,0,0,0,0,0,254,2,255,92,119,8,0,248,1,103,126,224,254,78,254,93,115,56,1,254,0,107,120,248,1,222,99,127,0,-1,0,0,0,0,0,16,84,122,0,0,8,96,120,0,255,202,107,116,0,2,239,95,131,0,253,24,112,109,0,-1,0,0,0,0,1,220,95,126,0,254,117,89,113,0,3,132,94,134,0,-1,0,0,0,0,112,131,117,2,0,29,180
265,-1,ff,254,95,111,94,0,0,0,8704,0,0,100,0,0,1,186,1,108,125,162,0,0,0,0,0,0,0,0,0,0,0,0,0,0,0,254,2,255,90,119,10,0,248,1,104,128,216,254,78,254,91,114,134,1,254,0,109,120,246,1,222,99,129,0,-1,0,0,0,0,0,16,80,123,0,0,8,95,121,0,255,202,108,115,0,2,239,94,134,0,253,24,115,107,0,-1,0,0,0,0,1,220,94,128,0,254,117,87,112,0,3,132,92,138,0,-1,0,0,0,0,110,134,117,2,0,30,180
266,-1,ff,254,94,109,164,0,0,0,23552,0,0,120,0,0,1,186,1,110,126,92,0,0,0,0,0,0,0,0,0,0,0,0,0,0,0,254,2,255,88,119,12,0,248,1,105,130,208,254,78,254,89,113,212,1,254,0,111,120,244,1,222,99,131,0,-1,0,0,0,0,0,16,76,123,0,0,8,94,121,0,255,202,110,114,0,2,239,93,136,0,253,24,118,104,0,-1,0,0,0,0,1,220,93,129,0,254,117,84,110,0,3,132,91,142,0,-1,0,0,0,0,108,137,116,2,0,31,180
267,-1,ff,254,93,107,234,0,0,0,38400,0,0,140,0,0,1,186,1,112,127,22,0,0,0,0,0,0,0,0,0,0,0,0,0,0,0,254,2,255,86,119,14,0,248,1,106,132,200,254,78,254,88,112,34,1,254,0,113,120,242,1,222,99,133,0,-1,0,0,0,0,0,16,72,124,0,0,8,93,121,0,255,202,112,113,0,2,239,92,139,0,253,24,121,102,0,-1,0,0,0,0,1,220,92,131,0,254,117,82,108,0,3,132,89,145,0,-1,0,0,0,0,106,140,116,2,0,32,180
268,-1,ff,254,92,106,48,0,0,0,53248,0,0,160,0,0,1,186,1,113,128,208,0,0,0,0,0,0,0,0,0,0,0,0,0,0,0,254,2,255,84,119,16,0,248,1,107,133,192,254,78,254,86,111,112,1,254,0,115,120,240,1,222,98,135,0,-1,0,0,0,0,0,16,68,125,0,0,8,92,121,0,255,202,114,113,0,2,239,91,142,0,253,24,124,99,0,-1,0,0,0,0,1,220,90,133,0,254,117,79,107,0,3,132,88,149,0,-1,0,0,0,0,104,143,115,2,0,33,180
269,-1,ff,254,91,104,118,0,0,0,2560,0,0,180,0,0,1,186,1,115,129,138,0,0,0,0,0,0,0,0,0,0,0,0,0,0,0,254,2,255,82,119,18,0,248,1,108,135,184,254,78,254,84,110,190,1,254,0,117,120,238,1,222,98,137,0,-1,0,0,0,0,0,16,64,125,0,0,8,91,122,0,255,202,116,112,0,2,239,90,145,0,253,24,127,97,0,-1,0,0,0,0,1,220,89,134,0,254,117,77,105,0,3,132,86,153,0,-1,0,0,0,0,102,146,115,2,0,34,180
270,-1,ff,254,90,102,188,0,0,0,17408,0,0,200,0,0,1,186,1,117,130,68,0,0,0,0,0,0,0,0,0,0,0,0,0,0,0,254,2,255,80,119,20,0,248,1,109,137,176,254,78,254,83,109,12,1,254,0,119,120,236,1,222,98,139,0,-1,0,0,0,0,0,16,60,126,0,0,8,90,122,0,255,202,117,111,0,2,239,89,148,0,253,24,130,94,0,-1,0,0,0,0,1,220,88,136,0,254,117,74,104,0,3,132,85,157,0,-1,0,0,0,0,100,149,114,2,0,35,180
271,-1,ff,254,89,101,2,0,0,0,32256,0,0,220,0,0,1,186,1,118,131,254,0,0,0,0,0,0,0,0,0,0,0,0,0,0,0,254,2,255,78,119,22,0,248,1,110,139,168,254,78,254,81,108,90,1,254,0,121,120,234,1,222,98,141,0,-1,0,0,0,0,0,16,56,126,0,0,8,89,122,0,255,202,119,110,0,2,239,88,150,0,253,24,134,92,0,-1,0,0,0,0,1,220,87,137,0,254,117,72,102,0,3,132,83,160,0,-1,0,0,0,0,98,152,113,2,0,36,180
272,-1,ff,254,88,99,72,0,0,0,47104,0,0,240,0,0,1,186,1,120,132,184,0,0,0,0,0,0,0,0,0,0,0,0,0,0,0,254,2,255,76,119,24,0,248,1,111,140,160,254,78,254,79,107,168,1,254,0,123,120,232,1,222,98,143,0,-1,0,0,0,0,0,16,52,127,0,0,8,88,122,0,255,202,121,109,0,2,239,87,153,0,253,24,137,89,0,-1,0,0,0,0,1,220,86,139,0,254,117,69,101,0,3,132,82,164,0,-1,0,0,0,0,96,155,113,2,0,37,180
273,-1,ff,254,87,97,142,0,0,0,61952,0,0,4,0,0,1,186,1,122,133,114,0,0,0,0,0,0,0,0,0,0,0,0,0,0,0,254,2,255,74,119,26,0,248,1,112,142,152,254,78,254,77,106,246,1,254,0,125,120,230,1,222,98,145,0,-1,0,0,0,0,0,16,48,128,0,0,8,87,123,0,255,202,123,108,0,2,239,86,156,0,253,24,140,87,0,-1,0,0,0,0,1,220,85,141,0,254,117,66,99,0,3,132,80,168,0,-1,0,0,0,0,94,158,112,2,0,38,180
274,-1,ff,254,86,95,212,0,0,0,11264,0,0,24,0,0,1,186,1,124,134,44,0,0,0,0,0,0,0,0,0,0,0,0,0,0,0,254,2,255,72,119,28,0,248,1,113,144,144,254,78,254,76,105,68,1,254,0,127,120,228,1,222,98,147,0,-1,0,0,0,0,0,16,44,128,0,0,8,86,123,0,255,202,125,107,0,2,239,85,159,0,253,24,143,84,0,-1,0,0,0,0,1,220,84,142,0,254,117,64,97,0,3,132,79,171,0,-1,0,0,0,0,92,161,112,2,0,39,180
275,-1,ff,254,85,94,26,0,0,0,26112,0,0,44,0,0,1,186,1,125,135,230,0,0,0,0,0,0,0,0,0,0,0,0,0,0,0,254,2,255,70,119,30,0,248,1,114,146,136,254,78,254,74,104,146,1,254,0,129,120,226,1,222,98,149,0,-1,0,0,0,0,0,16,40,129,0,0,8,85,123,0,255,202,126,106,0,2,239,84,162,0,253,24,146,82,0,-1,0,0,0,0,1,220,82,144,0,254,117,61,96,0,3,132,77,175,0,-1,0,0,0,0,90,164,111,2,0,40,180
276,-1,ff,254,84,92,96,0,0,0,40960,0,0,64,0,0,1,186,1,127,136,160,0,0,0,0,0,0,0,0,0,0,0,0,0,0,0,254,2,255,68,119,32,0,248,1,115,147,128,254,78,254,72,103,224,1,254,0,131,121,224,1,222,97,151,0,-1,0,0,0,0,0,16,37,130,0,0,8,84,123,0,255,202,128,106,0,2,239,82,164,0,253,24,149,79,0,-1,0,0,0,0,1,220,81,146,0,254,117,59,94,0,3,132,76,179,0,-1,0,0,0,0,88,167,111,2,0,41,180
277,-1,ff,254,83,90,166,0,0,0,55808,0,0,84,0,0,1,186,1,129,137,90,0,0,0,0,0,0,0,0,0,0,0,0,0,0,0,254,2,255,66,119,34,0,248,1,116,149,120,254,78,254,71,102,46,1,254,0,133,121,222,1,222,97,153,0,-1,0,0,0,0,0,16,33,130,0,0,8,83,124,0,255,202,130,105,0,2,239,81,167,0,253,24,152,77,0,-1,0,0,0,0,1,220,80,147,0,254,117,56,93,0,3,132,74,182,0,-1,0,0,0,0,86,170,110,2,0,42,180
278,-1,ff,254,82,88,236,0,0,0,5120,0,0,104,0,0,1,186,1,131,138,20,0,0,0,0,0,0,0,0,0,0,0,0,0,0,0,254,2,255,64,119,36,0,248,1,117,151,112,254,78,254,69,101,124,1,254,0,135,121,220,1,222,97,155,0,-1,0,0,0,0,0,16,29,131,0,0,8,82,124,0,255,202,132,104,0,2,239,80,170,0,253,24,155,74,0,-1,0,0,0,0,1,220,79,149,0,254,117,54,91,0,3,132,73,186,0,-1,0,0,0,0,84,173,110,2,0,43,180
279,-1,ff,254,81,87,50,0,0,0,19968,0,0,124,0,0,1,186,1,132,139,206,0,0,0,0,0,0,0,0,0,0,0,0,0,0,0,254,2,255,62,119,38,0,248,1,118,153,104,254,78,254,67,99,202,1,254,0,137,121,218,1,222,97,157,0,-1,0,0,0,0,0,16,25,131,0,0,8,81,124,0,255,202,133,103,0,2,239,79,173,0,253,24,158,72,0,-1,0,0,0,0,1,220,78,151,0,254,117,51,89,0,3,132,71,190,0,-1,0,0,0,0,82,176,109,2,0,44,180
280,-1,ff,254,80,85,120,0,0,0,34816,0,0,144,0,0,1,186,1,134,140,136,0,0,0,0,0,0,0,0,0,0,0,0,0,0,0,254,2,255,60,119,40,0,248,1,119,154,96,254,78,254,66,98,24,1,254,0,139,121,216,1,222,97,159,0,-1,0,0,0,0,0,16,21,132,0,0,8,80,124,0,255,202,135,102,0,2,239,78,176,0,253,24,161,69,0,-1,0,0,0,0,1,220,77,152,0,254,117,49,88,0,3,132,70,194,0,-1,0,0,0,0,80,179,109,2,0,45,180
281,-1,ff,254,79,83,190,0,0,0,49664,0,0,164,0,0,1,186,1,136,141,66,0,0,0,0,0,0,0,0,0,0,0,0,0,0,0,254,2,255,58,119,42,0,248,1,120,156,88,254,78,254,64,97,102,1,254,0,141,121,214,1,222,97,161,0,-1,0,0,0,0,0,16,17,133,0,0,8,79,125,0,255,202,137,101,0,2,239,77,178,0,253,24,164,67,0,-1,0,0,0,0,1,220,76,154,0,254,117,46,86,0,3,132,68,197,0,-1,0,0,0,0,78,182,108,2,0,46,180
282,-1,ff,254,78,82,4,0,0,0,64512,0,0,184,0,0,1,186,1,137,142,252,0,0,0,0,0,0,0,0,0,0,0,0,0,0,0,254,2,255,56,119,44,0,248,1,121,158,80,254,78,254,62,96,180,1,254,0,143,121,212,1,222,97,163,0,-1,0,0,0,0,0,16,100,120,0,0,8,78,125,0,255,202,139,100,0,2,239,76,181,0,253,24,168,64,0,-1,0,0,0,0,1,220,74,155,0,254,117,44,85,0,3,132,67,201,0,-1,0,0,0,0,76,185,107,2,0,47,180
283,-1,ff,254,77,80,74,0,0,0,13824,0,0,204,0,0,1,186,1,139,143,182,0,0,0,0,0,0,0,0,0,0,0,0,0,0,0,254,2,255,54,119,46,0,248,1,122,160,72,254,78,254,61,95,2,1,254,0,145,121,210,1,222,96,165,0,-1,0,0,0,0,0,16,96,120,0,0,8,77,125,0,255,202,141,99,0,2,239,75,184,0,253,24,171,62,0,-1,0,0,0,0,1,220,73,157,0,254,117,41,83,0,3,132,65,205,0,-1,0,0,0,0,74,188,107,2,0,48,180
284,-1,ff,254,76,78,144,0,0,0,28672,0,0,224,0,0,1,186,1,141,144,112,0,0,0,0,0,0,0,0,0,0,0,0,0,0,0,254,2,255,52,119,48,0,248,1,123,161,64,254,78,254,59,94,80,1,254,0,147,121,208,1,222,96,167,0,-1,0,0,0,0,0,16,92,121,0,0,8,76,125,0,255,202,142,99,0,2,239,74,187,0,253,24,174,59,0,-1,0,0,0,0,1,220,72,159,0,254,117,38,82,0,3,132,64,208,0,-1,0,0,0,0,72,191,106,2,0,49,180
285,-1,ff,254,75,76,214,0,0,0,43520,0,0,244,0,0,1,186,1,143,145,42,0,0,0,0,0,0,0,0,0,0,0,0,0,0,0,254,2,255,50,119,50,0,248,1,124,163,56,254,78,254,57,93,158,1,254,0,149,121,206,1,222,96,169,0,-1,0,0,0,0,0,16,88,122,0,0,8,75,125,0,255,202,144,98,0,2,239,73,190,0,253,24,177,57,0,-1,0,0,0,0,1,220,71,160,0,254,117,36,80,0,3,132,62,212,0,-1,0,0,0,0,70,194,106,2,0,50,180
286,-1,ff,254,74,75,28,0,0,0,58368,0,0,8,0,0,1,186,1,144,146,228,0,0,0,0,0,0,0,0,0,0,0,0,0,0,0,254,2,255,48,119,52,0,248,1,125,165,48,254,78,254,55,92,236,1,254,0,151,121,204,1,222,96,171,0,-1,0,0,0,0,0,16,84,122,0,0,8,74,126,0,255,202,146,97,0,2,239,72,192,0,253,24,180,54,0,-1,0,0,0,0,1,220,70,162,0,254,117,33,78,0,3,132,61,216,0,-1,0,0,0,0,68,197,105,2,0,51,180
287,-1,ff,254,73,73,98,0,0,0,7680,0,0,28,0,0,1,186,1,146,147,158,0,0,0,0,0,0,0,0,0,0,0,0,0,0,0,254,2,255,46,119,54,0,248,1,126,167,40,254,78,254,54,91,58,1,254,0,153,121,202,1,222,96,173,0,-1,0,0,0,0,0,16,80,123,0,0,8,73,126,0,255,202,148,96,0,2,239,71,195,0,253,24,183,52,0,-1,0,0,0,0,1,220,69,164,0,254,117,31,77,0,3,132,59,219,0,-1,0,0,0,0,66,200,105,2,0,52,180
288,-1,ff,254,72,71,168,0,0,0,22528,0,0,48,0,0,1,186,1,148,148,88,0,0,0,0,0,0,0,0,0,0,0,0,0,0,0,254,2,255,44,119,56,0,248,1,127,168,32,254,78,254,52,90,136,1,254,0,155,121,200,1,222,96,175,0,-1,0,0,0,0,0,16,76,123,0,0,8,72,126,0,255,202,150,95,0,2,239,70,198,0,253,24,186,49,0,-1,0,0,0,0,1,220,68,165,0,254,117,28,75,0,3,132,58,223,0,-1,0,0,0,0,64,203,104,2,0,53,180
289,-1,ff,254,71,69,238,0,0,0,37376,0,0,68,0,0,1,186,1,150,149,18,0,0,0,0,0,0,0,0,0,0,0,0,0,0,0,254,2,255,42,119,58,0,248,1,128,170,24,254,78,254,50,89,214,1,254,0,157,121,198,1,222,96,177,0,-1,0,0,0,0,0,16,72,124,0,0,8,71,126,0,255,202,151,94,0,2,239,69,201,0,253,24,189,47,0,-1,0,0,0,0,1,220,66,167,0,254,117,26,74,0,3,132,56,227,0,-1,0,0,0,0,62,205,104,2,0,54,180
290,-1,ff,254,70,68,52,0,0,0,37376,0,0,88,0,0,1,186,1,151,150,204,0,0,0,0,0,0,0,0,0,0,0,0,0,0,0,254,2,255,40,119,60,0,248,1,129,172,16,254,78,254,49,88,36,1,254,0,159,121,196,1,222,96,179,0,-1,0,0,0,0,0,16,68,125,0,0,8,70,127,0,255,202,153,93,0,2,239,68,204,0,253,24,192,44,0,-1,0,0,0,0,1,220,65,168,0,254,117,23,72,0,3,132,55,231,0,-1,0,0,0,0,60,208,103,2,0,55,180
291,-1,ff,254,69,66,122,0,0,0,52224,0,0,88,0,0,1,186,1,153,151,134,0,0,0,0,0,0,0,0,0,0,0,0,0,0,0,254,2,255,38,119,62,0,248,1,130,174,8,254,78,254,47,87,114,1,254,0,161,121,194,1,222,95,181,0,-1,0,0,0,0,0,16,64,125,0,0,8,69,127,0,255,202,155,92,0,2,239,66,206,0,253,24,195,42,0,-1,0,0,0,0,1,220,64,170,0,254,117,21,70,0,3,132,53,234,0,-1,0,0,0,0,58,211,103,2,0,56,180
292,-1,ff,254,68,64,192,0,0,0,1536,0,0,108,0,0,1,186,1,155,152,64,0,0,0,0,0,0,0,0,0,0,0,0,0,0,0,254,2,255,36,119,64,0,248,1,131,175,0,254,78,254,45,86,192,1,254,0,163,122,192,1,222,95,183,0,-1,0,0,0,0,0,16,61,126,0,0,8,69,127,0,255,202,157,92,0,2,239,65,209,0,253,24,199,39,0,-1,0,0,0,0,1,220,63,172,0,254,117,18,69,0,3,132,52,238,0,-1,0,0,0,0,56,214,102,2,0,57,180
293,-1,ff,254,67,63,6,0,0,0,16384,0,0,128,0,0,1,186,1,156,153,250,0,0,0,0,0,0,0,0,0,0,0,0,0,0,0,254,2,255,34,118,66,0,248,1,131,177,248,254,78,254,44,85,14,1,254,0,165,122,190,1,222,95,185,0,-1,0,0,0,0,0,16,57,127,0,0,8,68,127,0,255,202,159,91,0,2,239,64,212,0,253,24,202,36,0,-1,0,0,0,0,1,220,62,173,0,254,117,16,67,0,3,132,100,120,0,-1,0,0,0,0,54,217,101,2,0,58,180
294,-1,ff,254,66,61,76,0,0,0,31232,0,0,148,0,0,1,186,1,158,154,180,0,0,0,0,0,0,0,0,0,0,0,0,0,0,0,254,2,255,32,118,68,0,248,1,132,179,240,254,78,254,42,84,92,1,254,0,167,122,188,1,222,95,187,0,-1,0,0,0,0,0,16,53,127,0,0,8,67,128,0,255,202,160,90,0,2,239,63,215,0,253,24,205,34,0,-1,0,0,0,0,1,220,61,175,0,254,117,100,120,0,3,132,98,123,0,-1,0,0,0,0,52,220,101,2,0,59,180
295,-1,ff,254,65,59,146,0,0,0,46080,0,0,168,0,0,1,186,1,160,155,110,0,0,0,0,0,0,0,0,0,0,0,0,0,0,0,254,2,255,30,118,70,0,248,1,133,180,232,254,78,254,40,83,170,1,254,0,169,122,186,1,222,95,189,0,-1,0,0,0,0,0,16,49,128,0,0,8,66,128,0,255,202,162,89,0,2,239,62,218,0,253,24,208,31,0,-1,0,0,0,0,1,220,60,177,0,254,117,97,119,0,3,132,97,127,0,-1,0,0,0,0,50,223,100,2,0,60,180
296,-1,ff,254,64,57,216,0,0,0,60928,0,0,188,0,0,1,186,1,162,156,40,0,0,0,0,0,0,0,0,0,0,0,0,0,0,0,254,2,255,28,118,72,0,248,1,134,182,224,254,78,254,38,82,248,1,254,0,171,122,184,1,222,95,191,0,-1,0,0,0,0,0,16,45,128,0,0,8,65,128,0,255,202,164,88,0,2,239,61,220,0,253,24,211,29,0,-1,0,0,0,0,1,220,58,178,0,254,117,95,117,0,3,132,95,131,0,-1,0,0,0,0,48,226,100,2,0,61,180
297,-1,ff,254,63,56,30,0,0,0,10240,0,0,208,0,0,1,186,1,163,157,226,0,0,0,0,0,0,0,0,0,0,0,0,0,0,0,254,2,255,26,118,74,0,248,1,135,184,216,254,78,254,37,80,70,1,254,0,173,122,182,1,222,95,193,0,-1,0,0,0,0,0,16,41,129,0,0,8,64,128,0,255,202,166,87,0,2,239,60,223,0,253,24,214,26,0,-1,0,0,0,0,1,220,57,180,0,254,117,92,116,0,3,132,94,135,0,-1,0,0,0,0,46,229,99,2,0,62,180
298,-1,ff,254,62,54,100,0,0,0,25088,0,0,228,0,0,1,186,1,165,158,156,0,0,0,0,0,0,0,0,0,0,0,0,0,0,0,254,2,255,24,118,76,0,248,1,136,186,208,254,78,254,35,79,148,1,254,0,175,122,180,1,222,94,195,0,-1,0,0,0,0,0,16,37,130,0,0,8,63,129,0,255,202,167,86,0,2,239,59,226,0,253,24,217,24,0,-1,0,0,0,0,1,220,56,182,0,254,117,90,114,0,3,132,92,138,0,-1,0,0,0,0,44,232,99,2,0,63,180
299,-1,ff,254,61,52,170,0,0,0,39936,0,0,248,0,0,1,186,1,167,159,86,0,0,0,0,0,0,0,0,0,0,0,0,0,0,0,254,2,255,22,118,78,0,248,1,137,187,200,254,78,254,33,78,226,1,254,0,177,122,178,1,222,94,197,0,-1,0,0,0,0,0,16,33,130,0,0,8,62,129,0,255,202,169,85,0,2,239,58,229,0,253,24,220,21,0,-1,0,0,0,0,1,220,55,183,0,254,117,87,112,0,3,132,91,142,0,-1,0,0,0,0,42,235,98,2,0,64,180
300,-1,ff,254,60,50,240,0,0,0,54784,0,0,12,0,0,1,186,1,169,160,16,0,0,0,0,0,0,0,0,0,0,0,0,0,0,0,254,2,255,20,118,80,0,248,1,138,189,192,254,78,254,32,77,48,1,254,0,179,122,176,1,222,94,199,0,-1,0,0,0,0,0,16,29,131,0,0,8,61,129,0,255,202,171,85,0,2,239,57,232,0,253,24,223,19,0,-1,0,0,0,0,1,220,54,185,0,254,117,85,111,0,3,132,89,146,0,-1,0,0,0,0,40,238,120,2,0,65,180
301,-1,ff,254,59,49,54,0,0,0,4096,0,0,32,0,0,1,186,1,170,161,202,0,0,0,0,0,0,0,0,0,0,0,0,0,0,0,254,2,255,18,118,82,0,248,1,139,191,184,254,78,254,30,76,126,1,254,0,181,122,174,1,222,94,201,0,-1,0,0,0,0,0,16,25,132,0,0,8,60,129,0,255,202,173,84,0,2,239,56,234,0,253,24,226,16,0,-1,0,0,0,0,1,220,53,186,0,254,117,82,109,0,3,132,88,149,0,-1,0,0,0,0,38,120,120,2,0,66,180
302,-1,ff,254,58,47,124,0,0,0,18944,0,0,52,0,0,1,186,1,172,162,132,0,0,0,0,0,0,0,0,0,0,0,0,0,0,0,254,2,255,16,118,84,0,248,1,140,193,176,254,78,254,28,75,204,1,254,0,183,122,172,1,222,94,203,0,-1,0,0,0,0,0,16,21,132,0,0,8,59,130,0,255,202,175,83,0,2,239,55,237,0,253,24,229,14,0,-1,0,0,0,0,1,220,52,188,0,254,117,80,108,0,3,132,86,153,0,-1,0,0,0,0,36,123,119,2,0,67,180
303,-1,ff,254,57,45,194,0,0,0,33792,0,0,72,0,0,1,186,1,174,163,62,0,0,0,0,0,0,0,0,0,0,0,0,0,0,0,254,2,255,100,120,86,0,248,1,141,194,168,254,78,254,27,74,26,1,254,0,185,122,170,1,222,94,205,0,-1,0,0,0,0,0,16,17,133,0,0,8,58,130,0,255,202,176,82,0,2,239,100,120,0,253,24,233,11,0,-1,0,0,0,0,1,220,50,190,0,254,117,77,106,0,3,132,85,157,0,-1,0,0,0,0,34,126,119,2,0,68,180
304,-1,ff,254,56,44,8,0,0,0,48640,0,0,92,0,0,1,186,1,175,164,248,0,0,0,0,0,0,0,0,0,0,0,0,0,0,0,254,2,255,98,120,88,0,248,1,142,196,160,254,78,254,25,73,104,1,254,0,187,122,168,1,222,94,207,0,-1,0,0,0,0,0,16,100,120,0,0,8,57,130,0,255,202,178,81,0,2,239,99,123,0,253,24,236,9,0,-1,0,0,0,0,1,220,49,191,0,254,117,75,104,0,3,132,83,160,0,-1,0,0,0,0,32,129,118,2,0,69,180
305,-1,ff,254,55,42,78,0,0,0,63488,0,0,112,0,0,1,186,1,177,165,178,0,0,0,0,0,0,0,0,0,0,0,0,0,0,0,254,2,255,96,120,90,0,248,1,143,198,152,254,78,254,23,72,182,1,254,0,189,122,166,1,222,94,209,0,-1,0,0,0,0,0,16,96,120,0,0,8,56,130,0,255,202,180,80,0,2,239,98,126,0,253,24,239,6,0,-1,0,0,0,0,1,220,48,193,0,254,117,72,103,0,3,132,82,164,0,-1,0,0,0,0,30,132,117,2,0,70,180
306,-1,ff,254,54,40,148,0,0,0,12800,0,0,132,0,0,1,186,1,179,166,108,0,0,0,0,0,0,0,0,0,0,0,0,0,0,0,254,2,255,94,120,92,0,248,1,144,200,144,254,78,254,22,71,4,1,254,0,191,122,164,1,222,93,211,0,-1,0,0,0,0,0,16,92,121,0,0,8,55,130,0,255,202,182,79,0,2,239,96,128,0,253,24,242,4,0,-1,0,0,0,0,1,220,47,195,0,254,117,70,101,0,3,132,80,168,0,-1,0,0,0,0,28,135,117,2,0,71,180
307,-1,ff,254,53,38,218,0,0,0,27648,0,0,152,0,0,1,186,1,181,167,38,0,0,0,0,0,0,0,0,0,0,0,0,0,0,0,254,2,255,92,120,94,0,248,1,145,201,136,254,78,254,20,70,82,1,254,0,193,122,162,1,222,93,213,0,-1,0,0,0,0,0,16,88,122,0,0,8,54,131,0,255,202,184,78,0,2,239,95,131,0,253,24,245,1,0,-1,0,0,0,0,1,220,46,196,0,254,117,67,100,0,3,132,79,172,0,-1,0,0,0,0,26,138,116,2,0,72,180
308,-1,ff,254,0,0,218,0,0,0,27648,0,0,152,0,0,1,186,1,0,0,38,0,0,0,0,0,0,0,0,0,0,0,0,0,0,0,254,2,255,0,0,94,0,248,1,0,0,136,254,78,254,0,0,82,1,254,0,0,0,162,1,222,0,0,0,-1,0,0,0,0,0,16,0,0,0,0,8,0,0,0,255,202,0,0,0,2,239,0,0,0,253,24,0,0,0,-1,0,0,0,0,1,220,0,0,0,254,117,0,0,0,3,132,0,0,0,-1,0,0,0,0,0,0,0,1,0,73,180
309,-1,ff,0,0,0,0,0,0,0,0,0,0,0,0,0,0,0,0,0,0,0,0,0,0,0,0,0,0,0,0,0,0,0,0,0,0,0,0,0,0,0,0,0,0,0,0,0,0,0,0,0,0,0,0,0,0,0,0,0,0,-1,0,0,0,0,-1,0,0,0,0,-1,0,0,0,0,-1,0,0,0,0,-1,0,0,0,0,-1,0,0,0,0,-1,0,0,0,0,-1,0,0,0,0,-1,0,0,0,0,-1,0,0,0,0,-1,0,0,0,0,-1,0,0,0,0,0,0,0,1,0,74,180
310,-1,ff,0,0,0,0,0,0,0,0,0,0,0,0,0,0,0,0,0,0,0,0,0,0,0,0,0,0,0,0,0,0,0,0,0,0,0,0,0,0,0,0,0,0,0,0,0,0,0,0,0,0,0,0,0,0,0,0,0,0,-1,0,0,0,0,-1,0,0,0,0,-1,0,0,0,0,-1,0,0,0,0,-1,0,0,0,0,-1,0,0,0,0,-1,0,0,0,0,-1,0,0,0,0,-1,0,0,0,0,-1,0,0,0,0,-1,0,0,0,0,-1,0,0,0,0,0,0,0,1,0,75,180
311,-1,ff,0,0,0,0,0,0,0,0,0,0,0,0,0,0,0,0,0,0,0,0,0,0,0,0,0,0,0,0,0,0,0,0,0,0,0,0,0,0,0,0,0,0,0,0,0,0,0,0,0,0,0,0,0,0,0,0,0,0,-1,0,0,0,0,-1,0,0,0,0,-1,0,0,0,0,-1,0,0,0,0,-1,0,0,0,0,-1,0,0,0,0,-1,0,0,0,0,-1,0,0,0,0,-1,0,0,0,0,-1,0,0,0,0,-1,0,0,0,0,-1,0,0,0,0,0,0,0,1,0,76,180
312,-1,ff,0,0,0,0,0,0,0,0,0,0,0,0,0,0,0,0,0,0,0,0,0,0,0,0,0,0,0,0,0,0,0,0,0,0,0,0,0,0,0,0,0,0,0,0,0,0,0,0,0,0,0,0,0,0,0,0,0,0,-1,0,0,0,0,-1,0,0,0,0,-1,0,0,0,0,-1,0,0,0,0,-1,0,0,0,0,-1,0,0,0,0,-1,0,0,0,0,-1,0,0,0,0,-1,0,0,0,0,-1,0,0,0,0,-1,0,0,0,0,-1,0,0,0,0,0,0,0,1,0,77,180
313,-1,ff,0,0,0,0,0,0,0,0,0,0,0,0,0,0,0,0,0,0,0,0,0,0,0,0,0,0,0,0,0,0,0,0,0,0,0,0,0,0,0,0,0,0,0,0,0,0,0,0,0,0,0,0,0,0,0,0,0,0,-1,0,0,0,0,-1,0,0,0,0,-1,0,0,0,0,-1,0,0,0,0,-1,0,0,0,0,-1,0,0,0,0,-1,0,0,0,0,-1,0,0,0,0,-1,0,0,0,0,-1,0,0,0,0,-1,0,0,0,0,-1,0,0,0,0,0,0,0,1,0,78,180
314,-1,ff,0,0,0,0,0,0,0,0,0,0,0,0,0,0,0,0,0,0,0,0,0,0,0,0,0,0,0,0,0,0,0,0,0,0,0,0,0,0,0,0,0,0,0,0,0,0,0,0,0,0,0,0,0,0,0,0,0,0,-1,0,0,0,0,-1,0,0,0,0,-1,0,0,0,0,-1,0,0,0,0,-1,0,0,0,0,-1,0,0,0,0,-1,0,0,0,0,-1,0,0,0,0,-1,0,0,0,0,-1,0,0,0,0,-1,0,0,0,0,-1,0,0,0,0,0,0,0,1,0,79,180
315,-1,ff,0,0,0,0,0,0,0,0,0,0,0,0,0,0,0,0,0,0,0,0,0,0,0,0,0,0,0,0,0,0,0,0,0,0,0,0,0,0,0,0,0,0,0,0,0,0,0,0,0,0,0,0,0,0,0,0,0,0,-1,0,0,0,0,-1,0,0,0,0,-1,0,0,0,0,-1,0,0,0,0,-1,0,0,0,0,-1,0,0,0,0,-1,0,0,0,0,-1,0,0,0,0,-1,0,0,0,0,-1,0,0,0,0,-1,0,0,0,0,-1,0,0,0,0,0,0,0,1,0,80,180
316,-1,ff,0,0,0,0,0,0,0,0,0,0,0,0,0,0,0,0,0,0,0,0,0,0,0,0,0,0,0,0,0,0,0,0,0,0,0,0,0,0,0,0,0,0,0,0,0,0,0,0,0,0,0,0,0,0,0,0,0,0,-1,0,0,0,0,-1,0,0,0,0,-1,0,0,0,0,-1,0,0,0,0,-1,0,0,0,0,-1,0,0,0,0,-1,0,0,0,0,-1,0,0,0,0,-1,0,0,0,0,-1,0,0,0,0,-1,0,0,0,0,-1,0,0,0,0,0,0,0,1,0,81,180
317,-1,ff,0,0,0,0,0,0,0,0,0,0,0,0,0,0,0,0,0,0,0,0,0,0,0,0,0,0,0,0,0,0,0,0,0,0,0,0,0,0,0,0,0,0,0,0,0,0,0,0,0,0,0,0,0,0,0,0,0,0,-1,0,0,0,0,-1,0,0,0,0,-1,0,0,0,0,-1,0,0,0,0,-1,0,0,0,0,-1,0,0,0,0,-1,0,0,0,0,-1,0,0,0,0,-1,0,0,0,0,-1,0,0,0,0,-1,0,0,0,0,-1,0,0,0,0,0,0,0,1,0,82,180
318,-1,ff,0,0,0,0,0,0,0,0,0,0,0,0,0,0,0,0,0,0,0,0,0,0,0,0,0,0,0,0,0,0,0,0,0,0,0,0,0,0,0,0,0,0,0,0,0,0,0,0,0,0,0,0,0,0,0,0,0,0,-1,0,0,0,0,-1,0,0,0,0,-1,0,0,0,0,-1,0,0,0,0,-1,0,0,0,0,-1,0,0,0,0,-1,0,0,0,0,-1,0,0,0,0,-1,0,0,0,0,-1,0,0,0,0,-1,0,0,0,0,-1,0,0,0,0,0,0,0,1,0,83,180
319,-1,ff,0,0,0,0,0,0,0,0,0,0,0,0,0,0,0,0,0,0,0,0,0,0,0,0,0,0,0,0,0,0,0,0,0,0,0,0,0,0,0,0,0,0,0,0,0,0,0,0,0,0,0,0,0,0,0,0,0,0,-1,0,0,0,0,-1,0,0,0,0,-1,0,0,0,0,-1,0,0,0,0,-1,0,0,0,0,-1,0,0,0,0,-1,0,0,0,0,-1,0,0,0,0,-1,0,0,0,0,-1,0,0,0,0,-1,0,0,0,0,-1,0,0,0,0,0,0,0,1,0,84,180
320,-1,ff,0,0,0,0,0,0,0,0,0,0,0,0,0,0,0,0,0,0,0,0,0,0,0,0,0,0,0,0,0,0,0,0,0,0,0,0,0,0,0,0,0,0,0,0,0,0,0,0,0,0,0,0,0,0,0,0,0,0,-1,0,0,0,0,-1,0,0,0,0,-1,0,0,0,0,-1,0,0,0,0,-1,0,0,0,0,-1,0,0,0,0,-1,0,0,0,0,-1,0,0,0,0,-1,0,0,0,0,-1,0,0,0,0,-1,0,0,0,0,-1,0,0,0,0,0,0,0,1,0,85,180
321,-1,ff,0,0,0,0,0,0,0,0,0,0,0,0,0,0,0,0,0,0,0,0,0,0,0,0,0,0,0,0,0,0,0,0,0,0,0,0,0,0,0,0,0,0,0,0,0,0,0,0,0,0,0,0,0,0,0,0,0,0,-1,0,0,0,0,-1,0,0,0,0,-1,0,0,0,0,-1,0,0,0,0,-1,0,0,0,0,-1,0,0,0,0,-1,0,0,0,0,-1,0,0,0,0,-1,0,0,0,0,-1,0,0,0,0,-1,0,0,0,0,-1,0,0,0,0,0,0,0,1,0,86,180
322,-1,ff,0,0,0,0,0,0,0,0,0,0,0,0,0,0,0,0,0,0,0,0,0,0,0,0,0,0,0,0,0,0,0,0,0,0,0,0,0,0,0,0,0,0,0,0,0,0,0,0,0,0,0,0,0,0,0,0,0,0,-1,0,0,0,0,-1,0,0,0,0,-1,0,0,0,0,-1,0,0,0,0,-1,0,0,0,0,-1,0,0,0,0,-1,0,0,0,0,-1,0,0,0,0,-1,0,0,0,0,-1,0,0,0,0,-1,0,0,0,0,-1,0,0,0,0,0,0,0,1,0,87,180
323,-1,ff,0,0,0,0,0,0,0,0,0,0,0,0,0,0,0,0,0,0,0,0,0,0,0,0,0,0,0,0,0,0,0,0,0,0,0,0,0,0,0,0,0,0,0,0,0,0,0,0,0,0,0,0,0,0,0,0,0,0,-1,0,0,0,0,-1,0,0,0,0,-1,0,0,0,0,-1,0,0,0,0,-1,0,0,0,0,-1,0,0,0,0,-1,0,0,0,0,-1,0,0,0,0,-1,0,0,0,0,-1,0,0,0,0,-1,0,0,0,0,-1,0,0,0,0,0,0,0,1,0,88,180
324,-1,ff,0,0,0,0,0,0,0,0,0,0,0,0,0,0,0,0,0,0,0,0,0,0,0,0,0,0,0,0,0,0,0,0,0,0,0,0,0,0,0,0,0,0,0,0,0,0,0,0,0,0,0,0,0,0,0,0,0,0,-1,0,0,0,0,-1,0,0,0,0,-1,0,0,0,0,-1,0,0,0,0,-1,0,0,0,0,-1,0,0,0,0,-1,0,0,0,0,-1,0,0,0,0,-1,0,0,0,0,-1,0,0,0,0,-1,0,0,0,0,-1,0,0,0,0,0,0,0,1,0,89,180
325,-1,ff,0,0,0,0,0,0,0,0,0,0,0,0,0,0,0,0,0,0,0,0,0,0,0,0,0,0,0,0,0,0,0,0,0,0,0,0,0,0,0,0,0,0,0,0,0,0,0,0,0,0,0,0,0,0,0,0,0,0,-1,0,0,0,0,-1,0,0,0,0,-1,0,0,0,0,-1,0,0,0,0,-1,0,0,0,0,-1,0,0,0,0,-1,0,0,0,0,-1,0,0,0,0,-1,0,0,0,0,-1,0,0,0,0,-1,0,0,0,0,-1,0,0,0,0,0,0,0,1,0,90,180
326,-1,ff,0,0,0,0,0,0,0,0,0,0,0,0,0,0,0,0,0,0,0,0,0,0,0,0,0,0,0,0,0,0,0,0,0,0,0,0,0,0,0,0,0,0,0,0,0,0,0,0,0,0,0,0,0,0,0,0,0,0,-1,0,0,0,0,-1,0,0,0,0,-1,0,0,0,0,-1,0,0,0,0,-1,0,0,0,0,-1,0,0,0,0,-1,0,0,0,0,-1,0,0,0,0,-1,0,0,0,0,-1,0,0,0,0,-1,0,0,0,0,-1,0,0,0,0,0,0,0,1,0,91,180
327,-1,ff,0,0,0,0,0,0,0,0,0,0,0,0,0,0,0,0,0,0,0,0,0,0,0,0,0,0,0,0,0,0,0,0,0,0,0,0,0,0,0,0,0,0,0,0,0,0,0,0,0,0,0,0,0,0,0,0,0,0,-1,0,0,0,0,-1,0,0,0,0,-1,0,0,0,0,-1,0,0,0,0,-1,0,0,0,0,-1,0,0,0,0,-1,0,0,0,0,-1,0,0,0,0,-1,0,0,0,0,-1,0,0,0,0,-1,0,0,0,0,-1,0,0,0,0,0,0,0,1,0,92,180
328,-1,ff,0,0,0,0,0,0,0,0,0,0,0,0,0,0,0,0,0,0,0,0,0,0,0,0,0,0,0,0,0,0,0,0,0,0,0,0,0,0,0,0,0,0,0,0,0,0,0,0,0,0,0,0,0,0,0,0,0,0,-1,0,0,0,0,-1,0,0,0,0,-1,0,0,0,0,-1,0,0,0,0,-1,0,0,0,0,-1,0,0,0,0,-1,0,0,0,0,-1,0,0,0,0,-1,0,0,0,0,-1,0,0,0,0,-1,0,0,0,0,-1,0,0,0,0,0,0,0,1,0,93,180
329,-1,ff,0,0,0,0,0,0,0,0,0,0,0,0,0,0,0,0,0,0,0,0,0,0,0,0,0,0,0,0,0,0,0,0,0,0,0,0,0,0,0,0,0,0,0,0,0,0,0,0,0,0,0,0,0,0,0,0,0,0,-1,0,0,0,0,-1,0,0,0,0,-1,0,0,0,0,-1,0,0,0,0,-1,0,0,0,0,-1,0,0,0,0,-1,0,0,0,0,-1,0,0,0,0,-1,0,0,0,0,-1,0,0,0,0,-1,0,0,0,0,-1,0,0,0,0,0,0,0,1,0,94,180
330,-1,ff,0,0,0,0,0,0,0,0,0,0,0,0,0,0,0,0,0,0,0,0,0,0,0,0,0,0,0,0,0,0,0,0,0,0,0,0,0,0,0,0,0,0,0,0,0,0,0,0,0,0,0,0,0,0,0,0,0,0,-1,0,0,0,0,-1,0,0,0,0,-1,0,0,0,0,-1,0,0,0,0,-1,0,0,0,0,-1,0,0,0,0,-1,0,0,0,0,-1,0,0,0,0,-1,0,0,0,0,-1,0,0,0,0,-1,0,0,0,0,-1,0,0,0,0,0,0,0,1,0,95,180
331,-1,ff,0,0,0,0,0,0,0,0,0,0,0,0,0,0,0,0,0,0,0,0,0,0,0,0,0,0,0,0,0,0,0,0,0,0,0,0,0,0,0,0,0,0,0,0,0,0,0,0,0,0,0,0,0,0,0,0,0,0,-1,0,0,0,0,-1,0,0,0,0,-1,0,0,0,0,-1,0,0,0,0,-1,0,0,0,0,-1,0,0,0,0,-1,0,0,0,0,-1,0,0,0,0,-1,0,0,0,0,-1,0,0,0,0,-1,0,0,0,0,-1,0,0,0,0,0,0,0,1,0,96,180
332,-1,ff,0,0,0,0,0,0,0,0,0,0,0,0,0,0,0,0,0,0,0,0,0,0,0,0,0,0,0,0,0,0,0,0,0,0,0,0,0,0,0,0,0,0,0,0,0,0,0,0,0,0,0,0,0,0,0,0,0,0,-1,0,0,0,0,-1,0,0,0,0,-1,0,0,0,0,-1,0,0,0,0,-1,0,0,0,0,-1,0,0,0,0,-1,0,0,0,0,-1,0,0,0,0,-1,0,0,0,0,-1,0,0,0,0,-1,0,0,0,0,-1,0,0,0,0,0,0,0,1,0,97,180
333,-1,ff,0,0,0,0,0,0,0,0,0,0,0,0,0,0,0,0,0,0,0,0,0,0,0,0,0,0,0,0,0,0,0,0,0,0,0,0,0,0,0,0,0,0,0,0,0,0,0,0,0,0,0,0,0,0,0,0,0,0,-1,0,0,0,0,-1,0,0,0,0,-1,0,0,0,0,-1,0,0,0,0,-1,0,0,0,0,-1,0,0,0,0,-1,0,0,0,0,-1,0,0,0,0,-1,0,0,0,0,-1,0,0,0,0,-1,0,0,0,0,-1,0,0,0,0,0,0,0,1,0,98,180
334,-1,ff,0,0,0,0,0,0,0,0,0,0,0,0,0,0,0,0,0,0,0,0,0,0,0,0,0,0,0,0,0,0,0,0,0,0,0,0,0,0,0,0,0,0,0,0,0,0,0,0,0,0,0,0,0,0,0,0,0,0,-1,0,0,0,0,-1,0,0,0,0,-1,0,0,0,0,-1,0,0,0,0,-1,0,0,0,0,-1,0,0,0,0,-1,0,0,0,0,-1,0,0,0,0,-1,0,0,0,0,-1,0,0,0,0,-1,0,0,0,0,-1,0,0,0,0,0,0,0,1,0,99,180
335,-1,ff,0,0,0,0,0,0,0,0,0,0,0,0,0,0,0,0,0,0,0,0,0,0,0,0,0,0,0,0,0,0,0,0,0,0,0,0,0,0,0,0,0,0,0,0,0,0,0,0,0,0,0,0,0,0,0,0,0,0,-1,0,0,0,0,-1,0,0,0,0,-1,0,0,0,0,-1,0,0,0,0,-1,0,0,0,0,-1,0,0,0,0,-1,0,0,0,0,-1,0,0,0,0,-1,0,0,0,0,-1,0,0,0,0,-1,0,0,0,0,-1,0,0,0,0,0,0,0,1,0,100,180
336,-1,ff,0,0,0,0,0,0,0,0,0,0,0,0,0,0,0,0,0,0,0,0,0,0,0,0,0,0,0,0,0,0,0,0,0,0,0,0,0,0,0,0,0,0,0,0,0,0,0,0,0,0,0,0,0,0,0,0,0,0,-1,0,0,0,0,-1,0,0,0,0,-1,0,0,0,0,-1,0,0,0,0,-1,0,0,0,0,-1,0,0,0,0,-1,0,0,0,0,-1,0,0,0,0,-1,0,0,0,0,-1,0,0,0,0,-1,0,0,0,0,-1,0,0,0,0,0,0,0,1,0,101,180
337,-1,ff,0,0,0,0,0,0,0,0,0,0,0,0,0,0,0,0,0,0,0,0,0,0,0,0,0,0,0,0,0,0,0,0,0,0,0,0,0,0,0,0,0,0,0,0,0,0,0,0,0,0,0,0,0,0,0,0,0,0,-1,0,0,0,0,-1,0,0,0,0,-1,0,0,0,0,-1,0,0,0,0,-1,0,0,0,0,-1,0,0,0,0,-1,0,0,0,0,-1,0,0,0,0,-1,0,0,0,0,-1,0,0,0,0,-1,0,0,0,0,-1,0,0,0,0,0,0,0,1,0,102,180
338,-1,ff,0,0,0,0,0,0,0,0,0,0,0,0,0,0,0,0,0,0,0,0,0,0,0,0,0,0,0,0,0,0,0,0,0,0,0,0,0,0,0,0,0,0,0,0,0,0,0,0,0,0,0,0,0,0,0,0,0,0,-1,0,0,0,0,-1,0,0,0,0,-1,0,0,0,0,-1,0,0,0,0,-1,0,0,0,0,-1,0,0,0,0,-1,0,0,0,0,-1,0,0,0,0,-1,0,0,0,0,-1,0,0,0,0,-1,0,0,0,0,-1,0,0,0,0,0,0,0,1,0,103,180
339,-1,ff,0,0,0,0,0,0,0,0,0,0,0,0,0,0,0,0,0,0,0,0,0,0,0,0,0,0,0,0,0,0,0,0,0,0,0,0,0,0,0,0,0,0,0,0,0,0,0,0,0,0,0,0,0,0,0,0,0,0,-1,0,0,0,0,-1,0,0,0,0,-1,0,0,0,0,-1,0,0,0,0,-1,0,0,0,0,-1,0,0,0,0,-1,0,0,0,0,-1,0,0,0,0,-1,0,0,0,0,-1,0,0,0,0,-1,0,0,0,0,-1,0,0,0,0,0,0,0,1,0,104,180
340,-1,ff,0,0,0,0,0,0,0,0,0,0,0,0,0,0,0,0,0,0,0,0,0,0,0,0,0,0,0,0,0,0,0,0,0,0,0,0,0,0,0,0,0,0,0,0,0,0,0,0,0,0,0,0,0,0,0,0,0,0,-1,0,0,0,0,-1,0,0,0,0,-1,0,0,0,0,-1,0,0,0,0,-1,0,0,0,0,-1,0,0,0,0,-1,0,0,0,0,-1,0,0,0,0,-1,0,0,0,0,-1,0,0,0,0,-1,0,0,0,0,-1,0,0,0,0,0,0,0,1,0,105,180
341,-1,ff,0,0,0,0,0,0,0,0,0,0,0,0,0,0,0,0,0,0,0,0,0,0,0,0,0,0,0,0,0,0,0,0,0,0,0,0,0,0,0,0,0,0,0,0,0,0,0,0,0,0,0,0,0,0,0,0,0,0,-1,0,0,0,0,-1,0,0,0,0,-1,0,0,0,0,-1,0,0,0,0,-1,0,0,0,0,-1,0,0,0,0,-1,0,0,0,0,-1,0,0,0,0,-1,0,0,0,0,-1,0,0,0,0,-1,0,0,0,0,-1,0,0,0,0,0,0,0,1,0,106,180
342,-1,ff,0,0,0,0,0,0,0,0,0,0,0,0,0,0,0,0,0,0,0,0,0,0,0,0,0,0,0,0,0,0,0,0,0,0,0,0,0,0,0,0,0,0,0,0,0,0,0,0,0,0,0,0,0,0,0,0,0,0,-1,0,0,0,0,-1,0,0,0,0,-1,0,0,0,0,-1,0,0,0,0,-1,0,0,0,0,-1,0,0,0,0,-1,0,0,0,0,-1,0,0,0,0,-1,0,0,0,0,-1,0,0,0,0,-1,0,0,0,0,-1,0,0,0,0,0,0,0,1,0,107,180
343,-1,ff,0,0,0,0,0,0,0,0,0,0,0,0,0,0,0,0,0,0,0,0,0,0,0,0,0,0,0,0,0,0,0,0,0,0,0,0,0,0,0,0,0,0,0,0,0,0,0,0,0,0,0,0,0,0,0,0,0,0,-1,0,0,0,0,-1,0,0,0,0,-1,0,0,0,0,-1,0,0,0,0,-1,0,0,0,0,-1,0,0,0,0,-1,0,0,0,0,-1,0,0,0,0,-1,0,0,0,0,-1,0,0,0,0,-1,0,0,0,0,-1,0,0,0,0,0,0,0,1,0,108,180
344,-1,ff,0,0,0,0,0,0,0,0,0,0,0,0,0,0,0,0,0,0,0,0,0,0,0,0,0,0,0,0,0,0,0,0,0,0,0,0,0,0,0,0,0,0,0,0,0,0,0,0,0,0,0,0,0,0,0,0,0,0,-1,0,0,0,0,-1,0,0,0,0,-1,0,0,0,0,-1,0,0,0,0,-1,0,0,0,0,-1,0,0,0,0,-1,0,0,0,0,-1,0,0,0,0,-1,0,0,0,0,-1,0,0,0,0,-1,0,0,0,0,-1,0,0,0,0,0,0,0,1,0,109,180
345,-1,ff,0,0,0,0,0,0,0,0,0,0,0,0,0,0,0,0,0,0,0,0,0,0,0,0,0,0,0,0,0,0,0,0,0,0,0,0,0,0,0,0,0,0,0,0,0,0,0,0,0,0,0,0,0,0,0,0,0,0,-1,0,0,0,0,-1,0,0,0,0,-1,0,0,0,0,-1,0,0,0,0,-1,0,0,0,0,-1,0,0,0,0,-1,0,0,0,0,-1,0,0,0,0,-1,0,0,0,0,-1,0,0,0,0,-1,0,0,0,0,-1,0,0,0,0,0,0,0,1,0,110,180
346,-1,ff,0,0,0,0,0,0,0,0,0,0,0,0,0,0,0,0,0,0,0,0,0,0,0,0,0,0,0,0,0,0,0,0,0,0,0,0,0,0,0,0,0,0,0,0,0,0,0,0,0,0,0,0,0,0,0,0,0,0,-1,0,0,0,0,-1,0,0,0,0,-1,0,0,0,0,-1,0,0,0,0,-1,0,0,0,0,-1,0,0,0,0,-1,0,0,0,0,-1,0,0,0,0,-1,0,0,0,0,-1,0,0,0,0,-1,0,0,0,0,-1,0,0,0,0,0,0,0,1,0,111,180
347,-1,ff,0,0,0,0,0,0,0,0,0,0,0,0,0,0,0,0,0,0,0,0,0,0,0,0,0,0,0,0,0,0,0,0,0,0,0,0,0,0,0,0,0,0,0,0,0,0,0,0,0,0,0,0,0,0,0,0,0,0,-1,0,0,0,0,-1,0,0,0,0,-1,0,0,0,0,-1,0,0,0,0,-1,0,0,0,0,-1,0,0,0,0,-1,0,0,0,0,-1,0,0,0,0,-1,0,0,0,0,-1,0,0,0,0,-1,0,0,0,0,-1,0,0,0,0,0,0,0,1,0,112,180
348,-1,ff,0,0,0,0,0,0,0,0,0,0,0,0,0,0,0,0,0,0,0,0,0,0,0,0,0,0,0,0,0,0,0,0,0,0,0,0,0,0,0,0,0,0,0,0,0,0,0,0,0,0,0,0,0,0,0,0,0,0,-1,0,0,0,0,-1,0,0,0,0,-1,0,0,0,0,-1,0,0,0,0,-1,0,0,0,0,-1,0,0,0,0,-1,0,0,0,0,-1,0,0,0,0,-1,0,0,0,0,-1,0,0,0,0,-1,0,0,0,0,-1,0,0,0,0,0,0,0,1,0,113,180
349,-1,ff,0,0,0,0,0,0,0,0,0,0,0,0,0,0,0,0,0,0,0,0,0,0,0,0,0,0,0,0,0,0,0,0,0,0,0,0,0,0,0,0,0,0,0,0,0,0,0,0,0,0,0,0,0,0,0,0,0,0,-1,0,0,0,0,-1,0,0,0,0,-1,0,0,0,0,-1,0,0,0,0,-1,0,0,0,0,-1,0,0,0,0,-1,0,0,0,0,-1,0,0,0,0,-1,0,0,0,0,-1,0,0,0,0,-1,0,0,0,0,-1,0,0,0,0,0,0,0,1,0,114,180
350,-1,ff,0,0,0,0,0,0,0,0,0,0,0,0,0,0,0,0,0,0,0,0,0,0,0,0,0,0,0,0,0,0,0,0,0,0,0,0,0,0,0,0,0,0,0,0,0,0,0,0,0,0,0,0,0,0,0,0,0,0,-1,0,0,0,0,-1,0,0,0,0,-1,0,0,0,0,-1,0,0,0,0,-1,0,0,0,0,-1,0,0,0,0,-1,0,0,0,0,-1,0,0,0,0,-1,0,0,0,0,-1,0,0,0,0,-1,0,0,0,0,-1,0,0,0,0,0,0,0,1,0,115,180
351,-1,ff,0,0,0,0,0,0,0,0,0,0,0,0,0,0,0,0,0,0,0,0,0,0,0,0,0,0,0,0,0,0,0,0,0,0,0,0,0,0,0,0,0,0,0,0,0,0,0,0,0,0,0,0,0,0,0,0,0,0,-1,0,0,0,0,-1,0,0,0,0,-1,0,0,0,0,-1,0,0,0,0,-1,0,0,0,0,-1,0,0,0,0,-1,0,0,0,0,-1,0,0,0,0,-1,0,0,0,0,-1,0,0,0,0,-1,0,0,0,0,-1,0,0,0,0,0,0,0,1,0,116,180
352,-1,ff,0,0,0,0,0,0,0,0,0,0,0,0,0,0,0,0,0,0,0,0,0,0,0,0,0,0,0,0,0,0,0,0,0,0,0,0,0,0,0,0,0,0,0,0,0,0,0,0,0,0,0,0,0,0,0,0,0,0,-1,0,0,0,0,-1,0,0,0,0,-1,0,0,0,0,-1,0,0,0,0,-1,0,0,0,0,-1,0,0,0,0,-1,0,0,0,0,-1,0,0,0,0,-1,0,0,0,0,-1,0,0,0,0,-1,0,0,0,0,-1,0,0,0,0,0,0,0,1,0,117,180
353,-1,ff,0,0,0,0,0,0,0,0,0,0,0,0,0,0,0,0,0,0,0,0,0,0,0,0,0,0,0,0,0,0,0,0,0,0,0,0,0,0,0,0,0,0,0,0,0,0,0,0,0,0,0,0,0,0,0,0,0,0,-1,0,0,0,0,-1,0,0,0,0,-1,0,0,0,0,-1,0,0,0,0,-1,0,0,0,0,-1,0,0,0,0,-1,0,0,0,0,-1,0,0,0,0,-1,0,0,0,0,-1,0,0,0,0,-1,0,0,0,0,-1,0,0,0,0,0,0,0,1,0,118,180
354,-1,ff,0,0,0,0,0,0,0,0,0,0,0,0,0,0,0,0,0,0,0,0,0,0,0,0,0,0,0,0,0,0,0,0,0,0,0,0,0,0,0,0,0,0,0,0,0,0,0,0,0,0,0,0,0,0,0,0,0,0,-1,0,0,0,0,-1,0,0,0,0,-1,0,0,0,0,-1,0,0,0,0,-1,0,0,0,0,-1,0,0,0,0,-1,0,0,0,0,-1,0,0,0,0,-1,0,0,0,0,-1,0,0,0,0,-1,0,0,0,0,-1,0,0,0,0,0,0,0,1,0,119,180
355,-1,ff,0,0,0,0,0,0,0,0,0,0,0,0,0,0,0,0,0,0,0,0,0,0,0,0,0,0,0,0,0,0,0,0,0,0,0,0,0,0,0,0,0,0,0,0,0,0,0,0,0,0,0,0,0,0,0,0,0,0,-1,0,0,0,0,-1,0,0,0,0,-1,0,0,0,0,-1,0,0,0,0,-1,0,0,0,0,-1,0,0,0,0,-1,0,0,0,0,-1,0,0,0,0,-1,0,0,0,0,-1,0,0,0,0,-1,0,0,0,0,-1,0,0,0,0,0,0,0,1,0,120,180
356,-1,ff,0,0,0,0,0,0,0,0,0,0,0,0,0,0,0,0,0,0,0,0,0,0,0,0,0,0,0,0,0,0,0,0,0,0,0,0,0,0,0,0,0,0,0,0,0,0,0,0,0,0,0,0,0,0,0,0,0,0,-1,0,0,0,0,-1,0,0,0,0,-1,0,0,0,0,-1,0,0,0,0,-1,0,0,0,0,-1,0,0,0,0,-1,0,0,0,0,-1,0,0,0,0,-1,0,0,0,0,-1,0,0,0,0,-1,0,0,0,0,-1,0,0,0,0,0,0,0,1,0,121,180
357,-1,ff,0,0,0,0,0,0,0,0,0,0,0,0,0,0,0,0,0,0,0,0,0,0,0,0,0,0,0,0,0,0,0,0,0,0,0,0,0,0,0,0,0,0,0,0,0,0,0,0,0,0,0,0,0,0,0,0,0,0,-1,0,0,0,0,-1,0,0,0,0,-1,0,0,0,0,-1,0,0,0,0,-1,0,0,0,0,-1,0,0,0,0,-1,0,0,0,0,-1,0,0,0,0,-1,0,0,0,0,-1,0,0,0,0,-1,0,0,0,0,-1,0,0,0,0,0,0,0,1,0,122,180
358,-1,ff,0,0,0,0,0,0,0,0,0,0,0,0,0,0,0,0,0,0,0,0,0,0,0,0,0,0,0,0,0,0,0,0,0,0,0,0,0,0,0,0,0,0,0,0,0,0,0,0,0,0,0,0,0,0,0,0,0,0,-1,0,0,0,0,-1,0,0,0,0,-1,0,0,0,0,-1,0,0,0,0,-1,0,0,0,0,-1,0,0,0,0,-1,0,0,0,0,-1,0,0,0,0,-1,0,0,0,0,-1,0,0,0,0,-1,0,0,0,0,-1,0,0,0,0,0,0,0,1,0,123,180
359,-1,ff,0,0,0,0,0,0,0,0,0,0,0,0,0,0,0,0,0,0,0,0,0,0,0,0,0,0,0,0,0,0,0,0,0,0,0,0,0,0,0,0,0,0,0,0,0,0,0,0,0,0,0,0,0,0,0,0,0,0,-1,0,0,0,0,-1,0,0,0,0,-1,0,0,0,0,-1,0,0,0,0,-1,0,0,0,0,-1,0,0,0,0,-1,0,0,0,0,-1,0,0,0,0,-1,0,0,0,0,-1,0,0,0,0,-1,0,0,0,0,-1,0,0,0,0,0,0,0,1,0,124,180
360,-1,ff,0,0,0,0,0,0,0,0,0,0,0,0,0,0,0,0,0,0,0,0,0,0,0,0,0,0,0,0,0,0,0,0,0,0,0,0,0,0,0,0,0,0,0,0,0,0,0,0,0,0,0,0,0,0,0,0,0,0,-1,0,0,0,0,-1,0,0,0,0,-1,0,0,0,0,-1,0,0,0,0,-1,0,0,0,0,-1,0,0,0,0,-1,0,0,0,0,-1,0,0,0,0,-1,0,0,0,0,-1,0,0,0,0,-1,0,0,0,0,-1,0,0,0,0,0,0,0,1,0,125,180
361,-1,ff,0,0,0,0,0,0,0,0,0,0,0,0,0,0,0,0,0,0,0,0,0,0,0,0,0,0,0,0,0,0,0,0,0,0,0,0,0,0,0,0,0,0,0,0,0,0,0,0,0,0,0,0,0,0,0,0,0,0,-1,0,0,0,0,-1,0,0,0,0,-1,0,0,0,0,-1,0,0,0,0,-1,0,0,0,0,-1,0,0,0,0,-1,0,0,0,0,-1,0,0,0,0,-1,0,0,0,0,-1,0,0,0,0,-1,0,0,0,0,-1,0,0,0,0,0,0,0,1,0,126,180
362,-1,ff,0,0,0,0,0,0,0,0,0,0,0,0,0,0,0,0,0,0,0,0,0,0,0,0,0,0,0,0,0,0,0,0,0,0,0,0,0,0,0,0,0,0,0,0,0,0,0,0,0,0,0,0,0,0,0,0,0,0,-1,0,0,0,0,-1,0,0,0,0,-1,0,0,0,0,-1,0,0,0,0,-1,0,0,0,0,-1,0,0,0,0,-1,0,0,0,0,-1,0,0,0,0,-1,0,0,0,0,-1,0,0,0,0,-1,0,0,0,0,-1,0,0,0,0,0,0,0,1,0,127,180
363,-1,ff,0,0,0,0,0,0,0,0,0,0,0,0,0,0,0,0,0,0,0,0,0,0,0,0,0,0,0,0,0,0,0,0,0,0,0,0,0,0,0,0,0,0,0,0,0,0,0,0,0,0,0,0,0,0,0,0,0,0,-1,0,0,0,0,-1,0,0,0,0,-1,0,0,0,0,-1,0,0,0,0,-1,0,0,0,0,-1,0,0,0,0,-1,0,0,0,0,-1,0,0,0,0,-1,0,0,0,0,-1,0,0,0,0,-1,0,0,0,0,-1,0,0,0,0,0,0,0,1,0,128,180
364,-1,ff,0,0,0,0,0,0,0,0,0,0,0,0,0,0,0,0,0,0,0,0,0,0,0,0,0,0,0,0,0,0,0,0,0,0,0,0,0,0,0,0,0,0,0,0,0,0,0,0,0,0,0,0,0,0,0,0,0,0,-1,0,0,0,0,-1,0,0,0,0,-1,0,0,0,0,-1,0,0,0,0,-1,0,0,0,0,-1,0,0,0,0,-1,0,0,0,0,-1,0,0,0,0,-1,0,0,0,0,-1,0,0,0,0,-1,0,0,0,0,-1,0,0,0,0,0,0,0,1,0,129,180
365,-1,ff,0,0,0,0,0,0,0,0,0,0,0,0,0,0,0,0,0,0,0,0,0,0,0,0,0,0,0,0,0,0,0,0,0,0,0,0,0,0,0,0,0,0,0,0,0,0,0,0,0,0,0,0,0,0,0,0,0,0,-1,0,0,0,0,-1,0,0,0,0,-1,0,0,0,0,-1,0,0,0,0,-1,0,0,0,0,-1,0,0,0,0,-1,0,0,0,0,-1,0,0,0,0,-1,0,0,0,0,-1,0,0,0,0,-1,0,0,0,0,-1,0,0,0,0,0,0,0,1,0,130,180
366,-1,ff,0,0,0,0,0,0,0,0,0,0,0,0,0,0,0,0,0,0,0,0,0,0,0,0,0,0,0,0,0,0,0,0,0,0,0,0,0,0,0,0,0,0,0,0,0,0,0,0,0,0,0,0,0,0,0,0,0,0,-1,0,0,0,0,-1,0,0,0,0,-1,0,0,0,0,-1,0,0,0,0,-1,0,0,0,0,-1,0,0,0,0,-1,0,0,0,0,-1,0,0,0,0,-1,0,0,0,0,-1,0,0,0,0,-1,0,0,0,0,-1,0,0,0,0,0,0,0,1,0,131,180
367,-1,ff,0,0,0,0,0,0,0,0,0,0,0,0,0,0,0,0,0,0,0,0,0,0,0,0,0,0,0,0,0,0,0,0,0,0,0,0,0,0,0,0,0,0,0,0,0,0,0,0,0,0,0,0,0,0,0,0,0,0,-1,0,0,0,0,-1,0,0,0,0,-1,0,0,0,0,-1,0,0,0,0,-1,0,0,0,0,-1,0,0,0,0,-1,0,0,0,0,-1,0,0,0,0,-1,0,0,0,0,-1,0,0,0,0,-1,0,0,0,0,-1,0,0,0,0,0,0,0,1,0,132,180
368,-1,ff,0,0,0,0,0,0,0,0,0,0,0,0,0,0,0,0,0,0,0,0,0,0,0,0,0,0,0,0,0,0,0,0,0,0,0,0,0,0,0,0,0,0,0,0,0,0,0,0,0,0,0,0,0,0,0,0,0,0,-1,0,0,0,0,-1,0,0,0,0,-1,0,0,0,0,-1,0,0,0,0,-1,0,0,0,0,-1,0,0,0,0,-1,0,0,0,0,-1,0,0,0,0,-1,0,0,0,0,-1,0,0,0,0,-1,0,0,0,0,-1,0,0,0,0,0,0,0,1,0,133,180
369,-1,ff,0,0,0,0,0,0,0,0,0,0,0,0,0,0,0,0,0,0,0,0,0,0,0,0,0,0,0,0,0,0,0,0,0,0,0,0,0,0,0,0,0,0,0,0,0,0,0,0,0,0,0,0,0,0,0,0,0,0,-1,0,0,0,0,-1,0,0,0,0,-1,0,0,0,0,-1,0,0,0,0,-1,0,0,0,0,-1,0,0,0,0,-1,0,0,0,0,-1,0,0,0,0,-1,0,0,0,0,-1,0,0,0,0,-1,0,0,0,0,-1,0,0,0,0,0,0,0,1,0,134,180
370,-1,ff,0,0,0,0,0,0,0,0,0,0,0,0,0,0,0,0,0,0,0,0,0,0,0,0,0,0,0,0,0,0,0,0,0,0,0,0,0,0,0,0,0,0,0,0,0,0,0,0,0,0,0,0,0,0,0,0,0,0,-1,0,0,0,0,-1,0,0,0,0,-1,0,0,0,0,-1,0,0,0,0,-1,0,0,0,0,-1,0,0,0,0,-1,0,0,0,0,-1,0,0,0,0,-1,0,0,0,0,-1,0,0,0,0,-1,0,0,0,0,-1,0,0,0,0,0,0,0,1,0,135,180
371,-1,ff,0,0,0,0,0,0,0,0,0,0,0,0,0,0,0,0,0,0,0,0,0,0,0,0,0,0,0,0,0,0,0,0,0,0,0,0,0,0,0,0,0,0,0,0,0,0,0,0,0,0,0,0,0,0,0,0,0,0,-1,0,0,0,0,-1,0,0,0,0,-1,0,0,0,0,-1,0,0,0,0,-1,0,0,0,0,-1,0,0,0,0,-1,0,0,0,0,-1,0,0,0,0,-1,0,0,0,0,-1,0,0,0,0,-1,0,0,0,0,-1,0,0,0,0,0,0,0,1,0,136,180
372,-1,ff,0,0,0,0,0,0,0,0,0,0,0,0,0,0,0,0,0,0,0,0,0,0,0,0,0,0,0,0,0,0,0,0,0,0,0,0,0,0,0,0,0,0,0,0,0,0,0,0,0,0,0,0,0,0,0,0,0,0,-1,0,0,0,0,-1,0,0,0,0,-1,0,0,0,0,-1,0,0,0,0,-1,0,0,0,0,-1,0,0,0,0,-1,0,0,0,0,-1,0,0,0,0,-1,0,0,0,0,-1,0,0,0,0,-1,0,0,0,0,-1,0,0,0,0,0,0,0,1,0,137,180
373,-1,ff,0,0,0,0,0,0,0,0,0,0,0,0,0,0,0,0,0,0,0,0,0,0,0,0,0,0,0,0,0,0,0,0,0,0,0,0,0,0,0,0,0,0,0,0,0,0,0,0,0,0,0,0,0,0,0,0,0,0,-1,0,0,0,0,-1,0,0,0,0,-1,0,0,0,0,-1,0,0,0,0,-1,0,0,0,0,-1,0,0,0,0,-1,0,0,0,0,-1,0,0,0,0,-1,0,0,0,0,-1,0,0,0,0,-1,0,0,0,0,-1,0,0,0,0,0,0,0,1,0,138,180
374,-1,ff,0,0,0,0,0,0,0,0,0,0,0,0,0,0,0,0,0,0,0,0,0,0,0,0,0,0,0,0,0,0,0,0,0,0,0,0,0,0,0,0,0,0,0,0,0,0,0,0,0,0,0,0,0,0,0,0,0,0,-1,0,0,0,0,-1,0,0,0,0,-1,0,0,0,0,-1,0,0,0,0,-1,0,0,0,0,-1,0,0,0,0,-1,0,0,0,0,-1,0,0,0,0,-1,0,0,0,0,-1,0,0,0,0,-1,0,0,0,0,-1,0,0,0,0,0,0,0,1,0,139,180
375,-1,ff,0,0,0,0,0,0,0,0,0,0,0,0,0,0,0,0,0,0,0,0,0,0,0,0,0,0,0,0,0,0,0,0,0,0,0,0,0,0,0,0,0,0,0,0,0,0,0,0,0,0,0,0,0,0,0,0,0,0,-1,0,0,0,0,-1,0,0,0,0,-1,0,0,0,0,-1,0,0,0,0,-1,0,0,0,0,-1,0,0,0,0,-1,0,0,0,0,-1,0,0,0,0,-1,0,0,0,0,-1,0,0,0,0,-1,0,0,0,0,-1,0,0,0,0,0,0,0,1,0,140,180
376,-1,ff,0,0,0,0,0,0,0,0,0,0,0,0,0,0,0,0,0,0,0,0,0,0,0,0,0,0,0,0,0,0,0,0,0,0,0,0,0,0,0,0,0,0,0,0,0,0,0,0,0,0,0,0,0,0,0,0,0,0,-1,0,0,0,0,-1,0,0,0,0,-1,0,0,0,0,-1,0,0,0,0,-1,0,0,0,0,-1,0,0,0,0,-1,0,0,0,0,-1,0,0,0,0,-1,0,0,0,0,-1,0,0,0,0,-1,0,0,0,0,-1,0,0,0,0,0,0,0,1,0,141,180
377,-1,ff,0,0,0,0,0,0,0,0,0,0,0,0,0,0,0,0,0,0,0,0,0,0,0,0,0,0,0,0,0,0,0,0,0,0,0,0,0,0,0,0,0,0,0,0,0,0,0,0,0,0,0,0,0,0,0,0,0,0,-1,0,0,0,0,-1,0,0,0,0,-1,0,0,0,0,-1,0,0,0,0,-1,0,0,0,0,-1,0,0,0,0,-1,0,0,0,0,-1,0,0,0,0,-1,0,0,0,0,-1,0,0,0,0,-1,0,0,0,0,-1,0,0,0,0,0,0,0,1,0,142,180
378,-1,ff,0,0,0,0,0,0,0,0,0,0,0,0,0,0,0,0,0,0,0,0,0,0,0,0,0,0,0,0,0,0,0,0,0,0,0,0,0,0,0,0,0,0,0,0,0,0,0,0,0,0,0,0,0,0,0,0,0,0,-1,0,0,0,0,-1,0,0,0,0,-1,0,0,0,0,-1,0,0,0,0,-1,0,0,0,0,-1,0,0,0,0,-1,0,0,0,0,-1,0,0,0,0,-1,0,0,0,0,-1,0,0,0,0,-1,0,0,0,0,-1,0,0,0,0,0,0,0,1,0,143,180
379,-1,ff,0,0,0,0,0,0,0,0,0,0,0,0,0,0,0,0,0,0,0,0,0,0,0,0,0,0,0,0,0,0,0,0,0,0,0,0,0,0,0,0,0,0,0,0,0,0,0,0,0,0,0,0,0,0,0,0,0,0,-1,0,0,0,0,-1,0,0,0,0,-1,0,0,0,0,-1,0,0,0,0,-1,0,0,0,0,-1,0,0,0,0,-1,0,0,0,0,-1,0,0,0,0,-1,0,0,0,0,-1,0,0,0,0,-1,0,0,0,0,-1,0,0,0,0,0,0,0,1,0,144,180
380,-1,ff,0,0,0,0,0,0,0,0,0,0,0,0,0,0,0,0,0,0,0,0,0,0,0,0,0,0,0,0,0,0,0,0,0,0,0,0,0,0,0,0,0,0,0,0,0,0,0,0,0,0,0,0,0,0,0,0,0,0,-1,0,0,0,0,-1,0,0,0,0,-1,0,0,0,0,-1,0,0,0,0,-1,0,0,0,0,-1,0,0,0,0,-1,0,0,0,0,-1,0,0,0,0,-1,0,0,0,0,-1,0,0,0,0,-1,0,0,0,0,-1,0,0,0,0,0,0,0,1,0,145,180
381,-1,ff,0,0,0,0,0,0,0,0,0,0,0,0,0,0,0,0,0,0,0,0,0,0,0,0,0,0,0,0,0,0,0,0,0,0,0,0,0,0,0,0,0,0,0,0,0,0,0,0,0,0,0,0,0,0,0,0,0,0,-1,0,0,0,0,-1,0,0,0,0,-1,0,0,0,0,-1,0,0,0,0,-1,0,0,0,0,-1,0,0,0,0,-1,0,0,0,0,-1,0,0,0,0,-1,0,0,0,0,-1,0,0,0,0,-1,0,0,0,0,-1,0,0,0,0,0,0,0,1,0,146,180
382,-1,ff,0,0,0,0,0,0,0,0,0,0,0,0,0,0,0,0,0,0,0,0,0,0,0,0,0,0,0,0,0,0,0,0,0,0,0,0,0,0,0,0,0,0,0,0,0,0,0,0,0,0,0,0,0,0,0,0,0,0,-1,0,0,0,0,-1,0,0,0,0,-1,0,0,0,0,-1,0,0,0,0,-1,0,0,0,0,-1,0,0,0,0,-1,0,0,0,0,-1,0,0,0,0,-1,0,0,0,0,-1,0,0,0,0,-1,0,0,0,0,-1,0,0,0,0,0,0,0,1,0,147,180
383,-1,ff,0,0,0,0,0,0,0,0,0,0,0,0,0,0,0,0,0,0,0,0,0,0,0,0,0,0,0,0,0,0,0,0,0,0,0,0,0,0,0,0,0,0,0,0,0,0,0,0,0,0,0,0,0,0,0,0,0,0,-1,0,0,0,0,-1,0,0,0,0,-1,0,0,0,0,-1,0,0,0,0,-1,0,0,0,0,-1,0,0,0,0,-1,0,0,0,0,-1,0,0,0,0,-1,0,0,0,0,-1,0,0,0,0,-1,0,0,0,0,-1,0,0,0,0,0,0,0,1,0,148,180
384,-1,ff,0,0,0,0,0,0,0,0,0,0,0,0,0,0,0,0,0,0,0,0,0,0,0,0,0,0,0,0,0,0,0,0,0,0,0,0,0,0,0,0,0,0,0,0,0,0,0,0,0,0,0,0,0,0,0,0,0,0,-1,0,0,0,0,-1,0,0,0,0,-1,0,0,0,0,-1,0,0,0,0,-1,0,0,0,0,-1,0,0,0,0,-1,0,0,0,0,-1,0,0,0,0,-1,0,0,0,0,-1,0,0,0,0,-1,0,0,0,0,-1,0,0,0,0,0,0,0,1,0,149,180
385,-1,ff,0,0,0,0,0,0,0,0,0,0,0,0,0,0,0,0,0,0,0,0,0,0,0,0,0,0,0,0,0,0,0,0,0,0,0,0,0,0,0,0,0,0,0,0,0,0,0,0,0,0,0,0,0,0,0,0,0,0,-1,0,0,0,0,-1,0,0,0,0,-1,0,0,0,0,-1,0,0,0,0,-1,0,0,0,0,-1,0,0,0,0,-1,0,0,0,0,-1,0,0,0,0,-1,0,0,0,0,-1,0,0,0,0,-1,0,0,0,0,-1,0,0,0,0,0,0,0,1,0,150,180
386,-1,ff,0,0,0,0,0,0,0,0,0,0,0,0,0,0,0,0,0,0,0,0,0,0,0,0,0,0,0,0,0,0,0,0,0,0,0,0,0,0,0,0,0,0,0,0,0,0,0,0,0,0,0,0,0,0,0,0,0,0,-1,0,0,0,0,-1,0,0,0,0,-1,0,0,0,0,-1,0,0,0,0,-1,0,0,0,0,-1,0,0,0,0,-1,0,0,0,0,-1,0,0,0,0,-1,0,0,0,0,-1,0,0,0,0,-1,0,0,0,0,-1,0,0,0,0,0,0,0,1,0,151,180
387,-1,ff,0,0,0,0,0,0,0,0,0,0,0,0,0,0,0,0,0,0,0,0,0,0,0,0,0,0,0,0,0,0,0,0,0,0,0,0,0,0,0,0,0,0,0,0,0,0,0,0,0,0,0,0,0,0,0,0,0,0,-1,0,0,0,0,-1,0,0,0,0,-1,0,0,0,0,-1,0,0,0,0,-1,0,0,0,0,-1,0,0,0,0,-1,0,0,0,0,-1,0,0,0,0,-1,0,0,0,0,-1,0,0,0,0,-1,0,0,0,0,-1,0,0,0,0,0,0,0,1,0,152,180
388,-1,ff,0,0,0,0,0,0,0,0,0,0,0,0,0,0,0,0,0,0,0,0,0,0,0,0,0,0,0,0,0,0,0,0,0,0,0,0,0,0,0,0,0,0,0,0,0,0,0,0,0,0,0,0,0,0,0,0,0,0,-1,0,0,0,0,-1,0,0,0,0,-1,0,0,0,0,-1,0,0,0,0,-1,0,0,0,0,-1,0,0,0,0,-1,0,0,0,0,-1,0,0,0,0,-1,0,0,0,0,-1,0,0,0,0,-1,0,0,0,0,-1,0,0,0,0,0,0,0,1,0,153,180
389,-1,ff,0,0,0,0,0,0,0,0,0,0,0,0,0,0,0,0,0,0,0,0,0,0,0,0,0,0,0,0,0,0,0,0,0,0,0,0,0,0,0,0,0,0,0,0,0,0,0,0,0,0,0,0,0,0,0,0,0,0,-1,0,0,0,0,-1,0,0,0,0,-1,0,0,0,0,-1,0,0,0,0,-1,0,0,0,0,-1,0,0,0,0,-1,0,0,0,0,-1,0,0,0,0,-1,0,0,0,0,-1,0,0,0,0,-1,0,0,0,0,-1,0,0,0,0,0,0,0,1,0,154,180
390,-1,ff,0,0,0,0,0,0,0,0,0,0,0,0,0,0,0,0,0,0,0,0,0,0,0,0,0,0,0,0,0,0,0,0,0,0,0,0,0,0,0,0,0,0,0,0,0,0,0,0,0,0,0,0,0,0,0,0,0,0,-1,0,0,0,0,-1,0,0,0,0,-1,0,0,0,0,-1,0,0,0,0,-1,0,0,0,0,-1,0,0,0,0,-1,0,0,0,0,-1,0,0,0,0,-1,0,0,0,0,-1,0,0,0,0,-1,0,0,0,0,-1,0,0,0,0,0,0,0,1,0,155,180
391,-1,ff,0,0,0,0,0,0,0,0,0,0,0,0,0,0,0,0,0,0,0,0,0,0,0,0,0,0,0,0,0,0,0,0,0,0,0,0,0,0,0,0,0,0,0,0,0,0,0,0,0,0,0,0,0,0,0,0,0,0,-1,0,0,0,0,-1,0,0,0,0,-1,0,0,0,0,-1,0,0,0,0,-1,0,0,0,0,-1,0,0,0,0,-1,0,0,0,0,-1,0,0,0,0,-1,0,0,0,0,-1,0,0,0,0,-1,0,0,0,0,-1,0,0,0,0,0,0,0,1,0,156,180
392,-1,ff,0,0,0,0,0,0,0,0,0,0,0,0,0,0,0,0,0,0,0,0,0,0,0,0,0,0,0,0,0,0,0,0,0,0,0,0,0,0,0,0,0,0,0,0,0,0,0,0,0,0,0,0,0,0,0,0,0,0,-1,0,0,0,0,-1,0,0,0,0,-1,0,0,0,0,-1,0,0,0,0,-1,0,0,0,0,-1,0,0,0,0,-1,0,0,0,0,-1,0,0,0,0,-1,0,0,0,0,-1,0,0,0,0,-1,0,0,0,0,-1,0,0,0,0,0,0,0,1,0,157,180
393,-1,ff,0,0,0,0,0,0,0,0,0,0,0,0,0,0,0,0,0,0,0,0,0,0,0,0,0,0,0,0,0,0,0,0,0,0,0,0,0,0,0,0,0,0,0,0,0,0,0,0,0,0,0,0,0,0,0,0,0,0,-1,0,0,0,0,-1,0,0,0,0,-1,0,0,0,0,-1,0,0,0,0,-1,0,0,0,0,-1,0,0,0,0,-1,0,0,0,0,-1,0,0,0,0,-1,0,0,0,0,-1,0,0,0,0,-1,0,0,0,0,-1,0,0,0,0,0,0,0,1,0,158,180
394,-1,ff,0,0,0,0,0,0,0,0,0,0,0,0,0,0,0,0,0,0,0,0,0,0,0,0,0,0,0,0,0,0,0,0,0,0,0,0,0,0,0,0,0,0,0,0,0,0,0,0,0,0,0,0,0,0,0,0,0,0,-1,0,0,0,0,-1,0,0,0,0,-1,0,0,0,0,-1,0,0,0,0,-1,0,0,0,0,-1,0,0,0,0,-1,0,0,0,0,-1,0,0,0,0,-1,0,0,0,0,-1,0,0,0,0,-1,0,0,0,0,-1,0,0,0,0,0,0,0,1,0,159,180
395,-1,ff,0,0,0,0,0,0,0,0,0,0,0,0,0,0,0,0,0,0,0,0,0,0,0,0,0,0,0,0,0,0,0,0,0,0,0,0,0,0,0,0,0,0,0,0,0,0,0,0,0,0,0,0,0,0,0,0,0,0,-1,0,0,0,0,-1,0,0,0,0,-1,0,0,0,0,-1,0,0,0,0,-1,0,0,0,0,-1,0,0,0,0,-1,0,0,0,0,-1,0,0,0,0,-1,0,0,0,0,-1,0,0,0,0,-1,0,0,0,0,-1,0,0,0,0,0,0,0,1,0,160,180
396,-1,ff,0,0,0,0,0,0,0,0,0,0,0,0,0,0,0,0,0,0,0,0,0,0,0,0,0,0,0,0,0,0,0,0,0,0,0,0,0,0,0,0,0,0,0,0,0,0,0,0,0,0,0,0,0,0,0,0,0,0,-1,0,0,0,0,-1,0,0,0,0,-1,0,0,0,0,-1,0,0,0,0,-1,0,0,0,0,-1,0,0,0,0,-1,0,0,0,0,-1,0,0,0,0,-1,0,0,0,0,-1,0,0,0,0,-1,0,0,0,0,-1,0,0,0,0,0,0,0,1,0,161,180
397,-1,ff,0,0,0,0,0,0,0,0,0,0,0,0,0,0,0,0,0,0,0,0,0,0,0,0,0,0,0,0,0,0,0,0,0,0,0,0,0,0,0,0,0,0,0,0,0,0,0,0,0,0,0,0,0,0,0,0,0,0,-1,0,0,0,0,-1,0,0,0,0,-1,0,0,0,0,-1,0,0,0,0,-1,0,0,0,0,-1,0,0,0,0,-1,0,0,0,0,-1,0,0,0,0,-1,0,0,0,0,-1,0,0,0,0,-1,0,0,0,0,-1,0,0,0,0,0,0,0,1,0,162,180
398,-1,ff,0,0,0,0,0,0,0,0,0,0,0,0,0,0,0,0,0,0,0,0,0,0,0,0,0,0,0,0,0,0,0,0,0,0,0,0,0,0,0,0,0,0,0,0,0,0,0,0,0,0,0,0,0,0,0,0,0,0,-1,0,0,0,0,-1,0,0,0,0,-1,0,0,0,0,-1,0,0,0,0,-1,0,0,0,0,-1,0,0,0,0,-1,0,0,0,0,-1,0,0,0,0,-1,0,0,0,0,-1,0,0,0,0,-1,0,0,0,0,-1,0,0,0,0,0,0,0,1,0,163,180
399,-1,ff,0,0,0,0,0,0,0,0,0,0,0,0,0,0,0,0,0,0,0,0,0,0,0,0,0,0,0,0,0,0,0,0,0,0,0,0,0,0,0,0,0,0,0,0,0,0,0,0,0,0,0,0,0,0,0,0,0,0,-1,0,0,0,0,-1,0,0,0,0,-1,0,0,0,0,-1,0,0,0,0,-1,0,0,0,0,-1,0,0,0,0,-1,0,0,0,0,-1,0,0,0,0,-1,0,0,0,0,-1,0,0,0,0,-1,0,0,0,0,-1,0,0,0,0,0,0,0,1,0,164,180
400,-1,ff,0,0,0,0,0,0,0,0,0,0,0,0,0,0,0,0,0,0,0,0,0,0,0,0,0,0,0,0,0,0,0,0,0,0,0,0,0,0,0,0,0,0,0,0,0,0,0,0,0,0,0,0,0,0,0,0,0,0,-1,0,0,0,0,-1,0,0,0,0,-1,0,0,0,0,-1,0,0,0,0,-1,0,0,0,0,-1,0,0,0,0,-1,0,0,0,0,-1,0,0,0,0,-1,0,0,0,0,-1,0,0,0,0,-1,0,0,0,0,-1,0,0,0,0,0,0,0,1,0,165,180
401,-1,ff,0,0,0,0,0,0,0,0,0,0,0,0,0,0,0,0,0,0,0,0,0,0,0,0,0,0,0,0,0,0,0,0,0,0,0,0,0,0,0,0,0,0,0,0,0,0,0,0,0,0,0,0,0,0,0,0,0,0,-1,0,0,0,0,-1,0,0,0,0,-1,0,0,0,0,-1,0,0,0,0,-1,0,0,0,0,-1,0,0,0,0,-1,0,0,0,0,-1,0,0,0,0,-1,0,0,0,0,-1,0,0,0,0,-1,0,0,0,0,-1,0,0,0,0,0,0,0,1,0,166,180
402,-1,ff,0,0,0,0,0,0,0,0,0,0,0,0,0,0,0,0,0,0,0,0,0,0,0,3,0,0,0,0,0,0,0,0,0,0,0,0,0,0,0,0,0,0,0,0,0,0,0,0,0,0,0,0,0,0,0,0,0,0,-1,0,0,0,0,-1,0,0,0,0,-1,0,0,0,0,-1,0,0,0,0,-1,0,0,0,0,-1,0,0,0,0,-1,0,0,0,0,-1,0,0,0,0,-1,0,0,0,0,-1,0,0,0,0,-1,0,0,0,0,-1,0,0,0,0,0,0,0,0,0,166,180
403,-1,ff,0,0,0,0,0,0,0,0,0,0,0,0,0,0,0,0,0,0,0,0,0,0,0,3,0,0,0,0,0,0,0,0,0,0,0,0,0,0,0,0,0,0,0,0,0,0,0,0,0,0,0,0,0,0,0,0,0,0,-1,0,0,0,0,-1,0,0,0,0,-1,0,0,0,0,-1,0,0,0,0,-1,0,0,0,0,-1,0,0,0,0,-1,0,0,0,0,-1,0,0,0,0,-1,0,0,0,0,-1,0,0,0,0,-1,0,0,0,0,-1,0,0,0,0,0,0,0,1,0,167,180
404,-1,ff,0,0,0,0,0,0,0,0,0,0,0,0,0,0,0,0,0,0,0,0,0,0,0,3,0,0,0,0,0,0,0,0,0,0,0,0,0,0,0,0,0,0,0,0,0,0,0,0,0,0,0,0,0,0,0,0,0,0,-1,0,0,0,0,-1,0,0,0,0,-1,0,0,0,0,-1,0,0,0,0,-1,0,0,0,0,-1,0,0,0,0,-1,0,0,0,0,-1,0,0,0,0,-1,0,0,0,0,-1,0,0,0,0,-1,0,0,0,0,-1,0,0,0,0,0,0,0,1,0,168,180
405,-1,ff,0,0,0,0,0,0,0,0,0,0,0,0,0,0,0,0,0,0,0,0,0,0,0,3,0,0,0,0,0,0,0,0,0,0,0,0,0,0,0,0,0,0,0,0,0,0,0,0,0,0,0,0,0,0,0,0,0,0,-1,0,0,0,0,-1,0,0,0,0,-1,0,0,0,0,-1,0,0,0,0,-1,0,0,0,0,-1,0,0,0,0,-1,0,0,0,0,-1,0,0,0,0,-1,0,0,0,0,-1,0,0,0,0,-1,0,0,0,0,-1,0,0,0,0,0,0,0,1,0,169,180
406,-1,ff,0,0,0,0,0,0,0,0,0,0,0,0,0,0,0,0,0,0,0,0,0,0,0,3,0,0,0,0,0,0,0,0,0,0,0,0,0,0,0,0,0,0,0,0,0,0,0,0,0,0,0,0,0,0,0,0,0,0,-1,0,0,0,0,-1,0,0,0,0,-1,0,0,0,0,-1,0,0,0,0,-1,0,0,0,0,-1,0,0,0,0,-1,0,0,0,0,-1,0,0,0,0,-1,0,0,0,0,-1,0,0,0,0,-1,0,0,0,0,-1,0,0,0,0,0,0,0,1,0,170,180
407,-1,ff,0,0,0,0,0,0,0,0,0,0,0,0,0,0,0,0,0,0,0,0,0,0,0,3,0,0,0,0,0,0,0,0,0,0,0,0,0,0,0,0,0,0,0,0,0,0,0,0,0,0,0,0,0,0,0,0,0,0,-1,0,0,0,0,-1,0,0,0,0,-1,0,0,0,0,-1,0,0,0,0,-1,0,0,0,0,-1,0,0,0,0,-1,0,0,0,0,-1,0,0,0,0,-1,0,0,0,0,-1,0,0,0,0,-1,0,0,0,0,-1,0,0,0,0,0,0,0,1,0,171,180
408,-1,ff,0,0,0,0,0,0,0,0,0,0,0,0,0,0,0,0,0,0,0,0,0,0,0,3,0,0,0,0,0,0,0,0,0,0,0,0,0,0,0,0,0,0,0,0,0,0,0,0,0,0,0,0,0,0,0,0,0,0,-1,0,0,0,0,-1,0,0,0,0,-1,0,0,0,0,-1,0,0,0,0,-1,0,0,0,0,-1,0,0,0,0,-1,0,0,0,0,-1,0,0,0,0,-1,0,0,0,0,-1,0,0,0,0,-1,0,0,0,0,-1,0,0,0,0,0,0,0,1,0,172,180
409,-1,ff,0,0,0,0,0,0,0,0,0,0,0,0,0,0,0,0,0,0,0,0,0,0,0,3,0,0,0,0,0,0,0,0,0,0,0,0,0,0,0,0,0,0,0,0,0,0,0,0,0,0,0,0,0,0,0,0,0,0,-1,0,0,0,0,-1,0,0,0,0,-1,0,0,0,0,-1,0,0,0,0,-1,0,0,0,0,-1,0,0,0,0,-1,0,0,0,0,-1,0,0,0,0,-1,0,0,0,0,-1,0,0,0,0,-1,0,0,0,0,-1,0,0,0,0,0,0,0,1,0,173,180
410,-1,ff,0,0,0,0,0,0,0,0,0,0,0,0,0,0,0,0,0,0,0,0,0,0,0,3,0,0,0,0,0,0,0,0,0,0,0,0,0,0,0,0,0,0,0,0,0,0,0,0,0,0,0,0,0,0,0,0,0,0,-1,0,0,0,0,-1,0,0,0,0,-1,0,0,0,0,-1,0,0,0,0,-1,0,0,0,0,-1,0,0,0,0,-1,0,0,0,0,-1,0,0,0,0,-1,0,0,0,0,-1,0,0,0,0,-1,0,0,0,0,-1,0,0,0,0,0,0,0,1,0,174,180
411,-1,ff,0,0,0,0,0,0,0,0,0,0,0,0,0,0,0,0,0,0,0,0,0,0,0,3,0,0,0,0,0,0,0,0,0,0,0,0,0,0,0,0,0,0,0,0,0,0,0,0,0,0,0,0,0,0,0,0,0,0,-1,0,0,0,0,-1,0,0,0,0,-1,0,0,0,0,-1,0,0,0,0,-1,0,0,0,0,-1,0,0,0,0,-1,0,0,0,0,-1,0,0,0,0,-1,0,0,0,0,-1,0,0,0,0,-1,0,0,0,0,-1,0,0,0,0,0,0,0,1,0,175,180
412,-1,ff,0,0,0,0,0,0,0,0,0,0,0,0,0,0,0,0,0,0,0,0,0,0,0,3,0,0,0,0,0,0,0,0,0,0,0,0,0,0,0,0,0,0,0,0,0,0,0,0,0,0,0,0,0,0,0,0,0,0,-1,0,0,0,0,-1,0,0,0,0,-1,0,0,0,0,-1,0,0,0,0,-1,0,0,0,0,-1,0,0,0,0,-1,0,0,0,0,-1,0,0,0,0,-1,0,0,0,0,-1,0,0,0,0,-1,0,0,0,0,-1,0,0,0,0,0,0,0,1,0,176,180
413,-1,ff,0,0,0,0,0,0,0,0,0,0,0,0,0,0,0,0,0,0,0,0,0,0,0,3,0,0,0,0,0,0,0,0,0,0,0,0,0,0,0,0,0,0,0,0,0,0,0,0,0,0,0,0,0,0,0,0,0,0,-1,0,0,0,0,-1,0,0,0,0,-1,0,0,0,0,-1,0,0,0,0,-1,0,0,0,0,-1,0,0,0,0,-1,0,0,0,0,-1,0,0,0,0,-1,0,0,0,0,-1,0,0,0,0,-1,0,0,0,0,-1,0,0,0,0,0,0,0,1,0,177,180
414,-1,ff,0,0,0,0,0,0,0,0,0,0,0,0,0,0,0,0,0,0,0,0,0,0,0,3,0,0,0,0,0,0,0,0,0,0,0,0,0,0,0,0,0,0,0,0,0,0,0,0,0,0,0,0,0,0,0,0,0,0,-1,0,0,0,0,-1,0,0,0,0,-1,0,0,0,0,-1,0,0,0,0,-1,0,0,0,0,-1,0,0,0,0,-1,0,0,0,0,-1,0,0,0,0,-1,0,0,0,0,-1,0,0,0,0,-1,0,0,0,0,-1,0,0,0,0,0,0,0,1,0,178,180
415,-1,ff,0,0,0,0,0,0,0,0,0,0,0,0,0,0,0,0,0,0,0,0,0,0,0,3,0,0,0,0,0,0,0,0,0,0,0,0,0,0,0,0,0,0,0,0,0,0,0,0,0,0,0,0,0,0,0,0,0,0,-1,0,0,0,0,-1,0,0,0,0,-1,0,0,0,0,-1,0,0,0,0,-1,0,0,0,0,-1,0,0,0,0,-1,0,0,0,0,-1,0,0,0,0,-1,0,0,0,0,-1,0,0,0,0,-1,0,0,0,0,-1,0,0,0,0,0,0,0,1,0,179,180
416,-1,ff,0,0,0,0,0,0,0,0,0,0,0,0,0,0,0,0,0,0,0,0,0,0,0,3,0,0,0,0,0,0,0,0,0,0,0,0,0,0,0,0,0,0,0,0,0,0,0,0,0,0,0,0,0,0,0,0,0,0,-1,0,0,0,0,-1,0,0,0,0,-1,0,0,0,0,-1,0,0,0,0,-1,0,0,0,0,-1,0,0,0,0,-1,0,0,0,0,-1,0,0,0,0,-1,0,0,0,0,-1,0,0,0,0,-1,0,0,0,0,-1,0,0,0,0,0,0,0,1,0,180,180
417,-1,ff,0,0,0,0,0,0,0,0,0,0,0,0,0,0,0,0,0,0,0,0,0,0,0,3,0,0,0,0,0,0,0,0,0,0,0,0,0,0,0,0,0,0,0,0,0,0,0,0,0,0,0,0,0,0,0,0,0,0,-1,0,0,0,0,-1,0,0,0,0,-1,0,0,0,0,-1,0,0,0,0,-1,0,0,0,0,-1,0,0,0,0,-1,0,0,0,0,-1,0,0,0,0,-1,0,0,0,0,-1,0,0,0,0,-1,0,0,0,0,-1,0,0,0,0,0,0,0,1,0,181,180
418,-1,ff,0,0,0,0,0,0,0,0,0,0,0,0,0,0,0,0,0,0,0,0,0,0,0,3,0,0,0,0,0,0,0,0,0,0,0,0,0,0,0,0,0,0,0,0,0,0,0,0,0,0,0,0,0,0,0,0,0,0,-1,0,0,0,0,-1,0,0,0,0,-1,0,0,0,0,-1,0,0,0,0,-1,0,0,0,0,-1,0,0,0,0,-1,0,0,0,0,-1,0,0,0,0,-1,0,0,0,0,-1,0,0,0,0,-1,0,0,0,0,-1,0,0,0,0,0,0,0,1,0,182,180
419,-1,ff,0,0,0,0,0,0,0,0,0,0,0,0,0,0,0,0,0,0,0,0,0,0,0,3,0,0,0,0,0,0,0,0,0,0,0,0,0,0,0,0,0,0,0,0,0,0,0,0,0,0,0,0,0,0,0,0,0,0,-1,0,0,0,0,-1,0,0,0,0,-1,0,0,0,0,-1,0,0,0,0,-1,0,0,0,0,-1,0,0,0,0,-1,0,0,0,0,-1,0,0,0,0,-1,0,0,0,0,-1,0,0,0,0,-1,0,0,0,0,-1,0,0,0,0,0,0,0,1,0,183,180
420,-1,ff,0,0,0,0,0,0,0,0,0,0,0,0,0,0,0,0,0,0,0,0,0,0,0,3,0,0,0,0,0,0,0,0,0,0,0,0,0,0,0,0,0,0,0,0,0,0,0,0,0,0,0,0,0,0,0,0,0,0,-1,0,0,0,0,-1,0,0,0,0,-1,0,0,0,0,-1,0,0,0,0,-1,0,0,0,0,-1,0,0,0,0,-1,0,0,0,0,-1,0,0,0,0,-1,0,0,0,0,-1,0,0,0,0,-1,0,0,0,0,-1,0,0,0,0,0,0,0,1,0,184,180
421,-1,ff,0,0,0,0,0,0,0,0,0,0,0,0,0,0,0,0,0,0,0,0,0,0,0,3,0,0,0,0,0,0,0,0,0,0,0,0,0,0,0,0,0,0,0,0,0,0,0,0,0,0,0,0,0,0,0,0,0,0,-1,0,0,0,0,-1,0,0,0,0,-1,0,0,0,0,-1,0,0,0,0,-1,0,0,0,0,-1,0,0,0,0,-1,0,0,0,0,-1,0,0,0,0,-1,0,0,0,0,-1,0,0,0,0,-1,0,0,0,0,-1,0,0,0,0,0,0,0,1,0,185,180
422,-1,ff,0,0,0,0,0,0,0,0,0,0,0,0,0,0,0,0,0,0,0,0,0,0,0,3,0,0,0,0,0,0,0,0,0,0,0,0,0,0,0,0,0,0,0,0,0,0,0,0,0,0,0,0,0,0,0,0,0,0,-1,0,0,0,0,-1,0,0,0,0,-1,0,0,0,0,-1,0,0,0,0,-1,0,0,0,0,-1,0,0,0,0,-1,0,0,0,0,-1,0,0,0,0,-1,0,0,0,0,-1,0,0,0,0,-1,0,0,0,0,-1,0,0,0,0,0,0,0,1,0,186,180
423,-1,ff,0,0,0,0,0,0,0,0,0,0,0,0,0,0,0,0,0,0,0,0,0,0,0,3,0,0,0,0,0,0,0,0,0,0,0,0,0,0,0,0,0,0,0,0,0,0,0,0,0,0,0,0,0,0,0,0,0,0,-1,0,0,0,0,-1,0,0,0,0,-1,0,0,0,0,-1,0,0,0,0,-1,0,0,0,0,-1,0,0,0,0,-1,0,0,0,0,-1,0,0,0,0,-1,0,0,0,0,-1,0,0,0,0,-1,0,0,0,0,-1,0,0,0,0,0,0,0,1,0,187,180
424,-1,ff,0,0,0,0,0,0,0,0,0,0,0,0,0,0,0,0,0,0,0,0,0,0,0,3,0,0,0,0,0,0,0,0,0,0,0,0,0,0,0,0,0,0,0,0,0,0,0,0,0,0,0,0,0,0,0,0,0,0,-1,0,0,0,0,-1,0,0,0,0,-1,0,0,0,0,-1,0,0,0,0,-1,0,0,0,0,-1,0,0,0,0,-1,0,0,0,0,-1,0,0,0,0,-1,0,0,0,0,-1,0,0,0,0,-1,0,0,0,0,-1,0,0,0,0,0,0,0,1,0,188,180
425,-1,ff,0,0,0,0,0,0,0,0,0,0,0,0,0,0,0,0,0,0,0,0,0,0,0,3,0,0,0,0,0,0,0,0,0,0,0,0,0,0,0,0,0,0,0,0,0,0,0,0,0,0,0,0,0,0,0,0,0,0,-1,0,0,0,0,-1,0,0,0,0,-1,0,0,0,0,-1,0,0,0,0,-1,0,0,0,0,-1,0,0,0,0,-1,0,0,0,0,-1,0,0,0,0,-1,0,0,0,0,-1,0,0,0,0,-1,0,0,0,0,-1,0,0,0,0,0,0,0,1,0,189,180
426,-1,ff,0,0,0,0,0,0,0,0,0,0,0,0,0,0,0,0,0,0,0,0,0,0,0,3,0,0,0,0,0,0,0,0,0,0,0,0,0,0,0,0,0,0,0,0,0,0,0,0,0,0,0,0,0,0,0,0,0,0,-1,0,0,0,0,-1,0,0,0,0,-1,0,0,0,0,-1,0,0,0,0,-1,0,0,0,0,-1,0,0,0,0,-1,0,0,0,0,-1,0,0,0,0,-1,0,0,0,0,-1,0,0,0,0,-1,0,0,0,0,-1,0,0,0,0,0,0,0,0,1,190,180
427,-1,ff,0,0,0,0,0,0,0,0,0,0,0,0,0,0,0,0,0,0,0,0,0,0,0,3,0,0,0,0,0,0,0,0,0,0,0,0,0,0,0,0,0,0,0,0,0,0,0,0,0,0,0,0,0,0,0,0,0,0,-1,0,0,0,0,-1,0,0,0,0,-1,0,0,0,0,-1,0,0,0,0,-1,0,0,0,0,-1,0,0,0,0,-1,0,0,0,0,-1,0,0,0,0,-1,0,0,0,0,-1,0,0,0,0,-1,0,0,0,0,-1,0,0,0,0,0,0,0,2,1,191,180
428,-1,ff,0,0,0,0,0,0,0,0,0,0,0,0,0,0,0,0,0,0,0,0,0,0,0,3,0,0,0,0,0,0,0,0,0,0,0,0,0,0,0,0,0,0,0,0,0,0,0,0,0,0,0,0,0,0,0,0,0,0,-1,0,0,0,0,-1,0,0,0,0,-1,0,0,0,0,-1,0,0,0,0,-1,0,0,0,0,-1,0,0,0,0,-1,0,0,0,0,-1,0,0,0,0,-1,0,0,0,0,-1,0,0,0,0,-1,0,0,0,0,-1,0,0,0,0,0,0,0,0,2,192,180
429,-1,ff,0,0,0,0,0,0,0,0,0,0,0,0,0,0,0,0,0,0,0,0,0,0,0,3,0,0,0,0,0,0,0,0,0,0,0,0,0,0,0,0,0,0,0,0,0,0,0,0,0,0,0,0,0,0,0,0,0,0,-1,0,0,0,0,-1,0,0,0,0,-1,0,0,0,0,-1,0,0,0,0,-1,0,0,0,0,-1,0,0,0,0,-1,0,0,0,0,-1,0,0,0,0,-1,0,0,0,0,-1,0,0,0,0,-1,0,0,0,0,-1,0,0,0,0,0,0,0,2,2,193,180
430,-1,ff,0,0,0,0,0,0,0,0,0,0,0,0,0,0,0,0,0,0,0,0,0,0,0,3,0,0,0,0,0,0,0,0,0,0,0,0,0,0,0,0,0,0,0,0,0,0,0,0,0,0,0,0,0,0,0,0,0,0,-1,0,0,0,0,-1,0,0,0,0,-1,0,0,0,0,-1,0,0,0,0,-1,0,0,0,0,-1,0,0,0,0,-1,0,0,0,0,-1,0,0,0,0,-1,0,0,0,0,-1,0,0,0,0,-1,0,0,0,0,-1,0,0,0,0,0,0,0,1,2,194,180
431,-1,ff,0,0,0,0,0,0,0,0,0,0,0,0,0,0,0,0,0,0,0,0,0,0,0,3,0,0,0,0,0,0,0,0,0,0,0,0,0,0,0,0,0,0,0,0,0,0,0,0,0,0,0,0,0,0,0,0,0,0,-1,0,0,0,0,-1,0,0,0,0,-1,0,0,0,0,-1,0,0,0,0,-1,0,0,0,0,-1,0,0,0,0,-1,0,0,0,0,-1,0,0,0,0,-1,0,0,0,0,-1,0,0,0,0,-1,0,0,0,0,-1,0,0,0,0,0,0,0,2,2,195,180
432,-1,ff,0,0,0,0,0,0,0,0,0,0,0,0,0,0,0,0,0,0,0,0,0,0,0,3,0,0,0,0,0,0,0,0,0,0,0,0,0,0,0,0,0,0,0,0,0,0,0,0,0,0,0,0,0,0,0,0,0,0,-1,0,0,0,0,-1,0,0,0,0,-1,0,0,0,0,-1,0,0,0,0,-1,0,0,0,0,-1,0,0,0,0,-1,0,0,0,0,-1,0,0,0,0,-1,0,0,0,0,-1,0,0,0,0,-1,0,0,0,0,-1,0,0,0,0,0,0,0,1,2,196,180
433,-1,ff,0,0,0,0,0,0,0,0,0,0,0,0,0,0,0,0,0,0,0,0,0,0,0,3,0,0,0,0,0,0,0,0,0,0,0,0,0,0,0,0,0,0,0,0,0,0,0,0,0,0,0,0,0,0,0,0,0,0,-1,0,0,0,0,-1,0,0,0,0,-1,0,0,0,0,-1,0,0,0,0,-1,0,0,0,0,-1,0,0,0,0,-1,0,0,0,0,-1,0,0,0,0,-1,0,0,0,0,-1,0,0,0,0,-1,0,0,0,0,-1,0,0,0,0,0,0,0,2,2,197,180
434,-1,ff,0,0,0,0,0,0,0,0,0,0,0,0,0,0,0,0,0,0,0,0,0,0,0,3,0,0,0,0,0,0,0,0,0,0,0,0,0,0,0,0,0,0,0,0,0,0,0,0,0,0,0,0,0,0,0,0,0,0,-1,0,0,0,0,-1,0,0,0,0,-1,0,0,0,0,-1,0,0,0,0,-1,0,0,0,0,-1,0,0,0,0,-1,0,0,0,0,-1,0,0,0,0,-1,0,0,0,0,-1,0,0,0,0,-1,0,0,0,0,-1,0,0,0,0,0,0,0,1,2,198,180
435,-1,ff,0,0,0,0,0,0,0,0,0,0,0,0,0,0,0,0,0,0,0,0,0,0,0,3,0,0,0,0,0,0,0,0,0,0,0,0,0,0,0,0,0,0,0,0,0,0,0,0,0,0,0,0,0,0,0,0,0,0,-1,0,0,0,0,-1,0,0,0,0,-1,0,0,0,0,-1,0,0,0,0,-1,0,0,0,0,-1,0,0,0,0,-1,0,0,0,0,-1,0,0,0,0,-1,0,0,0,0,-1,0,0,0,0,-1,0,0,0,0,-1,0,0,0,0,0,0,0,2,2,199,180
436,-1,ff,0,0,0,0,0,0,0,0,0,0,0,0,0,0,0,0,0,0,0,0,0,0,0,3,0,0,0,0,0,0,0,0,0,0,0,0,0,0,0,0,0,0,0,0,0,0,0,0,0,0,0,0,0,0,0,0,0,0,-1,0,0,0,0,-1,0,0,0,0,-1,0,0,0,0,-1,0,0,0,0,-1,0,0,0,0,-1,0,0,0,0,-1,0,0,0,0,-1,0,0,0,0,-1,0,0,0,0,-1,0,0,0,0,-1,0,0,0,0,-1,0,0,0,0,0,0,0,1,2,200,180
437,-1,ff,0,0,0,0,0,0,0,0,0,0,0,0,0,0,0,0,0,0,0,0,0,0,0,3,0,0,0,0,0,0,0,0,0,0,0,0,0,0,0,0,0,0,0,0,0,0,0,0,0,0,0,0,0,0,0,0,0,0,-1,0,0,0,0,-1,0,0,0,0,-1,0,0,0,0,-1,0,0,0,0,-1,0,0,0,0,-1,0,0,0,0,-1,0,0,0,0,-1,0,0,0,0,-1,0,0,0,0,-1,0,0,0,0,-1,0,0,0,0,-1,0,0,0,0,0,0,0,2,2,201,180
438,-1,ff,0,0,0,0,0,0,0,0,0,0,0,0,0,0,0,0,0,0,0,0,0,0,0,3,0,0,0,0,0,0,0,0,0,0,0,0,0,0,0,0,0,0,0,0,0,0,0,0,0,0,0,0,0,0,0,0,0,0,-1,0,0,0,0,-1,0,0,0,0,-1,0,0,0,0,-1,0,0,0,0,-1,0,0,0,0,-1,0,0,0,0,-1,0,0,0,0,-1,0,0,0,0,-1,0,0,0,0,-1,0,0,0,0,-1,0,0,0,0,-1,0,0,0,0,0,0,0,1,2,202,180
439,-1,ff,0,0,0,0,0,0,0,0,0,0,0,0,0,0,0,0,0,0,0,0,0,0,0,3,0,0,0,0,0,0,0,0,0,0,0,0,0,0,0,0,0,0,0,0,0,0,0,0,0,0,0,0,0,0,0,0,0,0,-1,0,0,0,0,-1,0,0,0,0,-1,0,0,0,0,-1,0,0,0,0,-1,0,0,0,0,-1,0,0,0,0,-1,0,0,0,0,-1,0,0,0,0,-1,0,0,0,0,-1,0,0,0,0,-1,0,0,0,0,-1,0,0,0,0,0,0,0,2,2,203,180
440,-1,ff,0,0,0,0,0,0,0,0,0,0,0,0,0,0,0,0,0,0,0,0,0,0,0,3,0,0,0,0,0,0,0,0,0,0,0,0,0,0,0,0,0,0,0,0,0,0,0,0,0,0,0,0,0,0,0,0,0,0,-1,0,0,0,0,-1,0,0,0,0,-1,0,0,0,0,-1,0,0,0,0,-1,0,0,0,0,-1,0,0,0,0,-1,0,0,0,0,-1,0,0,0,0,-1,0,0,0,0,-1,0,0,0,0,-1,0,0,0,0,-1,0,0,0,0,0,0,0,1,2,204,180
441,-1,ff,0,0,0,0,0,0,0,0,0,0,0,0,0,0,0,0,0,0,0,0,0,0,0,3,0,0,0,0,0,0,0,0,0,0,0,0,0,0,0,0,0,0,0,0,0,0,0,0,0,0,0,0,0,0,0,0,0,0,-1,0,0,0,0,-1,0,0,0,0,-1,0,0,0,0,-1,0,0,0,0,-1,0,0,0,0,-1,0,0,0,0,-1,0,0,0,0,-1,0,0,0,0,-1,0,0,0,0,-1,0,0,0,0,-1,0,0,0,0,-1,0,0,0,0,0,0,0,2,2,205,180
442,-1,ff,0,0,0,0,0,0,0,0,0,0,0,0,0,0,0,0,0,0,0,0,0,0,0,3,0,0,0,0,0,0,0,0,0,0,0,0,0,0,0,0,0,0,0,0,0,0,0,0,0,0,0,0,0,0,0,0,0,0,-1,0,0,0,0,-1,0,0,0,0,-1,0,0,0,0,-1,0,0,0,0,-1,0,0,0,0,-1,0,0,0,0,-1,0,0,0,0,-1,0,0,0,0,-1,0,0,0,0,-1,0,0,0,0,-1,0,0,0,0,-1,0,0,0,0,0,0,0,1,2,206,180
443,-1,ff,0,0,0,0,0,0,0,0,0,0,0,0,0,0,0,0,0,0,0,0,0,0,0,3,0,0,0,0,0,0,0,0,0,0,0,0,0,0,0,0,0,0,0,0,0,0,0,0,0,0,0,0,0,0,0,0,0,0,-1,0,0,0,0,-1,0,0,0,0,-1,0,0,0,0,-1,0,0,0,0,-1,0,0,0,0,-1,0,0,0,0,-1,0,0,0,0,-1,0,0,0,0,-1,0,0,0,0,-1,0,0,0,0,-1,0,0,0,0,-1,0,0,0,0,0,0,0,2,2,207,180
444,-1,ff,0,0,0,0,0,0,0,0,0,0,0,0,0,0,0,0,0,0,0,0,0,0,0,3,0,0,0,0,0,0,0,0,0,0,0,0,0,0,0,0,0,0,0,0,0,0,0,0,0,0,0,0,0,0,0,0,0,0,-1,0,0,0,0,-1,0,0,0,0,-1,0,0,0,0,-1,0,0,0,0,-1,0,0,0,0,-1,0,0,0,0,-1,0,0,0,0,-1,0,0,0,0,-1,0,0,0,0,-1,0,0,0,0,-1,0,0,0,0,-1,0,0,0,0,0,0,0,1,2,208,180
445,-1,ff,0,0,0,0,0,0,0,0,0,0,0,0,0,0,0,0,0,0,0,0,0,0,0,3,0,0,0,0,0,0,0,0,0,0,0,0,0,0,0,0,0,0,0,0,0,0,0,0,0,0,0,0,0,0,0,0,0,0,-1,0,0,0,0,-1,0,0,0,0,-1,0,0,0,0,-1,0,0,0,0,-1,0,0,0,0,-1,0,0,0,0,-1,0,0,0,0,-1,0,0,0,0,-1,0,0,0,0,-1,0,0,0,0,-1,0,0,0,0,-1,0,0,0,0,0,0,0,2,2,209,180
446,-1,ff,0,0,0,0,0,0,0,0,0,0,0,0,0,0,0,0,0,0,0,0,0,0,0,3,0,0,0,0,0,0,0,0,0,0,0,0,0,0,0,0,0,0,0,0,0,0,0,0,0,0,0,0,0,0,0,0,0,0,-1,0,0,0,0,-1,0,0,0,0,-1,0,0,0,0,-1,0,0,0,0,-1,0,0,0,0,-1,0,0,0,0,-1,0,0,0,0,-1,0,0,0,0,-1,0,0,0,0,-1,0,0,0,0,-1,0,0,0,0,-1,0,0,0,0,0,0,0,1,2,210,180
447,-1,ff,0,0,0,0,0,0,0,0,0,0,0,0,0,0,0,0,0,0,0,0,0,0,0,3,0,0,0,0,0,0,0,0,0,0,0,0,0,0,0,0,0,0,0,0,0,0,0,0,0,0,0,0,0,0,0,0,0,0,-1,0,0,0,0,-1,0,0,0,0,-1,0,0,0,0,-1,0,0,0,0,-1,0,0,0,0,-1,0,0,0,0,-1,0,0,0,0,-1,0,0,0,0,-1,0,0,0,0,-1,0,0,0,0,-1,0,0,0,0,-1,0,0,0,0,0,0,0,2,2,211,180
448,-1,ff,0,0,0,0,0,0,0,0,0,0,0,0,0,0,0,0,0,0,0,0,0,0,0,3,0,0,0,0,0,0,0,0,0,0,0,0,0,0,0,0,0,0,0,0,0,0,0,0,0,0,0,0,0,0,0,0,0,0,-1,0,0,0,0,-1,0,0,0,0,-1,0,0,0,0,-1,0,0,0,0,-1,0,0,0,0,-1,0,0,0,0,-1,0,0,0,0,-1,0,0,0,0,-1,0,0,0,0,-1,0,0,0,0,-1,0,0,0,0,-1,0,0,0,0,0,0,0,1,2,212,180
449,-1,ff,0,0,0,0,0,0,0,0,0,0,0,0,0,0,0,0,0,0,0,0,0,0,0,3,0,0,0,0,0,0,0,0,0,0,0,0,0,0,0,0,0,0,0,0,0,0,0,0,0,0,0,0,0,0,0,0,0,0,-1,0,0,0,0,-1,0,0,0,0,-1,0,0,0,0,-1,0,0,0,0,-1,0,0,0,0,-1,0,0,0,0,-1,0,0,0,0,-1,0,0,0,0,-1,0,0,0,0,-1,0,0,0,0,-1,0,0,0,0,-1,0,0,0,0,0,0,0,2,2,213,180
450,-1,ff,0,0,0,0,0,0,0,0,0,0,0,0,0,0,0,0,0,0,0,0,0,0,0,3,0,0,0,0,0,0,0,0,0,0,0,0,0,0,0,0,0,0,0,0,0,0,0,0,0,0,0,0,0,0,0,0,0,0,-1,0,0,0,0,-1,0,0,0,0,-1,0,0,0,0,-1,0,0,0,0,-1,0,0,0,0,-1,0,0,0,0,-1,0,0,0,0,-1,0,0,0,0,-1,0,0,0,0,-1,0,0,0,0,-1,0,0,0,0,-1,0,0,0,0,0,0,0,1,2,214,180
451,-1,ff,0,0,0,0,0,0,0,0,0,0,0,0,0,0,0,0,0,0,0,0,0,0,0,3,0,0,0,0,0,0,0,0,0,0,0,0,0,0,0,0,0,0,0,0,0,0,0,0,0,0,0,0,0,0,0,0,0,0,-1,0,0,0,0,-1,0,0,0,0,-1,0,0,0,0,-1,0,0,0,0,-1,0,0,0,0,-1,0,0,0,0,-1,0,0,0,0,-1,0,0,0,0,-1,0,0,0,0,-1,0,0,0,0,-1,0,0,0,0,-1,0,0,0,0,0,0,0,2,2,215,180
452,-1,ff,0,0,0,0,0,0,0,0,0,0,0,0,0,0,0,0,0,0,0,0,0,0,0,3,0,0,0,0,0,0,0,0,0,0,0,0,0,0,0,0,0,0,0,0,0,0,0,0,0,0,0,0,0,0,0,0,0,0,-1,0,0,0,0,-1,0,0,0,0,-1,0,0,0,0,-1,0,0,0,0,-1,0,0,0,0,-1,0,0,0,0,-1,0,0,0,0,-1,0,0,0,0,-1,0,0,0,0,-1,0,0,0,0,-1,0,0,0,0,-1,0,0,0,0,0,0,0,1,2,216,180
453,-1,ff,0,0,0,0,0,0,0,0,0,0,0,0,0,0,0,0,0,0,0,0,0,0,0,3,0,0,0,0,0,0,0,0,0,0,0,0,0,0,0,0,0,0,0,0,0,0,0,0,0,0,0,0,0,0,0,0,0,0,-1,0,0,0,0,-1,0,0,0,0,-1,0,0,0,0,-1,0,0,0,0,-1,0,0,0,0,-1,0,0,0,0,-1,0,0,0,0,-1,0,0,0,0,-1,0,0,0,0,-1,0,0,0,0,-1,0,0,0,0,-1,0,0,0,0,0,0,0,2,2,217,180
454,-1,ff,0,0,0,0,0,0,0,0,0,0,0,0,0,0,0,0,0,0,0,0,0,0,0,3,0,0,0,0,0,0,0,0,0,0,0,0,0,0,0,0,0,0,0,0,0,0,0,0,0,0,0,0,0,0,0,0,0,0,-1,0,0,0,0,-1,0,0,0,0,-1,0,0,0,0,-1,0,0,0,0,-1,0,0,0,0,-1,0,0,0,0,-1,0,0,0,0,-1,0,0,0,0,-1,0,0,0,0,-1,0,0,0,0,-1,0,0,0,0,-1,0,0,0,0,0,0,0,1,2,218,180
455,-1,ff,0,0,0,0,0,0,0,0,0,0,0,0,0,0,0,0,0,0,0,0,0,0,0,3,0,0,0,0,0,0,0,0,0,0,0,0,0,0,0,0,0,0,0,0,0,0,0,0,0,0,0,0,0,0,0,0,0,0,-1,0,0,0,0,-1,0,0,0,0,-1,0,0,0,0,-1,0,0,0,0,-1,0,0,0,0,-1,0,0,0,0,-1,0,0,0,0,-1,0,0,0,0,-1,0,0,0,0,-1,0,0,0,0,-1,0,0,0,0,-1,0,0,0,0,0,0,0,2,2,219,180
456,-1,ff,0,0,0,0,0,0,0,0,0,0,0,0,0,0,0,0,0,0,0,0,0,0,0,3,0,0,0,0,0,0,0,0,0,0,0,0,0,0,0,0,0,0,0,0,0,0,0,0,0,0,0,0,0,0,0,0,0,0,-1,0,0,0,0,-1,0,0,0,0,-1,0,0,0,0,-1,0,0,0,0,-1,0,0,0,0,-1,0,0,0,0,-1,0,0,0,0,-1,0,0,0,0,-1,0,0,0,0,-1,0,0,0,0,-1,0,0,0,0,-1,0,0,0,0,0,0,0,1,2,220,180
457,-1,ff,0,0,0,0,0,0,0,0,0,0,0,0,0,0,0,0,0,0,0,0,0,0,0,3,0,0,0,0,0,0,0,0,0,0,0,0,0,0,0,0,0,0,0,0,0,0,0,0,0,0,0,0,0,0,0,0,0,0,-1,0,0,0,0,-1,0,0,0,0,-1,0,0,0,0,-1,0,0,0,0,-1,0,0,0,0,-1,0,0,0,0,-1,0,0,0,0,-1,0,0,0,0,-1,0,0,0,0,-1,0,0,0,0,-1,0,0,0,0,-1,0,0,0,0,0,0,0,2,2,221,180
458,-1,ff,0,0,0,0,0,0,0,0,0,0,0,0,0,0,0,0,0,0,0,0,0,0,0,3,0,0,0,0,0,0,0,0,0,0,0,0,0,0,0,0,0,0,0,0,0,0,0,0,0,0,0,0,0,0,0,0,0,0,-1,0,0,0,0,-1,0,0,0,0,-1,0,0,0,0,-1,0,0,0,0,-1,0,0,0,0,-1,0,0,0,0,-1,0,0,0,0,-1,0,0,0,0,-1,0,0,0,0,-1,0,0,0,0,-1,0,0,0,0,-1,0,0,0,0,0,0,0,1,2,222,180
459,-1,ff,0,0,0,0,0,0,0,0,0,0,0,0,0,0,0,0,0,0,0,0,0,0,0,3,0,0,0,0,0,0,0,0,0,0,0,0,0,0,0,0,0,0,0,0,0,0,0,0,0,0,0,0,0,0,0,0,0,0,-1,0,0,0,0,-1,0,0,0,0,-1,0,0,0,0,-1,0,0,0,0,-1,0,0,0,0,-1,0,0,0,0,-1,0,0,0,0,-1,0,0,0,0,-1,0,0,0,0,-1,0,0,0,0,-1,0,0,0,0,-1,0,0,0,0,0,0,0,2,2,223,180
460,-1,ff,0,0,0,0,0,0,0,0,0,0,0,0,0,0,0,0,0,0,0,0,0,0,0,3,0,0,0,0,0,0,0,0,0,0,0,0,0,0,0,0,0,0,0,0,0,0,0,0,0,0,0,0,0,0,0,0,0,0,-1,0,0,0,0,-1,0,0,0,0,-1,0,0,0,0,-1,0,0,0,0,-1,0,0,0,0,-1,0,0,0,0,-1,0,0,0,0,-1,0,0,0,0,-1,0,0,0,0,-1,0,0,0,0,-1,0,0,0,0,-1,0,0,0,0,0,0,0,1,2,224,180
461,-1,ff,0,0,0,0,0,0,0,0,0,0,0,0,0,0,0,0,0,0,0,0,0,0,0,3,0,0,0,0,0,0,0,0,0,0,0,0,0,0,0,0,0,0,0,0,0,0,0,0,0,0,0,0,0,0,0,0,0,0,-1,0,0,0,0,-1,0,0,0,0,-1,0,0,0,0,-1,0,0,0,0,-1,0,0,0,0,-1,0,0,0,0,-1,0,0,0,0,-1,0,0,0,0,-1,0,0,0,0,-1,0,0,0,0,-1,0,0,0,0,-1,0,0,0,0,0,0,0,2,2,225,180
462,-1,ff,0,0,0,0,0,0,0,0,0,0,0,0,0,0,0,0,0,0,0,0,0,0,0,3,0,0,0,0,0,0,0,0,0,0,0,0,0,0,0,0,0,0,0,0,0,0,0,0,0,0,0,0,0,0,0,0,0,0,-1,0,0,0,0,-1,0,0,0,0,-1,0,0,0,0,-1,0,0,0,0,-1,0,0,0,0,-1,0,0,0,0,-1,0,0,0,0,-1,0,0,0,0,-1,0,0,0,0,-1,0,0,0,0,-1,0,0,0,0,-1,0,0,0,0,0,0,0,1,2,226,180
463,-1,ff,0,0,0,0,0,0,0,0,0,0,0,0,0,0,0,0,0,0,0,0,0,0,0,3,0,0,0,0,0,0,0,0,0,0,0,0,0,0,0,0,0,0,0,0,0,0,0,0,0,0,0,0,0,0,0,0,0,0,-1,0,0,0,0,-1,0,0,0,0,-1,0,0,0,0,-1,0,0,0,0,-1,0,0,0,0,-1,0,0,0,0,-1,0,0,0,0,-1,0,0,0,0,-1,0,0,0,0,-1,0,0,0,0,-1,0,0,0,0,-1,0,0,0,0,0,0,0,2,2,227,180
464,-1,ff,0,0,0,0,0,0,0,0,0,0,0,0,0,0,0,0,0,0,0,0,0,0,0,3,0,0,0,0,0,0,0,0,0,0,0,0,0,0,0,0,0,0,0,0,0,0,0,0,0,0,0,0,0,0,0,0,0,0,-1,0,0,0,0,-1,0,0,0,0,-1,0,0,0,0,-1,0,0,0,0,-1,0,0,0,0,-1,0,0,0,0,-1,0,0,0,0,-1,0,0,0,0,-1,0,0,0,0,-1,0,0,0,0,-1,0,0,0,0,-1,0,0,0,0,0,0,0,1,2,228,180
465,-1,ff,0,0,0,0,0,0,0,0,0,0,0,0,0,0,0,0,0,0,0,0,0,0,0,3,0,0,0,0,0,0,0,0,0,0,0,0,0,0,0,0,0,0,0,0,0,0,0,0,0,0,0,0,0,0,0,0,0,0,-1,0,0,0,0,-1,0,0,0,0,-1,0,0,0,0,-1,0,0,0,0,-1,0,0,0,0,-1,0,0,0,0,-1,0,0,0,0,-1,0,0,0,0,-1,0,0,0,0,-1,0,0,0,0,-1,0,0,0,0,-1,0,0,0,0,0,0,0,2,2,229,180
466,-1,ff,0,0,0,0,0,0,0,0,0,0,0,0,0,0,0,0,0,0,0,0,0,0,0,3,0,0,0,0,0,0,0,0,0,0,0,0,0,0,0,0,0,0,0,0,0,0,0,0,0,0,0,0,0,0,0,0,0,0,-1,0,0,0,0,-1,0,0,0,0,-1,0,0,0,0,-1,0,0,0,0,-1,0,0,0,0,-1,0,0,0,0,-1,0,0,0,0,-1,0,0,0,0,-1,0,0,0,0,-1,0,0,0,0,-1,0,0,0,0,-1,0,0,0,0,0,0,0,1,2,230,180
467,-1,ff,0,0,0,0,0,0,0,0,0,0,0,0,0,0,0,0,0,0,0,0,0,0,0,3,0,0,0,0,0,0,0,0,0,0,0,0,0,0,0,0,0,0,0,0,0,0,0,0,0,0,0,0,0,0,0,0,0,0,-1,0,0,0,0,-1,0,0,0,0,-1,0,0,0,0,-1,0,0,0,0,-1,0,0,0,0,-1,0,0,0,0,-1,0,0,0,0,-1,0,0,0,0,-1,0,0,0,0,-1,0,0,0,0,-1,0,0,0,0,-1,0,0,0,0,0,0,0,2,2,231,180
468,-1,ff,0,0,0,0,0,0,0,0,0,0,0,0,0,0,0,0,0,0,0,0,0,0,0,3,0,0,0,0,0,0,0,0,0,0,0,0,0,0,0,0,0,0,0,0,0,0,0,0,0,0,0,0,0,0,0,0,0,0,-1,0,0,0,0,-1,0,0,0,0,-1,0,0,0,0,-1,0,0,0,0,-1,0,0,0,0,-1,0,0,0,0,-1,0,0,0,0,-1,0,0,0,0,-1,0,0,0,0,-1,0,0,0,0,-1,0,0,0,0,-1,0,0,0,0,0,0,0,1,2,232,180
469,-1,ff,0,0,0,0,0,0,0,0,0,0,0,0,0,0,0,0,0,0,0,0,0,0,0,3,0,0,0,0,0,0,0,0,0,0,0,0,0,0,0,0,0,0,0,0,0,0,0,0,0,0,0,0,0,0,0,0,0,0,-1,0,0,0,0,-1,0,0,0,0,-1,0,0,0,0,-1,0,0,0,0,-1,0,0,0,0,-1,0,0,0,0,-1,0,0,0,0,-1,0,0,0,0,-1,0,0,0,0,-1,0,0,0,0,-1,0,0,0,0,-1,0,0,0,0,0,0,0,2,2,233,180
470,-1,ff,0,0,0,0,0,0,0,0,0,0,0,0,0,0,0,0,0,0,0,0,0,0,0,3,0,0,0,0,0,0,0,0,0,0,0,0,0,0,0,0,0,0,0,0,0,0,0,0,0,0,0,0,0,0,0,0,0,0,-1,0,0,0,0,-1,0,0,0,0,-1,0,0,0,0,-1,0,0,0,0,-1,0,0,0,0,-1,0,0,0,0,-1,0,0,0,0,-1,0,0,0,0,-1,0,0,0,0,-1,0,0,0,0,-1,0,0,0,0,-1,0,0,0,0,0,0,0,1,2,234,180
471,-1,ff,0,0,0,0,0,0,0,0,0,0,0,0,0,0,0,0,0,0,0,0,0,0,0,3,0,0,0,0,0,0,0,0,0,1,0,0,0,0,0,0,0,0,0,0,0,0,0,0,0,0,0,0,0,0,0,0,0,0,-1,0,0,0,0,-1,0,0,0,0,-1,0,0,0,0,-1,0,0,0,0,-1,0,0,0,0,-1,0,0,0,0,-1,0,0,0,0,-1,0,0,0,0,-1,0,0,0,0,-1,0,0,0,0,-1,0,0,0,0,-1,0,0,0,0,0,0,0,2,2,235,180
472,-1,ff,0,0,0,0,0,0,0,0,0,0,0,0,0,0,0,0,0,0,0,0,0,0,0,3,0,0,0,0,0,0,0,0,0,1,0,0,0,0,0,0,0,0,0,0,0,0,0,0,0,0,0,0,0,0,0,0,0,0,-1,0,0,0,0,-1,0,0,0,0,-1,0,0,0,0,-1,0,0,0,0,-1,0,0,0,0,-1,0,0,0,0,-1,0,0,0,0,-1,0,0,0,0,-1,0,0,0,0,-1,0,0,0,0,-1,0,0,0,0,-1,0,0,0,0,0,0,0,1,2,236,180
473,-1,ff,0,0,0,0,0,0,0,0,0,0,0,0,0,0,0,0,0,0,0,0,0,0,0,3,0,0,0,0,0,0,0,0,0,1,0,0,0,0,0,0,0,0,0,0,0,0,0,0,0,0,0,0,0,0,0,0,0,0,-1,0,0,0,0,-1,0,0,0,0,-1,0,0,0,0,-1,0,0,0,0,-1,0,0,0,0,-1,0,0,0,0,-1,0,0,0,0,-1,0,0,0,0,-1,0,0,0,0,-1,0,0,0,0,-1,0,0,0,0,-1,0,0,0,0,0,0,0,2,2,237,180
474,-1,ff,0,0,0,0,0,0,0,0,0,0,0,0,0,0,0,0,0,0,0,0,0,0,0,3,0,0,0,0,0,0,0,0,0,1,0,0,0,0,0,0,0,0,0,0,0,0,0,0,0,0,0,0,0,0,0,0,0,0,-1,0,0,0,0,-1,0,0,0,0,-1,0,0,0,0,-1,0,0,0,0,-1,0,0,0,0,-1,0,0,0,0,-1,0,0,0,0,-1,0,0,0,0,-1,0,0,0,0,-1,0,0,0,0,-1,0,0,0,0,-1,0,0,0,0,0,0,0,1,2,238,180
475,-1,ff,0,0,0,0,0,0,0,0,0,0,0,0,0,0,0,0,0,0,0,0,0,0,0,3,0,0,0,0,0,0,0,0,0,1,0,0,0,0,0,0,0,0,0,0,0,0,0,0,0,0,0,0,0,0,0,0,0,0,-1,0,0,0,0,-1,0,0,0,0,-1,0,0,0,0,-1,0,0,0,0,-1,0,0,0,0,-1,0,0,0,0,-1,0,0,0,0,-1,0,0,0,0,-1,0,0,0,0,-1,0,0,0,0,-1,0,0,0,0,-1,0,0,0,0,0,0,0,2,2,239,180
476,-1,ff,0,0,0,0,0,0,0,0,0,0,0,0,0,0,0,0,0,0,0,0,0,0,0,3,0,0,0,0,0,0,0,0,0,1,0,0,0,0,0,0,0,0,0,0,0,0,0,0,0,0,0,0,0,0,0,0,0,0,-1,0,0,0,0,-1,0,0,0,0,-1,0,0,0,0,-1,0,0,0,0,-1,0,0,0,0,-1,0,0,0,0,-1,0,0,0,0,-1,0,0,0,0,-1,0,0,0,0,-1,0,0,0,0,-1,0,0,0,0,-1,0,0,0,0,0,0,0,1,2,240,180
477,-1,ff,0,0,0,0,0,0,0,0,0,0,0,0,0,0,0,0,0,0,0,0,0,0,0,3,0,0,0,0,0,0,0,0,0,1,0,0,0,0,0,0,0,0,0,0,0,0,0,0,0,0,0,0,0,0,0,0,0,0,-1,0,0,0,0,-1,0,0,0,0,-1,0,0,0,0,-1,0,0,0,0,-1,0,0,0,0,-1,0,0,0,0,-1,0,0,0,0,-1,0,0,0,0,-1,0,0,0,0,-1,0,0,0,0,-1,0,0,0,0,-1,0,0,0,0,0,0,0,2,2,241,180
478,-1,ff,0,0,0,0,0,0,0,0,0,0,0,0,0,0,0,0,0,0,0,0,0,0,0,3,0,0,0,0,0,0,0,0,0,1,0,0,0,0,0,0,0,0,0,0,0,0,0,0,0,0,0,0,0,0,0,0,0,0,-1,0,0,0,0,-1,0,0,0,0,-1,0,0,0,0,-1,0,0,0,0,-1,0,0,0,0,-1,0,0,0,0,-1,0,0,0,0,-1,0,0,0,0,-1,0,0,0,0,-1,0,0,0,0,-1,0,0,0,0,-1,0,0,0,0,0,0,0,1,2,242,180
479,-1,ff,0,0,0,0,0,0,0,0,0,0,0,0,0,0,0,0,0,0,0,0,0,0,0,3,0,0,0,0,0,0,0,0,0,1,0,0,0,0,0,0,0,0,0,0,0,0,0,0,0,0,0,0,0,0,0,0,0,0,-1,0,0,0,0,-1,0,0,0,0,-1,0,0,0,0,-1,0,0,0,0,-1,0,0,0,0,-1,0,0,0,0,-1,0,0,0,0,-1,0,0,0,0,-1,0,0,0,0,-1,0,0,0,0,-1,0,0,0,0,-1,0,0,0,0,0,0,0,2,2,243,180
480,-1,ff,0,0,0,0,0,0,0,0,0,0,0,0,0,0,0,0,0,0,0,0,0,0,0,3,0,0,0,0,0,0,0,0,0,1,0,0,0,0,0,0,0,0,0,0,0,0,0,0,0,0,0,0,0,0,0,0,0,0,-1,0,0,0,0,-1,0,0,0,0,-1,0,0,0,0,-1,0,0,0,0,-1,0,0,0,0,-1,0,0,0,0,-1,0,0,0,0,-1,0,0,0,0,-1,0,0,0,0,-1,0,0,0,0,-1,0,0,0,0,-1,0,0,0,0,0,0,0,1,2,244,180
481,-1,ff,0,0,0,0,0,0,0,0,0,0,0,0,0,0,0,0,0,0,0,0,0,0,0,3,0,0,0,0,0,0,0,0,0,1,0,0,0,0,0,0,0,0,0,0,0,0,0,0,0,0,0,0,0,0,0,0,0,0,-1,0,0,0,0,-1,0,0,0,0,-1,0,0,0,0,-1,0,0,0,0,-1,0,0,0,0,-1,0,0,0,0,-1,0,0,0,0,-1,0,0,0,0,-1,0,0,0,0,-1,0,0,0,0,-1,0,0,0,0,-1,0,0,0,0,0,0,0,2,2,245,180
482,-1,ff,0,0,0,0,0,0,0,0,0,0,0,0,0,0,0,0,0,0,0,0,0,0,0,3,0,0,0,0,0,0,0,0,0,1,0,0,0,0,0,0,0,0,0,0,0,0,0,0,0,0,0,0,0,0,0,0,0,0,-1,0,0,0,0,-1,0,0,0,0,-1,0,0,0,0,-1,0,0,0,0,-1,0,0,0,0,-1,0,0,0,0,-1,0,0,0,0,-1,0,0,0,0,-1,0,0,0,0,-1,0,0,0,0,-1,0,0,0,0,-1,0,0,0,0,0,0,0,1,2,246,180
483,-1,ff,0,0,0,0,0,0,0,0,0,0,0,0,0,0,0,0,0,0,0,0,0,0,0,3,0,0,0,0,0,0,0,0,0,1,0,0,0,0,0,0,0,0,0,0,0,0,0,0,0,0,0,0,0,0,0,0,0,0,-1,0,0,0,0,-1,0,0,0,0,-1,0,0,0,0,-1,0,0,0,0,-1,0,0,0,0,-1,0,0,0,0,-1,0,0,0,0,-1,0,0,0,0,-1,0,0,0,0,-1,0,0,0,0,-1,0,0,0,0,-1,0,0,0,0,0,0,0,2,2,247,180
484,-1,ff,0,0,0,0,0,0,0,0,0,0,0,0,0,0,0,0,0,0,0,0,0,0,0,3,0,0,0,0,0,0,0,0,0,1,0,0,0,0,0,0,0,0,0,0,0,0,0,0,0,0,0,0,0,0,0,0,0,0,-1,0,0,0,0,-1,0,0,0,0,-1,0,0,0,0,-1,0,0,0,0,-1,0,0,0,0,-1,0,0,0,0,-1,0,0,0,0,-1,0,0,0,0,-1,0,0,0,0,-1,0,0,0,0,-1,0,0,0,0,-1,0,0,0,0,0,0,0,1,2,248,180
485,-1,ff,0,0,0,0,0,0,0,0,0,0,0,0,0,0,0,0,0,0,0,0,0,0,0,3,0,0,0,0,0,0,0,0,0,1,0,0,0,0,0,0,0,0,0,0,0,0,0,0,0,0,0,0,0,0,0,0,0,0,-1,0,0,0,0,-1,0,0,0,0,-1,0,0,0,0,-1,0,0,0,0,-1,0,0,0,0,-1,0,0,0,0,-1,0,0,0,0,-1,0,0,0,0,-1,0,0,0,0,-1,0,0,0,0,-1,0,0,0,0,-1,0,0,0,0,0,0,0,2,2,249,180
486,-1,ff,0,0,0,0,0,0,0,0,0,0,0,0,0,0,0,0,0,0,0,0,0,0,0,3,0,0,0,0,0,0,0,0,0,1,0,0,0,0,0,0,0,0,0,0,0,0,0,0,0,0,0,0,0,0,0,0,0,0,-1,0,0,0,0,-1,0,0,0,0,-1,0,0,0,0,-1,0,0,0,0,-1,0,0,0,0,-1,0,0,0,0,-1,0,0,0,0,-1,0,0,0,0,-1,0,0,0,0,-1,0,0,0,0,-1,0,0,0,0,-1,0,0,0,0,0,0,0,1,2,250,180
487,-1,ff,0,0,0,0,0,0,0,0,0,0,0,0,0,0,0,0,0,0,0,0,0,0,0,3,0,0,0,0,0,0,0,0,0,1,0,0,0,0,0,0,0,0,0,0,0,0,0,0,0,0,0,0,0,0,0,0,0,0,-1,0,0,0,0,-1,0,0,0,0,-1,0,0,0,0,-1,0,0,0,0,-1,0,0,0,0,-1,0,0,0,0,-1,0,0,0,0,-1,0,0,0,0,-1,0,0,0,0,-1,0,0,0,0,-1,0,0,0,0,-1,0,0,0,0,0,0,0,2,2,251,180
488,-1,ff,0,0,0,0,0,0,0,0,0,0,0,0,0,0,0,0,0,0,0,0,0,0,0,3,0,0,0,0,0,0,0,0,0,1,0,0,0,0,0,0,0,0,0,0,0,0,0,0,0,0,0,0,0,0,0,0,0,0,-1,0,0,0,0,-1,0,0,0,0,-1,0,0,0,0,-1,0,0,0,0,-1,0,0,0,0,-1,0,0,0,0,-1,0,0,0,0,-1,0,0,0,0,-1,0,0,0,0,-1,0,0,0,0,-1,0,0,0,0,-1,0,0,0,0,0,0,0,1,2,252,180
489,-1,ff,0,0,0,0,0,0,0,0,0,0,0,0,0,0,0,0,0,0,0,0,0,0,0,3,0,0,0,0,0,0,0,0,0,1,0,0,0,0,0,0,0,0,0,0,0,0,0,0,0,0,0,0,0,0,0,0,0,0,-1,0,0,0,0,-1,0,0,0,0,-1,0,0,0,0,-1,0,0,0,0,-1,0,0,0,0,-1,0,0,0,0,-1,0,0,0,0,-1,0,0,0,0,-1,0,0,0,0,-1,0,0,0,0,-1,0,0,0,0,-1,0,0,0,0,0,0,0,2,2,253,180
490,-1,ff,0,0,0,0,0,0,0,0,0,0,0,0,0,0,0,0,0,0,0,0,0,0,0,3,0,0,0,0,0,0,0,0,0,1,0,0,0,0,0,0,0,0,0,0,0,0,0,0,0,0,0,0,0,0,0,0,0,0,-1,0,0,0,0,-1,0,0,0,0,-1,0,0,0,0,-1,0,0,0,0,-1,0,0,0,0,-1,0,0,0,0,-1,0,0,0,0,-1,0,0,0,0,-1,0,0,0,0,-1,0,0,0,0,-1,0,0,0,0,-1,0,0,0,0,0,0,0,1,2,254,180
491,-1,ff,0,0,0,0,0,0,0,0,0,0,0,0,0,0,0,0,0,0,0,0,0,0,0,3,0,0,0,0,0,0,0,0,0,1,0,0,0,0,0,0,0,0,0,0,0,0,0,0,0,0,0,0,0,0,0,0,0,0,-1,0,0,0,0,-1,0,0,0,0,-1,0,0,0,0,-1,0,0,0,0,-1,0,0,0,0,-1,0,0,0,0,-1,0,0,0,0,-1,0,0,0,0,-1,0,0,0,0,-1,0,0,0,0,-1,0,0,0,0,-1,0,0,0,0,0,0,0,2,2,255,180
492,-1,ff,0,0,0,0,0,0,0,0,0,0,0,0,0,0,0,0,0,0,0,0,0,0,0,3,0,0,0,0,0,0,0,0,0,1,0,0,0,0,0,0,0,0,0,0,0,0,0,0,0,0,0,0,0,0,0,0,0,0,-1,0,0,0,0,-1,0,0,0,0,-1,0,0,0,0,-1,0,0,0,0,-1,0,0,0,0,-1,0,0,0,0,-1,0,0,0,0,-1,0,0,0,0,-1,0,0,0,0,-1,0,0,0,0,-1,0,0,0,0,-1,0,0,0,0,0,0,0,1,2,0,180
493,-1,ff,0,0,0,0,0,0,0,0,0,0,0,0,0,0,0,0,0,0,0,0,0,0,0,3,0,0,0,0,0,0,0,0,0,1,0,0,0,0,0,0,0,0,0,0,0,0,0,0,0,0,0,0,0,0,0,0,0,0,-1,0,0,0,0,-1,0,0,0,0,-1,0,0,0,0,-1,0,0,0,0,-1,0,0,0,0,-1,0,0,0,0,-1,0,0,0,0,-1,0,0,0,0,-1,0,0,0,0,-1,0,0,0,0,-1,0,0,0,0,-1,0,0,0,0,0,0,0,2,2,1,180
494,-1,ff,0,0,0,0,0,0,0,0,0,0,0,0,0,0,0,0,0,0,0,0,0,0,0,3,0,0,0,0,0,0,0,0,0,1,0,0,0,0,0,0,0,0,0,0,0,0,0,0,0,0,0,0,0,0,0,0,0,0,-1,0,0,0,0,-1,0,0,0,0,-1,0,0,0,0,-1,0,0,0,0,-1,0,0,0,0,-1,0,0,0,0,-1,0,0,0,0,-1,0,0,0,0,-1,0,0,0,0,-1,0,0,0,0,-1,0,0,0,0,-1,0,0,0,0,0,0,0,3,2,2,180
495,-1,ff,0,0,0,0,0,0,0,0,0,0,0,0,0,0,0,0,0,0,0,0,0,0,0,3,0,0,0,0,0,0,0,0,0,1,0,0,0,0,0,0,0,0,0,0,0,0,0,0,0,0,0,0,0,0,0,0,0,0,-1,0,0,0,0,-1,0,0,0,0,-1,0,0,0,0,-1,0,0,0,0,-1,0,0,0,0,-1,0,0,0,0,-1,0,0,0,0,-1,0,0,0,0,-1,0,0,0,0,-1,0,0,0,0,-1,0,0,0,0,-1,0,0,0,0,0,0,0,0,3,3,180
496,0,ff,1,164,80,0,4,4,0,1056,0,0,0,4,0,1,0,1,192,80,0,0,0,0,6409,3,0,0,0,0,0,0,1,0,64,1,0,0,0,0,0,0,0,0,0,0,0,0,0,0,0,0,0,0,0,0,0,0,0,0,-1,0,0,0,0,-1,0,0,0,0,-1,0,0,0,0,-1,0,0,0,0,-1,0,0,0,0,-1,0,0,0,0,-1,0,0,0,0,-1,0,0,0,0,-1,0,0,0,0,-1,0,0,0,0,-1,0,0,0,0,-1,0,0,0,0,112,128,144,0,3,4,180
497,1,fd,1,164,80,0,4,4,2,1056,0,2,0,0,0,1,0,2,192,80,0,0,65535,0,6408,3,0,0,0,0,0,0,2,0,64,1,0,0,0,0,0,0,0,0,0,0,0,0,0,0,0,0,0,0,0,0,0,0,0,0,-1,0,0,0,0,-1,0,0,0,0,-1,0,0,0,0,-1,0,0,0,0,-1,0,0,0,0,-1,0,0,0,0,-1,0,0,0,0,-1,0,0,0,0,-1,0,0,0,0,-1,0,0,0,0,-1,0,0,0,0,-1,0,0,0,0,111,127,143,0,3,5,180
498,2,fd,1,164,80,0,4,4,2,1056,0,2,0,0,0,1,0,2,192,80,0,0,65534,0,6407,3,0,0,0,0,0,0,2,0,64,1,0,0,0,0,0,0,0,0,0,0,0,0,0,0,0,0,0,0,0,0,0,0,0,0,-1,0,0,0,0,-1,0,0,0,0,-1,0,0,0,0,-1,0,0,0,0,-1,0,0,0,0,-1,0,0,0,0,-1,0,0,0,0,-1,0,0,0,0,-1,0,0,0,0,-1,0,0,0,0,-1,0,0,0,0,-1,0,0,0,0,110,126,142,0,3,6,180
499,3,fd,1,164,80,0,4,4,2,1056,0,2,0,0,0,1,0,2,192,80,0,0,65533,0,6406,3,0,0,0,0,0,0,2,0,64,1,0,0,0,0,0,0,0,0,0,0,0,0,0,0,0,0,0,0,0,0,0,0,0,0,-1,0,0,0,0,-1,0,0,0,0,-1,0,0,0,0,-1,0,0,0,0,-1,0,0,0,0,-1,0,0,0,0,-1,0,0,0,0,-1,0,0,0,0,-1,0,0,0,0,-1,0,0,0,0,-1,0,0,0,0,-1,0,0,0,0,109,125,141,0,3,7,180
500,4,fd,1,164,80,0,4,4,2,1056,0,2,0,0,0,1,0,2,192,80,0,0,65532,0,6405,3,0,0,0,0,0,0,2,0,64,1,0,0,0,0,0,0,0,0,0,0,0,0,0,0,0,0,0,0,0,0,0,0,0,0,-1,0,0,0,0,-1,0,0,0,0,-1,0,0,0,0,-1,0,0,0,0,-1,0,0,0,0,-1,0,0,0,0,-1,0,0,0,0,-1,0,0,0,0,-1,0,0,0,0,-1,0,0,0,0,-1,0,0,0,0,-1,0,0,0,0,108,124,140,0,3,8,180
501,5,fd,1,164,80,0,4,4,2,1056,0,2,0,0,0,1,0,2,192,80,0,0,65531,0,6404,3,0,0,0,0,0,0,2,0,64,1,0,0,0,0,0,0,0,0,0,0,0,0,0,0,0,0,0,0,0,0,0,0,0,0,-1,0,0,0,0,-1,0,0,0,0,-1,0,0,0,0,-1,0,0,0,0,-1,0,0,0,0,-1,0,0,0,0,-1,0,0,0,0,-1,0,0,0,0,-1,0,0,0,0,-1,0,0,0,0,-1,0,0,0,0,-1,0,0,0,0,107,123,139,0,3,9,180
502,6,fd,1,164,80,0,4,4,2,1056,0,2,0,0,0,1,0,2,192,80,0,0,65530,0,6403,3,0,0,0,0,0,0,2,0,64,1,0,0,0,0,0,0,0,0,0,0,0,0,0,0,0,0,0,0,0,0,0,0,0,0,-1,0,0,0,0,-1,0,0,0,0,-1,0,0,0,0,-1,0,0,0,0,-1,0,0,0,0,-1,0,0,0,0,-1,0,0,0,0,-1,0,0,0,0,-1,0,0,0,0,-1,0,0,0,0,-1,0,0,0,0,-1,0,0,0,0,106,122,138,0,3,10,180
503,7,fd,1,164,80,0,4,4,2,1056,0,2,0,0,0,1,0,2,192,80,0,0,65529,0,6402,3,0,0,0,0,0,0,2,0,64,1,0,0,0,0,0,0,0,0,0,0,0,0,0,0,0,0,0,0,0,0,0,0,0,0,-1,0,0,0,0,-1,0,0,0,0,-1,0,0,0,0,-1,0,0,0,0,-1,0,0,0,0,-1,0,0,0,0,-1,0,0,0,0,-1,0,0,0,0,-1,0,0,0,0,-1,0,0,0,0,-1,0,0,0,0,-1,0,0,0,0,105,121,137,0,3,11,180
504,8,fd,1,164,80,0,4,4,2,1056,0,2,0,0,0,1,0,2,192,80,0,0,65528,0,6401,3,0,0,0,0,0,0,2,0,64,1,0,0,0,0,0,0,0,0,0,0,0,0,0,0,0,0,0,0,0,0,0,0,0,0,-1,0,0,0,0,-1,0,0,0,0,-1,0,0,0,0,-1,0,0,0,0,-1,0,0,0,0,-1,0,0,0,0,-1,0,0,0,0,-1,0,0,0,0,-1,0,0,0,0,-1,0,0,0,0,-1,0,0,0,0,-1,0,0,0,0,104,120,136,0,3,12,180
505,9,fd,1,164,80,0,4,4,2,1056,0,2,0,0,0,1,0,2,192,80,0,0,65527,0,6400,3,0,0,0,0,0,0,2,0,64,1,0,0,0,0,0,0,0,0,0,0,0,0,0,0,0,0,0,0,0,0,0,0,0,0,-1,0,0,0,0,-1,0,0,0,0,-1,0,0,0,0,-1,0,0,0,0,-1,0,0,0,0,-1,0,0,0,0,-1,0,0,0,0,-1,0,0,0,0,-1,0,0,0,0,-1,0,0,0,0,-1,0,0,0,0,-1,0,0,0,0,103,119,135,0,3,13,180
506,10,fd,1,164,80,0,4,4,2,1056,0,2,0,0,0,1,0,2,192,80,0,0,65526,0,6399,3,0,0,0,0,0,0,2,0,64,1,0,0,0,0,0,0,0,0,0,0,0,0,0,0,0,0,0,0,0,0,0,0,0,0,-1,0,0,0,0,-1,0,0,0,0,-1,0,0,0,0,-1,0,0,0,0,-1,0,0,0,0,-1,0,0,0,0,-1,0,0,0,0,-1,0,0,0,0,-1,0,0,0,0,-1,0,0,0,0,-1,0,0,0,0,-1,0,0,0,0,102,118,134,0,3,14,180
507,11,fd,1,164,80,0,4,4,2,1056,0,2,0,0,0,1,0,2,192,80,0,0,65525,0,6398,3,0,0,0,0,0,0,2,0,64,1,0,0,0,0,0,0,0,0,0,0,0,0,0,0,0,0,0,0,0,0,0,0,0,0,-1,0,0,0,0,-1,0,0,0,0,-1,0,0,0,0,-1,0,0,0,0,-1,0,0,0,0,-1,0,0,0,0,-1,0,0,0,0,-1,0,0,0,0,-1,0,0,0,0,-1,0,0,0,0,-1,0,0,0,0,-1,0,0,0,0,101,117,133,0,3,15,180
508,12,fd,1,164,80,0,4,4,2,1056,0,2,0,0,0,1,0,2,192,80,0,0,65524,0,6397,3,0,0,0,0,0,0,2,0,64,1,0,0,0,0,0,0,0,0,0,0,0,0,0,0,0,0,0,0,0,0,0,0,0,0,-1,0,0,0,0,-1,0,0,0,0,-1,0,0,0,0,-1,0,0,0,0,-1,0,0,0,0,-1,0,0,0,0,-1,0,0,0,0,-1,0,0,0,0,-1,0,0,0,0,-1,0,0,0,0,-1,0,0,0,0,-1,0,0,0,0,100,116,132,0,3,16,180
509,13,fd,1,164,80,0,4,4,2,1056,0,2,0,0,0,1,0,2,192,80,0,0,65523,0,6396,3,0,0,0,0,0,0,2,0,64,1,0,0,0,0,0,0,0,0,0,0,0,0,0,0,0,0,0,0,0,0,0,0,0,0,-1,0,0,0,0,-1,0,0,0,0,-1,0,0,0,0,-1,0,0,0,0,-1,0,0,0,0,-1,0,0,0,0,-1,0,0,0,0,-1,0,0,0,0,-1,0,0,0,0,-1,0,0,0,0,-1,0,0,0,0,-1,0,0,0,0,99,115,131,0,3,17,180
510,14,fd,1,164,80,0,4,4,2,1056,0,2,0,0,0,1,0,2,192,80,0,0,65522,0,6395,3,0,0,0,0,0,0,2,0,64,1,0,0,0,0,0,0,0,0,0,0,0,0,0,0,0,0,0,0,0,0,0,0,0,0,-1,0,0,0,0,-1,0,0,0,0,-1,0,0,0,0,-1,0,0,0,0,-1,0,0,0,0,-1,0,0,0,0,-1,0,0,0,0,-1,0,0,0,0,-1,0,0,0,0,-1,0,0,0,0,-1,0,0,0,0,-1,0,0,0,0,98,114,130,0,3,18,180
511,15,fd,1,164,80,0,4,4,2,1056,0,2,0,0,0,1,0,2,192,80,0,0,65521,0,6394,3,0,0,0,0,0,0,2,0,64,1,0,0,0,0,0,0,0,0,0,0,0,0,0,0,0,0,0,0,0,0,0,0,0,0,-1,0,0,0,0,-1,0,0,0,0,-1,0,0,0,0,-1,0,0,0,0,-1,0,0,0,0,-1,0,0,0,0,-1,0,0,0,0,-1,0,0,0,0,-1,0,0,0,0,-1,0,0,0,0,-1,0,0,0,0,-1,0,0,0,0,97,113,129,0,3,19,180
512,16,fd,1,164,80,0,4,4,2,1056,0,2,0,0,0,1,0,2,192,80,0,0,65520,0,6393,3,0,0,0,0,0,0,2,0,64,1,0,0,0,0,0,0,0,0,0,0,0,0,0,0,0,0,0,0,0,0,0,0,0,0,-1,0,0,0,0,-1,0,0,0,0,-1,0,0,0,0,-1,0,0,0,0,-1,0,0,0,0,-1,0,0,0,0,-1,0,0,0,0,-1,0,0,0,0,-1,0,0,0,0,-1,0,0,0,0,-1,0,0,0,0,-1,0,0,0,0,96,112,128,0,3,20,180
513,17,fd,1,164,80,0,4,4,2,1056,0,2,0,0,0,1,0,2,192,80,0,0,65519,0,6392,3,0,0,0,0,0,0,2,0,64,1,0,0,0,0,0,0,0,0,0,0,0,0,0,0,0,0,0,0,0,0,0,0,0,0,-1,0,0,0,0,-1,0,0,0,0,-1,0,0,0,0,-1,0,0,0,0,-1,0,0,0,0,-1,0,0,0,0,-1,0,0,0,0,-1,0,0,0,0,-1,0,0,0,0,-1,0,0,0,0,-1,0,0,0,0,-1,0,0,0,0,95,111,127,0,3,21,180
514,18,fd,1,164,80,0,4,4,2,1056,0,2,0,0,0,1,0,2,192,80,0,0,65518,0,6391,3,0,0,0,0,0,0,2,0,64,1,0,0,0,0,0,0,0,0,0,0,0,0,0,0,0,0,0,0,0,0,0,0,0,0,-1,0,0,0,0,-1,0,0,0,0,-1,0,0,0,0,-1,0,0,0,0,-1,0,0,0,0,-1,0,0,0,0,-1,0,0,0,0,-1,0,0,0,0,-1,0,0,0,0,-1,0,0,0,0,-1,0,0,0,0,-1,0,0,0,0,94,110,126,0,3,22,180
515,19,fd,1,164,80,0,4,4,2,1056,0,2,0,0,0,1,0,2,192,80,0,0,65517,0,6390,3,0,0,0,0,0,0,2,0,64,1,0,0,0,0,0,0,0,0,0,0,0,0,0,0,0,0,0,0,0,0,0,0,0,0,-1,0,0,0,0,-1,0,0,0,0,-1,0,0,0,0,-1,0,0,0,0,-1,0,0,0,0,-1,0,0,0,0,-1,0,0,0,0,-1,0,0,0,0,-1,0,0,0,0,-1,0,0,0,0,-1,0,0,0,0,-1,0,0,0,0,93,109,125,0,3,23,180
516,20,fd,1,164,80,0,4,4,2,1056,0,2,0,0,0,1,0,2,192,80,0,0,65516,0,6389,3,0,0,0,0,0,0,2,0,64,1,0,0,0,0,0,0,0,0,0,0,0,0,0,0,0,0,0,0,0,0,0,0,0,0,-1,0,0,0,0,-1,0,0,0,0,-1,0,0,0,0,-1,0,0,0,0,-1,0,0,0,0,-1,0,0,0,0,-1,0,0,0,0,-1,0,0,0,0,-1,0,0,0,0,-1,0,0,0,0,-1,0,0,0,0,-1,0,0,0,0,92,108,124,0,3,24,180
517,21,fd,1,164,80,0,4,4,2,1056,0,2,0,0,0,1,0,2,192,80,0,0,65515,0,6388,3,0,0,0,0,0,0,2,0,64,1,0,0,0,0,0,0,0,0,0,0,0,0,0,0,0,0,0,0,0,0,0,0,0,0,-1,0,0,0,0,-1,0,0,0,0,-1,0,0,0,0,-1,0,0,0,0,-1,0,0,0,0,-1,0,0,0,0,-1,0,0,0,0,-1,0,0,0,0,-1,0,0,0,0,-1,0,0,0,0,-1,0,0,0,0,-1,0,0,0,0,91,107,123,0,3,25,180
518,22,fd,1,164,80,0,4,4,2,1056,0,2,0,0,0,1,0,2,192,80,0,0,65514,0,6387,3,0,0,0,0,0,0,2,0,64,1,0,0,0,0,0,0,0,0,0,0,0,0,0,0,0,0,0,0,0,0,0,0,0,0,-1,0,0,0,0,-1,0,0,0,0,-1,0,0,0,0,-1,0,0,0,0,-1,0,0,0,0,-1,0,0,0,0,-1,0,0,0,0,-1,0,0,0,0,-1,0,0,0,0,-1,0,0,0,0,-1,0,0,0,0,-1,0,0,0,0,90,106,122,0,3,26,180
519,23,fd,1,164,80,0,4,4,2,1056,0,2,0,0,0,1,0,2,192,80,0,0,65513,0,6386,3,0,0,0,0,0,0,2,0,64,1,0,0,0,0,0,0,0,0,0,0,0,0,0,0,0,0,0,0,0,0,0,0,0,0,-1,0,0,0,0,-1,0,0,0,0,-1,0,0,0,0,-1,0,0,0,0,-1,0,0,0,0,-1,0,0,0,0,-1,0,0,0,0,-1,0,0,0,0,-1,0,0,0,0,-1,0,0,0,0,-1,0,0,0,0,-1,0,0,0,0,89,105,121,0,3,27,180
520,24,fd,1,164,80,0,4,4,2,1056,0,2,0,0,0,1,0,2,192,80,0,0,65512,0,6385,3,0,0,0,0,0,0,2,0,64,1,0,0,0,0,0,0,0,0,0,0,0,0,0,0,0,0,0,0,0,0,0,0,0,0,-1,0,0,0,0,-1,0,0,0,0,-1,0,0,0,0,-1,0,0,0,0,-1,0,0,0,0,-1,0,0,0,0,-1,0,0,0,0,-1,0,0,0,0,-1,0,0,0,0,-1,0,0,0,0,-1,0,0,0,0,-1,0,0,0,0,88,104,120,0,3,28,180
521,25,fd,1,164,80,0,4,4,2,1056,0,2,0,0,0,1,0,2,192,80,0,0,65511,0,6384,3,0,0,0,0,0,0,2,0,64,1,0,0,0,0,0,0,0,0,0,0,0,0,0,0,0,0,0,0,0,0,0,0,0,0,-1,0,0,0,0,-1,0,0,0,0,-1,0,0,0,0,-1,0,0,0,0,-1,0,0,0,0,-1,0,0,0,0,-1,0,0,0,0,-1,0,0,0,0,-1,0,0,0,0,-1,0,0,0,0,-1,0,0,0,0,-1,0,0,0,0,87,103,119,0,3,29,180
522,26,fd,1,164,80,0,4,4,2,1056,0,2,0,0,0,1,0,2,192,80,0,0,65510,0,6383,3,0,0,0,0,0,0,2,0,64,1,0,0,0,0,0,0,0,0,0,0,0,0,0,0,0,0,0,0,0,0,0,0,0,0,-1,0,0,0,0,-1,0,0,0,0,-1,0,0,0,0,-1,0,0,0,0,-1,0,0,0,0,-1,0,0,0,0,-1,0,0,0,0,-1,0,0,0,0,-1,0,0,0,0,-1,0,0,0,0,-1,0,0,0,0,-1,0,0,0,0,86,102,118,0,3,30,180
523,27,fd,1,164,80,0,4,4,2,1056,0,2,0,0,0,1,0,2,192,80,0,0,65509,0,6382,3,0,0,0,0,0,0,2,0,64,1,0,0,0,0,0,0,0,0,0,0,0,0,0,0,0,0,0,0,0,0,0,0,0,0,-1,0,0,0,0,-1,0,0,0,0,-1,0,0,0,0,-1,0,0,0,0,-1,0,0,0,0,-1,0,0,0,0,-1,0,0,0,0,-1,0,0,0,0,-1,0,0,0,0,-1,0,0,0,0,-1,0,0,0,0,-1,0,0,0,0,85,101,117,0,3,31,180
524,28,fd,1,164,80,0,4,4,2,1056,0,2,0,0,0,1,0,2,192,80,0,0,65508,0,6381,3,0,0,0,0,0,0,2,0,64,1,0,0,0,0,0,0,0,0,0,0,0,0,0,0,0,0,0,0,0,0,0,0,0,0,-1,0,0,0,0,-1,0,0,0,0,-1,0,0,0,0,-1,0,0,0,0,-1,0,0,0,0,-1,0,0,0,0,-1,0,0,0,0,-1,0,0,0,0,-1,0,0,0,0,-1,0,0,0,0,-1,0,0,0,0,-1,0,0,0,0,84,100,116,0,3,32,180
525,29,fd,1,164,80,0,4,4,2,1056,0,2,0,0,0,1,0,2,192,80,0,0,65507,0,6380,3,0,0,0,0,0,0,2,0,64,1,0,0,0,0,0,0,0,0,0,0,0,0,0,0,0,0,0,0,0,0,0,0,0,0,-1,0,0,0,0,-1,0,0,0,0,-1,0,0,0,0,-1,0,0,0,0,-1,0,0,0,0,-1,0,0,0,0,-1,0,0,0,0,-1,0,0,0,0,-1,0,0,0,0,-1,0,0,0,0,-1,0,0,0,0,-1,0,0,0,0,83,99,115,0,3,33,180
526,30,fd,1,164,80,0,4,4,2,1056,0,2,0,0,0,1,0,2,192,80,0,0,65506,0,6379,3,0,0,0,0,0,0,2,0,64,1,0,0,0,0,0,0,0,0,0,0,0,0,0,0,0,0,0,0,0,0,0,0,0,0,-1,0,0,0,0,-1,0,0,0,0,-1,0,0,0,0,-1,0,0,0,0,-1,0,0,0,0,-1,0,0,0,0,-1,0,0,0,0,-1,0,0,0,0,-1,0,0,0,0,-1,0,0,0,0,-1,0,0,0,0,-1,0,0,0,0,82,98,114,0,3,34,180
527,31,fd,1,164,80,0,4,4,2,1056,0,2,0,0,0,1,0,2,192,80,0,0,65505,0,6378,3,0,0,0,0,0,0,2,0,64,1,0,0,0,0,0,0,0,0,0,0,0,0,0,0,0,0,0,0,0,0,0,0,0,0,-1,0,0,0,0,-1,0,0,0,0,-1,0,0,0,0,-1,0,0,0,0,-1,0,0,0,0,-1,0,0,0,0,-1,0,0,0,0,-1,0,0,0,0,-1,0,0,0,0,-1,0,0,0,0,-1,0,0,0,0,-1,0,0,0,0,81,97,113,0,3,35,180
528,32,fd,1,164,80,0,4,4,2,1056,0,2,0,0,0,1,0,2,192,80,0,0,65504,0,6377,3,0,0,0,0,0,0,2,0,64,1,0,0,0,0,0,0,0,0,0,0,0,0,0,0,0,0,0,0,0,0,0,0,0,0,-1,0,0,0,0,-1,0,0,0,0,-1,0,0,0,0,-1,0,0,0,0,-1,0,0,0,0,-1,0,0,0,0,-1,0,0,0,0,-1,0,0,0,0,-1,0,0,0,0,-1,0,0,0,0,-1,0,0,0,0,-1,0,0,0,0,80,96,112,0,3,36,180
529,33,fd,1,164,80,0,4,4,2,1056,0,2,0,0,0,1,0,2,192,80,0,0,65503,0,6376,3,0,0,0,0,0,0,0,0,64,1,1,0,0,192,240,128,0,0,0,0,0,0,0,0,0,0,0,0,0,0,0,0,0,0,-1,0,0,0,0,-1,0,0,0,0,-1,0,0,0,0,-1,0,0,0,0,-1,0,0,0,0,-1,0,0,0,0,-1,0,0,0,0,-1,0,0,0,0,-1,0,0,0,0,-1,0,0,0,0,-1,0,0,0,0,-1,0,0,0,0,79,95,111,0,3,37,180
530,34,fd,1,164,80,0,4,4,2,1056,0,2,0,0,0,1,0,2,192,80,0,0,65502,0,6375,3,0,0,0,0,0,0,0,0,64,1,1,0,0,192,238,0,0,0,0,0,0,0,0,0,0,0,0,0,0,0,0,0,0,0,-1,0,0,0,0,-1,0,0,0,0,-1,0,0,0,0,-1,0,0,0,0,-1,0,0,0,0,-1,0,0,0,0,-1,0,0,0,0,-1,0,0,0,0,-1,0,0,0,0,-1,0,0,0,0,-1,0,0,0,0,-1,0,0,0,0,78,94,110,0,3,38,180
531,35,fd,1,164,80,0,4,4,2,1056,0,2,0,0,0,1,0,2,192,80,0,0,65501,0,6374,3,0,0,0,0,0,0,0,0,64,1,1,0,0,192,237,128,0,0,0,0,0,0,0,0,0,0,0,0,0,0,0,0,0,0,-1,0,0,0,0,-1,0,0,0,0,-1,0,0,0,0,-1,0,0,0,0,-1,0,0,0,0,-1,0,0,0,0,-1,0,0,0,0,-1,0,0,0,0,-1,0,0,0,0,-1,0,0,0,0,-1,0,0,0,0,-1,0,0,0,0,77,93,109,0,3,39,180
532,36,fd,1,164,80,0,4,4,2,1056,0,2,0,0,0,1,0,2,192,80,0,0,65500,0,6373,3,0,0,0,0,0,0,0,0,64,1,1,0,0,192,235,0,0,0,0,0,0,0,0,0,0,0,0,0,0,0,0,0,0,0,-1,0,0,0,0,-1,0,0,0,0,-1,0,0,0,0,-1,0,0,0,0,-1,0,0,0,0,-1,0,0,0,0,-1,0,0,0,0,-1,0,0,0,0,-1,0,0,0,0,-1,0,0,0,0,-1,0,0,0,0,-1,0,0,0,0,76,92,108,0,3,40,180
533,37,fd,1,164,80,0,4,4,2,1056,0,2,0,0,0,1,0,2,192,80,0,0,65499,0,6372,3,0,0,0,0,0,0,0,0,64,1,1,0,0,192,234,128,0,0,0,0,0,0,0,0,0,0,0,0,0,0,0,0,0,0,-1,0,0,0,0,-1,0,0,0,0,-1,0,0,0,0,-1,0,0,0,0,-1,0,0,0,0,-1,0,0,0,0,-1,0,0,0,0,-1,0,0,0,0,-1,0,0,0,0,-1,0,0,0,0,-1,0,0,0,0,-1,0,0,0,0,75,91,107,0,3,41,180
534,38,fd,1,164,80,0,4,4,2,1056,0,2,0,0,0,1,0,2,192,80,0,0,65498,0,6371,3,0,0,0,0,0,0,0,0,64,1,1,0,0,192,232,0,0,0,0,0,0,0,0,0,0,0,0,0,0,0,0,0,0,0,-1,0,0,0,0,-1,0,0,0,0,-1,0,0,0,0,-1,0,0,0,0,-1,0,0,0,0,-1,0,0,0,0,-1,0,0,0,0,-1,0,0,0,0,-1,0,0,0,0,-1,0,0,0,0,-1,0,0,0,0,-1,0,0,0,0,74,90,106,0,3,42,180
535,39,fd,1,164,80,0,4,4,2,1056,0,2,0,0,0,1,0,2,192,80,0,0,65497,0,6370,3,0,0,0,0,0,0,0,0,64,1,1,0,0,192,231,128,0,0,0,0,0,0,0,0,0,0,0,0,0,0,0,0,0,0,-1,0,0,0,0,-1,0,0,0,0,-1,0,0,0,0,-1,0,0,0,0,-1,0,0,0,0,-1,0,0,0,0,-1,0,0,0,0,-1,0,0,0,0,-1,0,0,0,0,-1,0,0,0,0,-1,0,0,0,0,-1,0,0,0,0,73,89,105,0,3,43,180
536,40,fd,1,164,80,0,4,4,2,1056,0,2,0,0,0,1,0,2,192,80,0,0,65496,0,6369,3,0,0,0,0,0,0,0,0,64,1,1,0,0,192,229,0,0,0,0,0,0,0,0,0,0,0,0,0,0,0,0,0,0,0,-1,0,0,0,0,-1,0,0,0,0,-1,0,0,0,0,-1,0,0,0,0,-1,0,0,0,0,-1,0,0,0,0,-1,0,0,0,0,-1,0,0,0,0,-1,0,0,0,0,-1,0,0,0,0,-1,0,0,0,0,-1,0,0,0,0,72,88,104,0,3,44,180
537,41,fd,1,164,80,0,4,4,2,1056,0,2,0,0,0,1,0,2,192,80,0,0,65495,0,6368,3,0,0,0,0,0,0,0,0,64,1,1,0,0,192,228,128,0,0,0,0,0,0,0,0,0,0,0,0,0,0,0,0,0,0,-1,0,0,0,0,-1,0,0,0,0,-1,0,0,0,0,-1,0,0,0,0,-1,0,0,0,0,-1,0,0,0,0,-1,0,0,0,0,-1,0,0,0,0,-1,0,0,0,0,-1,0,0,0,0,-1,0,0,0,0,-1,0,0,0,0,71,87,103,0,3,45,180
538,42,fd,1,164,80,0,4,4,2,1056,0,2,0,0,0,1,0,2,192,80,0,0,65494,0,6367,3,0,0,0,0,0,0,0,0,64,1,1,0,0,192,226,0,0,0,0,0,0,0,0,0,0,0,0,0,0,0,0,0,0,0,-1,0,0,0,0,-1,0,0,0,0,-1,0,0,0,0,-1,0,0,0,0,-1,0,0,0,0,-1,0,0,0,0,-1,0,0,0,0,-1,0,0,0,0,-1,0,0,0,0,-1,0,0,0,0,-1,0,0,0,0,-1,0,0,0,0,70,86,102,0,3,46,180
539,43,fd,1,164,80,0,4,4,2,1056,0,2,0,0,0,1,0,2,192,80,0,0,65493,0,6366,3,0,0,0,0,0,0,0,0,64,1,1,0,0,192,225,128,0,0,0,0,0,0,0,0,0,0,0,0,0,0,0,0,0,0,-1,0,0,0,0,-1,0,0,0,0,-1,0,0,0,0,-1,0,0,0,0,-1,0,0,0,0,-1,0,0,0,0,-1,0,0,0,0,-1,0,0,0,0,-1,0,0,0,0,-1,0,0,0,0,-1,0,0,0,0,-1,0,0,0,0,69,85,101,0,3,47,180
540,44,fd,1,164,80,0,4,4,2,1056,0,2,0,0,0,1,0,2,192,80,0,0,65492,0,6365,3,0,0,0,0,0,0,0,0,64,1,1,0,0,192,223,0,0,0,0,0,0,0,0,0,0,0,0,0,0,0,0,0,0,0,-1,0,0,0,0,-1,0,0,0,0,-1,0,0,0,0,-1,0,0,0,0,-1,0,0,0,0,-1,0,0,0,0,-1,0,0,0,0,-1,0,0,0,0,-1,0,0,0,0,-1,0,0,0,0,-1,0,0,0,0,-1,0,0,0,0,68,84,100,0,3,48,180
541,45,fd,1,164,80,0,4,4,2,1056,0,2,0,0,0,1,0,2,192,80,0,0,65491,0,6364,3,0,0,0,0,0,0,0,0,64,1,1,0,0,192,222,128,0,0,0,0,0,0,0,0,0,0,0,0,0,0,0,0,0,0,-1,0,0,0,0,-1,0,0,0,0,-1,0,0,0,0,-1,0,0,0,0,-1,0,0,0,0,-1,0,0,0,0,-1,0,0,0,0,-1,0,0,0,0,-1,0,0,0,0,-1,0,0,0,0,-1,0,0,0,0,-1,0,0,0,0,67,83,99,0,3,49,180
542,46,fd,1,164,80,0,4,4,2,1056,0,2,0,0,0,1,0,2,192,80,0,0,65490,0,6363,3,0,0,0,0,0,0,0,0,64,1,1,0,0,192,220,0,0,0,0,0,0,0,0,0,0,0,0,0,0,0,0,0,0,0,-1,0,0,0,0,-1,0,0,0,0,-1,0,0,0,0,-1,0,0,0,0,-1,0,0,0,0,-1,0,0,0,0,-1,0,0,0,0,-1,0,0,0,0,-1,0,0,0,0,-1,0,0,0,0,-1,0,0,0,0,-1,0,0,0,0,66,82,98,0,3,50,180
543,47,fd,1,164,80,0,4,4,2,1056,0,2,0,0,0,1,0,2,192,80,0,0,65489,0,6362,3,0,0,0,0,0,0,0,0,64,1,1,0,0,192,219,128,0,0,0,0,0,0,0,0,0,0,0,0,0,0,0,0,0,0,-1,0,0,0,0,-1,0,0,0,0,-1,0,0,0,0,-1,0,0,0,0,-1,0,0,0,0,-1,0,0,0,0,-1,0,0,0,0,-1,0,0,0,0,-1,0,0,0,0,-1,0,0,0,0,-1,0,0,0,0,-1,0,0,0,0,65,81,97,0,3,51,180
544,48,fd,1,164,80,0,4,4,2,1056,0,2,0,0,0,1,0,2,192,80,0,0,65488,0,6361,3,0,0,0,0,0,0,0,0,64,1,1,0,0,192,217,0,0,0,0,0,0,0,0,0,0,0,0,0,0,0,0,0,0,0,-1,0,0,0,0,-1,0,0,0,0,-1,0,0,0,0,-1,0,0,0,0,-1,0,0,0,0,-1,0,0,0,0,-1,0,0,0,0,-1,0,0,0,0,-1,0,0,0,0,-1,0,0,0,0,-1,0,0,0,0,-1,0,0,0,0,64,80,96,0,3,52,180
545,49,fd,1,164,80,0,4,4,2,1056,0,2,0,0,0,1,0,2,192,80,0,0,65487,0,6360,3,0,0,0,0,0,0,0,0,64,1,1,0,0,192,216,128,0,0,0,0,0,0,0,0,0,0,0,0,0,0,0,0,0,0,-1,0,0,0,0,-1,0,0,0,0,-1,0,0,0,0,-1,0,0,0,0,-1,0,0,0,0,-1,0,0,0,0,-1,0,0,0,0,-1,0,0,0,0,-1,0,0,0,0,-1,0,0,0,0,-1,0,0,0,0,-1,0,0,0,0,63,79,95,0,3,53,180
546,50,fd,1,164,80,0,4,4,2,1056,0,2,0,0,0,1,0,2,192,80,0,0,65486,0,6359,3,0,0,0,0,0,0,0,0,64,1,1,0,0,192,214,0,0,0,0,0,0,0,0,0,0,0,0,0,0,0,0,0,0,0,-1,0,0,0,0,-1,0,0,0,0,-1,0,0,0,0,-1,0,0,0,0,-1,0,0,0,0,-1,0,0,0,0,-1,0,0,0,0,-1,0,0,0,0,-1,0,0,0,0,-1,0,0,0,0,-1,0,0,0,0,-1,0,0,0,0,62,78,94,0,3,54,180
547,51,fd,1,164,80,0,4,4,2,1056,0,2,0,0,0,1,0,2,192,80,0,0,65485,0,6358,3,0,0,0,0,0,0,0,0,64,1,1,0,0,192,213,128,0,0,0,0,0,0,0,0,0,0,0,0,0,0,0,0,0,0,-1,0,0,0,0,-1,0,0,0,0,-1,0,0,0,0,-1,0,0,0,0,-1,0,0,0,0,-1,0,0,0,0,-1,0,0,0,0,-1,0,0,0,0,-1,0,0,0,0,-1,0,0,0,0,-1,0,0,0,0,-1,0,0,0,0,61,77,93,0,3,55,180
548,52,fd,1,164,80,0,4,4,2,1056,0,2,0,0,0,1,0,2,192,80,0,0,65484,0,6357,3,0,0,0,0,0,0,0,0,64,1,1,0,0,192,211,0,0,0,0,0,0,0,0,0,0,0,0,0,0,0,0,0,0,0,-1,0,0,0,0,-1,0,0,0,0,-1,0,0,0,0,-1,0,0,0,0,-1,0,0,0,0,-1,0,0,0,0,-1,0,0,0,0,-1,0,0,0,0,-1,0,0,0,0,-1,0,0,0,0,-1,0,0,0,0,-1,0,0,0,0,60,76,92,0,3,56,180
549,53,fd,1,164,80,0,4,4,2,1056,0,2,0,0,0,1,0,2,192,80,0,0,65483,0,6356,3,0,0,0,0,0,0,0,0,64,1,1,0,0,192,210,128,0,0,0,0,0,0,0,0,0,0,0,0,0,0,0,0,0,0,-1,0,0,0,0,-1,0,0,0,0,-1,0,0,0,0,-1,0,0,0,0,-1,0,0,0,0,-1,0,0,0,0,-1,0,0,0,0,-1,0,0,0,0,-1,0,0,0,0,-1,0,0,0,0,-1,0,0,0,0,-1,0,0,0,0,59,75,91,0,3,57,180
550,54,fd,1,164,80,0,4,4,2,1056,0,2,0,0,0,1,0,2,192,80,0,0,65482,0,6355,3,0,0,0,0,0,0,0,0,64,1,1,0,0,192,208,0,0,0,0,0,0,0,0,0,0,0,0,0,0,0,0,0,0,0,-1,0,0,0,0,-1,0,0,0,0,-1,0,0,0,0,-1,0,0,0,0,-1,0,0,0,0,-1,0,0,0,0,-1,0,0,0,0,-1,0,0,0,0,-1,0,0,0,0,-1,0,0,0,0,-1,0,0,0,0,-1,0,0,0,0,58,74,90,0,3,58,180
551,55,fd,1,164,80,0,4,4,2,1056,0,2,0,0,0,1,0,2,192,80,0,0,65481,0,6354,3,0,0,0,0,0,0,0,0,64,1,1,0,0,192,207,128,0,0,0,0,0,0,0,0,0,0,0,0,0,0,0,0,0,0,-1,0,0,0,0,-1,0,0,0,0,-1,0,0,0,0,-1,0,0,0,0,-1,0,0,0,0,-1,0,0,0,0,-1,0,0,0,0,-1,0,0,0,0,-1,0,0,0,0,-1,0,0,0,0,-1,0,0,0,0,-1,0,0,0,0,57,73,89,0,3,59,180
552,56,fd,1,164,80,0,4,4,2,1056,0,2,0,0,0,1,0,2,192,80,0,0,65480,0,6353,3,0,0,0,0,0,0,0,0,64,1,1,0,0,192,205,0,0,0,0,0,0,0,0,0,0,0,0,0,0,0,0,0,0,0,-1,0,0,0,0,-1,0,0,0,0,-1,0,0,0,0,-1,0,0,0,0,-1,0,0,0,0,-1,0,0,0,0,-1,0,0,0,0,-1,0,0,0,0,-1,0,0,0,0,-1,0,0,0,0,-1,0,0,0,0,-1,0,0,0,0,56,72,88,0,3,60,180
553,57,fd,1,164,80,0,4,4,2,1056,0,2,0,0,0,1,0,2,192,80,0,0,65479,0,6352,3,0,0,0,0,0,0,0,0,64,1,1,0,0,192,204,128,0,0,0,0,0,0,0,0,0,0,0,0,0,0,0,0,0,0,-1,0,0,0,0,-1,0,0,0,0,-1,0,0,0,0,-1,0,0,0,0,-1,0,0,0,0,-1,0,0,0,0,-1,0,0,0,0,-1,0,0,0,0,-1,0,0,0,0,-1,0,0,0,0,-1,0,0,0,0,-1,0,0,0,0,55,71,87,0,3,61,180
554,58,fd,1,164,80,0,4,4,2,1056,0,2,0,0,0,1,0,2,192,80,0,0,65478,0,6351,3,0,0,0,0,0,0,0,0,64,1,1,0,0,192,202,0,0,0,0,0,0,0,0,0,0,0,0,0,0,0,0,0,0,0,-1,0,0,0,0,-1,0,0,0,0,-1,0,0,0,0,-1,0,0,0,0,-1,0,0,0,0,-1,0,0,0,0,-1,0,0,0,0,-1,0,0,0,0,-1,0,0,0,0,-1,0,0,0,0,-1,0,0,0,0,-1,0,0,0,0,54,70,86,0,3,62,180
555,59,fd,1,164,80,0,4,4,2,1056,0,2,0,0,0,1,0,2,192,80,0,0,65477,0,6350,3,0,0,0,0,0,0,0,0,64,1,1,0,0,192,201,128,0,0,0,0,0,0,0,0,0,0,0,0,0,0,0,0,0,0,-1,0,0,0,0,-1,0,0,0,0,-1,0,0,0,0,-1,0,0,0,0,-1,0,0,0,0,-1,0,0,0,0,-1,0,0,0,0,-1,0,0,0,0,-1,0,0,0,0,-1,0,0,0,0,-1,0,0,0,0,-1,0,0,0,0,53,69,85,0,3,63,180
556,60,fd,1,164,80,0,4,4,2,1056,0,2,0,0,0,1,0,2,192,80,0,0,65476,0,6349,3,0,0,0,0,0,0,0,0,64,1,1,0,0,192,199,0,0,0,0,0,0,0,0,0,0,0,0,0,0,0,0,0,0,0,-1,0,0,0,0,-1,0,0,0,0,-1,0,0,0,0,-1,0,0,0,0,-1,0,0,0,0,-1,0,0,0,0,-1,0,0,0,0,-1,0,0,0,0,-1,0,0,0,0,-1,0,0,0,0,-1,0,0,0,0,-1,0,0,0,0,52,68,84,0,3,64,180
557,61,fd,1,164,80,0,4,4,2,1056,0,2,0,0,0,1,0,2,192,80,0,0,65475,0,6348,3,0,0,0,0,0,0,0,0,64,1,1,0,0,192,198,128,0,0,0,0,0,0,0,0,0,0,0,0,0,0,0,0,0,0,-1,0,0,0,0,-1,0,0,0,0,-1,0,0,0,0,-1,0,0,0,0,-1,0,0,0,0,-1,0,0,0,0,-1,0,0,0,0,-1,0,0,0,0,-1,0,0,0,0,-1,0,0,0,0,-1,0,0,0,0,-1,0,0,0,0,51,67,83,0,3,65,180
558,62,fd,1,164,80,0,4,4,2,1056,0,2,0,0,0,1,0,2,192,80,0,0,65474,0,6347,3,0,0,0,0,0,0,0,0,64,1,1,0,0,192,196,0,0,0,0,0,0,0,0,0,0,0,0,0,0,0,0,0,0,0,-1,0,0,0,0,-1,0,0,0,0,-1,0,0,0,0,-1,0,0,0,0,-1,0,0,0,0,-1,0,0,0,0,-1,0,0,0,0,-1,0,0,0,0,-1,0,0,0,0,-1,0,0,0,0,-1,0,0,0,0,-1,0,0,0,0,50,66,82,0,3,66,180
559,63,fd,1,164,80,0,4,4,2,1056,0,2,0,0,0,1,0,2,192,80,0,0,65473,0,6346,3,0,0,0,0,0,0,0,0,64,1,1,0,0,192,195,128,0,0,0,0,0,0,0,0,0,0,0,0,0,0,0,0,0,0,-1,0,0,0,0,-1,0,0,0,0,-1,0,0,0,0,-1,0,0,0,0,-1,0,0,0,0,-1,0,0,0,0,-1,0,0,0,0,-1,0,0,0,0,-1,0,0,0,0,-1,0,0,0,0,-1,0,0,0,0,-1,0,0,0,0,49,65,81,0,3,67,180
560,64,fd,1,164,80,0,4,4,2,1056,0,2,0,0,0,1,0,2,192,80,0,0,65472,0,6345,3,0,0,0,0,0,0,0,0,64,1,1,0,0,192,193,0,0,0,0,0,0,0,0,0,0,0,0,0,0,0,0,0,0,0,-1,0,0,0,0,-1,0,0,0,0,-1,0,0,0,0,-1,0,0,0,0,-1,0,0,0,0,-1,0,0,0,0,-1,0,0,0,0,-1,0,0,0,0,-1,0,0,0,0,-1,0,0,0,0,-1,0,0,0,0,-1,0,0,0,0,48,64,80,0,3,68,180
561,65,fd,1,164,80,0,4,4,2,1056,0,2,0,0,0,1,0,2,192,80,0,0,65471,0,6344,3,0,0,0,0,0,0,0,0,64,1,1,0,0,192,192,128,0,0,0,0,0,0,0,0,0,0,0,0,0,0,0,0,0,0,-1,0,0,0,0,-1,0,0,0,0,-1,0,0,0,0,-1,0,0,0,0,-1,0,0,0,0,-1,0,0,0,0,-1,0,0,0,0,-1,0,0,0,0,-1,0,0,0,0,-1,0,0,0,0,-1,0,0,0,0,-1,0,0,0,0,47,63,79,0,3,69,180
562,66,fd,1,164,80,0,4,4,2,1056,0,2,0,0,0,1,0,2,192,80,0,0,65470,0,6343,3,0,0,0,0,0,0,0,0,64,1,1,0,0,192,190,0,0,0,0,0,0,0,0,0,0,0,0,0,0,0,0,0,0,0,-1,0,0,0,0,-1,0,0,0,0,-1,0,0,0,0,-1,0,0,0,0,-1,0,0,0,0,-1,0,0,0,0,-1,0,0,0,0,-1,0,0,0,0,-1,0,0,0,0,-1,0,0,0,0,-1,0,0,0,0,-1,0,0,0,0,46,62,78,0,3,70,180
563,67,fd,1,164,80,0,4,4,2,1056,0,2,0,0,0,1,0,2,192,80,0,0,65469,0,6342,3,0,0,0,0,0,0,0,0,64,1,1,0,0,192,189,128,0,0,0,0,0,0,0,0,0,0,0,0,0,0,0,0,0,0,-1,0,0,0,0,-1,0,0,0,0,-1,0,0,0,0,-1,0,0,0,0,-1,0,0,0,0,-1,0,0,0,0,-1,0,0,0,0,-1,0,0,0,0,-1,0,0,0,0,-1,0,0,0,0,-1,0,0,0,0,-1,0,0,0,0,45,61,77,0,3,71,180
564,68,fd,1,164,80,0,4,4,2,1056,0,2,0,0,0,1,0,2,192,80,0,0,65468,0,6341,3,0,0,0,0,0,0,0,0,64,1,1,0,0,192,187,0,0,0,0,0,0,0,0,0,0,0,0,0,0,0,0,0,0,0,-1,0,0,0,0,-1,0,0,0,0,-1,0,0,0,0,-1,0,0,0,0,-1,0,0,0,0,-1,0,0,0,0,-1,0,0,0,0,-1,0,0,0,0,-1,0,0,0,0,-1,0,0,0,0,-1,0,0,0,0,-1,0,0,0,0,44,60,76,0,3,72,180
565,69,fd,1,164,80,0,4,4,2,1056,0,2,0,0,0,1,0,2,192,80,0,0,65467,0,6340,3,0,0,0,0,0,0,0,0,64,1,1,0,0,192,186,128,0,0,0,0,0,0,0,0,0,0,0,0,0,0,0,0,0,0,-1,0,0,0,0,-1,0,0,0,0,-1,0,0,0,0,-1,0,0,0,0,-1,0,0,0,0,-1,0,0,0,0,-1,0,0,0,0,-1,0,0,0,0,-1,0,0,0,0,-1,0,0,0,0,-1,0,0,0,0,-1,0,0,0,0,43,59,75,0,3,73,180
566,70,fd,1,164,80,0,4,4,2,1056,0,2,0,0,0,1,0,2,192,80,0,0,65466,0,6339,3,0,0,0,0,0,0,0,0,64,1,1,0,0,192,184,0,0,0,0,0,0,0,0,0,0,0,0,0,0,0,0,0,0,0,-1,0,0,0,0,-1,0,0,0,0,-1,0,0,0,0,-1,0,0,0,0,-1,0,0,0,0,-1,0,0,0,0,-1,0,0,0,0,-1,0,0,0,0,-1,0,0,0,0,-1,0,0,0,0,-1,0,0,0,0,-1,0,0,0,0,42,58,74,0,3,74,180
567,71,fd,1,164,80,0,4,4,2,1056,0,2,0,0,0,1,0,2,192,80,0,0,65465,0,6338,3,0,0,0,0,0,0,0,0,64,1,1,0,0,192,183,128,0,0,0,0,0,0,0,0,0,0,0,0,0,0,0,0,0,0,-1,0,0,0,0,-1,0,0,0,0,-1,0,0,0,0,-1,0,0,0,0,-1,0,0,0,0,-1,0,0,0,0,-1,0,0,0,0,-1,0,0,0,0,-1,0,0,0,0,-1,0,0,0,0,-1,0,0,0,0,-1,0,0,0,0,41,57,73,0,3,75,180
568,72,fd,1,164,80,0,4,4,2,1056,0,2,0,0,0,1,0,2,192,80,0,0,65464,0,6337,3,0,0,0,0,0,0,0,0,64,1,1,0,0,192,181,0,0,0,0,0,0,0,0,0,0,0,0,0,0,0,0,0,0,0,-1,0,0,0,0,-1,0,0,0,0,-1,0,0,0,0,-1,0,0,0,0,-1,0,0,0,0,-1,0,0,0,0,-1,0,0,0,0,-1,0,0,0,0,-1,0,0,0,0,-1,0,0,0,0,-1,0,0,0,0,-1,0,0,0,0,40,56,72,0,3,76,180
569,73,fd,1,164,80,0,4,4,2,1056,0,2,0,0,0,1,0,2,192,80,0,0,65463,0,6336,3,0,0,0,0,0,0,0,0,64,1,1,0,0,192,180,128,1,0,0,192,240,128,0,0,0,0,0,0,0,0,0,0,0,0,-1,0,0,0,0,-1,0,0,0,0,-1,0,0,0,0,-1,0,0,0,0,-1,0,0,0,0,-1,0,0,0,0,-1,0,0,0,0,-1,0,0,0,0,-1,0,0,0,0,-1,0,0,0,0,-1,0,0,0,0,-1,0,0,0,0,39,55,71,0,3,77,180
570,74,fd,1,164,80,0,4,4,2,1056,0,2,0,0,0,1,0,2,192,80,0,0,65462,0,6335,3,0,0,0,0,0,0,0,0,64,1,1,0,0,192,178,0,1,0,0,192,238,0,0,0,0,0,0,0,0,0,0,0,0,0,-1,0,0,0,0,-1,0,0,0,0,-1,0,0,0,0,-1,0,0,0,0,-1,0,0,0,0,-1,0,0,0,0,-1,0,0,0,0,-1,0,0,0,0,-1,0,0,0,0,-1,0,0,0,0,-1,0,0,0,0,-1,0,0,0,0,38,54,70,0,3,78,180
571,75,fd,1,164,80,0,4,4,2,1056,0,2,0,0,0,1,0,2,192,80,0,0,65461,0,6334,3,0,0,0,0,0,0,0,0,64,1,1,0,0,192,177,128,1,0,0,192,237,128,0,0,0,0,0,0,0,0,0,0,0,0,-1,0,0,0,0,-1,0,0,0,0,-1,0,0,0,0,-1,0,0,0,0,-1,0,0,0,0,-1,0,0,0,0,-1,0,0,0,0,-1,0,0,0,0,-1,0,0,0,0,-1,0,0,0,0,-1,0,0,0,0,-1,0,0,0,0,37,53,69,0,3,79,180
572,76,fd,1,164,80,0,4,4,2,1056,0,2,0,0,0,1,0,2,192,80,0,0,65460,0,6333,3,0,0,0,0,0,0,0,0,64,1,1,0,0,192,175,0,1,0,0,192,235,0,0,0,0,0,0,0,0,0,0,0,0,0,-1,0,0,0,0,-1,0,0,0,0,-1,0,0,0,0,-1,0,0,0,0,-1,0,0,0,0,-1,0,0,0,0,-1,0,0,0,0,-1,0,0,0,0,-1,0,0,0,0,-1,0,0,0,0,-1,0,0,0,0,-1,0,0,0,0,36,52,68,0,3,80,180
573,77,fd,1,164,80,0,4,4,2,1056,0,2,0,0,0,1,0,2,192,80,0,0,65459,0,6332,3,0,0,0,0,0,0,0,0,64,1,1,0,0,192,174,128,1,0,0,192,234,128,0,0,0,0,0,0,0,0,0,0,0,0,-1,0,0,0,0,-1,0,0,0,0,-1,0,0,0,0,-1,0,0,0,0,-1,0,0,0,0,-1,0,0,0,0,-1,0,0,0,0,-1,0,0,0,0,-1,0,0,0,0,-1,0,0,0,0,-1,0,0,0,0,-1,0,0,0,0,35,51,67,0,3,81,180
574,78,fd,1,164,80,0,4,4,2,1056,0,2,0,0,0,1,0,2,192,80,0,0,65458,0,6331,3,0,0,0,0,0,0,0,0,64,1,1,0,0,192,172,0,1,0,0,192,232,0,0,0,0,0,0,0,0,0,0,0,0,0,-1,0,0,0,0,-1,0,0,0,0,-1,0,0,0,0,-1,0,0,0,0,-1,0,0,0,0,-1,0,0,0,0,-1,0,0,0,0,-1,0,0,0,0,-1,0,0,0,0,-1,0,0,0,0,-1,0,0,0,0,-1,0,0,0,0,34,50,66,0,3,82,180
575,79,fd,1,164,80,0,4,4,2,1056,0,2,0,0,0,1,0,2,192,80,0,0,65457,0,6330,3,0,0,0,0,0,0,0,0,64,1,1,0,0,192,171,128,1,0,0,192,231,128,0,0,0,0,0,0,0,0,0,0,0,0,-1,0,0,0,0,-1,0,0,0,0,-1,0,0,0,0,-1,0,0,0,0,-1,0,0,0,0,-1,0,0,0,0,-1,0,0,0,0,-1,0,0,0,0,-1,0,0,0,0,-1,0,0,0,0,-1,0,0,0,0,-1,0,0,0,0,33,49,65,0,3,83,180
576,80,fd,1,164,80,0,4,4,2,1056,0,2,0,0,0,1,0,2,192,80,0,0,65456,0,6329,3,0,0,0,0,0,0,0,0,64,1,1,0,0,192,169,0,1,0,0,192,229,0,0,0,0,0,0,0,0,0,0,0,0,0,-1,0,0,0,0,-1,0,0,0,0,-1,0,0,0,0,-1,0,0,0,0,-1,0,0,0,0,-1,0,0,0,0,-1,0,0,0,0,-1,0,0,0,0,-1,0,0,0,0,-1,0,0,0,0,-1,0,0,0,0,-1,0,0,0,0,32,48,64,0,3,84,180
577,81,fd,1,164,80,0,4,4,2,1056,0,2,0,0,0,1,0,2,192,80,0,0,65455,0,6328,3,0,0,0,0,0,0,0,0,64,1,1,0,0,192,168,128,1,0,0,192,228,128,0,0,0,0,0,0,0,0,0,0,0,0,-1,0,0,0,0,-1,0,0,0,0,-1,0,0,0,0,-1,0,0,0,0,-1,0,0,0,0,-1,0,0,0,0,-1,0,0,0,0,-1,0,0,0,0,-1,0,0,0,0,-1,0,0,0,0,-1,0,0,0,0,-1,0,0,0,0,31,47,63,0,3,85,180
578,82,fd,1,164,80,0,4,4,2,1056,0,2,0,0,0,1,0,2,192,80,0,0,65454,0,6327,3,0,0,0,0,0,0,0,0,64,1,1,0,0,192,166,0,1,0,0,192,226,0,0,0,0,0,0,0,0,0,0,0,0,0,-1,0,0,0,0,-1,0,0,0,0,-1,0,0,0,0,-1,0,0,0,0,-1,0,0,0,0,-1,0,0,0,0,-1,0,0,0,0,-1,0,0,0,0,-1,0,0,0,0,-1,0,0,0,0,-1,0,0,0,0,-1,0,0,0,0,30,46,62,0,3,86,180
579,83,fd,1,164,80,0,4,4,2,1056,0,2,0,0,0,1,0,2,192,80,0,0,65453,0,6326,3,0,0,0,0,0,0,0,0,64,1,1,0,0,192,165,128,1,0,0,192,225,128,0,0,0,0,0,0,0,0,0,0,0,0,-1,0,0,0,0,-1,0,0,0,0,-1,0,0,0,0,-1,0,0,0,0,-1,0,0,0,0,-1,0,0,0,0,-1,0,0,0,0,-1,0,0,0,0,-1,0,0,0,0,-1,0,0,0,0,-1,0,0,0,0,-1,0,0,0,0,29,45,61,0,3,87,180
580,84,fd,1,164,80,0,4,4,2,1056,0,2,0,0,0,1,0,2,192,80,0,0,65452,0,6325,3,0,0,0,0,0,0,0,0,64,1,1,0,0,192,163,0,1,0,0,192,223,0,0,0,0,0,0,0,0,0,0,0,0,0,-1,0,0,0,0,-1,0,0,0,0,-1,0,0,0,0,-1,0,0,0,0,-1,0,0,0,0,-1,0,0,0,0,-1,0,0,0,0,-1,0,0,0,0,-1,0,0,0,0,-1,0,0,0,0,-1,0,0,0,0,-1,0,0,0,0,28,44,60,0,3,88,180
581,85,fd,1,164,80,0,4,4,2,1056,0,2,0,0,0,1,0,2,192,80,0,0,65451,0,6324,3,0,0,0,0,0,0,0,0,64,1,1,0,0,192,162,128,1,0,0,192,222,128,0,0,0,0,0,0,0,0,0,0,0,0,-1,0,0,0,0,-1,0,0,0,0,-1,0,0,0,0,-1,0,0,0,0,-1,0,0,0,0,-1,0,0,0,0,-1,0,0,0,0,-1,0,0,0,0,-1,0,0,0,0,-1,0,0,0,0,-1,0,0,0,0,-1,0,0,0,0,27,43,59,0,3,89,180
582,86,fd,1,164,80,0,4,4,2,1056,0,2,0,0,0,1,0,2,192,80,0,0,65450,0,6323,3,0,0,0,0,0,0,0,0,64,1,1,0,0,192,160,0,1,0,0,192,220,0,0,0,0,0,0,0,0,0,0,0,0,0,-1,0,0,0,0,-1,0,0,0,0,-1,0,0,0,0,-1,0,0,0,0,-1,0,0,0,0,-1,0,0,0,0,-1,0,0,0,0,-1,0,0,0,0,-1,0,0,0,0,-1,0,0,0,0,-1,0,0,0,0,-1,0,0,0,0,26,42,58,0,3,90,180
583,87,fd,1,164,80,0,4,4,2,1056,0,2,0,0,0,1,0,2,192,80,0,0,65449,0,6322,3,0,0,0,0,0,0,0,0,64,1,1,0,0,192,159,128,1,0,0,192,219,128,0,0,0,0,0,0,0,0,0,0,0,0,-1,0,0,0,0,-1,0,0,0,0,-1,0,0,0,0,-1,0,0,0,0,-1,0,0,0,0,-1,0,0,0,0,-1,0,0,0,0,-1,0,0,0,0,-1,0,0,0,0,-1,0,0,0,0,-1,0,0,0,0,-1,0,0,0,0,25,41,57,0,3,91,180
584,88,fd,1,164,80,0,4,4,2,1056,0,2,0,0,0,1,0,2,192,80,0,0,65448,0,6321,3,0,0,0,0,0,0,0,0,64,1,1,0,0,192,157,0,1,0,0,192,217,0,0,0,0,0,0,0,0,0,0,0,0,0,-1,0,0,0,0,-1,0,0,0,0,-1,0,0,0,0,-1,0,0,0,0,-1,0,0,0,0,-1,0,0,0,0,-1,0,0,0,0,-1,0,0,0,0,-1,0,0,0,0,-1,0,0,0,0,-1,0,0,0,0,-1,0,0,0,0,24,40,56,0,3,92,180
585,89,fd,1,164,80,0,4,4,2,1056,0,2,0,0,0,1,0,2,192,80,0,0,65447,0,6320,3,0,0,0,0,0,0,0,0,64,1,1,0,0,192,156,128,1,0,0,192,216,128,0,0,0,0,0,0,0,0,0,0,0,0,-1,0,0,0,0,-1,0,0,0,0,-1,0,0,0,0,-1,0,0,0,0,-1,0,0,0,0,-1,0,0,0,0,-1,0,0,0,0,-1,0,0,0,0,-1,0,0,0,0,-1,0,0,0,0,-1,0,0,0,0,-1,0,0,0,0,23,39,55,0,3,93,180
586,90,fd,1,164,80,0,4,4,2,1056,0,2,0,0,0,1,0,2,192,80,0,0,65446,0,6319,3,0,0,0,0,0,0,0,0,64,1,1,0,0,192,154,0,1,0,0,192,214,0,0,0,0,0,0,0,0,0,0,0,0,0,-1,0,0,0,0,-1,0,0,0,0,-1,0,0,0,0,-1,0,0,0,0,-1,0,0,0,0,-1,0,0,0,0,-1,0,0,0,0,-1,0,0,0,0,-1,0,0,0,0,-1,0,0,0,0,-1,0,0,0,0,-1,0,0,0,0,22,38,54,0,3,94,180
587,91,fd,1,164,80,0,4,4,2,1056,0,2,0,0,0,1,0,2,192,80,0,0,65445,0,6318,3,0,0,0,0,0,0,0,0,64,1,1,0,0,192,153,128,1,0,0,192,213,128,0,0,0,0,0,0,0,0,0,0,0,0,-1,0,0,0,0,-1,0,0,0,0,-1,0,0,0,0,-1,0,0,0,0,-1,0,0,0,0,-1,0,0,0,0,-1,0,0,0,0,-1,0,0,0,0,-1,0,0,0,0,-1,0,0,0,0,-1,0,0,0,0,-1,0,0,0,0,21,37,53,0,3,95,180
588,92,fd,1,164,80,0,4,4,2,1056,0,2,0,0,0,1,0,2,192,80,0,0,65444,0,6317,3,0,0,0,0,0,0,0,0,64,1,1,0,0,192,151,0,1,0,0,192,211,0,0,0,0,0,0,0,0,0,0,0,0,0,-1,0,0,0,0,-1,0,0,0,0,-1,0,0,0,0,-1,0,0,0,0,-1,0,0,0,0,-1,0,0,0,0,-1,0,0,0,0,-1,0,0,0,0,-1,0,0,0,0,-1,0,0,0,0,-1,0,0,0,0,-1,0,0,0,0,20,36,52,0,3,96,180
589,93,fd,1,164,80,0,4,4,2,1056,0,2,0,0,0,1,0,2,192,80,0,0,65443,0,6316,3,0,0,0,0,0,0,0,0,64,1,1,0,0,192,150,128,1,0,0,192,210,128,0,0,0,0,0,0,0,0,0,0,0,0,-1,0,0,0,0,-1,0,0,0,0,-1,0,0,0,0,-1,0,0,0,0,-1,0,0,0,0,-1,0,0,0,0,-1,0,0,0,0,-1,0,0,0,0,-1,0,0,0,0,-1,0,0,0,0,-1,0,0,0,0,-1,0,0,0,0,19,35,51,0,3,97,180
590,94,fd,1,164,80,0,4,4,2,1056,0,2,0,0,0,1,0,2,192,80,0,0,65442,0,6315,3,0,0,0,0,0,0,0,0,64,1,1,0,0,192,148,0,1,0,0,192,208,0,0,0,0,0,0,0,0,0,0,0,0,0,-1,0,0,0,0,-1,0,0,0,0,-1,0,0,0,0,-1,0,0,0,0,-1,0,0,0,0,-1,0,0,0,0,-1,0,0,0,0,-1,0,0,0,0,-1,0,0,0,0,-1,0,0,0,0,-1,0,0,0,0,-1,0,0,0,0,18,34,50,0,3,98,180
591,95,fd,1,164,80,0,4,4,2,1056,0,2,0,0,0,1,0,2,192,80,0,0,65441,0,6314,3,0,0,0,0,0,0,0,0,64,1,1,0,0,192,147,128,1,0,0,192,207,128,0,0,0,0,0,0,0,0,0,0,0,0,-1,0,0,0,0,-1,0,0,0,0,-1,0,0,0,0,-1,0,0,0,0,-1,0,0,0,0,-1,0,0,0,0,-1,0,0,0,0,-1,0,0,0,0,-1,0,0,0,0,-1,0,0,0,0,-1,0,0,0,0,-1,0,0,0,0,17,33,49,0,3,99,180
592,96,fd,1,164,80,0,4,4,2,1056,0,2,0,0,0,1,0,2,192,80,0,0,65440,0,6313,3,0,0,0,0,0,0,0,0,64,1,1,0,0,192,145,0,1,0,0,192,205,0,0,0,0,0,0,0,0,0,0,0,0,0,-1,0,0,0,0,-1,0,0,0,0,-1,0,0,0,0,-1,0,0,0,0,-1,0,0,0,0,-1,0,0,0,0,-1,0,0,0,0,-1,0,0,0,0,-1,0,0,0,0,-1,0,0,0,0,-1,0,0,0,0,-1,0,0,0,0,16,32,48,0,3,100,180
593,97,fd,1,164,80,0,4,4,2,1056,0,2,0,0,0,1,0,2,192,80,0,0,65439,0,6312,3,0,0,0,0,0,0,0,0,64,1,1,0,0,192,144,128,1,0,0,192,204,128,0,0,0,0,0,0,0,0,0,0,0,0,-1,0,0,0,0,-1,0,0,0,0,-1,0,0,0,0,-1,0,0,0,0,-1,0,0,0,0,-1,0,0,0,0,-1,0,0,0,0,-1,0,0,0,0,-1,0,0,0,0,-1,0,0,0,0,-1,0,0,0,0,-1,0,0,0,0,15,31,47,0,3,101,180
594,98,fd,1,164,80,0,4,4,2,1056,0,2,0,0,0,1,0,2,192,80,0,0,65438,0,6311,3,0,0,0,0,0,0,0,0,64,1,1,0,0,192,142,0,1,0,0,192,202,0,0,0,0,0,0,0,0,0,0,0,0,0,-1,0,0,0,0,-1,0,0,0,0,-1,0,0,0,0,-1,0,0,0,0,-1,0,0,0,0,-1,0,0,0,0,-1,0,0,0,0,-1,0,0,0,0,-1,0,0,0,0,-1,0,0,0,0,-1,0,0,0,0,-1,0,0,0,0,14,30,46,0,3,102,180
595,99,fd,1,164,80,0,4,4,2,1056,0,2,0,0,0,1,0,2,192,80,0,0,65437,0,6310,3,0,0,0,0,0,0,0,0,64,1,1,0,0,192,141,128,1,0,0,192,201,128,0,0,0,0,0,0,0,0,0,0,0,0,-1,0,0,0,0,-1,0,0,0,0,-1,0,0,0,0,-1,0,0,0,0,-1,0,0,0,0,-1,0,0,0,0,-1,0,0,0,0,-1,0,0,0,0,-1,0,0,0,0,-1,0,0,0,0,-1,0,0,0,0,-1,0,0,0,0,13,29,45,0,3,103,180
596,100,fd,1,164,80,0,4,4,2,1056,0,2,0,0,0,1,0,2,192,80,0,0,65436,0,6309,3,0,0,0,0,0,0,0,0,64,1,1,0,0,192,139,0,1,0,0,192,199,0,0,0,0,0,0,0,0,0,0,0,0,0,-1,0,0,0,0,-1,0,0,0,0,-1,0,0,0,0,-1,0,0,0,0,-1,0,0,0,0,-1,0,0,0,0,-1,0,0,0,0,-1,0,0,0,0,-1,0,0,0,0,-1,0,0,0,0,-1,0,0,0,0,-1,0,0,0,0,12,28,44,0,3,104,180
597,101,fd,1,164,80,0,4,4,2,1056,0,2,0,0,0,1,0,2,192,80,0,0,65435,0,6308,3,0,0,0,0,0,0,0,0,64,1,1,0,0,192,138,128,1,0,0,192,198,128,0,0,0,0,0,0,0,0,0,0,0,0,-1,0,0,0,0,-1,0,0,0,0,-1,0,0,0,0,-1,0,0,0,0,-1,0,0,0,0,-1,0,0,0,0,-1,0,0,0,0,-1,0,0,0,0,-1,0,0,0,0,-1,0,0,0,0,-1,0,0,0,0,-1,0,0,0,0,11,27,43,0,3,105,180
598,102,fd,1,164,80,0,4,4,2,1056,0,2,0,0,0,1,0,2,192,80,0,0,65434,0,6307,3,0,0,0,0,0,0,0,0,64,1,1,0,0,192,136,0,1,0,0,192,196,0,0,0,0,0,0,0,0,0,0,0,0,0,-1,0,0,0,0,-1,0,0,0,0,-1,0,0,0,0,-1,0,0,0,0,-1,0,0,0,0,-1,0,0,0,0,-1,0,0,0,0,-1,0,0,0,0,-1,0,0,0,0,-1,0,0,0,0,-1,0,0,0,0,-1,0,0,0,0,10,26,42,0,3,106,180
599,103,fd,1,164,80,0,4,4,2,1056,0,2,0,0,0,1,0,2,192,80,0,0,65433,0,6306,3,0,0,0,0,0,0,0,0,64,1,1,0,0,192,135,128,1,0,0,192,195,128,0,0,0,0,0,0,0,0,0,0,0,0,-1,0,0,0,0,-1,0,0,0,0,-1,0,0,0,0,-1,0,0,0,0,-1,0,0,0,0,-1,0,0,0,0,-1,0,0,0,0,-1,0,0,0,0,-1,0,0,0,0,-1,0,0,0,0,-1,0,0,0,0,-1,0,0,0,0,9,25,41,0,3,107,180
600,104,fd,1,164,80,0,4,4,2,1056,0,2,0,0,0,1,0,2,192,80,0,0,65432,0,6305,3,0,0,0,0,0,0,0,0,64,1,1,0,0,192,133,0,1,0,0,192,193,0,0,0,0,0,0,0,0,0,0,0,0,0,-1,0,0,0,0,-1,0,0,0,0,-1,0,0,0,0,-1,0,0,0,0,-1,0,0,0,0,-1,0,0,0,0,-1,0,0,0,0,-1,0,0,0,0,-1,0,0,0,0,-1,0,0,0,0,-1,0,0,0,0,-1,0,0,0,0,8,24,40,0,3,108,180
601,105,fd,1,164,80,0,4,4,2,1056,0,2,0,0,0,1,0,2,192,80,0,0,65431,0,6304,3,0,0,0,0,0,0,0,0,64,1,1,0,0,192,132,128,1,0,0,192,192,128,0,0,0,0,0,0,0,0,0,0,0,0,-1,0,0,0,0,-1,0,0,0,0,-1,0,0,0,0,-1,0,0,0,0,-1,0,0,0,0,-1,0,0,0,0,-1,0,0,0,0,-1,0,0,0,0,-1,0,0,0,0,-1,0,0,0,0,-1,0,0,0,0,-1,0,0,0,0,7,23,39,0,3,109,180
602,106,fd,1,164,80,0,4,4,2,1056,0,2,0,0,0,1,0,2,192,80,0,0,65430,0,6303,3,0,0,0,0,0,0,0,0,64,1,1,0,0,192,130,0,1,0,0,192,190,0,0,0,0,0,0,0,0,0,0,0,0,0,-1,0,0,0,0,-1,0,0,0,0,-1,0,0,0,0,-1,0,0,0,0,-1,0,0,0,0,-1,0,0,0,0,-1,0,0,0,0,-1,0,0,0,0,-1,0,0,0,0,-1,0,0,0,0,-1,0,0,0,0,-1,0,0,0,0,6,22,38,0,3,110,180
603,107,fd,1,164,80,0,4,4,2,1056,0,2,0,0,0,1,0,2,192,80,0,0,65429,0,6302,3,0,0,0,0,0,0,0,0,64,1,1,0,0,192,129,128,1,0,0,192,189,128,0,0,0,0,0,0,0,0,0,0,0,0,-1,0,0,0,0,-1,0,0,0,0,-1,0,0,0,0,-1,0,0,0,0,-1,0,0,0,0,-1,0,0,0,0,-1,0,0,0,0,-1,0,0,0,0,-1,0,0,0,0,-1,0,0,0,0,-1,0,0,0,0,-1,0,0,0,0,5,21,37,0,3,111,180
604,108,fd,1,164,80,0,4,4,2,1056,0,2,0,0,0,1,0,2,192,80,0,0,65428,0,6301,3,0,0,0,0,0,0,0,0,64,1,1,0,0,192,127,0,1,0,0,192,187,0,0,0,0,0,0,0,0,0,0,0,0,0,-1,0,0,0,0,-1,0,0,0,0,-1,0,0,0,0,-1,0,0,0,0,-1,0,0,0,0,-1,0,0,0,0,-1,0,0,0,0,-1,0,0,0,0,-1,0,0,0,0,-1,0,0,0,0,-1,0,0,0,0,-1,0,0,0,0,4,20,36,0,3,112,180
605,109,fd,1,164,80,0,4,4,2,1056,0,2,0,0,0,1,0,2,192,80,0,0,65427,0,6300,3,0,0,0,0,0,0,0,0,64,1,1,0,0,192,126,128,1,0,0,192,186,128,0,0,0,0,0,0,0,0,0,0,0,0,-1,0,0,0,0,-1,0,0,0,0,-1,0,0,0,0,-1,0,0,0,0,-1,0,0,0,0,-1,0,0,0,0,-1,0,0,0,0,-1,0,0,0,0,-1,0,0,0,0,-1,0,0,0,0,-1,0,0,0,0,-1,0,0,0,0,3,19,35,0,3,113,180
606,110,fd,1,164,80,0,4,4,2,1056,0,2,0,0,0,1,0,2,192,80,0,0,65426,0,6299,3,0,0,0,0,0,0,0,0,64,1,1,0,0,192,124,0,1,0,0,192,184,0,0,0,0,0,0,0,0,0,0,0,0,0,-1,0,0,0,0,-1,0,0,0,0,-1,0,0,0,0,-1,0,0,0,0,-1,0,0,0,0,-1,0,0,0,0,-1,0,0,0,0,-1,0,0,0,0,-1,0,0,0,0,-1,0,0,0,0,-1,0,0,0,0,-1,0,0,0,0,2,18,34,0,3,114,180
607,111,fd,1,164,80,0,4,4,2,1056,0,2,0,0,0,1,0,2,192,80,0,0,65425,0,6298,3,0,0,0,0,0,0,0,0,64,1,1,0,0,192,123,128,1,0,0,192,183,128,0,0,0,0,0,0,0,0,0,0,0,0,-1,0,0,0,0,-1,0,0,0,0,-1,0,0,0,0,-1,0,0,0,0,-1,0,0,0,0,-1,0,0,0,0,-1,0,0,0,0,-1,0,0,0,0,-1,0,0,0,0,-1,0,0,0,0,-1,0,0,0,0,-1,0,0,0,0,1,17,33,0,3,115,180
608,112,fd,1,164,80,0,4,4,2,1056,0,2,0,0,0,1,0,2,192,80,0,0,65424,0,6297,3,0,0,0,0,0,0,0,0,64,1,1,0,0,192,121,0,1,0,0,192,181,0,0,0,0,0,0,0,0,0,0,0,0,0,-1,0,0,0,0,-1,0,0,0,0,-1,0,0,0,0,-1,0,0,0,0,-1,0,0,0,0,-1,0,0,0,0,-1,0,0,0,0,-1,0,0,0,0,-1,0,0,0,0,-1,0,0,0,0,-1,0,0,0,0,-1,0,0,0,0,0,16,32,0,3,116,180
609,113,fd,1,164,80,0,4,4,2,1056,0,2,0,0,0,1,0,2,192,80,0,0,65423,0,6296,3,0,0,0,0,0,0,0,0,64,1,1,0,0,192,120,128,1,0,0,192,180,128,0,0,0,0,0,0,0,0,0,0,0,0,-1,0,0,0,0,-1,0,0,0,0,-1,0,0,0,0,-1,0,0,0,0,-1,0,0,0,0,-1,0,0,0,0,-1,0,0,0,0,-1,0,0,0,0,-1,0,0,0,0,-1,0,0,0,0,-1,0,0,0,0,-1,0,0,0,0,255,15,31,0,3,117,180
610,114,fd,1,164,80,0,4,4,2,1056,0,2,0,0,0,1,0,2,192,80,0,0,65422,0,6295,3,0,0,0,0,0,0,0,0,64,1,1,0,0,192,118,0,1,0,0,192,178,0,0,0,0,0,0,0,0,0,0,0,0,0,-1,0,0,0,0,-1,0,0,0,0,-1,0,0,0,0,-1,0,0,0,0,-1,0,0,0,0,-1,0,0,0,0,-1,0,0,0,0,-1,0,0,0,0,-1,0,0,0,0,-1,0,0,0,0,-1,0,0,0,0,-1,0,0,0,0,254,14,30,0,3,118,180
611,115,fd,1,164,80,0,4,4,2,1056,0,2,0,0,0,1,0,2,192,80,0,0,65421,0,6294,3,0,0,0,0,0,0,0,0,64,1,1,0,0,192,117,128,1,0,0,192,177,128,0,0,0,0,0,0,0,0,0,0,0,0,-1,0,0,0,0,-1,0,0,0,0,-1,0,0,0,0,-1,0,0,0,0,-1,0,0,0,0,-1,0,0,0,0,-1,0,0,0,0,-1,0,0,0,0,-1,0,0,0,0,-1,0,0,0,0,-1,0,0,0,0,-1,0,0,0,0,253,13,29,0,3,119,180
612,116,fd,1,164,80,0,4,4,2,1056,0,2,0,0,0,1,0,2,192,80,0,0,65420,0,6293,3,0,0,0,0,0,0,0,0,64,1,1,0,0,192,115,0,1,0,0,192,175,0,0,0,0,0,0,0,0,0,0,0,0,0,-1,0,0,0,0,-1,0,0,0,0,-1,0,0,0,0,-1,0,0,0,0,-1,0,0,0,0,-1,0,0,0,0,-1,0,0,0,0,-1,0,0,0,0,-1,0,0,0,0,-1,0,0,0,0,-1,0,0,0,0,-1,0,0,0,0,252,12,28,0,3,120,180
613,117,ed,1,160,80,1,4,4,2,1024,16,2,0,0,0,1,0,4,192,80,0,0,65419,0,6292,3,0,0,0,0,0,1,0,0,64,1,1,0,0,192,114,128,1,0,0,192,174,128,0,0,0,0,0,0,0,0,0,0,0,0,-1,0,0,0,0,-1,0,0,0,0,-1,0,0,0,0,-1,0,0,0,0,-1,0,0,0,0,-1,0,0,0,0,-1,0,0,0,0,-1,0,0,0,0,-1,0,0,0,0,-1,0,0,0,0,-1,0,0,0,0,-1,0,0,0,0,251,11,27,0,3,121,180
614,118,fd,1,157,80,1,4,4,2,992,16,2,0,0,0,1,0,4,192,78,0,0,65418,0,6291,3,0,0,0,0,0,0,0,0,64,1,1,0,0,192,112,0,1,0,0,192,172,0,0,0,0,0,0,0,0,0,0,0,0,0,-1,0,0,0,0,-1,0,0,0,0,-1,0,0,0,0,-1,0,0,0,0,-1,0,0,0,0,-1,0,0,0,0,-1,0,0,0,0,-1,0,0,0,0,-1,0,0,0,0,-1,0,0,0,0,-1,0,0,0,0,-1,0,0,0,0,250,10,26,0,3,122,180
615,119,fd,1,154,80,1,4,4,2,960,0,2,0,0,0,1,0,4,192,76,0,0,65417,0,6290,3,0,0,0,0,0,0,0,0,64,1,1,0,0,192,111,128,1,0,0,192,171,128,0,0,0,0,0,0,0,0,0,0,0,0,-1,0,0,0,0,-1,0,0,0,0,-1,0,0,0,0,-1,0,0,0,0,-1,0,0,0,0,-1,0,0,0,0,-1,0,0,0,0,-1,0,0,0,0,-1,0,0,0,0,-1,0,0,0,0,-1,0,0,0,0,-1,0,0,0,0,249,9,25,0,3,123,180
616,120,fd,1,151,80,1,4,4,2,928,0,2,0,0,0,1,0,4,192,74,0,0,65416,0,6289,3,0,0,0,0,0,0,0,0,64,1,1,0,0,192,109,0,1,0,0,192,169,0,0,0,0,0,0,0,0,0,0,0,0,0,-1,0,0,0,0,-1,0,0,0,0,-1,0,0,0,0,-1,0,0,0,0,-1,0,0,0,0,-1,0,0,0,0,-1,0,0,0,0,-1,0,0,0,0,-1,0,0,0,0,-1,0,0,0,0,-1,0,0,0,0,-1,0,0,0,0,248,8,24,0,3,124,180
617,121,fe,1,148,80,1,4,4,2,896,0,1,0,0,0,1,0,4,192,72,0,0,65415,0,6288,3,0,0,0,0,0,0,0,0,64,1,1,0,0,192,108,128,1,0,0,192,168,128,0,0,0,0,0,0,0,0,0,0,0,0,-1,0,0,0,0,-1,0,0,0,0,-1,0,0,0,0,-1,0,0,0,0,-1,0,0,0,0,-1,0,0,0,0,-1,0,0,0,0,-1,0,0,0,0,-1,0,0,0,0,-1,0,0,0,0,-1,0,0,0,0,-1,0,0,0,0,247,7,23,0,3,125,180
618,122,fe,1,145,80,1,4,4,2,864,0,1,0,0,0,1,0,4,192,70,0,0,65414,0,6287,3,0,0,0,0,0,0,0,0,64,1,1,0,0,192,106,0,1,0,0,192,166,0,0,0,0,0,0,0,0,0,0,0,0,0,-1,0,0,0,0,-1,0,0,0,0,-1,0,0,0,0,-1,0,0,0,0,-1,0,0,0,0,-1,0,0,0,0,-1,0,0,0,0,-1,0,0,0,0,-1,0,0,0,0,-1,0,0,0,0,-1,0,0,0,0,-1,0,0,0,0,246,6,22,0,3,126,180
619,123,fe,1,142,80,1,4,4,2,832,0,1,0,0,0,1,0,4,192,68,0,0,65413,0,6286,3,0,0,0,0,0,0,0,0,64,1,1,0,0,192,105,128,1,0,0,192,165,128,0,0,0,0,0,0,0,0,0,0,0,0,-1,0,0,0,0,-1,0,0,0,0,-1,0,0,0,0,-1,0,0,0,0,-1,0,0,0,0,-1,0,0,0,0,-1,0,0,0,0,-1,0,0,0,0,-1,0,0,0,0,-1,0,0,0,0,-1,0,0,0,0,-1,0,0,0,0,245,5,21,0,3,127,180
620,124,fe,1,139,80,1,4,4,2,800,0,1,0,0,0,1,0,4,192,66,0,0,65412,0,6285,3,0,0,0,0,0,0,0,0,64,1,1,0,0,192,103,0,1,0,0,192,163,0,0,0,0,0,0,0,0,0,0,0,0,0,-1,0,0,0,0,-1,0,0,0,0,-1,0,0,0,0,-1,0,0,0,0,-1,0,0,0,0,-1,0,0,0,0,-1,0,0,0,0,-1,0,0,0,0,-1,0,0,0,0,-1,0,0,0,0,-1,0,0,0,0,-1,0,0,0,0,244,4,20,0,3,128,180
621,125,fe,1,136,80,1,4,4,2,768,0,1,0,0,0,1,0,4,192,64,0,0,65411,0,6284,3,0,0,0,0,0,0,0,0,64,1,1,0,0,192,102,128,1,0,0,192,162,128,0,0,0,0,0,0,0,0,0,0,0,0,-1,0,0,0,0,-1,0,0,0,0,-1,0,0,0,0,-1,0,0,0,0,-1,0,0,0,0,-1,0,0,0,0,-1,0,0,0,0,-1,0,0,0,0,-1,0,0,0,0,-1,0,0,0,0,-1,0,0,0,0,-1,0,0,0,0,243,3,19,0,3,129,180
622,126,fe,1,134,80,1,4,4,2,736,0,1,0,0,0,1,0,4,192,62,0,0,65410,0,6283,3,0,0,0,0,0,0,0,0,64,1,1,0,0,192,100,0,1,0,0,192,160,0,0,0,0,0,0,0,0,0,0,0,0,0,-1,0,0,0,0,-1,0,0,0,0,-1,0,0,0,0,-1,0,0,0,0,-1,0,0,0,0,-1,0,0,0,0,-1,0,0,0,0,-1,0,0,0,0,-1,0,0,0,0,-1,0,0,0,0,-1,0,0,0,0,-1,0,0,0,0,242,2,18,0,3,130,180
623,127,fe,1,132,80,1,4,4,2,704,0,1,0,0,0,1,0,4,192,60,0,0,65409,0,6282,3,0,0,0,0,0,0,0,0,64,1,1,0,0,192,99,128,1,0,0,192,159,128,0,0,0,0,0,0,0,0,0,0,0,0,-1,0,0,0,0,-1,0,0,0,0,-1,0,0,0,0,-1,0,0,0,0,-1,0,0,0,0,-1,0,0,0,0,-1,0,0,0,0,-1,0,0,0,0,-1,0,0,0,0,-1,0,0,0,0,-1,0,0,0,0,-1,0,0,0,0,241,1,17,0,3,131,180
624,128,fe,1,130,80,1,4,4,2,672,0,1,0,0,0,1,0,4,192,58,0,0,65408,0,6281,3,0,0,0,0,0,0,0,0,64,1,1,0,0,192,97,0,1,0,0,192,157,0,0,0,0,0,0,0,0,0,0,0,0,0,-1,0,0,0,0,-1,0,0,0,0,-1,0,0,0,0,-1,0,0,0,0,-1,0,0,0,0,-1,0,0,0,0,-1,0,0,0,0,-1,0,0,0,0,-1,0,0,0,0,-1,0,0,0,0,-1,0,0,0,0,-1,0,0,0,0,240,0,16,0,3,132,180
625,129,fe,1,128,80,1,4,4,2,640,0,1,0,0,0,1,0,4,192,56,0,0,65407,0,6280,3,0,0,0,0,0,0,0,0,64,1,1,0,0,192,96,128,1,0,0,192,156,128,0,0,0,0,0,0,0,0,0,0,0,0,-1,0,0,0,0,-1,0,0,0,0,-1,0,0,0,0,-1,0,0,0,0,-1,0,0,0,0,-1,0,0,0,0,-1,0,0,0,0,-1,0,0,0,0,-1,0,0,0,0,-1,0,0,0,0,-1,0,0,0,0,-1,0,0,0,0,239,255,15,0,3,133,180
626,130,fe,1,126,80,1,4,4,2,608,0,1,0,0,0,1,0,4,192,54,0,0,65406,0,6279,3,0,0,0,0,0,0,0,0,64,1,1,0,0,192,94,0,1,0,0,192,154,0,0,0,0,0,0,0,0,0,0,0,0,0,-1,0,0,0,0,-1,0,0,0,0,-1,0,0,0,0,-1,0,0,0,0,-1,0,0,0,0,-1,0,0,0,0,-1,0,0,0,0,-1,0,0,0,0,-1,0,0,0,0,-1,0,0,0,0,-1,0,0,0,0,-1,0,0,0,0,238,254,14,0,3,134,180
627,131,fe,1,124,80,1,4,4,2,576,0,1,0,0,0,1,0,4,192,52,0,0,65405,0,6278,3,0,0,0,0,0,0,0,0,64,1,1,0,0,192,93,128,1,0,0,192,153,128,0,0,0,0,0,0,0,0,0,0,0,0,-1,0,0,0,0,-1,0,0,0,0,-1,0,0,0,0,-1,0,0,0,0,-1,0,0,0,0,-1,0,0,0,0,-1,0,0,0,0,-1,0,0,0,0,-1,0,0,0,0,-1,0,0,0,0,-1,0,0,0,0,-1,0,0,0,0,237,253,13,0,3,135,180
628,132,fe,1,122,80,1,4,4,2,544,0,1,0,0,0,1,0,4,192,50,0,0,65404,0,6277,3,0,0,0,0,0,0,0,0,64,1,1,0,0,192,91,0,1,0,0,192,151,0,0,0,0,0,0,0,0,0,0,0,0,0,-1,0,0,0,0,-1,0,0,0,0,-1,0,0,0,0,-1,0,0,0,0,-1,0,0,0,0,-1,0,0,0,0,-1,0,0,0,0,-1,0,0,0,0,-1,0,0,0,0,-1,0,0,0,0,-1,0,0,0,0,-1,0,0,0,0,236,252,12,0,3,136,180
629,133,fe,1,120,80,1,4,4,2,512,0,1,0,0,0,1,0,4,192,48,0,0,65403,0,6276,3,0,0,0,0,0,0,0,0,64,1,1,0,0,192,90,128,1,0,0,192,150,128,0,0,0,0,0,0,0,0,0,0,0,0,-1,0,0,0,0,-1,0,0,0,0,-1,0,0,0,0,-1,0,0,0,0,-1,0,0,0,0,-1,0,0,0,0,-1,0,0,0,0,-1,0,0,0,0,-1,0,0,0,0,-1,0,0,0,0,-1,0,0,0,0,-1,0,0,0,0,235,251,11,0,3,137,180
630,134,fe,1,119,80,1,4,4,2,480,0,1,0,0,0,1,0,4,192,46,0,0,65402,0,6275,3,0,0,0,0,0,0,0,0,64,1,1,0,0,192,88,0,1,0,0,192,148,0,0,0,0,0,0,0,0,0,0,0,0,0,-1,0,0,0,0,-1,0,0,0,0,-1,0,0,0,0,-1,0,0,0,0,-1,0,0,0,0,-1,0,0,0,0,-1,0,0,0,0,-1,0,0,0,0,-1,0,0,0,0,-1,0,0,0,0,-1,0,0,0,0,-1,0,0,0,0,234,250,10,0,3,138,180
631,135,fe,1,118,80,1,4,4,2,448,0,1,0,0,0,1,0,4,192,44,0,0,65401,0,6274,3,0,0,0,0,0,0,0,0,64,1,1,0,0,192,87,128,1,0,0,192,147,128,0,0,0,0,0,0,0,0,0,0,0,0,-1,0,0,0,0,-1,0,0,0,0,-1,0,0,0,0,-1,0,0,0,0,-1,0,0,0,0,-1,0,0,0,0,-1,0,0,0,0,-1,0,0,0,0,-1,0,0,0,0,-1,0,0,0,0,-1,0,0,0,0,-1,0,0,0,0,233,249,9,0,3,139,180
632,136,fe,1,117,80,1,4,4,2,416,0,1,0,0,0,1,0,4,192,42,0,0,65400,0,6273,3,0,0,0,0,0,0,0,0,64,1,1,0,0,192,85,0,1,0,0,192,145,0,0,0,0,0,0,0,0,0,0,0,0,0,-1,0,0,0,0,-1,0,0,0,0,-1,0,0,0,0,-1,0,0,0,0,-1,0,0,0,0,-1,0,0,0,0,-1,0,0,0,0,-1,0,0,0,0,-1,0,0,0,0,-1,0,0,0,0,-1,0,0,0,0,-1,0,0,0,0,232,248,8,0,3,140,180
633,137,fe,1,116,80,1,4,4,2,384,0,1,0,0,0,1,0,4,192,40,0,0,65399,0,6272,3,0,0,0,0,0,0,0,0,64,1,1,0,0,192,84,128,1,0,0,192,144,128,0,0,0,0,0,0,0,0,0,0,0,0,-1,0,0,0,0,-1,0,0,0,0,-1,0,0,0,0,-1,0,0,0,0,-1,0,0,0,0,-1,0,0,0,0,-1,0,0,0,0,-1,0,0,0,0,-1,0,0,0,0,-1,0,0,0,0,-1,0,0,0,0,-1,0,0,0,0,231,247,7,0,3,141,180
634,138,fe,1,115,80,1,4,4,2,352,0,1,0,0,0,1,0,4,192,38,0,0,65398,0,6271,3,0,0,0,0,0,0,0,0,64,1,1,0,0,192,82,0,1,0,0,192,142,0,0,0,0,0,0,0,0,0,0,0,0,0,-1,0,0,0,0,-1,0,0,0,0,-1,0,0,0,0,-1,0,0,0,0,-1,0,0,0,0,-1,0,0,0,0,-1,0,0,0,0,-1,0,0,0,0,-1,0,0,0,0,-1,0,0,0,0,-1,0,0,0,0,-1,0,0,0,0,230,246,6,0,3,142,180
635,139,fe,1,114,80,1,4,4,2,320,0,1,0,0,0,1,0,4,192,36,0,0,65397,0,6270,3,0,0,0,0,0,0,0,0,64,1,1,0,0,192,81,128,1,0,0,192,141,128,0,0,0,0,0,0,0,0,0,0,0,0,-1,0,0,0,0,-1,0,0,0,0,-1,0,0,0,0,-1,0,0,0,0,-1,0,0,0,0,-1,0,0,0,0,-1,0,0,0,0,-1,0,0,0,0,-1,0,0,0,0,-1,0,0,0,0,-1,0,0,0,0,-1,0,0,0,0,229,245,5,0,3,143,180
636,140,fe,1,113,80,1,4,4,2,288,0,1,0,0,0,1,0,4,192,34,0,0,65396,0,6269,3,0,0,0,0,0,0,0,0,64,1,1,0,0,192,79,0,1,0,0,192,139,0,0,0,0,0,0,0,0,0,0,0,0,0,-1,0,0,0,0,-1,0,0,0,0,-1,0,0,0,0,-1,0,0,0,0,-1,0,0,0,0,-1,0,0,0,0,-1,0,0,0,0,-1,0,0,0,0,-1,0,0,0,0,-1,0,0,0,0,-1,0,0,0,0,-1,0,0,0,0,228,244,4,0,3,144,180
637,141,fe,1,112,80,1,4,4,2,256,0,1,0,0,0,1,0,4,192,32,0,0,65395,0,6268,3,0,0,0,0,0,0,0,0,64,1,1,0,0,192,78,128,1,0,0,192,138,128,0,0,0,0,0,0,0,0,0,0,0,0,-1,0,0,0,0,-1,0,0,0,0,-1,0,0,0,0,-1,0,0,0,0,-1,0,0,0,0,-1,0,0,0,0,-1,0,0,0,0,-1,0,0,0,0,-1,0,0,0,0,-1,0,0,0,0,-1,0,0,0,0,-1,0,0,0,0,227,243,3,0,3,145,180
638,142,fe,1,112,80,1,4,4,2,224,0,1,0,0,0,1,0,4,192,30,0,0,65394,0,6267,3,0,0,0,0,0,0,0,0,64,1,1,0,0,192,76,0,1,0,0,192,136,0,0,0,0,0,0,0,0,0,0,0,0,0,-1,0,0,0,0,-1,0,0,0,0,-1,0,0,0,0,-1,0,0,0,0,-1,0,0,0,0,-1,0,0,0,0,-1,0,0,0,0,-1,0,0,0,0,-1,0,0,0,0,-1,0,0,0,0,-1,0,0,0,0,-1,0,0,0,0,226,242,2,0,3,146,180
639,143,fe,1,112,80,1,4,4,2,160,0,1,0,0,0,1,0,4,192,28,0,0,65393,0,6266,3,0,0,0,0,0,0,0,0,64,1,1,0,0,192,75,128,1,0,0,192,135,128,0,0,0,0,0,0,0,0,0,0,0,0,-1,0,0,0,0,-1,0,0,0,0,-1,0,0,0,0,-1,0,0,0,0,-1,0,0,0,0,-1,0,0,0,0,-1,0,0,0,0,-1,0,0,0,0,-1,0,0,0,0,-1,0,0,0,0,-1,0,0,0,0,-1,0,0,0,0,225,241,1,0,3,147,180
640,144,fe,1,112,80,1,4,4,2,96,0,1,0,0,0,1,0,4,192,26,0,0,65392,0,6265,3,0,0,0,0,0,0,0,0,64,1,1,0,0,192,73,0,1,0,0,192,133,0,0,0,0,0,0,0,0,0,0,0,0,0,-1,0,0,0,0,-1,0,0,0,0,-1,0,0,0,0,-1,0,0,0,0,-1,0,0,0,0,-1,0,0,0,0,-1,0,0,0,0,-1,0,0,0,0,-1,0,0,0,0,-1,0,0,0,0,-1,0,0,0,0,-1,0,0,0,0,224,240,0,0,3,148,180
641,145,fe,1,112,80,1,4,4,2,32,0,1,0,0,0,1,0,4,192,24,0,0,65391,0,6264,3,0,0,0,0,0,0,0,0,64,1,1,0,0,192,72,128,1,0,0,192,132,128,0,0,0,0,0,0,0,0,0,0,0,0,-1,0,0,0,0,-1,0,0,0,0,-1,0,0,0,0,-1,0,0,0,0,-1,0,0,0,0,-1,0,0,0,0,-1,0,0,0,0,-1,0,0,0,0,-1,0,0,0,0,-1,0,0,0,0,-1,0,0,0,0,-1,0,0,0,0,223,239,255,0,3,149,180
642,146,fe,1,112,80,2,4,4,2,64,0,1,0,0,0,1,0,4,192,22,0,0,65390,0,6263,3,0,0,0,0,0,0,0,0,64,1,1,0,0,192,70,0,1,0,0,192,130,0,0,0,0,0,0,0,0,0,0,0,0,0,-1,0,0,0,0,-1,0,0,0,0,-1,0,0,0,0,-1,0,0,0,0,-1,0,0,0,0,-1,0,0,0,0,-1,0,0,0,0,-1,0,0,0,0,-1,0,0,0,0,-1,0,0,0,0,-1,0,0,0,0,-1,0,0,0,0,222,238,254,0,3,150,180
643,147,fe,1,112,80,2,4,4,2,128,0,1,0,0,0,1,0,4,192,20,0,0,65389,0,6262,3,0,0,0,0,0,0,0,0,64,1,1,0,0,192,69,128,1,0,0,192,129,128,0,0,0,0,0,0,0,0,0,0,0,0,-1,0,0,0,0,-1,0,0,0,0,-1,0,0,0,0,-1,0,0,0,0,-1,0,0,0,0,-1,0,0,0,0,-1,0,0,0,0,-1,0,0,0,0,-1,0,0,0,0,-1,0,0,0,0,-1,0,0,0,0,-1,0,0,0,0,221,237,253,0,3,151,180
644,148,fe,1,112,80,2,4,4,2,192,0,1,0,0,0,1,0,4,192,18,0,0,65388,0,6261,3,0,0,0,0,0,0,0,0,64,1,1,0,0,192,67,0,1,0,0,192,127,0,0,0,0,0,0,0,0,0,0,0,0,0,-1,0,0,0,0,-1,0,0,0,0,-1,0,0,0,0,-1,0,0,0,0,-1,0,0,0,0,-1,0,0,0,0,-1,0,0,0,0,-1,0,0,0,0,-1,0,0,0,0,-1,0,0,0,0,-1,0,0,0,0,-1,0,0,0,0,220,236,252,0,3,152,180
645,149,fe,1,113,80,2,4,4,2,256,0,1,0,0,0,1,0,4,192,16,0,0,65387,0,6260,3,0,0,0,0,0,0,0,0,64,1,1,0,0,192,66,128,1,0,0,192,126,128,0,0,0,0,0,0,0,0,0,0,0,0,-1,0,0,0,0,-1,0,0,0,0,-1,0,0,0,0,-1,0,0,0,0,-1,0,0,0,0,-1,0,0,0,0,-1,0,0,0,0,-1,0,0,0,0,-1,0,0,0,0,-1,0,0,0,0,-1,0,0,0,0,-1,0,0,0,0,219,235,251,0,3,153,180
646,150,fe,1,114,80,2,4,4,2,288,0,1,0,0,0,1,0,4,192,14,0,0,65386,0,6259,3,0,0,0,0,0,0,0,0,64,1,1,0,0,192,64,0,1,0,0,192,124,0,0,0,0,0,0,0,0,0,0,0,0,0,-1,0,0,0,0,-1,0,0,0,0,-1,0,0,0,0,-1,0,0,0,0,-1,0,0,0,0,-1,0,0,0,0,-1,0,0,0,0,-1,0,0,0,0,-1,0,0,0,0,-1,0,0,0,0,-1,0,0,0,0,-1,0,0,0,0,218,234,250,0,3,154,180
647,151,fe,1,115,80,2,4,4,2,320,0,1,0,0,0,1,0,4,192,12,0,0,65385,0,6258,3,0,0,0,0,0,0,0,0,64,1,1,0,0,192,63,128,1,0,0,192,123,128,0,0,0,0,0,0,0,0,0,0,0,0,-1,0,0,0,0,-1,0,0,0,0,-1,0,0,0,0,-1,0,0,0,0,-1,0,0,0,0,-1,0,0,0,0,-1,0,0,0,0,-1,0,0,0,0,-1,0,0,0,0,-1,0,0,0,0,-1,0,0,0,0,-1,0,0,0,0,217,233,249,0,3,155,180
648,152,fe,1,116,80,2,4,4,2,352,0,1,0,0,0,1,0,4,192,10,0,0,65384,0,6257,3,0,0,0,0,0,0,0,0,64,1,1,0,0,192,61,0,1,0,0,192,121,0,0,0,0,0,0,0,0,0,0,0,0,0,-1,0,0,0,0,-1,0,0,0,0,-1,0,0,0,0,-1,0,0,0,0,-1,0,0,0,0,-1,0,0,0,0,-1,0,0,0,0,-1,0,0,0,0,-1,0,0,0,0,-1,0,0,0,0,-1,0,0,0,0,-1,0,0,0,0,216,232,248,0,3,156,180
649,153,fe,1,117,80,2,4,4,2,384,0,1,0,0,0,1,0,4,192,8,0,0,65383,0,6256,3,0,0,0,0,0,0,0,0,64,1,1,0,0,192,60,128,1,0,0,192,120,128,0,0,0,0,0,0,0,0,0,0,0,0,-1,0,0,0,0,-1,0,0,0,0,-1,0,0,0,0,-1,0,0,0,0,-1,0,0,0,0,-1,0,0,0,0,-1,0,0,0,0,-1,0,0,0,0,-1,0,0,0,0,-1,0,0,0,0,-1,0,0,0,0,-1,0,0,0,0,215,231,247,0,3,157,180
650,154,fe,1,118,80,2,4,4,2,416,0,1,0,0,0,1,0,4,192,6,0,0,65382,0,6255,3,0,0,0,0,0,0,0,0,64,1,1,0,0,192,58,0,1,0,0,192,118,0,0,0,0,0,0,0,0,0,0,0,0,0,-1,0,0,0,0,-1,0,0,0,0,-1,0,0,0,0,-1,0,0,0,0,-1,0,0,0,0,-1,0,0,0,0,-1,0,0,0,0,-1,0,0,0,0,-1,0,0,0,0,-1,0,0,0,0,-1,0,0,0,0,-1,0,0,0,0,214,230,246,0,3,158,180
651,155,fe,1,119,80,2,4,4,2,448,0,1,0,0,0,1,0,4,192,4,0,0,65381,0,6254,3,0,0,0,0,0,0,0,0,64,1,1,0,0,192,57,128,1,0,0,192,117,128,0,0,0,0,0,0,0,0,0,0,0,0,-1,0,0,0,0,-1,0,0,0,0,-1,0,0,0,0,-1,0,0,0,0,-1,0,0,0,0,-1,0,0,0,0,-1,0,0,0,0,-1,0,0,0,0,-1,0,0,0,0,-1,0,0,0,0,-1,0,0,0,0,-1,0,0,0,0,213,229,245,0,3,159,180
652,156,fe,1,120,80,2,4,4,2,480,0,1,0,0,0,1,0,4,192,2,0,0,65380,0,6253,3,0,0,0,0,0,0,0,0,64,1,1,0,0,192,55,0,1,0,0,192,115,0,0,0,0,0,0,0,0,0,0,0,0,0,-1,0,0,0,0,-1,0,0,0,0,-1,0,0,0,0,-1,0,0,0,0,-1,0,0,0,0,-1,0,0,0,0,-1,0,0,0,0,-1,0,0,0,0,-1,0,0,0,0,-1,0,0,0,0,-1,0,0,0,0,-1,0,0,0,0,212,228,244,0,3,160,180
653,157,fe,1,122,80,2,4,4,2,512,0,1,0,0,0,1,0,4,192,0,0,0,65379,0,6252,3,0,0,0,0,0,0,0,0,64,1,1,0,0,192,54,128,1,0,0,192,114,128,0,0,0,0,0,0,0,0,0,0,0,0,-1,0,0,0,0,-1,0,0,0,0,-1,0,0,0,0,-1,0,0,0,0,-1,0,0,0,0,-1,0,0,0,0,-1,0,0,0,0,-1,0,0,0,0,-1,0,0,0,0,-1,0,0,0,0,-1,0,0,0,0,-1,0,0,0,0,211,227,243,0,3,161,180
654,158,fe,1,124,80,2,4,4,2,544,0,1,0,0,0,1,0,4,192,254,0,0,65378,0,6251,3,0,0,0,0,0,0,0,0,64,1,1,0,0,192,52,0,1,0,0,192,112,0,0,0,0,0,0,0,0,0,0,0,0,0,-1,0,0,0,0,-1,0,0,0,0,-1,0,0,0,0,-1,0,0,0,0,-1,0,0,0,0,-1,0,0,0,0,-1,0,0,0,0,-1,0,0,0,0,-1,0,0,0,0,-1,0,0,0,0,-1,0,0,0,0,-1,0,0,0,0,210,226,242,0,3,162,180
655,159,fe,1,126,80,2,4,4,2,576,0,1,0,0,0,1,0,4,192,252,0,0,65377,0,6250,3,0,0,0,0,0,0,0,0,64,1,1,0,0,192,51,128,1,0,0,192,111,128,0,0,0,0,0,0,0,0,0,0,0,0,-1,0,0,0,0,-1,0,0,0,0,-1,0,0,0,0,-1,0,0,0,0,-1,0,0,0,0,-1,0,0,0,0,-1,0,0,0,0,-1,0,0,0,0,-1,0,0,0,0,-1,0,0,0,0,-1,0,0,0,0,-1,0,0,0,0,209,225,241,0,3,163,180
656,160,fe,1,128,80,2,4,4,2,608,0,1,0,0,0,1,0,4,192,250,0,0,65376,0,6249,3,0,0,0,0,0,0,0,0,64,1,1,0,0,192,49,0,1,0,0,192,109,0,0,0,0,0,0,0,0,0,0,0,0,0,-1,0,0,0,0,-1,0,0,0,0,-1,0,0,0,0,-1,0,0,0,0,-1,0,0,0,0,-1,0,0,0,0,-1,0,0,0,0,-1,0,0,0,0,-1,0,0,0,0,-1,0,0,0,0,-1,0,0,0,0,-1,0,0,0,0,208,224,240,0,3,164,180
657,161,fe,1,130,80,2,4,4,2,640,0,1,0,0,0,1,0,4,192,248,0,0,65375,0,6248,3,0,0,0,0,0,0,0,0,64,1,1,0,0,192,48,128,1,0,0,192,108,128,0,0,0,0,0,0,0,0,0,0,0,0,-1,0,0,0,0,-1,0,0,0,0,-1,0,0,0,0,-1,0,0,0,0,-1,0,0,0,0,-1,0,0,0,0,-1,0,0,0,0,-1,0,0,0,0,-1,0,0,0,0,-1,0,0,0,0,-1,0,0,0,0,-1,0,0,0,0,207,223,239,0,3,165,180
658,162,fe,1,132,80,2,4,4,2,672,0,1,0,0,0,1,0,4,192,246,0,0,65374,0,6247,3,0,0,0,0,0,0,0,0,64,1,1,0,0,192,46,0,1,0,0,192,106,0,0,0,0,0,0,0,0,0,0,0,0,0,-1,0,0,0,0,-1,0,0,0,0,-1,0,0,0,0,-1,0,0,0,0,-1,0,0,0,0,-1,0,0,0,0,-1,0,0,0,0,-1,0,0,0,0,-1,0,0,0,0,-1,0,0,0,0,-1,0,0,0,0,-1,0,0,0,0,206,222,238,0,3,166,180
659,163,fe,1,134,80,2,4,4,2,704,0,1,0,0,0,1,0,4,192,244,0,0,65373,0,6246,3,0,0,0,0,0,0,0,0,64,1,1,0,0,192,45,128,1,0,0,192,105,128,0,0,0,0,0,0,0,0,0,0,0,0,-1,0,0,0,0,-1,0,0,0,0,-1,0,0,0,0,-1,0,0,0,0,-1,0,0,0,0,-1,0,0,0,0,-1,0,0,0,0,-1,0,0,0,0,-1,0,0,0,0,-1,0,0,0,0,-1,0,0,0,0,-1,0,0,0,0,205,221,237,0,3,167,180
660,164,fe,1,136,80,2,4,4,2,736,0,1,0,0,0,1,0,4,192,242,0,0,65372,0,6245,3,0,0,0,0,0,0,0,0,64,1,1,0,0,192,43,0,1,0,0,192,103,0,0,0,0,0,0,0,0,0,0,0,0,0,-1,0,0,0,0,-1,0,0,0,0,-1,0,0,0,0,-1,0,0,0,0,-1,0,0,0,0,-1,0,0,0,0,-1,0,0,0,0,-1,0,0,0,0,-1,0,0,0,0,-1,0,0,0,0,-1,0,0,0,0,-1,0,0,0,0,204,220,236,0,3,168,180
661,165,fe,1,139,80,2,4,4,2,768,0,1,0,0,0,0,0,0,0,0,0,0,65371,0,6244,3,0,0,0,0,0,0,0,0,64,1,1,0,0,192,42,128,1,0,0,192,102,128,0,0,0,0,0,0,0,0,0,0,0,0,-1,0,0,0,0,-1,0,0,0,0,-1,0,0,0,0,-1,0,0,0,0,-1,0,0,0,0,-1,0,0,0,0,-1,0,0,0,0,-1,0,0,0,0,-1,0,0,0,0,-1,0,0,0,0,-1,0,0,0,0,-1,0,0,0,0,203,219,235,0,3,169,180
662,166,fe,1,142,80,2,4,4,2,800,0,1,0,0,0,0,0,0,0,0,0,0,65370,0,6243,3,0,0,0,0,0,0,0,0,64,1,1,0,0,192,40,0,1,0,0,192,100,0,0,0,0,0,0,0,0,0,0,0,0,0,-1,0,0,0,0,-1,0,0,0,0,-1,0,0,0,0,-1,0,0,0,0,-1,0,0,0,0,-1,0,0,0,0,-1,0,0,0,0,-1,0,0,0,0,-1,0,0,0,0,-1,0,0,0,0,-1,0,0,0,0,-1,0,0,0,0,202,218,234,0,3,170,180
663,167,fe,1,145,80,2,4,4,2,832,0,1,0,0,0,0,0,0,0,0,0,0,65369,0,6242,3,0,0,0,0,0,0,0,0,64,1,1,0,0,192,39,128,1,0,0,192,99,128,0,0,0,0,0,0,0,0,0,0,0,0,-1,0,0,0,0,-1,0,0,0,0,-1,0,0,0,0,-1,0,0,0,0,-1,0,0,0,0,-1,0,0,0,0,-1,0,0,0,0,-1,0,0,0,0,-1,0,0,0,0,-1,0,0,0,0,-1,0,0,0,0,-1,0,0,0,0,201,217,233,0,3,171,180
664,168,fe,1,148,80,2,4,4,2,864,0,1,0,0,0,0,0,0,0,0,0,0,65368,0,6241,3,0,0,0,0,0,0,0,0,64,1,1,0,0,192,37,0,1,0,0,192,97,0,0,0,0,0,0,0,0,0,0,0,0,0,-1,0,0,0,0,-1,0,0,0,0,-1,0,0,0,0,-1,0,0,0,0,-1,0,0,0,0,-1,0,0,0,0,-1,0,0,0,0,-1,0,0,0,0,-1,0,0,0,0,-1,0,0,0,0,-1,0,0,0,0,-1,0,0,0,0,200,216,232,0,3,172,180
665,169,fe,1,151,80,2,4,4,2,896,0,1,0,0,0,0,0,0,0,0,0,0,65367,0,6240,3,0,0,0,0,0,0,0,0,64,1,1,0,0,192,36,128,1,0,0,192,96,128,0,0,0,0,0,0,0,0,0,0,0,0,-1,0,0,0,0,-1,0,0,0,0,-1,0,0,0,0,-1,0,0,0,0,-1,0,0,0,0,-1,0,0,0,0,-1,0,0,0,0,-1,0,0,0,0,-1,0,0,0,0,-1,0,0,0,0,-1,0,0,0,0,-1,0,0,0,0,199,215,231,0,3,173,180
666,170,fe,1,154,80,2,4,4,2,928,0,1,0,0,0,0,0,0,0,0,0,0,65366,0,6239,3,0,0,0,0,0,0,0,0,64,1,1,0,0,192,34,0,1,0,0,192,94,0,0,0,0,0,0,0,0,0,0,0,0,0,-1,0,0,0,0,-1,0,0,0,0,-1,0,0,0,0,-1,0,0,0,0,-1,0,0,0,0,-1,0,0,0,0,-1,0,0,0,0,-1,0,0,0,0,-1,0,0,0,0,-1,0,0,0,0,-1,0,0,0,0,-1,0,0,0,0,198,214,230,0,3,174,180
667,171,fe,1,157,80,2,4,4,2,960,0,1,0,0,0,0,0,0,0,0,0,0,65365,0,6238,3,0,0,0,0,0,0,0,0,64,1,1,0,0,192,33,128,1,0,0,192,93,128,0,0,0,0,0,0,0,0,0,0,0,0,-1,0,0,0,0,-1,0,0,0,0,-1,0,0,0,0,-1,0,0,0,0,-1,0,0,0,0,-1,0,0,0,0,-1,0,0,0,0,-1,0,0,0,0,-1,0,0,0,0,-1,0,0,0,0,-1,0,0,0,0,-1,0,0,0,0,197,213,229,0,3,175,180
668,172,fe,1,160,80,2,4,4,2,992,0,1,0,0,0,0,0,0,0,0,0,0,65364,0,6237,3,0,0,0,0,0,0,0,0,64,1,1,0,0,192,31,0,1,0,0,192,91,0,0,0,0,0,0,0,0,0,0,0,0,0,-1,0,0,0,0,-1,0,0,0,0,-1,0,0,0,0,-1,0,0,0,0,-1,0,0,0,0,-1,0,0,0,0,-1,0,0,0,0,-1,0,0,0,0,-1,0,0,0,0,-1,0,0,0,0,-1,0,0,0,0,-1,0,0,0,0,196,212,228,0,3,176,180
669,173,fe,1,164,80,0,4,4,2,1056,0,1,0,0,0,1,0,2,192,89,128,1,65363,500,6236,3,0,1,0,0,1,0,0,16,64,1,1,0,0,192,30,128,0,0,0,0,0,0,0,0,0,0,0,0,0,0,0,0,0,0,0,0,184,38,31,0,1,184,53,31,-1,0,0,0,0,-1,0,0,0,0,-1,0,0,0,0,-1,0,0,0,0,-1,0,0,0,0,-1,0,0,0,0,-1,0,0,0,0,-1,0,0,0,0,-1,0,0,0,0,-1,0,0,0,0,195,211,227,0,3,177,180
670,174,fe,1,164,80,0,4,4,1,1056,0,1,0,0,0,1,0,1,192,88,128,1,65364,500,6235,3,0,1,0,0,1,0,0,16,64,1,1,0,0,192,28,0,0,0,0,0,0,0,0,0,0,0,0,0,0,0,0,0,0,0,0,0,184,36,30,0,1,184,51,30,-1,0,0,0,0,-1,0,0,0,0,-1,0,0,0,0,-1,0,0,0,0,-1,0,0,0,0,-1,0,0,0,0,-1,0,0,0,0,-1,0,0,0,0,-1,0,0,0,0,-1,0,0,0,0,196,212,228,0,3,178,180
671,175,fe,1,164,80,0,4,4,1,1056,0,1,0,0,0,1,0,1,192,87,128,1,65365,500,6234,3,0,1,0,0,1,0,0,16,64,1,1,0,1,192,28,0,0,0,0,0,0,0,0,0,0,0,0,0,0,0,0,0,0,0,0,0,184,36,29,0,1,184,51,29,-1,0,0,0,0,-1,0,0,0,0,-1,0,0,0,0,-1,0,0,0,0,-1,0,0,0,0,-1,0,0,0,0,-1,0,0,0,0,-1,0,0,0,0,-1,0,0,0,0,-1,0,0,0,0,197,213,229,0,3,179,180
672,176,fe,1,164,80,0,4,4,1,1056,0,1,0,0,0,1,0,1,192,86,128,1,65366,500,6233,3,0,1,0,0,1,0,0,15,64,1,1,0,1,192,28,128,0,0,0,0,0,0,0,0,0,0,0,0,0,0,0,0,0,0,0,0,184,36,28,0,1,184,51,28,-1,0,0,0,0,-1,0,0,0,0,-1,0,0,0,0,-1,0,0,0,0,-1,0,0,0,0,-1,0,0,0,0,-1,0,0,0,0,-1,0,0,0,0,-1,0,0,0,0,-1,0,0,0,0,198,214,230,0,3,180,180
673,177,fe,1,164,80,0,4,4,1,1056,0,1,0,0,0,1,0,1,192,85,128,1,65367,500,6232,3,0,1,0,0,1,0,0,15,64,1,1,0,1,192,29,0,0,0,0,0,0,0,0,0,0,0,0,0,0,0,0,0,0,0,0,0,184,37,27,0,1,184,52,27,-1,0,0,0,0,-1,0,0,0,0,-1,0,0,0,0,-1,0,0,0,0,-1,0,0,0,0,-1,0,0,0,0,-1,0,0,0,0,-1,0,0,0,0,-1,0,0,0,0,-1,0,0,0,0,199,215,231,0,3,181,180
674,178,fe,1,164,80,0,4,4,1,1056,0,1,0,0,0,1,0,1,192,84,128,1,65368,500,6231,3,0,1,0,0,1,0,0,15,64,1,1,0,1,192,29,128,0,0,0,0,0,0,0,0,0,0,0,0,0,0,0,0,0,0,0,0,184,37,26,0,1,184,52,26,-1,0,0,0,0,-1,0,0,0,0,-1,0,0,0,0,-1,0,0,0,0,-1,0,0,0,0,-1,0,0,0,0,-1,0,0,0,0,-1,0,0,0,0,-1,0,0,0,0,-1,0,0,0,0,200,216,232,0,3,182,180
675,179,fe,1,164,80,0,4,4,1,1056,0,1,0,0,0,1,0,1,192,83,128,1,65369,500,6230,3,0,1,0,0,1,0,0,15,64,1,1,0,1,192,30,0,0,0,0,0,0,0,0,0,0,0,0,0,0,0,0,0,0,0,0,0,184,38,25,0,1,184,53,25,-1,0,0,0,0,-1,0,0,0,0,-1,0,0,0,0,-1,0,0,0,0,-1,0,0,0,0,-1,0,0,0,0,-1,0,0,0,0,-1,0,0,0,0,-1,0,0,0,0,-1,0,0,0,0,201,217,233,0,3,183,180
676,180,fe,1,164,80,0,4,4,1,1056,0,1,0,0,0,1,0,1,192,82,128,1,65370,500,6229,3,0,1,0,0,1,0,0,14,64,1,1,0,1,192,30,128,0,0,0,0,0,0,0,0,0,0,0,0,0,0,0,0,0,0,0,0,184,38,24,0,1,184,53,24,-1,0,0,0,0,-1,0,0,0,0,-1,0,0,0,0,-1,0,0,0,0,-1,0,0,0,0,-1,0,0,0,0,-1,0,0,0,0,-1,0,0,0,0,-1,0,0,0,0,-1,0,0,0,0,202,218,234,0,3,184,180
677,181,fe,1,164,80,0,4,4,1,1056,0,1,0,0,0,1,0,1,192,81,128,1,65371,500,6228,3,0,1,0,0,1,0,0,14,64,1,1,0,1,192,31,0,0,0,0,0,0,0,0,0,0,0,0,0,0,0,0,0,0,0,0,0,184,39,23,0,1,184,54,23,-1,0,0,0,0,-1,0,0,0,0,-1,0,0,0,0,-1,0,0,0,0,-1,0,0,0,0,-1,0,0,0,0,-1,0,0,0,0,-1,0,0,0,0,-1,0,0,0,0,-1,0,0,0,0,203,219,235,0,3,185,180
678,182,fe,1,164,80,0,4,4,1,1056,0,1,0,0,0,1,0,1,192,80,128,0,65372,500,6227,3,0,1,0,0,1,0,0,14,64,1,1,0,1,192,31,128,0,0,0,0,0,0,0,0,0,0,0,0,0,0,0,0,0,0,0,0,184,39,22,0,1,184,54,22,-1,0,0,0,0,-1,0,0,0,0,-1,0,0,0,0,-1,0,0,0,0,-1,0,0,0,0,-1,0,0,0,0,-1,0,0,0,0,-1,0,0,0,0,-1,0,0,0,0,-1,0,0,0,0,204,220,236,0,3,186,180
679,183,fe,1,164,80,0,4,4,1,1056,0,1,0,0,0,1,0,1,192,80,128,0,65373,500,6226,3,0,1,0,0,1,0,0,14,64,1,1,0,1,192,32,0,0,0,0,0,0,0,0,0,0,0,0,0,0,0,0,0,0,0,0,0,184,40,21,0,1,184,55,21,-1,0,0,0,0,-1,0,0,0,0,-1,0,0,0,0,-1,0,0,0,0,-1,0,0,0,0,-1,0,0,0,0,-1,0,0,0,0,-1,0,0,0,0,-1,0,0,0,0,-1,0,0,0,0,205,221,237,0,3,187,180
680,184,fe,1,164,80,0,4,4,1,1056,0,1,0,0,0,1,0,1,192,80,128,0,65374,500,6225,3,0,1,0,0,1,0,0,13,64,1,1,0,1,192,32,128,0,0,0,0,0,0,0,0,0,0,0,0,0,0,0,0,0,0,0,0,184,40,20,0,1,184,55,20,-1,0,0,0,0,-1,0,0,0,0,-1,0,0,0,0,-1,0,0,0,0,-1,0,0,0,0,-1,0,0,0,0,-1,0,0,0,0,-1,0,0,0,0,-1,0,0,0,0,-1,0,0,0,0,206,222,238,0,3,188,180
681,185,fe,1,164,80,0,4,4,1,1056,0,1,0,0,0,1,0,1,192,80,128,0,65375,500,6224,3,0,1,0,0,1,0,0,13,64,1,1,0,1,192,33,0,0,0,0,0,0,0,0,0,0,0,0,0,0,0,0,0,0,0,0,0,184,41,19,0,1,184,56,19,-1,0,0,0,0,-1,0,0,0,0,-1,0,0,0,0,-1,0,0,0,0,-1,0,0,0,0,-1,0,0,0,0,-1,0,0,0,0,-1,0,0,0,0,-1,0,0,0,0,-1,0,0,0,0,207,223,239,0,3,189,180
682,186,fe,1,164,80,0,4,4,1,1056,0,1,0,0,0,1,0,1,192,80,128,0,65376,500,6223,3,0,1,0,0,1,0,0,13,64,1,1,0,1,192,33,128,0,0,0,0,0,0,0,0,0,0,0,0,0,0,0,0,0,0,0,0,184,41,18,0,1,184,56,18,-1,0,0,0,0,-1,0,0,0,0,-1,0,0,0,0,-1,0,0,0,0,-1,0,0,0,0,-1,0,0,0,0,-1,0,0,0,0,-1,0,0,0,0,-1,0,0,0,0,-1,0,0,0,0,208,224,240,0,3,190,180
683,187,fe,1,164,80,0,4,4,1,1056,0,1,0,0,0,1,0,1,192,80,128,0,65377,500,6222,3,0,1,0,0,1,0,0,13,64,1,1,0,1,192,34,0,0,0,0,0,0,0,0,0,0,0,0,0,0,0,0,0,0,0,0,0,184,42,17,0,1,184,57,17,-1,0,0,0,0,-1,0,0,0,0,-1,0,0,0,0,-1,0,0,0,0,-1,0,0,0,0,-1,0,0,0,0,-1,0,0,0,0,-1,0,0,0,0,-1,0,0,0,0,-1,0,0,0,0,209,225,241,0,3,191,180
684,188,fe,1,164,80,0,4,4,1,1056,0,1,0,0,0,1,0,1,192,80,128,0,65378,500,6221,3,0,1,0,0,1,0,0,12,64,1,1,0,1,192,34,128,0,0,0,0,0,0,0,0,0,0,0,0,0,0,0,0,0,0,0,0,184,42,16,0,1,184,57,16,-1,0,0,0,0,-1,0,0,0,0,-1,0,0,0,0,-1,0,0,0,0,-1,0,0,0,0,-1,0,0,0,0,-1,0,0,0,0,-1,0,0,0,0,-1,0,0,0,0,-1,0,0,0,0,210,226,242,0,3,192,180
685,189,fe,1,164,80,0,4,4,1,1056,0,1,0,0,0,1,0,1,192,80,128,0,65379,500,6220,3,0,1,0,0,1,0,0,12,64,1,1,0,1,192,35,0,0,0,0,0,0,0,0,0,0,0,0,0,0,0,0,0,0,0,0,0,184,43,15,0,1,184,58,15,-1,0,0,0,0,-1,0,0,0,0,-1,0,0,0,0,-1,0,0,0,0,-1,0,0,0,0,-1,0,0,0,0,-1,0,0,0,0,-1,0,0,0,0,-1,0,0,0,0,-1,0,0,0,0,211,227,243,0,3,193,180
686,190,fe,1,164,80,0,4,4,1,1056,0,1,0,0,0,1,0,1,192,80,128,0,65380,500,6219,3,0,1,0,0,1,0,0,12,64,1,1,0,1,192,35,128,0,0,0,0,0,0,0,0,0,0,0,0,0,0,0,0,0,0,0,0,184,43,14,0,1,184,58,14,-1,0,0,0,0,-1,0,0,0,0,-1,0,0,0,0,-1,0,0,0,0,-1,0,0,0,0,-1,0,0,0,0,-1,0,0,0,0,-1,0,0,0,0,-1,0,0,0,0,-1,0,0,0,0,212,228,244,0,3,194,180
687,191,fe,1,164,80,0,4,4,1,1056,0,1,0,0,0,1,0,1,192,80,128,0,65381,500,6218,3,0,1,0,0,1,0,0,12,64,1,1,0,1,192,36,0,0,0,0,0,0,0,0,0,0,0,0,0,0,0,0,0,0,0,0,0,184,44,13,0,1,184,59,13,-1,0,0,0,0,-1,0,0,0,0,-1,0,0,0,0,-1,0,0,0,0,-1,0,0,0,0,-1,0,0,0,0,-1,0,0,0,0,-1,0,0,0,0,-1,0,0,0,0,-1,0,0,0,0,213,229,245,0,3,195,180
688,192,fe,1,164,80,0,4,4,1,1056,0,1,0,0,0,1,0,1,192,80,128,0,65382,500,6217,3,0,1,0,0,1,0,0,11,64,1,1,0,1,192,36,128,0,0,0,0,0,0,0,0,0,0,0,0,0,0,0,0,0,0,0,0,184,44,12,0,1,184,59,12,-1,0,0,0,0,-1,0,0,0,0,-1,0,0,0,0,-1,0,0,0,0,-1,0,0,0,0,-1,0,0,0,0,-1,0,0,0,0,-1,0,0,0,0,-1,0,0,0,0,-1,0,0,0,0,214,230,246,0,3,196,180
689,193,fe,1,164,80,0,4,4,1,1056,0,1,0,0,0,1,0,1,192,80,128,0,65383,500,6216,3,0,1,0,0,1,0,0,11,64,1,1,0,1,192,37,0,0,0,0,0,0,0,0,0,0,0,0,0,0,0,0,0,0,0,0,0,184,45,11,0,1,184,60,11,-1,0,0,0,0,-1,0,0,0,0,-1,0,0,0,0,-1,0,0,0,0,-1,0,0,0,0,-1,0,0,0,0,-1,0,0,0,0,-1,0,0,0,0,-1,0,0,0,0,-1,0,0,0,0,215,231,247,0,3,197,180
690,194,fe,1,164,80,0,4,4,1,1056,0,1,0,0,0,1,0,1,192,80,128,0,65384,500,6215,3,0,1,0,0,1,0,0,11,64,1,1,0,1,192,37,128,0,0,0,0,0,0,0,0,0,0,0,0,0,0,0,0,0,0,0,0,184,45,10,0,1,184,60,10,-1,0,0,0,0,-1,0,0,0,0,-1,0,0,0,0,-1,0,0,0,0,-1,0,0,0,0,-1,0,0,0,0,-1,0,0,0,0,-1,0,0,0,0,-1,0,0,0,0,-1,0,0,0,0,216,232,248,0,3,198,180
691,195,fe,1,164,80,0,4,4,1,1056,0,1,0,0,0,1,0,1,192,80,128,0,65385,500,6214,3,0,1,0,0,1,0,0,11,64,1,1,0,1,192,38,0,0,0,0,0,0,0,0,0,0,0,0,0,0,0,0,0,0,0,0,0,184,46,9,0,1,184,61,9,-1,0,0,0,0,-1,0,0,0,0,-1,0,0,0,0,-1,0,0,0,0,-1,0,0,0,0,-1,0,0,0,0,-1,0,0,0,0,-1,0,0,0,0,-1,0,0,0,0,-1,0,0,0,0,217,233,249,0,3,199,180
692,196,fe,1,164,80,0,4,4,1,1056,0,1,0,0,0,1,0,1,192,80,128,0,65386,500,6213,3,0,1,0,0,1,0,0,10,64,1,1,0,1,192,38,128,0,0,0,0,0,0,0,0,0,0,0,0,0,0,0,0,0,0,0,0,184,46,8,0,1,184,61,8,-1,0,0,0,0,-1,0,0,0,0,-1,0,0,0,0,-1,0,0,0,0,-1,0,0,0,0,-1,0,0,0,0,-1,0,0,0,0,-1,0,0,0,0,-1,0,0,0,0,-1,0,0,0,0,218,234,250,0,3,200,180
693,197,fe,1,164,80,0,4,4,1,1056,0,1,0,0,0,1,0,1,192,80,128,0,65387,500,6212,3,0,1,0,0,1,0,0,10,64,1,1,0,1,192,39,0,0,0,0,0,0,0,0,0,0,0,0,0,0,0,0,0,0,0,0,0,184,47,7,0,1,184,62,7,-1,0,0,0,0,-1,0,0,0,0,-1,0,0,0,0,-1,0,0,0,0,-1,0,0,0,0,-1,0,0,0,0,-1,0,0,0,0,-1,0,0,0,0,-1,0,0,0,0,-1,0,0,0,0,219,235,251,0,3,201,180
694,198,fe,1,164,80,0,4,4,1,1056,0,1,0,0,0,1,0,1,192,80,128,0,65388,500,6211,3,0,1,0,0,1,0,0,10,64,1,1,0,1,192,39,128,0,0,0,0,0,0,0,0,0,0,0,0,0,0,0,0,0,0,0,0,184,47,6,0,1,184,62,6,-1,0,0,0,0,-1,0,0,0,0,-1,0,0,0,0,-1,0,0,0,0,-1,0,0,0,0,-1,0,0,0,0,-1,0,0,0,0,-1,0,0,0,0,-1,0,0,0,0,-1,0,0,0,0,220,236,252,0,3,202,180
695,199,fe,1,164,80,0,4,4,1,1056,0,1,0,0,0,1,0,1,192,80,128,0,65389,500,6210,3,0,1,0,0,1,0,0,10,64,1,1,0,1,192,40,0,0,0,0,0,0,0,0,0,0,0,0,0,0,0,0,0,0,0,0,0,184,48,5,0,1,184,63,5,-1,0,0,0,0,-1,0,0,0,0,-1,0,0,0,0,-1,0,0,0,0,-1,0,0,0,0,-1,0,0,0,0,-1,0,0,0,0,-1,0,0,0,0,-1,0,0,0,0,-1,0,0,0,0,221,237,253,0,3,203,180
696,200,fe,1,164,80,0,4,4,1,1056,0,1,0,0,0,1,0,1,192,80,128,0,65390,500,6209,3,0,1,0,0,1,0,0,9,64,1,1,0,1,192,40,128,0,0,0,0,0,0,0,0,0,0,0,0,0,0,0,0,0,0,0,0,184,48,4,0,1,184,63,4,-1,0,0,0,0,-1,0,0,0,0,-1,0,0,0,0,-1,0,0,0,0,-1,0,0,0,0,-1,0,0,0,0,-1,0,0,0,0,-1,0,0,0,0,-1,0,0,0,0,-1,0,0,0,0,222,238,254,0,3,204,180
697,201,fe,1,164,80,0,4,4,1,1056,0,1,0,0,0,1,0,1,192,80,128,0,65391,500,6208,3,0,1,0,0,1,0,0,9,64,1,1,0,1,192,41,0,0,0,0,0,0,0,0,0,0,0,0,0,0,0,0,0,0,0,0,0,184,49,3,0,1,184,64,3,-1,0,0,0,0,-1,0,0,0,0,-1,0,0,0,0,-1,0,0,0,0,-1,0,0,0,0,-1,0,0,0,0,-1,0,0,0,0,-1,0,0,0,0,-1,0,0,0,0,-1,0,0,0,0,223,239,255,0,3,205,180
698,202,fe,1,164,80,0,4,4,1,1056,0,1,0,0,0,1,0,1,192,80,128,0,65392,500,6207,3,0,1,0,0,1,0,0,9,64,1,1,0,1,192,41,128,0,0,0,0,0,0,0,0,0,0,0,0,0,0,0,0,0,0,0,0,184,49,2,0,1,184,64,2,-1,0,0,0,0,-1,0,0,0,0,-1,0,0,0,0,-1,0,0,0,0,-1,0,0,0,0,-1,0,0,0,0,-1,0,0,0,0,-1,0,0,0,0,-1,0,0,0,0,-1,0,0,0,0,224,240,0,0,3,206,180
699,203,fe,1,164,80,0,4,4,1,1056,0,1,0,0,0,1,0,1,192,80,128,0,65393,500,6206,3,0,1,0,0,1,0,0,9,64,1,1,0,1,192,42,0,0,0,0,0,0,0,0,0,0,0,0,0,0,0,0,0,0,0,0,0,184,50,1,0,1,184,65,1,-1,0,0,0,0,-1,0,0,0,0,-1,0,0,0,0,-1,0,0,0,0,-1,0,0,0,0,-1,0,0,0,0,-1,0,0,0,0,-1,0,0,0,0,-1,0,0,0,0,-1,0,0,0,0,225,241,1,0,3,207,180
700,204,fe,1,164,80,0,4,4,1,1056,0,1,0,0,0,1,0,1,192,80,128,0,65394,500,6205,3,0,1,0,0,1,0,0,8,64,1,1,0,1,192,42,128,0,0,0,0,0,0,0,0,0,0,0,0,0,0,0,0,0,0,-1,0,0,0,0,-1,0,0,0,0,-1,0,0,0,0,-1,0,0,0,0,-1,0,0,0,0,-1,0,0,0,0,-1,0,0,0,0,-1,0,0,0,0,-1,0,0,0,0,-1,0,0,0,0,-1,0,0,0,0,-1,0,0,0,0,226,242,2,0,3,208,180
701,205,fe,1,164,80,0,4,4,1,1056,0,1,0,0,0,1,0,1,192,80,128,0,65395,500,6204,3,0,1,0,0,1,0,0,8,64,1,1,0,1,192,43,0,0,0,0,0,0,0,0,0,0,0,0,0,0,0,0,0,0,0,-1,0,0,0,0,-1,0,0,0,0,-1,0,0,0,0,-1,0,0,0,0,-1,0,0,0,0,-1,0,0,0,0,-1,0,0,0,0,-1,0,0,0,0,-1,0,0,0,0,-1,0,0,0,0,-1,0,0,0,0,-1,0,0,0,0,227,243,3,0,3,209,180
702,206,fe,1,164,80,0,4,4,1,1056,0,1,0,0,0,1,0,1,192,80,128,0,65396,500,6203,3,0,1,0,0,1,0,0,8,64,1,1,0,1,192,43,128,0,0,0,0,0,0,0,0,0,0,0,0,0,0,0,0,0,0,-1,0,0,0,0,-1,0,0,0,0,-1,0,0,0,0,-1,0,0,0,0,-1,0,0,0,0,-1,0,0,0,0,-1,0,0,0,0,-1,0,0,0,0,-1,0,0,0,0,-1,0,0,0,0,-1,0,0,0,0,-1,0,0,0,0,228,244,4,0,3,210,180
703,207,fe,1,164,80,0,4,4,1,1056,0,1,0,0,0,1,0,1,192,80,128,0,65397,500,6202,3,0,1,0,0,1,0,0,8,64,1,1,0,1,192,44,0,0,0,0,0,0,0,0,0,0,0,0,0,0,0,0,0,0,0,-1,0,0,0,0,-1,0,0,0,0,-1,0,0,0,0,-1,0,0,0,0,-1,0,0,0,0,-1,0,0,0,0,-1,0,0,0,0,-1,0,0,0,0,-1,0,0,0,0,-1,0,0,0,0,-1,0,0,0,0,-1,0,0,0,0,229,245,5,0,3,211,180
704,208,fe,1,164,80,0,4,4,1,1056,0,1,0,0,0,1,0,1,192,80,128,0,65398,500,6201,3,0,1,0,0,1,0,0,7,64,1,1,0,1,192,44,128,0,0,0,0,0,0,0,0,0,0,0,0,0,0,0,0,0,0,-1,0,0,0,0,-1,0,0,0,0,-1,0,0,0,0,-1,0,0,0,0,-1,0,0,0,0,-1,0,0,0,0,-1,0,0,0,0,-1,0,0,0,0,-1,0,0,0,0,-1,0,0,0,0,-1,0,0,0,0,-1,0,0,0,0,230,246,6,0,3,212,180
705,209,fe,1,164,80,0,4,4,1,1056,0,1,0,0,0,1,0,1,192,80,128,0,65399,500,6200,3,0,1,0,0,1,0,0,7,64,1,1,0,1,192,45,0,0,0,0,0,0,0,0,0,0,0,0,0,0,0,0,0,0,0,-1,0,0,0,0,-1,0,0,0,0,-1,0,0,0,0,-1,0,0,0,0,-1,0,0,0,0,-1,0,0,0,0,-1,0,0,0,0,-1,0,0,0,0,-1,0,0,0,0,-1,0,0,0,0,-1,0,0,0,0,-1,0,0,0,0,231,247,7,0,3,213,180
706,210,fe,1,164,80,0,4,4,1,1056,0,1,0,0,0,1,0,1,192,80,128,0,65400,500,6199,3,0,1,0,0,1,0,0,7,64,1,1,0,1,192,45,128,0,0,0,0,0,0,0,0,0,0,0,0,0,0,0,0,0,0,-1,0,0,0,0,-1,0,0,0,0,-1,0,0,0,0,-1,0,0,0,0,-1,0,0,0,0,-1,0,0,0,0,-1,0,0,0,0,-1,0,0,0,0,-1,0,0,0,0,-1,0,0,0,0,-1,0,0,0,0,-1,0,0,0,0,232,248,8,0,3,214,180
707,211,fe,1,164,80,0,4,4,1,1056,0,1,0,0,0,1,0,1,192,80,128,0,65401,500,6198,3,0,1,0,0,1,0,0,7,64,1,1,0,1,192,46,0,0,0,0,0,0,0,0,0,0,0,0,0,0,0,0,0,0,0,-1,0,0,0,0,-1,0,0,0,0,-1,0,0,0,0,-1,0,0,0,0,-1,0,0,0,0,-1,0,0,0,0,-1,0,0,0,0,-1,0,0,0,0,-1,0,0,0,0,-1,0,0,0,0,-1,0,0,0,0,-1,0,0,0,0,233,249,9,0,3,215,180
708,212,fe,1,164,80,0,4,4,1,1056,0,1,0,0,0,1,0,1,192,80,128,0,65402,500,6197,3,0,1,0,0,1,0,0,6,64,1,1,0,1,192,46,128,0,0,0,0,0,0,0,0,0,0,0,0,0,0,0,0,0,0,-1,0,0,0,0,-1,0,0,0,0,-1,0,0,0,0,-1,0,0,0,0,-1,0,0,0,0,-1,0,0,0,0,-1,0,0,0,0,-1,0,0,0,0,-1,0,0,0,0,-1,0,0,0,0,-1,0,0,0,0,-1,0,0,0,0,234,250,10,0,3,216,180
709,213,fe,1,164,80,0,4,4,1,1056,0,1,0,0,0,1,0,1,192,80,128,0,65403,500,6196,3,0,1,0,0,1,0,0,6,64,1,1,0,1,192,47,0,0,0,0,0,0,0,0,0,0,0,0,0,0,0,0,0,0,0,-1,0,0,0,0,-1,0,0,0,0,-1,0,0,0,0,-1,0,0,0,0,-1,0,0,0,0,-1,0,0,0,0,-1,0,0,0,0,-1,0,0,0,0,-1,0,0,0,0,-1,0,0,0,0,-1,0,0,0,0,-1,0,0,0,0,235,251,11,0,3,217,180
710,214,fe,1,164,80,0,4,4,1,1056,0,1,0,0,0,1,0,1,192,80,128,0,65404,500,6195,3,0,1,0,0,1,0,0,6,64,1,1,0,1,192,47,128,0,0,0,0,0,0,0,0,0,0,0,0,0,0,0,0,0,0,-1,0,0,0,0,-1,0,0,0,0,-1,0,0,0,0,-1,0,0,0,0,-1,0,0,0,0,-1,0,0,0,0,-1,0,0,0,0,-1,0,0,0,0,-1,0,0,0,0,-1,0,0,0,0,-1,0,0,0,0,-1,0,0,0,0,236,252,12,0,3,218,180
711,215,fe,1,164,80,0,4,4,1,1056,0,1,0,0,0,1,0,1,192,80,128,0,65405,500,6194,3,0,1,0,0,1,0,0,6,64,1,1,0,1,192,48,0,0,0,0,0,0,0,0,0,0,0,0,0,0,0,0,0,0,0,-1,0,0,0,0,-1,0,0,0,0,-1,0,0,0,0,-1,0,0,0,0,-1,0,0,0,0,-1,0,0,0,0,-1,0,0,0,0,-1,0,0,0,0,-1,0,0,0,0,-1,0,0,0,0,-1,0,0,0,0,-1,0,0,0,0,237,253,13,0,3,219,180
712,216,fe,1,164,80,0,4,4,1,1056,0,1,0,0,0,1,0,1,192,80,128,0,65406,500,6193,3,0,1,0,0,1,0,0,5,64,1,1,0,1,192,48,128,0,0,0,0,0,0,0,0,0,0,0,0,0,0,0,0,0,0,-1,0,0,0,0,-1,0,0,0,0,-1,0,0,0,0,-1,0,0,0,0,-1,0,0,0,0,-1,0,0,0,0,-1,0,0,0,0,-1,0,0,0,0,-1,0,0,0,0,-1,0,0,0,0,-1,0,0,0,0,-1,0,0,0,0,238,254,14,0,3,220,180
713,217,fe,1,164,80,0,4,4,1,1056,0,1,0,0,0,1,0,1,192,80,128,0,65407,500,6192,3,0,1,0,0,1,0,0,5,64,1,1,0,1,192,49,0,0,0,0,0,0,0,0,0,0,0,0,0,0,0,0,0,0,0,-1,0,0,0,0,-1,0,0,0,0,-1,0,0,0,0,-1,0,0,0,0,-1,0,0,0,0,-1,0,0,0,0,-1,0,0,0,0,-1,0,0,0,0,-1,0,0,0,0,-1,0,0,0,0,-1,0,0,0,0,-1,0,0,0,0,239,255,15,0,3,221,180
714,218,fe,1,164,80,0,4,4,1,1056,0,1,0,0,0,1,0,1,192,80,128,0,65408,500,6191,3,0,1,0,0,1,0,0,5,64,1,1,0,1,192,49,128,0,0,0,0,0,0,0,0,0,0,0,0,0,0,0,0,0,0,-1,0,0,0,0,-1,0,0,0,0,-1,0,0,0,0,-1,0,0,0,0,-1,0,0,0,0,-1,0,0,0,0,-1,0,0,0,0,-1,0,0,0,0,-1,0,0,0,0,-1,0,0,0,0,-1,0,0,0,0,-1,0,0,0,0,240,0,16,0,3,222,180
715,219,fe,1,164,80,0,4,4,1,1056,0,1,0,0,0,1,0,1,192,80,128,0,65409,500,6190,3,0,1,0,0,1,0,0,5,64,1,1,0,1,192,50,0,0,0,0,0,0,0,0,0,0,0,0,0,0,0,0,0,0,0,-1,0,0,0,0,-1,0,0,0,0,-1,0,0,0,0,-1,0,0,0,0,-1,0,0,0,0,-1,0,0,0,0,-1,0,0,0,0,-1,0,0,0,0,-1,0,0,0,0,-1,0,0,0,0,-1,0,0,0,0,-1,0,0,0,0,241,1,17,0,3,223,180
716,220,fe,1,164,80,0,4,4,1,1056,0,1,0,0,0,1,0,1,192,80,128,0,65410,500,6189,3,0,1,0,0,1,0,0,4,64,1,1,0,1,192,50,128,0,0,0,0,0,0,0,0,0,0,0,0,0,0,0,0,0,0,-1,0,0,0,0,-1,0,0,0,0,-1,0,0,0,0,-1,0,0,0,0,-1,0,0,0,0,-1,0,0,0,0,-1,0,0,0,0,-1,0,0,0,0,-1,0,0,0,0,-1,0,0,0,0,-1,0,0,0,0,-1,0,0,0,0,242,2,18,0,3,224,180
717,221,fe,1,164,80,0,4,4,1,1056,0,1,0,0,0,1,0,1,192,80,128,0,65411,500,6188,3,0,1,0,0,1,0,0,4,64,1,1,0,1,192,51,0,0,0,0,0,0,0,0,0,0,0,0,0,0,0,0,0,0,0,-1,0,0,0,0,-1,0,0,0,0,-1,0,0,0,0,-1,0,0,0,0,-1,0,0,0,0,-1,0,0,0,0,-1,0,0,0,0,-1,0,0,0,0,-1,0,0,0,0,-1,0,0,0,0,-1,0,0,0,0,-1,0,0,0,0,243,3,19,0,3,225,180
718,222,fe,1,164,80,0,4,4,1,1056,0,1,0,0,0,1,0,1,192,80,128,0,65412,500,6187,3,0,1,0,0,1,0,0,4,64,1,1,0,1,192,51,128,0,0,0,0,0,0,0,0,0,0,0,0,0,0,0,0,0,0,-1,0,0,0,0,-1,0,0,0,0,-1,0,0,0,0,-1,0,0,0,0,-1,0,0,0,0,-1,0,0,0,0,-1,0,0,0,0,-1,0,0,0,0,-1,0,0,0,0,-1,0,0,0,0,-1,0,0,0,0,-1,0,0,0,0,244,4,20,0,3,226,180
719,223,fe,1,164,80,0,4,4,1,1056,0,1,0,0,0,1,0,1,192,80,128,0,65413,500,6186,3,0,1,0,0,1,0,0,4,64,1,1,0,1,192,52,0,0,0,0,0,0,0,0,0,0,0,0,0,0,0,0,0,0,0,-1,0,0,0,0,-1,0,0,0,0,-1,0,0,0,0,-1,0,0,0,0,-1,0,0,0,0,-1,0,0,0,0,-1,0,0,0,0,-1,0,0,0,0,-1,0,0,0,0,-1,0,0,0,0,-1,0,0,0,0,-1,0,0,0,0,245,5,21,0,3,227,180
720,224,fe,1,164,80,0,4,4,1,1056,0,1,0,0,0,1,0,1,192,80,128,0,65414,500,6185,3,0,1,0,0,1,0,0,3,64,1,1,0,1,192,52,128,0,0,0,0,0,0,0,0,0,0,0,0,0,0,0,0,0,0,-1,0,0,0,0,-1,0,0,0,0,-1,0,0,0,0,-1,0,0,0,0,-1,0,0,0,0,-1,0,0,0,0,-1,0,0,0,0,-1,0,0,0,0,-1,0,0,0,0,-1,0,0,0,0,-1,0,0,0,0,-1,0,0,0,0,246,6,22,0,3,228,180
721,225,fe,1,164,80,0,4,4,1,1056,0,1,0,0,0,1,0,1,192,80,128,0,65415,500,6184,3,0,1,0,0,1,0,0,3,64,1,1,0,1,192,53,0,0,0,0,0,0,0,0,0,0,0,0,0,0,0,0,0,0,0,-1,0,0,0,0,-1,0,0,0,0,-1,0,0,0,0,-1,0,0,0,0,-1,0,0,0,0,-1,0,0,0,0,-1,0,0,0,0,-1,0,0,0,0,-1,0,0,0,0,-1,0,0,0,0,-1,0,0,0,0,-1,0,0,0,0,247,7,23,0,3,229,180
722,226,fe,7,164,80,0,4,4,1,0,0,1,0,0,31,0,1,7,192,81,128,0,65415,500,6183,3,0,1,0,1,1,0,0,3,64,1,1,0,7,192,51,0,0,0,0,0,0,0,0,0,0,0,0,0,0,0,0,0,0,0,-1,0,0,0,0,-1,0,0,0,0,-1,0,0,0,0,-1,0,0,0,0,-1,0,0,0,0,-1,0,0,0,0,-1,0,0,0,0,-1,0,0,0,0,-1,0,0,0,0,-1,0,0,0,0,-1,0,0,0,0,-1,0,0,0,0,247,7,23,0,3,230,180
723,227,fe,7,164,80,0,4,4,1,0,0,1,0,0,30,0,1,7,192,82,128,0,65415,500,6182,3,0,1,0,1,1,0,0,3,64,1,1,0,7,192,49,0,0,0,0,0,0,0,0,0,0,0,0,0,0,0,0,0,0,0,-1,0,0,0,0,-1,0,0,0,0,-1,0,0,0,0,-1,0,0,0,0,-1,0,0,0,0,-1,0,0,0,0,-1,0,0,0,0,-1,0,0,0,0,-1,0,0,0,0,-1,0,0,0,0,-1,0,0,0,0,-1,0,0,0,0,247,7,23,0,3,231,180
724,228,fe,7,164,80,0,4,4,1,0,0,1,0,0,29,0,1,7,192,83,128,0,65415,500,6181,3,0,1,0,1,1,0,0,2,64,1,1,0,7,192,47,0,0,0,0,0,0,0,0,0,0,0,0,0,0,0,0,0,0,0,-1,0,0,0,0,-1,0,0,0,0,-1,0,0,0,0,-1,0,0,0,0,-1,0,0,0,0,-1,0,0,0,0,-1,0,0,0,0,-1,0,0,0,0,-1,0,0,0,0,-1,0,0,0,0,-1,0,0,0,0,-1,0,0,0,0,247,7,23,0,3,232,180
725,229,fe,7,164,80,0,4,4,1,0,0,1,0,0,28,0,1,7,192,84,128,0,65415,500,6180,3,0,1,0,1,1,0,0,2,64,1,1,0,7,192,45,0,0,0,0,0,0,0,0,0,0,0,0,0,0,0,0,0,0,0,-1,0,0,0,0,-1,0,0,0,0,-1,0,0,0,0,-1,0,0,0,0,-1,0,0,0,0,-1,0,0,0,0,-1,0,0,0,0,-1,0,0,0,0,-1,0,0,0,0,-1,0,0,0,0,-1,0,0,0,0,-1,0,0,0,0,247,7,23,0,3,233,180
726,230,fe,7,164,80,0,4,4,1,0,0,1,0,0,27,0,1,7,192,85,128,0,65415,500,6179,3,0,1,0,1,1,0,0,2,64,1,1,0,7,192,43,0,0,0,0,0,0,0,0,0,0,0,0,0,0,0,0,0,0,0,-1,0,0,0,0,-1,0,0,0,0,-1,0,0,0,0,-1,0,0,0,0,-1,0,0,0,0,-1,0,0,0,0,-1,0,0,0,0,-1,0,0,0,0,-1,0,0,0,0,-1,0,0,0,0,-1,0,0,0,0,-1,0,0,0,0,247,7,23,0,3,234,180
727,231,fe,7,164,80,0,4,4,1,0,0,1,0,0,26,0,1,7,192,86,128,0,65415,500,6178,3,0,1,0,1,1,0,0,2,64,1,1,0,7,192,41,0,0,0,0,0,0,0,0,0,0,0,0,0,0,0,0,0,0,0,-1,0,0,0,0,-1,0,0,0,0,-1,0,0,0,0,-1,0,0,0,0,-1,0,0,0,0,-1,0,0,0,0,-1,0,0,0,0,-1,0,0,0,0,-1,0,0,0,0,-1,0,0,0,0,-1,0,0,0,0,-1,0,0,0,0,247,7,23,0,3,235,180
728,232,fe,7,164,80,0,4,4,1,0,0,1,0,0,25,0,1,7,192,87,128,0,65415,500,6177,3,0,1,0,1,1,0,0,1,64,1,1,0,7,192,39,0,0,0,0,0,0,0,0,0,0,0,0,0,0,0,0,0,0,0,-1,0,0,0,0,-1,0,0,0,0,-1,0,0,0,0,-1,0,0,0,0,-1,0,0,0,0,-1,0,0,0,0,-1,0,0,0,0,-1,0,0,0,0,-1,0,0,0,0,-1,0,0,0,0,-1,0,0,0,0,-1,0,0,0,0,247,7,23,0,3,236,180
729,233,fe,7,164,80,0,4,4,1,0,0,1,0,0,24,0,1,7,192,88,128,0,65415,500,6176,3,0,1,0,1,1,0,0,1,64,1,1,0,7,192,37,0,0,0,0,0,0,0,0,0,0,0,0,0,0,0,0,0,0,0,-1,0,0,0,0,-1,0,0,0,0,-1,0,0,0,0,-1,0,0,0,0,-1,0,0,0,0,-1,0,0,0,0,-1,0,0,0,0,-1,0,0,0,0,-1,0,0,0,0,-1,0,0,0,0,-1,0,0,0,0,-1,0,0,0,0,247,7,23,0,3,237,180
730,234,fe,7,164,80,0,4,4,1,0,0,1,0,0,23,0,1,7,192,89,128,0,65415,500,6175,3,0,1,0,1,1,0,0,1,64,1,1,0,7,192,35,0,0,0,0,0,0,0,0,0,0,0,0,0,0,0,0,0,0,0,-1,0,0,0,0,-1,0,0,0,0,-1,0,0,0,0,-1,0,0,0,0,-1,0,0,0,0,-1,0,0,0,0,-1,0,0,0,0,-1,0,0,0,0,-1,0,0,0,0,-1,0,0,0,0,-1,0,0,0,0,-1,0,0,0,0,247,7,23,0,3,238,180
731,235,fe,7,164,80,0,4,4,1,0,0,1,0,0,22,0,1,7,192,90,128,0,65415,500,6174,3,0,1,0,1,1,0,0,1,64,1,1,0,7,192,33,0,0,0,0,0,0,0,0,0,0,0,0,0,0,0,0,0,0,0,-1,0,0,0,0,-1,0,0,0,0,-1,0,0,0,0,-1,0,0,0,0,-1,0,0,0,0,-1,0,0,0,0,-1,0,0,0,0,-1,0,0,0,0,-1,0,0,0,0,-1,0,0,0,0,-1,0,0,0,0,-1,0,0,0,0,247,7,23,0,3,239,180
732,236,fe,7,164,80,0,4,4,1,0,0,1,0,0,21,0,1,7,192,91,128,0,65415,500,6173,3,0,1,0,1,1,0,0,0,64,1,1,0,7,192,31,0,0,0,0,0,0,0,0,0,0,0,0,0,0,0,0,0,0,0,-1,0,0,0,0,-1,0,0,0,0,-1,0,0,0,0,-1,0,0,0,0,-1,0,0,0,0,-1,0,0,0,0,-1,0,0,0,0,-1,0,0,0,0,-1,0,0,0,0,-1,0,0,0,0,-1,0,0,0,0,-1,0,0,0,0,247,7,23,0,3,240,180
733,237,fe,7,164,80,0,4,4,1,0,0,1,0,0,20,0,1,7,192,92,128,0,65415,500,6172,3,0,1,0,1,1,0,0,0,64,1,1,0,7,192,29,0,0,0,0,0,0,0,0,0,0,0,0,0,0,0,0,0,0,0,-1,0,0,0,0,-1,0,0,0,0,-1,0,0,0,0,-1,0,0,0,0,-1,0,0,0,0,-1,0,0,0,0,-1,0,0,0,0,-1,0,0,0,0,-1,0,0,0,0,-1,0,0,0,0,-1,0,0,0,0,-1,0,0,0,0,247,7,23,0,3,241,180
734,238,fe,7,164,80,0,4,4,1,0,0,1,0,0,19,0,1,7,192,93,128,0,65415,500,6171,3,0,1,0,1,1,0,0,0,64,1,1,0,7,192,27,0,0,0,0,0,0,0,0,0,0,0,0,0,0,0,0,0,0,0,-1,0,0,0,0,-1,0,0,0,0,-1,0,0,0,0,-1,0,0,0,0,-1,0,0,0,0,-1,0,0,0,0,-1,0,0,0,0,-1,0,0,0,0,-1,0,0,0,0,-1,0,0,0,0,-1,0,0,0,0,-1,0,0,0,0,247,7,23,0,3,242,180
735,239,fe,7,164,80,0,4,4,1,0,0,1,0,0,18,0,1,7,192,94,128,0,65415,500,6170,3,0,1,0,1,1,0,0,0,64,1,1,0,7,192,25,0,0,0,0,0,0,0,0,0,0,0,0,0,0,0,0,0,0,0,-1,0,0,0,0,-1,0,0,0,0,-1,0,0,0,0,-1,0,0,0,0,-1,0,0,0,0,-1,0,0,0,0,-1,0,0,0,0,-1,0,0,0,0,-1,0,0,0,0,-1,0,0,0,0,-1,0,0,0,0,-1,0,0,0,0,247,7,23,0,3,243,180
736,240,fe,7,164,80,0,4,4,1,0,0,1,0,0,17,0,1,7,192,95,128,0,65415,500,6169,3,0,1,0,1,1,0,0,0,64,1,1,0,7,192,23,0,0,0,0,0,0,0,0,0,0,0,0,0,0,0,0,0,0,0,-1,0,0,0,0,-1,0,0,0,0,-1,0,0,0,0,-1,0,0,0,0,-1,0,0,0,0,-1,0,0,0,0,-1,0,0,0,0,-1,0,0,0,0,-1,0,0,0,0,-1,0,0,0,0,-1,0,0,0,0,-1,0,0,0,0,247,7,23,0,3,244,180
737,241,fe,7,164,80,0,4,4,1,0,0,1,0,0,16,0,1,7,192,96,128,0,65415,500,6168,3,0,1,0,1,1,0,0,0,64,1,1,0,7,192,21,0,0,0,0,0,0,0,0,0,0,0,0,0,0,0,0,0,0,0,-1,0,0,0,0,-1,0,0,0,0,-1,0,0,0,0,-1,0,0,0,0,-1,0,0,0,0,-1,0,0,0,0,-1,0,0,0,0,-1,0,0,0,0,-1,0,0,0,0,-1,0,0,0,0,-1,0,0,0,0,-1,0,0,0,0,247,7,23,0,3,245,180
738,242,fe,7,164,80,0,4,4,1,0,0,1,0,0,15,0,1,7,192,97,128,0,65415,500,6167,3,0,1,0,1,1,0,0,0,64,1,1,0,7,192,19,0,0,0,0,0,0,0,0,0,0,0,0,0,0,0,0,0,0,0,-1,0,0,0,0,-1,0,0,0,0,-1,0,0,0,0,-1,0,0,0,0,-1,0,0,0,0,-1,0,0,0,0,-1,0,0,0,0,-1,0,0,0,0,-1,0,0,0,0,-1,0,0,0,0,-1,0,0,0,0,-1,0,0,0,0,247,7,23,0,3,246,180
739,243,fe,7,164,80,0,4,4,1,0,0,1,0,0,14,0,1,7,192,98,128,0,65415,500,6166,3,0,1,0,1,1,0,0,0,64,1,1,0,7,192,17,0,0,0,0,0,0,0,0,0,0,0,0,0,0,0,0,0,0,0,-1,0,0,0,0,-1,0,0,0,0,-1,0,0,0,0,-1,0,0,0,0,-1,0,0,0,0,-1,0,0,0,0,-1,0,0,0,0,-1,0,0,0,0,-1,0,0,0,0,-1,0,0,0,0,-1,0,0,0,0,-1,0,0,0,0,247,7,23,0,3,247,180
740,244,fe,7,164,80,0,4,4,1,0,0,1,0,0,13,0,1,7,192,99,128,0,65415,500,6165,3,0,1,0,1,1,0,0,0,64,1,1,0,7,192,15,0,0,0,0,0,0,0,0,0,0,0,0,0,0,0,0,0,0,0,-1,0,0,0,0,-1,0,0,0,0,-1,0,0,0,0,-1,0,0,0,0,-1,0,0,0,0,-1,0,0,0,0,-1,0,0,0,0,-1,0,0,0,0,-1,0,0,0,0,-1,0,0,0,0,-1,0,0,0,0,-1,0,0,0,0,247,7,23,0,3,248,180
741,245,fe,7,164,80,0,4,4,1,0,0,1,0,0,12,0,1,7,192,100,128,0,65415,500,6164,3,0,1,0,1,1,0,0,0,64,1,1,0,7,192,13,0,0,0,0,0,0,0,0,0,0,0,0,0,0,0,0,0,0,0,-1,0,0,0,0,-1,0,0,0,0,-1,0,0,0,0,-1,0,0,0,0,-1,0,0,0,0,-1,0,0,0,0,-1,0,0,0,0,-1,0,0,0,0,-1,0,0,0,0,-1,0,0,0,0,-1,0,0,0,0,-1,0,0,0,0,247,7,23,0,3,249,180
742,246,fe,7,164,80,0,4,4,1,0,0,1,0,0,11,0,1,7,192,101,128,0,65415,500,6163,3,0,1,0,1,1,0,0,0,64,1,1,0,7,192,11,0,0,0,0,0,0,0,0,0,0,0,0,0,0,0,0,0,0,0,-1,0,0,0,0,-1,0,0,0,0,-1,0,0,0,0,-1,0,0,0,0,-1,0,0,0,0,-1,0,0,0,0,-1,0,0,0,0,-1,0,0,0,0,-1,0,0,0,0,-1,0,0,0,0,-1,0,0,0,0,-1,0,0,0,0,247,7,23,0,3,250,180
743,247,fe,7,164,80,0,4,4,1,0,0,1,0,0,10,0,1,7,192,102,128,0,65415,500,6162,3,0,1,0,1,1,0,0,0,64,1,1,0,7,192,9,0,0,0,0,0,0,0,0,0,0,0,0,0,0,0,0,0,0,0,-1,0,0,0,0,-1,0,0,0,0,-1,0,0,0,0,-1,0,0,0,0,-1,0,0,0,0,-1,0,0,0,0,-1,0,0,0,0,-1,0,0,0,0,-1,0,0,0,0,-1,0,0,0,0,-1,0,0,0,0,-1,0,0,0,0,247,7,23,0,3,251,180
744,248,fe,7,164,80,0,4,4,1,0,0,1,0,0,9,0,1,7,192,103,128,0,65415,500,6161,3,0,1,0,1,1,0,0,0,64,1,1,0,7,192,7,0,0,0,0,0,0,0,0,0,0,0,0,0,0,0,0,0,0,0,-1,0,0,0,0,-1,0,0,0,0,-1,0,0,0,0,-1,0,0,0,0,-1,0,0,0,0,-1,0,0,0,0,-1,0,0,0,0,-1,0,0,0,0,-1,0,0,0,0,-1,0,0,0,0,-1,0,0,0,0,-1,0,0,0,0,247,7,23,0,3,252,180
745,249,fe,7,164,80,0,4,4,1,0,0,1,0,0,8,0,1,7,192,104,128,0,65415,500,6160,3,0,1,0,1,1,0,0,0,64,1,1,0,7,192,5,0,0,0,0,0,0,0,0,0,0,0,0,0,0,0,0,0,0,0,-1,0,0,0,0,-1,0,0,0,0,-1,0,0,0,0,-1,0,0,0,0,-1,0,0,0,0,-1,0,0,0,0,-1,0,0,0,0,-1,0,0,0,0,-1,0,0,0,0,-1,0,0,0,0,-1,0,0,0,0,-1,0,0,0,0,247,7,23,0,3,253,180
746,250,fe,7,164,80,0,4,4,1,0,0,1,0,0,7,0,1,7,192,105,128,0,65415,500,6159,3,0,1,0,1,1,0,0,0,64,1,1,0,7,192,3,0,0,0,0,0,0,0,0,0,0,0,0,0,0,0,0,0,0,0,-1,0,0,0,0,-1,0,0,0,0,-1,0,0,0,0,-1,0,0,0,0,-1,0,0,0,0,-1,0,0,0,0,-1,0,0,0,0,-1,0,0,0,0,-1,0,0,0,0,-1,0,0,0,0,-1,0,0,0,0,-1,0,0,0,0,247,7,23,0,3,254,180
747,251,fe,7,164,80,0,4,4,1,0,0,1,0,0,6,0,1,7,192,106,128,0,65415,500,6158,3,0,1,0,1,1,0,0,0,64,1,1,0,7,192,1,0,0,0,0,0,0,0,0,0,0,0,0,0,0,0,0,0,0,0,-1,0,0,0,0,-1,0,0,0,0,-1,0,0,0,0,-1,0,0,0,0,-1,0,0,0,0,-1,0,0,0,0,-1,0,0,0,0,-1,0,0,0,0,-1,0,0,0,0,-1,0,0,0,0,-1,0,0,0,0,-1,0,0,0,0,247,7,23,0,3,255,180
748,252,fe,7,164,80,0,4,4,1,0,0,1,0,0,5,0,1,7,192,107,128,0,65415,500,6157,3,0,1,0,1,1,0,0,0,64,1,1,0,7,192,255,0,0,0,0,0,0,0,0,0,0,0,0,0,0,0,0,0,0,0,-1,0,0,0,0,-1,0,0,0,0,-1,0,0,0,0,-1,0,0,0,0,-1,0,0,0,0,-1,0,0,0,0,-1,0,0,0,0,-1,0,0,0,0,-1,0,0,0,0,-1,0,0,0,0,-1,0,0,0,0,-1,0,0,0,0,247,7,23,0,3,0,180
749,253,fe,7,164,80,0,4,4,1,0,0,1,0,0,4,0,1,7,192,108,128,0,65415,500,6156,3,0,1,0,1,1,0,0,0,64,1,1,0,7,192,253,0,0,0,0,0,0,0,0,0,0,0,0,0,0,0,0,0,0,0,-1,0,0,0,0,-1,0,0,0,0,-1,0,0,0,0,-1,0,0,0,0,-1,0,0,0,0,-1,0,0,0,0,-1,0,0,0,0,-1,0,0,0,0,-1,0,0,0,0,-1,0,0,0,0,-1,0,0,0,0,-1,0,0,0,0,247,7,23,0,3,1,180
750,254,fe,7,164,80,0,4,4,1,0,0,1,0,0,3,0,1,7,192,109,128,0,65415,500,6155,3,0,1,0,1,1,0,0,0,64,1,1,0,7,192,251,0,0,0,0,0,0,0,0,0,0,0,0,0,0,0,0,0,0,0,-1,0,0,0,0,-1,0,0,0,0,-1,0,0,0,0,-1,0,0,0,0,-1,0,0,0,0,-1,0,0,0,0,-1,0,0,0,0,-1,0,0,0,0,-1,0,0,0,0,-1,0,0,0,0,-1,0,0,0,0,-1,0,0,0,0,247,7,23,0,3,2,180
751,255,fe,7,164,80,0,4,4,1,0,0,1,0,0,2,0,1,7,192,110,128,0,65415,500,6154,3,0,1,0,1,1,0,0,0,64,1,1,0,7,192,249,0,0,0,0,0,0,0,0,0,0,0,0,0,0,0,0,0,0,0,-1,0,0,0,0,-1,0,0,0,0,-1,0,0,0,0,-1,0,0,0,0,-1,0,0,0,0,-1,0,0,0,0,-1,0,0,0,0,-1,0,0,0,0,-1,0,0,0,0,-1,0,0,0,0,-1,0,0,0,0,-1,0,0,0,0,247,7,23,0,3,3,180
752,256,fe,7,164,80,0,4,4,1,0,0,1,0,0,1,0,1,7,192,111,128,0,65415,500,6153,3,0,1,0,1,1,0,0,0,64,1,1,0,7,192,247,0,0,0,0,0,0,0,0,0,0,0,0,0,0,0,0,0,0,0,-1,0,0,0,0,-1,0,0,0,0,-1,0,0,0,0,-1,0,0,0,0,-1,0,0,0,0,-1,0,0,0,0,-1,0,0,0,0,-1,0,0,0,0,-1,0,0,0,0,-1,0,0,0,0,-1,0,0,0,0,-1,0,0,0,0,247,7,23,0,3,4,180
753,257,fe,7,164,80,0,4,4,1,0,0,1,0,0,0,0,1,7,192,112,128,0,65415,500,6152,3,0,1,0,1,1,0,0,0,64,1,1,0,7,192,245,0,0,0,0,0,0,0,0,0,0,0,0,0,0,0,0,0,0,0,-1,0,0,0,0,-1,0,0,0,0,-1,0,0,0,0,-1,0,0,0,0,-1,0,0,0,0,-1,0,0,0,0,-1,0,0,0,0,-1,0,0,0,0,-1,0,0,0,0,-1,0,0,0,0,-1,0,0,0,0,-1,0,0,0,0,247,7,23,0,3,5,180
754,258,fe,7,164,80,0,4,4,1,32,0,1,0,0,0,0,1,7,192,113,128,0,65415,500,6151,3,0,1,0,1,1,0,0,0,64,1,1,0,7,192,243,0,0,0,0,0,0,0,0,0,0,0,0,0,0,0,0,0,0,0,-1,0,0,0,0,-1,0,0,0,0,-1,0,0,0,0,-1,0,0,0,0,-1,0,0,0,0,-1,0,0,0,0,-1,0,0,0,0,-1,0,0,0,0,-1,0,0,0,0,-1,0,0,0,0,-1,0,0,0,0,-1,0,0,0,0,247,7,23,0,3,6,180
755,259,fe,7,164,80,0,4,4,1,64,0,1,0,0,0,0,1,7,192,114,128,0,65415,500,6150,3,0,1,0,1,1,0,0,0,64,1,0,0,0,0,0,0,0,0,0,0,0,0,0,0,0,0,0,0,0,0,0,0,0,0,-1,0,0,0,0,-1,0,0,0,0,-1,0,0,0,0,-1,0,0,0,0,-1,0,0,0,0,-1,0,0,0,0,-1,0,0,0,0,-1,0,0,0,0,-1,0,0,0,0,-1,0,0,0,0,-1,0,0,0,0,-1,0,0,0,0,247,7,23,0,3,7,180
756,260,fe,7,164,80,0,4,4,1,96,0,1,0,0,0,0,1,7,192,115,128,0,65415,500,6149,3,0,1,0,1,1,0,0,0,64,1,0,0,0,0,0,0,0,0,0,0,0,0,0,0,0,0,0,0,0,0,0,0,0,0,-1,0,0,0,0,-1,0,0,0,0,-1,0,0,0,0,-1,0,0,0,0,-1,0,0,0,0,-1,0,0,0,0,-1,0,0,0,0,-1,0,0,0,0,-1,0,0,0,0,-1,0,0,0,0,-1,0,0,0,0,-1,0,0,0,0,247,7,23,0,3,8,180
757,261,fe,7,164,80,0,4,4,1,128,0,1,0,0,0,0,1,7,192,116,128,0,65415,500,6148,3,0,1,0,1,1,0,0,0,64,1,0,0,0,0,0,0,0,0,0,0,0,0,0,0,0,0,0,0,0,0,0,0,0,0,-1,0,0,0,0,-1,0,0,0,0,-1,0,0,0,0,-1,0,0,0,0,-1,0,0,0,0,-1,0,0,0,0,-1,0,0,0,0,-1,0,0,0,0,-1,0,0,0,0,-1,0,0,0,0,-1,0,0,0,0,-1,0,0,0,0,247,7,23,0,3,9,180
758,262,fe,7,164,80,0,4,4,1,160,0,1,0,0,0,0,1,7,192,117,128,0,65415,500,6147,3,0,1,0,1,1,0,0,0,64,1,0,0,0,0,0,0,0,0,0,0,0,0,0,0,0,0,0,0,0,0,0,0,0,0,-1,0,0,0,0,-1,0,0,0,0,-1,0,0,0,0,-1,0,0,0,0,-1,0,0,0,0,-1,0,0,0,0,-1,0,0,0,0,-1,0,0,0,0,-1,0,0,0,0,-1,0,0,0,0,-1,0,0,0,0,-1,0,0,0,0,247,7,23,0,3,10,180
759,263,fe,7,164,80,0,4,4,1,192,0,1,0,0,0,0,1,7,192,118,128,0,65415,500,6146,3,0,1,0,1,1,0,0,0,64,1,0,0,0,0,0,0,0,0,0,0,0,0,0,0,0,0,0,0,0,0,0,0,0,0,-1,0,0,0,0,-1,0,0,0,0,-1,0,0,0,0,-1,0,0,0,0,-1,0,0,0,0,-1,0,0,0,0,-1,0,0,0,0,-1,0,0,0,0,-1,0,0,0,0,-1,0,0,0,0,-1,0,0,0,0,-1,0,0,0,0,247,7,23,0,3,11,180
760,264,fe,7,164,80,0,4,4,1,224,0,1,0,0,0,0,1,7,192,119,128,0,65415,500,6145,3,0,1,0,1,1,0,0,0,64,1,0,0,0,0,0,0,0,0,0,0,0,0,0,0,0,0,0,0,0,0,0,0,0,0,-1,0,0,0,0,-1,0,0,0,0,-1,0,0,0,0,-1,0,0,0,0,-1,0,0,0,0,-1,0,0,0,0,-1,0,0,0,0,-1,0,0,0,0,-1,0,0,0,0,-1,0,0,0,0,-1,0,0,0,0,-1,0,0,0,0,247,7,23,0,3,12,180
761,265,fe,7,165,80,0,4,4,1,256,0,1,0,0,0,0,1,7,192,120,128,0,65415,500,6144,3,0,1,0,1,1,0,0,0,64,1,0,0,0,0,0,0,0,0,0,0,0,0,0,0,0,0,0,0,0,0,0,0,0,0,-1,0,0,0,0,-1,0,0,0,0,-1,0,0,0,0,-1,0,0,0,0,-1,0,0,0,0,-1,0,0,0,0,-1,0,0,0,0,-1,0,0,0,0,-1,0,0,0,0,-1,0,0,0,0,-1,0,0,0,0,-1,0,0,0,0,247,7,23,0,3,13,180
762,266,fe,7,166,80,0,4,4,1,288,0,1,0,0,0,0,1,7,192,121,128,0,65415,500,6143,3,0,1,0,1,1,0,0,0,64,1,0,0,0,0,0,0,0,0,0,0,0,0,0,0,0,0,0,0,0,0,0,0,0,0,-1,0,0,0,0,-1,0,0,0,0,-1,0,0,0,0,-1,0,0,0,0,-1,0,0,0,0,-1,0,0,0,0,-1,0,0,0,0,-1,0,0,0,0,-1,0,0,0,0,-1,0,0,0,0,-1,0,0,0,0,-1,0,0,0,0,247,7,23,0,3,14,180
763,267,fe,7,167,80,0,4,4,1,320,0,1,0,0,0,0,1,7,192,122,128,0,65415,500,6142,3,0,1,0,1,1,0,0,0,64,1,0,0,0,0,0,0,0,0,0,0,0,0,0,0,0,0,0,0,0,0,0,0,0,0,-1,0,0,0,0,-1,0,0,0,0,-1,0,0,0,0,-1,0,0,0,0,-1,0,0,0,0,-1,0,0,0,0,-1,0,0,0,0,-1,0,0,0,0,-1,0,0,0,0,-1,0,0,0,0,-1,0,0,0,0,-1,0,0,0,0,247,7,23,0,3,15,180
764,268,fe,7,168,80,0,4,4,1,352,0,1,0,0,0,0,1,7,192,123,128,0,65415,500,6141,3,0,1,0,1,1,0,0,0,64,1,0,0,0,0,0,0,0,0,0,0,0,0,0,0,0,0,0,0,0,0,0,0,0,0,-1,0,0,0,0,-1,0,0,0,0,-1,0,0,0,0,-1,0,0,0,0,-1,0,0,0,0,-1,0,0,0,0,-1,0,0,0,0,-1,0,0,0,0,-1,0,0,0,0,-1,0,0,0,0,-1,0,0,0,0,-1,0,0,0,0,247,7,23,0,3,16,180
765,269,fe,7,169,80,0,4,4,1,384,0,1,0,0,0,0,1,7,192,124,128,0,65415,500,6140,3,0,1,0,1,1,0,0,0,64,1,0,0,0,0,0,0,0,0,0,0,0,0,0,0,0,0,0,0,0,0,0,0,0,0,-1,0,0,0,0,-1,0,0,0,0,-1,0,0,0,0,-1,0,0,0,0,-1,0,0,0,0,-1,0,0,0,0,-1,0,0,0,0,-1,0,0,0,0,-1,0,0,0,0,-1,0,0,0,0,-1,0,0,0,0,-1,0,0,0,0,247,7,23,0,3,17,180
766,270,fe,7,170,80,0,4,4,1,416,0,1,0,0,0,0,1,7,192,125,128,0,65415,500,6139,3,0,1,0,1,1,0,0,0,64,1,0,0,0,0,0,0,0,0,0,0,0,0,0,0,0,0,0,0,0,0,0,0,0,0,-1,0,0,0,0,-1,0,0,0,0,-1,0,0,0,0,-1,0,0,0,0,-1,0,0,0,0,-1,0,0,0,0,-1,0,0,0,0,-1,0,0,0,0,-1,0,0,0,0,-1,0,0,0,0,-1,0,0,0,0,-1,0,0,0,0,247,7,23,0,3,18,180
767,271,fe,7,171,80,0,4,4,1,448,0,1,0,0,0,0,1,7,192,126,128,0,65415,500,6138,3,0,1,0,1,1,0,0,0,64,1,0,0,0,0,0,0,0,0,0,0,0,0,0,0,0,0,0,0,0,0,0,0,0,0,-1,0,0,0,0,-1,0,0,0,0,-1,0,0,0,0,-1,0,0,0,0,-1,0,0,0,0,-1,0,0,0,0,-1,0,0,0,0,-1,0,0,0,0,-1,0,0,0,0,-1,0,0,0,0,-1,0,0,0,0,-1,0,0,0,0,247,7,23,0,3,19,180
768,272,fe,7,172,80,0,4,4,1,480,0,1,0,0,0,0,1,7,192,127,128,0,65415,500,6137,3,0,1,0,1,1,0,0,0,64,1,0,0,0,0,0,0,0,0,0,0,0,0,0,0,0,0,0,0,0,0,0,0,0,0,-1,0,0,0,0,-1,0,0,0,0,-1,0,0,0,0,-1,0,0,0,0,-1,0,0,0,0,-1,0,0,0,0,-1,0,0,0,0,-1,0,0,0,0,-1,0,0,0,0,-1,0,0,0,0,-1,0,0,0,0,-1,0,0,0,0,247,7,23,0,3,20,180
769,273,fe,7,174,80,0,4,4,1,512,0,1,0,0,0,0,1,7,192,128,128,0,65415,500,6136,3,0,1,0,1,1,0,0,0,64,1,0,0,0,0,0,0,0,0,0,0,0,0,0,0,0,0,0,0,0,0,0,0,0,0,-1,0,0,0,0,-1,0,0,0,0,-1,0,0,0,0,-1,0,0,0,0,-1,0,0,0,0,-1,0,0,0,0,-1,0,0,0,0,-1,0,0,0,0,-1,0,0,0,0,-1,0,0,0,0,-1,0,0,0,0,-1,0,0,0,0,247,7,23,0,3,21,180
770,274,fe,7,176,80,0,4,4,1,544,0,1,0,0,0,0,1,7,192,129,128,0,65415,500,6135,3,0,1,0,1,1,0,0,0,64,1,0,0,0,0,0,0,0,0,0,0,0,0,0,0,0,0,0,0,0,0,0,0,0,0,-1,0,0,0,0,-1,0,0,0,0,-1,0,0,0,0,-1,0,0,0,0,-1,0,0,0,0,-1,0,0,0,0,-1,0,0,0,0,-1,0,0,0,0,-1,0,0,0,0,-1,0,0,0,0,-1,0,0,0,0,-1,0,0,0,0,247,7,23,0,3,22,180
771,275,fe,7,178,80,0,4,4,1,576,0,1,0,0,0,0,1,7,192,130,128,0,65415,500,6134,3,0,1,0,1,1,0,0,0,64,1,0,0,0,0,0,0,0,0,0,0,0,0,0,0,0,0,0,0,0,0,0,0,0,0,-1,0,0,0,0,-1,0,0,0,0,-1,0,0,0,0,-1,0,0,0,0,-1,0,0,0,0,-1,0,0,0,0,-1,0,0,0,0,-1,0,0,0,0,-1,0,0,0,0,-1,0,0,0,0,-1,0,0,0,0,-1,0,0,0,0,247,7,23,0,3,23,180
772,276,fe,7,180,80,0,4,4,1,608,0,1,0,0,0,0,1,7,192,131,128,0,65415,500,6133,3,0,1,0,1,1,0,0,0,64,1,0,0,0,0,0,0,0,0,0,0,0,0,0,0,0,0,0,0,0,0,0,0,0,0,-1,0,0,0,0,-1,0,0,0,0,-1,0,0,0,0,-1,0,0,0,0,-1,0,0,0,0,-1,0,0,0,0,-1,0,0,0,0,-1,0,0,0,0,-1,0,0,0,0,-1,0,0,0,0,-1,0,0,0,0,-1,0,0,0,0,247,7,23,0,3,24,180
773,277,fe,7,182,80,0,4,4,1,640,0,1,0,0,0,0,1,7,192,132,128,0,65415,500,6132,3,0,1,0,1,1,0,0,0,64,1,0,0,0,0,0,0,0,0,0,0,0,0,0,0,0,0,0,0,0,0,0,0,0,0,-1,0,0,0,0,-1,0,0,0,0,-1,0,0,0,0,-1,0,0,0,0,-1,0,0,0,0,-1,0,0,0,0,-1,0,0,0,0,-1,0,0,0,0,-1,0,0,0,0,-1,0,0,0,0,-1,0,0,0,0,-1,0,0,0,0,247,7,23,0,3,25,180
774,278,fe,7,184,80,0,4,4,1,672,0,1,0,0,0,0,1,7,192,133,128,0,65415,500,6131,3,0,1,0,1,1,0,0,0,64,1,0,0,0,0,0,0,0,0,0,0,0,0,0,0,0,0,0,0,0,0,0,0,0,0,-1,0,0,0,0,-1,0,0,0,0,-1,0,0,0,0,-1,0,0,0,0,-1,0,0,0,0,-1,0,0,0,0,-1,0,0,0,0,-1,0,0,0,0,-1,0,0,0,0,-1,0,0,0,0,-1,0,0,0,0,-1,0,0,0,0,247,7,23,0,3,26,180
775,279,fe,7,186,80,0,4,4,1,704,0,1,0,0,0,0,1,7,192,134,128,0,65415,500,6130,3,0,1,0,1,1,0,0,0,64,1,0,0,0,0,0,0,0,0,0,0,0,0,0,0,0,0,0,0,0,0,0,0,0,0,-1,0,0,0,0,-1,0,0,0,0,-1,0,0,0,0,-1,0,0,0,0,-1,0,0,0,0,-1,0,0,0,0,-1,0,0,0,0,-1,0,0,0,0,-1,0,0,0,0,-1,0,0,0,0,-1,0,0,0,0,-1,0,0,0,0,247,7,23,0,3,27,180
776,280,fe,7,188,80,0,4,4,1,736,0,1,0,0,0,0,1,7,192,135,128,0,65415,500,6129,3,0,1,0,1,1,0,0,0,64,1,0,0,0,0,0,0,0,0,0,0,0,0,0,0,0,0,0,0,0,0,0,0,0,0,-1,0,0,0,0,-1,0,0,0,0,-1,0,0,0,0,-1,0,0,0,0,-1,0,0,0,0,-1,0,0,0,0,-1,0,0,0,0,-1,0,0,0,0,-1,0,0,0,0,-1,0,0,0,0,-1,0,0,0,0,-1,0,0,0,0,247,7,23,0,3,28,180
777,281,fe,7,191,80,0,4,4,1,768,0,1,0,0,0,0,1,7,192,136,128,0,65415,500,6128,3,0,1,0,1,1,0,0,0,64,1,0,0,0,0,0,0,0,0,0,0,0,0,0,0,0,0,0,0,0,0,0,0,0,0,-1,0,0,0,0,-1,0,0,0,0,-1,0,0,0,0,-1,0,0,0,0,-1,0,0,0,0,-1,0,0,0,0,-1,0,0,0,0,-1,0,0,0,0,-1,0,0,0,0,-1,0,0,0,0,-1,0,0,0,0,-1,0,0,0,0,247,7,23,0,3,29,180
778,282,fe,7,194,80,0,4,4,1,800,0,1,0,0,0,0,1,7,192,137,128,0,65415,500,6127,3,0,1,0,1,1,0,0,0,64,1,0,0,0,0,0,0,0,0,0,0,0,0,0,0,0,0,0,0,0,0,0,0,0,0,-1,0,0,0,0,-1,0,0,0,0,-1,0,0,0,0,-1,0,0,0,0,-1,0,0,0,0,-1,0,0,0,0,-1,0,0,0,0,-1,0,0,0,0,-1,0,0,0,0,-1,0,0,0,0,-1,0,0,0,0,-1,0,0,0,0,247,7,23,0,3,30,180
779,283,fe,7,197,80,0,4,4,1,832,0,1,0,0,0,0,1,7,192,138,128,0,65415,500,6126,3,0,1,0,1,1,0,0,0,64,1,0,0,0,0,0,0,0,0,0,0,0,0,0,0,0,0,0,0,0,0,0,0,0,0,-1,0,0,0,0,-1,0,0,0,0,-1,0,0,0,0,-1,0,0,0,0,-1,0,0,0,0,-1,0,0,0,0,-1,0,0,0,0,-1,0,0,0,0,-1,0,0,0,0,-1,0,0,0,0,-1,0,0,0,0,-1,0,0,0,0,247,7,23,0,3,31,180
780,284,fe,7,200,80,0,4,4,1,864,0,1,0,0,0,0,1,7,192,139,128,0,65415,500,6125,3,0,1,0,1,1,0,0,0,64,1,0,0,0,0,0,0,0,0,0,0,0,0,0,0,0,0,0,0,0,0,0,0,0,0,-1,0,0,0,0,-1,0,0,0,0,-1,0,0,0,0,-1,0,0,0,0,-1,0,0,0,0,-1,0,0,0,0,-1,0,0,0,0,-1,0,0,0,0,-1,0,0,0,0,-1,0,0,0,0,-1,0,0,0,0,-1,0,0,0,0,247,7,23,0,3,32,180
781,285,fe,7,203,80,0,4,4,1,896,0,1,0,0,0,0,1,7,192,140,128,0,65415,500,6124,3,0,1,0,1,1,0,0,0,64,1,0,0,0,0,0,0,0,0,0,0,0,0,0,0,0,0,0,0,0,0,0,0,0,0,-1,0,0,0,0,-1,0,0,0,0,-1,0,0,0,0,-1,0,0,0,0,-1,0,0,0,0,-1,0,0,0,0,-1,0,0,0,0,-1,0,0,0,0,-1,0,0,0,0,-1,0,0,0,0,-1,0,0,0,0,-1,0,0,0,0,247,7,23,0,3,33,180
782,286,fe,7,206,80,0,4,4,1,928,0,1,0,0,0,0,1,7,192,141,128,0,65415,500,6123,3,0,1,0,1,1,0,0,0,64,1,0,0,0,0,0,0,0,0,0,0,0,0,0,0,0,0,0,0,0,0,0,0,0,0,-1,0,0,0,0,-1,0,0,0,0,-1,0,0,0,0,-1,0,0,0,0,-1,0,0,0,0,-1,0,0,0,0,-1,0,0,0,0,-1,0,0,0,0,-1,0,0,0,0,-1,0,0,0,0,-1,0,0,0,0,-1,0,0,0,0,247,7,23,0,3,34,180
783,287,fe,8,209,80,0,4,4,1,960,0,1,0,0,40,0,1,7,192,142,128,0,65415,500,6122,3,0,1,0,1,1,0,0,0,64,1,0,0,0,0,0,0,0,0,0,0,0,0,0,0,0,0,0,0,0,0,0,0,0,0,2,0,88,64,255,2,1,88,80,255,2,0,88,96,255,2,0,112,160,255,2,0,112,176,255,2,0,112,192,255,-1,0,0,0,0,-1,0,0,0,0,-1,0,0,0,0,-1,0,0,0,0,-1,0,0,0,0,-1,0,0,0,0,247,7,23,0,3,35,180
784,288,fe,8,209,80,0,4,4,1,960,0,1,0,0,39,0,1,7,192,143,128,0,65415,500,6121,3,0,1,0,1,1,0,0,0,64,1,0,0,0,0,0,0,0,0,0,0,0,0,0,0,0,0,0,0,0,0,0,0,0,0,2,0,88,64,254,2,1,88,80,254,2,0,88,96,254,2,0,112,160,254,2,0,112,176,254,2,0,112,192,254,-1,0,0,0,0,-1,0,0,0,0,-1,0,0,0,0,-1,0,0,0,0,-1,0,0,0,0,-1,0,0,0,0,247,7,23,0,3,36,180
785,289,fe,8,209,80,0,4,4,1,960,0,1,0,0,38,0,1,7,192,144,128,0,65415,500,6120,3,0,1,0,1,1,0,0,0,64,1,0,0,0,0,0,0,0,0,0,0,0,0,0,0,0,0,0,0,0,0,0,0,0,0,2,0,88,64,253,2,1,88,80,253,2,0,88,96,253,2,0,112,160,253,2,0,112,176,253,2,0,112,192,253,-1,0,0,0,0,-1,0,0,0,0,-1,0,0,0,0,-1,0,0,0,0,-1,0,0,0,0,-1,0,0,0,0,247,7,23,0,3,37,180
786,290,fe,8,209,80,0,4,4,1,960,0,1,0,0,37,0,1,7,192,145,128,0,65415,500,6119,3,0,1,0,1,1,0,0,0,64,1,0,0,0,0,0,0,0,0,0,0,0,0,0,0,0,0,0,0,0,0,0,0,0,0,2,0,88,64,252,2,1,88,80,252,2,0,88,96,252,2,0,112,160,252,2,0,112,176,252,2,0,112,192,252,-1,0,0,0,0,-1,0,0,0,0,-1,0,0,0,0,-1,0,0,0,0,-1,0,0,0,0,-1,0,0,0,0,247,7,23,0,3,38,180
787,291,fe,8,209,80,0,4,4,1,960,0,1,0,0,36,0,1,7,192,146,128,0,65415,500,6118,3,0,1,0,1,1,0,0,0,64,1,0,0,0,0,0,0,0,0,0,0,0,0,0,0,0,0,0,0,0,0,0,0,0,0,2,0,88,64,251,2,1,88,80,251,2,0,88,96,251,2,0,112,160,251,2,0,112,176,251,2,0,112,192,251,-1,0,0,0,0,-1,0,0,0,0,-1,0,0,0,0,-1,0,0,0,0,-1,0,0,0,0,-1,0,0,0,0,247,7,23,0,3,39,180
788,292,fe,8,209,80,0,4,4,1,960,0,1,0,0,35,0,1,7,192,147,128,0,65415,500,6117,3,0,1,0,1,1,0,0,0,64,1,0,0,0,0,0,0,0,0,0,0,0,0,0,0,0,0,0,0,0,0,0,0,0,0,2,0,88,64,250,2,1,88,80,250,2,0,88,96,250,2,0,112,160,250,2,0,112,176,250,2,0,112,192,250,-1,0,0,0,0,-1,0,0,0,0,-1,0,0,0,0,-1,0,0,0,0,-1,0,0,0,0,-1,0,0,0,0,247,7,23,0,3,40,180
789,293,fe,8,209,80,0,4,4,1,960,0,1,0,0,34,0,1,7,192,148,128,0,65415,500,6116,3,0,1,0,1,1,0,0,0,64,1,0,0,0,0,0,0,0,0,0,0,0,0,0,0,0,0,0,0,0,0,0,0,0,0,2,0,88,64,249,2,1,88,80,249,2,0,88,96,249,2,0,112,160,249,2,0,112,176,249,2,0,112,192,249,-1,0,0,0,0,-1,0,0,0,0,-1,0,0,0,0,-1,0,0,0,0,-1,0,0,0,0,-1,0,0,0,0,247,7,23,0,3,41,180
790,294,fe,8,209,80,0,4,4,1,960,0,1,0,0,33,0,1,7,192,149,128,0,65415,500,6115,3,0,1,0,1,1,0,0,0,64,1,0,0,0,0,0,0,0,0,0,0,0,0,0,0,0,0,0,0,0,0,0,0,0,0,2,0,88,64,248,2,1,88,80,248,2,0,88,96,248,2,0,112,160,248,2,0,112,176,248,2,0,112,192,248,-1,0,0,0,0,-1,0,0,0,0,-1,0,0,0,0,-1,0,0,0,0,-1,0,0,0,0,-1,0,0,0,0,247,7,23,0,3,42,180
791,295,fe,8,209,80,0,4,4,1,960,0,1,0,0,32,0,1,7,192,150,128,0,65415,500,6114,3,0,1,0,1,1,0,0,0,64,1,0,0,0,0,0,0,0,0,0,0,0,0,0,0,0,0,0,0,0,0,0,0,0,0,2,0,88,64,247,2,1,88,80,247,2,0,88,96,247,2,0,112,160,247,2,0,112,176,247,2,0,112,192,247,-1,0,0,0,0,-1,0,0,0,0,-1,0,0,0,0,-1,0,0,0,0,-1,0,0,0,0,-1,0,0,0,0,247,7,23,0,3,43,180
792,296,fe,8,209,80,0,4,4,1,960,0,1,0,0,31,0,1,7,192,151,128,0,65415,500,6113,3,0,1,0,1,1,0,0,0,64,1,0,0,0,0,0,0,0,0,0,0,0,0,0,0,0,0,0,0,0,0,0,0,0,0,2,0,88,64,246,2,1,88,80,246,2,0,88,96,246,2,0,112,160,246,2,0,112,176,246,2,0,112,192,246,-1,0,0,0,0,-1,0,0,0,0,-1,0,0,0,0,-1,0,0,0,0,-1,0,0,0,0,-1,0,0,0,0,247,7,23,0,3,44,180
793,297,fe,8,209,80,0,4,4,1,960,0,1,0,0,30,0,1,7,192,152,128,0,65415,500,6112,3,0,1,0,1,1,0,0,0,64,1,0,0,0,0,0,0,0,0,0,0,0,0,0,0,0,0,0,0,0,0,0,0,0,0,2,0,88,64,245,2,1,88,80,245,2,0,88,96,245,2,0,112,160,245,2,0,112,176,245,2,0,112,192,245,-1,0,0,0,0,-1,0,0,0,0,-1,0,0,0,0,-1,0,0,0,0,-1,0,0,0,0,-1,0,0,0,0,247,7,23,0,3,45,180
794,298,fe,8,209,80,0,4,4,1,960,0,1,0,0,29,0,1,7,192,153,128,0,65415,500,6111,3,0,1,0,1,1,0,0,0,64,1,0,0,0,0,0,0,0,0,0,0,0,0,0,0,0,0,0,0,0,0,0,0,0,0,2,0,88,64,244,2,1,88,80,244,2,0,88,96,244,2,0,112,160,244,2,0,112,176,244,2,0,112,192,244,-1,0,0,0,0,-1,0,0,0,0,-1,0,0,0,0,-1,0,0,0,0,-1,0,0,0,0,-1,0,0,0,0,247,7,23,0,3,46,180
795,299,fe,8,209,80,0,4,4,1,960,0,1,0,0,28,0,1,7,192,154,128,0,65415,500,6110,3,0,1,0,1,1,0,0,0,64,1,0,0,0,0,0,0,0,0,0,0,0,0,0,0,0,0,0,0,0,0,0,0,0,0,2,0,88,64,243,2,1,88,80,243,2,0,88,96,243,2,0,112,160,243,2,0,112,176,243,2,0,112,192,243,-1,0,0,0,0,-1,0,0,0,0,-1,0,0,0,0,-1,0,0,0,0,-1,0,0,0,0,-1,0,0,0,0,247,7,23,0,3,47,180
796,300,fe,8,209,80,0,4,4,1,960,0,1,0,0,27,0,1,7,192,155,128,0,65415,500,6109,3,0,1,0,1,1,0,0,0,64,1,0,0,0,0,0,0,0,0,0,0,0,0,0,0,0,0,0,0,0,0,0,0,0,0,2,0,88,64,242,2,1,88,80,242,2,0,88,96,242,2,0,112,160,242,2,0,112,176,242,2,0,112,192,242,-1,0,0,0,0,-1,0,0,0,0,-1,0,0,0,0,-1,0,0,0,0,-1,0,0,0,0,-1,0,0,0,0,247,7,23,0,3,48,180
797,301,fd,8,209,80,0,4,4,1,960,0,1,0,0,26,0,1,7,192,156,128,0,65415,500,6108,3,0,1,0,1,1,0,0,0,64,1,0,0,0,0,0,0,0,0,0,0,0,0,0,0,0,0,0,0,0,0,0,0,0,0,2,0,88,64,241,2,1,88,80,241,2,0,88,96,241,2,0,112,160,241,2,0,112,176,241,2,0,112,192,241,-1,0,0,0,0,-1,0,0,0,0,-1,0,0,0,0,-1,0,0,0,0,-1,0,0,0,0,-1,0,0,0,0,247,7,23,0,3,49,180
798,302,fd,8,209,80,0,4,4,1,960,0,1,0,0,25,0,1,7,192,157,128,0,65415,500,6107,3,0,1,0,1,1,0,0,0,64,1,0,0,0,0,0,0,0,0,0,0,0,0,0,0,0,0,0,0,0,0,0,0,0,0,2,0,88,64,240,2,1,88,80,240,2,0,88,96,240,2,0,112,160,240,2,0,112,176,240,2,0,112,192,240,-1,0,0,0,0,-1,0,0,0,0,-1,0,0,0,0,-1,0,0,0,0,-1,0,0,0,0,-1,0,0,0,0,247,7,23,0,3,50,180
799,303,fd,8,209,80,0,4,4,1,960,0,1,0,0,24,0,1,7,192,158,128,0,65415,500,6106,3,0,1,0,1,1,0,0,0,64,1,0,0,0,0,0,0,0,0,0,0,0,0,0,0,0,0,0,0,0,0,0,0,0,0,2,0,88,64,239,2,1,88,80,239,2,0,88,96,239,2,0,112,160,239,2,0,112,176,239,2,0,112,192,239,-1,0,0,0,0,-1,0,0,0,0,-1,0,0,0,0,-1,0,0,0,0,-1,0,0,0,0,-1,0,0,0,0,247,7,23,0,3,51,180
800,304,fd,8,209,80,0,4,4,1,960,0,1,0,0,23,0,1,7,192,159,128,0,65415,500,6105,3,0,1,0,1,1,0,0,0,64,1,0,0,0,0,0,0,0,0,0,0,0,0,0,0,0,0,0,0,0,0,0,0,0,0,2,0,88,64,238,2,1,88,80,238,2,0,88,96,238,2,0,112,160,238,2,0,112,176,238,2,0,112,192,238,-1,0,0,0,0,-1,0,0,0,0,-1,0,0,0,0,-1,0,0,0,0,-1,0,0,0,0,-1,0,0,0,0,247,7,23,0,3,52,180
801,305,fd,8,209,80,0,4,4,1,960,0,1,0,0,22,0,1,7,192,160,128,0,65415,500,6104,3,0,1,0,1,1,0,0,0,64,1,0,0,0,0,0,0,0,0,0,0,0,0,0,0,0,0,0,0,0,0,0,0,0,0,2,0,88,64,237,2,1,88,80,237,2,0,88,96,237,2,0,112,160,237,2,0,112,176,237,2,0,112,192,237,-1,0,0,0,0,-1,0,0,0,0,-1,0,0,0,0,-1,0,0,0,0,-1,0,0,0,0,-1,0,0,0,0,247,7,23,0,3,53,180
802,306,fd,8,209,80,0,4,4,1,960,0,1,0,0,21,0,1,7,192,161,128,0,65415,500,6103,3,0,1,0,1,1,0,0,0,64,1,0,0,0,0,0,0,0,0,0,0,0,0,0,0,0,0,0,0,0,0,0,0,0,0,2,0,88,64,236,2,1,88,80,236,2,0,88,96,236,2,0,112,160,236,2,0,112,176,236,2,0,112,192,236,-1,0,0,0,0,-1,0,0,0,0,-1,0,0,0,0,-1,0,0,0,0,-1,0,0,0,0,-1,0,0,0,0,247,7,23,0,3,54,180
803,307,fd,8,209,80,0,4,4,1,960,0,1,0,0,20,0,1,7,192,162,128,0,65415,500,6102,3,0,1,0,1,1,0,0,0,64,1,0,0,0,0,0,0,0,0,0,0,0,0,0,0,0,0,0,0,0,0,0,0,0,0,2,0,88,64,235,2,1,88,80,235,2,0,88,96,235,2,0,112,160,235,2,0,112,176,235,2,0,112,192,235,-1,0,0,0,0,-1,0,0,0,0,-1,0,0,0,0,-1,0,0,0,0,-1,0,0,0,0,-1,0,0,0,0,247,7,23,0,3,55,180
804,308,fd,8,209,80,0,4,4,1,960,0,1,0,0,19,0,1,7,192,163,128,0,65415,500,6101,3,0,1,0,1,1,0,0,0,64,1,0,0,0,0,0,0,0,0,0,0,0,0,0,0,0,0,0,0,0,0,0,0,0,0,2,0,88,64,234,2,1,88,80,234,2,0,88,96,234,2,0,112,160,234,2,0,112,176,234,2,0,112,192,234,-1,0,0,0,0,-1,0,0,0,0,-1,0,0,0,0,-1,0,0,0,0,-1,0,0,0,0,-1,0,0,0,0,247,7,23,0,3,56,180
805,309,fd,8,209,80,0,4,4,1,960,0,1,0,0,18,0,1,7,192,164,128,0,65415,500,6100,3,0,1,0,1,1,0,0,0,64,1,0,0,0,0,0,0,0,0,0,0,0,0,0,0,0,0,0,0,0,0,0,0,0,0,2,0,88,64,233,2,1,88,80,233,2,0,88,96,233,2,0,112,160,233,2,0,112,176,233,2,0,112,192,233,-1,0,0,0,0,-1,0,0,0,0,-1,0,0,0,0,-1,0,0,0,0,-1,0,0,0,0,-1,0,0,0,0,247,7,23,0,3,57,180
806,310,fd,8,209,80,0,4,4,1,960,0,1,0,0,17,0,1,7,192,165,128,0,65415,500,6099,3,0,1,0,1,1,0,0,0,64,1,0,0,0,0,0,0,0,0,0,0,0,0,0,0,0,0,0,0,0,0,0,0,0,0,2,0,88,64,232,2,1,88,80,232,2,0,88,96,232,2,0,112,160,232,2,0,112,176,232,2,0,112,192,232,-1,0,0,0,0,-1,0,0,0,0,-1,0,0,0,0,-1,0,0,0,0,-1,0,0,0,0,-1,0,0,0,0,247,7,23,0,3,58,180
807,311,fd,8,209,80,0,4,4,1,960,0,1,0,0,16,0,1,7,192,166,128,0,65415,500,6098,3,0,1,0,1,1,0,0,0,64,1,0,0,0,0,0,0,0,0,0,0,0,0,0,0,0,0,0,0,0,0,0,0,0,0,2,0,88,64,231,2,1,88,80,231,2,0,88,96,231,2,0,112,160,231,2,0,112,176,231,2,0,112,192,231,-1,0,0,0,0,-1,0,0,0,0,-1,0,0,0,0,-1,0,0,0,0,-1,0,0,0,0,-1,0,0,0,0,247,7,23,0,3,59,180
808,312,fd,8,209,80,0,4,4,1,960,0,1,0,0,15,0,1,7,192,167,128,0,65415,500,6097,3,0,1,0,1,1,0,0,0,64,1,0,0,0,0,0,0,0,0,0,0,0,0,0,0,0,0,0,0,0,0,0,0,0,0,2,0,88,64,230,2,1,88,80,230,2,0,88,96,230,2,0,112,160,230,2,0,112,176,230,2,0,112,192,230,-1,0,0,0,0,-1,0,0,0,0,-1,0,0,0,0,-1,0,0,0,0,-1,0,0,0,0,-1,0,0,0,0,247,7,23,0,3,60,180
809,313,fd,8,209,80,0,4,4,1,960,0,1,0,0,14,0,1,7,192,168,128,0,65415,500,6096,3,0,1,0,1,1,0,0,0,64,1,0,0,0,0,0,0,0,0,0,0,0,0,0,0,0,0,0,0,0,0,0,0,0,0,2,0,88,64,229,2,1,88,80,229,2,0,88,96,229,2,0,112,160,229,2,0,112,176,229,2,0,112,192,229,-1,0,0,0,0,-1,0,0,0,0,-1,0,0,0,0,-1,0,0,0,0,-1,0,0,0,0,-1,0,0,0,0,247,7,23,0,3,61,180
810,314,fd,8,209,80,0,4,4,1,960,0,1,0,0,13,0,1,7,192,169,128,0,65415,500,6095,3,0,1,0,1,1,0,0,0,64,1,0,0,0,0,0,0,0,0,0,0,0,0,0,0,0,0,0,0,0,0,0,0,0,0,2,0,88,64,228,2,1,88,80,228,2,0,88,96,228,2,0,112,160,228,2,0,112,176,228,2,0,112,192,228,-1,0,0,0,0,-1,0,0,0,0,-1,0,0,0,0,-1,0,0,0,0,-1,0,0,0,0,-1,0,0,0,0,247,7,23,0,3,62,180
811,315,fd,8,209,80,0,4,4,1,960,0,1,0,0,12,0,1,7,192,170,128,0,65415,500,6094,3,0,1,0,1,1,0,0,0,64,1,0,0,0,0,0,0,0,0,0,0,0,0,0,0,0,0,0,0,0,0,0,0,0,0,2,0,88,64,227,2,1,88,80,227,2,0,88,96,227,2,0,112,160,227,2,0,112,176,227,2,0,112,192,227,-1,0,0,0,0,-1,0,0,0,0,-1,0,0,0,0,-1,0,0,0,0,-1,0,0,0,0,-1,0,0,0,0,247,7,23,0,3,63,180
812,316,fd,8,209,80,0,4,4,1,960,0,1,0,0,11,0,1,7,192,171,128,0,65415,500,6093,3,0,1,0,1,1,0,0,0,64,1,0,0,0,0,0,0,0,0,0,0,0,0,0,0,0,0,0,0,0,0,0,0,0,0,2,0,88,64,226,2,1,88,80,226,2,0,88,96,226,2,0,112,160,226,2,0,112,176,226,2,0,112,192,226,-1,0,0,0,0,-1,0,0,0,0,-1,0,0,0,0,-1,0,0,0,0,-1,0,0,0,0,-1,0,0,0,0,247,7,23,0,3,64,180
813,317,fd,8,209,80,0,4,4,1,960,0,1,0,0,10,0,1,7,192,172,128,0,65415,500,6092,3,0,1,0,1,1,0,0,0,64,1,0,0,0,0,0,0,0,0,0,0,0,0,0,0,0,0,0,0,0,0,0,0,0,0,2,0,88,64,225,2,1,88,80,225,2,0,88,96,225,2,0,112,160,225,2,0,112,176,225,2,0,112,192,225,-1,0,0,0,0,-1,0,0,0,0,-1,0,0,0,0,-1,0,0,0,0,-1,0,0,0,0,-1,0,0,0,0,247,7,23,0,3,65,180
814,318,fd,8,209,80,0,4,4,1,960,0,1,0,0,9,0,1,7,192,173,128,0,65415,500,6091,3,0,1,0,1,1,0,0,0,64,1,0,0,0,0,0,0,0,0,0,0,0,0,0,0,0,0,0,0,0,0,0,0,0,0,2,0,88,64,224,2,1,88,80,224,2,0,88,96,224,2,0,112,160,224,2,0,112,176,224,2,0,112,192,224,-1,0,0,0,0,-1,0,0,0,0,-1,0,0,0,0,-1,0,0,0,0,-1,0,0,0,0,-1,0,0,0,0,247,7,23,0,3,66,180
815,319,fd,8,209,80,0,4,4,1,960,0,1,0,0,8,0,1,7,192,174,128,0,65415,500,6090,3,0,1,0,1,1,0,0,0,64,1,0,0,0,0,0,0,0,0,0,0,0,0,0,0,0,0,0,0,0,0,0,0,0,0,2,0,88,64,223,2,1,88,80,223,2,0,88,96,223,2,0,112,160,223,2,0,112,176,223,2,0,112,192,223,-1,0,0,0,0,-1,0,0,0,0,-1,0,0,0,0,-1,0,0,0,0,-1,0,0,0,0,-1,0,0,0,0,247,7,23,0,3,67,180
816,320,fd,8,209,80,0,4,4,1,960,0,1,0,0,7,0,1,7,192,175,128,0,65415,500,6089,3,0,1,0,1,1,0,0,0,64,1,0,0,0,0,0,0,0,0,0,0,0,0,0,0,0,0,0,0,0,0,0,0,0,0,2,0,88,64,222,2,1,88,80,222,2,0,88,96,222,2,0,112,160,222,2,0,112,176,222,2,0,112,192,222,-1,0,0,0,0,-1,0,0,0,0,-1,0,0,0,0,-1,0,0,0,0,-1,0,0,0,0,-1,0,0,0,0,247,7,23,0,3,68,180
817,321,fd,8,209,80,0,4,4,1,960,0,1,0,0,6,0,1,7,192,176,128,0,65415,500,6088,3,0,1,0,1,1,0,0,0,64,1,0,0,0,0,0,0,0,0,0,0,0,0,0,0,0,0,0,0,0,0,0,0,0,0,2,0,88,64,221,2,1,88,80,221,2,0,88,96,221,2,0,112,160,221,2,0,112,176,221,2,0,112,192,221,-1,0,0,0,0,-1,0,0,0,0,-1,0,0,0,0,-1,0,0,0,0,-1,0,0,0,0,-1,0,0,0,0,247,7,23,0,3,69,180
818,322,fd,8,209,80,0,4,4,1,960,0,1,0,0,5,0,1,7,192,177,128,0,65415,500,6087,3,0,1,0,1,1,0,0,0,64,1,0,0,0,0,0,0,0,0,0,0,0,0,0,0,0,0,0,0,0,0,0,0,0,0,2,0,88,64,220,2,1,88,80,220,2,0,88,96,220,2,0,112,160,220,2,0,112,176,220,2,0,112,192,220,-1,0,0,0,0,-1,0,0,0,0,-1,0,0,0,0,-1,0,0,0,0,-1,0,0,0,0,-1,0,0,0,0,247,7,23,0,3,70,180
819,323,fd,8,209,80,0,4,4,1,960,0,1,0,0,4,0,1,7,192,178,128,0,65415,500,6086,3,0,1,0,1,1,0,0,0,64,1,0,0,0,0,0,0,0,0,0,0,0,0,0,0,0,0,0,0,0,0,0,0,0,0,2,0,88,64,219,2,1,88,80,219,2,0,88,96,219,2,0,112,160,219,2,0,112,176,219,2,0,112,192,219,-1,0,0,0,0,-1,0,0,0,0,-1,0,0,0,0,-1,0,0,0,0,-1,0,0,0,0,-1,0,0,0,0,247,7,23,0,3,71,180
820,324,fd,8,209,80,0,4,4,1,960,0,1,0,0,3,0,1,7,192,179,128,0,65415,500,6085,3,0,1,0,1,1,0,0,0,64,1,0,0,0,0,0,0,0,0,0,0,0,0,0,0,0,0,0,0,0,0,0,0,0,0,2,0,88,64,218,2,1,88,80,218,2,0,88,96,218,2,0,112,160,218,2,0,112,176,218,2,0,112,192,218,-1,0,0,0,0,-1,0,0,0,0,-1,0,0,0,0,-1,0,0,0,0,-1,0,0,0,0,-1,0,0,0,0,247,7,23,0,3,72,180
821,325,fd,8,209,80,0,4,4,1,960,0,1,0,0,2,0,1,7,192,180,128,0,65415,500,6084,3,0,1,0,1,1,0,0,0,64,1,0,0,0,0,0,0,0,0,0,0,0,0,0,0,0,0,0,0,0,0,0,0,0,0,2,0,88,64,217,2,1,88,80,217,2,0,88,96,217,2,0,112,160,217,2,0,112,176,217,2,0,112,192,217,-1,0,0,0,0,-1,0,0,0,0,-1,0,0,0,0,-1,0,0,0,0,-1,0,0,0,0,-1,0,0,0,0,247,7,23,0,3,73,180
822,326,fd,8,209,80,0,4,4,1,960,0,1,0,0,1,0,1,7,192,181,128,0,65415,500,6083,3,0,1,0,1,1,0,0,0,64,1,0,0,0,0,0,0,0,0,0,0,0,0,0,0,0,0,0,0,0,0,0,0,0,0,2,0,88,64,216,2,1,88,80,216,2,0,88,96,216,2,0,112,160,216,2,0,112,176,216,2,0,112,192,216,-1,0,0,0,0,-1,0,0,0,0,-1,0,0,0,0,-1,0,0,0,0,-1,0,0,0,0,-1,0,0,0,0,247,7,23,0,3,74,180
823,327,fd,8,209,80,0,4,4,1,960,0,1,0,0,0,0,1,7,192,182,128,0,135,500,6082,3,0,1,0,1,1,0,0,0,64,1,0,0,0,0,0,0,0,0,0,0,0,0,0,0,0,0,0,0,0,0,0,0,0,0,2,0,88,64,215,2,1,88,80,215,2,0,88,96,215,2,0,112,160,215,2,0,112,176,215,2,0,112,192,215,-1,0,0,0,0,-1,0,0,0,0,-1,0,0,0,0,-1,0,0,0,0,-1,0,0,0,0,-1,0,0,0,0,247,7,23,0,5,75,180
824,328,fd,8,209,80,0,4,4,1,960,0,1,0,0,0,0,1,7,192,182,128,0,135,500,6082,2,0,1,0,1,1,0,0,0,64,1,0,0,0,0,0,0,0,0,0,0,0,0,0,0,0,0,0,0,0,0,0,0,0,0,2,0,88,64,215,2,1,88,80,215,2,0,88,96,215,2,0,112,160,215,2,0,112,176,215,2,0,112,192,215,-1,0,0,0,0,-1,0,0,0,0,-1,0,0,0,0,-1,0,0,0,0,-1,0,0,0,0,-1,0,0,0,0,247,7,23,0,6,76,180
825,329,fd,8,209,80,0,4,4,1,960,0,1,0,0,0,0,1,7,192,182,128,0,135,500,6082,2,0,1,0,1,1,0,0,0,64,1,0,0,0,0,0,0,0,0,0,0,0,0,0,0,0,0,0,0,0,0,0,0,0,0,2,0,88,64,215,2,1,88,80,215,2,0,88,96,215,2,0,112,160,215,2,0,112,176,215,2,0,112,192,215,-1,0,0,0,0,-1,0,0,0,0,-1,0,0,0,0,-1,0,0,0,0,-1,0,0,0,0,-1,0,0,0,0,247,7,23,0,0,77,180
826,330,fd,8,209,80,0,4,4,1,960,0,1,0,0,0,0,1,7,192,182,128,0,135,500,6082,2,0,1,0,1,1,0,0,0,64,1,0,0,0,0,0,0,0,0,0,0,0,0,0,0,0,0,0,0,0,0,0,0,0,0,2,0,88,64,215,2,1,88,80,215,2,0,88,96,215,2,0,112,160,215,2,0,112,176,215,2,0,112,192,215,-1,0,0,0,0,-1,0,0,0,0,-1,0,0,0,0,-1,0,0,0,0,-1,0,0,0,0,-1,0,0,0,0,247,7,23,1,0,78,180
827,331,fd,0,0,0,0,0,0,0,0,0,0,0,0,0,0,0,0,0,0,0,0,135,500,6082,2,0,0,0,0,0,0,0,0,64,1,0,0,0,0,0,0,0,0,0,0,0,0,0,0,0,0,0,0,0,0,0,0,0,0,-1,0,0,0,0,-1,0,0,0,0,-1,0,0,0,0,-1,0,0,0,0,-1,0,0,0,0,-1,0,0,0,0,-1,0,0,0,0,-1,0,0,0,0,-1,0,0,0,0,-1,0,0,0,0,-1,0,0,0,0,-1,0,0,0,0,0,0,0,1,0,79,180
828,332,fd,0,0,0,0,0,0,0,0,0,0,0,0,0,0,0,0,0,0,0,0,135,500,6082,2,0,0,0,0,0,0,0,0,64,1,0,0,0,0,0,0,0,0,0,0,0,0,0,0,0,0,0,0,0,0,0,0,0,0,-1,0,0,0,0,-1,0,0,0,0,-1,0,0,0,0,-1,0,0,0,0,-1,0,0,0,0,-1,0,0,0,0,-1,0,0,0,0,-1,0,0,0,0,-1,0,0,0,0,-1,0,0,0,0,-1,0,0,0,0,-1,0,0,0,0,0,0,0,1,0,80,180
829,333,fd,0,0,0,0,0,0,0,0,0,0,0,0,0,0,0,0,0,0,0,0,135,500,6082,2,0,0,0,0,0,0,0,0,64,1,0,0,0,0,0,0,0,0,0,0,0,0,0,0,0,0,0,0,0,0,0,0,0,0,-1,0,0,0,0,-1,0,0,0,0,-1,0,0,0,0,-1,0,0,0,0,-1,0,0,0,0,-1,0,0,0,0,-1,0,0,0,0,-1,0,0,0,0,-1,0,0,0,0,-1,0,0,0,0,-1,0,0,0,0,-1,0,0,0,0,0,0,0,1,0,81,180
830,334,fd,0,0,0,0,0,0,0,0,0,0,0,0,0,0,0,0,0,0,0,0,135,500,6082,2,0,0,0,0,0,0,0,0,64,1,0,0,0,0,0,0,0,0,0,0,0,0,0,0,0,0,0,0,0,0,0,0,0,0,-1,0,0,0,0,-1,0,0,0,0,-1,0,0,0,0,-1,0,0,0,0,-1,0,0,0,0,-1,0,0,0,0,-1,0,0,0,0,-1,0,0,0,0,-1,0,0,0,0,-1,0,0,0,0,-1,0,0,0,0,-1,0,0,0,0,0,0,0,1,0,82,180
831,335,fd,0,0,0,0,0,0,0,0,0,0,0,0,0,0,0,0,0,0,0,0,135,500,6082,2,0,0,0,0,0,0,0,0,64,1,0,0,0,0,0,0,0,0,0,0,0,0,0,0,0,0,0,0,0,0,0,0,0,0,-1,0,0,0,0,-1,0,0,0,0,-1,0,0,0,0,-1,0,0,0,0,-1,0,0,0,0,-1,0,0,0,0,-1,0,0,0,0,-1,0,0,0,0,-1,0,0,0,0,-1,0,0,0,0,-1,0,0,0,0,-1,0,0,0,0,0,0,0,1,0,83,180
832,336,fd,0,0,0,0,0,0,0,0,0,0,0,0,0,0,0,0,0,0,0,0,135,500,6082,2,0,0,0,0,0,0,0,0,64,1,0,0,0,0,0,0,0,0,0,0,0,0,0,0,0,0,0,0,0,0,0,0,0,0,-1,0,0,0,0,-1,0,0,0,0,-1,0,0,0,0,-1,0,0,0,0,-1,0,0,0,0,-1,0,0,0,0,-1,0,0,0,0,-1,0,0,0,0,-1,0,0,0,0,-1,0,0,0,0,-1,0,0,0,0,-1,0,0,0,0,0,0,0,1,0,84,180
833,337,fd,0,0,0,0,0,0,0,0,0,0,0,0,0,0,0,0,0,0,0,0,135,500,6082,2,0,0,0,0,0,0,0,0,64,1,0,0,0,0,0,0,0,0,0,0,0,0,0,0,0,0,0,0,0,0,0,0,0,0,-1,0,0,0,0,-1,0,0,0,0,-1,0,0,0,0,-1,0,0,0,0,-1,0,0,0,0,-1,0,0,0,0,-1,0,0,0,0,-1,0,0,0,0,-1,0,0,0,0,-1,0,0,0,0,-1,0,0,0,0,-1,0,0,0,0,0,0,0,1,0,85,180
834,338,fd,0,0,0,0,0,0,0,0,0,0,0,0,0,0,0,0,0,0,0,0,135,500,6082,2,0,0,0,0,0,0,0,0,64,1,0,0,0,0,0,0,0,0,0,0,0,0,0,0,0,0,0,0,0,0,0,0,0,0,-1,0,0,0,0,-1,0,0,0,0,-1,0,0,0,0,-1,0,0,0,0,-1,0,0,0,0,-1,0,0,0,0,-1,0,0,0,0,-1,0,0,0,0,-1,0,0,0,0,-1,0,0,0,0,-1,0,0,0,0,-1,0,0,0,0,0,0,0,1,0,86,180
835,339,fd,0,0,0,0,0,0,0,0,0,0,0,0,0,0,0,0,0,0,0,0,135,500,6082,2,0,0,0,0,0,0,0,0,64,1,0,0,0,0,0,0,0,0,0,0,0,0,0,0,0,0,0,0,0,0,0,0,0,0,-1,0,0,0,0,-1,0,0,0,0,-1,0,0,0,0,-1,0,0,0,0,-1,0,0,0,0,-1,0,0,0,0,-1,0,0,0,0,-1,0,0,0,0,-1,0,0,0,0,-1,0,0,0,0,-1,0,0,0,0,-1,0,0,0,0,0,0,0,1,0,87,180
836,340,fd,0,0,0,0,0,0,0,0,0,0,0,0,0,0,0,0,0,0,0,0,135,500,6082,2,0,0,0,0,0,0,0,0,64,1,0,0,0,0,0,0,0,0,0,0,0,0,0,0,0,0,0,0,0,0,0,0,0,0,-1,0,0,0,0,-1,0,0,0,0,-1,0,0,0,0,-1,0,0,0,0,-1,0,0,0,0,-1,0,0,0,0,-1,0,0,0,0,-1,0,0,0,0,-1,0,0,0,0,-1,0,0,0,0,-1,0,0,0,0,-1,0,0,0,0,0,0,0,1,0,88,180
837,341,fd,0,0,0,0,0,0,0,0,0,0,0,0,0,0,0,0,0,0,0,0,135,500,6082,2,0,0,0,0,0,0,0,0,64,1,0,0,0,0,0,0,0,0,0,0,0,0,0,0,0,0,0,0,0,0,0,0,0,0,-1,0,0,0,0,-1,0,0,0,0,-1,0,0,0,0,-1,0,0,0,0,-1,0,0,0,0,-1,0,0,0,0,-1,0,0,0,0,-1,0,0,0,0,-1,0,0,0,0,-1,0,0,0,0,-1,0,0,0,0,-1,0,0,0,0,0,0,0,1,0,89,180
838,342,fd,0,0,0,0,0,0,0,0,0,0,0,0,0,0,0,0,0,0,0,0,135,500,6082,2,0,0,0,0,0,0,0,0,64,1,0,0,0,0,0,0,0,0,0,0,0,0,0,0,0,0,0,0,0,0,0,0,0,0,-1,0,0,0,0,-1,0,0,0,0,-1,0,0,0,0,-1,0,0,0,0,-1,0,0,0,0,-1,0,0,0,0,-1,0,0,0,0,-1,0,0,0,0,-1,0,0,0,0,-1,0,0,0,0,-1,0,0,0,0,-1,0,0,0,0,0,0,0,1,0,90,180
839,343,fd,0,0,0,0,0,0,0,0,0,0,0,0,0,0,0,0,0,0,0,0,135,500,6082,2,0,0,0,0,0,0,0,0,64,1,0,0,0,0,0,0,0,0,0,0,0,0,0,0,0,0,0,0,0,0,0,0,0,0,-1,0,0,0,0,-1,0,0,0,0,-1,0,0,0,0,-1,0,0,0,0,-1,0,0,0,0,-1,0,0,0,0,-1,0,0,0,0,-1,0,0,0,0,-1,0,0,0,0,-1,0,0,0,0,-1,0,0,0,0,-1,0,0,0,0,0,0,0,1,0,91,180
840,344,fd,0,0,0,0,0,0,0,0,0,0,0,0,0,0,0,0,0,0,0,0,135,500,6082,2,0,0,0,0,0,0,0,0,64,1,0,0,0,0,0,0,0,0,0,0,0,0,0,0,0,0,0,0,0,0,0,0,0,0,-1,0,0,0,0,-1,0,0,0,0,-1,0,0,0,0,-1,0,0,0,0,-1,0,0,0,0,-1,0,0,0,0,-1,0,0,0,0,-1,0,0,0,0,-1,0,0,0,0,-1,0,0,0,0,-1,0,0,0,0,-1,0,0,0,0,0,0,0,1,0,92,180
841,345,fd,0,0,0,0,0,0,0,0,0,0,0,0,0,0,0,0,0,0,0,0,135,500,6082,2,0,0,0,0,0,0,0,0,64,1,0,0,0,0,0,0,0,0,0,0,0,0,0,0,0,0,0,0,0,0,0,0,0,0,-1,0,0,0,0,-1,0,0,0,0,-1,0,0,0,0,-1,0,0,0,0,-1,0,0,0,0,-1,0,0,0,0,-1,0,0,0,0,-1,0,0,0,0,-1,0,0,0,0,-1,0,0,0,0,-1,0,0,0,0,-1,0,0,0,0,0,0,0,1,0,93,180
842,346,fd,0,0,0,0,0,0,0,0,0,0,0,0,0,0,0,0,0,0,0,0,135,500,6082,2,0,0,0,0,0,0,0,0,64,1,0,0,0,0,0,0,0,0,0,0,0,0,0,0,0,0,0,0,0,0,0,0,0,0,-1,0,0,0,0,-1,0,0,0,0,-1,0,0,0,0,-1,0,0,0,0,-1,0,0,0,0,-1,0,0,0,0,-1,0,0,0,0,-1,0,0,0,0,-1,0,0,0,0,-1,0,0,0,0,-1,0,0,0,0,-1,0,0,0,0,0,0,0,1,0,94,180
843,347,fd,0,0,0,0,0,0,0,0,0,0,0,0,0,0,0,0,0,0,0,0,135,500,6082,2,0,0,0,0,0,0,0,0,64,1,0,0,0,0,0,0,0,0,0,0,0,0,0,0,0,0,0,0,0,0,0,0,0,0,-1,0,0,0,0,-1,0,0,0,0,-1,0,0,0,0,-1,0,0,0,0,-1,0,0,0,0,-1,0,0,0,0,-1,0,0,0,0,-1,0,0,0,0,-1,0,0,0,0,-1,0,0,0,0,-1,0,0,0,0,-1,0,0,0,0,0,0,0,1,0,95,180
844,348,fd,0,0,0,0,0,0,0,0,0,0,0,0,0,0,0,0,0,0,0,0,135,500,6082,2,0,0,0,0,0,0,0,0,64,1,0,0,0,0,0,0,0,0,0,0,0,0,0,0,0,0,0,0,0,0,0,0,0,0,-1,0,0,0,0,-1,0,0,0,0,-1,0,0,0,0,-1,0,0,0,0,-1,0,0,0,0,-1,0,0,0,0,-1,0,0,0,0,-1,0,0,0,0,-1,0,0,0,0,-1,0,0,0,0,-1,0,0,0,0,-1,0,0,0,0,0,0,0,1,0,96,180
845,349,fd,0,0,0,0,0,0,0,0,0,0,0,0,0,0,0,0,0,0,0,0,135,500,6082,2,0,0,0,0,0,0,0,0,64,1,0,0,0,0,0,0,0,0,0,0,0,0,0,0,0,0,0,0,0,0,0,0,0,0,-1,0,0,0,0,-1,0,0,0,0,-1,0,0,0,0,-1,0,0,0,0,-1,0,0,0,0,-1,0,0,0,0,-1,0,0,0,0,-1,0,0,0,0,-1,0,0,0,0,-1,0,0,0,0,-1,0,0,0,0,-1,0,0,0,0,0,0,0,1,0,97,180
846,350,fd,0,0,0,0,0,0,0,0,0,0,0,0,0,0,0,0,0,0,0,0,135,500,6082,2,0,0,0,0,0,0,0,0,64,1,0,0,0,0,0,0,0,0,0,0,0,0,0,0,0,0,0,0,0,0,0,0,0,0,-1,0,0,0,0,-1,0,0,0,0,-1,0,0,0,0,-1,0,0,0,0,-1,0,0,0,0,-1,0,0,0,0,-1,0,0,0,0,-1,0,0,0,0,-1,0,0,0,0,-1,0,0,0,0,-1,0,0,0,0,-1,0,0,0,0,0,0,0,1,0,98,180
847,351,fd,0,0,0,0,0,0,0,0,0,0,0,0,0,0,0,0,0,0,0,0,135,500,6082,2,0,0,0,0,0,0,0,0,64,1,0,0,0,0,0,0,0,0,0,0,0,0,0,0,0,0,0,0,0,0,0,0,0,0,-1,0,0,0,0,-1,0,0,0,0,-1,0,0,0,0,-1,0,0,0,0,-1,0,0,0,0,-1,0,0,0,0,-1,0,0,0,0,-1,0,0,0,0,-1,0,0,0,0,-1,0,0,0,0,-1,0,0,0,0,-1,0,0,0,0,0,0,0,1,0,99,180
848,352,fd,0,0,0,0,0,0,0,0,0,0,0,0,0,0,0,0,0,0,0,0,135,500,6082,2,0,0,0,0,0,0,0,0,64,1,0,0,0,0,0,0,0,0,0,0,0,0,0,0,0,0,0,0,0,0,0,0,0,0,-1,0,0,0,0,-1,0,0,0,0,-1,0,0,0,0,-1,0,0,0,0,-1,0,0,0,0,-1,0,0,0,0,-1,0,0,0,0,-1,0,0,0,0,-1,0,0,0,0,-1,0,0,0,0,-1,0,0,0,0,-1,0,0,0,0,0,0,0,1,0,100,180
849,353,fd,0,0,0,0,0,0,0,0,0,0,0,0,0,0,0,0,0,0,0,0,0,500,6082,2,0,0,0,0,0,0,0,0,64,1,0,0,0,0,0,0,0,0,0,0,0,0,0,0,0,0,0,0,0,0,0,0,0,0,-1,0,0,0,0,-1,0,0,0,0,-1,0,0,0,0,-1,0,0,0,0,-1,0,0,0,0,-1,0,0,0,0,-1,0,0,0,0,-1,0,0,0,0,-1,0,0,0,0,-1,0,0,0,0,-1,0,0,0,0,-1,0,0,0,0,0,0,0,0,1,101,180
850,354,fd,0,0,0,0,0,0,0,0,0,0,0,0,0,0,0,0,0,0,0,0,0,500,6082,2,0,0,0,0,0,0,0,0,64,1,0,0,0,0,0,0,0,0,0,0,0,0,0,0,0,0,0,0,0,0,0,0,0,0,-1,0,0,0,0,-1,0,0,0,0,-1,0,0,0,0,-1,0,0,0,0,-1,0,0,0,0,-1,0,0,0,0,-1,0,0,0,0,-1,0,0,0,0,-1,0,0,0,0,-1,0,0,0,0,-1,0,0,0,0,-1,0,0,0,0,0,0,0,2,1,102,180
851,355,fd,0,0,0,0,0,0,0,0,0,0,0,0,0,0,0,0,0,0,0,0,0,500,6082,2,0,0,0,0,0,0,0,0,64,1,0,0,0,0,0,0,0,0,0,0,0,0,0,0,0,0,0,0,0,0,0,0,0,0,-1,0,0,0,0,-1,0,0,0,0,-1,0,0,0,0,-1,0,0,0,0,-1,0,0,0,0,-1,0,0,0,0,-1,0,0,0,0,-1,0,0,0,0,-1,0,0,0,0,-1,0,0,0,0,-1,0,0,0,0,-1,0,0,0,0,0,0,0,0,2,103,180
852,356,fd,0,0,0,0,0,0,0,0,0,0,0,0,0,0,0,0,0,0,0,0,0,500,6082,2,0,0,0,0,0,0,0,0,64,1,0,0,0,0,0,0,0,0,0,0,0,0,0,0,0,0,0,0,0,0,0,0,0,0,-1,0,0,0,0,-1,0,0,0,0,-1,0,0,0,0,-1,0,0,0,0,-1,0,0,0,0,-1,0,0,0,0,-1,0,0,0,0,-1,0,0,0,0,-1,0,0,0,0,-1,0,0,0,0,-1,0,0,0,0,-1,0,0,0,0,0,0,0,2,2,104,180
853,357,fd,0,0,0,0,0,0,0,0,0,0,0,0,0,0,0,0,0,0,0,0,0,500,6082,2,0,0,0,0,0,0,0,0,64,1,0,0,0,0,0,0,0,0,0,0,0,0,0,0,0,0,0,0,0,0,0,0,0,0,-1,0,0,0,0,-1,0,0,0,0,-1,0,0,0,0,-1,0,0,0,0,-1,0,0,0,0,-1,0,0,0,0,-1,0,0,0,0,-1,0,0,0,0,-1,0,0,0,0,-1,0,0,0,0,-1,0,0,0,0,-1,0,0,0,0,0,0,0,1,2,105,180
854,358,fd,0,0,0,0,0,0,0,0,0,0,0,0,0,0,0,0,0,0,0,0,0,500,6082,2,0,0,0,0,0,0,0,0,64,1,0,0,0,0,0,0,0,0,0,0,0,0,0,0,0,0,0,0,0,0,0,0,0,0,-1,0,0,0,0,-1,0,0,0,0,-1,0,0,0,0,-1,0,0,0,0,-1,0,0,0,0,-1,0,0,0,0,-1,0,0,0,0,-1,0,0,0,0,-1,0,0,0,0,-1,0,0,0,0,-1,0,0,0,0,-1,0,0,0,0,0,0,0,2,2,106,180
855,359,fd,0,0,0,0,0,0,0,0,0,0,0,0,0,0,0,0,0,0,0,0,0,500,6082,2,0,0,0,0,0,0,0,0,64,1,0,0,0,0,0,0,0,0,0,0,0,0,0,0,0,0,0,0,0,0,0,0,0,0,-1,0,0,0,0,-1,0,0,0,0,-1,0,0,0,0,-1,0,0,0,0,-1,0,0,0,0,-1,0,0,0,0,-1,0,0,0,0,-1,0,0,0,0,-1,0,0,0,0,-1,0,0,0,0,-1,0,0,0,0,-1,0,0,0,0,0,0,0,1,2,107,180
856,360,fd,0,0,0,0,0,0,0,0,0,0,0,0,0,0,0,0,0,0,0,0,0,500,6082,2,0,0,0,0,0,0,0,0,64,1,0,0,0,0,0,0,0,0,0,0,0,0,0,0,0,0,0,0,0,0,0,0,0,0,-1,0,0,0,0,-1,0,0,0,0,-1,0,0,0,0,-1,0,0,0,0,-1,0,0,0,0,-1,0,0,0,0,-1,0,0,0,0,-1,0,0,0,0,-1,0,0,0,0,-1,0,0,0,0,-1,0,0,0,0,-1,0,0,0,0,0,0,0,2,2,108,180
857,361,fd,0,0,0,0,0,0,0,0,0,0,0,0,0,0,0,0,0,0,0,0,0,500,6082,2,0,0,0,0,0,0,0,0,64,1,0,0,0,0,0,0,0,0,0,0,0,0,0,0,0,0,0,0,0,0,0,0,0,0,-1,0,0,0,0,-1,0,0,0,0,-1,0,0,0,0,-1,0,0,0,0,-1,0,0,0,0,-1,0,0,0,0,-1,0,0,0,0,-1,0,0,0,0,-1,0,0,0,0,-1,0,0,0,0,-1,0,0,0,0,-1,0,0,0,0,0,0,0,1,2,109,180
858,362,fd,0,0,0,0,0,0,0,0,0,0,0,0,0,0,0,0,0,0,0,0,0,500,6082,2,0,0,0,0,0,0,0,0,64,1,0,0,0,0,0,0,0,0,0,0,0,0,0,0,0,0,0,0,0,0,0,0,0,0,-1,0,0,0,0,-1,0,0,0,0,-1,0,0,0,0,-1,0,0,0,0,-1,0,0,0,0,-1,0,0,0,0,-1,0,0,0,0,-1,0,0,0,0,-1,0,0,0,0,-1,0,0,0,0,-1,0,0,0,0,-1,0,0,0,0,0,0,0,2,2,110,180
859,363,fd,0,0,0,0,0,0,0,0,0,0,0,0,0,0,0,0,0,0,0,0,0,500,6082,2,0,0,0,0,0,0,0,0,64,1,0,0,0,0,0,0,0,0,0,0,0,0,0,0,0,0,0,0,0,0,0,0,0,0,-1,0,0,0,0,-1,0,0,0,0,-1,0,0,0,0,-1,0,0,0,0,-1,0,0,0,0,-1,0,0,0,0,-1,0,0,0,0,-1,0,0,0,0,-1,0,0,0,0,-1,0,0,0,0,-1,0,0,0,0,-1,0,0,0,0,0,0,0,1,2,111,180
860,364,fd,0,0,0,0,0,0,0,0,0,0,0,0,0,0,0,0,0,0,0,0,0,500,6082,2,0,0,0,0,0,0,0,0,64,1,0,0,0,0,0,0,0,0,0,0,0,0,0,0,0,0,0,0,0,0,0,0,0,0,-1,0,0,0,0,-1,0,0,0,0,-1,0,0,0,0,-1,0,0,0,0,-1,0,0,0,0,-1,0,0,0,0,-1,0,0,0,0,-1,0,0,0,0,-1,0,0,0,0,-1,0,0,0,0,-1,0,0,0,0,-1,0,0,0,0,0,0,0,2,2,112,180
861,365,fd,0,0,0,0,0,0,0,0,0,0,0,0,0,0,0,0,0,0,0,0,0,500,6082,2,0,0,0,0,0,0,0,0,64,1,0,0,0,0,0,0,0,0,0,0,0,0,0,0,0,0,0,0,0,0,0,0,0,0,-1,0,0,0,0,-1,0,0,0,0,-1,0,0,0,0,-1,0,0,0,0,-1,0,0,0,0,-1,0,0,0,0,-1,0,0,0,0,-1,0,0,0,0,-1,0,0,0,0,-1,0,0,0,0,-1,0,0,0,0,-1,0,0,0,0,0,0,0,1,2,113,180
862,366,fd,0,0,0,0,0,0,0,0,0,0,0,0,0,0,0,0,0,0,0,0,0,500,6082,2,0,0,0,0,0,0,0,0,64,1,0,0,0,0,0,0,0,0,0,0,0,0,0,0,0,0,0,0,0,0,0,0,0,0,-1,0,0,0,0,-1,0,0,0,0,-1,0,0,0,0,-1,0,0,0,0,-1,0,0,0,0,-1,0,0,0,0,-1,0,0,0,0,-1,0,0,0,0,-1,0,0,0,0,-1,0,0,0,0,-1,0,0,0,0,-1,0,0,0,0,0,0,0,2,2,114,180
863,367,fd,0,0,0,0,0,0,0,0,0,0,0,0,0,0,0,0,0,0,0,0,0,500,6082,2,0,0,0,0,0,0,0,0,64,1,0,0,0,0,0,0,0,0,0,0,0,0,0,0,0,0,0,0,0,0,0,0,0,0,-1,0,0,0,0,-1,0,0,0,0,-1,0,0,0,0,-1,0,0,0,0,-1,0,0,0,0,-1,0,0,0,0,-1,0,0,0,0,-1,0,0,0,0,-1,0,0,0,0,-1,0,0,0,0,-1,0,0,0,0,-1,0,0,0,0,0,0,0,1,2,115,180
864,368,fd,0,0,0,0,0,0,0,0,0,0,0,0,0,0,0,0,0,0,0,0,0,500,6082,2,0,0,0,0,0,0,0,0,64,1,0,0,0,0,0,0,0,0,0,0,0,0,0,0,0,0,0,0,0,0,0,0,0,0,-1,0,0,0,0,-1,0,0,0,0,-1,0,0,0,0,-1,0,0,0,0,-1,0,0,0,0,-1,0,0,0,0,-1,0,0,0,0,-1,0,0,0,0,-1,0,0,0,0,-1,0,0,0,0,-1,0,0,0,0,-1,0,0,0,0,0,0,0,2,2,116,180
865,369,fd,0,0,0,0,0,0,0,0,0,0,0,0,0,0,0,0,0,0,0,0,0,500,6082,2,0,0,0,0,0,0,0,0,64,1,0,0,0,0,0,0,0,0,0,0,0,0,0,0,0,0,0,0,0,0,0,0,0,0,-1,0,0,0,0,-1,0,0,0,0,-1,0,0,0,0,-1,0,0,0,0,-1,0,0,0,0,-1,0,0,0,0,-1,0,0,0,0,-1,0,0,0,0,-1,0,0,0,0,-1,0,0,0,0,-1,0,0,0,0,-1,0,0,0,0,0,0,0,1,2,117,180
866,370,fd,0,0,0,0,0,0,0,0,0,0,0,0,0,0,0,0,0,0,0,0,0,500,6082,2,0,0,0,0,0,0,0,0,64,1,0,0,0,0,0,0,0,0,0,0,0,0,0,0,0,0,0,0,0,0,0,0,0,0,-1,0,0,0,0,-1,0,0,0,0,-1,0,0,0,0,-1,0,0,0,0,-1,0,0,0,0,-1,0,0,0,0,-1,0,0,0,0,-1,0,0,0,0,-1,0,0,0,0,-1,0,0,0,0,-1,0,0,0,0,-1,0,0,0,0,0,0,0,2,2,118,180
867,371,fd,0,0,0,0,0,0,0,0,0,0,0,0,0,0,0,0,0,0,0,0,0,500,6082,2,0,0,0,0,0,0,0,0,64,1,0,0,0,0,0,0,0,0,0,0,0,0,0,0,0,0,0,0,0,0,0,0,0,0,-1,0,0,0,0,-1,0,0,0,0,-1,0,0,0,0,-1,0,0,0,0,-1,0,0,0,0,-1,0,0,0,0,-1,0,0,0,0,-1,0,0,0,0,-1,0,0,0,0,-1,0,0,0,0,-1,0,0,0,0,-1,0,0,0,0,0,0,0,1,2,119,180
868,372,fd,0,0,0,0,0,0,0,0,0,0,0,0,0,0,0,0,0,0,0,0,0,500,6082,2,0,0,0,0,0,0,0,0,64,1,0,0,0,0,0,0,0,0,0,0,0,0,0,0,0,0,0,0,0,0,0,0,0,0,-1,0,0,0,0,-1,0,0,0,0,-1,0,0,0,0,-1,0,0,0,0,-1,0,0,0,0,-1,0,0,0,0,-1,0,0,0,0,-1,0,0,0,0,-1,0,0,0,0,-1,0,0,0,0,-1,0,0,0,0,-1,0,0,0,0,0,0,0,2,2,120,180
869,373,fd,0,0,0,0,0,0,0,0,0,0,0,0,0,0,0,0,0,0,0,0,0,500,6082,2,0,0,0,0,0,0,0,0,64,1,0,0,0,0,0,0,0,0,0,0,0,0,0,0,0,0,0,0,0,0,0,0,0,0,-1,0,0,0,0,-1,0,0,0,0,-1,0,0,0,0,-1,0,0,0,0,-1,0,0,0,0,-1,0,0,0,0,-1,0,0,0,0,-1,0,0,0,0,-1,0,0,0,0,-1,0,0,0,0,-1,0,0,0,0,-1,0,0,0,0,0,0,0,1,2,121,180
870,374,fd,0,0,0,0,0,0,0,0,0,0,0,0,0,0,0,0,0,0,0,0,0,500,6082,2,0,0,0,0,0,0,0,0,64,1,0,0,0,0,0,0,0,0,0,0,0,0,0,0,0,0,0,0,0,0,0,0,0,0,-1,0,0,0,0,-1,0,0,0,0,-1,0,0,0,0,-1,0,0,0,0,-1,0,0,0,0,-1,0,0,0,0,-1,0,0,0,0,-1,0,0,0,0,-1,0,0,0,0,-1,0,0,0,0,-1,0,0,0,0,-1,0,0,0,0,0,0,0,2,2,122,180
871,375,fd,0,0,0,0,0,0,0,0,0,0,0,0,0,0,0,0,0,0,0,0,0,500,6082,2,0,0,0,0,0,0,0,0,64,1,0,0,0,0,0,0,0,0,0,0,0,0,0,0,0,0,0,0,0,0,0,0,0,0,-1,0,0,0,0,-1,0,0,0,0,-1,0,0,0,0,-1,0,0,0,0,-1,0,0,0,0,-1,0,0,0,0,-1,0,0,0,0,-1,0,0,0,0,-1,0,0,0,0,-1,0,0,0,0,-1,0,0,0,0,-1,0,0,0,0,0,0,0,1,2,123,180
872,376,fd,0,0,0,0,0,0,0,0,0,0,0,0,0,0,0,0,0,0,0,0,0,500,6082,2,0,0,0,0,0,0,0,0,64,1,0,0,0,0,0,0,0,0,0,0,0,0,0,0,0,0,0,0,0,0,0,0,0,0,-1,0,0,0,0,-1,0,0,0,0,-1,0,0,0,0,-1,0,0,0,0,-1,0,0,0,0,-1,0,0,0,0,-1,0,0,0,0,-1,0,0,0,0,-1,0,0,0,0,-1,0,0,0,0,-1,0,0,0,0,-1,0,0,0,0,0,0,0,2,2,124,180
873,377,fd,0,0,0,0,0,0,0,0,0,0,0,0,0,0,0,0,0,0,0,0,0,500,6082,2,0,0,0,0,0,0,0,0,64,1,0,0,0,0,0,0,0,0,0,0,0,0,0,0,0,0,0,0,0,0,0,0,0,0,-1,0,0,0,0,-1,0,0,0,0,-1,0,0,0,0,-1,0,0,0,0,-1,0,0,0,0,-1,0,0,0,0,-1,0,0,0,0,-1,0,0,0,0,-1,0,0,0,0,-1,0,0,0,0,-1,0,0,0,0,-1,0,0,0,0,0,0,0,1,2,125,180
874,378,fd,0,0,0,0,0,0,0,0,0,0,0,0,0,0,0,0,0,0,0,0,0,500,6082,2,0,0,0,0,0,0,0,0,64,1,0,0,0,0,0,0,0,0,0,0,0,0,0,0,0,0,0,0,0,0,0,0,0,0,-1,0,0,0,0,-1,0,0,0,0,-1,0,0,0,0,-1,0,0,0,0,-1,0,0,0,0,-1,0,0,0,0,-1,0,0,0,0,-1,0,0,0,0,-1,0,0,0,0,-1,0,0,0,0,-1,0,0,0,0,-1,0,0,0,0,0,0,0,2,2,126,180
875,379,fd,0,0,0,0,0,0,0,0,0,0,0,0,0,0,0,0,0,0,0,0,0,500,6082,2,0,0,0,0,0,0,0,0,64,1,0,0,0,0,0,0,0,0,0,0,0,0,0,0,0,0,0,0,0,0,0,0,0,0,-1,0,0,0,0,-1,0,0,0,0,-1,0,0,0,0,-1,0,0,0,0,-1,0,0,0,0,-1,0,0,0,0,-1,0,0,0,0,-1,0,0,0,0,-1,0,0,0,0,-1,0,0,0,0,-1,0,0,0,0,-1,0,0,0,0,0,0,0,1,2,127,180
876,380,fd,0,0,0,0,0,0,0,0,0,0,0,0,0,0,0,0,0,0,0,0,0,500,6082,2,0,0,0,0,0,0,0,0,64,1,0,0,0,0,0,0,0,0,0,0,0,0,0,0,0,0,0,0,0,0,0,0,0,0,-1,0,0,0,0,-1,0,0,0,0,-1,0,0,0,0,-1,0,0,0,0,-1,0,0,0,0,-1,0,0,0,0,-1,0,0,0,0,-1,0,0,0,0,-1,0,0,0,0,-1,0,0,0,0,-1,0,0,0,0,-1,0,0,0,0,0,0,0,2,2,128,180
877,381,fd,0,0,0,0,0,0,0,0,0,0,0,0,0,0,0,0,0,0,0,0,0,500,6082,2,0,0,0,0,0,0,0,0,64,1,0,0,0,0,0,0,0,0,0,0,0,0,0,0,0,0,0,0,0,0,0,0,0,0,-1,0,0,0,0,-1,0,0,0,0,-1,0,0,0,0,-1,0,0,0,0,-1,0,0,0,0,-1,0,0,0,0,-1,0,0,0,0,-1,0,0,0,0,-1,0,0,0,0,-1,0,0,0,0,-1,0,0,0,0,-1,0,0,0,0,0,0,0,1,2,129,180
878,382,fd,0,0,0,0,0,0,0,0,0,0,0,0,0,0,0,0,0,0,0,0,0,500,6082,2,0,0,0,0,0,0,0,0,64,1,0,0,0,0,0,0,0,0,0,0,0,0,0,0,0,0,0,0,0,0,0,0,0,0,-1,0,0,0,0,-1,0,0,0,0,-1,0,0,0,0,-1,0,0,0,0,-1,0,0,0,0,-1,0,0,0,0,-1,0,0,0,0,-1,0,0,0,0,-1,0,0,0,0,-1,0,0,0,0,-1,0,0,0,0,-1,0,0,0,0,0,0,0,2,2,130,180
879,383,fd,0,0,0,0,0,0,0,0,0,0,0,0,0,0,0,0,0,0,0,0,0,500,6082,2,0,0,0,0,0,0,0,0,64,1,0,0,0,0,0,0,0,0,0,0,0,0,0,0,0,0,0,0,0,0,0,0,0,0,-1,0,0,0,0,-1,0,0,0,0,-1,0,0,0,0,-1,0,0,0,0,-1,0,0,0,0,-1,0,0,0,0,-1,0,0,0,0,-1,0,0,0,0,-1,0,0,0,0,-1,0,0,0,0,-1,0,0,0,0,-1,0,0,0,0,0,0,0,1,2,131,180
880,384,fd,0,0,0,0,0,0,0,0,0,0,0,0,0,0,0,0,0,0,0,0,0,500,6082,2,0,0,0,0,0,0,0,0,64,1,0,0,0,0,0,0,0,0,0,0,0,0,0,0,0,0,0,0,0,0,0,0,0,0,-1,0,0,0,0,-1,0,0,0,0,-1,0,0,0,0,-1,0,0,0,0,-1,0,0,0,0,-1,0,0,0,0,-1,0,0,0,0,-1,0,0,0,0,-1,0,0,0,0,-1,0,0,0,0,-1,0,0,0,0,-1,0,0,0,0,0,0,0,2,2,132,180
881,385,fd,0,0,0,0,0,0,0,0,0,0,0,0,0,0,0,0,0,0,0,0,0,500,6082,2,0,0,0,0,0,0,0,0,64,1,0,0,0,0,0,0,0,0,0,0,0,0,0,0,0,0,0,0,0,0,0,0,0,0,-1,0,0,0,0,-1,0,0,0,0,-1,0,0,0,0,-1,0,0,0,0,-1,0,0,0,0,-1,0,0,0,0,-1,0,0,0,0,-1,0,0,0,0,-1,0,0,0,0,-1,0,0,0,0,-1,0,0,0,0,-1,0,0,0,0,0,0,0,1,2,133,180
882,386,fd,0,0,0,0,0,0,0,0,0,0,0,0,0,0,0,0,0,0,0,0,0,500,6082,2,0,0,0,0,0,0,0,0,64,1,0,0,0,0,0,0,0,0,0,0,0,0,0,0,0,0,0,0,0,0,0,0,0,0,-1,0,0,0,0,-1,0,0,0,0,-1,0,0,0,0,-1,0,0,0,0,-1,0,0,0,0,-1,0,0,0,0,-1,0,0,0,0,-1,0,0,0,0,-1,0,0,0,0,-1,0,0,0,0,-1,0,0,0,0,-1,0,0,0,0,0,0,0,2,2,134,180
883,387,fd,0,0,0,0,0,0,0,0,0,0,0,0,0,0,0,0,0,0,0,0,0,500,6082,2,0,0,0,0,0,0,0,0,64,1,0,0,0,0,0,0,0,0,0,0,0,0,0,0,0,0,0,0,0,0,0,0,0,0,-1,0,0,0,0,-1,0,0,0,0,-1,0,0,0,0,-1,0,0,0,0,-1,0,0,0,0,-1,0,0,0,0,-1,0,0,0,0,-1,0,0,0,0,-1,0,0,0,0,-1,0,0,0,0,-1,0,0,0,0,-1,0,0,0,0,0,0,0,1,2,135,180
884,388,fd,0,0,0,0,0,0,0,0,0,0,0,0,0,0,0,0,0,0,0,0,0,500,6082,2,0,0,0,0,0,0,0,0,64,1,0,0,0,0,0,0,0,0,0,0,0,0,0,0,0,0,0,0,0,0,0,0,0,0,-1,0,0,0,0,-1,0,0,0,0,-1,0,0,0,0,-1,0,0,0,0,-1,0,0,0,0,-1,0,0,0,0,-1,0,0,0,0,-1,0,0,0,0,-1,0,0,0,0,-1,0,0,0,0,-1,0,0,0,0,-1,0,0,0,0,0,0,0,2,2,136,180
885,389,fd,0,0,0,0,0,0,0,0,0,0,0,0,0,0,0,0,0,0,0,0,0,500,6082,2,0,0,0,0,0,0,0,0,64,1,0,0,0,0,0,0,0,0,0,0,0,0,0,0,0,0,0,0,0,0,0,0,0,0,-1,0,0,0,0,-1,0,0,0,0,-1,0,0,0,0,-1,0,0,0,0,-1,0,0,0,0,-1,0,0,0,0,-1,0,0,0,0,-1,0,0,0,0,-1,0,0,0,0,-1,0,0,0,0,-1,0,0,0,0,-1,0,0,0,0,0,0,0,1,2,137,180
886,390,fd,0,0,0,0,0,0,0,0,0,0,0,0,0,0,0,0,0,0,0,0,0,500,6082,2,0,0,0,0,0,0,0,0,64,1,0,0,0,0,0,0,0,0,0,0,0,0,0,0,0,0,0,0,0,0,0,0,0,0,-1,0,0,0,0,-1,0,0,0,0,-1,0,0,0,0,-1,0,0,0,0,-1,0,0,0,0,-1,0,0,0,0,-1,0,0,0,0,-1,0,0,0,0,-1,0,0,0,0,-1,0,0,0,0,-1,0,0,0,0,-1,0,0,0,0,0,0,0,2,2,138,180
887,391,fd,0,0,0,0,0,0,0,0,0,0,0,0,0,0,0,0,0,0,0,0,0,500,6082,2,0,0,0,0,0,0,0,0,64,1,0,0,0,0,0,0,0,0,0,0,0,0,0,0,0,0,0,0,0,0,0,0,0,0,-1,0,0,0,0,-1,0,0,0,0,-1,0,0,0,0,-1,0,0,0,0,-1,0,0,0,0,-1,0,0,0,0,-1,0,0,0,0,-1,0,0,0,0,-1,0,0,0,0,-1,0,0,0,0,-1,0,0,0,0,-1,0,0,0,0,0,0,0,1,2,139,180
888,392,fd,0,0,0,0,0,0,0,0,0,0,0,0,0,0,0,0,0,0,0,0,0,500,6082,2,0,0,0,0,0,0,0,0,64,1,0,0,0,0,0,0,0,0,0,0,0,0,0,0,0,0,0,0,0,0,0,0,0,0,-1,0,0,0,0,-1,0,0,0,0,-1,0,0,0,0,-1,0,0,0,0,-1,0,0,0,0,-1,0,0,0,0,-1,0,0,0,0,-1,0,0,0,0,-1,0,0,0,0,-1,0,0,0,0,-1,0,0,0,0,-1,0,0,0,0,0,0,0,2,2,140,180
889,393,fd,0,0,0,0,0,0,0,0,0,0,0,0,0,0,0,0,0,0,0,0,0,500,6082,2,0,0,0,0,0,0,0,0,64,1,0,0,0,0,0,0,0,0,0,0,0,0,0,0,0,0,0,0,0,0,0,0,0,0,-1,0,0,0,0,-1,0,0,0,0,-1,0,0,0,0,-1,0,0,0,0,-1,0,0,0,0,-1,0,0,0,0,-1,0,0,0,0,-1,0,0,0,0,-1,0,0,0,0,-1,0,0,0,0,-1,0,0,0,0,-1,0,0,0,0,0,0,0,1,2,141,180
890,394,fd,0,0,0,0,0,0,0,0,0,0,0,0,0,0,0,0,0,0,0,0,0,500,6082,2,0,0,0,0,0,0,0,0,64,1,0,0,0,0,0,0,0,0,0,0,0,0,0,0,0,0,0,0,0,0,0,0,0,0,-1,0,0,0,0,-1,0,0,0,0,-1,0,0,0,0,-1,0,0,0,0,-1,0,0,0,0,-1,0,0,0,0,-1,0,0,0,0,-1,0,0,0,0,-1,0,0,0,0,-1,0,0,0,0,-1,0,0,0,0,-1,0,0,0,0,0,0,0,2,2,142,180
891,395,fd,0,0,0,0,0,0,0,0,0,0,0,0,0,0,0,0,0,0,0,0,0,500,6082,2,0,0,0,0,0,0,0,0,64,1,0,0,0,0,0,0,0,0,0,0,0,0,0,0,0,0,0,0,0,0,0,0,0,0,-1,0,0,0,0,-1,0,0,0,0,-1,0,0,0,0,-1,0,0,0,0,-1,0,0,0,0,-1,0,0,0,0,-1,0,0,0,0,-1,0,0,0,0,-1,0,0,0,0,-1,0,0,0,0,-1,0,0,0,0,-1,0,0,0,0,0,0,0,1,2,143,180
892,396,fd,0,0,0,0,0,0,0,0,0,0,0,0,0,0,0,0,0,0,0,0,0,500,6082,2,0,0,0,0,0,0,0,0,64,1,0,0,0,0,0,0,0,0,0,0,0,0,0,0,0,0,0,0,0,0,0,0,0,0,-1,0,0,0,0,-1,0,0,0,0,-1,0,0,0,0,-1,0,0,0,0,-1,0,0,0,0,-1,0,0,0,0,-1,0,0,0,0,-1,0,0,0,0,-1,0,0,0,0,-1,0,0,0,0,-1,0,0,0,0,-1,0,0,0,0,0,0,0,2,2,144,180
893,397,fd,0,0,0,0,0,0,0,0,0,0,0,0,0,0,0,0,0,0,0,0,0,500,6082,2,0,0,0,0,0,0,0,0,64,1,0,0,0,0,0,0,0,0,0,0,0,0,0,0,0,0,0,0,0,0,0,0,0,0,-1,0,0,0,0,-1,0,0,0,0,-1,0,0,0,0,-1,0,0,0,0,-1,0,0,0,0,-1,0,0,0,0,-1,0,0,0,0,-1,0,0,0,0,-1,0,0,0,0,-1,0,0,0,0,-1,0,0,0,0,-1,0,0,0,0,0,0,0,1,2,145,180
894,398,fd,0,0,0,0,0,0,0,0,0,0,0,0,0,0,0,0,0,0,0,0,0,500,6082,2,0,0,0,0,0,0,0,0,64,1,0,0,0,0,0,0,0,0,0,0,0,0,0,0,0,0,0,0,0,0,0,0,0,0,-1,0,0,0,0,-1,0,0,0,0,-1,0,0,0,0,-1,0,0,0,0,-1,0,0,0,0,-1,0,0,0,0,-1,0,0,0,0,-1,0,0,0,0,-1,0,0,0,0,-1,0,0,0,0,-1,0,0,0,0,-1,0,0,0,0,0,0,0,2,2,146,180
895,399,fd,0,0,0,0,0,0,0,0,0,0,0,0,0,0,0,0,0,0,0,0,0,500,6082,2,0,0,0,0,0,0,0,0,64,1,0,0,0,0,0,0,0,0,0,0,0,0,0,0,0,0,0,0,0,0,0,0,0,0,-1,0,0,0,0,-1,0,0,0,0,-1,0,0,0,0,-1,0,0,0,0,-1,0,0,0,0,-1,0,0,0,0,-1,0,0,0,0,-1,0,0,0,0,-1,0,0,0,0,-1,0,0,0,0,-1,0,0,0,0,-1,0,0,0,0,0,0,0,1,2,147,180
896,400,fd,0,0,0,0,0,0,0,0,0,0,0,0,0,0,0,0,0,0,0,0,0,500,6082,2,0,0,0,0,0,0,0,0,64,1,0,0,0,0,0,0,0,0,0,0,0,0,0,0,0,0,0,0,0,0,0,0,0,0,-1,0,0,0,0,-1,0,0,0,0,-1,0,0,0,0,-1,0,0,0,0,-1,0,0,0,0,-1,0,0,0,0,-1,0,0,0,0,-1,0,0,0,0,-1,0,0,0,0,-1,0,0,0,0,-1,0,0,0,0,-1,0,0,0,0,0,0,0,2,2,148,180
897,401,fd,0,0,0,0,0,0,0,0,0,0,0,0,0,0,0,0,0,0,0,0,0,500,6082,2,0,0,0,0,0,0,0,0,64,1,0,0,0,0,0,0,0,0,0,0,0,0,0,0,0,0,0,0,0,0,0,0,0,0,-1,0,0,0,0,-1,0,0,0,0,-1,0,0,0,0,-1,0,0,0,0,-1,0,0,0,0,-1,0,0,0,0,-1,0,0,0,0,-1,0,0,0,0,-1,0,0,0,0,-1,0,0,0,0,-1,0,0,0,0,-1,0,0,0,0,0,0,0,1,2,149,180
898,402,fd,0,0,0,0,0,0,0,0,0,0,0,0,0,0,0,0,0,0,0,0,0,500,6082,2,0,0,0,0,0,0,0,0,64,1,0,0,0,0,0,0,0,0,0,0,0,0,0,0,0,0,0,0,0,0,0,0,0,0,-1,0,0,0,0,-1,0,0,0,0,-1,0,0,0,0,-1,0,0,0,0,-1,0,0,0,0,-1,0,0,0,0,-1,0,0,0,0,-1,0,0,0,0,-1,0,0,0,0,-1,0,0,0,0,-1,0,0,0,0,-1,0,0,0,0,0,0,0,2,2,150,180
899,403,fd,0,0,0,0,0,0,0,0,0,0,0,0,0,0,0,0,0,0,0,0,0,500,6082,2,0,0,0,0,0,0,0,0,64,1,0,0,0,0,0,0,0,0,0,0,0,0,0,0,0,0,0,0,0,0,0,0,0,0,-1,0,0,0,0,-1,0,0,0,0,-1,0,0,0,0,-1,0,0,0,0,-1,0,0,0,0,-1,0,0,0,0,-1,0,0,0,0,-1,0,0,0,0,-1,0,0,0,0,-1,0,0,0,0,-1,0,0,0,0,-1,0,0,0,0,0,0,0,1,2,151,180
900,404,fd,0,0,0,0,0,0,0,0,0,0,0,0,0,0,0,0,0,0,0,0,0,500,6082,2,0,0,0,0,0,0,0,0,64,1,0,0,0,0,0,0,0,0,0,0,0,0,0,0,0,0,0,0,0,0,0,0,0,0,-1,0,0,0,0,-1,0,0,0,0,-1,0,0,0,0,-1,0,0,0,0,-1,0,0,0,0,-1,0,0,0,0,-1,0,0,0,0,-1,0,0,0,0,-1,0,0,0,0,-1,0,0,0,0,-1,0,0,0,0,-1,0,0,0,0,0,0,0,2,2,152,180
901,405,fd,0,0,0,0,0,0,0,0,0,0,0,0,0,0,0,0,0,0,0,0,0,500,6082,2,0,0,0,0,0,0,0,0,64,1,0,0,0,0,0,0,0,0,0,0,0,0,0,0,0,0,0,0,0,0,0,0,0,0,-1,0,0,0,0,-1,0,0,0,0,-1,0,0,0,0,-1,0,0,0,0,-1,0,0,0,0,-1,0,0,0,0,-1,0,0,0,0,-1,0,0,0,0,-1,0,0,0,0,-1,0,0,0,0,-1,0,0,0,0,-1,0,0,0,0,0,0,0,1,2,153,180
902,406,fd,0,0,0,0,0,0,0,0,0,0,0,0,0,0,0,0,0,0,0,0,0,500,6082,2,0,0,0,0,0,0,0,0,64,1,0,0,0,0,0,0,0,0,0,0,0,0,0,0,0,0,0,0,0,0,0,0,0,0,-1,0,0,0,0,-1,0,0,0,0,-1,0,0,0,0,-1,0,0,0,0,-1,0,0,0,0,-1,0,0,0,0,-1,0,0,0,0,-1,0,0,0,0,-1,0,0,0,0,-1,0,0,0,0,-1,0,0,0,0,-1,0,0,0,0,0,0,0,2,2,154,180
903,407,fd,0,0,0,0,0,0,0,0,0,0,0,0,0,0,0,0,0,0,0,0,0,500,6082,2,0,0,0,0,0,0,0,0,64,1,0,0,0,0,0,0,0,0,0,0,0,0,0,0,0,0,0,0,0,0,0,0,0,0,-1,0,0,0,0,-1,0,0,0,0,-1,0,0,0,0,-1,0,0,0,0,-1,0,0,0,0,-1,0,0,0,0,-1,0,0,0,0,-1,0,0,0,0,-1,0,0,0,0,-1,0,0,0,0,-1,0,0,0,0,-1,0,0,0,0,0,0,0,1,2,155,180
904,408,fd,0,0,0,0,0,0,0,0,0,0,0,0,0,0,0,0,0,0,0,0,0,500,6082,2,0,0,0,0,0,0,0,0,64,1,0,0,0,0,0,0,0,0,0,0,0,0,0,0,0,0,0,0,0,0,0,0,0,0,-1,0,0,0,0,-1,0,0,0,0,-1,0,0,0,0,-1,0,0,0,0,-1,0,0,0,0,-1,0,0,0,0,-1,0,0,0,0,-1,0,0,0,0,-1,0,0,0,0,-1,0,0,0,0,-1,0,0,0,0,-1,0,0,0,0,0,0,0,2,2,156,180
905,409,fd,0,0,0,0,0,0,0,0,0,0,0,0,0,0,0,0,0,0,0,0,0,500,6082,2,0,0,0,0,0,0,0,0,64,1,0,0,0,0,0,0,0,0,0,0,0,0,0,0,0,0,0,0,0,0,0,0,0,0,-1,0,0,0,0,-1,0,0,0,0,-1,0,0,0,0,-1,0,0,0,0,-1,0,0,0,0,-1,0,0,0,0,-1,0,0,0,0,-1,0,0,0,0,-1,0,0,0,0,-1,0,0,0,0,-1,0,0,0,0,-1,0,0,0,0,0,0,0,1,2,157,180
906,410,fd,0,0,0,0,0,0,0,0,0,0,0,0,0,0,0,0,0,0,0,0,0,500,6082,2,0,0,0,0,0,0,0,0,64,1,0,0,0,0,0,0,0,0,0,0,0,0,0,0,0,0,0,0,0,0,0,0,0,0,-1,0,0,0,0,-1,0,0,0,0,-1,0,0,0,0,-1,0,0,0,0,-1,0,0,0,0,-1,0,0,0,0,-1,0,0,0,0,-1,0,0,0,0,-1,0,0,0,0,-1,0,0,0,0,-1,0,0,0,0,-1,0,0,0,0,0,0,0,2,2,158,180
907,411,fd,0,0,0,0,0,0,0,0,0,0,0,0,0,0,0,0,0,0,0,0,0,500,6082,2,0,0,0,0,0,0,0,0,64,1,0,0,0,0,0,0,0,0,0,0,0,0,0,0,0,0,0,0,0,0,0,0,0,0,-1,0,0,0,0,-1,0,0,0,0,-1,0,0,0,0,-1,0,0,0,0,-1,0,0,0,0,-1,0,0,0,0,-1,0,0,0,0,-1,0,0,0,0,-1,0,0,0,0,-1,0,0,0,0,-1,0,0,0,0,-1,0,0,0,0,0,0,0,1,2,159,180
908,412,fd,0,0,0,0,0,0,0,0,0,0,0,0,0,0,0,0,0,0,0,0,0,500,6082,2,0,0,0,0,0,0,0,0,64,1,0,0,0,0,0,0,0,0,0,0,0,0,0,0,0,0,0,0,0,0,0,0,0,0,-1,0,0,0,0,-1,0,0,0,0,-1,0,0,0,0,-1,0,0,0,0,-1,0,0,0,0,-1,0,0,0,0,-1,0,0,0,0,-1,0,0,0,0,-1,0,0,0,0,-1,0,0,0,0,-1,0,0,0,0,-1,0,0,0,0,0,0,0,2,2,160,180
909,413,fd,0,0,0,0,0,0,0,0,0,0,0,0,0,0,0,0,0,0,0,0,0,500,6082,2,0,0,0,0,0,0,0,0,64,1,0,0,0,0,0,0,0,0,0,0,0,0,0,0,0,0,0,0,0,0,0,0,0,0,-1,0,0,0,0,-1,0,0,0,0,-1,0,0,0,0,-1,0,0,0,0,-1,0,0,0,0,-1,0,0,0,0,-1,0,0,0,0,-1,0,0,0,0,-1,0,0,0,0,-1,0,0,0,0,-1,0,0,0,0,-1,0,0,0,0,0,0,0,1,2,161,180
910,414,fd,0,0,0,0,0,0,0,0,0,0,0,0,0,0,0,0,0,0,0,0,0,500,6082,2,0,0,0,0,0,0,0,0,64,1,0,0,0,0,0,0,0,0,0,0,0,0,0,0,0,0,0,0,0,0,0,0,0,0,-1,0,0,0,0,-1,0,0,0,0,-1,0,0,0,0,-1,0,0,0,0,-1,0,0,0,0,-1,0,0,0,0,-1,0,0,0,0,-1,0,0,0,0,-1,0,0,0,0,-1,0,0,0,0,-1,0,0,0,0,-1,0,0,0,0,0,0,0,2,2,162,180
911,415,fd,0,0,0,0,0,0,0,0,0,0,0,0,0,0,0,0,0,0,0,0,0,500,6082,2,0,0,0,0,0,0,0,0,64,1,0,0,0,0,0,0,0,0,0,0,0,0,0,0,0,0,0,0,0,0,0,0,0,0,-1,0,0,0,0,-1,0,0,0,0,-1,0,0,0,0,-1,0,0,0,0,-1,0,0,0,0,-1,0,0,0,0,-1,0,0,0,0,-1,0,0,0,0,-1,0,0,0,0,-1,0,0,0,0,-1,0,0,0,0,-1,0,0,0,0,0,0,0,1,2,163,180
912,416,fd,0,0,0,0,0,0,0,0,0,0,0,0,0,0,0,0,0,0,0,0,0,500,6082,2,0,0,0,0,0,0,0,0,64,1,0,0,0,0,0,0,0,0,0,0,0,0,0,0,0,0,0,0,0,0,0,0,0,0,-1,0,0,0,0,-1,0,0,0,0,-1,0,0,0,0,-1,0,0,0,0,-1,0,0,0,0,-1,0,0,0,0,-1,0,0,0,0,-1,0,0,0,0,-1,0,0,0,0,-1,0,0,0,0,-1,0,0,0,0,-1,0,0,0,0,0,0,0,2,2,164,180
913,417,fd,0,0,0,0,0,0,0,0,0,0,0,0,0,0,0,0,0,0,0,0,0,500,6082,2,0,0,0,0,0,0,0,0,64,1,0,0,0,0,0,0,0,0,0,0,0,0,0,0,0,0,0,0,0,0,0,0,0,0,-1,0,0,0,0,-1,0,0,0,0,-1,0,0,0,0,-1,0,0,0,0,-1,0,0,0,0,-1,0,0,0,0,-1,0,0,0,0,-1,0,0,0,0,-1,0,0,0,0,-1,0,0,0,0,-1,0,0,0,0,-1,0,0,0,0,0,0,0,1,2,165,180
914,418,fd,0,0,0,0,0,0,0,0,0,0,0,0,0,0,0,0,0,0,0,0,0,500,6082,2,0,0,0,0,0,0,0,0,64,1,0,0,0,0,0,0,0,0,0,0,0,0,0,0,0,0,0,0,0,0,0,0,0,0,-1,0,0,0,0,-1,0,0,0,0,-1,0,0,0,0,-1,0,0,0,0,-1,0,0,0,0,-1,0,0,0,0,-1,0,0,0,0,-1,0,0,0,0,-1,0,0,0,0,-1,0,0,0,0,-1,0,0,0,0,-1,0,0,0,0,0,0,0,2,2,166,180
915,419,fd,0,0,0,0,0,0,0,0,0,0,0,0,0,0,0,0,0,0,0,0,0,500,6082,2,0,0,0,0,0,0,0,0,64,1,0,0,0,0,0,0,0,0,0,0,0,0,0,0,0,0,0,0,0,0,0,0,0,0,-1,0,0,0,0,-1,0,0,0,0,-1,0,0,0,0,-1,0,0,0,0,-1,0,0,0,0,-1,0,0,0,0,-1,0,0,0,0,-1,0,0,0,0,-1,0,0,0,0,-1,0,0,0,0,-1,0,0,0,0,-1,0,0,0,0,0,0,0,1,2,167,180
916,420,fd,0,0,0,0,0,0,0,0,0,0,0,0,0,0,0,0,0,0,0,0,0,500,6082,2,0,0,0,0,0,0,0,0,64,1,0,0,0,0,0,0,0,0,0,0,0,0,0,0,0,0,0,0,0,0,0,0,0,0,-1,0,0,0,0,-1,0,0,0,0,-1,0,0,0,0,-1,0,0,0,0,-1,0,0,0,0,-1,0,0,0,0,-1,0,0,0,0,-1,0,0,0,0,-1,0,0,0,0,-1,0,0,0,0,-1,0,0,0,0,-1,0,0,0,0,0,0,0,2,2,168,180
917,421,fd,0,0,0,0,0,0,0,0,0,0,0,0,0,0,0,0,0,0,0,0,0,500,6082,2,0,0,0,0,0,0,0,0,64,1,0,0,0,0,0,0,0,0,0,0,0,0,0,0,0,0,0,0,0,0,0,0,0,0,-1,0,0,0,0,-1,0,0,0,0,-1,0,0,0,0,-1,0,0,0,0,-1,0,0,0,0,-1,0,0,0,0,-1,0,0,0,0,-1,0,0,0,0,-1,0,0,0,0,-1,0,0,0,0,-1,0,0,0,0,-1,0,0,0,0,0,0,0,3,2,169,180
918,422,fd,0,0,0,0,0,0,0,0,0,0,0,0,0,0,0,0,0,0,0,0,0,500,6082,2,0,0,0,0,0,0,0,0,64,1,0,0,0,0,0,0,0,0,0,0,0,0,0,0,0,0,0,0,0,0,0,0,0,0,-1,0,0,0,0,-1,0,0,0,0,-1,0,0,0,0,-1,0,0,0,0,-1,0,0,0,0,-1,0,0,0,0,-1,0,0,0,0,-1,0,0,0,0,-1,0,0,0,0,-1,0,0,0,0,-1,0,0,0,0,-1,0,0,0,0,0,0,0,0,3,170,180
919,423,fd,1,164,80,0,4,4,2,1056,0,2,0,0,0,1,0,1,192,80,0,0,65535,500,3999,2,0,0,0,0,0,0,1,0,64,1,0,0,0,0,0,0,0,0,0,0,0,0,0,0,0,0,0,0,0,0,0,0,0,0,-1,0,0,0,0,-1,0,0,0,0,-1,0,0,0,0,-1,0,0,0,0,-1,0,0,0,0,-1,0,0,0,0,-1,0,0,0,0,-1,0,0,0,0,-1,0,0,0,0,-1,0,0,0,0,-1,0,0,0,0,-1,0,0,0,0,111,127,143,0,3,171,180
920,424,fd,1,164,80,0,4,4,2,1056,0,2,0,0,0,1,0,2,192,80,0,0,65534,500,3998,2,0,0,0,0,0,0,1,0,64,1,0,0,0,0,0,0,0,0,0,0,0,0,0,0,0,0,0,0,0,0,0,0,0,0,-1,0,0,0,0,-1,0,0,0,0,-1,0,0,0,0,-1,0,0,0,0,-1,0,0,0,0,-1,0,0,0,0,-1,0,0,0,0,-1,0,0,0,0,-1,0,0,0,0,-1,0,0,0,0,-1,0,0,0,0,-1,0,0,0,0,110,126,142,0,3,172,180
921,425,fd,1,164,80,0,4,4,2,1056,0,2,0,0,0,1,0,2,192,80,0,0,65533,500,3997,2,0,0,0,0,0,0,1,0,64,1,0,0,0,0,0,0,0,0,0,0,0,0,0,0,0,0,0,0,0,0,0,0,0,0,-1,0,0,0,0,-1,0,0,0,0,-1,0,0,0,0,-1,0,0,0,0,-1,0,0,0,0,-1,0,0,0,0,-1,0,0,0,0,-1,0,0,0,0,-1,0,0,0,0,-1,0,0,0,0,-1,0,0,0,0,-1,0,0,0,0,109,125,141,0,3,173,180
922,426,fd,1,164,80,0,4,4,2,1056,0,2,0,0,0,1,0,2,192,80,0,0,65532,500,3996,2,0,0,0,0,0,0,1,0,64,1,0,0,0,0,0,0,0,0,0,0,0,0,0,0,0,0,0,0,0,0,0,0,0,0,-1,0,0,0,0,-1,0,0,0,0,-1,0,0,0,0,-1,0,0,0,0,-1,0,0,0,0,-1,0,0,0,0,-1,0,0,0,0,-1,0,0,0,0,-1,0,0,0,0,-1,0,0,0,0,-1,0,0,0,0,-1,0,0,0,0,108,124,140,0,3,174,180
923,427,fd,1,164,80,0,4,4,2,1056,0,2,0,0,0,1,0,2,192,80,0,0,65531,500,3995,2,0,0,0,0,0,0,1,0,64,1,0,0,0,0,0,0,0,0,0,0,0,0,0,0,0,0,0,0,0,0,0,0,0,0,-1,0,0,0,0,-1,0,0,0,0,-1,0,0,0,0,-1,0,0,0,0,-1,0,0,0,0,-1,0,0,0,0,-1,0,0,0,0,-1,0,0,0,0,-1,0,0,0,0,-1,0,0,0,0,-1,0,0,0,0,-1,0,0,0,0,107,123,139,0,3,175,180
924,428,fd,1,164,80,0,4,4,2,1056,0,2,0,0,0,1,0,2,192,80,0,0,65530,500,3994,2,0,0,0,0,0,0,1,0,64,1,0,0,0,0,0,0,0,0,0,0,0,0,0,0,0,0,0,0,0,0,0,0,0,0,-1,0,0,0,0,-1,0,0,0,0,-1,0,0,0,0,-1,0,0,0,0,-1,0,0,0,0,-1,0,0,0,0,-1,0,0,0,0,-1,0,0,0,0,-1,0,0,0,0,-1,0,0,0,0,-1,0,0,0,0,-1,0,0,0,0,106,122,138,0,3,176,180
925,429,fd,1,164,80,0,4,4,2,1056,0,2,0,0,0,1,0,2,192,80,0,0,65529,500,3993,2,0,0,0,0,0,0,1,0,64,1,0,0,0,0,0,0,0,0,0,0,0,0,0,0,0,0,0,0,0,0,0,0,0,0,-1,0,0,0,0,-1,0,0,0,0,-1,0,0,0,0,-1,0,0,0,0,-1,0,0,0,0,-1,0,0,0,0,-1,0,0,0,0,-1,0,0,0,0,-1,0,0,0,0,-1,0,0,0,0,-1,0,0,0,0,-1,0,0,0,0,105,121,137,0,3,177,180
926,430,fd,1,164,80,0,4,4,2,1056,0,2,0,0,0,1,0,2,192,80,0,0,65528,500,3992,2,0,0,0,0,0,0,1,0,64,1,0,0,0,0,0,0,0,0,0,0,0,0,0,0,0,0,0,0,0,0,0,0,0,0,-1,0,0,0,0,-1,0,0,0,0,-1,0,0,0,0,-1,0,0,0,0,-1,0,0,0,0,-1,0,0,0,0,-1,0,0,0,0,-1,0,0,0,0,-1,0,0,0,0,-1,0,0,0,0,-1,0,0,0,0,-1,0,0,0,0,104,120,136,0,3,178,180
927,431,fd,1,164,80,0,4,4,2,1056,0,2,0,0,0,1,0,2,192,80,0,0,65527,500,3991,2,0,0,0,0,0,0,1,0,64,1,0,0,0,0,0,0,0,0,0,0,0,0,0,0,0,0,0,0,0,0,0,0,0,0,-1,0,0,0,0,-1,0,0,0,0,-1,0,0,0,0,-1,0,0,0,0,-1,0,0,0,0,-1,0,0,0,0,-1,0,0,0,0,-1,0,0,0,0,-1,0,0,0,0,-1,0,0,0,0,-1,0,0,0,0,-1,0,0,0,0,103,119,135,0,3,179,180
928,432,fd,1,164,80,0,4,4,2,1056,0,2,0,0,0,1,0,2,192,80,0,0,65526,500,3990,2,0,0,0,0,0,0,1,0,64,1,0,0,0,0,0,0,0,0,0,0,0,0,0,0,0,0,0,0,0,0,0,0,0,0,-1,0,0,0,0,-1,0,0,0,0,-1,0,0,0,0,-1,0,0,0,0,-1,0,0,0,0,-1,0,0,0,0,-1,0,0,0,0,-1,0,0,0,0,-1,0,0,0,0,-1,0,0,0,0,-1,0,0,0,0,-1,0,0,0,0,102,118,134,0,3,180,180
929,433,fd,1,164,80,0,4,4,2,1056,0,2,0,0,0,1,0,2,192,80,0,0,65525,500,3989,2,0,0,0,0,0,0,1,0,64,1,0,0,0,0,0,0,0,0,0,0,0,0,0,0,0,0,0,0,0,0,0,0,0,0,-1,0,0,0,0,-1,0,0,0,0,-1,0,0,0,0,-1,0,0,0,0,-1,0,0,0,0,-1,0,0,0,0,-1,0,0,0,0,-1,0,0,0,0,-1,0,0,0,0,-1,0,0,0,0,-1,0,0,0,0,-1,0,0,0,0,101,117,133,0,3,181,180
930,434,fd,1,164,80,0,4,4,2,1056,0,2,0,0,0,1,0,2,192,80,0,0,65524,500,3988,2,0,0,0,0,0,0,1,0,64,1,0,0,0,0,0,0,0,0,0,0,0,0,0,0,0,0,0,0,0,0,0,0,0,0,-1,0,0,0,0,-1,0,0,0,0,-1,0,0,0,0,-1,0,0,0,0,-1,0,0,0,0,-1,0,0,0,0,-1,0,0,0,0,-1,0,0,0,0,-1,0,0,0,0,-1,0,0,0,0,-1,0,0,0,0,-1,0,0,0,0,100,116,132,0,3,182,180
931,435,fd,1,164,80,0,4,4,2,1056,0,2,0,0,0,1,0,2,192,80,0,0,65523,500,3987,2,0,0,0,0,0,0,1,0,64,1,0,0,0,0,0,0,0,0,0,0,0,0,0,0,0,0,0,0,0,0,0,0,0,0,-1,0,0,0,0,-1,0,0,0,0,-1,0,0,0,0,-1,0,0,0,0,-1,0,0,0,0,-1,0,0,0,0,-1,0,0,0,0,-1,0,0,0,0,-1,0,0,0,0,-1,0,0,0,0,-1,0,0,0,0,-1,0,0,0,0,99,115,131,0,3,183,180
932,436,fd,1,164,80,0,4,4,2,1056,0,2,0,0,0,1,0,2,192,80,0,0,65522,500,3986,2,0,0,0,0,0,0,1,0,64,1,0,0,0,0,0,0,0,0,0,0,0,0,0,0,0,0,0,0,0,0,0,0,0,0,-1,0,0,0,0,-1,0,0,0,0,-1,0,0,0,0,-1,0,0,0,0,-1,0,0,0,0,-1,0,0,0,0,-1,0,0,0,0,-1,0,0,0,0,-1,0,0,0,0,-1,0,0,0,0,-1,0,0,0,0,-1,0,0,0,0,98,114,130,0,3,184,180
933,437,fd,1,164,80,0,4,4,2,1056,0,2,0,0,0,1,0,2,192,80,0,0,65521,500,3985,2,0,0,0,0,0,0,1,0,64,1,0,0,0,0,0,0,0,0,0,0,0,0,0,0,0,0,0,0,0,0,0,0,0,0,-1,0,0,0,0,-1,0,0,0,0,-1,0,0,0,0,-1,0,0,0,0,-1,0,0,0,0,-1,0,0,0,0,-1,0,0,0,0,-1,0,0,0,0,-1,0,0,0,0,-1,0,0,0,0,-1,0,0,0,0,-1,0,0,0,0,97,113,129,0,3,185,180
934,438,fd,1,164,80,0,4,4,2,1056,0,2,0,0,0,1,0,2,192,80,0,0,65520,500,3984,2,0,0,0,0,0,0,1,0,64,1,0,0,0,0,0,0,0,0,0,0,0,0,0,0,0,0,0,0,0,0,0,0,0,0,-1,0,0,0,0,-1,0,0,0,0,-1,0,0,0,0,-1,0,0,0,0,-1,0,0,0,0,-1,0,0,0,0,-1,0,0,0,0,-1,0,0,0,0,-1,0,0,0,0,-1,0,0,0,0,-1,0,0,0,0,-1,0,0,0,0,96,112,128,0,3,186,180
935,439,fd,1,164,80,0,4,4,2,1056,0,2,0,0,0,1,0,2,192,80,0,0,65519,500,3983,2,0,0,0,0,0,0,1,0,64,1,0,0,0,0,0,0,0,0,0,0,0,0,0,0,0,0,0,0,0,0,0,0,0,0,-1,0,0,0,0,-1,0,0,0,0,-1,0,0,0,0,-1,0,0,0,0,-1,0,0,0,0,-1,0,0,0,0,-1,0,0,0,0,-1,0,0,0,0,-1,0,0,0,0,-1,0,0,0,0,-1,0,0,0,0,-1,0,0,0,0,95,111,127,0,3,187,180
936,440,fd,1,164,80,0,4,4,2,1056,0,2,0,0,0,1,0,2,192,80,0,0,65518,500,3982,2,0,0,0,0,0,0,1,0,64,1,0,0,0,0,0,0,0,0,0,0,0,0,0,0,0,0,0,0,0,0,0,0,0,0,-1,0,0,0,0,-1,0,0,0,0,-1,0,0,0,0,-1,0,0,0,0,-1,0,0,0,0,-1,0,0,0,0,-1,0,0,0,0,-1,0,0,0,0,-1,0,0,0,0,-1,0,0,0,0,-1,0,0,0,0,-1,0,0,0,0,94,110,126,0,3,188,180
937,441,fd,1,164,80,0,4,4,2,1056,0,2,0,0,0,1,0,2,192,80,0,0,65517,500,3981,2,0,0,0,0,0,0,1,0,64,1,0,0,0,0,0,0,0,0,0,0,0,0,0,0,0,0,0,0,0,0,0,0,0,0,-1,0,0,0,0,-1,0,0,0,0,-1,0,0,0,0,-1,0,0,0,0,-1,0,0,0,0,-1,0,0,0,0,-1,0,0,0,0,-1,0,0,0,0,-1,0,0,0,0,-1,0,0,0,0,-1,0,0,0,0,-1,0,0,0,0,93,109,125,0,3,189,180
938,442,fd,1,164,80,0,4,4,2,1056,0,2,0,0,0,1,0,2,192,80,0,0,65516,500,3980,2,0,0,0,0,0,0,1,0,64,1,0,0,0,0,0,0,0,0,0,0,0,0,0,0,0,0,0,0,0,0,0,0,0,0,-1,0,0,0,0,-1,0,0,0,0,-1,0,0,0,0,-1,0,0,0,0,-1,0,0,0,0,-1,0,0,0,0,-1,0,0,0,0,-1,0,0,0,0,-1,0,0,0,0,-1,0,0,0,0,-1,0,0,0,0,-1,0,0,0,0,92,108,124,0,3,190,180
939,443,fd,1,164,80,0,4,4,2,1056,0,2,0,0,0,1,0,2,192,80,0,0,65515,500,3979,2,0,0,0,0,0,0,1,0,64,1,0,0,0,0,0,0,0,0,0,0,0,0,0,0,0,0,0,0,0,0,0,0,0,0,-1,0,0,0,0,-1,0,0,0,0,-1,0,0,0,0,-1,0,0,0,0,-1,0,0,0,0,-1,0,0,0,0,-1,0,0,0,0,-1,0,0,0,0,-1,0,0,0,0,-1,0,0,0,0,-1,0,0,0,0,-1,0,0,0,0,91,107,123,0,3,191,180
940,444,fd,1,164,80,0,4,4,2,1056,0,2,0,0,0,1,0,2,192,80,0,0,65514,500,3978,2,0,0,0,0,0,0,1,0,64,1,0,0,0,0,0,0,0,0,0,0,0,0,0,0,0,0,0,0,0,0,0,0,0,0,-1,0,0,0,0,-1,0,0,0,0,-1,0,0,0,0,-1,0,0,0,0,-1,0,0,0,0,-1,0,0,0,0,-1,0,0,0,0,-1,0,0,0,0,-1,0,0,0,0,-1,0,0,0,0,-1,0,0,0,0,-1,0,0,0,0,90,106,122,0,3,192,180
941,445,fd,1,164,80,0,4,4,2,1056,0,2,0,0,0,1,0,2,192,80,0,0,65513,500,3977,2,0,0,0,0,0,0,1,0,64,1,0,0,0,0,0,0,0,0,0,0,0,0,0,0,0,0,0,0,0,0,0,0,0,0,-1,0,0,0,0,-1,0,0,0,0,-1,0,0,0,0,-1,0,0,0,0,-1,0,0,0,0,-1,0,0,0,0,-1,0,0,0,0,-1,0,0,0,0,-1,0,0,0,0,-1,0,0,0,0,-1,0,0,0,0,-1,0,0,0,0,89,105,121,0,3,193,180
942,446,fd,1,164,80,0,4,4,2,1056,0,2,0,0,0,1,0,2,192,80,0,0,65512,500,3976,2,0,0,0,0,0,0,1,0,64,1,0,0,0,0,0,0,0,0,0,0,0,0,0,0,0,0,0,0,0,0,0,0,0,0,-1,0,0,0,0,-1,0,0,0,0,-1,0,0,0,0,-1,0,0,0,0,-1,0,0,0,0,-1,0,0,0,0,-1,0,0,0,0,-1,0,0,0,0,-1,0,0,0,0,-1,0,0,0,0,-1,0,0,0,0,-1,0,0,0,0,88,104,120,0,3,194,180
943,447,fd,1,164,80,0,4,4,2,1056,0,2,0,0,0,1,0,2,192,80,0,0,65511,500,3975,2,0,0,0,0,0,0,1,0,64,1,0,0,0,0,0,0,0,0,0,0,0,0,0,0,0,0,0,0,0,0,0,0,0,0,-1,0,0,0,0,-1,0,0,0,0,-1,0,0,0,0,-1,0,0,0,0,-1,0,0,0,0,-1,0,0,0,0,-1,0,0,0,0,-1,0,0,0,0,-1,0,0,0,0,-1,0,0,0,0,-1,0,0,0,0,-1,0,0,0,0,87,103,119,0,3,195,180
944,448,fd,1,164,80,0,4,4,2,1056,0,2,0,0,0,1,0,2,192,80,0,0,65510,500,3974,2,0,0,0,0,0,0,1,0,64,1,0,0,0,0,0,0,0,0,0,0,0,0,0,0,0,0,0,0,0,0,0,0,0,0,-1,0,0,0,0,-1,0,0,0,0,-1,0,0,0,0,-1,0,0,0,0,-1,0,0,0,0,-1,0,0,0,0,-1,0,0,0,0,-1,0,0,0,0,-1,0,0,0,0,-1,0,0,0,0,-1,0,0,0,0,-1,0,0,0,0,86,102,118,0,3,196,180
945,449,fd,1,164,80,0,4,4,2,1056,0,2,0,0,0,1,0,2,192,80,0,0,65509,500,3973,2,0,0,0,0,0,0,1,0,64,1,0,0,0,0,0,0,0,0,0,0,0,0,0,0,0,0,0,0,0,0,0,0,0,0,-1,0,0,0,0,-1,0,0,0,0,-1,0,0,0,0,-1,0,0,0,0,-1,0,0,0,0,-1,0,0,0,0,-1,0,0,0,0,-1,0,0,0,0,-1,0,0,0,0,-1,0,0,0,0,-1,0,0,0,0,-1,0,0,0,0,85,101,117,0,3,197,180
946,450,fd,1,164,80,0,4,4,2,1056,0,2,0,0,0,1,0,2,192,80,0,0,65508,500,3972,2,0,0,0,0,0,0,1,0,64,1,0,0,0,0,0,0,0,0,0,0,0,0,0,0,0,0,0,0,0,0,0,0,0,0,-1,0,0,0,0,-1,0,0,0,0,-1,0,0,0,0,-1,0,0,0,0,-1,0,0,0,0,-1,0,0,0,0,-1,0,0,0,0,-1,0,0,0,0,-1,0,0,0,0,-1,0,0,0,0,-1,0,0,0,0,-1,0,0,0,0,84,100,116,0,3,198,180
947,451,fd,1,164,80,0,4,4,2,1056,0,2,0,0,0,1,0,2,192,80,0,0,65507,500,3971,2,0,0,0,0,0,0,1,0,64,1,0,0,0,0,0,0,0,0,0,0,0,0,0,0,0,0,0,0,0,0,0,0,0,0,-1,0,0,0,0,-1,0,0,0,0,-1,0,0,0,0,-1,0,0,0,0,-1,0,0,0,0,-1,0,0,0,0,-1,0,0,0,0,-1,0,0,0,0,-1,0,0,0,0,-1,0,0,0,0,-1,0,0,0,0,-1,0,0,0,0,83,99,115,0,3,199,180
948,452,fd,1,164,80,0,4,4,2,1056,0,2,0,0,0,1,0,2,192,80,0,0,65506,500,3970,2,0,0,0,0,0,0,1,0,64,1,0,0,0,0,0,0,0,0,0,0,0,0,0,0,0,0,0,0,0,0,0,0,0,0,-1,0,0,0,0,-1,0,0,0,0,-1,0,0,0,0,-1,0,0,0,0,-1,0,0,0,0,-1,0,0,0,0,-1,0,0,0,0,-1,0,0,0,0,-1,0,0,0,0,-1,0,0,0,0,-1,0,0,0,0,-1,0,0,0,0,82,98,114,0,3,200,180
949,453,fd,1,164,80,0,4,4,2,1056,0,2,0,0,0,1,0,2,192,80,0,0,65505,500,3969,2,0,0,0,0,0,0,1,0,64,1,0,0,0,0,0,0,0,0,0,0,0,0,0,0,0,0,0,0,0,0,0,0,0,0,-1,0,0,0,0,-1,0,0,0,0,-1,0,0,0,0,-1,0,0,0,0,-1,0,0,0,0,-1,0,0,0,0,-1,0,0,0,0,-1,0,0,0,0,-1,0,0,0,0,-1,0,0,0,0,-1,0,0,0,0,-1,0,0,0,0,81,97,113,0,3,201,180
950,454,fd,1,164,80,0,4,4,2,1056,0,2,0,0,0,1,0,2,192,80,0,0,65504,500,3968,2,0,0,0,0,0,0,1,0,64,1,0,0,0,0,0,0,0,0,0,0,0,0,0,0,0,0,0,0,0,0,0,0,0,0,-1,0,0,0,0,-1,0,0,0,0,-1,0,0,0,0,-1,0,0,0,0,-1,0,0,0,0,-1,0,0,0,0,-1,0,0,0,0,-1,0,0,0,0,-1,0,0,0,0,-1,0,0,0,0,-1,0,0,0,0,-1,0,0,0,0,80,96,112,0,3,202,180
951,455,fd,1,164,80,0,4,4,2,1056,0,2,0,0,0,1,0,2,192,80,0,0,65503,500,3967,2,0,0,0,0,0,0,0,0,64,1,1,0,0,192,240,128,0,0,0,0,0,0,0,0,0,0,0,0,0,0,0,0,0,0,-1,0,0,0,0,-1,0,0,0,0,-1,0,0,0,0,-1,0,0,0,0,-1,0,0,0,0,-1,0,0,0,0,-1,0,0,0,0,-1,0,0,0,0,-1,0,0,0,0,-1,0,0,0,0,-1,0,0,0,0,-1,0,0,0,0,79,95,111,0,3,203,180
952,456,fd,1,164,80,0,4,4,2,1056,0,2,0,0,0,1,0,2,192,80,0,0,65502,500,3966,2,0,0,0,0,0,0,0,0,64,1,1,0,0,192,238,0,0,0,0,0,0,0,0,0,0,0,0,0,0,0,0,0,0,0,-1,0,0,0,0,-1,0,0,0,0,-1,0,0,0,0,-1,0,0,0,0,-1,0,0,0,0,-1,0,0,0,0,-1,0,0,0,0,-1,0,0,0,0,-1,0,0,0,0,-1,0,0,0,0,-1,0,0,0,0,-1,0,0,0,0,78,94,110,0,3,204,180
953,457,fd,1,164,80,0,4,4,2,1056,0,2,0,0,0,1,0,2,192,80,0,0,65501,500,3965,2,0,0,0,0,0,0,0,0,64,1,1,0,0,192,237,128,0,0,0,0,0,0,0,0,0,0,0,0,0,0,0,0,0,0,-1,0,0,0,0,-1,0,0,0,0,-1,0,0,0,0,-1,0,0,0,0,-1,0,0,0,0,-1,0,0,0,0,-1,0,0,0,0,-1,0,0,0,0,-1,0,0,0,0,-1,0,0,0,0,-1,0,0,0,0,-1,0,0,0,0,77,93,109,0,3,205,180
954,458,fd,1,164,80,0,4,4,2,1056,0,2,0,0,0,1,0,2,192,80,0,0,65500,500,3964,2,0,0,0,0,0,0,0,0,64,1,1,0,0,192,235,0,0,0,0,0,0,0,0,0,0,0,0,0,0,0,0,0,0,0,-1,0,0,0,0,-1,0,0,0,0,-1,0,0,0,0,-1,0,0,0,0,-1,0,0,0,0,-1,0,0,0,0,-1,0,0,0,0,-1,0,0,0,0,-1,0,0,0,0,-1,0,0,0,0,-1,0,0,0,0,-1,0,0,0,0,76,92,108,0,3,206,180
955,459,fd,1,164,80,0,4,4,2,1056,0,2,0,0,0,1,0,2,192,80,0,0,65499,500,3963,2,0,0,0,0,0,0,0,0,64,1,1,0,0,192,234,128,0,0,0,0,0,0,0,0,0,0,0,0,0,0,0,0,0,0,-1,0,0,0,0,-1,0,0,0,0,-1,0,0,0,0,-1,0,0,0,0,-1,0,0,0,0,-1,0,0,0,0,-1,0,0,0,0,-1,0,0,0,0,-1,0,0,0,0,-1,0,0,0,0,-1,0,0,0,0,-1,0,0,0,0,75,91,107,0,3,207,180
956,460,fd,1,164,80,0,4,4,2,1056,0,2,0,0,0,1,0,2,192,80,0,0,65498,500,3962,2,0,0,0,0,0,0,0,0,64,1,1,0,0,192,232,0,0,0,0,0,0,0,0,0,0,0,0,0,0,0,0,0,0,0,-1,0,0,0,0,-1,0,0,0,0,-1,0,0,0,0,-1,0,0,0,0,-1,0,0,0,0,-1,0,0,0,0,-1,0,0,0,0,-1,0,0,0,0,-1,0,0,0,0,-1,0,0,0,0,-1,0,0,0,0,-1,0,0,0,0,74,90,106,0,3,208,180
957,461,fd,1,164,80,0,4,4,2,1056,0,2,0,0,0,1,0,2,192,80,0,0,65497,500,3961,2,0,0,0,0,0,0,0,0,64,1,1,0,0,192,231,128,0,0,0,0,0,0,0,0,0,0,0,0,0,0,0,0,0,0,-1,0,0,0,0,-1,0,0,0,0,-1,0,0,0,0,-1,0,0,0,0,-1,0,0,0,0,-1,0,0,0,0,-1,0,0,0,0,-1,0,0,0,0,-1,0,0,0,0,-1,0,0,0,0,-1,0,0,0,0,-1,0,0,0,0,73,89,105,0,3,209,180
958,462,fd,1,164,80,0,4,4,2,1056,0,2,0,0,0,1,0,2,192,80,0,0,65496,500,3960,2,0,0,0,0,0,0,0,0,64,1,1,0,0,192,229,0,0,0,0,0,0,0,0,0,0,0,0,0,0,0,0,0,0,0,-1,0,0,0,0,-1,0,0,0,0,-1,0,0,0,0,-1,0,0,0,0,-1,0,0,0,0,-1,0,0,0,0,-1,0,0,0,0,-1,0,0,0,0,-1,0,0,0,0,-1,0,0,0,0,-1,0,0,0,0,-1,0,0,0,0,72,88,104,0,3,210,180
959,463,fd,1,164,80,0,4,4,2,1056,0,2,0,0,0,1,0,2,192,80,0,0,65495,500,3959,2,0,0,0,0,0,0,0,0,64,1,1,0,0,192,228,128,0,0,0,0,0,0,0,0,0,0,0,0,0,0,0,0,0,0,-1,0,0,0,0,-1,0,0,0,0,-1,0,0,0,0,-1,0,0,0,0,-1,0,0,0,0,-1,0,0,0,0,-1,0,0,0,0,-1,0,0,0,0,-1,0,0,0,0,-1,0,0,0,0,-1,0,0,0,0,-1,0,0,0,0,71,87,103,0,3,211,180
960,464,fd,1,164,80,0,4,4,2,1056,0,2,0,0,0,1,0,2,192,80,0,0,65494,500,3958,2,0,0,0,0,0,0,0,0,64,1,1,0,0,192,226,0,0,0,0,0,0,0,0,0,0,0,0,0,0,0,0,0,0,0,-1,0,0,0,0,-1,0,0,0,0,-1,0,0,0,0,-1,0,0,0,0,-1,0,0,0,0,-1,0,0,0,0,-1,0,0,0,0,-1,0,0,0,0,-1,0,0,0,0,-1,0,0,0,0,-1,0,0,0,0,-1,0,0,0,0,70,86,102,0,3,212,180
961,465,fd,1,164,80,0,4,4,2,1056,0,2,0,0,0,1,0,2,192,80,0,0,65493,500,3957,2,0,0,0,0,0,0,0,0,64,1,1,0,0,192,225,128,0,0,0,0,0,0,0,0,0,0,0,0,0,0,0,0,0,0,-1,0,0,0,0,-1,0,0,0,0,-1,0,0,0,0,-1,0,0,0,0,-1,0,0,0,0,-1,0,0,0,0,-1,0,0,0,0,-1,0,0,0,0,-1,0,0,0,0,-1,0,0,0,0,-1,0,0,0,0,-1,0,0,0,0,69,85,101,0,3,213,180
962,466,fd,1,164,80,0,4,4,2,1056,0,2,0,0,0,1,0,2,192,80,0,0,65492,500,3956,2,0,0,0,0,0,0,0,0,64,1,1,0,0,192,223,0,0,0,0,0,0,0,0,0,0,0,0,0,0,0,0,0,0,0,-1,0,0,0,0,-1,0,0,0,0,-1,0,0,0,0,-1,0,0,0,0,-1,0,0,0,0,-1,0,0,0,0,-1,0,0,0,0,-1,0,0,0,0,-1,0,0,0,0,-1,0,0,0,0,-1,0,0,0,0,-1,0,0,0,0,68,84,100,0,3,214,180
963,467,fd,1,164,80,0,4,4,2,1056,0,2,0,0,0,1,0,2,192,80,0,0,65491,500,3955,2,0,0,0,0,0,0,0,0,64,1,1,0,0,192,222,128,0,0,0,0,0,0,0,0,0,0,0,0,0,0,0,0,0,0,-1,0,0,0,0,-1,0,0,0,0,-1,0,0,0,0,-1,0,0,0,0,-1,0,0,0,0,-1,0,0,0,0,-1,0,0,0,0,-1,0,0,0,0,-1,0,0,0,0,-1,0,0,0,0,-1,0,0,0,0,-1,0,0,0,0,67,83,99,0,3,215,180
964,468,fd,1,164,80,0,4,4,2,1056,0,2,0,0,0,1,0,2,192,80,0,0,65490,500,3954,2,0,0,0,0,0,0,0,0,64,1,1,0,0,192,220,0,0,0,0,0,0,0,0,0,0,0,0,0,0,0,0,0,0,0,-1,0,0,0,0,-1,0,0,0,0,-1,0,0,0,0,-1,0,0,0,0,-1,0,0,0,0,-1,0,0,0,0,-1,0,0,0,0,-1,0,0,0,0,-1,0,0,0,0,-1,0,0,0,0,-1,0,0,0,0,-1,0,0,0,0,66,82,98,0,3,216,180
965,469,fd,1,164,80,0,4,4,2,1056,0,2,0,0,0,1,0,2,192,80,0,0,65489,500,3953,2,0,0,0,0,0,0,0,0,64,1,1,0,0,192,219,128,0,0,0,0,0,0,0,0,0,0,0,0,0,0,0,0,0,0,-1,0,0,0,0,-1,0,0,0,0,-1,0,0,0,0,-1,0,0,0,0,-1,0,0,0,0,-1,0,0,0,0,-1,0,0,0,0,-1,0,0,0,0,-1,0,0,0,0,-1,0,0,0,0,-1,0,0,0,0,-1,0,0,0,0,65,81,97,0,3,217,180
966,470,fd,1,164,80,0,4,4,2,1056,0,2,0,0,0,1,0,2,192,80,0,0,65488,500,3952,2,0,0,0,0,0,0,0,0,64,1,1,0,0,192,217,0,0,0,0,0,0,0,0,0,0,0,0,0,0,0,0,0,0,0,-1,0,0,0,0,-1,0,0,0,0,-1,0,0,0,0,-1,0,0,0,0,-1,0,0,0,0,-1,0,0,0,0,-1,0,0,0,0,-1,0,0,0,0,-1,0,0,0,0,-1,0,0,0,0,-1,0,0,0,0,-1,0,0,0,0,64,80,96,0,3,218,180
967,471,fd,1,164,80,0,4,4,2,1056,0,2,0,0,0,1,0,2,192,80,0,0,65487,500,3951,2,0,0,0,0,0,0,0,0,64,1,1,0,0,192,216,128,0,0,0,0,0,0,0,0,0,0,0,0,0,0,0,0,0,0,-1,0,0,0,0,-1,0,0,0,0,-1,0,0,0,0,-1,0,0,0,0,-1,0,0,0,0,-1,0,0,0,0,-1,0,0,0,0,-1,0,0,0,0,-1,0,0,0,0,-1,0,0,0,0,-1,0,0,0,0,-1,0,0,0,0,63,79,95,0,3,219,180
968,472,fd,1,164,80,0,4,4,2,1056,0,2,0,0,0,1,0,2,192,80,0,0,65486,500,3950,2,0,0,0,0,0,0,0,0,64,1,1,0,0,192,214,0,0,0,0,0,0,0,0,0,0,0,0,0,0,0,0,0,0,0,-1,0,0,0,0,-1,0,0,0,0,-1,0,0,0,0,-1,0,0,0,0,-1,0,0,0,0,-1,0,0,0,0,-1,0,0,0,0,-1,0,0,0,0,-1,0,0,0,0,-1,0,0,0,0,-1,0,0,0,0,-1,0,0,0,0,62,78,94,0,3,220,180
969,473,fd,1,164,80,0,4,4,2,1056,0,2,0,0,0,1,0,2,192,80,0,0,65485,500,3949,2,0,0,0,0,0,0,0,0,64,1,1,0,0,192,213,128,0,0,0,0,0,0,0,0,0,0,0,0,0,0,0,0,0,0,-1,0,0,0,0,-1,0,0,0,0,-1,0,0,0,0,-1,0,0,0,0,-1,0,0,0,0,-1,0,0,0,0,-1,0,0,0,0,-1,0,0,0,0,-1,0,0,0,0,-1,0,0,0,0,-1,0,0,0,0,-1,0,0,0,0,61,77,93,0,3,221,180
970,474,fd,1,164,80,0,4,4,2,1056,0,2,0,0,0,1,0,2,192,80,0,0,65484,500,3948,2,0,0,0,0,0,0,0,0,64,1,1,0,0,192,211,0,0,0,0,0,0,0,0,0,0,0,0,0,0,0,0,0,0,0,-1,0,0,0,0,-1,0,0,0,0,-1,0,0,0,0,-1,0,0,0,0,-1,0,0,0,0,-1,0,0,0,0,-1,0,0,0,0,-1,0,0,0,0,-1,0,0,0,0,-1,0,0,0,0,-1,0,0,0,0,-1,0,0,0,0,60,76,92,0,3,222,180
971,475,fd,1,164,80,0,4,4,2,1056,0,2,0,0,0,1,0,2,192,80,0,0,65483,500,3947,2,0,0,0,0,0,0,0,0,64,1,1,0,0,192,210,128,0,0,0,0,0,0,0,0,0,0,0,0,0,0,0,0,0,0,-1,0,0,0,0,-1,0,0,0,0,-1,0,0,0,0,-1,0,0,0,0,-1,0,0,0,0,-1,0,0,0,0,-1,0,0,0,0,-1,0,0,0,0,-1,0,0,0,0,-1,0,0,0,0,-1,0,0,0,0,-1,0,0,0,0,59,75,91,0,3,223,180
972,476,fd,1,164,80,0,4,4,2,1056,0,2,0,0,0,1,0,2,192,80,0,0,65482,500,3946,2,0,0,0,0,0,0,0,0,64,1,1,0,0,192,208,0,0,0,0,0,0,0,0,0,0,0,0,0,0,0,0,0,0,0,-1,0,0,0,0,-1,0,0,0,0,-1,0,0,0,0,-1,0,0,0,0,-1,0,0,0,0,-1,0,0,0,0,-1,0,0,0,0,-1,0,0,0,0,-1,0,0,0,0,-1,0,0,0,0,-1,0,0,0,0,-1,0,0,0,0,58,74,90,0,3,224,180
973,477,fd,1,164,80,0,4,4,2,1056,0,2,0,0,0,1,0,2,192,80,0,0,65481,500,3945,2,0,0,0,0,0,0,0,0,64,1,1,0,0,192,207,128,0,0,0,0,0,0,0,0,0,0,0,0,0,0,0,0,0,0,-1,0,0,0,0,-1,0,0,0,0,-1,0,0,0,0,-1,0,0,0,0,-1,0,0,0,0,-1,0,0,0,0,-1,0,0,0,0,-1,0,0,0,0,-1,0,0,0,0,-1,0,0,0,0,-1,0,0,0,0,-1,0,0,0,0,57,73,89,0,3,225,180
974,478,fd,1,164,80,0,4,4,2,1056,0,2,0,0,0,1,0,2,192,80,0,0,65480,500,3944,2,0,0,0,0,0,0,0,0,64,1,1,0,0,192,205,0,0,0,0,0,0,0,0,0,0,0,0,0,0,0,0,0,0,0,-1,0,0,0,0,-1,0,0,0,0,-1,0,0,0,0,-1,0,0,0,0,-1,0,0,0,0,-1,0,0,0,0,-1,0,0,0,0,-1,0,0,0,0,-1,0,0,0,0,-1,0,0,0,0,-1,0,0,0,0,-1,0,0,0,0,56,72,88,0,3,226,180
975,479,fd,1,164,80,0,4,4,2,1056,0,2,0,0,0,1,0,2,192,80,0,0,65479,500,3943,2,0,0,0,0,0,0,0,0,64,1,1,0,0,192,204,128,0,0,0,0,0,0,0,0,0,0,0,0,0,0,0,0,0,0,-1,0,0,0,0,-1,0,0,0,0,-1,0,0,0,0,-1,0,0,0,0,-1,0,0,0,0,-1,0,0,0,0,-1,0,0,0,0,-1,0,0,0,0,-1,0,0,0,0,-1,0,0,0,0,-1,0,0,0,0,-1,0,0,0,0,55,71,87,0,3,227,180
976,480,fd,1,164,80,0,4,4,2,1056,0,2,0,0,0,1,0,2,192,80,0,0,65478,500,3942,2,0,0,0,0,0,0,0,0,64,1,1,0,0,192,202,0,0,0,0,0,0,0,0,0,0,0,0,0,0,0,0,0,0,0,-1,0,0,0,0,-1,0,0,0,0,-1,0,0,0,0,-1,0,0,0,0,-1,0,0,0,0,-1,0,0,0,0,-1,0,0,0,0,-1,0,0,0,0,-1,0,0,0,0,-1,0,0,0,0,-1,0,0,0,0,-1,0,0,0,0,54,70,86,0,3,228,180
977,481,fd,1,164,80,0,4,4,2,1056,0,2,0,0,0,1,0,2,192,80,0,0,65477,500,3941,2,0,0,0,0,0,0,0,0,64,1,1,0,0,192,201,128,0,0,0,0,0,0,0,0,0,0,0,0,0,0,0,0,0,0,-1,0,0,0,0,-1,0,0,0,0,-1,0,0,0,0,-1,0,0,0,0,-1,0,0,0,0,-1,0,0,0,0,-1,0,0,0,0,-1,0,0,0,0,-1,0,0,0,0,-1,0,0,0,0,-1,0,0,0,0,-1,0,0,0,0,53,69,85,0,3,229,180
978,482,fd,1,164,80,0,4,4,2,1056,0,2,0,0,0,1,0,2,192,80,0,0,65476,500,3940,2,0,0,0,0,0,0,0,0,64,1,1,0,0,192,199,0,0,0,0,0,0,0,0,0,0,0,0,0,0,0,0,0,0,0,-1,0,0,0,0,-1,0,0,0,0,-1,0,0,0,0,-1,0,0,0,0,-1,0,0,0,0,-1,0,0,0,0,-1,0,0,0,0,-1,0,0,0,0,-1,0,0,0,0,-1,0,0,0,0,-1,0,0,0,0,-1,0,0,0,0,52,68,84,0,3,230,180
979,483,fd,1,164,80,0,4,4,2,1056,0,2,0,0,0,1,0,2,192,80,0,0,65475,500,3939,2,0,0,0,0,0,0,0,0,64,1,1,0,0,192,198,128,0,0,0,0,0,0,0,0,0,0,0,0,0,0,0,0,0,0,-1,0,0,0,0,-1,0,0,0,0,-1,0,0,0,0,-1,0,0,0,0,-1,0,0,0,0,-1,0,0,0,0,-1,0,0,0,0,-1,0,0,0,0,-1,0,0,0,0,-1,0,0,0,0,-1,0,0,0,0,-1,0,0,0,0,51,67,83,0,3,231,180
980,484,fd,1,164,80,0,4,4,2,1056,0,2,0,0,0,1,0,2,192,80,0,0,65474,500,3938,2,0,0,0,0,0,0,0,0,64,1,1,0,0,192,196,0,0,0,0,0,0,0,0,0,0,0,0,0,0,0,0,0,0,0,-1,0,0,0,0,-1,0,0,0,0,-1,0,0,0,0,-1,0,0,0,0,-1,0,0,0,0,-1,0,0,0,0,-1,0,0,0,0,-1,0,0,0,0,-1,0,0,0,0,-1,0,0,0,0,-1,0,0,0,0,-1,0,0,0,0,50,66,82,0,3,232,180
981,485,fd,1,164,80,0,4,4,2,1056,0,2,0,0,0,1,0,2,192,80,0,0,65473,500,3937,2,0,0,0,0,0,0,0,0,64,1,1,0,0,192,195,128,0,0,0,0,0,0,0,0,0,0,0,0,0,0,0,0,0,0,-1,0,0,0,0,-1,0,0,0,0,-1,0,0,0,0,-1,0,0,0,0,-1,0,0,0,0,-1,0,0,0,0,-1,0,0,0,0,-1,0,0,0,0,-1,0,0,0,0,-1,0,0,0,0,-1,0,0,0,0,-1,0,0,0,0,49,65,81,0,3,233,180
982,486,fd,1,164,80,0,4,4,2,1056,0,2,0,0,0,1,0,2,192,80,0,0,65472,500,3936,2,0,0,0,0,0,0,0,0,64,1,1,0,0,192,193,0,0,0,0,0,0,0,0,0,0,0,0,0,0,0,0,0,0,0,-1,0,0,0,0,-1,0,0,0,0,-1,0,0,0,0,-1,0,0,0,0,-1,0,0,0,0,-1,0,0,0,0,-1,0,0,0,0,-1,0,0,0,0,-1,0,0,0,0,-1,0,0,0,0,-1,0,0,0,0,-1,0,0,0,0,48,64,80,0,3,234,180
983,487,fd,1,164,80,0,4,4,2,1056,0,2,0,0,0,1,0,2,192,80,0,0,65471,500,3935,2,0,0,0,0,0,0,0,0,64,1,1,0,0,192,192,128,0,0,0,0,0,0,0,0,0,0,0,0,0,0,0,0,0,0,-1,0,0,0,0,-1,0,0,0,0,-1,0,0,0,0,-1,0,0,0,0,-1,0,0,0,0,-1,0,0,0,0,-1,0,0,0,0,-1,0,0,0,0,-1,0,0,0,0,-1,0,0,0,0,-1,0,0,0,0,-1,0,0,0,0,47,63,79,0,3,235,180
984,488,fd,1,164,80,0,4,4,2,1056,0,2,0,0,0,1,0,2,192,80,0,0,65470,500,3934,2,0,0,0,0,0,0,0,0,64,1,1,0,0,192,190,0,0,0,0,0,0,0,0,0,0,0,0,0,0,0,0,0,0,0,-1,0,0,0,0,-1,0,0,0,0,-1,0,0,0,0,-1,0,0,0,0,-1,0,0,0,0,-1,0,0,0,0,-1,0,0,0,0,-1,0,0,0,0,-1,0,0,0,0,-1,0,0,0,0,-1,0,0,0,0,-1,0,0,0,0,46,62,78,0,3,236,180
985,489,fd,1,164,80,0,4,4,2,1056,0,2,0,0,0,1,0,2,192,80,0,0,65469,500,3933,2,0,0,0,0,0,0,0,0,64,1,1,0,0,192,189,128,0,0,0,0,0,0,0,0,0,0,0,0,0,0,0,0,0,0,-1,0,0,0,0,-1,0,0,0,0,-1,0,0,0,0,-1,0,0,0,0,-1,0,0,0,0,-1,0,0,0,0,-1,0,0,0,0,-1,0,0,0,0,-1,0,0,0,0,-1,0,0,0,0,-1,0,0,0,0,-1,0,0,0,0,45,61,77,0,3,237,180
986,490,fd,1,164,80,0,4,4,2,1056,0,2,0,0,0,1,0,2,192,80,0,0,65468,500,3932,2,0,0,0,0,0,0,0,0,64,1,1,0,0,192,187,0,0,0,0,0,0,0,0,0,0,0,0,0,0,0,0,0,0,0,-1,0,0,0,0,-1,0,0,0,0,-1,0,0,0,0,-1,0,0,0,0,-1,0,0,0,0,-1,0,0,0,0,-1,0,0,0,0,-1,0,0,0,0,-1,0,0,0,0,-1,0,0,0,0,-1,0,0,0,0,-1,0,0,0,0,44,60,76,0,3,238,180
987,491,fd,1,164,80,0,4,4,2,1056,0,2,0,0,0,1,0,2,192,80,0,0,65467,500,3931,2,0,0,0,0,0,0,0,0,64,1,1,0,0,192,186,128,0,0,0,0,0,0,0,0,0,0,0,0,0,0,0,0,0,0,-1,0,0,0,0,-1,0,0,0,0,-1,0,0,0,0,-1,0,0,0,0,-1,0,0,0,0,-1,0,0,0,0,-1,0,0,0,0,-1,0,0,0,0,-1,0,0,0,0,-1,0,0,0,0,-1,0,0,0,0,-1,0,0,0,0,43,59,75,0,3,239,180
988,492,fd,1,164,80,0,4,4,2,1056,0,2,0,0,0,1,0,2,192,80,0,0,65466,500,3930,2,0,0,0,0,0,0,0,0,64,1,1,0,0,192,184,0,0,0,0,0,0,0,0,0,0,0,0,0,0,0,0,0,0,0,-1,0,0,0,0,-1,0,0,0,0,-1,0,0,0,0,-1,0,0,0,0,-1,0,0,0,0,-1,0,0,0,0,-1,0,0,0,0,-1,0,0,0,0,-1,0,0,0,0,-1,0,0,0,0,-1,0,0,0,0,-1,0,0,0,0,42,58,74,0,3,240,180
989,493,fd,1,164,80,0,4,4,2,1056,0,2,0,0,0,1,0,2,192,80,0,0,65465,500,3929,2,0,0,0,0,0,0,0,0,64,1,1,0,0,192,183,128,0,0,0,0,0,0,0,0,0,0,0,0,0,0,0,0,0,0,-1,0,0,0,0,-1,0,0,0,0,-1,0,0,0,0,-1,0,0,0,0,-1,0,0,0,0,-1,0,0,0,0,-1,0,0,0,0,-1,0,0,0,0,-1,0,0,0,0,-1,0,0,0,0,-1,0,0,0,0,-1,0,0,0,0,41,57,73,0,3,241,180
990,494,fd,1,164,80,0,4,4,2,1056,0,2,0,0,0,1,0,2,192,80,0,0,65464,500,3928,2,0,0,0,0,0,0,0,0,64,1,1,0,0,192,181,0,0,0,0,0,0,0,0,0,0,0,0,0,0,0,0,0,0,0,-1,0,0,0,0,-1,0,0,0,0,-1,0,0,0,0,-1,0,0,0,0,-1,0,0,0,0,-1,0,0,0,0,-1,0,0,0,0,-1,0,0,0,0,-1,0,0,0,0,-1,0,0,0,0,-1,0,0,0,0,-1,0,0,0,0,40,56,72,0,3,242,180
991,495,fd,1,164,80,0,4,4,2,1056,0,2,0,0,0,1,0,2,192,80,0,0,65463,500,3927,2,0,0,0,0,0,0,0,0,64,1,1,0,0,192,180,128,1,0,0,192,240,128,0,0,0,0,0,0,0,0,0,0,0,0,-1,0,0,0,0,-1,0,0,0,0,-1,0,0,0,0,-1,0,0,0,0,-1,0,0,0,0,-1,0,0,0,0,-1,0,0,0,0,-1,0,0,0,0,-1,0,0,0,0,-1,0,0,0,0,-1,0,0,0,0,-1,0,0,0,0,39,55,71,0,3,243,180
992,496,fd,1,164,80,0,4,4,2,1056,0,2,0,0,0,1,0,2,192,80,0,0,65462,500,3926,2,0,0,0,0,0,0,0,0,64,1,1,0,0,192,178,0,1,0,0,192,238,0,0,0,0,0,0,0,0,0,0,0,0,0,-1,0,0,0,0,-1,0,0,0,0,-1,0,0,0,0,-1,0,0,0,0,-1,0,0,0,0,-1,0,0,0,0,-1,0,0,0,0,-1,0,0,0,0,-1,0,0,0,0,-1,0,0,0,0,-1,0,0,0,0,-1,0,0,0,0,38,54,70,0,3,244,180
993,497,fd,1,164,80,0,4,4,2,1056,0,2,0,0,0,1,0,2,192,80,0,0,65461,500,3925,2,0,0,0,0,0,0,0,0,64,1,1,0,0,192,177,128,1,0,0,192,237,128,0,0,0,0,0,0,0,0,0,0,0,0,-1,0,0,0,0,-1,0,0,0,0,-1,0,0,0,0,-1,0,0,0,0,-1,0,0,0,0,-1,0,0,0,0,-1,0,0,0,0,-1,0,0,0,0,-1,0,0,0,0,-1,0,0,0,0,-1,0,0,0,0,-1,0,0,0,0,37,53,69,0,3,245,180
994,498,fd,1,164,80,0,4,4,2,1056,0,2,0,0,0,1,0,2,192,80,0,0,65460,500,3924,2,0,0,0,0,0,0,0,0,64,1,1,0,0,192,175,0,1,0,0,192,235,0,0,0,0,0,0,0,0,0,0,0,0,0,-1,0,0,0,0,-1,0,0,0,0,-1,0,0,0,0,-1,0,0,0,0,-1,0,0,0,0,-1,0,0,0,0,-1,0,0,0,0,-1,0,0,0,0,-1,0,0,0,0,-1,0,0,0,0,-1,0,0,0,0,-1,0,0,0,0,36,52,68,0,3,246,180
995,499,fd,1,164,80,0,4,4,2,1056,0,2,0,0,0,1,0,2,192,80,0,0,65459,500,3923,2,0,0,0,0,0,0,0,0,64,1,1,0,0,192,174,128,1,0,0,192,234,128,0,0,0,0,0,0,0,0,0,0,0,0,-1,0,0,0,0,-1,0,0,0,0,-1,0,0,0,0,-1,0,0,0,0,-1,0,0,0,0,-1,0,0,0,0,-1,0,0,0,0,-1,0,0,0,0,-1,0,0,0,0,-1,0,0,0,0,-1,0,0,0,0,-1,0,0,0,0,35,51,67,0,3,247,180
996,500,fd,1,164,80,0,4,4,2,1056,0,2,0,0,0,1,0,2,192,80,0,0,65458,500,3922,2,0,0,0,0,0,0,0,0,64,1,1,0,0,192,172,0,1,0,0,192,232,0,0,0,0,0,0,0,0,0,0,0,0,0,-1,0,0,0,0,-1,0,0,0,0,-1,0,0,0,0,-1,0,0,0,0,-1,0,0,0,0,-1,0,0,0,0,-1,0,0,0,0,-1,0,0,0,0,-1,0,0,0,0,-1,0,0,0,0,-1,0,0,0,0,-1,0,0,0,0,34,50,66,0,3,248,180
997,501,fd,1,164,80,0,4,4,2,1056,0,2,0,0,0,1,0,2,192,80,0,0,65457,500,3921,2,0,0,0,0,0,0,0,0,64,1,1,0,0,192,171,128,1,0,0,192,231,128,0,0,0,0,0,0,0,0,0,0,0,0,-1,0,0,0,0,-1,0,0,0,0,-1,0,0,0,0,-1,0,0,0,0,-1,0,0,0,0,-1,0,0,0,0,-1,0,0,0,0,-1,0,0,0,0,-1,0,0,0,0,-1,0,0,0,0,-1,0,0,0,0,-1,0,0,0,0,33,49,65,0,3,249,180
998,502,fd,1,164,80,0,4,4,2,1056,0,2,0,0,0,1,0,2,192,80,0,0,65456,500,3920,2,0,0,0,0,0,0,0,0,64,1,1,0,0,192,169,0,1,0,0,192,229,0,0,0,0,0,0,0,0,0,0,0,0,0,-1,0,0,0,0,-1,0,0,0,0,-1,0,0,0,0,-1,0,0,0,0,-1,0,0,0,0,-1,0,0,0,0,-1,0,0,0,0,-1,0,0,0,0,-1,0,0,0,0,-1,0,0,0,0,-1,0,0,0,0,-1,0,0,0,0,32,48,64,0,3,250,180
999,503,fd,1,164,80,0,4,4,2,1056,0,2,0,0,0,1,0,2,192,80,0,0,65455,500,3919,2,0,0,0,0,0,0,0,0,64,1,1,0,0,192,168,128,1,0,0,192,228,128,0,0,0,0,0,0,0,0,0,0,0,0,-1,0,0,0,0,-1,0,0,0,0,-1,0,0,0,0,-1,0,0,0,0,-1,0,0,0,0,-1,0,0,0,0,-1,0,0,0,0,-1,0,0,0,0,-1,0,0,0,0,-1,0,0,0,0,-1,0,0,0,0,-1,0,0,0,0,31,47,63,0,3,251,180
1000,504,fd,1,164,80,0,4,4,2,1056,0,2,0,0,0,1,0,2,192,80,0,0,65454,500,3918,2,0,0,0,0,0,0,0,0,64,1,1,0,0,192,166,0,1,0,0,192,226,0,0,0,0,0,0,0,0,0,0,0,0,0,-1,0,0,0,0,-1,0,0,0,0,-1,0,0,0,0,-1,0,0,0,0,-1,0,0,0,0,-1,0,0,0,0,-1,0,0,0,0,-1,0,0,0,0,-1,0,0,0,0,-1,0,0,0,0,-1,0,0,0,0,-1,0,0,0,0,30,46,62,0,3,252,180
1001,505,fd,1,164,80,0,4,4,2,1056,0,2,0,0,0,1,0,2,192,80,0,0,65453,500,3917,2,0,0,0,0,0,0,0,0,64,1,1,0,0,192,165,128,1,0,0,192,225,128,0,0,0,0,0,0,0,0,0,0,0,0,-1,0,0,0,0,-1,0,0,0,0,-1,0,0,0,0,-1,0,0,0,0,-1,0,0,0,0,-1,0,0,0,0,-1,0,0,0,0,-1,0,0,0,0,-1,0,0,0,0,-1,0,0,0,0,-1,0,0,0,0,-1,0,0,0,0,29,45,61,0,3,253,180
1002,506,fd,1,164,80,0,4,4,2,1056,0,2,0,0,0,1,0,2,192,80,0,0,65452,500,3916,2,0,0,0,0,0,0,0,0,64,1,1,0,0,192,163,0,1,0,0,192,223,0,0,0,0,0,0,0,0,0,0,0,0,0,-1,0,0,0,0,-1,0,0,0,0,-1,0,0,0,0,-1,0,0,0,0,-1,0,0,0,0,-1,0,0,0,0,-1,0,0,0,0,-1,0,0,0,0,-1,0,0,0,0,-1,0,0,0,0,-1,0,0,0,0,-1,0,0,0,0,28,44,60,0,3,254,180
1003,507,fd,1,164,80,0,4,4,2,1056,0,2,0,0,0,1,0,2,192,80,0,0,65451,500,3915,2,0,0,0,0,0,0,0,0,64,1,1,0,0,192,162,128,1,0,0,192,222,128,0,0,0,0,0,0,0,0,0,0,0,0,-1,0,0,0,0,-1,0,0,0,0,-1,0,0,0,0,-1,0,0,0,0,-1,0,0,0,0,-1,0,0,0,0,-1,0,0,0,0,-1,0,0,0,0,-1,0,0,0,0,-1,0,0,0,0,-1,0,0,0,0,-1,0,0,0,0,27,43,59,0,3,255,180
1004,508,fd,1,164,80,0,4,4,2,1056,0,2,0,0,0,1,0,2,192,80,0,0,65450,500,3914,2,0,0,0,0,0,0,0,0,64,1,1,0,0,192,160,0,1,0,0,192,220,0,0,0,0,0,0,0,0,0,0,0,0,0,-1,0,0,0,0,-1,0,0,0,0,-1,0,0,0,0,-1,0,0,0,0,-1,0,0,0,0,-1,0,0,0,0,-1,0,0,0,0,-1,0,0,0,0,-1,0,0,0,0,-1,0,0,0,0,-1,0,0,0,0,-1,0,0,0,0,26,42,58,0,3,0,180
1005,509,fd,1,164,80,0,4,4,2,1056,0,2,0,0,0,1,0,2,192,80,0,0,65449,500,3913,2,0,0,0,0,0,0,0,0,64,1,1,0,0,192,159,128,1,0,0,192,219,128,0,0,0,0,0,0,0,0,0,0,0,0,-1,0,0,0,0,-1,0,0,0,0,-1,0,0,0,0,-1,0,0,0,0,-1,0,0,0,0,-1,0,0,0,0,-1,0,0,0,0,-1,0,0,0,0,-1,0,0,0,0,-1,0,0,0,0,-1,0,0,0,0,-1,0,0,0,0,25,41,57,0,3,1,180
1006,510,fd,1,164,80,0,4,4,2,1056,0,2,0,0,0,1,0,2,192,80,0,0,65448,500,3912,2,0,0,0,0,0,0,0,0,64,1,1,0,0,192,157,0,1,0,0,192,217,0,0,0,0,0,0,0,0,0,0,0,0,0,-1,0,0,0,0,-1,0,0,0,0,-1,0,0,0,0,-1,0,0,0,0,-1,0,0,0,0,-1,0,0,0,0,-1,0,0,0,0,-1,0,0,0,0,-1,0,0,0,0,-1,0,0,0,0,-1,0,0,0,0,-1,0,0,0,0,24,40,56,0,3,2,180
1007,511,fd,1,164,80,0,4,4,2,1056,0,2,0,0,0,1,0,2,192,80,0,0,65447,500,3911,2,0,0,0,0,0,0,0,0,64,1,1,0,0,192,156,128,1,0,0,192,216,128,0,0,0,0,0,0,0,0,0,0,0,0,-1,0,0,0,0,-1,0,0,0,0,-1,0,0,0,0,-1,0,0,0,0,-1,0,0,0,0,-1,0,0,0,0,-1,0,0,0,0,-1,0,0,0,0,-1,0,0,0,0,-1,0,0,0,0,-1,0,0,0,0,-1,0,0,0,0,23,39,55,0,3,3,180
1008,512,fd,1,164,80,0,4,4,2,1056,0,2,0,0,0,1,0,2,192,80,0,0,65446,500,3910,2,0,0,0,0,0,0,0,0,64,1,1,0,0,192,154,0,1,0,0,192,214,0,0,0,0,0,0,0,0,0,0,0,0,0,-1,0,0,0,0,-1,0,0,0,0,-1,0,0,0,0,-1,0,0,0,0,-1,0,0,0,0,-1,0,0,0,0,-1,0,0,0,0,-1,0,0,0,0,-1,0,0,0,0,-1,0,0,0,0,-1,0,0,0,0,-1,0,0,0,0,22,38,54,0,3,4,180
1009,513,fd,1,164,80,0,4,4,2,1056,0,2,0,0,0,1,0,2,192,80,0,0,65445,500,3909,2,0,0,0,0,0,0,0,0,64,1,1,0,0,192,153,128,1,0,0,192,213,128,0,0,0,0,0,0,0,0,0,0,0,0,-1,0,0,0,0,-1,0,0,0,0,-1,0,0,0,0,-1,0,0,0,0,-1,0,0,0,0,-1,0,0,0,0,-1,0,0,0,0,-1,0,0,0,0,-1,0,0,0,0,-1,0,0,0,0,-1,0,0,0,0,-1,0,0,0,0,21,37,53,0,3,5,180
1010,514,fd,1,164,80,0,4,4,2,1056,0,2,0,0,0,1,0,2,192,80,0,0,65444,500,3908,2,0,0,0,0,0,0,0,0,64,1,1,0,0,192,151,0,1,0,0,192,211,0,0,0,0,0,0,0,0,0,0,0,0,0,-1,0,0,0,0,-1,0,0,0,0,-1,0,0,0,0,-1,0,0,0,0,-1,0,0,0,0,-1,0,0,0,0,-1,0,0,0,0,-1,0,0,0,0,-1,0,0,0,0,-1,0,0,0,0,-1,0,0,0,0,-1,0,0,0,0,20,36,52,0,3,6,180
1011,515,fd,1,164,80,0,4,4,2,1056,0,2,0,0,0,1,0,2,192,80,0,0,65443,500,3907,2,0,0,0,0,0,0,0,0,64,1,1,0,0,192,150,128,1,0,0,192,210,128,0,0,0,0,0,0,0,0,0,0,0,0,-1,0,0,0,0,-1,0,0,0,0,-1,0,0,0,0,-1,0,0,0,0,-1,0,0,0,0,-1,0,0,0,0,-1,0,0,0,0,-1,0,0,0,0,-1,0,0,0,0,-1,0,0,0,0,-1,0,0,0,0,-1,0,0,0,0,19,35,51,0,3,7,180
1012,516,fd,1,164,80,0,4,4,2,1056,0,2,0,0,0,1,0,2,192,80,0,0,65442,500,3906,2,0,0,0,0,0,0,0,0,64,1,1,0,0,192,148,0,1,0,0,192,208,0,0,0,0,0,0,0,0,0,0,0,0,0,-1,0,0,0,0,-1,0,0,0,0,-1,0,0,0,0,-1,0,0,0,0,-1,0,0,0,0,-1,0,0,0,0,-1,0,0,0,0,-1,0,0,0,0,-1,0,0,0,0,-1,0,0,0,0,-1,0,0,0,0,-1,0,0,0,0,18,34,50,0,3,8,180
1013,517,fd,1,164,80,0,4,4,2,1056,0,2,0,0,0,1,0,2,192,80,0,0,65441,500,3905,2,0,0,0,0,0,0,0,0,64,1,1,0,0,192,147,128,1,0,0,192,207,128,0,0,0,0,0,0,0,0,0,0,0,0,-1,0,0,0,0,-1,0,0,0,0,-1,0,0,0,0,-1,0,0,0,0,-1,0,0,0,0,-1,0,0,0,0,-1,0,0,0,0,-1,0,0,0,0,-1,0,0,0,0,-1,0,0,0,0,-1,0,0,0,0,-1,0,0,0,0,17,33,49,0,3,9,180
1014,518,fd,1,164,80,0,4,4,2,1056,0,2,0,0,0,1,0,2,192,80,0,0,65440,500,3904,2,0,0,0,0,0,0,0,0,64,1,1,0,0,192,145,0,1,0,0,192,205,0,0,0,0,0,0,0,0,0,0,0,0,0,-1,0,0,0,0,-1,0,0,0,0,-1,0,0,0,0,-1,0,0,0,0,-1,0,0,0,0,-1,0,0,0,0,-1,0,0,0,0,-1,0,0,0,0,-1,0,0,0,0,-1,0,0,0,0,-1,0,0,0,0,-1,0,0,0,0,16,32,48,0,3,10,180
1015,519,fd,1,164,80,0,4,4,2,1056,0,2,0,0,0,1,0,2,192,80,0,0,65439,500,3903,2,0,0,0,0,0,0,0,0,64,1,1,0,0,192,144,128,1,0,0,192,204,128,0,0,0,0,0,0,0,0,0,0,0,0,-1,0,0,0,0,-1,0,0,0,0,-1,0,0,0,0,-1,0,0,0,0,-1,0,0,0,0,-1,0,0,0,0,-1,0,0,0,0,-1,0,0,0,0,-1,0,0,0,0,-1,0,0,0,0,-1,0,0,0,0,-1,0,0,0,0,15,31,47,0,3,11,180
1016,520,fd,1,164,80,0,4,4,2,1056,0,2,0,0,0,1,0,2,192,80,0,0,65438,500,3902,2,0,0,0,0,0,0,0,0,64,1,1,0,0,192,142,0,1,0,0,192,202,0,0,0,0,0,0,0,0,0,0,0,0,0,-1,0,0,0,0,-1,0,0,0,0,-1,0,0,0,0,-1,0,0,0,0,-1,0,0,0,0,-1,0,0,0,0,-1,0,0,0,0,-1,0,0,0,0,-1,0,0,0,0,-1,0,0,0,0,-1,0,0,0,0,-1,0,0,0,0,14,30,46,0,3,12,180
1017,521,fd,1,164,80,0,4,4,2,1056,0,2,0,0,0,1,0,2,192,80,0,0,65437,500,3901,2,0,0,0,0,0,0,0,0,64,1,1,0,0,192,141,128,1,0,0,192,201,128,0,0,0,0,0,0,0,0,0,0,0,0,-1,0,0,0,0,-1,0,0,0,0,-1,0,0,0,0,-1,0,0,0,0,-1,0,0,0,0,-1,0,0,0,0,-1,0,0,0,0,-1,0,0,0,0,-1,0,0,0,0,-1,0,0,0,0,-1,0,0,0,0,-1,0,0,0,0,13,29,45,0,3,13,180
1018,522,fd,1,164,80,0,4,4,2,1056,0,2,0,0,0,1,0,2,192,80,0,0,65436,500,3900,2,0,0,0,0,0,0,0,0,64,1,1,0,0,192,139,0,1,0,0,192,199,0,0,0,0,0,0,0,0,0,0,0,0,0,-1,0,0,0,0,-1,0,0,0,0,-1,0,0,0,0,-1,0,0,0,0,-1,0,0,0,0,-1,0,0,0,0,-1,0,0,0,0,-1,0,0,0,0,-1,0,0,0,0,-1,0,0,0,0,-1,0,0,0,0,-1,0,0,0,0,12,28,44,0,3,14,180
1019,523,fd,1,164,80,0,4,4,2,1056,0,2,0,0,0,1,0,2,192,80,0,0,65435,500,3899,2,0,0,0,0,0,0,0,0,64,1,1,0,0,192,138,128,1,0,0,192,198,128,0,0,0,0,0,0,0,0,0,0,0,0,-1,0,0,0,0,-1,0,0,0,0,-1,0,0,0,0,-1,0,0,0,0,-1,0,0,0,0,-1,0,0,0,0,-1,0,0,0,0,-1,0,0,0,0,-1,0,0,0,0,-1,0,0,0,0,-1,0,0,0,0,-1,0,0,0,0,11,27,43,0,3,15,180
1020,524,fd,1,164,80,0,4,4,2,1056,0,2,0,0,0,1,0,2,192,80,0,0,65434,500,3898,2,0,0,0,0,0,0,0,0,64,1,1,0,0,192,136,0,1,0,0,192,196,0,0,0,0,0,0,0,0,0,0,0,0,0,-1,0,0,0,0,-1,0,0,0,0,-1,0,0,0,0,-1,0,0,0,0,-1,0,0,0,0,-1,0,0,0,0,-1,0,0,0,0,-1,0,0,0,0,-1,0,0,0,0,-1,0,0,0,0,-1,0,0,0,0,-1,0,0,0,0,10,26,42,0,3,16,180
1021,525,fd,1,164,80,0,4,4,2,1056,0,2,0,0,0,1,0,2,192,80,0,0,65433,500,3897,2,0,0,0,0,0,0,0,0,64,1,1,0,0,192,135,128,1,0,0,192,195,128,0,0,0,0,0,0,0,0,0,0,0,0,-1,0,0,0,0,-1,0,0,0,0,-1,0,0,0,0,-1,0,0,0,0,-1,0,0,0,0,-1,0,0,0,0,-1,0,0,0,0,-1,0,0,0,0,-1,0,0,0,0,-1,0,0,0,0,-1,0,0,0,0,-1,0,0,0,0,9,25,41,0,3,17,180
1022,526,fd,1,164,80,0,4,4,2,1056,0,2,0,0,0,1,0,2,192,80,0,0,65432,500,3896,2,0,0,0,0,0,0,0,0,64,1,1,0,0,192,133,0,1,0,0,192,193,0,0,0,0,0,0,0,0,0,0,0,0,0,-1,0,0,0,0,-1,0,0,0,0,-1,0,0,0,0,-1,0,0,0,0,-1,0,0,0,0,-1,0,0,0,0,-1,0,0,0,0,-1,0,0,0,0,-1,0,0,0,0,-1,0,0,0,0,-1,0,0,0,0,-1,0,0,0,0,8,24,40,0,3,18,180
1023,527,fd,1,164,80,0,4,4,2,1056,0,2,0,0,0,1,0,2,192,80,0,0,65431,500,3895,2,0,0,0,0,0,0,0,0,64,1,1,0,0,192,132,128,1,0,0,192,192,128,0,0,0,0,0,0,0,0,0,0,0,0,-1,0,0,0,0,-1,0,0,0,0,-1,0,0,0,0,-1,0,0,0,0,-1,0,0,0,0,-1,0,0,0,0,-1,0,0,0,0,-1,0,0,0,0,-1,0,0,0,0,-1,0,0,0,0,-1,0,0,0,0,-1,0,0,0,0,7,23,39,0,3,19,180
1024,528,fd,1,164,80,0,4,4,2,1056,0,2,0,0,0,1,0,2,192,80,0,0,65430,500,3894,2,0,0,0,0,0,0,0,0,64,1,1,0,0,192,130,0,1,0,0,192,190,0,0,0,0,0,0,0,0,0,0,0,0,0,-1,0,0,0,0,-1,0,0,0,0,-1,0,0,0,0,-1,0,0,0,0,-1,0,0,0,0,-1,0,0,0,0,-1,0,0,0,0,-1,0,0,0,0,-1,0,0,0,0,-1,0,0,0,0,-1,0,0,0,0,-1,0,0,0,0,6,22,38,0,3,20,180
1025,529,fd,1,164,80,0,4,4,2,1056,0,2,0,0,0,1,0,2,192,80,0,0,65429,500,3893,2,0,0,0,0,0,0,0,0,64,1,1,0,0,192,129,128,1,0,0,192,189,128,0,0,0,0,0,0,0,0,0,0,0,0,-1,0,0,0,0,-1,0,0,0,0,-1,0,0,0,0,-1,0,0,0,0,-1,0,0,0,0,-1,0,0,0,0,-1,0,0,0,0,-1,0,0,0,0,-1,0,0,0,0,-1,0,0,0,0,-1,0,0,0,0,-1,0,0,0,0,5,21,37,0,3,21,180
1026,530,fd,1,164,80,0,4,4,2,1056,0,2,0,0,0,1,0,2,192,80,0,0,65428,500,3892,2,0,0,0,0,0,0,0,0,64,1,1,0,0,192,127,0,1,0,0,192,187,0,0,0,0,0,0,0,0,0,0,0,0,0,-1,0,0,0,0,-1,0,0,0,0,-1,0,0,0,0,-1,0,0,0,0,-1,0,0,0,0,-1,0,0,0,0,-1,0,0,0,0,-1,0,0,0,0,-1,0,0,0,0,-1,0,0,0,0,-1,0,0,0,0,-1,0,0,0,0,4,20,36,0,3,22,180
1027,531,fd,1,164,80,0,4,4,2,1056,0,2,0,0,0,1,0,2,192,80,0,0,65427,500,3891,2,0,0,0,0,0,0,0,0,64,1,1,0,0,192,126,128,1,0,0,192,186,128,0,0,0,0,0,0,0,0,0,0,0,0,-1,0,0,0,0,-1,0,0,0,0,-1,0,0,0,0,-1,0,0,0,0,-1,0,0,0,0,-1,0,0,0,0,-1,0,0,0,0,-1,0,0,0,0,-1,0,0,0,0,-1,0,0,0,0,-1,0,0,0,0,-1,0,0,0,0,3,19,35,0,3,23,180
1028,532,fd,1,164,80,0,4,4,2,1056,0,2,0,0,0,1,0,2,192,80,0,0,65426,500,3890,2,0,0,0,0,0,0,0,0,64,1,1,0,0,192,124,0,1,0,0,192,184,0,0,0,0,0,0,0,0,0,0,0,0,0,-1,0,0,0,0,-1,0,0,0,0,-1,0,0,0,0,-1,0,0,0,0,-1,0,0,0,0,-1,0,0,0,0,-1,0,0,0,0,-1,0,0,0,0,-1,0,0,0,0,-1,0,0,0,0,-1,0,0,0,0,-1,0,0,0,0,2,18,34,0,3,24,180
1029,533,fd,1,164,80,0,4,4,2,1056,0,2,0,0,0,1,0,2,192,80,0,0,65425,500,3889,2,0,0,0,0,0,0,0,0,64,1,1,0,0,192,123,128,1,0,0,192,183,128,0,0,0,0,0,0,0,0,0,0,0,0,-1,0,0,0,0,-1,0,0,0,0,-1,0,0,0,0,-1,0,0,0,0,-1,0,0,0,0,-1,0,0,0,0,-1,0,0,0,0,-1,0,0,0,0,-1,0,0,0,0,-1,0,0,0,0,-1,0,0,0,0,-1,0,0,0,0,1,17,33,0,3,25,180
1030,534,fd,1,164,80,0,4,4,2,1056,0,2,0,0,0,1,0,2,192,80,0,0,65424,500,3888,2,0,0,0,0,0,0,0,0,64,1,1,0,0,192,121,0,1,0,0,192,181,0,0,0,0,0,0,0,0,0,0,0,0,0,-1,0,0,0,0,-1,0,0,0,0,-1,0,0,0,0,-1,0,0,0,0,-1,0,0,0,0,-1,0,0,0,0,-1,0,0,0,0,-1,0,0,0,0,-1,0,0,0,0,-1,0,0,0,0,-1,0,0,0,0,-1,0,0,0,0,0,16,32,0,3,26,180
1031,535,fd,1,164,80,0,4,4,2,1056,0,2,0,0,0,1,0,2,192,80,0,0,65423,500,3887,2,0,0,0,0,0,0,0,0,64,1,1,0,0,192,120,128,1,0,0,192,180,128,0,0,0,0,0,0,0,0,0,0,0,0,-1,0,0,0,0,-1,0,0,0,0,-1,0,0,0,0,-1,0,0,0,0,-1,0,0,0,0,-1,0,0,0,0,-1,0,0,0,0,-1,0,0,0,0,-1,0,0,0,0,-1,0,0,0,0,-1,0,0,0,0,-1,0,0,0,0,255,15,31,0,3,27,180
1032,536,fd,1,164,80,0,4,4,2,1056,0,2,0,0,0,1,0,2,192,80,0,0,65422,500,3886,2,0,0,0,0,0,0,0,0,64,1,1,0,0,192,118,0,1,0,0,192,178,0,0,0,0,0,0,0,0,0,0,0,0,0,-1,0,0,0,0,-1,0,0,0,0,-1,0,0,0,0,-1,0,0,0,0,-1,0,0,0,0,-1,0,0,0,0,-1,0,0,0,0,-1,0,0,0,0,-1,0,0,0,0,-1,0,0,0,0,-1,0,0,0,0,-1,0,0,0,0,254,14,30,0,3,28,180
1033,537,fd,1,164,80,0,4,4,2,1056,0,2,0,0,0,1,0,2,192,80,0,0,65421,500,3885,2,0,0,0,0,0,0,0,0,64,1,1,0,0,192,117,128,1,0,0,192,177,128,0,0,0,0,0,0,0,0,0,0,0,0,-1,0,0,0,0,-1,0,0,0,0,-1,0,0,0,0,-1,0,0,0,0,-1,0,0,0,0,-1,0,0,0,0,-1,0,0,0,0,-1,0,0,0,0,-1,0,0,0,0,-1,0,0,0,0,-1,0,0,0,0,-1,0,0,0,0,253,13,29,0,3,29,180
1034,538,fd,1,164,80,0,4,4,2,1056,0,2,0,0,0,1,0,2,192,80,0,0,65420,500,3884,2,0,0,0,0,0,0,0,0,64,1,1,0,0,192,115,0,1,0,0,192,175,0,0,0,0,0,0,0,0,0,0,0,0,0,-1,0,0,0,0,-1,0,0,0,0,-1,0,0,0,0,-1,0,0,0,0,-1,0,0,0,0,-1,0,0,0,0,-1,0,0,0,0,-1,0,0,0,0,-1,0,0,0,0,-1,0,0,0,0,-1,0,0,0,0,-1,0,0,0,0,252,12,28,0,3,30,180
1035,539,ed,1,160,80,1,4,4,2,1024,16,2,0,0,0,1,0,4,192,80,0,0,65419,500,3883,2,0,0,0,0,0,1,0,0,64,1,1,0,0,192,114,128,1,0,0,192,174,128,0,0,0,0,0,0,0,0,0,0,0,0,-1,0,0,0,0,-1,0,0,0,0,-1,0,0,0,0,-1,0,0,0,0,-1,0,0,0,0,-1,0,0,0,0,-1,0,0,0,0,-1,0,0,0,0,-1,0,0,0,0,-1,0,0,0,0,-1,0,0,0,0,-1,0,0,0,0,251,11,27,0,3,31,180
1036,540,fd,1,157,80,1,4,4,2,992,16,2,0,0,0,1,0,4,192,78,0,0,65418,500,3882,2,0,0,0,0,0,0,0,0,64,1,1,0,0,192,112,0,1,0,0,192,172,0,0,0,0,0,0,0,0,0,0,0,0,0,-1,0,0,0,0,-1,0,0,0,0,-1,0,0,0,0,-1,0,0,0,0,-1,0,0,0,0,-1,0,0,0,0,-1,0,0,0,0,-1,0,0,0,0,-1,0,0,0,0,-1,0,0,0,0,-1,0,0,0,0,-1,0,0,0,0,250,10,26,0,3,32,180
1037,541,fd,1,154,80,1,4,4,2,960,0,2,0,0,0,1,0,4,192,76,0,0,65417,500,3881,2,0,0,0,0,0,0,0,0,64,1,1,0,0,192,111,128,1,0,0,192,171,128,0,0,0,0,0,0,0,0,0,0,0,0,-1,0,0,0,0,-1,0,0,0,0,-1,0,0,0,0,-1,0,0,0,0,-1,0,0,0,0,-1,0,0,0,0,-1,0,0,0,0,-1,0,0,0,0,-1,0,0,0,0,-1,0,0,0,0,-1,0,0,0,0,-1,0,0,0,0,249,9,25,0,3,33,180
1038,542,fd,1,151,80,1,4,4,2,928,0,2,0,0,0,1,0,4,192,74,0,0,65416,500,3880,2,0,0,0,0,0,0,0,0,64,1,1,0,0,192,109,0,1,0,0,192,169,0,0,0,0,0,0,0,0,0,0,0,0,0,-1,0,0,0,0,-1,0,0,0,0,-1,0,0,0,0,-1,0,0,0,0,-1,0,0,0,0,-1,0,0,0,0,-1,0,0,0,0,-1,0,0,0,0,-1,0,0,0,0,-1,0,0,0,0,-1,0,0,0,0,-1,0,0,0,0,248,8,24,0,3,34,180
1039,543,fd,1,148,80,1,4,4,2,896,0,2,0,0,0,1,0,4,192,72,0,0,65415,500,3879,2,0,0,0,0,0,0,0,0,64,1,1,0,0,192,108,128,1,0,0,192,168,128,0,0,0,0,0,0,0,0,0,0,0,0,-1,0,0,0,0,-1,0,0,0,0,-1,0,0,0,0,-1,0,0,0,0,-1,0,0,0,0,-1,0,0,0,0,-1,0,0,0,0,-1,0,0,0,0,-1,0,0,0,0,-1,0,0,0,0,-1,0,0,0,0,-1,0,0,0,0,247,7,23,0,3,35,180
1040,544,fd,1,145,80,1,4,4,2,864,0,2,0,0,0,1,0,4,192,70,0,0,65414,500,3878,2,0,0,0,0,0,0,0,0,64,1,1,0,0,192,106,0,1,0,0,192,166,0,0,0,0,0,0,0,0,0,0,0,0,0,-1,0,0,0,0,-1,0,0,0,0,-1,0,0,0,0,-1,0,0,0,0,-1,0,0,0,0,-1,0,0,0,0,-1,0,0,0,0,-1,0,0,0,0,-1,0,0,0,0,-1,0,0,0,0,-1,0,0,0,0,-1,0,0,0,0,246,6,22,0,3,36,180
1041,545,fd,1,142,80,1,4,4,2,832,0,2,0,0,0,1,0,4,192,68,0,0,65413,500,3877,2,0,0,0,0,0,0,0,0,64,1,1,0,0,192,105,128,1,0,0,192,165,128,0,0,0,0,0,0,0,0,0,0,0,0,-1,0,0,0,0,-1,0,0,0,0,-1,0,0,0,0,-1,0,0,0,0,-1,0,0,0,0,-1,0,0,0,0,-1,0,0,0,0,-1,0,0,0,0,-1,0,0,0,0,-1,0,0,0,0,-1,0,0,0,0,-1,0,0,0,0,245,5,21,0,3,37,180
1042,546,fd,1,139,80,1,4,4,2,800,0,2,0,0,0,1,0,4,192,66,0,0,65412,500,3876,2,0,0,0,0,0,0,0,0,64,1,1,0,0,192,103,0,1,0,0,192,163,0,0,0,0,0,0,0,0,0,0,0,0,0,-1,0,0,0,0,-1,0,0,0,0,-1,0,0,0,0,-1,0,0,0,0,-1,0,0,0,0,-1,0,0,0,0,-1,0,0,0,0,-1,0,0,0,0,-1,0,0,0,0,-1,0,0,0,0,-1,0,0,0,0,-1,0,0,0,0,244,4,20,0,3,38,180
1043,547,fd,1,136,80,1,4,4,2,768,0,2,0,0,0,1,0,4,192,64,0,0,65411,500,3875,2,0,0,0,0,0,0,0,0,64,1,1,0,0,192,102,128,1,0,0,192,162,128,0,0,0,0,0,0,0,0,0,0,0,0,-1,0,0,0,0,-1,0,0,0,0,-1,0,0,0,0,-1,0,0,0,0,-1,0,0,0,0,-1,0,0,0,0,-1,0,0,0,0,-1,0,0,0,0,-1,0,0,0,0,-1,0,0,0,0,-1,0,0,0,0,-1,0,0,0,0,243,3,19,0,3,39,180
1044,548,fd,1,134,80,1,4,4,2,736,0,2,0,0,0,1,0,4,192,62,0,0,65410,500,3874,2,0,0,0,0,0,0,0,0,64,1,1,0,0,192,100,0,1,0,0,192,160,0,0,0,0,0,0,0,0,0,0,0,0,0,-1,0,0,0,0,-1,0,0,0,0,-1,0,0,0,0,-1,0,0,0,0,-1,0,0,0,0,-1,0,0,0,0,-1,0,0,0,0,-1,0,0,0,0,-1,0,0,0,0,-1,0,0,0,0,-1,0,0,0,0,-1,0,0,0,0,242,2,18,0,3,40,180
1045,549,fd,1,132,80,1,4,4,2,704,0,2,0,0,0,1,0,4,192,60,0,0,65409,500,3873,2,0,0,0,0,0,0,0,0,64,1,1,0,0,192,99,128,1,0,0,192,159,128,0,0,0,0,0,0,0,0,0,0,0,0,-1,0,0,0,0,-1,0,0,0,0,-1,0,0,0,0,-1,0,0,0,0,-1,0,0,0,0,-1,0,0,0,0,-1,0,0,0,0,-1,0,0,0,0,-1,0,0,0,0,-1,0,0,0,0,-1,0,0,0,0,-1,0,0,0,0,241,1,17,0,3,41,180
1046,550,fd,1,130,80,1,4,4,2,672,0,2,0,0,0,1,0,4,192,58,0,0,65408,500,3872,2,0,0,0,0,0,0,0,0,64,1,1,0,0,192,97,0,1,0,0,192,157,0,0,0,0,0,0,0,0,0,0,0,0,0,-1,0,0,0,0,-1,0,0,0,0,-1,0,0,0,0,-1,0,0,0,0,-1,0,0,0,0,-1,0,0,0,0,-1,0,0,0,0,-1,0,0,0,0,-1,0,0,0,0,-1,0,0,0,0,-1,0,0,0,0,-1,0,0,0,0,240,0,16,0,3,42,180
1047,551,fd,1,128,80,1,4,4,2,640,0,2,0,0,0,1,0,4,192,56,0,0,65407,500,3871,2,0,0,0,0,0,0,0,0,64,1,1,0,0,192,96,128,1,0,0,192,156,128,0,0,0,0,0,0,0,0,0,0,0,0,-1,0,0,0,0,-1,0,0,0,0,-1,0,0,0,0,-1,0,0,0,0,-1,0,0,0,0,-1,0,0,0,0,-1,0,0,0,0,-1,0,0,0,0,-1,0,0,0,0,-1,0,0,0,0,-1,0,0,0,0,-1,0,0,0,0,239,255,15,0,3,43,180
1048,552,fd,1,126,80,1,4,4,2,608,0,2,0,0,0,1,0,4,192,54,0,0,65406,500,3870,2,0,0,0,0,0,0,0,0,64,1,1,0,0,192,94,0,1,0,0,192,154,0,0,0,0,0,0,0,0,0,0,0,0,0,-1,0,0,0,0,-1,0,0,0,0,-1,0,0,0,0,-1,0,0,0,0,-1,0,0,0,0,-1,0,0,0,0,-1,0,0,0,0,-1,0,0,0,0,-1,0,0,0,0,-1,0,0,0,0,-1,0,0,0,0,-1,0,0,0,0,238,254,14,0,3,44,180
1049,553,fd,1,124,80,1,4,4,2,576,0,2,0,0,0,1,0,4,192,52,0,0,65405,500,3869,2,0,0,0,0,0,0,0,0,64,1,1,0,0,192,93,128,1,0,0,192,153,128,0,0,0,0,0,0,0,0,0,0,0,0,-1,0,0,0,0,-1,0,0,0,0,-1,0,0,0,0,-1,0,0,0,0,-1,0,0,0,0,-1,0,0,0,0,-1,0,0,0,0,-1,0,0,0,0,-1,0,0,0,0,-1,0,0,0,0,-1,0,0,0,0,-1,0,0,0,0,237,253,13,0,3,45,180
1050,554,fd,1,122,80,1,4,4,2,544,0,2,0,0,0,1,0,4,192,50,0,0,65404,500,3868,2,0,0,0,0,0,0,0,0,64,1,1,0,0,192,91,0,1,0,0,192,151,0,0,0,0,0,0,0,0,0,0,0,0,0,-1,0,0,0,0,-1,0,0,0,0,-1,0,0,0,0,-1,0,0,0,0,-1,0,0,0,0,-1,0,0,0,0,-1,0,0,0,0,-1,0,0,0,0,-1,0,0,0,0,-1,0,0,0,0,-1,0,0,0,0,-1,0,0,0,0,236,252,12,0,3,46,180
1051,555,fd,1,120,80,1,4,4,2,512,0,2,0,0,0,1,0,4,192,48,0,0,65403,500,3867,2,0,0,0,0,0,0,0,0,64,1,1,0,0,192,90,128,1,0,0,192,150,128,0,0,0,0,0,0,0,0,0,0,0,0,-1,0,0,0,0,-1,0,0,0,0,-1,0,0,0,0,-1,0,0,0,0,-1,0,0,0,0,-1,0,0,0,0,-1,0,0,0,0,-1,0,0,0,0,-1,0,0,0,0,-1,0,0,0,0,-1,0,0,0,0,-1,0,0,0,0,235,251,11,0,3,47,180
1052,556,fd,1,119,80,1,4,4,2,480,0,2,0,0,0,1,0,4,192,46,0,0,65402,500,3866,2,0,0,0,0,0,0,0,0,64,1,1,0,0,192,88,0,1,0,0,192,148,0,0,0,0,0,0,0,0,0,0,0,0,0,-1,0,0,0,0,-1,0,0,0,0,-1,0,0,0,0,-1,0,0,0,0,-1,0,0,0,0,-1,0,0,0,0,-1,0,0,0,0,-1,0,0,0,0,-1,0,0,0,0,-1,0,0,0,0,-1,0,0,0,0,-1,0,0,0,0,234,250,10,0,3,48,180
1053,557,fd,1,118,80,1,4,4,2,448,0,2,0,0,0,1,0,4,192,44,0,0,65401,500,3865,2,0,0,0,0,0,0,0,0,64,1,1,0,0,192,87,128,1,0,0,192,147,128,0,0,0,0,0,0,0,0,0,0,0,0,-1,0,0,0,0,-1,0,0,0,0,-1,0,0,0,0,-1,0,0,0,0,-1,0,0,0,0,-1,0,0,0,0,-1,0,0,0,0,-1,0,0,0,0,-1,0,0,0,0,-1,0,0,0,0,-1,0,0,0,0,-1,0,0,0,0,233,249,9,0,3,49,180
1054,558,fd,1,117,80,1,4,4,2,416,0,2,0,0,0,1,0,4,192,42,0,0,65400,500,3864,2,0,0,0,0,0,0,0,0,64,1,1,0,0,192,85,0,1,0,0,192,145,0,0,0,0,0,0,0,0,0,0,0,0,0,-1,0,0,0,0,-1,0,0,0,0,-1,0,0,0,0,-1,0,0,0,0,-1,0,0,0,0,-1,0,0,0,0,-1,0,0,0,0,-1,0,0,0,0,-1,0,0,0,0,-1,0,0,0,0,-1,0,0,0,0,-1,0,0,0,0,232,248,8,0,3,50,180
1055,559,fd,1,116,80,1,4,4,2,384,0,2,0,0,0,1,0,4,192,40,0,0,65399,500,3863,2,0,0,0,0,0,0,0,0,64,1,1,0,0,192,84,128,1,0,0,192,144,128,0,0,0,0,0,0,0,0,0,0,0,0,-1,0,0,0,0,-1,0,0,0,0,-1,0,0,0,0,-1,0,0,0,0,-1,0,0,0,0,-1,0,0,0,0,-1,0,0,0,0,-1,0,0,0,0,-1,0,0,0,0,-1,0,0,0,0,-1,0,0,0,0,-1,0,0,0,0,231,247,7,0,3,51,180
1056,560,fd,1,115,80,1,4,4,2,352,0,2,0,0,0,1,0,4,192,38,0,0,65398,500,3862,2,0,0,0,0,0,0,0,0,64,1,1,0,0,192,82,0,1,0,0,192,142,0,0,0,0,0,0,0,0,0,0,0,0,0,-1,0,0,0,0,-1,0,0,0,0,-1,0,0,0,0,-1,0,0,0,0,-1,0,0,0,0,-1,0,0,0,0,-1,0,0,0,0,-1,0,0,0,0,-1,0,0,0,0,-1,0,0,0,0,-1,0,0,0,0,-1,0,0,0,0,230,246,6,0,3,52,180
1057,561,fd,1,114,80,1,4,4,2,320,0,2,0,0,0,1,0,4,192,36,0,0,65397,500,3861,2,0,0,0,0,0,0,0,0,64,1,1,0,0,192,81,128,1,0,0,192,141,128,0,0,0,0,0,0,0,0,0,0,0,0,-1,0,0,0,0,-1,0,0,0,0,-1,0,0,0,0,-1,0,0,0,0,-1,0,0,0,0,-1,0,0,0,0,-1,0,0,0,0,-1,0,0,0,0,-1,0,0,0,0,-1,0,0,0,0,-1,0,0,0,0,-1,0,0,0,0,229,245,5,0,3,53,180
1058,562,fd,1,113,80,1,4,4,2,288,0,2,0,0,0,1,0,4,192,34,0,0,65396,500,3860,2,0,0,0,0,0,0,0,0,64,1,1,0,0,192,79,0,1,0,0,192,139,0,0,0,0,0,0,0,0,0,0,0,0,0,-1,0,0,0,0,-1,0,0,0,0,-1,0,0,0,0,-1,0,0,0,0,-1,0,0,0,0,-1,0,0,0,0,-1,0,0,0,0,-1,0,0,0,0,-1,0,0,0,0,-1,0,0,0,0,-1,0,0,0,0,-1,0,0,0,0,228,244,4,0,3,54,180
1059,563,fd,1,112,80,1,4,4,2,256,0,2,0,0,0,1,0,4,192,32,0,0,65395,500,3859,2,0,0,0,0,0,0,0,0,64,1,1,0,0,192,78,128,1,0,0,192,138,128,0,0,0,0,0,0,0,0,0,0,0,0,-1,0,0,0,0,-1,0,0,0,0,-1,0,0,0,0,-1,0,0,0,0,-1,0,0,0,0,-1,0,0,0,0,-1,0,0,0,0,-1,0,0,0,0,-1,0,0,0,0,-1,0,0,0,0,-1,0,0,0,0,-1,0,0,0,0,227,243,3,0,3,55,180
1060,564,fd,1,112,80,1,4,4,2,224,0,2,0,0,0,1,0,4,192,30,0,0,65394,500,3858,2,0,0,0,0,0,0,0,0,64,1,1,0,0,192,76,0,1,0,0,192,136,0,0,0,0,0,0,0,0,0,0,0,0,0,-1,0,0,0,0,-1,0,0,0,0,-1,0,0,0,0,-1,0,0,0,0,-1,0,0,0,0,-1,0,0,0,0,-1,0,0,0,0,-1,0,0,0,0,-1,0,0,0,0,-1,0,0,0,0,-1,0,0,0,0,-1,0,0,0,0,226,242,2,0,3,56,180
1061,565,fd,1,112,80,1,4,4,2,160,0,2,0,0,0,1,0,4,192,28,0,0,65393,500,3857,2,0,0,0,0,0,0,0,0,64,1,1,0,0,192,75,128,1,0,0,192,135,128,0,0,0,0,0,0,0,0,0,0,0,0,-1,0,0,0,0,-1,0,0,0,0,-1,0,0,0,0,-1,0,0,0,0,-1,0,0,0,0,-1,0,0,0,0,-1,0,0,0,0,-1,0,0,0,0,-1,0,0,0,0,-1,0,0,0,0,-1,0,0,0,0,-1,0,0,0,0,225,241,1,0,3,57,180
1062,566,fd,1,112,80,1,4,4,2,96,0,2,0,0,0,1,0,4,192,26,0,0,65392,500,3856,2,0,0,0,0,0,0,0,0,64,1,1,0,0,192,73,0,1,0,0,192,133,0,0,0,0,0,0,0,0,0,0,0,0,0,-1,0,0,0,0,-1,0,0,0,0,-1,0,0,0,0,-1,0,0,0,0,-1,0,0,0,0,-1,0,0,0,0,-1,0,0,0,0,-1,0,0,0,0,-1,0,0,0,0,-1,0,0,0,0,-1,0,0,0,0,-1,0,0,0,0,224,240,0,0,3,58,180
1063,567,fd,1,112,80,1,4,4,2,32,0,2,0,0,0,1,0,4,192,24,0,0,65391,500,3855,2,0,0,0,0,0,0,0,0,64,1,1,0,0,192,72,128,1,0,0,192,132,128,0,0,0,0,0,0,0,0,0,0,0,0,-1,0,0,0,0,-1,0,0,0,0,-1,0,0,0,0,-1,0,0,0,0,-1,0,0,0,0,-1,0,0,0,0,-1,0,0,0,0,-1,0,0,0,0,-1,0,0,0,0,-1,0,0,0,0,-1,0,0,0,0,-1,0,0,0,0,223,239,255,0,3,59,180
1064,568,fd,1,112,80,2,4,4,2,64,0,2,0,0,0,1,0,4,192,22,0,0,65390,500,3854,2,0,0,0,0,0,0,0,0,64,1,1,0,0,192,70,0,1,0,0,192,130,0,0,0,0,0,0,0,0,0,0,0,0,0,-1,0,0,0,0,-1,0,0,0,0,-1,0,0,0,0,-1,0,0,0,0,-1,0,0,0,0,-1,0,0,0,0,-1,0,0,0,0,-1,0,0,0,0,-1,0,0,0,0,-1,0,0,0,0,-1,0,0,0,0,-1,0,0,0,0,222,238,254,0,3,60,180
1065,569,fd,1,112,80,2,4,4,2,128,0,2,0,0,0,1,0,4,192,20,0,0,65389,500,3853,2,0,0,0,0,0,0,0,0,64,1,1,0,0,192,69,128,1,0,0,192,129,128,0,0,0,0,0,0,0,0,0,0,0,0,-1,0,0,0,0,-1,0,0,0,0,-1,0,0,0,0,-1,0,0,0,0,-1,0,0,0,0,-1,0,0,0,0,-1,0,0,0,0,-1,0,0,0,0,-1,0,0,0,0,-1,0,0,0,0,-1,0,0,0,0,-1,0,0,0,0,221,237,253,0,3,61,180
1066,570,fd,1,112,80,2,4,4,2,192,0,2,0,0,0,1,0,4,192,18,0,0,65388,500,3852,2,0,0,0,0,0,0,0,0,64,1,1,0,0,192,67,0,1,0,0,192,127,0,0,0,0,0,0,0,0,0,0,0,0,0,-1,0,0,0,0,-1,0,0,0,0,-1,0,0,0,0,-1,0,0,0,0,-1,0,0,0,0,-1,0,0,0,0,-1,0,0,0,0,-1,0,0,0,0,-1,0,0,0,0,-1,0,0,0,0,-1,0,0,0,0,-1,0,0,0,0,220,236,252,0,3,62,180
1067,571,fd,1,113,80,2,4,4,2,256,0,2,0,0,0,1,0,4,192,16,0,0,65387,500,3851,2,0,0,0,0,0,0,0,0,64,1,1,0,0,192,66,128,1,0,0,192,126,128,0,0,0,0,0,0,0,0,0,0,0,0,-1,0,0,0,0,-1,0,0,0,0,-1,0,0,0,0,-1,0,0,0,0,-1,0,0,0,0,-1,0,0,0,0,-1,0,0,0,0,-1,0,0,0,0,-1,0,0,0,0,-1,0,0,0,0,-1,0,0,0,0,-1,0,0,0,0,219,235,251,0,3,63,180
1068,572,fd,1,114,80,2,4,4,2,288,0,2,0,0,0,1,0,4,192,14,0,0,65386,500,3850,2,0,0,0,0,0,0,0,0,64,1,1,0,0,192,64,0,1,0,0,192,124,0,0,0,0,0,0,0,0,0,0,0,0,0,-1,0,0,0,0,-1,0,0,0,0,-1,0,0,0,0,-1,0,0,0,0,-1,0,0,0,0,-1,0,0,0,0,-1,0,0,0,0,-1,0,0,0,0,-1,0,0,0,0,-1,0,0,0,0,-1,0,0,0,0,-1,0,0,0,0,218,234,250,0,3,64,180
1069,573,fd,1,115,80,2,4,4,2,320,0,2,0,0,0,1,0,4,192,12,0,0,65385,500,3849,2,0,0,0,0,0,0,0,0,64,1,1,0,0,192,63,128,1,0,0,192,123,128,0,0,0,0,0,0,0,0,0,0,0,0,-1,0,0,0,0,-1,0,0,0,0,-1,0,0,0,0,-1,0,0,0,0,-1,0,0,0,0,-1,0,0,0,0,-1,0,0,0,0,-1,0,0,0,0,-1,0,0,0,0,-1,0,0,0,0,-1,0,0,0,0,-1,0,0,0,0,217,233,249,0,3,65,180
1070,574,fd,1,116,80,2,4,4,2,352,0,2,0,0,0,1,0,4,192,10,0,0,65384,500,3848,2,0,0,0,0,0,0,0,0,64,1,1,0,0,192,61,0,1,0,0,192,121,0,0,0,0,0,0,0,0,0,0,0,0,0,-1,0,0,0,0,-1,0,0,0,0,-1,0,0,0,0,-1,0,0,0,0,-1,0,0,0,0,-1,0,0,0,0,-1,0,0,0,0,-1,0,0,0,0,-1,0,0,0,0,-1,0,0,0,0,-1,0,0,0,0,-1,0,0,0,0,216,232,248,0,3,66,180
1071,575,fd,1,117,80,2,4,4,2,384,0,2,0,0,0,1,0,4,192,8,0,0,65383,500,3847,2,0,0,0,0,0,0,0,0,64,1,1,0,0,192,60,128,1,0,0,192,120,128,0,0,0,0,0,0,0,0,0,0,0,0,-1,0,0,0,0,-1,0,0,0,0,-1,0,0,0,0,-1,0,0,0,0,-1,0,0,0,0,-1,0,0,0,0,-1,0,0,0,0,-1,0,0,0,0,-1,0,0,0,0,-1,0,0,0,0,-1,0,0,0,0,-1,0,0,0,0,215,231,247,0,3,67,180
1072,576,fd,1,118,80,2,4,4,2,416,0,2,0,0,0,1,0,4,192,6,0,0,65382,500,3846,2,0,0,0,0,0,0,0,0,64,1,1,0,0,192,58,0,1,0,0,192,118,0,0,0,0,0,0,0,0,0,0,0,0,0,-1,0,0,0,0,-1,0,0,0,0,-1,0,0,0,0,-1,0,0,0,0,-1,0,0,0,0,-1,0,0,0,0,-1,0,0,0,0,-1,0,0,0,0,-1,0,0,0,0,-1,0,0,0,0,-1,0,0,0,0,-1,0,0,0,0,214,230,246,0,3,68,180
1073,577,fd,1,119,80,2,4,4,2,448,0,2,0,0,0,1,0,4,192,4,0,0,65381,500,3845,2,0,0,0,0,0,0,0,0,64,1,1,0,0,192,57,128,1,0,0,192,117,128,0,0,0,0,0,0,0,0,0,0,0,0,-1,0,0,0,0,-1,0,0,0,0,-1,0,0,0,0,-1,0,0,0,0,-1,0,0,0,0,-1,0,0,0,0,-1,0,0,0,0,-1,0,0,0,0,-1,0,0,0,0,-1,0,0,0,0,-1,0,0,0,0,-1,0,0,0,0,213,229,245,0,3,69,180
1074,578,fd,1,120,80,2,4,4,2,480,0,2,0,0,0,1,0,4,192,2,0,0,65380,500,3844,2,0,0,0,0,0,0,0,0,64,1,1,0,0,192,55,0,1,0,0,192,115,0,0,0,0,0,0,0,0,0,0,0,0,0,-1,0,0,0,0,-1,0,0,0,0,-1,0,0,0,0,-1,0,0,0,0,-1,0,0,0,0,-1,0,0,0,0,-1,0,0,0,0,-1,0,0,0,0,-1,0,0,0,0,-1,0,0,0,0,-1,0,0,0,0,-1,0,0,0,0,212,228,244,0,3,70,180
1075,579,fd,1,122,80,2,4,4,2,512,0,2,0,0,0,1,0,4,192,0,0,0,65379,500,3843,2,0,0,0,0,0,0,0,0,64,1,1,0,0,192,54,128,1,0,0,192,114,128,0,0,0,0,0,0,0,0,0,0,0,0,-1,0,0,0,0,-1,0,0,0,0,-1,0,0,0,0,-1,0,0,0,0,-1,0,0,0,0,-1,0,0,0,0,-1,0,0,0,0,-1,0,0,0,0,-1,0,0,0,0,-1,0,0,0,0,-1,0,0,0,0,-1,0,0,0,0,211,227,243,0,3,71,180
1076,580,fd,1,124,80,2,4,4,2,544,0,2,0,0,0,1,0,4,192,254,0,0,65378,500,3842,2,0,0,0,0,0,0,0,0,64,1,1,0,0,192,52,0,1,0,0,192,112,0,0,0,0,0,0,0,0,0,0,0,0,0,-1,0,0,0,0,-1,0,0,0,0,-1,0,0,0,0,-1,0,0,0,0,-1,0,0,0,0,-1,0,0,0,0,-1,0,0,0,0,-1,0,0,0,0,-1,0,0,0,0,-1,0,0,0,0,-1,0,0,0,0,-1,0,0,0,0,210,226,242,0,3,72,180
1077,581,fd,1,126,80,2,4,4,2,576,0,2,0,0,0,1,0,4,192,252,0,0,65377,500,3841,2,0,0,0,0,0,0,0,0,64,1,1,0,0,192,51,128,1,0,0,192,111,128,0,0,0,0,0,0,0,0,0,0,0,0,-1,0,0,0,0,-1,0,0,0,0,-1,0,0,0,0,-1,0,0,0,0,-1,0,0,0,0,-1,0,0,0,0,-1,0,0,0,0,-1,0,0,0,0,-1,0,0,0,0,-1,0,0,0,0,-1,0,0,0,0,-1,0,0,0,0,209,225,241,0,3,73,180
1078,582,fd,1,128,80,2,4,4,2,608,0,2,0,0,0,1,0,4,192,250,0,0,65376,500,3840,2,0,0,0,0,0,0,0,0,64,1,1,0,0,192,49,0,1,0,0,192,109,0,0,0,0,0,0,0,0,0,0,0,0,0,-1,0,0,0,0,-1,0,0,0,0,-1,0,0,0,0,-1,0,0,0,0,-1,0,0,0,0,-1,0,0,0,0,-1,0,0,0,0,-1,0,0,0,0,-1,0,0,0,0,-1,0,0,0,0,-1,0,0,0,0,-1,0,0,0,0,208,224,240,0,3,74,180
1079,583,fd,1,130,80,2,4,4,2,640,0,2,0,0,0,1,0,4,192,248,0,0,65375,500,3839,2,0,0,0,0,0,0,0,0,64,1,1,0,0,192,48,128,1,0,0,192,108,128,0,0,0,0,0,0,0,0,0,0,0,0,-1,0,0,0,0,-1,0,0,0,0,-1,0,0,0,0,-1,0,0,0,0,-1,0,0,0,0,-1,0,0,0,0,-1,0,0,0,0,-1,0,0,0,0,-1,0,0,0,0,-1,0,0,0,0,-1,0,0,0,0,-1,0,0,0,0,207,223,239,0,3,75,180
1080,584,fd,1,132,80,2,4,4,2,672,0,2,0,0,0,1,0,4,192,246,0,0,65374,500,3838,2,0,0,0,0,0,0,0,0,64,1,1,0,0,192,46,0,1,0,0,192,106,0,0,0,0,0,0,0,0,0,0,0,0,0,-1,0,0,0,0,-1,0,0,0,0,-1,0,0,0,0,-1,0,0,0,0,-1,0,0,0,0,-1,0,0,0,0,-1,0,0,0,0,-1,0,0,0,0,-1,0,0,0,0,-1,0,0,0,0,-1,0,0,0,0,-1,0,0,0,0,206,222,238,0,3,76,180
1081,585,fd,1,134,80,2,4,4,2,704,0,2,0,0,0,1,0,4,192,244,0,0,65373,500,3837,2,0,0,0,0,0,0,0,0,64,1,1,0,0,192,45,128,1,0,0,192,105,128,0,0,0,0,0,0,0,0,0,0,0,0,-1,0,0,0,0,-1,0,0,0,0,-1,0,0,0,0,-1,0,0,0,0,-1,0,0,0,0,-1,0,0,0,0,-1,0,0,0,0,-1,0,0,0,0,-1,0,0,0,0,-1,0,0,0,0,-1,0,0,0,0,-1,0,0,0,0,205,221,237,0,3,77,180
1082,586,fd,1,136,80,2,4,4,2,736,0,2,0,0,0,1,0,4,192,242,0,0,65372,500,3836,2,0,0,0,0,0,0,0,0,64,1,1,0,0,192,43,0,1,0,0,192,103,0,0,0,0,0,0,0,0,0,0,0,0,0,-1,0,0,0,0,-1,0,0,0,0,-1,0,0,0,0,-1,0,0,0,0,-1,0,0,0,0,-1,0,0,0,0,-1,0,0,0,0,-1,0,0,0,0,-1,0,0,0,0,-1,0,0,0,0,-1,0,0,0,0,-1,0,0,0,0,204,220,236,0,3,78,180
1083,587,fd,1,139,80,2,4,4,2,768,0,2,0,0,0,0,0,0,0,0,0,0,65371,500,3835,2,0,0,0,0,0,0,0,0,64,1,1,0,0,192,42,128,1,0,0,192,102,128,0,0,0,0,0,0,0,0,0,0,0,0,-1,0,0,0,0,-1,0,0,0,0,-1,0,0,0,0,-1,0,0,0,0,-1,0,0,0,0,-1,0,0,0,0,-1,0,0,0,0,-1,0,0,0,0,-1,0,0,0,0,-1,0,0,0,0,-1,0,0,0,0,-1,0,0,0,0,203,219,235,0,3,79,180
1084,588,fd,1,142,80,2,4,4,2,800,0,2,0,0,0,0,0,0,0,0,0,0,65370,500,3834,2,0,0,0,0,0,0,0,0,64,1,1,0,0,192,40,0,1,0,0,192,100,0,0,0,0,0,0,0,0,0,0,0,0,0,-1,0,0,0,0,-1,0,0,0,0,-1,0,0,0,0,-1,0,0,0,0,-1,0,0,0,0,-1,0,0,0,0,-1,0,0,0,0,-1,0,0,0,0,-1,0,0,0,0,-1,0,0,0,0,-1,0,0,0,0,-1,0,0,0,0,202,218,234,0,3,80,180
1085,589,fd,1,145,80,2,4,4,2,832,0,2,0,0,0,0,0,0,0,0,0,0,65369,500,3833,2,0,0,0,0,0,0,0,0,64,1,1,0,0,192,39,128,1,0,0,192,99,128,0,0,0,0,0,0,0,0,0,0,0,0,-1,0,0,0,0,-1,0,0,0,0,-1,0,0,0,0,-1,0,0,0,0,-1,0,0,0,0,-1,0,0,0,0,-1,0,0,0,0,-1,0,0,0,0,-1,0,0,0,0,-1,0,0,0,0,-1,0,0,0,0,-1,0,0,0,0,201,217,233,0,3,81,180
1086,590,fd,1,148,80,2,4,4,2,864,0,2,0,0,0,0,0,0,0,0,0,0,65368,500,3832,2,0,0,0,0,0,0,0,0,64,1,1,0,0,192,37,0,1,0,0,192,97,0,0,0,0,0,0,0,0,0,0,0,0,0,-1,0,0,0,0,-1,0,0,0,0,-1,0,0,0,0,-1,0,0,0,0,-1,0,0,0,0,-1,0,0,0,0,-1,0,0,0,0,-1,0,0,0,0,-1,0,0,0,0,-1,0,0,0,0,-1,0,0,0,0,-1,0,0,0,0,200,216,232,0,3,82,180
1087,591,fd,1,151,80,2,4,4,2,896,0,2,0,0,0,0,0,0,0,0,0,0,65367,500,3831,2,0,0,0,0,0,0,0,0,64,1,1,0,0,192,36,128,1,0,0,192,96,128,0,0,0,0,0,0,0,0,0,0,0,0,-1,0,0,0,0,-1,0,0,0,0,-1,0,0,0,0,-1,0,0,0,0,-1,0,0,0,0,-1,0,0,0,0,-1,0,0,0,0,-1,0,0,0,0,-1,0,0,0,0,-1,0,0,0,0,-1,0,0,0,0,-1,0,0,0,0,199,215,231,0,3,83,180
1088,592,fd,1,154,80,2,4,4,2,928,0,2,0,0,0,0,0,0,0,0,0,0,65366,500,3830,2,0,0,0,0,0,0,0,0,64,1,1,0,0,192,34,0,1,0,0,192,94,0,0,0,0,0,0,0,0,0,0,0,0,0,-1,0,0,0,0,-1,0,0,0,0,-1,0,0,0,0,-1,0,0,0,0,-1,0,0,0,0,-1,0,0,0,0,-1,0,0,0,0,-1,0,0,0,0,-1,0,0,0,0,-1,0,0,0,0,-1,0,0,0,0,-1,0,0,0,0,198,214,230,0,3,84,180
1089,593,fd,1,157,80,2,4,4,2,960,0,2,0,0,0,0,0,0,0,0,0,0,65365,500,3829,2,0,0,0,0,0,0,0,0,64,1,1,0,0,192,33,128,1,0,0,192,93,128,0,0,0,0,0,0,0,0,0,0,0,0,-1,0,0,0,0,-1,0,0,0,0,-1,0,0,0,0,-1,0,0,0,0,-1,0,0,0,0,-1,0,0,0,0,-1,0,0,0,0,-1,0,0,0,0,-1,0,0,0,0,-1,0,0,0,0,-1,0,0,0,0,-1,0,0,0,0,197,213,229,0,3,85,180
1090,594,fd,1,160,80,2,4,4,2,992,0,2,0,0,0,0,0,0,0,0,0,0,65364,500,3828,2,0,0,0,0,0,0,0,0,64,1,1,0,0,192,31,0,1,0,0,192,91,0,0,0,0,0,0,0,0,0,0,0,0,0,-1,0,0,0,0,-1,0,0,0,0,-1,0,0,0,0,-1,0,0,0,0,-1,0,0,0,0,-1,0,0,0,0,-1,0,0,0,0,-1,0,0,0,0,-1,0,0,0,0,-1,0,0,0,0,-1,0,0,0,0,-1,0,0,0,0,196,212,228,0,3,86,180
1091,595,fd,1,164,80,0,4,4,2,1056,0,2,0,0,0,1,0,2,192,89,128,1,65363,1000,3827,2,0,1,0,0,1,0,0,16,64,1,1,0,0,192,30,128,0,0,0,0,0,0,0,0,0,0,0,0,0,0,0,0,0,0,0,0,184,38,31,0,1,184,53,31,-1,0,0,0,0,-1,0,0,0,0,-1,0,0,0,0,-1,0,0,0,0,-1,0,0,0,0,-1,0,0,0,0,-1,0,0,0,0,-1,0,0,0,0,-1,0,0,0,0,-1,0,0,0,0,195,211,227,0,3,87,180
1092,596,fd,1,164,80,0,4,4,2,1056,0,2,0,0,0,1,0,2,192,88,128,1,65362,1000,3826,2,0,1,0,0,1,0,0,15,64,1,1,0,0,192,28,0,0,0,0,0,0,0,0,0,0,0,0,0,0,0,0,0,0,0,0,0,184,36,30,0,1,184,51,30,-1,0,0,0,0,-1,0,0,0,0,-1,0,0,0,0,-1,0,0,0,0,-1,0,0,0,0,-1,0,0,0,0,-1,0,0,0,0,-1,0,0,0,0,-1,0,0,0,0,-1,0,0,0,0,194,210,226,0,3,88,180
1093,597,fd,1,164,80,0,4,4,2,1056,0,2,0,0,0,1,0,2,192,87,128,1,65361,1000,3825,2,0,1,0,0,1,0,0,15,64,1,1,0,0,192,27,128,0,0,0,0,0,0,0,0,0,0,0,0,0,0,0,0,0,0,0,0,184,35,29,0,1,184,50,29,-1,0,0,0,0,-1,0,0,0,0,-1,0,0,0,0,-1,0,0,0,0,-1,0,0,0,0,-1,0,0,0,0,-1,0,0,0,0,-1,0,0,0,0,-1,0,0,0,0,-1,0,0,0,0,193,209,225,0,3,89,180
1094,598,fd,1,164,80,0,4,4,2,1056,0,2,0,0,0,1,0,2,192,86,128,1,65360,1000,3824,2,0,1,0,0,1,0,0,15,64,1,1,0,0,192,25,0,0,0,0,0,0,0,0,0,0,0,0,0,0,0,0,0,0,0,0,0,184,33,28,0,1,184,48,28,-1,0,0,0,0,-1,0,0,0,0,-1,0,0,0,0,-1,0,0,0,0,-1,0,0,0,0,-1,0,0,0,0,-1,0,0,0,0,-1,0,0,0,0,-1,0,0,0,0,-1,0,0,0,0,192,208,224,0,3,90,180
1095,599,fd,1,164,80,0,4,4,2,1056,0,2,0,0,0,1,0,2,192,85,128,1,65359,1000,3823,2,0,1,0,0,1,0,0,15,64,1,1,0,0,192,24,128,0,0,0,0,0,0,0,0,0,0,0,0,0,0,0,0,0,0,0,0,184,32,27,0,1,184,47,27,-1,0,0,0,0,-1,0,0,0,0,-1,0,0,0,0,-1,0,0,0,0,-1,0,0,0,0,-1,0,0,0,0,-1,0,0,0,0,-1,0,0,0,0,-1,0,0,0,0,-1,0,0,0,0,191,207,223,0,3,91,180
1096,600,fd,1,164,80,0,4,4,2,1056,0,2,0,0,0,1,0,2,192,84,128,1,65358,1000,3822,2,0,1,0,0,1,0,0,14,64,1,1,0,0,192,22,0,0,0,0,0,0,0,0,0,0,0,0,0,0,0,0,0,0,0,0,0,184,30,26,0,1,184,45,26,-1,0,0,0,0,-1,0,0,0,0,-1,0,0,0,0,-1,0,0,0,0,-1,0,0,0,0,-1,0,0,0,0,-1,0,0,0,0,-1,0,0,0,0,-1,0,0,0,0,-1,0,0,0,0,190,206,222,0,3,92,180
1097,601,fd,1,164,80,0,4,4,2,1056,0,2,0,0,0,1,0,2,192,83,128,1,65357,1000,3821,2,0,1,0,0,1,0,0,14,64,1,1,0,0,192,21,128,0,0,0,0,0,0,0,0,0,0,0,0,0,0,0,0,0,0,0,0,184,29,25,0,1,184,44,25,-1,0,0,0,0,-1,0,0,0,0,-1,0,0,0,0,-1,0,0,0,0,-1,0,0,0,0,-1,0,0,0,0,-1,0,0,0,0,-1,0,0,0,0,-1,0,0,0,0,-1,0,0,0,0,189,205,221,0,3,93,180
1098,602,fd,1,164,80,0,4,4,2,1056,0,2,0,0,0,1,0,2,192,82,128,1,65356,1000,3820,2,0,1,0,0,1,0,0,14,64,1,1,0,0,192,19,0,0,0,0,0,0,0,0,0,0,0,0,0,0,0,0,0,0,0,0,0,184,27,24,0,1,184,42,24,-1,0,0,0,0,-1,0,0,0,0,-1,0,0,0,0,-1,0,0,0,0,-1,0,0,0,0,-1,0,0,0,0,-1,0,0,0,0,-1,0,0,0,0,-1,0,0,0,0,-1,0,0,0,0,188,204,220,0,3,94,180
1099,603,fd,1,164,80,0,4,4,2,1056,0,2,0,0,0,1,0,2,192,81,128,1,65355,1000,3819,2,0,1,0,0,1,0,0,14,64,1,1,0,0,192,18,128,0,0,0,0,0,0,0,0,0,0,0,0,0,0,0,0,0,0,0,0,184,26,23,0,1,184,41,23,-1,0,0,0,0,-1,0,0,0,0,-1,0,0,0,0,-1,0,0,0,0,-1,0,0,0,0,-1,0,0,0,0,-1,0,0,0,0,-1,0,0,0,0,-1,0,0,0,0,-1,0,0,0,0,187,203,219,0,3,95,180
1100,604,fd,1,164,80,0,4,4,2,1056,0,2,0,0,0,1,0,2,192,80,128,0,65354,1000,3818,2,0,1,0,0,1,0,0,13,64,1,1,0,0,192,16,0,0,0,0,0,0,0,0,0,0,0,0,0,0,0,0,0,0,0,0,0,184,24,22,0,1,184,39,22,-1,0,0,0,0,-1,0,0,0,0,-1,0,0,0,0,-1,0,0,0,0,-1,0,0,0,0,-1,0,0,0,0,-1,0,0,0,0,-1,0,0,0,0,-1,0,0,0,0,-1,0,0,0,0,186,202,218,0,3,96,180
1101,605,fd,1,164,80,0,4,4,2,1056,0,2,0,0,0,1,0,2,192,80,128,0,65353,1000,3817,2,0,1,0,0,1,0,0,13,64,1,1,0,0,192,15,128,0,0,0,0,0,0,0,0,0,0,0,0,0,0,0,0,0,0,0,0,184,23,21,0,1,184,38,21,-1,0,0,0,0,-1,0,0,0,0,-1,0,0,0,0,-1,0,0,0,0,-1,0,0,0,0,-1,0,0,0,0,-1,0,0,0,0,-1,0,0,0,0,-1,0,0,0,0,-1,0,0,0,0,185,201,217,0,3,97,180
1102,606,fd,1,164,80,0,4,4,2,1056,0,2,0,0,0,1,0,2,192,80,128,0,65352,1000,3816,2,0,1,0,0,1,0,0,13,64,1,1,0,0,192,13,0,0,0,0,0,0,0,0,0,0,0,0,0,0,0,0,0,0,0,0,0,184,21,20,0,1,184,36,20,-1,0,0,0,0,-1,0,0,0,0,-1,0,0,0,0,-1,0,0,0,0,-1,0,0,0,0,-1,0,0,0,0,-1,0,0,0,0,-1,0,0,0,0,-1,0,0,0,0,-1,0,0,0,0,184,200,216,0,3,98,180
1103,607,fd,1,164,80,0,4,4,2,1056,0,2,0,0,0,1,0,2,192,80,128,0,65351,1000,3815,2,0,1,0,0,1,0,0,13,64,1,1,0,0,192,12,128,0,0,0,0,0,0,0,0,0,0,0,0,0,0,0,0,0,0,0,0,184,20,19,0,1,184,35,19,-1,0,0,0,0,-1,0,0,0,0,-1,0,0,0,0,-1,0,0,0,0,-1,0,0,0,0,-1,0,0,0,0,-1,0,0,0,0,-1,0,0,0,0,-1,0,0,0,0,-1,0,0,0,0,183,199,215,0,3,99,180
1104,608,fd,1,164,80,0,4,4,2,1056,0,2,0,0,0,1,0,2,192,80,128,0,65350,1000,3814,2,0,1,0,0,1,0,0,12,64,1,1,0,0,192,10,0,0,0,0,0,0,0,0,0,0,0,0,0,0,0,0,0,0,0,0,0,184,18,18,0,1,184,33,18,-1,0,0,0,0,-1,0,0,0,0,-1,0,0,0,0,-1,0,0,0,0,-1,0,0,0,0,-1,0,0,0,0,-1,0,0,0,0,-1,0,0,0,0,-1,0,0,0,0,-1,0,0,0,0,182,198,214,0,3,100,180
1105,609,fd,1,164,80,0,4,4,2,1056,0,2,0,0,0,1,0,2,192,80,128,0,65349,1000,3813,2,0,1,0,0,1,0,0,12,64,1,1,0,0,192,9,128,0,0,0,0,0,0,0,0,0,0,0,0,0,0,0,0,0,0,0,0,184,17,17,0,1,184,32,17,-1,0,0,0,0,-1,0,0,0,0,-1,0,0,0,0,-1,0,0,0,0,-1,0,0,0,0,-1,0,0,0,0,-1,0,0,0,0,-1,0,0,0,0,-1,0,0,0,0,-1,0,0,0,0,181,197,213,0,3,101,180
1106,610,fd,1,164,80,0,4,4,2,1056,0,2,0,0,0,1,0,2,192,80,128,0,65348,1000,3812,2,0,1,0,0,1,0,0,12,64,1,1,0,0,192,7,0,0,0,0,0,0,0,0,0,0,0,0,0,0,0,0,0,0,0,0,0,184,15,16,0,1,184,30,16,-1,0,0,0,0,-1,0,0,0,0,-1,0,0,0,0,-1,0,0,0,0,-1,0,0,0,0,-1,0,0,0,0,-1,0,0,0,0,-1,0,0,0,0,-1,0,0,0,0,-1,0,0,0,0,180,196,212,0,3,102,180
1107,611,fd,1,164,80,0,4,4,2,1056,0,2,0,0,0,1,0,2,192,80,128,0,65347,1000,3811,2,0,1,0,0,1,0,0,12,64,1,1,0,0,192,6,128,0,0,0,0,0,0,0,0,0,0,0,0,0,0,0,0,0,0,0,0,184,14,15,0,1,184,29,15,-1,0,0,0,0,-1,0,0,0,0,-1,0,0,0,0,-1,0,0,0,0,-1,0,0,0,0,-1,0,0,0,0,-1,0,0,0,0,-1,0,0,0,0,-1,0,0,0,0,-1,0,0,0,0,179,195,211,0,3,103,180
1108,612,fd,1,164,80,0,4,4,2,1056,0,2,0,0,0,1,0,2,192,80,128,0,65346,1000,3810,2,0,1,0,0,1,0,0,11,64,1,1,0,0,192,4,0,0,0,0,0,0,0,0,0,0,0,0,0,0,0,0,0,0,0,0,0,184,12,14,0,1,184,27,14,-1,0,0,0,0,-1,0,0,0,0,-1,0,0,0,0,-1,0,0,0,0,-1,0,0,0,0,-1,0,0,0,0,-1,0,0,0,0,-1,0,0,0,0,-1,0,0,0,0,-1,0,0,0,0,178,194,210,0,3,104,180
1109,613,fd,1,164,80,0,4,4,2,1056,0,2,0,0,0,1,0,2,192,80,128,0,65345,1000,3809,2,0,1,0,0,1,0,0,11,64,1,1,0,0,192,3,128,0,0,0,0,0,0,0,0,0,0,0,0,0,0,0,0,0,0,0,0,184,11,13,0,1,184,26,13,-1,0,0,0,0,-1,0,0,0,0,-1,0,0,0,0,-1,0,0,0,0,-1,0,0,0,0,-1,0,0,0,0,-1,0,0,0,0,-1,0,0,0,0,-1,0,0,0,0,-1,0,0,0,0,177,193,209,0,3,105,180
1110,614,fd,1,164,80,0,4,4,2,1056,0,2,0,0,0,1,0,2,192,80,128,0,65344,1000,3808,2,0,1,0,0,1,0,0,11,64,1,1,0,0,192,1,0,0,0,0,0,0,0,0,0,0,0,0,0,0,0,0,0,0,0,0,0,184,9,12,0,1,184,24,12,-1,0,0,0,0,-1,0,0,0,0,-1,0,0,0,0,-1,0,0,0,0,-1,0,0,0,0,-1,0,0,0,0,-1,0,0,0,0,-1,0,0,0,0,-1,0,0,0,0,-1,0,0,0,0,176,192,208,0,3,106,180
1111,615,fd,1,164,80,0,4,4,2,1056,0,2,0,0,0,1,0,2,192,80,128,0,65343,1000,3807,2,0,1,0,0,1,0,0,11,64,1,1,0,0,192,0,128,1,0,0,192,240,128,0,0,0,0,0,0,0,0,0,0,0,0,0,0,184,8,11,0,1,184,23,11,-1,0,0,0,0,-1,0,0,0,0,-1,0,0,0,0,-1,0,0,0,0,-1,0,0,0,0,-1,0,0,0,0,-1,0,0,0,0,-1,0,0,0,0,-1,0,0,0,0,-1,0,0,0,0,175,191,207,0,3,107,180
1112,616,fd,1,164,80,0,4,4,2,1056,0,2,0,0,0,1,0,2,192,80,128,0,65342,1000,3806,2,0,1,0,0,1,0,0,10,64,1,1,0,0,192,254,0,1,0,0,192,238,0,0,0,0,0,0,0,0,0,0,0,0,0,0,0,184,6,10,0,1,184,21,10,-1,0,0,0,0,-1,0,0,0,0,-1,0,0,0,0,-1,0,0,0,0,-1,0,0,0,0,-1,0,0,0,0,-1,0,0,0,0,-1,0,0,0,0,-1,0,0,0,0,-1,0,0,0,0,174,190,206,0,3,108,180
1113,617,fd,1,164,80,0,4,4,2,1056,0,2,0,0,0,1,0,2,192,80,128,0,65341,1000,3805,2,0,1,0,0,1,0,0,10,64,1,1,0,0,192,253,128,1,0,0,192,237,128,0,0,0,0,0,0,0,0,0,0,0,0,0,0,184,5,9,0,1,184,20,9,-1,0,0,0,0,-1,0,0,0,0,-1,0,0,0,0,-1,0,0,0,0,-1,0,0,0,0,-1,0,0,0,0,-1,0,0,0,0,-1,0,0,0,0,-1,0,0,0,0,-1,0,0,0,0,173,189,205,0,3,109,180
1114,618,fd,1,164,80,0,4,4,2,1056,0,2,0,0,0,1,0,2,192,80,128,0,65340,1000,3804,2,0,1,0,0,1,0,0,10,64,1,1,0,0,192,251,0,1,0,0,192,235,0,0,0,0,0,0,0,0,0,0,0,0,0,0,0,184,3,8,0,1,184,18,8,-1,0,0,0,0,-1,0,0,0,0,-1,0,0,0,0,-1,0,0,0,0,-1,0,0,0,0,-1,0,0,0,0,-1,0,0,0,0,-1,0,0,0,0,-1,0,0,0,0,-1,0,0,0,0,172,188,204,0,3,110,180
1115,619,fd,1,164,80,0,4,4,2,1056,0,2,0,0,0,1,0,2,192,80,128,0,65339,1000,3803,2,0,1,0,0,1,0,0,10,64,1,1,0,0,192,250,128,1,0,0,192,234,128,0,0,0,0,0,0,0,0,0,0,0,0,0,0,184,2,7,0,1,184,17,7,-1,0,0,0,0,-1,0,0,0,0,-1,0,0,0,0,-1,0,0,0,0,-1,0,0,0,0,-1,0,0,0,0,-1,0,0,0,0,-1,0,0,0,0,-1,0,0,0,0,-1,0,0,0,0,171,187,203,0,3,111,180
1116,620,fd,1,164,80,0,4,4,2,1056,0,2,0,0,0,1,0,2,192,80,128,0,65338,1000,3802,2,0,1,0,0,1,0,0,9,64,1,1,0,0,192,248,0,1,0,0,192,232,0,0,0,0,0,0,0,0,0,0,0,0,0,-1,0,0,0,0,0,1,184,15,6,-1,0,0,0,0,-1,0,0,0,0,-1,0,0,0,0,-1,0,0,0,0,-1,0,0,0,0,-1,0,0,0,0,-1,0,0,0,0,-1,0,0,0,0,-1,0,0,0,0,-1,0,0,0,0,170,186,202,0,3,112,180
1117,621,fd,1,164,80,0,4,4,2,1056,0,2,0,0,0,1,0,2,192,80,128,0,65337,1000,3801,2,0,1,0,0,1,0,0,9,64,1,1,0,0,192,247,128,1,0,0,192,231,128,0,0,0,0,0,0,0,0,0,0,0,0,-1,0,0,0,0,0,1,184,14,5,-1,0,0,0,0,-1,0,0,0,0,-1,0,0,0,0,-1,0,0,0,0,-1,0,0,0,0,-1,0,0,0,0,-1,0,0,0,0,-1,0,0,0,0,-1,0,0,0,0,-1,0,0,0,0,169,185,201,0,3,113,180
1118,622,fd,1,164,80,0,4,4,2,1056,0,2,0,0,0,1,0,2,192,80,128,0,65336,1000,3800,2,0,1,0,0,1,0,0,9,64,1,1,0,0,192,245,0,1,0,0,192,229,0,0,0,0,0,0,0,0,0,0,0,0,0,-1,0,0,0,0,0,1,184,12,4,-1,0,0,0,0,-1,0,0,0,0,-1,0,0,0,0,-1,0,0,0,0,-1,0,0,0,0,-1,0,0,0,0,-1,0,0,0,0,-1,0,0,0,0,-1,0,0,0,0,-1,0,0,0,0,168,184,200,0,3,114,180
1119,623,fd,1,164,80,0,4,4,2,1056,0,2,0,0,0,1,0,2,192,80,128,0,65335,1000,3799,2,0,1,0,0,1,0,0,9,64,1,1,0,0,192,244,128,1,0,0,192,228,128,0,0,0,0,0,0,0,0,0,0,0,0,-1,0,0,0,0,0,1,184,11,3,-1,0,0,0,0,-1,0,0,0,0,-1,0,0,0,0,-1,0,0,0,0,-1,0,0,0,0,-1,0,0,0,0,-1,0,0,0,0,-1,0,0,0,0,-1,0,0,0,0,-1,0,0,0,0,167,183,199,0,3,115,180
1120,624,fd,1,164,80,0,4,4,2,1056,0,2,0,0,0,1,0,2,192,80,128,0,65334,1000,3798,2,0,1,0,0,1,0,0,8,64,1,1,0,2,192,242,0,1,0,0,192,226,0,0,0,0,0,0,0,0,0,0,0,0,0,-1,0,0,0,0,0,1,184,9,2,-1,0,0,0,0,-1,0,0,0,0,-1,0,0,0,0,-1,0,0,0,0,-1,0,0,0,0,-1,0,0,0,0,-1,0,0,0,0,-1,0,0,0,0,-1,0,0,0,0,-1,0,0,0,0,166,182,198,0,3,116,180
1121,625,fd,1,164,80,0,4,4,2,1056,0,2,0,0,0,1,0,2,192,80,128,0,65333,1000,3797,2,0,1,0,0,1,0,0,8,64,1,0,0,0,0,0,0,1,0,0,192,225,128,0,0,0,0,0,0,0,0,0,0,0,0,-1,0,0,0,0,0,1,184,23,1,-1,0,0,0,0,-1,0,0,0,0,-1,0,0,0,0,-1,0,0,0,0,-1,0,0,0,0,-1,0,0,0,0,-1,0,0,0,0,-1,0,0,0,0,-1,0,0,0,0,-1,0,0,0,0,165,181,197,0,3,117,180
1122,626,fd,1,164,80,0,4,4,2,1056,0,2,0,0,0,1,0,2,192,80,128,0,65332,1000,3796,2,0,1,0,0,1,0,0,8,64,1,0,0,0,0,0,0,1,0,0,192,223,0,0,0,0,0,0,0,0,0,0,0,0,0,-1,0,0,0,0,-1,0,0,0,0,-1,0,0,0,0,-1,0,0,0,0,-1,0,0,0,0,-1,0,0,0,0,-1,0,0,0,0,-1,0,0,0,0,-1,0,0,0,0,-1,0,0,0,0,-1,0,0,0,0,-1,0,0,0,0,164,180,196,0,3,118,180
1123,627,fd,1,164,80,0,4,4,2,1056,0,2,0,0,0,1,0,2,192,80,128,0,65331,1000,3795,2,0,1,0,0,1,0,0,8,64,1,0,0,0,0,0,0,1,0,0,192,222,128,0,0,0,0,0,0,0,0,0,0,0,0,-1,0,0,0,0,-1,0,0,0,0,-1,0,0,0,0,-1,0,0,0,0,-1,0,0,0,0,-1,0,0,0,0,-1,0,0,0,0,-1,0,0,0,0,-1,0,0,0,0,-1,0,0,0,0,-1,0,0,0,0,-1,0,0,0,0,163,179,195,0,3,119,180
1124,628,fd,1,164,80,0,4,4,2,1056,0,2,0,0,0,1,0,2,192,80,128,0,65330,1000,3794,2,0,1,0,0,1,0,0,7,64,1,0,0,0,0,0,0,1,0,0,192,220,0,0,0,0,0,0,0,0,0,0,0,0,0,-1,0,0,0,0,-1,0,0,0,0,-1,0,0,0,0,-1,0,0,0,0,-1,0,0,0,0,-1,0,0,0,0,-1,0,0,0,0,-1,0,0,0,0,-1,0,0,0,0,-1,0,0,0,0,-1,0,0,0,0,-1,0,0,0,0,162,178,194,0,3,120,180
1125,629,fd,1,164,80,0,4,4,2,1056,0,2,0,0,0,1,0,2,192,80,128,0,65329,1000,3793,2,0,1,0,0,1,0,0,7,64,1,0,0,0,0,0,0,1,0,0,192,219,128,0,0,0,0,0,0,0,0,0,0,0,0,-1,0,0,0,0,-1,0,0,0,0,-1,0,0,0,0,-1,0,0,0,0,-1,0,0,0,0,-1,0,0,0,0,-1,0,0,0,0,-1,0,0,0,0,-1,0,0,0,0,-1,0,0,0,0,-1,0,0,0,0,-1,0,0,0,0,161,177,193,0,3,121,180
1126,630,fd,1,164,80,0,4,4,2,1056,0,2,0,0,0,1,0,2,192,80,128,0,65328,1000,3792,2,0,1,0,0,1,0,0,7,64,1,0,0,0,0,0,0,1,0,0,192,217,0,0,0,0,0,0,0,0,0,0,0,0,0,-1,0,0,0,0,-1,0,0,0,0,-1,0,0,0,0,-1,0,0,0,0,-1,0,0,0,0,-1,0,0,0,0,-1,0,0,0,0,-1,0,0,0,0,-1,0,0,0,0,-1,0,0,0,0,-1,0,0,0,0,-1,0,0,0,0,160,176,192,0,3,122,180
1127,631,fd,1,164,80,0,4,4,2,1056,0,2,0,0,0,1,0,2,192,80,128,0,65327,1000,3791,2,0,1,0,0,1,0,0,7,64,1,0,0,0,0,0,0,1,0,0,192,216,128,0,0,0,0,0,0,0,0,0,0,0,0,-1,0,0,0,0,-1,0,0,0,0,-1,0,0,0,0,-1,0,0,0,0,-1,0,0,0,0,-1,0,0,0,0,-1,0,0,0,0,-1,0,0,0,0,-1,0,0,0,0,-1,0,0,0,0,-1,0,0,0,0,-1,0,0,0,0,159,175,191,0,3,123,180
1128,632,fd,1,164,80,0,4,4,2,1056,0,2,0,0,0,1,0,2,192,80,128,0,65326,1000,3790,2,0,1,0,0,1,0,0,6,64,1,0,0,0,0,0,0,1,0,0,192,214,0,0,0,0,0,0,0,0,0,0,0,0,0,-1,0,0,0,0,-1,0,0,0,0,-1,0,0,0,0,-1,0,0,0,0,-1,0,0,0,0,-1,0,0,0,0,-1,0,0,0,0,-1,0,0,0,0,-1,0,0,0,0,-1,0,0,0,0,-1,0,0,0,0,-1,0,0,0,0,158,174,190,0,3,124,180
1129,633,fd,1,164,80,0,4,4,2,1056,0,2,0,0,0,1,0,2,192,80,128,0,65325,1000,3789,2,0,1,0,0,1,0,0,6,64,1,0,0,0,0,0,0,1,0,0,192,213,128,0,0,0,0,0,0,0,0,0,0,0,0,-1,0,0,0,0,-1,0,0,0,0,-1,0,0,0,0,-1,0,0,0,0,-1,0,0,0,0,-1,0,0,0,0,-1,0,0,0,0,-1,0,0,0,0,-1,0,0,0,0,-1,0,0,0,0,-1,0,0,0,0,-1,0,0,0,0,157,173,189,0,3,125,180
1130,634,fd,1,164,80,0,4,4,2,1056,0,2,0,0,0,1,0,2,192,80,128,0,65324,1000,3788,2,0,1,0,0,1,0,0,6,64,1,0,0,0,0,0,0,1,0,0,192,211,0,0,0,0,0,0,0,0,0,0,0,0,0,-1,0,0,0,0,-1,0,0,0,0,-1,0,0,0,0,-1,0,0,0,0,-1,0,0,0,0,-1,0,0,0,0,-1,0,0,0,0,-1,0,0,0,0,-1,0,0,0,0,-1,0,0,0,0,-1,0,0,0,0,-1,0,0,0,0,156,172,188,0,3,126,180
1131,635,fd,1,164,80,0,4,4,2,1056,0,2,0,0,0,1,0,2,192,80,128,0,65323,1000,3787,2,0,1,0,0,1,0,0,6,64,1,0,0,0,0,0,0,1,0,0,192,210,128,0,0,0,0,0,0,0,0,0,0,0,0,-1,0,0,0,0,-1,0,0,0,0,-1,0,0,0,0,-1,0,0,0,0,-1,0,0,0,0,-1,0,0,0,0,-1,0,0,0,0,-1,0,0,0,0,-1,0,0,0,0,-1,0,0,0,0,-1,0,0,0,0,-1,0,0,0,0,155,171,187,0,3,127,180
1132,636,fd,1,164,80,0,4,4,2,1056,0,2,0,0,0,1,0,2,192,80,128,0,65322,1000,3786,2,0,1,0,0,1,0,0,5,64,1,0,0,0,0,0,0,1,0,0,192,208,0,0,0,0,0,0,0,0,0,0,0,0,0,-1,0,0,0,0,-1,0,0,0,0,-1,0,0,0,0,-1,0,0,0,0,-1,0,0,0,0,-1,0,0,0,0,-1,0,0,0,0,-1,0,0,0,0,-1,0,0,0,0,-1,0,0,0,0,-1,0,0,0,0,-1,0,0,0,0,154,170,186,0,3,128,180
1133,637,fd,1,164,80,0,4,4,2,1056,0,2,0,0,0,1,0,2,192,80,128,0,65321,1000,3785,2,0,1,0,0,1,0,0,5,64,1,0,0,0,0,0,0,1,0,0,192,207,128,0,0,0,0,0,0,0,0,0,0,0,0,-1,0,0,0,0,-1,0,0,0,0,-1,0,0,0,0,-1,0,0,0,0,-1,0,0,0,0,-1,0,0,0,0,-1,0,0,0,0,-1,0,0,0,0,-1,0,0,0,0,-1,0,0,0,0,-1,0,0,0,0,-1,0,0,0,0,153,169,185,0,3,129,180
1134,638,fd,1,164,80,0,4,4,2,1056,0,2,0,0,0,1,0,2,192,80,128,0,65320,1000,3784,2,0,1,0,0,1,0,0,5,64,1,0,0,0,0,0,0,1,0,0,192,205,0,0,0,0,0,0,0,0,0,0,0,0,0,-1,0,0,0,0,-1,0,0,0,0,-1,0,0,0,0,-1,0,0,0,0,-1,0,0,0,0,-1,0,0,0,0,-1,0,0,0,0,-1,0,0,0,0,-1,0,0,0,0,-1,0,0,0,0,-1,0,0,0,0,-1,0,0,0,0,152,168,184,0,3,130,180
1135,639,fd,1,164,80,0,4,4,2,1056,0,2,0,0,0,1,0,2,192,80,128,0,65319,1000,3783,2,0,1,0,0,1,0,0,5,64,1,0,0,0,0,0,0,1,0,0,192,204,128,0,0,0,0,0,0,0,0,0,0,0,0,-1,0,0,0,0,-1,0,0,0,0,-1,0,0,0,0,-1,0,0,0,0,-1,0,0,0,0,-1,0,0,0,0,-1,0,0,0,0,-1,0,0,0,0,-1,0,0,0,0,-1,0,0,0,0,-1,0,0,0,0,-1,0,0,0,0,151,167,183,0,3,131,180
1136,640,fd,1,164,80,0,4,4,2,1056,0,2,0,0,0,1,0,2,192,80,128,0,65318,1000,3782,2,0,1,0,0,1,0,0,4,64,1,0,0,0,0,0,0,1,0,0,192,202,0,0,0,0,0,0,0,0,0,0,0,0,0,-1,0,0,0,0,-1,0,0,0,0,-1,0,0,0,0,-1,0,0,0,0,-1,0,0,0,0,-1,0,0,0,0,-1,0,0,0,0,-1,0,0,0,0,-1,0,0,0,0,-1,0,0,0,0,-1,0,0,0,0,-1,0,0,0,0,150,166,182,0,3,132,180
1137,641,fd,1,164,80,0,4,4,2,1056,0,2,0,0,0,1,0,2,192,80,128,0,65317,1000,3781,2,0,1,0,0,1,0,0,4,64,1,0,0,0,0,0,0,1,0,0,192,201,128,0,0,0,0,0,0,0,0,0,0,0,0,-1,0,0,0,0,-1,0,0,0,0,-1,0,0,0,0,-1,0,0,0,0,-1,0,0,0,0,-1,0,0,0,0,-1,0,0,0,0,-1,0,0,0,0,-1,0,0,0,0,-1,0,0,0,0,-1,0,0,0,0,-1,0,0,0,0,149,165,181,0,3,133,180
1138,642,fd,1,164,80,0,4,4,2,1056,0,2,0,0,0,1,0,2,192,80,128,0,65316,1000,3780,2,0,1,0,0,1,0,0,4,64,1,0,0,0,0,0,0,1,0,0,192,199,0,0,0,0,0,0,0,0,0,0,0,0,0,-1,0,0,0,0,-1,0,0,0,0,-1,0,0,0,0,-1,0,0,0,0,-1,0,0,0,0,-1,0,0,0,0,-1,0,0,0,0,-1,0,0,0,0,-1,0,0,0,0,-1,0,0,0,0,-1,0,0,0,0,-1,0,0,0,0,148,164,180,0,3,134,180
1139,643,fd,1,164,80,0,4,4,2,1056,0,2,0,0,0,1,0,2,192,80,128,0,65315,1000,3779,2,0,1,0,0,1,0,0,4,64,1,0,0,0,0,0,0,1,0,0,192,198,128,0,0,0,0,0,0,0,0,0,0,0,0,-1,0,0,0,0,-1,0,0,0,0,-1,0,0,0,0,-1,0,0,0,0,-1,0,0,0,0,-1,0,0,0,0,-1,0,0,0,0,-1,0,0,0,0,-1,0,0,0,0,-1,0,0,0,0,-1,0,0,0,0,-1,0,0,0,0,147,163,179,0,3,135,180
1140,644,fd,1,164,80,0,4,4,2,1056,0,2,0,0,0,1,0,2,192,80,128,0,65314,1000,3778,2,0,1,0,0,1,0,0,3,64,1,0,0,0,0,0,0,1,0,0,192,196,0,0,0,0,0,0,0,0,0,0,0,0,0,-1,0,0,0,0,-1,0,0,0,0,-1,0,0,0,0,-1,0,0,0,0,-1,0,0,0,0,-1,0,0,0,0,-1,0,0,0,0,-1,0,0,0,0,-1,0,0,0,0,-1,0,0,0,0,-1,0,0,0,0,-1,0,0,0,0,146,162,178,0,3,136,180
1141,645,fd,1,164,80,0,4,4,2,1056,0,2,0,0,0,1,0,2,192,80,128,0,65313,1000,3777,2,0,1,0,0,1,0,0,3,64,1,0,0,0,0,0,0,1,0,0,192,195,128,0,0,0,0,0,0,0,0,0,0,0,0,-1,0,0,0,0,-1,0,0,0,0,-1,0,0,0,0,-1,0,0,0,0,-1,0,0,0,0,-1,0,0,0,0,-1,0,0,0,0,-1,0,0,0,0,-1,0,0,0,0,-1,0,0,0,0,-1,0,0,0,0,-1,0,0,0,0,145,161,177,0,3,137,180
1142,646,fd,1,164,80,0,4,4,2,1056,0,2,0,0,0,1,0,2,192,80,128,0,65312,1000,3776,2,0,1,0,0,1,0,0,3,64,1,0,0,0,0,0,0,1,0,0,192,193,0,0,0,0,0,0,0,0,0,0,0,0,0,-1,0,0,0,0,-1,0,0,0,0,-1,0,0,0,0,-1,0,0,0,0,-1,0,0,0,0,-1,0,0,0,0,-1,0,0,0,0,-1,0,0,0,0,-1,0,0,0,0,-1,0,0,0,0,-1,0,0,0,0,-1,0,0,0,0,144,160,176,0,3,138,180
1143,647,fd,1,164,80,0,4,4,2,1056,0,2,0,0,0,1,0,2,192,80,128,0,65311,1000,3775,2,0,1,0,0,1,0,0,3,64,1,1,0,0,192,240,128,1,0,0,192,192,128,0,0,0,0,0,0,0,0,0,0,0,0,-1,0,0,0,0,-1,0,0,0,0,-1,0,0,0,0,-1,0,0,0,0,-1,0,0,0,0,-1,0,0,0,0,-1,0,0,0,0,-1,0,0,0,0,-1,0,0,0,0,-1,0,0,0,0,-1,0,0,0,0,-1,0,0,0,0,143,159,175,0,3,139,180
1144,648,fd,1,164,80,0,4,4,2,1056,0,2,0,0,0,1,0,2,192,80,128,0,65310,1000,3774,2,0,1,0,0,1,0,0,2,64,1,1,0,0,192,238,0,1,0,0,192,190,0,0,0,0,0,0,0,0,0,0,0,0,0,-1,0,0,0,0,-1,0,0,0,0,-1,0,0,0,0,-1,0,0,0,0,-1,0,0,0,0,-1,0,0,0,0,-1,0,0,0,0,-1,0,0,0,0,-1,0,0,0,0,-1,0,0,0,0,-1,0,0,0,0,-1,0,0,0,0,142,158,174,0,3,140,180
1145,649,fd,1,164,80,0,4,4,2,1056,0,2,0,0,0,1,0,2,192,80,128,0,65309,1000,3773,2,0,1,0,0,1,0,0,2,64,1,1,0,0,192,237,128,1,0,0,192,189,128,0,0,0,0,0,0,0,0,0,0,0,0,-1,0,0,0,0,-1,0,0,0,0,-1,0,0,0,0,-1,0,0,0,0,-1,0,0,0,0,-1,0,0,0,0,-1,0,0,0,0,-1,0,0,0,0,-1,0,0,0,0,-1,0,0,0,0,-1,0,0,0,0,-1,0,0,0,0,141,157,173,0,3,141,180
1146,650,fd,1,164,80,0,4,4,2,1056,0,2,0,0,0,1,0,2,192,80,128,0,65308,1000,3772,2,0,1,0,0,1,0,0,2,64,1,1,0,0,192,235,0,1,0,0,192,187,0,0,0,0,0,0,0,0,0,0,0,0,0,-1,0,0,0,0,-1,0,0,0,0,-1,0,0,0,0,-1,0,0,0,0,-1,0,0,0,0,-1,0,0,0,0,-1,0,0,0,0,-1,0,0,0,0,-1,0,0,0,0,-1,0,0,0,0,-1,0,0,0,0,-1,0,0,0,0,140,156,172,0,3,142,180
1147,651,fd,1,164,80,0,4,4,2,1056,0,2,0,0,0,1,0,2,192,80,128,0,65307,1000,3771,2,0,1,0,0,1,0,0,2,64,1,1,0,0,192,234,128,1,0,0,192,186,128,0,0,0,0,0,0,0,0,0,0,0,0,-1,0,0,0,0,-1,0,0,0,0,-1,0,0,0,0,-1,0,0,0,0,-1,0,0,0,0,-1,0,0,0,0,-1,0,0,0,0,-1,0,0,0,0,-1,0,0,0,0,-1,0,0,0,0,-1,0,0,0,0,-1,0,0,0,0,139,155,171,0,3,143,180
1148,652,fd,1,164,80,0,4,4,2,1056,0,2,0,0,0,1,0,2,192,80,128,0,65306,1000,3770,2,0,1,0,0,1,0,0,1,64,1,1,0,0,192,232,0,1,0,0,192,184,0,0,0,0,0,0,0,0,0,0,0,0,0,-1,0,0,0,0,-1,0,0,0,0,-1,0,0,0,0,-1,0,0,0,0,-1,0,0,0,0,-1,0,0,0,0,-1,0,0,0,0,-1,0,0,0,0,-1,0,0,0,0,-1,0,0,0,0,-1,0,0,0,0,-1,0,0,0,0,138,154,170,0,3,144,180
1149,653,fd,1,164,80,0,4,4,2,1056,0,2,0,0,0,1,0,2,192,80,128,0,65305,1000,3769,2,0,1,0,0,1,0,0,1,64,1,1,0,0,192,231,128,1,0,0,192,183,128,0,0,0,0,0,0,0,0,0,0,0,0,-1,0,0,0,0,-1,0,0,0,0,-1,0,0,0,0,-1,0,0,0,0,-1,0,0,0,0,-1,0,0,0,0,-1,0,0,0,0,-1,0,0,0,0,-1,0,0,0,0,-1,0,0,0,0,-1,0,0,0,0,-1,0,0,0,0,137,153,169,0,3,145,180
1150,654,fd,1,164,80,0,4,4,2,1056,0,2,0,0,0,1,0,2,192,80,128,0,65304,1000,3768,2,0,1,0,0,1,0,0,1,64,1,1,0,0,192,229,0,1,0,0,192,181,0,0,0,0,0,0,0,0,0,0,0,0,0,-1,0,0,0,0,-1,0,0,0,0,-1,0,0,0,0,-1,0,0,0,0,-1,0,0,0,0,-1,0,0,0,0,-1,0,0,0,0,-1,0,0,0,0,-1,0,0,0,0,-1,0,0,0,0,-1,0,0,0,0,-1,0,0,0,0,136,152,168,0,3,146,180
1151,655,fd,1,164,80,0,4,4,2,1056,0,2,0,0,0,1,0,2,192,80,128,0,65303,1000,3767,2,0,1,0,0,1,0,0,1,64,1,1,0,0,192,228,128,1,0,0,192,180,128,0,0,0,0,0,0,0,0,0,0,0,0,-1,0,0,0,0,-1,0,0,0,0,-1,0,0,0,0,-1,0,0,0,0,-1,0,0,0,0,-1,0,0,0,0,-1,0,0,0,0,-1,0,0,0,0,-1,0,0,0,0,-1,0,0,0,0,-1,0,0,0,0,-1,0,0,0,0,135,151,167,0,3,147,180
1152,656,fd,1,164,80,0,4,4,2,1056,0,2,0,0,0,1,0,2,192,80,128,0,65302,1000,3766,2,0,1,0,0,1,0,0,0,64,1,1,0,0,192,226,0,1,0,0,192,178,0,0,0,0,0,0,0,0,0,0,0,0,0,-1,0,0,0,0,-1,0,0,0,0,-1,0,0,0,0,-1,0,0,0,0,-1,0,0,0,0,-1,0,0,0,0,-1,0,0,0,0,-1,0,0,0,0,-1,0,0,0,0,-1,0,0,0,0,-1,0,0,0,0,-1,0,0,0,0,134,150,166,0,3,148,180
1153,657,fd,1,164,80,0,4,4,2,1056,0,2,0,0,0,1,0,2,192,80,128,0,65301,1000,3765,2,0,1,0,0,1,0,0,0,64,1,1,0,0,192,225,128,1,0,0,192,177,128,0,0,0,0,0,0,0,0,0,0,0,0,-1,0,0,0,0,-1,0,0,0,0,-1,0,0,0,0,-1,0,0,0,0,-1,0,0,0,0,-1,0,0,0,0,-1,0,0,0,0,-1,0,0,0,0,-1,0,0,0,0,-1,0,0,0,0,-1,0,0,0,0,-1,0,0,0,0,133,149,165,0,3,149,180
1154,658,fd,1,164,80,0,4,4,2,1056,0,2,0,0,0,1,0,2,192,80,128,0,65300,1000,3764,2,0,1,0,0,1,0,0,0,64,1,1,0,0,192,223,0,1,0,0,192,175,0,0,0,0,0,0,0,0,0,0,0,0,0,-1,0,0,0,0,-1,0,0,0,0,-1,0,0,0,0,-1,0,0,0,0,-1,0,0,0,0,-1,0,0,0,0,-1,0,0,0,0,-1,0,0,0,0,-1,0,0,0,0,-1,0,0,0,0,-1,0,0,0,0,-1,0,0,0,0,132,148,164,0,3,150,180
1155,659,fd,1,164,80,0,4,4,2,1056,0,2,0,0,0,1,0,2,192,80,128,0,65299,1000,3763,2,0,1,0,0,1,0,0,0,64,1,1,0,0,192,222,128,1,0,0,192,174,128,0,0,0,0,0,0,0,0,0,0,0,0,-1,0,0,0,0,-1,0,0,0,0,-1,0,0,0,0,-1,0,0,0,0,-1,0,0,0,0,-1,0,0,0,0,-1,0,0,0,0,-1,0,0,0,0,-1,0,0,0,0,-1,0,0,0,0,-1,0,0,0,0,-1,0,0,0,0,131,147,163,0,3,151,180
1156,660,fd,1,164,80,0,4,4,2,1056,0,2,0,0,0,1,0,2,192,80,128,0,65298,1000,3762,2,0,1,0,0,1,0,0,0,64,1,1,0,0,192,220,0,1,0,0,192,172,0,0,0,0,0,0,0,0,0,0,0,0,0,-1,0,0,0,0,-1,0,0,0,0,-1,0,0,0,0,-1,0,0,0,0,-1,0,0,0,0,-1,0,0,0,0,-1,0,0,0,0,-1,0,0,0,0,-1,0,0,0,0,-1,0,0,0,0,-1,0,0,0,0,-1,0,0,0,0,130,146,162,0,3,152,180
1157,661,fd,1,164,80,0,4,4,2,1056,0,2,0,0,0,1,0,2,192,80,128,0,65297,1000,3761,2,0,1,0,0,1,0,0,0,64,1,1,0,0,192,219,128,1,0,0,192,171,128,0,0,0,0,0,0,0,0,0,0,0,0,-1,0,0,0,0,-1,0,0,0,0,-1,0,0,0,0,-1,0,0,0,0,-1,0,0,0,0,-1,0,0,0,0,-1,0,0,0,0,-1,0,0,0,0,-1,0,0,0,0,-1,0,0,0,0,-1,0,0,0,0,-1,0,0,0,0,129,145,161,0,3,153,180
1158,662,fd,1,164,80,0,4,4,2,1056,0,2,0,0,0,1,0,2,192,80,128,0,65296,1000,3760,2,0,1,0,0,1,0,0,0,64,1,1,0,0,192,217,0,1,0,0,192,169,0,0,0,0,0,0,0,0,0,0,0,0,0,-1,0,0,0,0,-1,0,0,0,0,-1,0,0,0,0,-1,0,0,0,0,-1,0,0,0,0,-1,0,0,0,0,-1,0,0,0,0,-1,0,0,0,0,-1,0,0,0,0,-1,0,0,0,0,-1,0,0,0,0,-1,0,0,0,0,128,144,160,0,3,154,180
1159,663,fd,1,164,80,0,4,4,2,1056,0,2,0,0,0,1,0,2,192,80,128,0,65295,1000,3759,2,0,1,0,0,1,0,0,0,64,1,1,0,0,192,216,128,1,0,0,192,168,128,0,0,0,0,0,0,0,0,0,0,0,0,-1,0,0,0,0,-1,0,0,0,0,-1,0,0,0,0,-1,0,0,0,0,-1,0,0,0,0,-1,0,0,0,0,-1,0,0,0,0,-1,0,0,0,0,-1,0,0,0,0,-1,0,0,0,0,-1,0,0,0,0,-1,0,0,0,0,127,143,159,0,3,155,180
1160,664,fd,1,164,80,0,4,4,2,1056,0,2,0,0,0,1,0,2,192,80,128,0,65294,1000,3758,2,0,1,0,0,1,0,0,0,64,1,1,0,0,192,214,0,1,0,0,192,166,0,0,0,0,0,0,0,0,0,0,0,0,0,-1,0,0,0,0,-1,0,0,0,0,-1,0,0,0,0,-1,0,0,0,0,-1,0,0,0,0,-1,0,0,0,0,-1,0,0,0,0,-1,0,0,0,0,-1,0,0,0,0,-1,0,0,0,0,-1,0,0,0,0,-1,0,0,0,0,126,142,158,0,3,156,180
1161,665,fd,1,164,80,0,4,4,2,1056,0,2,0,0,0,1,0,2,192,80,128,0,65293,1000,3757,2,0,1,0,0,1,0,0,0,64,1,1,0,0,192,213,128,1,0,0,192,165,128,0,0,0,0,0,0,0,0,0,0,0,0,-1,0,0,0,0,-1,0,0,0,0,-1,0,0,0,0,-1,0,0,0,0,-1,0,0,0,0,-1,0,0,0,0,-1,0,0,0,0,-1,0,0,0,0,-1,0,0,0,0,-1,0,0,0,0,-1,0,0,0,0,-1,0,0,0,0,125,141,157,0,3,157,180
1162,666,fd,1,164,80,0,4,4,2,1056,0,2,0,0,0,1,0,2,192,80,128,0,65292,1000,3756,2,0,1,0,0,1,0,0,0,64,1,1,0,0,192,211,0,1,0,0,192,163,0,0,0,0,0,0,0,0,0,0,0,0,0,-1,0,0,0,0,-1,0,0,0,0,-1,0,0,0,0,-1,0,0,0,0,-1,0,0,0,0,-1,0,0,0,0,-1,0,0,0,0,-1,0,0,0,0,-1,0,0,0,0,-1,0,0,0,0,-1,0,0,0,0,-1,0,0,0,0,124,140,156,0,3,158,180
1163,667,fd,1,164,80,0,4,4,2,1056,0,2,0,0,0,1,0,2,192,80,128,0,65291,1000,3755,2,0,1,0,0,1,0,0,0,64,1,1,0,0,192,210,128,1,0,0,192,162,128,0,0,0,0,0,0,0,0,0,0,0,0,-1,0,0,0,0,-1,0,0,0,0,-1,0,0,0,0,-1,0,0,0,0,-1,0,0,0,0,-1,0,0,0,0,-1,0,0,0,0,-1,0,0,0,0,-1,0,0,0,0,-1,0,0,0,0,-1,0,0,0,0,-1,0,0,0,0,123,139,155,0,3,159,180
1164,668,fd,1,164,80,0,4,4,2,1056,0,2,0,0,0,1,0,2,192,80,128,0,65290,1000,3754,2,0,1,0,0,1,0,0,0,64,1,1,0,0,192,208,0,1,0,0,192,160,0,0,0,0,0,0,0,0,0,0,0,0,0,-1,0,0,0,0,-1,0,0,0,0,-1,0,0,0,0,-1,0,0,0,0,-1,0,0,0,0,-1,0,0,0,0,-1,0,0,0,0,-1,0,0,0,0,-1,0,0,0,0,-1,0,0,0,0,-1,0,0,0,0,-1,0,0,0,0,122,138,154,0,3,160,180
1165,669,fd,1,164,80,0,4,4,2,1056,0,2,0,0,0,1,0,2,192,80,128,0,65289,1000,3753,2,0,1,0,0,1,0,0,0,64,1,1,0,0,192,207,128,1,0,0,192,159,128,0,0,0,0,0,0,0,0,0,0,0,0,-1,0,0,0,0,-1,0,0,0,0,-1,0,0,0,0,-1,0,0,0,0,-1,0,0,0,0,-1,0,0,0,0,-1,0,0,0,0,-1,0,0,0,0,-1,0,0,0,0,-1,0,0,0,0,-1,0,0,0,0,-1,0,0,0,0,121,137,153,0,3,161,180
1166,670,fd,1,164,80,0,4,4,2,1056,0,2,0,0,0,1,0,2,192,80,128,0,65288,1000,3752,2,0,1,0,0,1,0,0,0,64,1,1,0,0,192,205,0,1,0,0,192,157,0,0,0,0,0,0,0,0,0,0,0,0,0,-1,0,0,0,0,-1,0,0,0,0,-1,0,0,0,0,-1,0,0,0,0,-1,0,0,0,0,-1,0,0,0,0,-1,0,0,0,0,-1,0,0,0,0,-1,0,0,0,0,-1,0,0,0,0,-1,0,0,0,0,-1,0,0,0,0,120,136,152,0,3,162,180
1167,671,fd,1,164,80,0,4,4,2,1056,0,2,0,0,0,1,0,2,192,80,128,0,65287,1000,3751,2,0,1,0,0,1,0,0,0,64,1,1,0,0,192,204,128,1,0,0,192,156,128,0,0,0,0,0,0,0,0,0,0,0,0,-1,0,0,0,0,-1,0,0,0,0,-1,0,0,0,0,-1,0,0,0,0,-1,0,0,0,0,-1,0,0,0,0,-1,0,0,0,0,-1,0,0,0,0,-1,0,0,0,0,-1,0,0,0,0,-1,0,0,0,0,-1,0,0,0,0,119,135,151,0,3,163,180
1168,672,fd,1,164,80,0,4,4,2,1056,0,2,0,0,0,1,0,2,192,80,128,0,65286,1000,3750,2,0,1,0,0,1,0,0,0,64,1,1,0,0,192,202,0,1,0,0,192,154,0,0,0,0,0,0,0,0,0,0,0,0,0,-1,0,0,0,0,-1,0,0,0,0,-1,0,0,0,0,-1,0,0,0,0,-1,0,0,0,0,-1,0,0,0,0,-1,0,0,0,0,-1,0,0,0,0,-1,0,0,0,0,-1,0,0,0,0,-1,0,0,0,0,-1,0,0,0,0,118,134,150,0,3,164,180
1169,673,fd,1,164,80,0,4,4,2,1056,0,2,0,0,0,1,0,2,192,80,128,0,65285,1000,3749,2,0,1,0,0,1,0,0,0,64,1,1,0,0,192,201,128,1,0,0,192,153,128,0,0,0,0,0,0,0,0,0,0,0,0,-1,0,0,0,0,-1,0,0,0,0,-1,0,0,0,0,-1,0,0,0,0,-1,0,0,0,0,-1,0,0,0,0,-1,0,0,0,0,-1,0,0,0,0,-1,0,0,0,0,-1,0,0,0,0,-1,0,0,0,0,-1,0,0,0,0,117,133,149,0,3,165,180
1170,674,fd,1,164,80,0,4,4,2,1056,0,2,0,0,0,1,0,2,192,80,128,0,65284,1000,3748,2,0,1,0,0,1,0,0,0,64,1,1,0,0,192,199,0,1,0,0,192,151,0,0,0,0,0,0,0,0,0,0,0,0,0,-1,0,0,0,0,-1,0,0,0,0,-1,0,0,0,0,-1,0,0,0,0,-1,0,0,0,0,-1,0,0,0,0,-1,0,0,0,0,-1,0,0,0,0,-1,0,0,0,0,-1,0,0,0,0,-1,0,0,0,0,-1,0,0,0,0,116,132,148,0,3,166,180
1171,675,fd,1,164,80,0,4,4,2,1056,0,2,0,0,0,1,0,2,192,80,128,0,65283,1000,3747,2,0,1,0,0,1,0,0,0,64,1,1,0,0,192,198,128,1,0,0,192,150,128,0,0,0,0,0,0,0,0,0,0,0,0,-1,0,0,0,0,-1,0,0,0,0,-1,0,0,0,0,-1,0,0,0,0,-1,0,0,0,0,-1,0,0,0,0,-1,0,0,0,0,-1,0,0,0,0,-1,0,0,0,0,-1,0,0,0,0,-1,0,0,0,0,-1,0,0,0,0,115,131,147,0,3,167,180
1172,676,fd,1,164,80,0,4,4,2,1056,0,2,0,0,0,1,0,2,192,80,128,0,65282,1000,3746,2,0,1,0,0,1,0,0,0,64,1,1,0,0,192,196,0,1,0,0,192,148,0,0,0,0,0,0,0,0,0,0,0,0,0,-1,0,0,0,0,-1,0,0,0,0,-1,0,0,0,0,-1,0,0,0,0,-1,0,0,0,0,-1,0,0,0,0,-1,0,0,0,0,-1,0,0,0,0,-1,0,0,0,0,-1,0,0,0,0,-1,0,0,0,0,-1,0,0,0,0,114,130,146,0,3,168,180
1173,677,fd,1,164,80,0,4,4,2,1056,0,2,0,0,0,1,0,2,192,80,128,0,65281,1000,3745,2,0,1,0,0,1,0,0,0,64,1,1,0,0,192,195,128,1,0,0,192,147,128,0,0,0,0,0,0,0,0,0,0,0,0,-1,0,0,0,0,-1,0,0,0,0,-1,0,0,0,0,-1,0,0,0,0,-1,0,0,0,0,-1,0,0,0,0,-1,0,0,0,0,-1,0,0,0,0,-1,0,0,0,0,-1,0,0,0,0,-1,0,0,0,0,-1,0,0,0,0,113,129,145,0,3,169,180
1174,678,fd,1,164,80,0,4,4,2,1056,0,2,0,0,0,1,0,2,192,80,128,0,65280,1000,3744,2,0,1,0,0,1,0,0,0,64,1,1,0,0,192,193,0,1,0,0,192,145,0,0,0,0,0,0,0,0,0,0,0,0,0,-1,0,0,0,0,-1,0,0,0,0,-1,0,0,0,0,-1,0,0,0,0,-1,0,0,0,0,-1,0,0,0,0,-1,0,0,0,0,-1,0,0,0,0,-1,0,0,0,0,-1,0,0,0,0,-1,0,0,0,0,-1,0,0,0,0,112,128,144,0,3,170,180
1175,679,fd,1,164,80,0,4,4,2,1056,0,2,0,0,0,1,0,2,192,80,128,0,65279,1000,3743,2,0,1,0,0,1,0,0,0,64,1,1,0,0,192,192,128,1,0,0,192,144,128,0,0,0,0,0,0,0,0,0,0,0,0,-1,0,0,0,0,-1,0,0,0,0,-1,0,0,0,0,-1,0,0,0,0,-1,0,0,0,0,-1,0,0,0,0,-1,0,0,0,0,-1,0,0,0,0,-1,0,0,0,0,-1,0,0,0,0,-1,0,0,0,0,-1,0,0,0,0,111,127,143,0,3,171,180
1176,680,fd,1,164,80,0,4,4,2,1056,0,2,0,0,0,1,0,2,192,80,128,0,65278,1000,3742,2,0,1,0,0,1,0,0,0,64,1,1,0,0,192,190,0,1,0,0,192,142,0,0,0,0,0,0,0,0,0,0,0,0,0,-1,0,0,0,0,-1,0,0,0,0,-1,0,0,0,0,-1,0,0,0,0,-1,0,0,0,0,-1,0,0,0,0,-1,0,0,0,0,-1,0,0,0,0,-1,0,0,0,0,-1,0,0,0,0,-1,0,0,0,0,-1,0,0,0,0,110,126,142,0,3,172,180
1177,681,fd,1,164,80,0,4,4,2,1056,0,2,0,0,0,1,0,2,192,80,128,0,65277,1000,3741,2,0,1,0,0,1,0,0,0,64,1,1,0,0,192,189,128,1,0,0,192,141,128,0,0,0,0,0,0,0,0,0,0,0,0,-1,0,0,0,0,-1,0,0,0,0,-1,0,0,0,0,-1,0,0,0,0,-1,0,0,0,0,-1,0,0,0,0,-1,0,0,0,0,-1,0,0,0,0,-1,0,0,0,0,-1,0,0,0,0,-1,0,0,0,0,-1,0,0,0,0,109,125,141,0,3,173,180
1178,682,fd,1,164,80,0,4,4,2,1056,0,2,0,0,0,1,0,2,192,80,128,0,65276,1000,3740,2,0,1,0,0,1,0,0,0,64,1,1,0,0,192,187,0,1,0,0,192,139,0,0,0,0,0,0,0,0,0,0,0,0,0,-1,0,0,0,0,-1,0,0,0,0,-1,0,0,0,0,-1,0,0,0,0,-1,0,0,0,0,-1,0,0,0,0,-1,0,0,0,0,-1,0,0,0,0,-1,0,0,0,0,-1,0,0,0,0,-1,0,0,0,0,-1,0,0,0,0,108,124,140,0,3,174,180
1179,683,fd,1,164,80,0,4,4,2,1056,0,2,0,0,0,1,0,2,192,80,128,0,65275,1000,3739,2,0,1,0,0,1,0,0,0,64,1,1,0,0,192,186,128,1,0,0,192,138,128,0,0,0,0,0,0,0,0,0,0,0,0,-1,0,0,0,0,-1,0,0,0,0,-1,0,0,0,0,-1,0,0,0,0,-1,0,0,0,0,-1,0,0,0,0,-1,0,0,0,0,-1,0,0,0,0,-1,0,0,0,0,-1,0,0,0,0,-1,0,0,0,0,-1,0,0,0,0,107,123,139,0,3,175,180
1180,684,fd,1,164,80,0,4,4,2,1056,0,2,0,0,0,1,0,2,192,80,128,0,65274,1000,3738,2,0,1,0,0,1,0,0,0,64,1,1,0,0,192,184,0,1,0,0,192,136,0,0,0,0,0,0,0,0,0,0,0,0,0,-1,0,0,0,0,-1,0,0,0,0,-1,0,0,0,0,-1,0,0,0,0,-1,0,0,0,0,-1,0,0,0,0,-1,0,0,0,0,-1,0,0,0,0,-1,0,0,0,0,-1,0,0,0,0,-1,0,0,0,0,-1,0,0,0,0,106,122,138,0,3,176,180
1181,685,fd,1,164,80,0,4,4,2,1056,0,2,0,0,0,1,0,2,192,80,128,0,65273,1000,3737,2,0,1,0,0,1,0,0,0,64,1,1,0,0,192,183,128,1,0,0,192,135,128,0,0,0,0,0,0,0,0,0,0,0,0,-1,0,0,0,0,-1,0,0,0,0,-1,0,0,0,0,-1,0,0,0,0,-1,0,0,0,0,-1,0,0,0,0,-1,0,0,0,0,-1,0,0,0,0,-1,0,0,0,0,-1,0,0,0,0,-1,0,0,0,0,-1,0,0,0,0,105,121,137,0,3,177,180
1182,686,fd,1,164,80,0,4,4,2,1056,0,2,0,0,0,1,0,2,192,80,128,0,65272,1000,3736,2,0,1,0,0,1,0,0,0,64,1,1,0,0,192,181,0,1,0,0,192,133,0,0,0,0,0,0,0,0,0,0,0,0,0,-1,0,0,0,0,-1,0,0,0,0,-1,0,0,0,0,-1,0,0,0,0,-1,0,0,0,0,-1,0,0,0,0,-1,0,0,0,0,-1,0,0,0,0,-1,0,0,0,0,-1,0,0,0,0,-1,0,0,0,0,-1,0,0,0,0,104,120,136,0,3,178,180
1183,687,fd,1,164,80,0,4,4,2,1056,0,2,0,0,0,1,0,2,192,80,128,0,65271,1000,3735,2,0,1,0,0,1,0,0,0,64,1,1,0,0,192,180,128,1,0,0,192,132,128,1,0,0,192,240,128,0,0,0,0,0,0,-1,0,0,0,0,-1,0,0,0,0,-1,0,0,0,0,-1,0,0,0,0,-1,0,0,0,0,-1,0,0,0,0,-1,0,0,0,0,-1,0,0,0,0,-1,0,0,0,0,-1,0,0,0,0,-1,0,0,0,0,-1,0,0,0,0,103,119,135,0,3,179,180
1184,688,fd,1,164,80,0,4,4,2,1056,0,2,0,0,0,1,0,2,192,80,128,0,65270,1000,3734,2,0,1,0,0,1,0,0,0,64,1,1,0,0,192,178,0,1,0,0,192,130,0,1,0,0,192,238,0,0,0,0,0,0,0,-1,0,0,0,0,-1,0,0,0,0,-1,0,0,0,0,-1,0,0,0,0,-1,0,0,0,0,-1,0,0,0,0,-1,0,0,0,0,-1,0,0,0,0,-1,0,0,0,0,-1,0,0,0,0,-1,0,0,0,0,-1,0,0,0,0,102,118,134,0,3,180,180
1185,689,fd,1,164,80,0,4,4,2,1056,0,2,0,0,0,1,0,2,192,80,128,0,65269,1000,3733,2,0,1,0,0,1,0,0,0,64,1,1,0,0,192,177,128,1,0,0,192,129,128,1,0,0,192,237,128,0,0,0,0,0,0,-1,0,0,0,0,-1,0,0,0,0,-1,0,0,0,0,-1,0,0,0,0,-1,0,0,0,0,-1,0,0,0,0,-1,0,0,0,0,-1,0,0,0,0,-1,0,0,0,0,-1,0,0,0,0,-1,0,0,0,0,-1,0,0,0,0,101,117,133,0,3,181,180
1186,690,fd,1,164,80,0,4,4,2,1056,0,2,0,0,0,1,0,2,192,80,128,0,65268,1000,3732,2,0,1,0,0,1,0,0,0,64,1,1,0,0,192,175,0,1,0,0,192,127,0,1,0,0,192,235,0,0,0,0,0,0,0,-1,0,0,0,0,-1,0,0,0,0,-1,0,0,0,0,-1,0,0,0,0,-1,0,0,0,0,-1,0,0,0,0,-1,0,0,0,0,-1,0,0,0,0,-1,0,0,0,0,-1,0,0,0,0,-1,0,0,0,0,-1,0,0,0,0,100,116,132,0,3,182,180
1187,691,ed,1,160,80,1,4,4,2,1024,16,2,0,0,0,1,0,4,192,80,128,0,65267,1000,3731,2,0,1,0,0,1,1,0,0,64,1,1,0,0,192,174,128,1,0,0,192,126,128,1,0,0,192,234,128,0,0,0,0,0,0,-1,0,0,0,0,-1,0,0,0,0,-1,0,0,0,0,-1,0,0,0,0,-1,0,0,0,0,-1,0,0,0,0,-1,0,0,0,0,-1,0,0,0,0,-1,0,0,0,0,-1,0,0,0,0,-1,0,0,0,0,-1,0,0,0,0,99,115,131,0,3,183,180
1188,692,fd,1,157,80,1,4,4,2,992,16,2,0,0,0,1,0,4,192,78,128,0,65266,1000,3730,2,0,1,0,0,1,0,0,0,64,1,1,0,0,192,172,0,1,0,0,192,124,0,1,0,0,192,232,0,0,0,0,0,0,0,-1,0,0,0,0,-1,0,0,0,0,-1,0,0,0,0,-1,0,0,0,0,-1,0,0,0,0,-1,0,0,0,0,-1,0,0,0,0,-1,0,0,0,0,-1,0,0,0,0,-1,0,0,0,0,-1,0,0,0,0,-1,0,0,0,0,98,114,130,0,3,184,180
1189,693,fd,1,154,80,1,4,4,2,960,0,2,0,0,0,1,0,4,192,76,128,0,65265,1000,3729,2,0,1,0,0,1,0,0,0,64,1,1,0,0,192,171,128,1,0,0,192,123,128,1,0,0,192,231,128,0,0,0,0,0,0,-1,0,0,0,0,-1,0,0,0,0,-1,0,0,0,0,-1,0,0,0,0,-1,0,0,0,0,-1,0,0,0,0,-1,0,0,0,0,-1,0,0,0,0,-1,0,0,0,0,-1,0,0,0,0,-1,0,0,0,0,-1,0,0,0,0,97,113,129,0,3,185,180
1190,694,fd,1,151,80,1,4,4,2,928,0,2,0,0,0,1,0,4,192,74,128,0,65264,1000,3728,2,0,1,0,0,1,0,0,0,64,1,1,0,0,192,169,0,1,0,0,192,121,0,1,0,0,192,229,0,0,0,0,0,0,0,-1,0,0,0,0,-1,0,0,0,0,-1,0,0,0,0,-1,0,0,0,0,-1,0,0,0,0,-1,0,0,0,0,-1,0,0,0,0,-1,0,0,0,0,-1,0,0,0,0,-1,0,0,0,0,-1,0,0,0,0,-1,0,0,0,0,96,112,128,0,3,186,180
1191,695,fd,1,148,80,1,4,4,2,896,0,2,0,0,0,1,0,4,192,72,128,0,65263,1000,3727,2,0,1,0,0,1,0,0,0,64,1,1,0,0,192,168,128,1,0,0,192,120,128,1,0,0,192,228,128,0,0,0,0,0,0,-1,0,0,0,0,-1,0,0,0,0,-1,0,0,0,0,-1,0,0,0,0,-1,0,0,0,0,-1,0,0,0,0,-1,0,0,0,0,-1,0,0,0,0,-1,0,0,0,0,-1,0,0,0,0,-1,0,0,0,0,-1,0,0,0,0,95,111,127,0,3,187,180
1192,696,fd,1,145,80,1,4,4,2,864,0,2,0,0,0,1,0,4,192,70,128,0,65262,1000,3726,2,0,1,0,0,1,0,0,0,64,1,1,0,0,192,166,0,1,0,0,192,118,0,1,0,0,192,226,0,0,0,0,0,0,0,-1,0,0,0,0,-1,0,0,0,0,-1,0,0,0,0,-1,0,0,0,0,-1,0,0,0,0,-1,0,0,0,0,-1,0,0,0,0,-1,0,0,0,0,-1,0,0,0,0,-1,0,0,0,0,-1,0,0,0,0,-1,0,0,0,0,94,110,126,0,3,188,180
1193,697,fd,1,142,80,1,4,4,2,832,0,2,0,0,0,1,0,4,192,68,128,0,65261,1000,3725,2,0,1,0,0,1,0,0,0,64,1,1,0,0,192,165,128,1,0,0,192,117,128,1,0,0,192,225,128,0,0,0,0,0,0,-1,0,0,0,0,-1,0,0,0,0,-1,0,0,0,0,-1,0,0,0,0,-1,0,0,0,0,-1,0,0,0,0,-1,0,0,0,0,-1,0,0,0,0,-1,0,0,0,0,-1,0,0,0,0,-1,0,0,0,0,-1,0,0,0,0,93,109,125,0,3,189,180
1194,698,fd,1,139,80,1,4,4,2,800,0,2,0,0,0,1,0,4,192,66,128,0,65260,1000,3724,2,0,1,0,0,1,0,0,0,64,1,1,0,0,192,163,0,1,0,0,192,115,0,1,0,0,192,223,0,0,0,0,0,0,0,-1,0,0,0,0,-1,0,0,0,0,-1,0,0,0,0,-1,0,0,0,0,-1,0,0,0,0,-1,0,0,0,0,-1,0,0,0,0,-1,0,0,0,0,-1,0,0,0,0,-1,0,0,0,0,-1,0,0,0,0,-1,0,0,0,0,92,108,124,0,3,190,180
1195,699,fd,1,136,80,1,4,4,2,768,0,2,0,0,0,1,0,4,192,64,128,0,65259,1000,3723,2,0,1,0,0,1,0,0,0,64,1,1,0,0,192,162,128,1,0,0,192,114,128,1,0,0,192,222,128,0,0,0,0,0,0,-1,0,0,0,0,-1,0,0,0,0,-1,0,0,0,0,-1,0,0,0,0,-1,0,0,0,0,-1,0,0,0,0,-1,0,0,0,0,-1,0,0,0,0,-1,0,0,0,0,-1,0,0,0,0,-1,0,0,0,0,-1,0,0,0,0,91,107,123,0,3,191,180
1196,700,fd,1,134,80,1,4,4,2,736,0,2,0,0,0,1,0,4,192,62,128,0,65258,1000,3722,2,0,1,0,0,1,0,0,0,64,1,1,0,0,192,160,0,1,0,0,192,112,0,1,0,0,192,220,0,0,0,0,0,0,0,-1,0,0,0,0,-1,0,0,0,0,-1,0,0,0,0,-1,0,0,0,0,-1,0,0,0,0,-1,0,0,0,0,-1,0,0,0,0,-1,0,0,0,0,-1,0,0,0,0,-1,0,0,0,0,-1,0,0,0,0,-1,0,0,0,0,90,106,122,0,3,192,180
1197,701,fd,1,132,80,1,4,4,2,704,0,2,0,0,0,1,0,4,192,60,128,0,65257,1000,3721,2,0,1,0,0,1,0,0,0,64,1,1,0,0,192,159,128,1,0,0,192,111,128,1,0,0,192,219,128,0,0,0,0,0,0,-1,0,0,0,0,-1,0,0,0,0,-1,0,0,0,0,-1,0,0,0,0,-1,0,0,0,0,-1,0,0,0,0,-1,0,0,0,0,-1,0,0,0,0,-1,0,0,0,0,-1,0,0,0,0,-1,0,0,0,0,-1,0,0,0,0,89,105,121,0,3,193,180
1198,702,fd,1,130,80,1,4,4,2,672,0,2,0,0,0,1,0,4,192,58,128,0,65256,1000,3720,2,0,1,0,0,1,0,0,0,64,1,1,0,0,192,157,0,1,0,0,192,109,0,1,0,0,192,217,0,0,0,0,0,0,0,-1,0,0,0,0,-1,0,0,0,0,-1,0,0,0,0,-1,0,0,0,0,-1,0,0,0,0,-1,0,0,0,0,-1,0,0,0,0,-1,0,0,0,0,-1,0,0,0,0,-1,0,0,0,0,-1,0,0,0,0,-1,0,0,0,0,88,104,120,0,3,194,180
1199,703,fd,1,128,80,1,4,4,2,640,0,2,0,0,0,1,0,4,192,56,128,0,65255,1000,3719,2,0,1,0,0,1,0,0,0,64,1,1,0,0,192,156,128,1,0,0,192,108,128,1,0,0,192,216,128,0,0,0,0,0,0,-1,0,0,0,0,-1,0,0,0,0,-1,0,0,0,0,-1,0,0,0,0,-1,0,0,0,0,-1,0,0,0,0,-1,0,0,0,0,-1,0,0,0,0,-1,0,0,0,0,-1,0,0,0,0,-1,0,0,0,0,-1,0,0,0,0,87,103,119,0,3,195,180
1200,704,fd,1,126,80,1,4,4,2,608,0,2,0,0,0,1,0,4,192,54,128,0,65254,1000,3718,2,0,1,0,0,1,0,0,0,64,1,1,0,0,192,154,0,1,0,0,192,106,0,1,0,0,192,214,0,0,0,0,0,0,0,-1,0,0,0,0,-1,0,0,0,0,-1,0,0,0,0,-1,0,0,0,0,-1,0,0,0,0,-1,0,0,0,0,-1,0,0,0,0,-1,0,0,0,0,-1,0,0,0,0,-1,0,0,0,0,-1,0,0,0,0,-1,0,0,0,0,86,102,118,0,3,196,180
1201,705,fd,1,124,80,1,4,4,2,576,0,2,0,0,0,1,0,4,192,52,128,0,65253,1000,3717,2,0,1,0,0,1,0,0,0,64,1,1,0,0,192,153,128,1,0,0,192,105,128,1,0,0,192,213,128,0,0,0,0,0,0,-1,0,0,0,0,-1,0,0,0,0,-1,0,0,0,0,-1,0,0,0,0,-1,0,0,0,0,-1,0,0,0,0,-1,0,0,0,0,-1,0,0,0,0,-1,0,0,0,0,-1,0,0,0,0,-1,0,0,0,0,-1,0,0,0,0,85,101,117,0,3,197,180
1202,706,fd,1,122,80,1,4,4,2,544,0,2,0,0,0,1,0,4,192,50,128,0,65252,1000,3716,2,0,1,0,0,1,0,0,0,64,1,1,0,0,192,151,0,1,0,0,192,103,0,1,0,0,192,211,0,0,0,0,0,0,0,-1,0,0,0,0,-1,0,0,0,0,-1,0,0,0,0,-1,0,0,0,0,-1,0,0,0,0,-1,0,0,0,0,-1,0,0,0,0,-1,0,0,0,0,-1,0,0,0,0,-1,0,0,0,0,-1,0,0,0,0,-1,0,0,0,0,84,100,116,0,3,198,180
1203,707,fd,1,120,80,1,4,4,2,512,0,2,0,0,0,1,0,4,192,48,128,0,65251,1000,3715,2,0,1,0,0,1,0,0,0,64,1,1,0,0,192,150,128,1,0,0,192,102,128,1,0,0,192,210,128,0,0,0,0,0,0,-1,0,0,0,0,-1,0,0,0,0,-1,0,0,0,0,-1,0,0,0,0,-1,0,0,0,0,-1,0,0,0,0,-1,0,0,0,0,-1,0,0,0,0,-1,0,0,0,0,-1,0,0,0,0,-1,0,0,0,0,-1,0,0,0,0,83,99,115,0,3,199,180
1204,708,fd,1,119,80,1,4,4,2,480,0,2,0,0,0,1,0,4,192,46,128,0,65250,1000,3714,2,0,1,0,0,1,0,0,0,64,1,1,0,0,192,148,0,1,0,0,192,100,0,1,0,0,192,208,0,0,0,0,0,0,0,-1,0,0,0,0,-1,0,0,0,0,-1,0,0,0,0,-1,0,0,0,0,-1,0,0,0,0,-1,0,0,0,0,-1,0,0,0,0,-1,0,0,0,0,-1,0,0,0,0,-1,0,0,0,0,-1,0,0,0,0,-1,0,0,0,0,82,98,114,0,3,200,180
1205,709,fd,1,118,80,1,4,4,2,448,0,2,0,0,0,1,0,4,192,44,128,0,65249,1000,3713,2,0,1,0,0,1,0,0,0,64,1,1,0,0,192,147,128,1,0,0,192,99,128,1,0,0,192,207,128,0,0,0,0,0,0,-1,0,0,0,0,-1,0,0,0,0,-1,0,0,0,0,-1,0,0,0,0,-1,0,0,0,0,-1,0,0,0,0,-1,0,0,0,0,-1,0,0,0,0,-1,0,0,0,0,-1,0,0,0,0,-1,0,0,0,0,-1,0,0,0,0,81,97,113,0,3,201,180
1206,710,fd,1,117,80,1,4,4,2,416,0,2,0,0,0,1,0,4,192,42,128,0,65248,1000,3712,2,0,1,0,0,1,0,0,0,64,1,1,0,0,192,145,0,1,0,0,192,97,0,1,0,0,192,205,0,0,0,0,0,0,0,-1,0,0,0,0,-1,0,0,0,0,-1,0,0,0,0,-1,0,0,0,0,-1,0,0,0,0,-1,0,0,0,0,-1,0,0,0,0,-1,0,0,0,0,-1,0,0,0,0,-1,0,0,0,0,-1,0,0,0,0,-1,0,0,0,0,80,96,112,0,3,202,180
1207,711,fd,1,116,80,1,4,4,2,384,0,2,0,0,0,1,0,4,192,40,128,0,65247,1000,3711,2,0,1,0,0,1,0,0,0,64,1,1,0,0,192,144,128,1,0,0,192,96,128,1,0,0,192,204,128,0,0,0,0,0,0,-1,0,0,0,0,-1,0,0,0,0,-1,0,0,0,0,-1,0,0,0,0,-1,0,0,0,0,-1,0,0,0,0,-1,0,0,0,0,-1,0,0,0,0,-1,0,0,0,0,-1,0,0,0,0,-1,0,0,0,0,-1,0,0,0,0,79,95,111,0,3,203,180
1208,712,fd,1,115,80,1,4,4,2,352,0,2,0,0,0,1,0,4,192,38,128,0,65246,1000,3710,2,0,1,0,0,1,0,0,0,64,1,1,0,0,192,142,0,1,0,0,192,94,0,1,0,0,192,202,0,0,0,0,0,0,0,-1,0,0,0,0,-1,0,0,0,0,-1,0,0,0,0,-1,0,0,0,0,-1,0,0,0,0,-1,0,0,0,0,-1,0,0,0,0,-1,0,0,0,0,-1,0,0,0,0,-1,0,0,0,0,-1,0,0,0,0,-1,0,0,0,0,78,94,110,0,3,204,180
1209,713,fd,1,114,80,1,4,4,2,320,0,2,0,0,0,1,0,4,192,36,128,0,65245,1000,3709,2,0,1,0,0,1,0,0,0,64,1,1,0,0,192,141,128,1,0,0,192,93,128,1,0,0,192,201,128,0,0,0,0,0,0,-1,0,0,0,0,-1,0,0,0,0,-1,0,0,0,0,-1,0,0,0,0,-1,0,0,0,0,-1,0,0,0,0,-1,0,0,0,0,-1,0,0,0,0,-1,0,0,0,0,-1,0,0,0,0,-1,0,0,0,0,-1,0,0,0,0,77,93,109,0,3,205,180
1210,714,fd,1,113,80,1,4,4,2,288,0,2,0,0,0,1,0,4,192,34,128,0,65244,1000,3708,2,0,1,0,0,1,0,0,0,64,1,1,0,0,192,139,0,1,0,0,192,91,0,1,0,0,192,199,0,0,0,0,0,0,0,-1,0,0,0,0,-1,0,0,0,0,-1,0,0,0,0,-1,0,0,0,0,-1,0,0,0,0,-1,0,0,0,0,-1,0,0,0,0,-1,0,0,0,0,-1,0,0,0,0,-1,0,0,0,0,-1,0,0,0,0,-1,0,0,0,0,76,92,108,0,3,206,180
1211,715,fd,1,112,80,1,4,4,2,256,0,2,0,0,0,1,0,4,192,32,128,0,65243,1000,3707,2,0,1,0,0,1,0,0,0,64,1,1,0,0,192,138,128,1,0,0,192,90,128,1,0,0,192,198,128,0,0,0,0,0,0,-1,0,0,0,0,-1,0,0,0,0,-1,0,0,0,0,-1,0,0,0,0,-1,0,0,0,0,-1,0,0,0,0,-1,0,0,0,0,-1,0,0,0,0,-1,0,0,0,0,-1,0,0,0,0,-1,0,0,0,0,-1,0,0,0,0,75,91,107,0,3,207,180
1212,716,fd,1,112,80,1,4,4,2,224,0,2,0,0,0,1,0,4,192,30,128,0,65242,1000,3706,2,0,1,0,0,1,0,0,0,64,1,1,0,0,192,136,0,1,0,0,192,88,0,1,0,0,192,196,0,0,0,0,0,0,0,-1,0,0,0,0,-1,0,0,0,0,-1,0,0,0,0,-1,0,0,0,0,-1,0,0,0,0,-1,0,0,0,0,-1,0,0,0,0,-1,0,0,0,0,-1,0,0,0,0,-1,0,0,0,0,-1,0,0,0,0,-1,0,0,0,0,74,90,106,0,3,208,180
1213,717,fd,1,112,80,1,4,4,2,160,0,2,0,0,0,1,0,4,192,28,128,0,65241,1000,3705,2,0,1,0,0,1,0,0,0,64,1,1,0,0,192,135,128,1,0,0,192,87,128,1,0,0,192,195,128,0,0,0,0,0,0,-1,0,0,0,0,-1,0,0,0,0,-1,0,0,0,0,-1,0,0,0,0,-1,0,0,0,0,-1,0,0,0,0,-1,0,0,0,0,-1,0,0,0,0,-1,0,0,0,0,-1,0,0,0,0,-1,0,0,0,0,-1,0,0,0,0,73,89,105,0,3,209,180
1214,718,fd,1,112,80,1,4,4,2,96,0,2,0,0,0,1,0,4,192,26,128,0,65240,1000,3704,2,0,1,0,0,1,0,0,0,64,1,1,0,0,192,133,0,1,0,0,192,85,0,1,0,0,192,193,0,0,0,0,0,0,0,-1,0,0,0,0,-1,0,0,0,0,-1,0,0,0,0,-1,0,0,0,0,-1,0,0,0,0,-1,0,0,0,0,-1,0,0,0,0,-1,0,0,0,0,-1,0,0,0,0,-1,0,0,0,0,-1,0,0,0,0,-1,0,0,0,0,72,88,104,0,3,210,180
1215,719,fd,1,112,80,1,4,4,2,32,0,2,0,0,0,1,0,4,192,24,128,0,65239,1000,3703,2,0,1,0,0,1,0,0,0,64,1,1,0,0,192,132,128,1,0,0,192,84,128,1,0,0,192,192,128,1,0,0,192,240,128,-1,0,0,0,0,-1,0,0,0,0,-1,0,0,0,0,-1,0,0,0,0,-1,0,0,0,0,-1,0,0,0,0,-1,0,0,0,0,-1,0,0,0,0,-1,0,0,0,0,-1,0,0,0,0,-1,0,0,0,0,-1,0,0,0,0,71,87,103,0,3,211,180
1216,720,fd,1,112,80,2,4,4,2,64,0,2,0,0,0,1,0,4,192,22,128,0,65238,1000,3702,2,0,1,0,0,1,0,0,0,64,1,1,0,0,192,130,0,1,0,0,192,82,0,1,0,0,192,190,0,1,0,0,192,238,0,-1,0,0,0,0,-1,0,0,0,0,-1,0,0,0,0,-1,0,0,0,0,-1,0,0,0,0,-1,0,0,0,0,-1,0,0,0,0,-1,0,0,0,0,-1,0,0,0,0,-1,0,0,0,0,-1,0,0,0,0,-1,0,0,0,0,70,86,102,0,3,212,180
1217,721,fd,1,112,80,2,4,4,2,128,0,2,0,0,0,1,0,4,192,20,128,0,65237,1000,3701,2,0,1,0,0,1,0,0,0,64,1,1,0,0,192,129,128,1,0,0,192,81,128,1,0,0,192,189,128,1,0,0,192,237,128,-1,0,0,0,0,-1,0,0,0,0,-1,0,0,0,0,-1,0,0,0,0,-1,0,0,0,0,-1,0,0,0,0,-1,0,0,0,0,-1,0,0,0,0,-1,0,0,0,0,-1,0,0,0,0,-1,0,0,0,0,-1,0,0,0,0,69,85,101,0,3,213,180
1218,722,fd,1,112,80,2,4,4,2,192,0,2,0,0,0,1,0,4,192,18,128,0,65236,1000,3700,2,0,1,0,0,1,0,0,0,64,1,1,0,0,192,127,0,1,0,0,192,79,0,1,0,0,192,187,0,1,0,0,192,235,0,-1,0,0,0,0,-1,0,0,0,0,-1,0,0,0,0,-1,0,0,0,0,-1,0,0,0,0,-1,0,0,0,0,-1,0,0,0,0,-1,0,0,0,0,-1,0,0,0,0,-1,0,0,0,0,-1,0,0,0,0,-1,0,0,0,0,68,84,100,0,3,214,180
1219,723,fd,1,113,80,2,4,4,2,256,0,2,0,0,0,1,0,4,192,16,128,0,65235,1000,3699,2,0,1,0,0,1,0,0,0,64,1,1,0,0,192,126,128,1,0,0,192,78,128,1,0,0,192,186,128,1,0,0,192,234,128,-1,0,0,0,0,-1,0,0,0,0,-1,0,0,0,0,-1,0,0,0,0,-1,0,0,0,0,-1,0,0,0,0,-1,0,0,0,0,-1,0,0,0,0,-1,0,0,0,0,-1,0,0,0,0,-1,0,0,0,0,-1,0,0,0,0,67,83,99,0,3,215,180
1220,724,fd,1,114,80,2,4,4,2,288,0,2,0,0,0,1,0,4,192,14,128,0,65234,1000,3698,2,0,1,0,0,1,0,0,0,64,1,1,0,0,192,124,0,1,0,0,192,76,0,1,0,0,192,184,0,1,0,0,192,232,0,-1,0,0,0,0,-1,0,0,0,0,-1,0,0,0,0,-1,0,0,0,0,-1,0,0,0,0,-1,0,0,0,0,-1,0,0,0,0,-1,0,0,0,0,-1,0,0,0,0,-1,0,0,0,0,-1,0,0,0,0,-1,0,0,0,0,66,82,98,0,3,216,180
1221,725,fd,1,115,80,2,4,4,2,320,0,2,0,0,0,1,0,4,192,12,128,0,65233,1000,3697,2,0,1,0,0,1,0,0,0,64,1,1,0,0,192,123,128,1,0,0,192,75,128,1,0,0,192,183,128,1,0,0,192,231,128,-1,0,0,0,0,-1,0,0,0,0,-1,0,0,0,0,-1,0,0,0,0,-1,0,0,0,0,-1,0,0,0,0,-1,0,0,0,0,-1,0,0,0,0,-1,0,0,0,0,-1,0,0,0,0,-1,0,0,0,0,-1,0,0,0,0,65,81,97,0,3,217,180
1222,726,fd,1,116,80,2,4,4,2,352,0,2,0,0,0,1,0,4,192,10,128,0,65232,1000,3696,2,0,1,0,0,1,0,0,0,64,1,1,0,0,192,121,0,1,0,0,192,73,0,1,0,0,192,181,0,1,0,0,192,229,0,-1,0,0,0,0,-1,0,0,0,0,-1,0,0,0,0,-1,0,0,0,0,-1,0,0,0,0,-1,0,0,0,0,-1,0,0,0,0,-1,0,0,0,0,-1,0,0,0,0,-1,0,0,0,0,-1,0,0,0,0,-1,0,0,0,0,64,80,96,0,3,218,180
1223,727,fd,1,117,80,2,4,4,2,384,0,2,0,0,0,1,0,4,192,8,128,0,65231,1000,3695,2,0,1,0,0,1,0,0,0,64,1,1,0,0,192,120,128,1,0,0,192,72,128,1,0,0,192,180,128,1,0,0,192,228,128,-1,0,0,0,0,-1,0,0,0,0,-1,0,0,0,0,-1,0,0,0,0,-1,0,0,0,0,-1,0,0,0,0,-1,0,0,0,0,-1,0,0,0,0,-1,0,0,0,0,-1,0,0,0,0,-1,0,0,0,0,-1,0,0,0,0,63,79,95,0,3,219,180
1224,728,fd,1,118,80,2,4,4,2,416,0,2,0,0,0,1,0,4,192,6,128,0,65230,1000,3694,2,0,1,0,0,1,0,0,0,64,1,1,0,0,192,118,0,1,0,0,192,70,0,1,0,0,192,178,0,1,0,0,192,226,0,-1,0,0,0,0,-1,0,0,0,0,-1,0,0,0,0,-1,0,0,0,0,-1,0,0,0,0,-1,0,0,0,0,-1,0,0,0,0,-1,0,0,0,0,-1,0,0,0,0,-1,0,0,0,0,-1,0,0,0,0,-1,0,0,0,0,62,78,94,0,3,220,180
1225,729,fd,1,119,80,2,4,4,2,448,0,2,0,0,0,1,0,4,192,4,128,0,65229,1000,3693,2,0,1,0,0,1,0,0,0,64,1,1,0,0,192,117,128,1,0,0,192,69,128,1,0,0,192,177,128,1,0,0,192,225,128,-1,0,0,0,0,-1,0,0,0,0,-1,0,0,0,0,-1,0,0,0,0,-1,0,0,0,0,-1,0,0,0,0,-1,0,0,0,0,-1,0,0,0,0,-1,0,0,0,0,-1,0,0,0,0,-1,0,0,0,0,-1,0,0,0,0,61,77,93,0,3,221,180
1226,730,fd,1,120,80,2,4,4,2,480,0,2,0,0,0,1,0,4,192,2,128,0,65228,1000,3692,2,0,1,0,0,1,0,0,0,64,1,1,0,0,192,115,0,1,0,0,192,67,0,1,0,0,192,175,0,1,0,0,192,223,0,-1,0,0,0,0,-1,0,0,0,0,-1,0,0,0,0,-1,0,0,0,0,-1,0,0,0,0,-1,0,0,0,0,-1,0,0,0,0,-1,0,0,0,0,-1,0,0,0,0,-1,0,0,0,0,-1,0,0,0,0,-1,0,0,0,0,60,76,92,0,3,222,180
1227,731,fd,1,122,80,2,4,4,2,512,0,2,0,0,0,1,0,4,192,0,128,0,65227,1000,3691,2,0,1,0,0,1,0,0,0,64,1,1,0,0,192,114,128,1,0,0,192,66,128,1,0,0,192,174,128,1,0,0,192,222,128,-1,0,0,0,0,-1,0,0,0,0,-1,0,0,0,0,-1,0,0,0,0,-1,0,0,0,0,-1,0,0,0,0,-1,0,0,0,0,-1,0,0,0,0,-1,0,0,0,0,-1,0,0,0,0,-1,0,0,0,0,-1,0,0,0,0,59,75,91,0,3,223,180
1228,732,fd,1,124,80,2,4,4,2,544,0,2,0,0,0,1,0,4,192,254,128,0,65226,1000,3690,2,0,1,0,0,1,0,0,0,64,1,1,0,0,192,112,0,1,0,0,192,64,0,1,0,0,192,172,0,1,0,0,192,220,0,-1,0,0,0,0,-1,0,0,0,0,-1,0,0,0,0,-1,0,0,0,0,-1,0,0,0,0,-1,0,0,0,0,-1,0,0,0,0,-1,0,0,0,0,-1,0,0,0,0,-1,0,0,0,0,-1,0,0,0,0,-1,0,0,0,0,58,74,90,0,3,224,180
1229,733,fd,1,126,80,2,4,4,2,576,0,2,0,0,0,1,0,4,192,252,128,0,65225,1000,3689,2,0,1,0,0,1,0,0,0,64,1,1,0,0,192,111,128,1,0,0,192,63,128,1,0,0,192,171,128,1,0,0,192,219,128,-1,0,0,0,0,-1,0,0,0,0,-1,0,0,0,0,-1,0,0,0,0,-1,0,0,0,0,-1,0,0,0,0,-1,0,0,0,0,-1,0,0,0,0,-1,0,0,0,0,-1,0,0,0,0,-1,0,0,0,0,-1,0,0,0,0,57,73,89,0,3,225,180
1230,734,fd,1,128,80,2,4,4,2,608,0,2,0,0,0,1,0,4,192,250,128,0,65224,1000,3688,2,0,1,0,0,1,0,0,0,64,1,1,0,0,192,109,0,1,0,0,192,61,0,1,0,0,192,169,0,1,0,0,192,217,0,-1,0,0,0,0,-1,0,0,0,0,-1,0,0,0,0,-1,0,0,0,0,-1,0,0,0,0,-1,0,0,0,0,-1,0,0,0,0,-1,0,0,0,0,-1,0,0,0,0,-1,0,0,0,0,-1,0,0,0,0,-1,0,0,0,0,56,72,88,0,3,226,180
1231,735,fd,1,130,80,2,4,4,2,640,0,2,0,0,0,1,0,4,192,248,128,0,65223,1000,3687,2,0,1,0,0,1,0,0,0,64,1,1,0,0,192,108,128,1,0,0,192,60,128,1,0,0,192,168,128,1,0,0,192,216,128,-1,0,0,0,0,-1,0,0,0,0,-1,0,0,0,0,-1,0,0,0,0,-1,0,0,0,0,-1,0,0,0,0,-1,0,0,0,0,-1,0,0,0,0,-1,0,0,0,0,-1,0,0,0,0,-1,0,0,0,0,-1,0,0,0,0,55,71,87,0,3,227,180
1232,736,fd,1,132,80,2,4,4,2,672,0,2,0,0,0,1,0,4,192,246,128,0,65222,1000,3686,2,0,1,0,0,1,0,0,0,64,1,1,0,0,192,106,0,1,0,0,192,58,0,1,0,0,192,166,0,1,0,0,192,214,0,-1,0,0,0,0,-1,0,0,0,0,-1,0,0,0,0,-1,0,0,0,0,-1,0,0,0,0,-1,0,0,0,0,-1,0,0,0,0,-1,0,0,0,0,-1,0,0,0,0,-1,0,0,0,0,-1,0,0,0,0,-1,0,0,0,0,54,70,86,0,3,228,180
1233,737,fd,1,134,80,2,4,4,2,704,0,2,0,0,0,1,0,4,192,244,128,0,65221,1000,3685,2,0,1,0,0,1,0,0,0,64,1,1,0,0,192,105,128,1,0,0,192,57,128,1,0,0,192,165,128,1,0,0,192,213,128,-1,0,0,0,0,-1,0,0,0,0,-1,0,0,0,0,-1,0,0,0,0,-1,0,0,0,0,-1,0,0,0,0,-1,0,0,0,0,-1,0,0,0,0,-1,0,0,0,0,-1,0,0,0,0,-1,0,0,0,0,-1,0,0,0,0,53,69,85,0,3,229,180
1234,738,fd,1,136,80,2,4,4,2,736,0,2,0,0,0,1,0,4,192,242,128,0,65220,1000,3684,2,0,1,0,0,1,0,0,0,64,1,1,0,0,192,103,0,1,0,0,192,55,0,1,0,0,192,163,0,1,0,0,192,211,0,-1,0,0,0,0,-1,0,0,0,0,-1,0,0,0,0,-1,0,0,0,0,-1,0,0,0,0,-1,0,0,0,0,-1,0,0,0,0,-1,0,0,0,0,-1,0,0,0,0,-1,0,0,0,0,-1,0,0,0,0,-1,0,0,0,0,52,68,84,0,3,230,180
1235,739,fd,1,139,80,2,4,4,2,768,0,2,0,0,0,0,0,0,0,0,0,0,65219,1000,3683,2,0,1,0,0,1,0,0,0,64,1,1,0,0,192,102,128,1,0,0,192,54,128,1,0,0,192,162,128,1,0,0,192,210,128,-1,0,0,0,0,-1,0,0,0,0,-1,0,0,0,0,-1,0,0,0,0,-1,0,0,0,0,-1,0,0,0,0,-1,0,0,0,0,-1,0,0,0,0,-1,0,0,0,0,-1,0,0,0,0,-1,0,0,0,0,-1,0,0,0,0,51,67,83,0,3,231,180
1236,740,fd,1,142,80,2,4,4,2,800,0,2,0,0,0,0,0,0,0,0,0,0,65218,1000,3682,2,0,1,0,0,1,0,0,0,64,1,1,0,0,192,100,0,1,0,0,192,52,0,1,0,0,192,160,0,1,0,0,192,208,0,-1,0,0,0,0,-1,0,0,0,0,-1,0,0,0,0,-1,0,0,0,0,-1,0,0,0,0,-1,0,0,0,0,-1,0,0,0,0,-1,0,0,0,0,-1,0,0,0,0,-1,0,0,0,0,-1,0,0,0,0,-1,0,0,0,0,50,66,82,0,3,232,180
1237,741,fd,1,145,80,2,4,4,2,832,0,2,0,0,0,0,0,0,0,0,0,0,65217,1000,3681,2,0,1,0,0,1,0,0,0,64,1,1,0,0,192,99,128,1,0,0,192,51,128,1,0,0,192,159,128,1,0,0,192,207,128,-1,0,0,0,0,-1,0,0,0,0,-1,0,0,0,0,-1,0,0,0,0,-1,0,0,0,0,-1,0,0,0,0,-1,0,0,0,0,-1,0,0,0,0,-1,0,0,0,0,-1,0,0,0,0,-1,0,0,0,0,-1,0,0,0,0,49,65,81,0,3,233,180
1238,742,fd,1,148,80,2,4,4,2,864,0,2,0,0,0,0,0,0,0,0,0,0,65216,1000,3680,2,0,1,0,0,1,0,0,0,64,1,1,0,0,192,97,0,1,0,0,192,49,0,1,0,0,192,157,0,1,0,0,192,205,0,-1,0,0,0,0,-1,0,0,0,0,-1,0,0,0,0,-1,0,0,0,0,-1,0,0,0,0,-1,0,0,0,0,-1,0,0,0,0,-1,0,0,0,0,-1,0,0,0,0,-1,0,0,0,0,-1,0,0,0,0,-1,0,0,0,0,48,64,80,0,3,234,180
1239,743,fd,1,151,80,2,4,4,2,896,0,2,0,0,0,0,0,0,0,0,0,0,65215,1000,3679,2,0,1,0,0,1,0,0,0,64,1,1,0,0,192,96,128,1,0,0,192,48,128,1,0,0,192,156,128,1,0,0,192,204,128,-1,0,0,0,0,-1,0,0,0,0,-1,0,0,0,0,-1,0,0,0,0,-1,0,0,0,0,-1,0,0,0,0,-1,0,0,0,0,-1,0,0,0,0,-1,0,0,0,0,-1,0,0,0,0,-1,0,0,0,0,-1,0,0,0,0,47,63,79,0,3,235,180
1240,744,fd,1,154,80,2,4,4,2,928,0,2,0,0,0,0,0,0,0,0,0,0,65214,1000,3678,2,0,1,0,0,1,0,0,0,64,1,1,0,0,192,94,0,1,0,0,192,46,0,1,0,0,192,154,0,1,0,0,192,202,0,-1,0,0,0,0,-1,0,0,0,0,-1,0,0,0,0,-1,0,0,0,0,-1,0,0,0,0,-1,0,0,0,0,-1,0,0,0,0,-1,0,0,0,0,-1,0,0,0,0,-1,0,0,0,0,-1,0,0,0,0,-1,0,0,0,0,46,62,78,0,3,236,180
1241,745,fd,1,157,80,2,4,4,2,960,0,2,0,0,0,0,0,0,0,0,0,0,65213,1000,3677,2,0,1,0,0,1,0,0,0,64,1,1,0,0,192,93,128,1,0,0,192,45,128,1,0,0,192,153,128,1,0,0,192,201,128,-1,0,0,0,0,-1,0,0,0,0,-1,0,0,0,0,-1,0,0,0,0,-1,0,0,0,0,-1,0,0,0,0,-1,0,0,0,0,-1,0,0,0,0,-1,0,0,0,0,-1,0,0,0,0,-1,0,0,0,0,-1,0,0,0,0,45,61,77,0,3,237,180
1242,746,fd,1,160,80,2,4,4,2,992,0,2,0,0,0,0,0,0,0,0,0,0,65212,1000,3676,2,0,1,0,0,1,0,0,0,64,1,1,0,0,192,91,0,1,0,0,192,43,0,1,0,0,192,151,0,1,0,0,192,199,0,-1,0,0,0,0,-1,0,0,0,0,-1,0,0,0,0,-1,0,0,0,0,-1,0,0,0,0,-1,0,0,0,0,-1,0,0,0,0,-1,0,0,0,0,-1,0,0,0,0,-1,0,0,0,0,-1,0,0,0,0,-1,0,0,0,0,44,60,76,0,3,238,180
1243,747,fd,1,164,80,0,4,4,2,1056,0,2,0,0,0,1,0,2,192,89,128,1,65211,1500,3675,2,0,2,0,0,2,0,0,16,64,1,0,0,0,0,0,0,1,0,0,192,42,128,1,0,0,192,150,128,1,0,0,192,198,128,0,0,184,50,31,0,1,184,65,31,-1,0,0,0,0,-1,0,0,0,0,-1,0,0,0,0,-1,0,0,0,0,-1,0,0,0,0,-1,0,0,0,0,-1,0,0,0,0,-1,0,0,0,0,-1,0,0,0,0,-1,0,0,0,0,43,59,75,0,3,239,180
1244,748,fd,1,164,80,0,4,4,2,1056,0,2,0,0,0,1,0,2,192,88,128,1,65210,1500,3674,2,0,2,0,0,2,0,0,15,64,1,0,0,0,0,0,0,1,0,0,192,40,0,1,0,0,192,148,0,1,0,0,192,196,0,0,0,184,48,30,0,1,184,63,30,-1,0,0,0,0,-1,0,0,0,0,-1,0,0,0,0,-1,0,0,0,0,-1,0,0,0,0,-1,0,0,0,0,-1,0,0,0,0,-1,0,0,0,0,-1,0,0,0,0,-1,0,0,0,0,42,58,74,0,3,240,180
1245,749,fd,1,164,80,0,4,4,2,1056,0,2,0,0,0,1,0,2,192,87,128,1,65209,1500,3673,2,0,2,0,0,2,0,0,15,64,1,0,0,0,0,0,0,1,0,0,192,39,128,1,0,0,192,147,128,1,0,0,192,195,128,0,0,184,47,29,0,1,184,62,29,-1,0,0,0,0,-1,0,0,0,0,-1,0,0,0,0,-1,0,0,0,0,-1,0,0,0,0,-1,0,0,0,0,-1,0,0,0,0,-1,0,0,0,0,-1,0,0,0,0,-1,0,0,0,0,41,57,73,0,3,241,180
1246,750,fd,1,164,80,0,4,4,2,1056,0,2,0,0,0,1,0,2,192,86,128,1,65208,1500,3672,2,0,2,0,0,2,0,0,15,64,1,0,0,0,0,0,0,1,0,0,192,37,0,1,0,0,192,145,0,1,0,0,192,193,0,0,0,184,45,28,0,1,184,60,28,-1,0,0,0,0,-1,0,0,0,0,-1,0,0,0,0,-1,0,0,0,0,-1,0,0,0,0,-1,0,0,0,0,-1,0,0,0,0,-1,0,0,0,0,-1,0,0,0,0,-1,0,0,0,0,40,56,72,0,3,242,180
1247,751,fd,1,164,80,0,4,4,2,1056,0,2,0,0,0,1,0,2,192,85,128,1,65207,1500,3671,2,0,2,0,0,2,0,0,15,64,1,0,0,0,0,0,0,1,0,0,192,36,128,1,0,0,192,144,128,1,0,0,192,192,128,0,0,184,44,27,0,1,184,59,27,-1,0,0,0,0,-1,0,0,0,0,-1,0,0,0,0,-1,0,0,0,0,-1,0,0,0,0,-1,0,0,0,0,-1,0,0,0,0,-1,0,0,0,0,-1,0,0,0,0,-1,0,0,0,0,39,55,71,0,3,243,180
1248,752,fd,1,164,80,0,4,4,2,1056,0,2,0,0,0,1,0,2,192,84,128,1,65206,1500,3670,2,0,2,0,0,2,0,0,14,64,1,0,0,0,0,0,0,1,0,0,192,34,0,1,0,0,192,142,0,1,0,0,192,190,0,0,0,184,42,26,0,1,184,57,26,-1,0,0,0,0,-1,0,0,0,0,-1,0,0,0,0,-1,0,0,0,0,-1,0,0,0,0,-1,0,0,0,0,-1,0,0,0,0,-1,0,0,0,0,-1,0,0,0,0,-1,0,0,0,0,38,54,70,0,3,244,180
1249,753,fd,1,164,80,0,4,4,2,1056,0,2,0,0,0,1,0,2,192,83,128,1,65205,1500,3669,2,0,2,0,0,2,0,0,14,64,1,0,0,0,0,0,0,1,0,0,192,33,128,1,0,0,192,141,128,1,0,0,192,189,128,0,0,184,41,25,0,1,184,56,25,-1,0,0,0,0,-1,0,0,0,0,-1,0,0,0,0,-1,0,0,0,0,-1,0,0,0,0,-1,0,0,0,0,-1,0,0,0,0,-1,0,0,0,0,-1,0,0,0,0,-1,0,0,0,0,37,53,69,0,3,245,180
1250,754,fd,1,164,80,0,4,4,2,1056,0,2,0,0,0,1,0,2,192,82,128,1,65204,1500,3668,2,0,2,0,0,2,0,0,14,64,1,0,0,0,0,0,0,1,0,0,192,31,0,1,0,0,192,139,0,1,0,0,192,187,0,0,0,184,39,24,0,1,184,54,24,-1,0,0,0,0,-1,0,0,0,0,-1,0,0,0,0,-1,0,0,0,0,-1,0,0,0,0,-1,0,0,0,0,-1,0,0,0,0,-1,0,0,0,0,-1,0,0,0,0,-1,0,0,0,0,36,52,68,0,3,246,180
1251,755,fd,1,164,80,0,4,4,2,1056,0,2,0,0,0,1,0,2,192,81,128,1,65203,1500,3667,2,0,2,0,0,2,0,0,14,64,1,0,0,0,0,0,0,1,0,0,192,30,128,1,0,0,192,138,128,1,0,0,192,186,128,0,0,184,38,23,0,1,184,53,23,-1,0,0,0,0,-1,0,0,0,0,-1,0,0,0,0,-1,0,0,0,0,-1,0,0,0,0,-1,0,0,0,0,-1,0,0,0,0,-1,0,0,0,0,-1,0,0,0,0,-1,0,0,0,0,35,51,67,0,3,247,180
1252,756,fd,1,164,80,0,4,4,2,1056,0,2,0,0,0,1,0,2,192,80,128,0,65202,1500,3666,2,0,2,0,0,2,0,0,13,64,1,0,0,0,0,0,0,1,0,0,192,28,0,1,0,0,192,136,0,1,0,0,192,184,0,0,0,184,36,22,0,1,184,51,22,-1,0,0,0,0,-1,0,0,0,0,-1,0,0,0,0,-1,0,0,0,0,-1,0,0,0,0,-1,0,0,0,0,-1,0,0,0,0,-1,0,0,0,0,-1,0,0,0,0,-1,0,0,0,0,34,50,66,0,3,248,180
1253,757,fd,1,164,80,0,4,4,2,1056,0,2,0,0,0,1,0,2,192,80,128,0,65201,1500,3665,2,0,2,0,0,2,0,0,13,64,1,0,0,0,0,0,0,1,0,0,192,27,128,1,0,0,192,135,128,1,0,0,192,183,128,0,0,184,35,21,0,1,184,50,21,-1,0,0,0,0,-1,0,0,0,0,-1,0,0,0,0,-1,0,0,0,0,-1,0,0,0,0,-1,0,0,0,0,-1,0,0,0,0,-1,0,0,0,0,-1,0,0,0,0,-1,0,0,0,0,33,49,65,0,3,249,180
1254,758,fd,1,164,80,0,4,4,2,1056,0,2,0,0,0,1,0,2,192,80,128,0,65200,1500,3664,2,0,2,0,0,2,0,0,13,64,1,0,0,0,0,0,0,1,0,0,192,25,0,1,0,0,192,133,0,1,0,0,192,181,0,0,0,184,33,20,0,1,184,48,20,-1,0,0,0,0,-1,0,0,0,0,-1,0,0,0,0,-1,0,0,0,0,-1,0,0,0,0,-1,0,0,0,0,-1,0,0,0,0,-1,0,0,0,0,-1,0,0,0,0,-1,0,0,0,0,32,48,64,0,3,250,180
1255,759,fd,1,164,80,0,4,4,2,1056,0,2,0,0,0,1,0,2,192,80,128,0,65199,1500,3663,2,0,2,0,0,2,0,0,13,64,1,0,0,0,0,0,0,1,0,0,192,24,128,1,0,0,192,132,128,1,0,0,192,180,128,0,0,184,32,19,0,1,184,47,19,-1,0,0,0,0,-1,0,0,0,0,-1,0,0,0,0,-1,0,0,0,0,-1,0,0,0,0,-1,0,0,0,0,-1,0,0,0,0,-1,0,0,0,0,-1,0,0,0,0,-1,0,0,0,0,31,47,63,0,3,251,180
1256,760,fd,1,164,80,0,4,4,2,1056,0,2,0,0,0,1,0,2,192,80,128,0,65198,1500,3662,2,0,2,0,0,2,0,0,12,64,1,0,0,0,0,0,0,1,0,0,192,22,0,1,0,0,192,130,0,1,0,0,192,178,0,0,0,184,30,18,0,1,184,45,18,-1,0,0,0,0,-1,0,0,0,0,-1,0,0,0,0,-1,0,0,0,0,-1,0,0,0,0,-1,0,0,0,0,-1,0,0,0,0,-1,0,0,0,0,-1,0,0,0,0,-1,0,0,0,0,30,46,62,0,3,252,180
1257,761,fd,1,164,80,0,4,4,2,1056,0,2,0,0,0,1,0,2,192,80,128,0,65197,1500,3661,2,0,2,0,0,2,0,0,12,64,1,0,0,0,0,0,0,1,0,0,192,21,128,1,0,0,192,129,128,1,0,0,192,177,128,0,0,184,29,17,0,1,184,44,17,-1,0,0,0,0,-1,0,0,0,0,-1,0,0,0,0,-1,0,0,0,0,-1,0,0,0,0,-1,0,0,0,0,-1,0,0,0,0,-1,0,0,0,0,-1,0,0,0,0,-1,0,0,0,0,29,45,61,0,3,253,180
1258,762,fd,1,164,80,0,4,4,2,1056,0,2,0,0,0,1,0,2,192,80,128,0,65196,1500,3660,2,0,2,0,0,2,0,0,12,64,1,0,0,0,0,0,0,1,0,0,192,19,0,1,0,0,192,127,0,1,0,0,192,175,0,0,0,184,27,16,0,1,184,42,16,-1,0,0,0,0,-1,0,0,0,0,-1,0,0,0,0,-1,0,0,0,0,-1,0,0,0,0,-1,0,0,0,0,-1,0,0,0,0,-1,0,0,0,0,-1,0,0,0,0,-1,0,0,0,0,28,44,60,0,3,254,180
1259,763,ed,1,160,80,1,4,4,2,1024,16,2,0,0,0,1,0,4,192,80,128,0,65195,1500,3659,2,0,2,0,0,2,1,0,12,64,1,0,0,0,0,0,0,1,0,0,192,18,128,1,0,0,192,126,128,1,0,0,192,174,128,0,0,184,26,15,0,1,184,41,15,-1,0,0,0,0,-1,0,0,0,0,-1,0,0,0,0,-1,0,0,0,0,-1,0,0,0,0,-1,0,0,0,0,-1,0,0,0,0,-1,0,0,0,0,-1,0,0,0,0,-1,0,0,0,0,27,43,59,0,3,255,180
1260,764,fd,1,157,80,1,4,4,2,992,16,2,0,0,0,1,0,4,192,78,128,0,65194,1500,3658,2,0,2,0,0,2,0,0,11,64,1,0,0,0,0,0,0,1,0,0,192,16,0,1,0,0,192,124,0,1,0,0,192,172,0,0,0,184,24,14,0,1,184,39,14,-1,0,0,0,0,-1,0,0,0,0,-1,0,0,0,0,-1,0,0,0,0,-1,0,0,0,0,-1,0,0,0,0,-1,0,0,0,0,-1,0,0,0,0,-1,0,0,0,0,-1,0,0,0,0,26,42,58,0,3,0,180
1261,765,fd,1,154,80,1,4,4,2,960,0,2,0,0,0,1,0,4,192,76,128,0,65193,1500,3657,2,0,2,0,0,2,0,0,11,64,1,0,0,0,0,0,0,1,0,0,192,15,128,1,0,0,192,123,128,1,0,0,192,171,128,0,0,184,23,13,0,1,184,38,13,-1,0,0,0,0,-1,0,0,0,0,-1,0,0,0,0,-1,0,0,0,0,-1,0,0,0,0,-1,0,0,0,0,-1,0,0,0,0,-1,0,0,0,0,-1,0,0,0,0,-1,0,0,0,0,25,41,57,0,3,1,180
1262,766,fd,1,151,80,1,4,4,2,928,0,2,0,0,0,1,0,4,192,74,128,0,65192,1500,3656,2,0,2,0,0,2,0,0,11,64,1,0,0,0,0,0,0,1,0,0,192,13,0,1,0,0,192,121,0,1,0,0,192,169,0,0,0,184,21,12,0,1,184,36,12,-1,0,0,0,0,-1,0,0,0,0,-1,0,0,0,0,-1,0,0,0,0,-1,0,0,0,0,-1,0,0,0,0,-1,0,0,0,0,-1,0,0,0,0,-1,0,0,0,0,-1,0,0,0,0,24,40,56,0,3,2,180
1263,767,fd,1,148,80,1,4,4,2,896,0,2,0,0,0,1,0,4,192,72,128,0,65191,1500,3655,2,0,2,0,0,2,0,0,11,64,1,0,0,0,0,0,0,1,0,0,192,12,128,1,0,0,192,120,128,1,0,0,192,168,128,0,0,184,20,11,0,1,184,35,11,-1,0,0,0,0,-1,0,0,0,0,-1,0,0,0,0,-1,0,0,0,0,-1,0,0,0,0,-1,0,0,0,0,-1,0,0,0,0,-1,0,0,0,0,-1,0,0,0,0,-1,0,0,0,0,23,39,55,0,3,3,180
1264,768,fd,1,145,80,1,4,4,2,864,0,2,0,0,0,1,0,4,192,70,128,0,65190,1500,3654,2,0,2,0,0,2,0,0,10,64,1,0,0,0,0,0,0,1,0,0,192,10,0,1,0,0,192,118,0,1,0,0,192,166,0,0,0,184,18,10,0,1,184,33,10,-1,0,0,0,0,-1,0,0,0,0,-1,0,0,0,0,-1,0,0,0,0,-1,0,0,0,0,-1,0,0,0,0,-1,0,0,0,0,-1,0,0,0,0,-1,0,0,0,0,-1,0,0,0,0,22,38,54,0,3,4,180
1265,769,fd,1,142,80,1,4,4,2,832,0,2,0,0,0,1,0,4,192,68,128,0,65189,1500,3653,2,0,2,0,0,2,0,0,10,64,1,0,0,0,0,0,0,1,0,0,192,9,128,1,0,0,192,117,128,1,0,0,192,165,128,0,0,184,17,9,0,1,184,32,9,-1,0,0,0,0,-1,0,0,0,0,-1,0,0,0,0,-1,0,0,0,0,-1,0,0,0,0,-1,0,0,0,0,-1,0,0,0,0,-1,0,0,0,0,-1,0,0,0,0,-1,0,0,0,0,21,37,53,0,3,5,180
1266,770,fd,1,139,80,1,4,4,2,800,0,2,0,0,0,1,0,4,192,66,128,0,65188,1500,3652,2,0,2,0,0,2,0,0,10,64,1,0,0,0,0,0,0,1,0,0,192,7,0,1,0,0,192,115,0,1,0,0,192,163,0,0,0,184,15,8,0,1,184,30,8,-1,0,0,0,0,-1,0,0,0,0,-1,0,0,0,0,-1,0,0,0,0,-1,0,0,0,0,-1,0,0,0,0,-1,0,0,0,0,-1,0,0,0,0,-1,0,0,0,0,-1,0,0,0,0,20,36,52,0,3,6,180
1267,771,fd,1,136,80,1,4,4,2,768,0,2,0,0,0,1,0,4,192,64,128,0,65187,1500,3651,2,0,2,0,0,2,0,0,10,64,1,0,0,0,0,0,0,1,0,0,192,6,128,1,0,0,192,114,128,1,0,0,192,162,128,0,0,184,14,7,0,1,184,29,7,-1,0,0,0,0,-1,0,0,0,0,-1,0,0,0,0,-1,0,0,0,0,-1,0,0,0,0,-1,0,0,0,0,-1,0,0,0,0,-1,0,0,0,0,-1,0,0,0,0,-1,0,0,0,0,19,35,51,0,3,7,180
1268,772,fd,1,134,80,1,4,4,2,736,0,2,0,0,0,1,0,4,192,62,128,0,65186,1500,3650,2,0,2,0,0,2,0,0,9,64,1,0,0,0,0,0,0,1,0,0,192,4,0,1,0,0,192,112,0,1,0,0,192,160,0,0,0,184,12,6,0,1,184,27,6,-1,0,0,0,0,-1,0,0,0,0,-1,0,0,0,0,-1,0,0,0,0,-1,0,0,0,0,-1,0,0,0,0,-1,0,0,0,0,-1,0,0,0,0,-1,0,0,0,0,-1,0,0,0,0,18,34,50,0,3,8,180
1269,773,fd,1,132,80,1,4,4,2,704,0,2,0,0,0,1,0,4,192,60,128,0,65185,1500,3649,2,0,2,0,0,2,0,0,9,64,1,0,0,0,0,0,0,1,0,0,192,3,128,1,0,0,192,111,128,1,0,0,192,159,128,0,0,184,11,5,0,1,184,26,5,-1,0,0,0,0,-1,0,0,0,0,-1,0,0,0,0,-1,0,0,0,0,-1,0,0,0,0,-1,0,0,0,0,-1,0,0,0,0,-1,0,0,0,0,-1,0,0,0,0,-1,0,0,0,0,17,33,49,0,3,9,180
1270,774,fd,1,130,80,1,4,4,2,672,0,2,0,0,0,1,0,4,192,58,128,0,65184,1500,3648,2,0,2,0,0,2,0,0,9,64,1,0,0,0,0,0,0,1,0,0,192,1,0,1,0,0,192,109,0,1,0,0,192,157,0,0,0,184,9,4,0,1,184,24,4,-1,0,0,0,0,-1,0,0,0,0,-1,0,0,0,0,-1,0,0,0,0,-1,0,0,0,0,-1,0,0,0,0,-1,0,0,0,0,-1,0,0,0,0,-1,0,0,0,0,-1,0,0,0,0,16,32,48,0,3,10,180
1271,775,fd,1,128,80,1,4,4,2,640,0,2,0,0,0,1,0,4,192,56,128,0,65183,1500,3647,2,0,2,0,0,2,0,0,9,64,1,0,0,0,0,0,0,1,0,0,192,0,128,1,0,0,192,108,128,1,0,0,192,156,128,0,0,184,8,3,0,1,184,23,3,-1,0,0,0,0,-1,0,0,0,0,-1,0,0,0,0,-1,0,0,0,0,-1,0,0,0,0,-1,0,0,0,0,-1,0,0,0,0,-1,0,0,0,0,-1,0,0,0,0,-1,0,0,0,0,15,31,47,0,3,11,180
1272,776,fd,1,126,80,1,4,4,2,608,0,2,0,0,0,1,0,4,192,54,128,0,65182,1500,3646,2,0,2,0,0,2,0,0,8,64,1,0,0,0,0,0,0,1,0,0,192,254,0,1,0,0,192,106,0,1,0,0,192,154,0,0,0,184,6,2,0,1,184,21,2,-1,0,0,0,0,-1,0,0,0,0,-1,0,0,0,0,-1,0,0,0,0,-1,0,0,0,0,-1,0,0,0,0,-1,0,0,0,0,-1,0,0,0,0,-1,0,0,0,0,-1,0,0,0,0,14,30,46,0,3,12,180
1273,777,fd,1,124,80,1,4,4,2,576,0,2,0,0,0,1,0,4,192,52,128,0,65181,1500,3645,2,0,2,0,0,2,0,0,8,64,1,0,0,0,0,0,0,1,0,0,192,253,128,1,0,0,192,105,128,1,0,0,192,153,128,0,0,184,5,1,0,1,184,20,1,-1,0,0,0,0,-1,0,0,0,0,-1,0,0,0,0,-1,0,0,0,0,-1,0,0,0,0,-1,0,0,0,0,-1,0,0,0,0,-1,0,0,0,0,-1,0,0,0,0,-1,0,0,0,0,13,29,45,0,3,13,180
1274,778,fd,1,122,80,1,4,4,2,544,0,2,0,0,0,1,0,4,192,50,128,0,65180,1500,3644,2,0,2,0,0,2,0,0,8,64,1,0,0,0,0,0,0,1,0,0,192,251,0,1,0,0,192,103,0,1,0,0,192,151,0,-1,0,0,0,0,-1,0,0,0,0,-1,0,0,0,0,-1,0,0,0,0,-1,0,0,0,0,-1,0,0,0,0,-1,0,0,0,0,-1,0,0,0,0,-1,0,0,0,0,-1,0,0,0,0,-1,0,0,0,0,-1,0,0,0,0,12,28,44,0,3,14,180
1275,779,fd,1,120,80,1,4,4,2,512,0,2,0,0,0,1,0,4,192,48,128,0,65179,1500,3643,2,0,2,0,0,2,0,0,8,64,1,0,0,0,0,0,0,1,0,0,192,250,128,1,0,0,192,102,128,1,0,0,192,150,128,-1,0,0,0,0,-1,0,0,0,0,-1,0,0,0,0,-1,0,0,0,0,-1,0,0,0,0,-1,0,0,0,0,-1,0,0,0,0,-1,0,0,0,0,-1,0,0,0,0,-1,0,0,0,0,-1,0,0,0,0,-1,0,0,0,0,11,27,43,0,3,15,180
1276,780,fd,1,119,80,1,4,4,2,480,0,2,0,0,0,1,0,4,192,46,128,0,65178,1500,3642,2,0,2,0,0,2,0,0,7,64,1,0,0,0,0,0,0,1,0,0,192,248,0,1,0,0,192,100,0,1,0,0,192,148,0,-1,0,0,0,0,-1,0,0,0,0,-1,0,0,0,0,-1,0,0,0,0,-1,0,0,0,0,-1,0,0,0,0,-1,0,0,0,0,-1,0,0,0,0,-1,0,0,0,0,-1,0,0,0,0,-1,0,0,0,0,-1,0,0,0,0,10,26,42,0,3,16,180
1277,781,fd,1,118,80,1,4,4,2,448,0,2,0,0,0,1,0,4,192,44,128,0,65177,1500,3641,2,0,2,0,0,2,0,0,7,64,1,0,0,0,0,0,0,1,0,0,192,247,128,1,0,0,192,99,128,1,0,0,192,147,128,-1,0,0,0,0,-1,0,0,0,0,-1,0,0,0,0,-1,0,0,0,0,-1,0,0,0,0,-1,0,0,0,0,-1,0,0,0,0,-1,0,0,0,0,-1,0,0,0,0,-1,0,0,0,0,-1,0,0,0,0,-1,0,0,0,0,9,25,41,0,3,17,180
1278,782,fd,1,117,80,1,4,4,2,416,0,2,0,0,0,1,0,4,192,42,128,0,65176,1500,3640,2,0,2,0,0,2,0,0,7,64,1,0,0,0,0,0,0,1,0,0,192,245,0,1,0,0,192,97,0,1,0,0,192,145,0,-1,0,0,0,0,-1,0,0,0,0,-1,0,0,0,0,-1,0,0,0,0,-1,0,0,0,0,-1,0,0,0,0,-1,0,0,0,0,-1,0,0,0,0,-1,0,0,0,0,-1,0,0,0,0,-1,0,0,0,0,-1,0,0,0,0,8,24,40,0,3,18,180
1279,783,fd,1,116,80,1,4,4,2,384,0,2,0,0,0,1,0,4,192,40,128,0,65175,1500,3639,2,0,2,0,0,2,0,0,7,64,1,0,0,0,0,0,0,1,0,0,192,244,128,1,0,0,192,96,128,1,0,0,192,144,128,-1,0,0,0,0,-1,0,0,0,0,-1,0,0,0,0,-1,0,0,0,0,-1,0,0,0,0,-1,0,0,0,0,-1,0,0,0,0,-1,0,0,0,0,-1,0,0,0,0,-1,0,0,0,0,-1,0,0,0,0,-1,0,0,0,0,7,23,39,0,3,19,180
1280,784,fd,1,115,80,1,4,4,2,352,0,2,0,0,0,1,0,4,192,38,128,0,65174,1500,3638,2,0,2,0,0,2,0,0,6,64,1,0,0,0,0,0,0,1,0,2,192,242,0,1,0,0,192,94,0,1,0,0,192,142,0,-1,0,0,0,0,-1,0,0,0,0,-1,0,0,0,0,-1,0,0,0,0,-1,0,0,0,0,-1,0,0,0,0,-1,0,0,0,0,-1,0,0,0,0,-1,0,0,0,0,-1,0,0,0,0,-1,0,0,0,0,-1,0,0,0,0,6,22,38,0,3,20,180
1281,785,fd,1,114,80,1,4,4,2,320,0,2,0,0,0,1,0,4,192,36,128,0,65173,1500,3637,2,0,2,0,0,2,0,0,6,64,1,0,0,0,0,0,0,0,0,0,0,0,0,1,0,0,192,93,128,1,0,0,192,141,128,-1,0,0,0,0,-1,0,0,0,0,-1,0,0,0,0,-1,0,0,0,0,-1,0,0,0,0,-1,0,0,0,0,-1,0,0,0,0,-1,0,0,0,0,-1,0,0,0,0,-1,0,0,0,0,-1,0,0,0,0,-1,0,0,0,0,5,21,37,0,3,21,180
1282,786,fd,1,113,80,1,4,4,2,288,0,2,0,0,0,1,0,4,192,34,128,0,65172,1500,3636,2,0,2,0,0,2,0,0,6,64,1,0,0,0,0,0,0,0,0,0,0,0,0,1,0,0,192,91,0,1,0,0,192,139,0,-1,0,0,0,0,-1,0,0,0,0,-1,0,0,0,0,-1,0,0,0,0,-1,0,0,0,0,-1,0,0,0,0,-1,0,0,0,0,-1,0,0,0,0,-1,0,0,0,0,-1,0,0,0,0,-1,0,0,0,0,-1,0,0,0,0,4,20,36,0,3,22,180
1283,787,fd,1,112,80,1,4,4,2,256,0,2,0,0,0,1,0,4,192,32,128,0,65171,1500,3635,2,0,2,0,0,2,0,0,6,64,1,0,0,0,0,0,0,0,0,0,0,0,0,1,0,0,192,90,128,1,0,0,192,138,128,-1,0,0,0,0,-1,0,0,0,0,-1,0,0,0,0,-1,0,0,0,0,-1,0,0,0,0,-1,0,0,0,0,-1,0,0,0,0,-1,0,0,0,0,-1,0,0,0,0,-1,0,0,0,0,-1,0,0,0,0,-1,0,0,0,0,3,19,35,0,3,23,180
1284,788,fd,1,112,80,1,4,4,2,224,0,2,0,0,0,1,0,4,192,30,128,0,65170,1500,3634,2,0,2,0,0,2,0,0,5,64,1,0,0,0,0,0,0,0,0,0,0,0,0,1,0,0,192,88,0,1,0,0,192,136,0,-1,0,0,0,0,-1,0,0,0,0,-1,0,0,0,0,-1,0,0,0,0,-1,0,0,0,0,-1,0,0,0,0,-1,0,0,0,0,-1,0,0,0,0,-1,0,0,0,0,-1,0,0,0,0,-1,0,0,0,0,-1,0,0,0,0,2,18,34,0,3,24,180
1285,789,fd,1,112,80,1,4,4,2,160,0,2,0,0,0,1,0,4,192,28,128,0,65169,1500,3633,2,0,2,0,0,2,0,0,5,64,1,0,0,0,0,0,0,0,0,0,0,0,0,1,0,0,192,87,128,1,0,0,192,135,128,-1,0,0,0,0,-1,0,0,0,0,-1,0,0,0,0,-1,0,0,0,0,-1,0,0,0,0,-1,0,0,0,0,-1,0,0,0,0,-1,0,0,0,0,-1,0,0,0,0,-1,0,0,0,0,-1,0,0,0,0,-1,0,0,0,0,1,17,33,0,3,25,180
1286,790,fd,1,112,80,1,4,4,2,96,0,2,0,0,0,1,0,4,192,26,128,0,65168,1500,3632,2,0,2,0,0,2,0,0,5,64,1,0,0,0,0,0,0,0,0,0,0,0,0,1,0,0,192,85,0,1,0,0,192,133,0,-1,0,0,0,0,-1,0,0,0,0,-1,0,0,0,0,-1,0,0,0,0,-1,0,0,0,0,-1,0,0,0,0,-1,0,0,0,0,-1,0,0,0,0,-1,0,0,0,0,-1,0,0,0,0,-1,0,0,0,0,-1,0,0,0,0,0,16,32,0,3,26,180
1287,791,fd,1,112,80,1,4,4,2,32,0,2,0,0,0,1,0,4,192,24,128,0,65167,1500,3631,2,0,2,0,0,2,0,0,5,64,1,0,0,0,0,0,0,0,0,0,0,0,0,1,0,0,192,84,128,1,0,0,192,132,128,-1,0,0,0,0,-1,0,0,0,0,-1,0,0,0,0,-1,0,0,0,0,-1,0,0,0,0,-1,0,0,0,0,-1,0,0,0,0,-1,0,0,0,0,-1,0,0,0,0,-1,0,0,0,0,-1,0,0,0,0,-1,0,0,0,0,255,15,31,0,3,27,180
1288,792,fd,1,112,80,2,4,4,2,64,0,2,0,0,0,1,0,4,192,22,128,0,65166,1500,3630,2,0,2,0,0,2,0,0,4,64,1,0,0,0,0,0,0,0,0,0,0,0,0,1,0,0,192,82,0,1,0,0,192,130,0,-1,0,0,0,0,-1,0,0,0,0,-1,0,0,0,0,-1,0,0,0,0,-1,0,0,0,0,-1,0,0,0,0,-1,0,0,0,0,-1,0,0,0,0,-1,0,0,0,0,-1,0,0,0,0,-1,0,0,0,0,-1,0,0,0,0,254,14,30,0,3,28,180
1289,793,fd,1,112,80,2,4,4,2,128,0,2,0,0,0,1,0,4,192,20,128,0,65165,1500,3629,2,0,2,0,0,2,0,0,4,64,1,0,0,0,0,0,0,0,0,0,0,0,0,1,0,0,192,81,128,1,0,0,192,129,128,-1,0,0,0,0,-1,0,0,0,0,-1,0,0,0,0,-1,0,0,0,0,-1,0,0,0,0,-1,0,0,0,0,-1,0,0,0,0,-1,0,0,0,0,-1,0,0,0,0,-1,0,0,0,0,-1,0,0,0,0,-1,0,0,0,0,253,13,29,0,3,29,180
1290,794,fd,1,112,80,2,4,4,2,192,0,2,0,0,0,1,0,4,192,18,128,0,65164,1500,3628,2,0,2,0,0,2,0,0,4,64,1,0,0,0,0,0,0,0,0,0,0,0,0,1,0,0,192,79,0,1,0,0,192,127,0,-1,0,0,0,0,-1,0,0,0,0,-1,0,0,0,0,-1,0,0,0,0,-1,0,0,0,0,-1,0,0,0,0,-1,0,0,0,0,-1,0,0,0,0,-1,0,0,0,0,-1,0,0,0,0,-1,0,0,0,0,-1,0,0,0,0,252,12,28,0,3,30,180
1291,795,fd,1,113,80,2,4,4,2,256,0,2,0,0,0,1,0,4,192,16,128,0,65163,1500,3627,2,0,2,0,0,2,0,0,4,64,1,0,0,0,0,0,0,0,0,0,0,0,0,1,0,0,192,78,128,1,0,0,192,126,128,-1,0,0,0,0,-1,0,0,0,0,-1,0,0,0,0,-1,0,0,0,0,-1,0,0,0,0,-1,0,0,0,0,-1,0,0,0,0,-1,0,0,0,0,-1,0,0,0,0,-1,0,0,0,0,-1,0,0,0,0,-1,0,0,0,0,251,11,27,0,3,31,180
1292,796,fd,1,114,80,2,4,4,2,288,0,2,0,0,0,1,0,4,192,14,128,0,65162,1500,3626,2,0,2,0,0,2,0,0,3,64,1,0,0,0,0,0,0,0,0,0,0,0,0,1,0,0,192,76,0,1,0,0,192,124,0,-1,0,0,0,0,-1,0,0,0,0,-1,0,0,0,0,-1,0,0,0,0,-1,0,0,0,0,-1,0,0,0,0,-1,0,0,0,0,-1,0,0,0,0,-1,0,0,0,0,-1,0,0,0,0,-1,0,0,0,0,-1,0,0,0,0,250,10,26,0,3,32,180
1293,797,fd,1,115,80,2,4,4,2,320,0,2,0,0,0,1,0,4,192,12,128,0,65161,1500,3625,2,0,2,0,0,2,0,0,3,64,1,0,0,0,0,0,0,0,0,0,0,0,0,1,0,0,192,75,128,1,0,0,192,123,128,-1,0,0,0,0,-1,0,0,0,0,-1,0,0,0,0,-1,0,0,0,0,-1,0,0,0,0,-1,0,0,0,0,-1,0,0,0,0,-1,0,0,0,0,-1,0,0,0,0,-1,0,0,0,0,-1,0,0,0,0,-1,0,0,0,0,249,9,25,0,3,33,180
1294,798,fd,1,116,80,2,4,4,2,352,0,2,0,0,0,1,0,4,192,10,128,0,65160,1500,3624,2,0,2,0,0,2,0,0,3,64,1,0,0,0,0,0,0,0,0,0,0,0,0,1,0,0,192,73,0,1,0,0,192,121,0,-1,0,0,0,0,-1,0,0,0,0,-1,0,0,0,0,-1,0,0,0,0,-1,0,0,0,0,-1,0,0,0,0,-1,0,0,0,0,-1,0,0,0,0,-1,0,0,0,0,-1,0,0,0,0,-1,0,0,0,0,-1,0,0,0,0,248,8,24,0,3,34,180
1295,799,fd,1,117,80,2,4,4,2,384,0,2,0,0,0,1,0,4,192,8,128,0,65159,1500,3623,2,0,2,0,0,2,0,0,3,64,1,0,0,0,0,0,0,0,0,0,0,0,0,1,0,0,192,72,128,1,0,0,192,120,128,-1,0,0,0,0,-1,0,0,0,0,-1,0,0,0,0,-1,0,0,0,0,-1,0,0,0,0,-1,0,0,0,0,-1,0,0,0,0,-1,0,0,0,0,-1,0,0,0,0,-1,0,0,0,0,-1,0,0,0,0,-1,0,0,0,0,247,7,23,0,3,35,180
1296,800,fd,1,118,80,2,4,4,2,416,0,2,0,0,0,1,0,4,192,6,128,0,65158,1500,3622,2,0,2,0,0,2,0,0,2,64,1,0,0,0,0,0,0,0,0,0,0,0,0,1,0,0,192,70,0,1,0,0,192,118,0,-1,0,0,0,0,-1,0,0,0,0,-1,0,0,0,0,-1,0,0,0,0,-1,0,0,0,0,-1,0,0,0,0,-1,0,0,0,0,-1,0,0,0,0,-1,0,0,0,0,-1,0,0,0,0,-1,0,0,0,0,-1,0,0,0,0,246,6,22,0,3,36,180
1297,801,fd,1,119,80,2,4,4,2,448,0,2,0,0,0,1,0,4,192,4,128,0,65157,1500,3621,2,0,2,0,0,2,0,0,2,64,1,0,0,0,0,0,0,0,0,0,0,0,0,1,0,0,192,69,128,1,0,0,192,117,128,-1,0,0,0,0,-1,0,0,0,0,-1,0,0,0,0,-1,0,0,0,0,-1,0,0,0,0,-1,0,0,0,0,-1,0,0,0,0,-1,0,0,0,0,-1,0,0,0,0,-1,0,0,0,0,-1,0,0,0,0,-1,0,0,0,0,245,5,21,0,3,37,180
1298,802,fd,1,120,80,2,4,4,2,480,0,2,0,0,0,1,0,4,192,2,128,0,65156,1500,3620,2,0,2,0,0,2,0,0,2,64,1,0,0,0,0,0,0,0,0,0,0,0,0,1,0,0,192,67,0,1,0,0,192,115,0,-1,0,0,0,0,-1,0,0,0,0,-1,0,0,0,0,-1,0,0,0,0,-1,0,0,0,0,-1,0,0,0,0,-1,0,0,0,0,-1,0,0,0,0,-1,0,0,0,0,-1,0,0,0,0,-1,0,0,0,0,-1,0,0,0,0,244,4,20,0,3,38,180
1299,803,fd,1,122,80,2,4,4,2,512,0,2,0,0,0,1,0,4,192,0,128,0,65155,1500,3619,2,0,2,0,0,2,0,0,2,64,1,0,0,0,0,0,0,0,0,0,0,0,0,1,0,0,192,66,128,1,0,0,192,114,128,-1,0,0,0,0,-1,0,0,0,0,-1,0,0,0,0,-1,0,0,0,0,-1,0,0,0,0,-1,0,0,0,0,-1,0,0,0,0,-1,0,0,0,0,-1,0,0,0,0,-1,0,0,0,0,-1,0,0,0,0,-1,0,0,0,0,243,3,19,0,3,39,180
1300,804,fd,1,124,80,2,4,4,2,544,0,2,0,0,0,1,0,4,192,254,128,0,65154,1500,3618,2,0,2,0,0,2,0,0,1,64,1,0,0,0,0,0,0,0,0,0,0,0,0,1,0,0,192,64,0,1,0,0,192,112,0,-1,0,0,0,0,-1,0,0,0,0,-1,0,0,0,0,-1,0,0,0,0,-1,0,0,0,0,-1,0,0,0,0,-1,0,0,0,0,-1,0,0,0,0,-1,0,0,0,0,-1,0,0,0,0,-1,0,0,0,0,-1,0,0,0,0,242,2,18,0,3,40,180
1301,805,fd,1,126,80,2,4,4,2,576,0,2,0,0,0,1,0,4,192,252,128,0,65153,1500,3617,2,0,2,0,0,2,0,0,1,64,1,0,0,0,0,0,0,0,0,0,0,0,0,1,0,0,192,63,128,1,0,0,192,111,128,-1,0,0,0,0,-1,0,0,0,0,-1,0,0,0,0,-1,0,0,0,0,-1,0,0,0,0,-1,0,0,0,0,-1,0,0,0,0,-1,0,0,0,0,-1,0,0,0,0,-1,0,0,0,0,-1,0,0,0,0,-1,0,0,0,0,241,1,17,0,3,41,180
1302,806,fd,1,128,80,2,4,4,2,608,0,2,0,0,0,1,0,4,192,250,128,0,65152,1500,3616,2,0,2,0,0,2,0,0,1,64,1,0,0,0,0,0,0,0,0,0,0,0,0,1,0,0,192,61,0,1,0,0,192,109,0,-1,0,0,0,0,-1,0,0,0,0,-1,0,0,0,0,-1,0,0,0,0,-1,0,0,0,0,-1,0,0,0,0,-1,0,0,0,0,-1,0,0,0,0,-1,0,0,0,0,-1,0,0,0,0,-1,0,0,0,0,-1,0,0,0,0,240,0,16,0,3,42,180
1303,807,fd,1,130,80,2,4,4,2,640,0,2,0,0,0,1,0,4,192,248,128,0,65151,1500,3615,2,0,2,0,0,2,0,0,1,64,1,0,0,0,0,0,0,0,0,0,0,0,0,1,0,0,192,60,128,1,0,0,192,108,128,-1,0,0,0,0,-1,0,0,0,0,-1,0,0,0,0,-1,0,0,0,0,-1,0,0,0,0,-1,0,0,0,0,-1,0,0,0,0,-1,0,0,0,0,-1,0,0,0,0,-1,0,0,0,0,-1,0,0,0,0,-1,0,0,0,0,239,255,15,0,3,43,180
1304,808,fd,1,132,80,2,4,4,2,672,0,2,0,0,0,1,0,4,192,246,128,0,65150,1500,3614,2,0,2,0,0,2,0,0,0,64,1,0,0,0,0,0,0,0,0,0,0,0,0,1,0,0,192,58,0,1,0,0,192,106,0,-1,0,0,0,0,-1,0,0,0,0,-1,0,0,0,0,-1,0,0,0,0,-1,0,0,0,0,-1,0,0,0,0,-1,0,0,0,0,-1,0,0,0,0,-1,0,0,0,0,-1,0,0,0,0,-1,0,0,0,0,-1,0,0,0,0,238,254,14,0,3,44,180
1305,809,fd,1,134,80,2,4,4,2,704,0,2,0,0,0,1,0,4,192,244,128,0,65149,1500,3613,2,0,2,0,0,2,0,0,0,64,1,0,0,0,0,0,0,0,0,0,0,0,0,1,0,0,192,57,128,1,0,0,192,105,128,-1,0,0,0,0,-1,0,0,0,0,-1,0,0,0,0,-1,0,0,0,0,-1,0,0,0,0,-1,0,0,0,0,-1,0,0,0,0,-1,0,0,0,0,-1,0,0,0,0,-1,0,0,0,0,-1,0,0,0,0,-1,0,0,0,0,237,253,13,0,3,45,180
1306,810,fd,1,136,80,2,4,4,2,736,0,2,0,0,0,1,0,4,192,242,128,0,65148,1500,3612,2,0,2,0,0,2,0,0,0,64,1,0,0,0,0,0,0,0,0,0,0,0,0,1,0,0,192,55,0,1,0,0,192,103,0,-1,0,0,0,0,-1,0,0,0,0,-1,0,0,0,0,-1,0,0,0,0,-1,0,0,0,0,-1,0,0,0,0,-1,0,0,0,0,-1,0,0,0,0,-1,0,0,0,0,-1,0,0,0,0,-1,0,0,0,0,-1,0,0,0,0,236,252,12,0,3,46,180
1307,811,fd,1,139,80,2,4,4,2,768,0,2,0,0,0,0,0,0,0,0,0,0,65147,1500,3611,2,0,2,0,0,2,0,0,0,64,1,0,0,0,0,0,0,0,0,0,0,0,0,1,0,0,192,54,128,1,0,0,192,102,128,-1,0,0,0,0,-1,0,0,0,0,-1,0,0,0,0,-1,0,0,0,0,-1,0,0,0,0,-1,0,0,0,0,-1,0,0,0,0,-1,0,0,0,0,-1,0,0,0,0,-1,0,0,0,0,-1,0,0,0,0,-1,0,0,0,0,235,251,11,0,3,47,180
1308,812,fd,1,142,80,2,4,4,2,800,0,2,0,0,0,0,0,0,0,0,0,0,65146,1500,3610,2,0,2,0,0,2,0,0,0,64,1,0,0,0,0,0,0,0,0,0,0,0,0,1,0,0,192,52,0,1,0,0,192,100,0,-1,0,0,0,0,-1,0,0,0,0,-1,0,0,0,0,-1,0,0,0,0,-1,0,0,0,0,-1,0,0,0,0,-1,0,0,0,0,-1,0,0,0,0,-1,0,0,0,0,-1,0,0,0,0,-1,0,0,0,0,-1,0,0,0,0,234,250,10,0,3,48,180
1309,813,fd,1,145,80,2,4,4,2,832,0,2,0,0,0,0,0,0,0,0,0,0,65145,1500,3609,2,0,2,0,0,2,0,0,0,64,1,0,0,0,0,0,0,0,0,0,0,0,0,1,0,0,192,51,128,1,0,0,192,99,128,-1,0,0,0,0,-1,0,0,0,0,-1,0,0,0,0,-1,0,0,0,0,-1,0,0,0,0,-1,0,0,0,0,-1,0,0,0,0,-1,0,0,0,0,-1,0,0,0,0,-1,0,0,0,0,-1,0,0,0,0,-1,0,0,0,0,233,249,9,0,3,49,180
1310,814,fd,1,148,80,2,4,4,2,864,0,2,0,0,0,0,0,0,0,0,0,0,65144,1500,3608,2,0,2,0,0,2,0,0,0,64,1,0,0,0,0,0,0,0,0,0,0,0,0,1,0,0,192,49,0,1,0,0,192,97,0,-1,0,0,0,0,-1,0,0,0,0,-1,0,0,0,0,-1,0,0,0,0,-1,0,0,0,0,-1,0,0,0,0,-1,0,0,0,0,-1,0,0,0,0,-1,0,0,0,0,-1,0,0,0,0,-1,0,0,0,0,-1,0,0,0,0,232,248,8,0,3,50,180
1311,815,fd,1,151,80,2,4,4,2,896,0,2,0,0,0,0,0,0,0,0,0,0,65143,1500,3607,2,0,2,0,0,2,0,0,0,64,1,1,0,0,192,240,128,0,0,0,0,0,0,1,0,0,192,48,128,1,0,0,192,96,128,-1,0,0,0,0,-1,0,0,0,0,-1,0,0,0,0,-1,0,0,0,0,-1,0,0,0,0,-1,0,0,0,0,-1,0,0,0,0,-1,0,0,0,0,-1,0,0,0,0,-1,0,0,0,0,-1,0,0,0,0,-1,0,0,0,0,231,247,7,0,3,51,180
1312,816,fd,1,154,80,2,4,4,2,928,0,2,0,0,0,0,0,0,0,0,0,0,65142,1500,3606,2,0,2,0,0,2,0,0,0,64,1,1,0,0,192,238,0,0,0,0,0,0,0,1,0,0,192,46,0,1,0,0,192,94,0,-1,0,0,0,0,-1,0,0,0,0,-1,0,0,0,0,-1,0,0,0,0,-1,0,0,0,0,-1,0,0,0,0,-1,0,0,0,0,-1,0,0,0,0,-1,0,0,0,0,-1,0,0,0,0,-1,0,0,0,0,-1,0,0,0,0,230,246,6,0,3,52,180
1313,817,fd,1,157,80,2,4,4,2,960,0,2,0,0,0,0,0,0,0,0,0,0,65141,1500,3605,2,0,2,0,0,2,0,0,0,64,1,1,0,0,192,237,128,0,0,0,0,0,0,1,0,0,192,45,128,1,0,0,192,93,128,-1,0,0,0,0,-1,0,0,0,0,-1,0,0,0,0,-1,0,0,0,0,-1,0,0,0,0,-1,0,0,0,0,-1,0,0,0,0,-1,0,0,0,0,-1,0,0,0,0,-1,0,0,0,0,-1,0,0,0,0,-1,0,0,0,0,229,245,5,0,3,53,180
1314,818,fd,1,160,80,2,4,4,2,992,0,2,0,0,0,0,0,0,0,0,0,0,65140,1500,3604,2,0,2,0,0,2,0,0,0,64,1,1,0,0,192,235,0,0,0,0,0,0,0,1,0,0,192,43,0,1,0,0,192,91,0,-1,0,0,0,0,-1,0,0,0,0,-1,0,0,0,0,-1,0,0,0,0,-1,0,0,0,0,-1,0,0,0,0,-1,0,0,0,0,-1,0,0,0,0,-1,0,0,0,0,-1,0,0,0,0,-1,0,0,0,0,-1,0,0,0,0,228,244,4,0,3,54,180
1315,819,fd,1,164,80,0,4,4,2,1056,0,2,0,0,0,1,0,2,192,89,128,1,65139,2000,3603,2,0,3,0,0,3,0,0,16,64,1,1,0,0,192,234,128,0,0,0,0,0,0,1,0,0,192,42,128,0,0,0,0,0,0,0,0,184,50,31,0,1,184,65,31,-1,0,0,0,0,-1,0,0,0,0,-1,0,0,0,0,-1,0,0,0,0,-1,0,0,0,0,-1,0,0,0,0,-1,0,0,0,0,-1,0,0,0,0,-1,0,0,0,0,-1,0,0,0,0,227,243,3,0,3,55,180
1316,820,fd,1,164,80,0,4,4,2,1056,0,2,0,0,0,1,0,2,192,88,128,1,65138,2000,3602,2,0,3,0,0,3,0,0,15,64,1,1,0,0,192,232,0,0,0,0,0,0,0,1,0,0,192,40,0,0,0,0,0,0,0,0,0,184,48,30,0,1,184,63,30,-1,0,0,0,0,-1,0,0,0,0,-1,0,0,0,0,-1,0,0,0,0,-1,0,0,0,0,-1,0,0,0,0,-1,0,0,0,0,-1,0,0,0,0,-1,0,0,0,0,-1,0,0,0,0,226,242,2,0,3,56,180
1317,821,fd,1,164,80,0,4,4,2,1056,0,2,0,0,0,1,0,2,192,87,128,1,65137,2000,3601,2,0,3,0,0,3,0,0,15,64,1,1,0,0,192,231,128,0,0,0,0,0,0,1,0,0,192,39,128,0,0,0,0,0,0,0,0,184,47,29,0,1,184,62,29,-1,0,0,0,0,-1,0,0,0,0,-1,0,0,0,0,-1,0,0,0,0,-1,0,0,0,0,-1,0,0,0,0,-1,0,0,0,0,-1,0,0,0,0,-1,0,0,0,0,-1,0,0,0,0,225,241,1,0,3,57,180
1318,822,fd,1,164,80,0,4,4,2,1056,0,2,0,0,0,1,0,2,192,86,128,1,65136,2000,3600,2,0,3,0,0,3,0,0,15,64,1,1,0,0,192,229,0,0,0,0,0,0,0,1,0,0,192,37,0,0,0,0,0,0,0,0,0,184,45,28,0,1,184,60,28,-1,0,0,0,0,-1,0,0,0,0,-1,0,0,0,0,-1,0,0,0,0,-1,0,0,0,0,-1,0,0,0,0,-1,0,0,0,0,-1,0,0,0,0,-1,0,0,0,0,-1,0,0,0,0,224,240,0,0,3,58,180
1319,823,fd,1,164,80,0,4,4,2,1056,0,2,0,0,0,1,0,2,192,85,128,1,65135,2000,3599,2,0,3,0,0,3,0,0,15,64,1,1,0,0,192,228,128,0,0,0,0,0,0,1,0,0,192,36,128,0,0,0,0,0,0,0,0,184,44,27,0,1,184,59,27,-1,0,0,0,0,-1,0,0,0,0,-1,0,0,0,0,-1,0,0,0,0,-1,0,0,0,0,-1,0,0,0,0,-1,0,0,0,0,-1,0,0,0,0,-1,0,0,0,0,-1,0,0,0,0,223,239,255,0,3,59,180
1320,824,fd,1,164,80,0,4,4,2,1056,0,2,0,0,0,1,0,2,192,84,128,1,65134,2000,3598,2,0,3,0,0,3,0,0,14,64,1,1,0,0,192,226,0,0,0,0,0,0,0,1,0,0,192,34,0,0,0,0,0,0,0,0,0,184,42,26,0,1,184,57,26,-1,0,0,0,0,-1,0,0,0,0,-1,0,0,0,0,-1,0,0,0,0,-1,0,0,0,0,-1,0,0,0,0,-1,0,0,0,0,-1,0,0,0,0,-1,0,0,0,0,-1,0,0,0,0,222,238,254,0,3,60,180
1321,825,fd,1,164,80,0,4,4,2,1056,0,2,0,0,0,1,0,2,192,83,128,1,65133,2000,3597,2,0,3,0,0,3,0,0,14,64,1,1,0,0,192,225,128,0,0,0,0,0,0,1,0,0,192,33,128,0,0,0,0,0,0,0,0,184,41,25,0,1,184,56,25,-1,0,0,0,0,-1,0,0,0,0,-1,0,0,0,0,-1,0,0,0,0,-1,0,0,0,0,-1,0,0,0,0,-1,0,0,0,0,-1,0,0,0,0,-1,0,0,0,0,-1,0,0,0,0,221,237,253,0,3,61,180
1322,826,fd,1,164,80,0,4,4,2,1056,0,2,0,0,0,1,0,2,192,82,128,1,65132,2000,3596,2,0,3,0,0,3,0,0,14,64,1,1,0,0,192,223,0,0,0,0,0,0,0,1,0,0,192,31,0,0,0,0,0,0,0,0,0,184,39,24,0,1,184,54,24,-1,0,0,0,0,-1,0,0,0,0,-1,0,0,0,0,-1,0,0,0,0,-1,0,0,0,0,-1,0,0,0,0,-1,0,0,0,0,-1,0,0,0,0,-1,0,0,0,0,-1,0,0,0,0,220,236,252,0,3,62,180
1323,827,fd,1,164,80,0,4,4,2,1056,0,2,0,0,0,1,0,2,192,81,128,1,65131,2000,3595,2,0,3,0,0,3,0,0,14,64,1,1,0,0,192,222,128,0,0,0,0,0,0,1,0,0,192,30,128,0,0,0,0,0,0,0,0,184,38,23,0,1,184,53,23,-1,0,0,0,0,-1,0,0,0,0,-1,0,0,0,0,-1,0,0,0,0,-1,0,0,0,0,-1,0,0,0,0,-1,0,0,0,0,-1,0,0,0,0,-1,0,0,0,0,-1,0,0,0,0,219,235,251,0,3,63,180
1324,828,fd,1,164,80,0,4,4,2,1056,0,2,0,0,0,1,0,2,192,80,128,0,65130,2000,3594,2,0,3,0,0,3,0,0,13,64,1,1,0,0,192,220,0,0,0,0,0,0,0,1,0,0,192,28,0,0,0,0,0,0,0,0,0,184,36,22,0,1,184,51,22,-1,0,0,0,0,-1,0,0,0,0,-1,0,0,0,0,-1,0,0,0,0,-1,0,0,0,0,-1,0,0,0,0,-1,0,0,0,0,-1,0,0,0,0,-1,0,0,0,0,-1,0,0,0,0,218,234,250,0,3,64,180
1325,829,fd,1,164,80,0,4,4,2,1056,0,2,0,0,0,1,0,2,192,80,128,0,65129,2000,3593,2,0,3,0,0,3,0,0,13,64,1,1,0,0,192,219,128,0,0,0,0,0,0,1,0,0,192,27,128,0,0,0,0,0,0,0,0,184,35,21,0,1,184,50,21,-1,0,0,0,0,-1,0,0,0,0,-1,0,0,0,0,-1,0,0,0,0,-1,0,0,0,0,-1,0,0,0,0,-1,0,0,0,0,-1,0,0,0,0,-1,0,0,0,0,-1,0,0,0,0,217,233,249,0,3,65,180
1326,830,fd,1,164,80,0,4,4,2,1056,0,2,0,0,0,1,0,2,192,80,128,0,65128,2000,3592,2,0,3,0,0,3,0,0,13,64,1,1,0,0,192,217,0,0,0,0,0,0,0,1,0,0,192,25,0,0,0,0,0,0,0,0,0,184,33,20,0,1,184,48,20,-1,0,0,0,0,-1,0,0,0,0,-1,0,0,0,0,-1,0,0,0,0,-1,0,0,0,0,-1,0,0,0,0,-1,0,0,0,0,-1,0,0,0,0,-1,0,0,0,0,-1,0,0,0,0,216,232,248,0,3,66,180
1327,831,fd,1,164,80,0,4,4,2,1056,0,2,0,0,0,1,0,2,192,80,128,0,65127,2000,3591,2,0,3,0,0,3,0,0,13,64,1,1,0,0,192,216,128,0,0,0,0,0,0,1,0,0,192,24,128,0,0,0,0,0,0,0,0,184,32,19,0,1,184,47,19,-1,0,0,0,0,-1,0,0,0,0,-1,0,0,0,0,-1,0,0,0,0,-1,0,0,0,0,-1,0,0,0,0,-1,0,0,0,0,-1,0,0,0,0,-1,0,0,0,0,-1,0,0,0,0,215,231,247,0,3,67,180
1328,832,fd,1,164,80,0,4,4,2,1056,0,2,0,0,0,1,0,2,192,80,128,0,65126,2000,3590,2,0,3,0,0,3,0,0,12,64,1,1,0,0,192,214,0,0,0,0,0,0,0,1,0,0,192,22,0,0,0,0,0,0,0,0,0,184,30,18,0,1,184,45,18,-1,0,0,0,0,-1,0,0,0,0,-1,0,0,0,0,-1,0,0,0,0,-1,0,0,0,0,-1,0,0,0,0,-1,0,0,0,0,-1,0,0,0,0,-1,0,0,0,0,-1,0,0,0,0,214,230,246,0,3,68,180
1329,833,fd,1,164,80,0,4,4,2,1056,0,2,0,0,0,1,0,2,192,80,128,0,65125,2000,3589,2,0,3,0,0,3,0,0,12,64,1,1,0,0,192,213,128,0,0,0,0,0,0,1,0,0,192,21,128,0,0,0,0,0,0,0,0,184,29,17,0,1,184,44,17,-1,0,0,0,0,-1,0,0,0,0,-1,0,0,0,0,-1,0,0,0,0,-1,0,0,0,0,-1,0,0,0,0,-1,0,0,0,0,-1,0,0,0,0,-1,0,0,0,0,-1,0,0,0,0,213,229,245,0,3,69,180
1330,834,fd,1,164,80,0,4,4,2,1056,0,2,0,0,0,1,0,2,192,80,128,0,65124,2000,3588,2,0,3,0,0,3,0,0,12,64,1,1,0,0,192,211,0,0,0,0,0,0,0,1,0,0,192,19,0,0,0,0,0,0,0,0,0,184,27,16,0,1,184,42,16,-1,0,0,0,0,-1,0,0,0,0,-1,0,0,0,0,-1,0,0,0,0,-1,0,0,0,0,-1,0,0,0,0,-1,0,0,0,0,-1,0,0,0,0,-1,0,0,0,0,-1,0,0,0,0,212,228,244,0,3,70,180
1331,835,fd,1,164,80,0,4,4,2,1056,0,2,0,0,0,1,0,2,192,80,128,0,65123,2000,3587,2,0,3,0,0,3,0,0,12,64,1,1,0,0,192,210,128,0,0,0,0,0,0,1,0,0,192,18,128,0,0,0,0,0,0,0,0,184,26,15,0,1,184,41,15,-1,0,0,0,0,-1,0,0,0,0,-1,0,0,0,0,-1,0,0,0,0,-1,0,0,0,0,-1,0,0,0,0,-1,0,0,0,0,-1,0,0,0,0,-1,0,0,0,0,-1,0,0,0,0,211,227,243,0,3,71,180
1332,836,fd,1,164,80,0,4,4,2,1056,0,2,0,0,0,1,0,2,192,80,128,0,65122,2000,3586,2,0,3,0,0,3,0,0,11,64,1,1,0,0,192,208,0,0,0,0,0,0,0,1,0,0,192,16,0,0,0,0,0,0,0,0,0,184,24,14,0,1,184,39,14,-1,0,0,0,0,-1,0,0,0,0,-1,0,0,0,0,-1,0,0,0,0,-1,0,0,0,0,-1,0,0,0,0,-1,0,0,0,0,-1,0,0,0,0,-1,0,0,0,0,-1,0,0,0,0,210,226,242,0,3,72,180
1333,837,fd,1,164,80,0,4,4,2,1056,0,2,0,0,0,1,0,2,192,80,128,0,65121,2000,3585,2,0,3,0,0,3,0,0,11,64,1,1,0,0,192,207,128,0,0,0,0,0,0,1,0,0,192,15,128,0,0,0,0,0,0,0,0,184,23,13,0,1,184,38,13,-1,0,0,0,0,-1,0,0,0,0,-1,0,0,0,0,-1,0,0,0,0,-1,0,0,0,0,-1,0,0,0,0,-1,0,0,0,0,-1,0,0,0,0,-1,0,0,0,0,-1,0,0,0,0,209,225,241,0,3,73,180
1334,838,fd,1,164,80,0,4,4,2,1056,0,2,0,0,0,1,0,2,192,80,128,0,65120,2000,3584,2,0,3,0,0,3,0,0,11,64,1,1,0,0,192,205,0,0,0,0,0,0,0,1,0,0,192,13,0,0,0,0,0,0,0,0,0,184,21,12,0,1,184,36,12,-1,0,0,0,0,-1,0,0,0,0,-1,0,0,0,0,-1,0,0,0,0,-1,0,0,0,0,-1,0,0,0,0,-1,0,0,0,0,-1,0,0,0,0,-1,0,0,0,0,-1,0,0,0,0,208,224,240,0,3,74,180
1335,839,fd,1,164,80,0,4,4,2,1056,0,2,0,0,0,1,0,2,192,80,128,0,65119,2000,3583,2,0,3,0,0,3,0,0,11,64,1,1,0,0,192,204,128,0,0,0,0,0,0,1,0,0,192,12,128,0,0,0,0,0,0,0,0,184,20,11,0,1,184,35,11,-1,0,0,0,0,-1,0,0,0,0,-1,0,0,0,0,-1,0,0,0,0,-1,0,0,0,0,-1,0,0,0,0,-1,0,0,0,0,-1,0,0,0,0,-1,0,0,0,0,-1,0,0,0,0,207,223,239,0,3,75,180
1336,840,fd,1,164,80,0,4,4,2,1056,0,2,0,0,0,1,0,2,192,80,128,0,65118,2000,3582,2,0,3,0,0,3,0,0,10,64,1,1,0,0,192,202,0,0,0,0,0,0,0,1,0,0,192,10,0,0,0,0,0,0,0,0,0,184,18,10,0,1,184,33,10,-1,0,0,0,0,-1,0,0,0,0,-1,0,0,0,0,-1,0,0,0,0,-1,0,0,0,0,-1,0,0,0,0,-1,0,0,0,0,-1,0,0,0,0,-1,0,0,0,0,-1,0,0,0,0,206,222,238,0,3,76,180
1337,841,fd,1,164,80,0,4,4,2,1056,0,2,0,0,0,1,0,2,192,80,128,0,65117,2000,3581,2,0,3,0,0,3,0,0,10,64,1,1,0,0,192,201,128,0,0,0,0,0,0,1,0,0,192,9,128,0,0,0,0,0,0,0,0,184,17,9,0,1,184,32,9,-1,0,0,0,0,-1,0,0,0,0,-1,0,0,0,0,-1,0,0,0,0,-1,0,0,0,0,-1,0,0,0,0,-1,0,0,0,0,-1,0,0,0,0,-1,0,0,0,0,-1,0,0,0,0,205,221,237,0,3,77,180
1338,842,fd,1,164,80,0,4,4,2,1056,0,2,0,0,0,1,0,2,192,80,128,0,65116,2000,3580,2,0,3,0,0,3,0,0,10,64,1,1,0,0,192,199,0,0,0,0,0,0,0,1,0,0,192,7,0,0,0,0,0,0,0,0,0,184,15,8,0,1,184,30,8,-1,0,0,0,0,-1,0,0,0,0,-1,0,0,0,0,-1,0,0,0,0,-1,0,0,0,0,-1,0,0,0,0,-1,0,0,0,0,-1,0,0,0,0,-1,0,0,0,0,-1,0,0,0,0,204,220,236,0,3,78,180
1339,843,fd,1,164,80,0,4,4,2,1056,0,2,0,0,0,1,0,2,192,80,128,0,65115,2000,3579,2,0,3,0,0,3,0,0,10,64,1,1,0,0,192,198,128,0,0,0,0,0,0,1,0,0,192,6,128,0,0,0,0,0,0,0,0,184,14,7,0,1,184,29,7,-1,0,0,0,0,-1,0,0,0,0,-1,0,0,0,0,-1,0,0,0,0,-1,0,0,0,0,-1,0,0,0,0,-1,0,0,0,0,-1,0,0,0,0,-1,0,0,0,0,-1,0,0,0,0,203,219,235,0,3,79,180
1340,844,fd,1,164,80,0,4,4,2,1056,0,2,0,0,0,1,0,2,192,80,128,0,65114,2000,3578,2,0,3,0,0,3,0,0,9,64,1,1,0,0,192,196,0,0,0,0,0,0,0,1,0,0,192,4,0,0,0,0,0,0,0,0,0,184,12,6,0,1,184,27,6,-1,0,0,0,0,-1,0,0,0,0,-1,0,0,0,0,-1,0,0,0,0,-1,0,0,0,0,-1,0,0,0,0,-1,0,0,0,0,-1,0,0,0,0,-1,0,0,0,0,-1,0,0,0,0,202,218,234,0,3,80,180
1341,845,fd,1,164,80,0,4,4,2,1056,0,2,0,0,0,1,0,2,192,80,128,0,65113,2000,3577,2,0,3,0,0,3,0,0,9,64,1,1,0,0,192,195,128,0,0,0,0,0,0,1,0,0,192,3,128,0,0,0,0,0,0,0,0,184,11,5,0,1,184,26,5,-1,0,0,0,0,-1,0,0,0,0,-1,0,0,0,0,-1,0,0,0,0,-1,0,0,0,0,-1,0,0,0,0,-1,0,0,0,0,-1,0,0,0,0,-1,0,0,0,0,-1,0,0,0,0,201,217,233,0,3,81,180
1342,846,fd,1,164,80,0,4,4,2,1056,0,2,0,0,0,1,0,2,192,80,128,0,65112,2000,3576,2,0,3,0,0,3,0,0,9,64,1,1,0,0,192,193,0,0,0,0,0,0,0,1,0,0,192,1,0,0,0,0,0,0,0,0,0,184,9,4,0,1,184,24,4,-1,0,0,0,0,-1,0,0,0,0,-1,0,0,0,0,-1,0,0,0,0,-1,0,0,0,0,-1,0,0,0,0,-1,0,0,0,0,-1,0,0,0,0,-1,0,0,0,0,-1,0,0,0,0,200,216,232,0,3,82,180
1343,847,fd,1,164,80,0,4,4,2,1056,0,2,0,0,0,1,0,2,192,80,128,0,65111,2000,3575,2,0,3,0,0,3,0,0,9,64,1,1,0,0,192,192,128,0,0,0,0,0,0,1,0,0,192,0,128,0,0,0,0,0,0,0,0,184,8,3,0,1,184,23,3,-1,0,0,0,0,-1,0,0,0,0,-1,0,0,0,0,-1,0,0,0,0,-1,0,0,0,0,-1,0,0,0,0,-1,0,0,0,0,-1,0,0,0,0,-1,0,0,0,0,-1,0,0,0,0,199,215,231,0,3,83,180
1344,848,fd,1,164,80,0,4,4,2,1056,0,2,0,0,0,1,0,2,192,80,128,0,65110,2000,3574,2,0,3,0,0,3,0,0,8,64,1,1,0,0,192,190,0,0,0,0,0,0,0,1,0,0,192,254,0,0,0,0,0,0,0,0,0,184,6,2,0,1,184,21,2,-1,0,0,0,0,-1,0,0,0,0,-1,0,0,0,0,-1,0,0,0,0,-1,0,0,0,0,-1,0,0,0,0,-1,0,0,0,0,-1,0,0,0,0,-1,0,0,0,0,-1,0,0,0,0,198,214,230,0,3,84,180
1345,849,fd,1,164,80,0,4,4,2,1056,0,2,0,0,0,1,0,2,192,80,128,0,65109,2000,3573,2,0,3,0,0,3,0,0,8,64,1,1,0,0,192,189,128,0,0,0,0,0,0,1,0,0,192,253,128,0,0,0,0,0,0,0,0,184,5,1,0,1,184,20,1,-1,0,0,0,0,-1,0,0,0,0,-1,0,0,0,0,-1,0,0,0,0,-1,0,0,0,0,-1,0,0,0,0,-1,0,0,0,0,-1,0,0,0,0,-1,0,0,0,0,-1,0,0,0,0,197,213,229,0,3,85,180
1346,850,fd,1,164,80,0,4,4,2,1056,0,2,0,0,0,1,0,2,192,80,128,0,65108,2000,3572,2,0,3,0,0,3,0,0,8,64,1,1,0,0,192,187,0,0,0,0,0,0,0,1,0,0,192,251,0,0,0,0,0,0,0,-1,0,0,0,0,-1,0,0,0,0,-1,0,0,0,0,-1,0,0,0,0,-1,0,0,0,0,-1,0,0,0,0,-1,0,0,0,0,-1,0,0,0,0,-1,0,0,0,0,-1,0,0,0,0,-1,0,0,0,0,-1,0,0,0,0,196,212,228,0,3,86,180
1347,851,fd,1,164,80,0,4,4,2,1056,0,2,0,0,0,1,0,2,192,80,128,0,65107,2000,3571,2,0,3,0,0,3,0,0,8,64,1,1,0,0,192,186,128,0,0,0,0,0,0,1,0,0,192,250,128,0,0,0,0,0,0,-1,0,0,0,0,-1,0,0,0,0,-1,0,0,0,0,-1,0,0,0,0,-1,0,0,0,0,-1,0,0,0,0,-1,0,0,0,0,-1,0,0,0,0,-1,0,0,0,0,-1,0,0,0,0,-1,0,0,0,0,-1,0,0,0,0,195,211,227,0,3,87,180
1348,852,fd,1,164,80,0,4,4,2,1056,0,2,0,0,0,1,0,2,192,80,128,0,65106,2000,3570,2,0,3,0,0,3,0,0,7,64,1,1,0,0,192,184,0,0,0,0,0,0,0,1,0,0,192,248,0,0,0,0,0,0,0,-1,0,0,0,0,-1,0,0,0,0,-1,0,0,0,0,-1,0,0,0,0,-1,0,0,0,0,-1,0,0,0,0,-1,0,0,0,0,-1,0,0,0,0,-1,0,0,0,0,-1,0,0,0,0,-1,0,0,0,0,-1,0,0,0,0,194,210,226,0,3,88,180
1349,853,fd,1,164,80,0,4,4,2,1056,0,2,0,0,0,1,0,2,192,80,128,0,65105,2000,3569,2,0,3,0,0,3,0,0,7,64,1,1,0,0,192,183,128,0,0,0,0,0,0,1,0,0,192,247,128,0,0,0,0,0,0,-1,0,0,0,0,-1,0,0,0,0,-1,0,0,0,0,-1,0,0,0,0,-1,0,0,0,0,-1,0,0,0,0,-1,0,0,0,0,-1,0,0,0,0,-1,0,0,0,0,-1,0,0,0,0,-1,0,0,0,0,-1,0,0,0,0,193,209,225,0,3,89,180
1350,854,fd,1,164,80,0,4,4,2,1056,0,2,0,0,0,1,0,2,192,80,128,0,65104,2000,3568,2,0,3,0,0,3,0,0,7,64,1,1,0,0,192,181,0,0,0,0,0,0,0,1,0,0,192,245,0,0,0,0,0,0,0,-1,0,0,0,0,-1,0,0,0,0,-1,0,0,0,0,-1,0,0,0,0,-1,0,0,0,0,-1,0,0,0,0,-1,0,0,0,0,-1,0,0,0,0,-1,0,0,0,0,-1,0,0,0,0,-1,0,0,0,0,-1,0,0,0,0,192,208,224,0,3,90,180
1351,855,fd,1,164,80,0,4,4,2,1056,0,2,0,0,0,1,0,2,192,80,128,0,65103,2000,3567,2,0,3,0,0,3,0,0,7,64,1,1,0,0,192,180,128,0,0,0,0,0,0,1,0,0,192,244,128,0,0,0,0,0,0,-1,0,0,0,0,-1,0,0,0,0,-1,0,0,0,0,-1,0,0,0,0,-1,0,0,0,0,-1,0,0,0,0,-1,0,0,0,0,-1,0,0,0,0,-1,0,0,0,0,-1,0,0,0,0,-1,0,0,0,0,-1,0,0,0,0,191,207,223,0,3,91,180
1352,856,fd,1,164,80,0,4,4,2,1056,0,2,0,0,0,1,0,2,192,80,128,0,65102,2000,3566,2,0,3,0,0,3,0,0,6,64,1,1,0,0,192,178,0,0,0,0,0,0,0,1,0,2,192,242,0,0,0,0,0,0,0,-1,0,0,0,0,-1,0,0,0,0,-1,0,0,0,0,-1,0,0,0,0,-1,0,0,0,0,-1,0,0,0,0,-1,0,0,0,0,-1,0,0,0,0,-1,0,0,0,0,-1,0,0,0,0,-1,0,0,0,0,-1,0,0,0,0,190,206,222,0,3,92,180
1353,857,fd,1,164,80,0,4,4,2,1056,0,2,0,0,0,1,0,2,192,80,128,0,65101,2000,3565,2,0,3,0,0,3,0,0,6,64,1,1,0,0,192,177,128,0,0,0,0,0,0,0,0,0,0,0,0,0,0,0,0,0,0,-1,0,0,0,0,-1,0,0,0,0,-1,0,0,0,0,-1,0,0,0,0,-1,0,0,0,0,-1,0,0,0,0,-1,0,0,0,0,-1,0,0,0,0,-1,0,0,0,0,-1,0,0,0,0,-1,0,0,0,0,-1,0,0,0,0,189,205,221,0,3,93,180
1354,858,fd,1,164,80,0,4,4,2,1056,0,2,0,0,0,1,0,2,192,80,128,0,65100,2000,3564,2,0,3,0,0,3,0,0,6,64,1,1,0,0,192,175,0,0,0,0,0,0,0,0,0,0,0,0,0,0,0,0,0,0,0,-1,0,0,0,0,-1,0,0,0,0,-1,0,0,0,0,-1,0,0,0,0,-1,0,0,0,0,-1,0,0,0,0,-1,0,0,0,0,-1,0,0,0,0,-1,0,0,0,0,-1,0,0,0,0,-1,0,0,0,0,-1,0,0,0,0,188,204,220,0,3,94,180
1355,859,ed,1,160,80,1,4,4,2,1024,16,2,0,0,0,1,0,4,192,80,128,0,65099,2000,3563,2,0,3,0,0,3,1,0,6,64,1,1,0,0,192,174,128,0,0,0,0,0,0,0,0,0,0,0,0,0,0,0,0,0,0,-1,0,0,0,0,-1,0,0,0,0,-1,0,0,0,0,-1,0,0,0,0,-1,0,0,0,0,-1,0,0,0,0,-1,0,0,0,0,-1,0,0,0,0,-1,0,0,0,0,-1,0,0,0,0,-1,0,0,0,0,-1,0,0,0,0,187,203,219,0,3,95,180
1356,860,fd,1,157,80,1,4,4,2,992,16,2,0,0,0,1,0,4,192,78,128,0,65098,2000,3562,2,0,3,0,0,3,0,0,5,64,1,1,0,0,192,172,0,0,0,0,0,0,0,0,0,0,0,0,0,0,0,0,0,0,0,-1,0,0,0,0,-1,0,0,0,0,-1,0,0,0,0,-1,0,0,0,0,-1,0,0,0,0,-1,0,0,0,0,-1,0,0,0,0,-1,0,0,0,0,-1,0,0,0,0,-1,0,0,0,0,-1,0,0,0,0,-1,0,0,0,0,186,202,218,0,3,96,180
1357,861,fd,1,154,80,1,4,4,2,960,0,2,0,0,0,1,0,4,192,76,128,0,65097,2000,3561,2,0,3,0,0,3,0,0,5,64,1,1,0,0,192,171,128,0,0,0,0,0,0,0,0,0,0,0,0,0,0,0,0,0,0,-1,0,0,0,0,-1,0,0,0,0,-1,0,0,0,0,-1,0,0,0,0,-1,0,0,0,0,-1,0,0,0,0,-1,0,0,0,0,-1,0,0,0,0,-1,0,0,0,0,-1,0,0,0,0,-1,0,0,0,0,-1,0,0,0,0,185,201,217,0,3,97,180
1358,862,fd,1,151,80,1,4,4,2,928,0,2,0,0,0,1,0,4,192,74,128,0,65096,2000,3560,2,0,3,0,0,3,0,0,5,64,1,1,0,0,192,169,0,0,0,0,0,0,0,0,0,0,0,0,0,0,0,0,0,0,0,-1,0,0,0,0,-1,0,0,0,0,-1,0,0,0,0,-1,0,0,0,0,-1,0,0,0,0,-1,0,0,0,0,-1,0,0,0,0,-1,0,0,0,0,-1,0,0,0,0,-1,0,0,0,0,-1,0,0,0,0,-1,0,0,0,0,184,200,216,0,3,98,180
1359,863,fd,1,148,80,1,4,4,2,896,0,2,0,0,0,1,0,4,192,72,128,0,65095,2000,3559,2,0,3,0,0,3,0,0,5,64,1,1,0,0,192,168,128,0,0,0,0,0,0,0,0,0,0,0,0,0,0,0,0,0,0,-1,0,0,0,0,-1,0,0,0,0,-1,0,0,0,0,-1,0,0,0,0,-1,0,0,0,0,-1,0,0,0,0,-1,0,0,0,0,-1,0,0,0,0,-1,0,0,0,0,-1,0,0,0,0,-1,0,0,0,0,-1,0,0,0,0,183,199,215,0,3,99,180
1360,864,fd,1,145,80,1,4,4,2,864,0,2,0,0,0,1,0,4,192,70,128,0,65094,2000,3558,2,0,3,0,0,3,0,0,4,64,1,1,0,0,192,166,0,0,0,0,0,0,0,0,0,0,0,0,0,0,0,0,0,0,0,-1,0,0,0,0,-1,0,0,0,0,-1,0,0,0,0,-1,0,0,0,0,-1,0,0,0,0,-1,0,0,0,0,-1,0,0,0,0,-1,0,0,0,0,-1,0,0,0,0,-1,0,0,0,0,-1,0,0,0,0,-1,0,0,0,0,182,198,214,0,3,100,180
1361,865,fd,1,142,80,1,4,4,2,832,0,2,0,0,0,1,0,4,192,68,128,0,65093,2000,3557,2,0,3,0,0,3,0,0,4,64,1,1,0,0,192,165,128,0,0,0,0,0,0,0,0,0,0,0,0,0,0,0,0,0,0,-1,0,0,0,0,-1,0,0,0,0,-1,0,0,0,0,-1,0,0,0,0,-1,0,0,0,0,-1,0,0,0,0,-1,0,0,0,0,-1,0,0,0,0,-1,0,0,0,0,-1,0,0,0,0,-1,0,0,0,0,-1,0,0,0,0,181,197,213,0,3,101,180
1362,866,fd,1,139,80,1,4,4,2,800,0,2,0,0,0,1,0,4,192,66,128,0,65092,2000,3556,2,0,3,0,0,3,0,0,4,64,1,1,0,0,192,163,0,0,0,0,0,0,0,0,0,0,0,0,0,0,0,0,0,0,0,-1,0,0,0,0,-1,0,0,0,0,-1,0,0,0,0,-1,0,0,0,0,-1,0,0,0,0,-1,0,0,0,0,-1,0,0,0,0,-1,0,0,0,0,-1,0,0,0,0,-1,0,0,0,0,-1,0,0,0,0,-1,0,0,0,0,180,196,212,0,3,102,180
1363,867,fd,1,136,80,1,4,4,2,768,0,2,0,0,0,1,0,4,192,64,128,0,65091,2000,3555,2,0,3,0,0,3,0,0,4,64,1,1,0,0,192,162,128,0,0,0,0,0,0,0,0,0,0,0,0,0,0,0,0,0,0,-1,0,0,0,0,-1,0,0,0,0,-1,0,0,0,0,-1,0,0,0,0,-1,0,0,0,0,-1,0,0,0,0,-1,0,0,0,0,-1,0,0,0,0,-1,0,0,0,0,-1,0,0,0,0,-1,0,0,0,0,-1,0,0,0,0,179,195,211,0,3,103,180
1364,868,fd,1,134,80,1,4,4,2,736,0,2,0,0,0,1,0,4,192,62,128,0,65090,2000,3554,2,0,3,0,0,3,0,0,3,64,1,1,0,0,192,160,0,0,0,0,0,0,0,0,0,0,0,0,0,0,0,0,0,0,0,-1,0,0,0,0,-1,0,0,0,0,-1,0,0,0,0,-1,0,0,0,0,-1,0,0,0,0,-1,0,0,0,0,-1,0,0,0,0,-1,0,0,0,0,-1,0,0,0,0,-1,0,0,0,0,-1,0,0,0,0,-1,0,0,0,0,178,194,210,0,3,104,180
1365,869,fd,1,132,80,1,4,4,2,704,0,2,0,0,0,1,0,4,192,60,128,0,65089,2000,3553,2,0,3,0,0,3,0,0,3,64,1,1,0,0,192,159,128,0,0,0,0,0,0,0,0,0,0,0,0,0,0,0,0,0,0,-1,0,0,0,0,-1,0,0,0,0,-1,0,0,0,0,-1,0,0,0,0,-1,0,0,0,0,-1,0,0,0,0,-1,0,0,0,0,-1,0,0,0,0,-1,0,0,0,0,-1,0,0,0,0,-1,0,0,0,0,-1,0,0,0,0,177,193,209,0,3,105,180
1366,870,fd,1,130,80,1,4,4,2,672,0,2,0,0,0,1,0,4,192,58,128,0,65088,2000,3552,2,0,3,0,0,3,0,0,3,64,1,1,0,0,192,157,0,0,0,0,0,0,0,0,0,0,0,0,0,0,0,0,0,0,0,-1,0,0,0,0,-1,0,0,0,0,-1,0,0,0,0,-1,0,0,0,0,-1,0,0,0,0,-1,0,0,0,0,-1,0,0,0,0,-1,0,0,0,0,-1,0,0,0,0,-1,0,0,0,0,-1,0,0,0,0,-1,0,0,0,0,176,192,208,0,3,106,180
1367,871,fd,1,128,80,1,4,4,2,640,0,2,0,0,0,1,0,4,192,56,128,0,65087,2000,3551,2,0,3,0,0,3,0,0,3,64,1,1,0,0,192,156,128,0,0,0,0,0,0,0,0,0,0,0,0,0,0,0,0,0,0,-1,0,0,0,0,-1,0,0,0,0,-1,0,0,0,0,-1,0,0,0,0,-1,0,0,0,0,-1,0,0,0,0,-1,0,0,0,0,-1,0,0,0,0,-1,0,0,0,0,-1,0,0,0,0,-1,0,0,0,0,-1,0,0,0,0,175,191,207,0,3,107,180
1368,872,fd,1,126,80,1,4,4,2,608,0,2,0,0,0,1,0,4,192,54,128,0,65086,2000,3550,2,0,3,0,0,3,0,0,2,64,1,1,0,0,192,154,0,0,0,0,0,0,0,0,0,0,0,0,0,0,0,0,0,0,0,-1,0,0,0,0,-1,0,0,0,0,-1,0,0,0,0,-1,0,0,0,0,-1,0,0,0,0,-1,0,0,0,0,-1,0,0,0,0,-1,0,0,0,0,-1,0,0,0,0,-1,0,0,0,0,-1,0,0,0,0,-1,0,0,0,0,174,190,206,0,3,108,180
1369,873,fd,1,124,80,1,4,4,2,576,0,2,0,0,0,1,0,4,192,52,128,0,65085,2000,3549,2,0,3,0,0,3,0,0,2,64,1,1,0,0,192,153,128,0,0,0,0,0,0,0,0,0,0,0,0,0,0,0,0,0,0,-1,0,0,0,0,-1,0,0,0,0,-1,0,0,0,0,-1,0,0,0,0,-1,0,0,0,0,-1,0,0,0,0,-1,0,0,0,0,-1,0,0,0,0,-1,0,0,0,0,-1,0,0,0,0,-1,0,0,0,0,-1,0,0,0,0,173,189,205,0,3,109,180
1370,874,fd,1,122,80,1,4,4,2,544,0,2,0,0,0,1,0,4,192,50,128,0,65084,2000,3548,2,0,3,0,0,3,0,0,2,64,1,1,0,0,192,151,0,0,0,0,0,0,0,0,0,0,0,0,0,0,0,0,0,0,0,-1,0,0,0,0,-1,0,0,0,0,-1,0,0,0,0,-1,0,0,0,0,-1,0,0,0,0,-1,0,0,0,0,-1,0,0,0,0,-1,0,0,0,0,-1,0,0,0,0,-1,0,0,0,0,-1,0,0,0,0,-1,0,0,0,0,172,188,204,0,3,110,180
1371,875,fd,1,120,80,1,4,4,2,512,0,2,0,0,0,1,0,4,192,48,128,0,65083,2000,3547,2,0,3,0,0,3,0,0,2,64,1,1,0,0,192,150,128,0,0,0,0,0,0,0,0,0,0,0,0,0,0,0,0,0,0,-1,0,0,0,0,-1,0,0,0,0,-1,0,0,0,0,-1,0,0,0,0,-1,0,0,0,0,-1,0,0,0,0,-1,0,0,0,0,-1,0,0,0,0,-1,0,0,0,0,-1,0,0,0,0,-1,0,0,0,0,-1,0,0,0,0,171,187,203,0,3,111,180
1372,876,fd,1,119,80,1,4,4,2,480,0,2,0,0,0,1,0,4,192,46,128,0,65082,2000,3546,2,0,3,0,0,3,0,0,1,64,1,1,0,0,192,148,0,0,0,0,0,0,0,0,0,0,0,0,0,0,0,0,0,0,0,-1,0,0,0,0,-1,0,0,0,0,-1,0,0,0,0,-1,0,0,0,0,-1,0,0,0,0,-1,0,0,0,0,-1,0,0,0,0,-1,0,0,0,0,-1,0,0,0,0,-1,0,0,0,0,-1,0,0,0,0,-1,0,0,0,0,170,186,202,0,3,112,180
1373,877,fd,1,118,80,1,4,4,2,448,0,2,0,0,0,1,0,4,192,44,128,0,65081,2000,3545,2,0,3,0,0,3,0,0,1,64,1,1,0,0,192,147,128,0,0,0,0,0,0,0,0,0,0,0,0,0,0,0,0,0,0,-1,0,0,0,0,-1,0,0,0,0,-1,0,0,0,0,-1,0,0,0,0,-1,0,0,0,0,-1,0,0,0,0,-1,0,0,0,0,-1,0,0,0,0,-1,0,0,0,0,-1,0,0,0,0,-1,0,0,0,0,-1,0,0,0,0,169,185,201,0,3,113,180
1374,878,fd,1,117,80,1,4,4,2,416,0,2,0,0,0,1,0,4,192,42,128,0,65080,2000,3544,2,0,3,0,0,3,0,0,1,64,1,1,0,0,192,145,0,0,0,0,0,0,0,0,0,0,0,0,0,0,0,0,0,0,0,-1,0,0,0,0,-1,0,0,0,0,-1,0,0,0,0,-1,0,0,0,0,-1,0,0,0,0,-1,0,0,0,0,-1,0,0,0,0,-1,0,0,0,0,-1,0,0,0,0,-1,0,0,0,0,-1,0,0,0,0,-1,0,0,0,0,168,184,200,0,3,114,180
1375,879,fd,1,116,80,1,4,4,2,384,0,2,0,0,0,1,0,4,192,40,128,0,65079,2000,3543,2,0,3,0,0,3,0,0,1,64,1,1,0,0,192,144,128,0,0,0,0,0,0,0,0,0,0,0,0,0,0,0,0,0,0,-1,0,0,0,0,-1,0,0,0,0,-1,0,0,0,0,-1,0,0,0,0,-1,0,0,0,0,-1,0,0,0,0,-1,0,0,0,0,-1,0,0,0,0,-1,0,0,0,0,-1,0,0,0,0,-1,0,0,0,0,-1,0,0,0,0,167,183,199,0,3,115,180
1376,880,fd,1,115,80,1,4,4,2,352,0,2,0,0,0,1,0,4,192,38,128,0,65078,2000,3542,2,0,3,0,0,3,0,0,0,64,1,1,0,0,192,142,0,0,0,0,0,0,0,0,0,0,0,0,0,0,0,0,0,0,0,-1,0,0,0,0,-1,0,0,0,0,-1,0,0,0,0,-1,0,0,0,0,-1,0,0,0,0,-1,0,0,0,0,-1,0,0,0,0,-1,0,0,0,0,-1,0,0,0,0,-1,0,0,0,0,-1,0,0,0,0,-1,0,0,0,0,166,182,198,0,3,116,180
1377,881,fd,1,114,80,1,4,4,2,320,0,2,0,0,0,1,0,4,192,36,128,0,65077,2000,3541,2,0,3,0,0,3,0,0,0,64,1,1,0,0,192,141,128,0,0,0,0,0,0,0,0,0,0,0,0,0,0,0,0,0,0,-1,0,0,0,0,-1,0,0,0,0,-1,0,0,0,0,-1,0,0,0,0,-1,0,0,0,0,-1,0,0,0,0,-1,0,0,0,0,-1,0,0,0,0,-1,0,0,0,0,-1,0,0,0,0,-1,0,0,0,0,-1,0,0,0,0,165,181,197,0,3,117,180
1378,882,fd,1,113,80,1,4,4,2,288,0,2,0,0,0,1,0,4,192,34,128,0,65076,2000,3540,2,0,3,0,0,3,0,0,0,64,1,1,0,0,192,139,0,0,0,0,0,0,0,0,0,0,0,0,0,0,0,0,0,0,0,-1,0,0,0,0,-1,0,0,0,0,-1,0,0,0,0,-1,0,0,0,0,-1,0,0,0,0,-1,0,0,0,0,-1,0,0,0,0,-1,0,0,0,0,-1,0,0,0,0,-1,0,0,0,0,-1,0,0,0,0,-1,0,0,0,0,164,180,196,0,3,118,180
1379,883,fd,1,112,80,1,4,4,2,256,0,2,0,0,0,1,0,4,192,32,128,0,65075,2000,3539,2,0,3,0,0,3,0,0,0,64,1,1,0,0,192,138,128,0,0,0,0,0,0,0,0,0,0,0,0,0,0,0,0,0,0,-1,0,0,0,0,-1,0,0,0,0,-1,0,0,0,0,-1,0,0,0,0,-1,0,0,0,0,-1,0,0,0,0,-1,0,0,0,0,-1,0,0,0,0,-1,0,0,0,0,-1,0,0,0,0,-1,0,0,0,0,-1,0,0,0,0,163,179,195,0,3,119,180
1380,884,fd,1,112,80,1,4,4,2,224,0,2,0,0,0,1,0,4,192,30,128,0,65074,2000,3538,2,0,3,0,0,3,0,0,0,64,1,1,0,0,192,136,0,0,0,0,0,0,0,0,0,0,0,0,0,0,0,0,0,0,0,-1,0,0,0,0,-1,0,0,0,0,-1,0,0,0,0,-1,0,0,0,0,-1,0,0,0,0,-1,0,0,0,0,-1,0,0,0,0,-1,0,0,0,0,-1,0,0,0,0,-1,0,0,0,0,-1,0,0,0,0,-1,0,0,0,0,162,178,194,0,3,120,180
1381,885,fd,1,112,80,1,4,4,2,160,0,2,0,0,0,1,0,4,192,28,128,0,65073,2000,3537,2,0,3,0,0,3,0,0,0,64,1,1,0,0,192,135,128,0,0,0,0,0,0,0,0,0,0,0,0,0,0,0,0,0,0,-1,0,0,0,0,-1,0,0,0,0,-1,0,0,0,0,-1,0,0,0,0,-1,0,0,0,0,-1,0,0,0,0,-1,0,0,0,0,-1,0,0,0,0,-1,0,0,0,0,-1,0,0,0,0,-1,0,0,0,0,-1,0,0,0,0,161,177,193,0,3,121,180
1382,886,fd,1,112,80,1,4,4,2,96,0,2,0,0,0,1,0,4,192,26,128,0,65072,2000,3536,2,0,3,0,0,3,0,0,0,64,1,1,0,0,192,133,0,0,0,0,0,0,0,0,0,0,0,0,0,0,0,0,0,0,0,-1,0,0,0,0,-1,0,0,0,0,-1,0,0,0,0,-1,0,0,0,0,-1,0,0,0,0,-1,0,0,0,0,-1,0,0,0,0,-1,0,0,0,0,-1,0,0,0,0,-1,0,0,0,0,-1,0,0,0,0,-1,0,0,0,0,160,176,192,0,3,122,180
1383,887,fd,1,112,80,1,4,4,2,32,0,2,0,0,0,1,0,4,192,24,128,0,65071,2000,3535,2,0,3,0,0,3,0,0,0,64,1,1,0,0,192,132,128,0,0,0,0,0,0,0,0,0,0,0,0,0,0,0,0,0,0,-1,0,0,0,0,-1,0,0,0,0,-1,0,0,0,0,-1,0,0,0,0,-1,0,0,0,0,-1,0,0,0,0,-1,0,0,0,0,-1,0,0,0,0,-1,0,0,0,0,-1,0,0,0,0,-1,0,0,0,0,-1,0,0,0,0,159,175,191,0,3,123,180
1384,888,fd,1,112,80,2,4,4,2,64,0,2,0,0,0,1,0,4,192,22,128,0,65070,2000,3534,2,0,3,0,0,3,0,0,0,64,1,1,0,0,192,130,0,0,0,0,0,0,0,0,0,0,0,0,0,0,0,0,0,0,0,-1,0,0,0,0,-1,0,0,0,0,-1,0,0,0,0,-1,0,0,0,0,-1,0,0,0,0,-1,0,0,0,0,-1,0,0,0,0,-1,0,0,0,0,-1,0,0,0,0,-1,0,0,0,0,-1,0,0,0,0,-1,0,0,0,0,158,174,190,0,3,124,180
1385,889,fd,1,112,80,2,4,4,2,128,0,2,0,0,0,1,0,4,192,20,128,0,65069,2000,3533,2,0,3,0,0,3,0,0,0,64,1,1,0,0,192,129,128,0,0,0,0,0,0,0,0,0,0,0,0,0,0,0,0,0,0,-1,0,0,0,0,-1,0,0,0,0,-1,0,0,0,0,-1,0,0,0,0,-1,0,0,0,0,-1,0,0,0,0,-1,0,0,0,0,-1,0,0,0,0,-1,0,0,0,0,-1,0,0,0,0,-1,0,0,0,0,-1,0,0,0,0,157,173,189,0,3,125,180
1386,890,fd,1,112,80,2,4,4,2,192,0,2,0,0,0,1,0,4,192,18,128,0,65068,2000,3532,2,0,3,0,0,3,0,0,0,64,1,1,0,0,192,127,0,0,0,0,0,0,0,0,0,0,0,0,0,0,0,0,0,0,0,-1,0,0,0,0,-1,0,0,0,0,-1,0,0,0,0,-1,0,0,0,0,-1,0,0,0,0,-1,0,0,0,0,-1,0,0,0,0,-1,0,0,0,0,-1,0,0,0,0,-1,0,0,0,0,-1,0,0,0,0,-1,0,0,0,0,156,172,188,0,3,126,180
1387,891,fd,1,113,80,2,4,4,2,256,0,2,0,0,0,1,0,4,192,16,128,0,65067,2000,3531,2,0,3,0,0,3,0,0,0,64,1,1,0,0,192,126,128,0,0,0,0,0,0,0,0,0,0,0,0,0,0,0,0,0,0,-1,0,0,0,0,-1,0,0,0,0,-1,0,0,0,0,-1,0,0,0,0,-1,0,0,0,0,-1,0,0,0,0,-1,0,0,0,0,-1,0,0,0,0,-1,0,0,0,0,-1,0,0,0,0,-1,0,0,0,0,-1,0,0,0,0,155,171,187,0,3,127,180
1388,892,fd,1,114,80,2,4,4,2,288,0,2,0,0,0,1,0,4,192,14,128,0,65066,2000,3530,2,0,3,0,0,3,0,0,0,64,1,1,0,0,192,124,0,0,0,0,0,0,0,0,0,0,0,0,0,0,0,0,0,0,0,-1,0,0,0,0,-1,0,0,0,0,-1,0,0,0,0,-1,0,0,0,0,-1,0,0,0,0,-1,0,0,0,0,-1,0,0,0,0,-1,0,0,0,0,-1,0,0,0,0,-1,0,0,0,0,-1,0,0,0,0,-1,0,0,0,0,154,170,186,0,3,128,180
1389,893,fd,1,115,80,2,4,4,2,320,0,2,0,0,0,1,0,4,192,12,128,0,65065,2000,3529,2,0,3,0,0,3,0,0,0,64,1,1,0,0,192,123,128,0,0,0,0,0,0,0,0,0,0,0,0,0,0,0,0,0,0,-1,0,0,0,0,-1,0,0,0,0,-1,0,0,0,0,-1,0,0,0,0,-1,0,0,0,0,-1,0,0,0,0,-1,0,0,0,0,-1,0,0,0,0,-1,0,0,0,0,-1,0,0,0,0,-1,0,0,0,0,-1,0,0,0,0,153,169,185,0,3,129,180
1390,894,fd,1,116,80,2,4,4,2,352,0,2,0,0,0,1,0,4,192,10,128,0,65064,2000,3528,2,0,3,0,0,3,0,0,0,64,1,1,0,0,192,121,0,0,0,0,0,0,0,0,0,0,0,0,0,0,0,0,0,0,0,-1,0,0,0,0,-1,0,0,0,0,-1,0,0,0,0,-1,0,0,0,0,-1,0,0,0,0,-1,0,0,0,0,-1,0,0,0,0,-1,0,0,0,0,-1,0,0,0,0,-1,0,0,0,0,-1,0,0,0,0,-1,0,0,0,0,152,168,184,0,3,130,180
1391,895,fd,1,117,80,2,4,4,2,384,0,2,0,0,0,1,0,4,192,8,128,0,65063,2000,3527,2,0,3,0,0,3,0,0,0,64,1,1,0,0,192,120,128,0,0,0,0,0,0,0,0,0,0,0,0,0,0,0,0,0,0,-1,0,0,0,0,-1,0,0,0,0,-1,0,0,0,0,-1,0,0,0,0,-1,0,0,0,0,-1,0,0,0,0,-1,0,0,0,0,-1,0,0,0,0,-1,0,0,0,0,-1,0,0,0,0,-1,0,0,0,0,-1,0,0,0,0,151,167,183,0,3,131,180
1392,896,fd,1,118,80,2,4,4,2,416,0,2,0,0,0,1,0,4,192,6,128,0,65062,2000,3526,2,0,3,0,0,3,0,0,0,64,1,1,0,0,192,118,0,0,0,0,0,0,0,0,0,0,0,0,0,0,0,0,0,0,0,-1,0,0,0,0,-1,0,0,0,0,-1,0,0,0,0,-1,0,0,0,0,-1,0,0,0,0,-1,0,0,0,0,-1,0,0,0,0,-1,0,0,0,0,-1,0,0,0,0,-1,0,0,0,0,-1,0,0,0,0,-1,0,0,0,0,150,166,182,0,3,132,180
1393,897,fd,1,119,80,2,4,4,2,448,0,2,0,0,0,1,0,4,192,4,128,0,65061,2000,3525,2,0,3,0,0,3,0,0,0,64,1,1,0,0,192,117,128,0,0,0,0,0,0,0,0,0,0,0,0,0,0,0,0,0,0,-1,0,0,0,0,-1,0,0,0,0,-1,0,0,0,0,-1,0,0,0,0,-1,0,0,0,0,-1,0,0,0,0,-1,0,0,0,0,-1,0,0,0,0,-1,0,0,0,0,-1,0,0,0,0,-1,0,0,0,0,-1,0,0,0,0,149,165,181,0,3,133,180
1394,898,fd,1,120,80,2,4,4,2,480,0,2,0,0,0,1,0,4,192,2,128,0,65060,2000,3524,2,0,3,0,0,3,0,0,0,64,1,1,0,0,192,115,0,0,0,0,0,0,0,0,0,0,0,0,0,0,0,0,0,0,0,-1,0,0,0,0,-1,0,0,0,0,-1,0,0,0,0,-1,0,0,0,0,-1,0,0,0,0,-1,0,0,0,0,-1,0,0,0,0,-1,0,0,0,0,-1,0,0,0,0,-1,0,0,0,0,-1,0,0,0,0,-1,0,0,0,0,148,164,180,0,3,134,180
1395,899,fd,1,122,80,2,4,4,2,512,0,2,0,0,0,1,0,4,192,0,128,0,65059,2000,3523,2,0,3,0,0,3,0,0,0,64,1,1,0,0,192,114,128,0,0,0,0,0,0,0,0,0,0,0,0,0,0,0,0,0,0,-1,0,0,0,0,-1,0,0,0,0,-1,0,0,0,0,-1,0,0,0,0,-1,0,0,0,0,-1,0,0,0,0,-1,0,0,0,0,-1,0,0,0,0,-1,0,0,0,0,-1,0,0,0,0,-1,0,0,0,0,-1,0,0,0,0,147,163,179,0,3,135,180
1396,900,fd,1,124,80,2,4,4,2,544,0,2,0,0,0,1,0,4,192,254,128,0,65058,2000,3522,2,0,3,0,0,3,0,0,0,64,1,1,0,0,192,112,0,0,0,0,0,0,0,0,0,0,0,0,0,0,0,0,0,0,0,-1,0,0,0,0,-1,0,0,0,0,-1,0,0,0,0,-1,0,0,0,0,-1,0,0,0,0,-1,0,0,0,0,-1,0,0,0,0,-1,0,0,0,0,-1,0,0,0,0,-1,0,0,0,0,-1,0,0,0,0,-1,0,0,0,0,146,162,178,0,3,136,180
1397,901,fd,1,126,80,2,4,4,2,576,0,2,0,0,0,1,0,4,192,252,128,0,65057,2000,3521,2,0,3,0,0,3,0,0,0,64,1,1,0,0,192,111,128,0,0,0,0,0,0,0,0,0,0,0,0,0,0,0,0,0,0,-1,0,0,0,0,-1,0,0,0,0,-1,0,0,0,0,-1,0,0,0,0,-1,0,0,0,0,-1,0,0,0,0,-1,0,0,0,0,-1,0,0,0,0,-1,0,0,0,0,-1,0,0,0,0,-1,0,0,0,0,-1,0,0,0,0,145,161,177,0,3,137,180
1398,902,fd,1,128,80,2,4,4,2,608,0,2,0,0,0,1,0,4,192,250,128,0,65056,2000,3520,2,0,3,0,0,3,0,0,0,64,1,1,0,0,192,109,0,0,0,0,0,0,0,0,0,0,0,0,0,0,0,0,0,0,0,-1,0,0,0,0,-1,0,0,0,0,-1,0,0,0,0,-1,0,0,0,0,-1,0,0,0,0,-1,0,0,0,0,-1,0,0,0,0,-1,0,0,0,0,-1,0,0,0,0,-1,0,0,0,0,-1,0,0,0,0,-1,0,0,0,0,144,160,176,0,3,138,180
1399,903,fd,1,130,80,2,4,4,2,640,0,2,0,0,0,1,0,4,192,248,128,0,65055,2000,3519,2,0,3,0,0,3,0,0,0,64,1,1,0,0,192,108,128,0,0,0,0,0,0,0,0,0,0,0,0,0,0,0,0,0,0,-1,0,0,0,0,-1,0,0,0,0,-1,0,0,0,0,-1,0,0,0,0,-1,0,0,0,0,-1,0,0,0,0,-1,0,0,0,0,-1,0,0,0,0,-1,0,0,0,0,-1,0,0,0,0,-1,0,0,0,0,-1,0,0,0,0,143,159,175,0,3,139,180
1400,904,fd,1,132,80,2,4,4,2,672,0,2,0,0,0,1,0,4,192,246,128,0,65054,2000,3518,2,0,3,0,0,3,0,0,0,64,1,1,0,0,192,106,0,0,0,0,0,0,0,0,0,0,0,0,0,0,0,0,0,0,0,-1,0,0,0,0,-1,0,0,0,0,-1,0,0,0,0,-1,0,0,0,0,-1,0,0,0,0,-1,0,0,0,0,-1,0,0,0,0,-1,0,0,0,0,-1,0,0,0,0,-1,0,0,0,0,-1,0,0,0,0,-1,0,0,0,0,142,158,174,0,3,140,180
1401,905,fd,1,134,80,2,4,4,2,704,0,2,0,0,0,1,0,4,192,244,128,0,65053,2000,3517,2,0,3,0,0,3,0,0,0,64,1,1,0,0,192,105,128,0,0,0,0,0,0,0,0,0,0,0,0,0,0,0,0,0,0,-1,0,0,0,0,-1,0,0,0,0,-1,0,0,0,0,-1,0,0,0,0,-1,0,0,0,0,-1,0,0,0,0,-1,0,0,0,0,-1,0,0,0,0,-1,0,0,0,0,-1,0,0,0,0,-1,0,0,0,0,-1,0,0,0,0,141,157,173,0,3,141,180
1402,906,fd,1,136,80,2,4,4,2,736,0,2,0,0,0,1,0,4,192,242,128,0,65052,2000,3516,2,0,3,0,0,3,0,0,0,64,1,1,0,0,192,103,0,0,0,0,0,0,0,0,0,0,0,0,0,0,0,0,0,0,0,-1,0,0,0,0,-1,0,0,0,0,-1,0,0,0,0,-1,0,0,0,0,-1,0,0,0,0,-1,0,0,0,0,-1,0,0,0,0,-1,0,0,0,0,-1,0,0,0,0,-1,0,0,0,0,-1,0,0,0,0,-1,0,0,0,0,140,156,172,0,3,142,180
1403,907,fd,1,139,80,2,4,4,2,768,0,2,0,0,0,0,0,0,0,0,0,0,65051,2000,3515,2,0,3,0,0,3,0,0,0,64,1,1,0,0,192,102,128,0,0,0,0,0,0,0,0,0,0,0,0,0,0,0,0,0,0,-1,0,0,0,0,-1,0,0,0,0,-1,0,0,0,0,-1,0,0,0,0,-1,0,0,0,0,-1,0,0,0,0,-1,0,0,0,0,-1,0,0,0,0,-1,0,0,0,0,-1,0,0,0,0,-1,0,0,0,0,-1,0,0,0,0,139,155,171,0,3,143,180
1404,908,fd,1,142,80,2,4,4,2,800,0,2,0,0,0,0,0,0,0,0,0,0,65050,2000,3514,2,0,3,0,0,3,0,0,0,64,1,1,0,0,192,100,0,0,0,0,0,0,0,0,0,0,0,0,0,0,0,0,0,0,0,-1,0,0,0,0,-1,0,0,0,0,-1,0,0,0,0,-1,0,0,0,0,-1,0,0,0,0,-1,0,0,0,0,-1,0,0,0,0,-1,0,0,0,0,-1,0,0,0,0,-1,0,0,0,0,-1,0,0,0,0,-1,0,0,0,0,138,154,170,0,3,144,180
1405,909,fd,1,145,80,2,4,4,2,832,0,2,0,0,0,0,0,0,0,0,0,0,65049,2000,3513,2,0,3,0,0,3,0,0,0,64,1,1,0,0,192,99,128,0,0,0,0,0,0,0,0,0,0,0,0,0,0,0,0,0,0,-1,0,0,0,0,-1,0,0,0,0,-1,0,0,0,0,-1,0,0,0,0,-1,0,0,0,0,-1,0,0,0,0,-1,0,0,0,0,-1,0,0,0,0,-1,0,0,0,0,-1,0,0,0,0,-1,0,0,0,0,-1,0,0,0,0,137,153,169,0,3,145,180
1406,910,fd,1,148,80,2,4,4,2,864,0,2,0,0,0,0,0,0,0,0,0,0,65048,2000,3512,2,0,3,0,0,3,0,0,0,64,1,1,0,0,192,97,0,0,0,0,0,0,0,0,0,0,0,0,0,0,0,0,0,0,0,-1,0,0,0,0,-1,0,0,0,0,-1,0,0,0,0,-1,0,0,0,0,-1,0,0,0,0,-1,0,0,0,0,-1,0,0,0,0,-1,0,0,0,0,-1,0,0,0,0,-1,0,0,0,0,-1,0,0,0,0,-1,0,0,0,0,136,152,168,0,3,146,180
1407,911,fd,1,151,80,2,4,4,2,896,0,2,0,0,0,0,0,0,0,0,0,0,65047,2000,3511,2,0,3,0,0,3,0,0,0,64,1,1,0,0,192,96,128,0,0,0,0,0,0,0,0,0,0,0,0,0,0,0,0,0,0,-1,0,0,0,0,-1,0,0,0,0,-1,0,0,0,0,-1,0,0,0,0,-1,0,0,0,0,-1,0,0,0,0,-1,0,0,0,0,-1,0,0,0,0,-1,0,0,0,0,-1,0,0,0,0,-1,0,0,0,0,-1,0,0,0,0,135,151,167,0,3,147,180
1408,912,fd,1,154,80,2,4,4,2,928,0,2,0,0,0,0,0,0,0,0,0,0,65046,2000,3510,2,0,3,0,0,3,0,0,0,64,1,1,0,0,192,94,0,0,0,0,0,0,0,0,0,0,0,0,0,0,0,0,0,0,0,-1,0,0,0,0,-1,0,0,0,0,-1,0,0,0,0,-1,0,0,0,0,-1,0,0,0,0,-1,0,0,0,0,-1,0,0,0,0,-1,0,0,0,0,-1,0,0,0,0,-1,0,0,0,0,-1,0,0,0,0,-1,0,0,0,0,134,150,166,0,3,148,180
1409,913,fd,1,157,80,2,4,4,2,960,0,2,0,0,0,0,0,0,0,0,0,0,65045,2000,3509,2,0,3,0,0,3,0,0,0,64,1,1,0,0,192,93,128,0,0,0,0,0,0,0,0,0,0,0,0,0,0,0,0,0,0,-1,0,0,0,0,-1,0,0,0,0,-1,0,0,0,0,-1,0,0,0,0,-1,0,0,0,0,-1,0,0,0,0,-1,0,0,0,0,-1,0,0,0,0,-1,0,0,0,0,-1,0,0,0,0,-1,0,0,0,0,-1,0,0,0,0,133,149,165,0,3,149,180
1410,914,fd,1,160,80,2,4,4,2,992,0,2,0,0,0,0,0,0,0,0,0,0,65044,2000,3508,2,0,3,0,0,3,0,0,0,64,1,1,0,0,192,91,0,0,0,0,0,0,0,0,0,0,0,0,0,0,0,0,0,0,0,-1,0,0,0,0,-1,0,0,0,0,-1,0,0,0,0,-1,0,0,0,0,-1,0,0,0,0,-1,0,0,0,0,-1,0,0,0,0,-1,0,0,0,0,-1,0,0,0,0,-1,0,0,0,0,-1,0,0,0,0,-1,0,0,0,0,132,148,164,0,3,150,180
1411,915,fd,1,164,80,0,4,4,2,1056,0,2,0,0,0,1,0,2,192,89,128,1,65043,2100,3507,2,0,3,0,0,4,0,0,16,64,1,0,0,0,0,0,0,0,0,0,0,0,0,0,0,0,0,0,0,0,0,0,0,0,0,-1,0,0,0,0,-1,0,0,0,0,-1,0,0,0,0,-1,0,0,0,0,-1,0,0,0,0,-1,0,0,0,0,-1,0,0,0,0,-1,0,0,0,0,-1,0,0,0,0,-1,0,0,0,0,-1,0,0,0,0,-1,0,0,0,0,131,147,163,0,3,151,180
1412,916,fd,1,164,80,0,4,4,2,1056,0,2,0,0,0,1,0,2,192,88,128,1,65042,2100,3506,2,0,3,0,0,4,0,0,15,64,1,0,0,0,0,0,0,0,0,0,0,0,0,0,0,0,0,0,0,0,0,0,0,0,0,-1,0,0,0,0,-1,0,0,0,0,-1,0,0,0,0,-1,0,0,0,0,-1,0,0,0,0,-1,0,0,0,0,-1,0,0,0,0,-1,0,0,0,0,-1,0,0,0,0,-1,0,0,0,0,-1,0,0,0,0,-1,0,0,0,0,130,146,162,0,3,152,180
1413,917,fd,1,164,80,0,4,4,2,1056,0,2,0,0,0,1,0,2,192,87,128,1,65041,2100,3505,2,0,3,0,0,4,0,0,15,64,1,0,0,0,0,0,0,0,0,0,0,0,0,0,0,0,0,0,0,0,0,0,0,0,0,-1,0,0,0,0,-1,0,0,0,0,-1,0,0,0,0,-1,0,0,0,0,-1,0,0,0,0,-1,0,0,0,0,-1,0,0,0,0,-1,0,0,0,0,-1,0,0,0,0,-1,0,0,0,0,-1,0,0,0,0,-1,0,0,0,0,129,145,161,0,3,153,180
1414,918,fd,1,164,80,0,4,4,2,1056,0,2,0,0,0,1,0,2,192,86,128,1,65040,2100,3504,2,0,3,0,0,4,0,0,15,64,1,0,0,0,0,0,0,0,0,0,0,0,0,0,0,0,0,0,0,0,0,0,0,0,0,-1,0,0,0,0,-1,0,0,0,0,-1,0,0,0,0,-1,0,0,0,0,-1,0,0,0,0,-1,0,0,0,0,-1,0,0,0,0,-1,0,0,0,0,-1,0,0,0,0,-1,0,0,0,0,-1,0,0,0,0,-1,0,0,0,0,128,144,160,0,3,154,180
1415,919,fd,1,164,80,0,4,4,2,1056,0,2,0,0,0,1,0,2,192,85,128,1,65039,2100,3503,2,0,3,0,0,4,0,0,15,64,1,0,0,0,0,0,0,0,0,0,0,0,0,0,0,0,0,0,0,0,0,0,0,0,0,-1,0,0,0,0,-1,0,0,0,0,-1,0,0,0,0,-1,0,0,0,0,-1,0,0,0,0,-1,0,0,0,0,-1,0,0,0,0,-1,0,0,0,0,-1,0,0,0,0,-1,0,0,0,0,-1,0,0,0,0,-1,0,0,0,0,127,143,159,0,3,155,180
1416,920,fd,1,164,80,0,4,4,2,1056,0,2,0,0,0,1,0,2,192,84,128,1,65038,2100,3502,2,0,3,0,0,4,0,0,14,64,1,0,0,0,0,0,0,0,0,0,0,0,0,0,0,0,0,0,0,0,0,0,0,0,0,-1,0,0,0,0,-1,0,0,0,0,-1,0,0,0,0,-1,0,0,0,0,-1,0,0,0,0,-1,0,0,0,0,-1,0,0,0,0,-1,0,0,0,0,-1,0,0,0,0,-1,0,0,0,0,-1,0,0,0,0,-1,0,0,0,0,126,142,158,0,3,156,180
1417,921,fd,1,164,80,0,4,4,2,1056,0,2,0,0,0,1,0,2,192,83,128,1,65037,2100,3501,2,0,3,0,0,4,0,0,14,64,1,0,0,0,0,0,0,0,0,0,0,0,0,0,0,0,0,0,0,0,0,0,0,0,0,-1,0,0,0,0,-1,0,0,0,0,-1,0,0,0,0,-1,0,0,0,0,-1,0,0,0,0,-1,0,0,0,0,-1,0,0,0,0,-1,0,0,0,0,-1,0,0,0,0,-1,0,0,0,0,-1,0,0,0,0,-1,0,0,0,0,125,141,157,0,3,157,180
1418,922,fd,1,164,80,0,4,4,2,1056,0,2,0,0,0,1,0,2,192,82,128,1,65036,2100,3500,2,0,3,0,0,4,0,0,14,64,1,0,0,0,0,0,0,0,0,0,0,0,0,0,0,0,0,0,0,0,0,0,0,0,0,-1,0,0,0,0,-1,0,0,0,0,-1,0,0,0,0,-1,0,0,0,0,-1,0,0,0,0,-1,0,0,0,0,-1,0,0,0,0,-1,0,0,0,0,-1,0,0,0,0,-1,0,0,0,0,-1,0,0,0,0,-1,0,0,0,0,124,140,156,0,3,158,180
1419,923,fd,1,164,80,0,4,4,2,1056,0,2,0,0,0,1,0,2,192,81,128,1,65035,2100,3499,2,0,3,0,0,4,0,0,14,64,1,0,0,0,0,0,0,0,0,0,0,0,0,0,0,0,0,0,0,0,0,0,0,0,0,-1,0,0,0,0,-1,0,0,0,0,-1,0,0,0,0,-1,0,0,0,0,-1,0,0,0,0,-1,0,0,0,0,-1,0,0,0,0,-1,0,0,0,0,-1,0,0,0,0,-1,0,0,0,0,-1,0,0,0,0,-1,0,0,0,0,123,139,155,0,3,159,180
1420,924,fd,1,164,80,0,4,4,2,1056,0,2,0,0,0,1,0,2,192,80,128,0,65034,2100,3498,2,0,3,0,0,4,0,0,13,64,1,0,0,0,0,0,0,0,0,0,0,0,0,0,0,0,0,0,0,0,0,0,0,0,0,-1,0,0,0,0,-1,0,0,0,0,-1,0,0,0,0,-1,0,0,0,0,-1,0,0,0,0,-1,0,0,0,0,-1,0,0,0,0,-1,0,0,0,0,-1,0,0,0,0,-1,0,0,0,0,-1,0,0,0,0,-1,0,0,0,0,122,138,154,0,3,160,180
1421,925,fd,1,164,80,0,4,4,2,1056,0,2,0,0,0,1,0,2,192,80,128,0,65033,2100,3497,2,0,3,0,0,4,0,0,13,64,1,0,0,0,0,0,0,0,0,0,0,0,0,0,0,0,0,0,0,0,0,0,0,0,0,-1,0,0,0,0,-1,0,0,0,0,-1,0,0,0,0,-1,0,0,0,0,-1,0,0,0,0,-1,0,0,0,0,-1,0,0,0,0,-1,0,0,0,0,-1,0,0,0,0,-1,0,0,0,0,-1,0,0,0,0,-1,0,0,0,0,121,137,153,0,3,161,180
1422,926,fd,1,164,80,0,4,4,2,1056,0,2,0,0,0,1,0,2,192,80,128,0,65032,2100,3496,2,0,3,0,0,4,0,0,13,64,1,0,0,0,0,0,0,0,0,0,0,0,0,0,0,0,0,0,0,0,0,0,0,0,0,-1,0,0,0,0,-1,0,0,0,0,-1,0,0,0,0,-1,0,0,0,0,-1,0,0,0,0,-1,0,0,0,0,-1,0,0,0,0,-1,0,0,0,0,-1,0,0,0,0,-1,0,0,0,0,-1,0,0,0,0,-1,0,0,0,0,120,136,152,0,3,162,180
1423,927,fd,1,164,80,0,4,4,2,1056,0,2,0,0,0,1,0,2,192,80,128,0,65031,2100,3495,2,0,3,0,0,4,0,0,13,64,1,0,0,0,0,0,0,0,0,0,0,0,0,0,0,0,0,0,0,0,0,0,0,0,0,-1,0,0,0,0,-1,0,0,0,0,-1,0,0,0,0,-1,0,0,0,0,-1,0,0,0,0,-1,0,0,0,0,-1,0,0,0,0,-1,0,0,0,0,-1,0,0,0,0,-1,0,0,0,0,-1,0,0,0,0,-1,0,0,0,0,119,135,151,0,3,163,180
1424,928,fd,1,164,80,0,4,4,2,1056,0,2,0,0,0,1,0,2,192,80,128,0,65030,2100,3494,2,0,3,0,0,4,0,0,12,64,1,0,0,0,0,0,0,0,0,0,0,0,0,0,0,0,0,0,0,0,0,0,0,0,0,-1,0,0,0,0,-1,0,0,0,0,-1,0,0,0,0,-1,0,0,0,0,-1,0,0,0,0,-1,0,0,0,0,-1,0,0,0,0,-1,0,0,0,0,-1,0,0,0,0,-1,0,0,0,0,-1,0,0,0,0,-1,0,0,0,0,118,134,150,0,3,164,180
1425,929,fd,1,164,80,0,4,4,2,1056,0,2,0,0,0,1,0,2,192,80,128,0,65029,2100,3493,2,0,3,0,0,4,0,0,12,64,1,0,0,0,0,0,0,0,0,0,0,0,0,0,0,0,0,0,0,0,0,0,0,0,0,-1,0,0,0,0,-1,0,0,0,0,-1,0,0,0,0,-1,0,0,0,0,-1,0,0,0,0,-1,0,0,0,0,-1,0,0,0,0,-1,0,0,0,0,-1,0,0,0,0,-1,0,0,0,0,-1,0,0,0,0,-1,0,0,0,0,117,133,149,0,3,165,180
1426,930,fd,1,164,80,0,4,4,2,1056,0,2,0,0,0,1,0,2,192,80,128,0,65028,2100,3492,2,0,3,0,0,4,0,0,12,64,1,0,0,0,0,0,0,0,0,0,0,0,0,0,0,0,0,0,0,0,0,0,0,0,0,-1,0,0,0,0,-1,0,0,0,0,-1,0,0,0,0,-1,0,0,0,0,-1,0,0,0,0,-1,0,0,0,0,-1,0,0,0,0,-1,0,0,0,0,-1,0,0,0,0,-1,0,0,0,0,-1,0,0,0,0,-1,0,0,0,0,116,132,148,0,3,166,180
1427,931,fd,1,164,80,0,4,4,2,1056,0,2,0,0,0,1,0,2,192,80,128,0,65027,2100,3491,2,0,3,0,0,4,0,0,12,64,1,0,0,0,0,0,0,0,0,0,0,0,0,0,0,0,0,0,0,0,0,0,0,0,0,-1,0,0,0,0,-1,0,0,0,0,-1,0,0,0,0,-1,0,0,0,0,-1,0,0,0,0,-1,0,0,0,0,-1,0,0,0,0,-1,0,0,0,0,-1,0,0,0,0,-1,0,0,0,0,-1,0,0,0,0,-1,0,0,0,0,115,131,147,0,3,167,180
1428,932,fd,1,164,80,0,4,4,2,1056,0,2,0,0,0,1,0,2,192,80,128,0,65026,2100,3490,2,0,3,0,0,4,0,0,11,64,1,0,0,0,0,0,0,0,0,0,0,0,0,0,0,0,0,0,0,0,0,0,0,0,0,-1,0,0,0,0,-1,0,0,0,0,-1,0,0,0,0,-1,0,0,0,0,-1,0,0,0,0,-1,0,0,0,0,-1,0,0,0,0,-1,0,0,0,0,-1,0,0,0,0,-1,0,0,0,0,-1,0,0,0,0,-1,0,0,0,0,114,130,146,0,3,168,180
1429,933,fd,1,164,80,0,4,4,2,1056,0,2,0,0,0,1,0,2,192,80,128,0,65025,2100,3489,2,0,3,0,0,4,0,0,11,64,1,0,0,0,0,0,0,0,0,0,0,0,0,0,0,0,0,0,0,0,0,0,0,0,0,-1,0,0,0,0,-1,0,0,0,0,-1,0,0,0,0,-1,0,0,0,0,-1,0,0,0,0,-1,0,0,0,0,-1,0,0,0,0,-1,0,0,0,0,-1,0,0,0,0,-1,0,0,0,0,-1,0,0,0,0,-1,0,0,0,0,113,129,145,0,3,169,180
1430,934,fd,1,164,80,0,4,4,2,1056,0,2,0,0,0,1,0,2,192,80,128,0,65024,2100,3488,2,0,3,0,0,4,0,0,11,64,1,0,0,0,0,0,0,0,0,0,0,0,0,0,0,0,0,0,0,0,0,0,0,0,0,-1,0,0,0,0,-1,0,0,0,0,-1,0,0,0,0,-1,0,0,0,0,-1,0,0,0,0,-1,0,0,0,0,-1,0,0,0,0,-1,0,0,0,0,-1,0,0,0,0,-1,0,0,0,0,-1,0,0,0,0,-1,0,0,0,0,112,128,144,0,3,170,180
1431,935,fd,1,164,80,0,4,4,2,1056,0,2,0,0,0,1,0,2,192,80,128,0,65023,2100,3487,2,0,3,0,0,4,0,0,11,64,1,0,0,0,0,0,0,0,0,0,0,0,0,0,0,0,0,0,0,0,0,0,0,0,0,-1,0,0,0,0,-1,0,0,0,0,-1,0,0,0,0,-1,0,0,0,0,-1,0,0,0,0,-1,0,0,0,0,-1,0,0,0,0,-1,0,0,0,0,-1,0,0,0,0,-1,0,0,0,0,-1,0,0,0,0,-1,0,0,0,0,111,127,143,0,3,171,180
1432,936,fd,1,164,80,0,4,4,2,1056,0,2,0,0,0,1,0,2,192,80,128,0,65022,2100,3486,2,0,3,0,0,4,0,0,10,64,1,0,0,0,0,0,0,0,0,0,0,0,0,0,0,0,0,0,0,0,0,0,0,0,0,-1,0,0,0,0,-1,0,0,0,0,-1,0,0,0,0,-1,0,0,0,0,-1,0,0,0,0,-1,0,0,0,0,-1,0,0,0,0,-1,0,0,0,0,-1,0,0,0,0,-1,0,0,0,0,-1,0,0,0,0,-1,0,0,0,0,110,126,142,0,3,172,180
1433,937,fd,1,164,80,0,4,4,2,1056,0,2,0,0,0,1,0,2,192,80,128,0,65021,2100,3485,2,0,3,0,0,4,0,0,10,64,1,0,0,0,0,0,0,0,0,0,0,0,0,0,0,0,0,0,0,0,0,0,0,0,0,-1,0,0,0,0,-1,0,0,0,0,-1,0,0,0,0,-1,0,0,0,0,-1,0,0,0,0,-1,0,0,0,0,-1,0,0,0,0,-1,0,0,0,0,-1,0,0,0,0,-1,0,0,0,0,-1,0,0,0,0,-1,0,0,0,0,109,125,141,0,3,173,180
1434,938,fd,1,164,80,0,4,4,2,1056,0,2,0,0,0,1,0,2,192,80,128,0,65020,2100,3484,2,0,3,0,0,4,0,0,10,64,1,0,0,0,0,0,0,0,0,0,0,0,0,0,0,0,0,0,0,0,0,0,0,0,0,-1,0,0,0,0,-1,0,0,0,0,-1,0,0,0,0,-1,0,0,0,0,-1,0,0,0,0,-1,0,0,0,0,-1,0,0,0,0,-1,0,0,0,0,-1,0,0,0,0,-1,0,0,0,0,-1,0,0,0,0,-1,0,0,0,0,108,124,140,0,3,174,180
1435,939,fd,1,164,80,0,4,4,2,1056,0,2,0,0,0,1,0,2,192,80,128,0,65019,2100,3483,2,0,3,0,0,4,0,0,10,64,1,0,0,0,0,0,0,0,0,0,0,0,0,0,0,0,0,0,0,0,0,0,0,0,0,-1,0,0,0,0,-1,0,0,0,0,-1,0,0,0,0,-1,0,0,0,0,-1,0,0,0,0,-1,0,0,0,0,-1,0,0,0,0,-1,0,0,0,0,-1,0,0,0,0,-1,0,0,0,0,-1,0,0,0,0,-1,0,0,0,0,107,123,139,0,3,175,180
1436,940,fd,1,164,80,0,4,4,2,1056,0,2,0,0,0,1,0,2,192,80,128,0,65018,2100,3482,2,0,3,0,0,4,0,0,9,64,1,0,0,0,0,0,0,0,0,0,0,0,0,0,0,0,0,0,0,0,0,0,0,0,0,-1,0,0,0,0,-1,0,0,0,0,-1,0,0,0,0,-1,0,0,0,0,-1,0,0,0,0,-1,0,0,0,0,-1,0,0,0,0,-1,0,0,0,0,-1,0,0,0,0,-1,0,0,0,0,-1,0,0,0,0,-1,0,0,0,0,106,122,138,0,3,176,180
1437,941,fd,1,164,80,0,4,4,2,1056,0,2,0,0,0,1,0,2,192,80,128,0,65017,2100,3481,2,0,3,0,0,4,0,0,9,64,1,0,0,0,0,0,0,0,0,0,0,0,0,0,0,0,0,0,0,0,0,0,0,0,0,-1,0,0,0,0,-1,0,0,0,0,-1,0,0,0,0,-1,0,0,0,0,-1,0,0,0,0,-1,0,0,0,0,-1,0,0,0,0,-1,0,0,0,0,-1,0,0,0,0,-1,0,0,0,0,-1,0,0,0,0,-1,0,0,0,0,105,121,137,0,3,177,180
1438,942,fd,1,164,80,0,4,4,2,1056,0,2,0,0,0,1,0,2,192,80,128,0,65016,2100,3480,2,0,3,0,0,4,0,0,9,64,1,0,0,0,0,0,0,0,0,0,0,0,0,0,0,0,0,0,0,0,0,0,0,0,0,-1,0,0,0,0,-1,0,0,0,0,-1,0,0,0,0,-1,0,0,0,0,-1,0,0,0,0,-1,0,0,0,0,-1,0,0,0,0,-1,0,0,0,0,-1,0,0,0,0,-1,0,0,0,0,-1,0,0,0,0,-1,0,0,0,0,104,120,136,0,3,178,180
1439,943,fd,1,164,80,0,4,4,2,1056,0,2,0,0,0,1,0,2,192,80,128,0,65015,2100,3479,2,0,3,0,0,4,0,0,9,64,1,0,0,0,0,0,0,0,0,0,0,0,0,0,0,0,0,0,0,0,0,0,0,0,0,-1,0,0,0,0,-1,0,0,0,0,-1,0,0,0,0,-1,0,0,0,0,-1,0,0,0,0,-1,0,0,0,0,-1,0,0,0,0,-1,0,0,0,0,-1,0,0,0,0,-1,0,0,0,0,-1,0,0,0,0,-1,0,0,0,0,103,119,135,0,3,179,180
1440,944,fd,1,164,80,0,4,4,2,1056,0,2,0,0,0,1,0,2,192,80,128,0,65014,2100,3478,2,0,3,0,0,4,0,0,8,64,1,0,0,0,0,0,0,0,0,0,0,0,0,0,0,0,0,0,0,0,0,0,0,0,0,-1,0,0,0,0,-1,0,0,0,0,-1,0,0,0,0,-1,0,0,0,0,-1,0,0,0,0,-1,0,0,0,0,-1,0,0,0,0,-1,0,0,0,0,-1,0,0,0,0,-1,0,0,0,0,-1,0,0,0,0,-1,0,0,0,0,102,118,134,0,3,180,180
1441,945,fd,1,164,80,0,4,4,2,1056,0,2,0,0,0,1,0,2,192,80,128,0,65013,2100,3477,2,0,3,0,0,4,0,0,8,64,1,0,0,0,0,0,0,0,0,0,0,0,0,0,0,0,0,0,0,0,0,0,0,0,0,-1,0,0,0,0,-1,0,0,0,0,-1,0,0,0,0,-1,0,0,0,0,-1,0,0,0,0,-1,0,0,0,0,-1,0,0,0,0,-1,0,0,0,0,-1,0,0,0,0,-1,0,0,0,0,-1,0,0,0,0,-1,0,0,0,0,101,117,133,0,3,181,180
1442,946,fd,1,164,80,0,4,4,2,1056,0,2,0,0,0,1,0,2,192,80,128,0,65012,2100,3476,2,0,3,0,0,4,0,0,8,64,1,0,0,0,0,0,0,0,0,0,0,0,0,0,0,0,0,0,0,0,0,0,0,0,0,-1,0,0,0,0,-1,0,0,0,0,-1,0,0,0,0,-1,0,0,0,0,-1,0,0,0,0,-1,0,0,0,0,-1,0,0,0,0,-1,0,0,0,0,-1,0,0,0,0,-1,0,0,0,0,-1,0,0,0,0,-1,0,0,0,0,100,116,132,0,3,182,180
1443,947,fd,1,164,80,0,4,4,2,1056,0,2,0,0,0,1,0,2,192,80,128,0,65011,2100,3475,2,0,3,0,0,4,0,0,8,64,1,0,0,0,0,0,0,0,0,0,0,0,0,0,0,0,0,0,0,0,0,0,0,0,0,-1,0,0,0,0,-1,0,0,0,0,-1,0,0,0,0,-1,0,0,0,0,-1,0,0,0,0,-1,0,0,0,0,-1,0,0,0,0,-1,0,0,0,0,-1,0,0,0,0,-1,0,0,0,0,-1,0,0,0,0,-1,0,0,0,0,99,115,131,0,3,183,180
1444,948,fd,1,164,80,0,4,4,2,1056,0,2,0,0,0,1,0,2,192,80,128,0,65010,2100,3474,2,0,3,0,0,4,0,0,7,64,1,0,0,0,0,0,0,0,0,0,0,0,0,0,0,0,0,0,0,0,0,0,0,0,0,-1,0,0,0,0,-1,0,0,0,0,-1,0,0,0,0,-1,0,0,0,0,-1,0,0,0,0,-1,0,0,0,0,-1,0,0,0,0,-1,0,0,0,0,-1,0,0,0,0,-1,0,0,0,0,-1,0,0,0,0,-1,0,0,0,0,98,114,130,0,3,184,180
1445,949,fd,1,164,80,0,4,4,2,1056,0,2,0,0,0,1,0,2,192,80,128,0,65009,2100,3473,2,0,3,0,0,4,0,0,7,64,1,0,0,0,0,0,0,0,0,0,0,0,0,0,0,0,0,0,0,0,0,0,0,0,0,-1,0,0,0,0,-1,0,0,0,0,-1,0,0,0,0,-1,0,0,0,0,-1,0,0,0,0,-1,0,0,0,0,-1,0,0,0,0,-1,0,0,0,0,-1,0,0,0,0,-1,0,0,0,0,-1,0,0,0,0,-1,0,0,0,0,97,113,129,0,3,185,180
1446,950,fd,1,164,80,0,4,4,2,1056,0,2,0,0,0,1,0,2,192,80,128,0,65008,2100,3472,2,0,3,0,0,4,0,0,7,64,1,0,0,0,0,0,0,0,0,0,0,0,0,0,0,0,0,0,0,0,0,0,0,0,0,-1,0,0,0,0,-1,0,0,0,0,-1,0,0,0,0,-1,0,0,0,0,-1,0,0,0,0,-1,0,0,0,0,-1,0,0,0,0,-1,0,0,0,0,-1,0,0,0,0,-1,0,0,0,0,-1,0,0,0,0,-1,0,0,0,0,96,112,128,0,3,186,180
1447,951,fd,1,164,80,0,4,4,2,1056,0,2,0,0,0,1,0,2,192,80,128,0,65007,2100,3471,2,0,3,0,0,4,0,0,7,64,1,0,0,0,0,0,0,0,0,0,0,0,0,0,0,0,0,0,0,0,0,0,0,0,0,-1,0,0,0,0,-1,0,0,0,0,-1,0,0,0,0,-1,0,0,0,0,-1,0,0,0,0,-1,0,0,0,0,-1,0,0,0,0,-1,0,0,0,0,-1,0,0,0,0,-1,0,0,0,0,-1,0,0,0,0,-1,0,0,0,0,95,111,127,0,3,187,180
1448,952,fd,1,164,80,0,4,4,2,1056,0,2,0,0,0,1,0,2,192,80,128,0,65006,2100,3470,2,0,3,0,0,4,0,0,6,64,1,0,0,0,0,0,0,0,0,0,0,0,0,0,0,0,0,0,0,0,0,0,0,0,0,-1,0,0,0,0,-1,0,0,0,0,-1,0,0,0,0,-1,0,0,0,0,-1,0,0,0,0,-1,0,0,0,0,-1,0,0,0,0,-1,0,0,0,0,-1,0,0,0,0,-1,0,0,0,0,-1,0,0,0,0,-1,0,0,0,0,94,110,126,0,3,188,180
1449,953,fd,1,164,80,0,4,4,2,1056,0,2,0,0,0,1,0,2,192,80,128,0,65005,2100,3469,2,0,3,0,0,4,0,0,6,64,1,0,0,0,0,0,0,0,0,0,0,0,0,0,0,0,0,0,0,0,0,0,0,0,0,-1,0,0,0,0,-1,0,0,0,0,-1,0,0,0,0,-1,0,0,0,0,-1,0,0,0,0,-1,0,0,0,0,-1,0,0,0,0,-1,0,0,0,0,-1,0,0,0,0,-1,0,0,0,0,-1,0,0,0,0,-1,0,0,0,0,93,109,125,0,3,189,180
1450,954,fd,1,164,80,0,4,4,2,1056,0,2,0,0,0,1,0,2,192,80,128,0,65004,2100,3468,2,0,3,0,0,4,0,0,6,64,1,0,0,0,0,0,0,0,0,0,0,0,0,0,0,0,0,0,0,0,0,0,0,0,0,-1,0,0,0,0,-1,0,0,0,0,-1,0,0,0,0,-1,0,0,0,0,-1,0,0,0,0,-1,0,0,0,0,-1,0,0,0,0,-1,0,0,0,0,-1,0,0,0,0,-1,0,0,0,0,-1,0,0,0,0,-1,0,0,0,0,92,108,124,0,3,190,180
1451,955,fd,1,164,80,0,4,4,2,1056,0,2,0,0,0,1,0,2,192,80,128,0,65003,2100,3467,2,0,3,0,0,4,0,0,6,64,1,0,0,0,0,0,0,0,0,0,0,0,0,0,0,0,0,0,0,0,0,0,0,0,0,-1,0,0,0,0,-1,0,0,0,0,-1,0,0,0,0,-1,0,0,0,0,-1,0,0,0,0,-1,0,0,0,0,-1,0,0,0,0,-1,0,0,0,0,-1,0,0,0,0,-1,0,0,0,0,-1,0,0,0,0,-1,0,0,0,0,91,107,123,0,3,191,180
1452,956,fd,1,164,80,0,4,4,2,1056,0,2,0,0,0,1,0,2,192,80,128,0,65002,2100,3466,2,0,3,0,0,4,0,0,5,64,1,0,0,0,0,0,0,0,0,0,0,0,0,0,0,0,0,0,0,0,0,0,0,0,0,-1,0,0,0,0,-1,0,0,0,0,-1,0,0,0,0,-1,0,0,0,0,-1,0,0,0,0,-1,0,0,0,0,-1,0,0,0,0,-1,0,0,0,0,-1,0,0,0,0,-1,0,0,0,0,-1,0,0,0,0,-1,0,0,0,0,90,106,122,0,3,192,180
1453,957,fd,1,164,80,0,4,4,2,1056,0,2,0,0,0,1,0,2,192,80,128,0,65001,2100,3465,2,0,3,0,0,4,0,0,5,64,1,0,0,0,0,0,0,0,0,0,0,0,0,0,0,0,0,0,0,0,0,0,0,0,0,-1,0,0,0,0,-1,0,0,0,0,-1,0,0,0,0,-1,0,0,0,0,-1,0,0,0,0,-1,0,0,0,0,-1,0,0,0,0,-1,0,0,0,0,-1,0,0,0,0,-1,0,0,0,0,-1,0,0,0,0,-1,0,0,0,0,89,105,121,0,3,193,180
1454,958,fd,1,164,80,0,4,4,2,1056,0,2,0,0,0,1,0,2,192,80,128,0,65000,2100,3464,2,0,3,0,0,4,0,0,5,64,1,0,0,0,0,0,0,0,0,0,0,0,0,0,0,0,0,0,0,0,0,0,0,0,0,-1,0,0,0,0,-1,0,0,0,0,-1,0,0,0,0,-1,0,0,0,0,-1,0,0,0,0,-1,0,0,0,0,-1,0,0,0,0,-1,0,0,0,0,-1,0,0,0,0,-1,0,0,0,0,-1,0,0,0,0,-1,0,0,0,0,88,104,120,0,3,194,180
1455,959,fd,1,164,80,0,4,4,2,1056,0,2,0,0,0,1,0,2,192,80,128,0,64999,2100,3463,2,0,3,0,0,4,0,0,5,64,1,0,0,0,0,0,0,0,0,0,0,0,0,0,0,0,0,0,0,0,0,0,0,0,0,-1,0,0,0,0,-1,0,0,0,0,-1,0,0,0,0,-1,0,0,0,0,-1,0,0,0,0,-1,0,0,0,0,-1,0,0,0,0,-1,0,0,0,0,-1,0,0,0,0,-1,0,0,0,0,-1,0,0,0,0,-1,0,0,0,0,87,103,119,0,3,195,180
1456,960,fd,1,164,80,0,4,4,2,1056,0,2,0,0,0,1,0,2,192,80,128,0,64998,2100,3462,2,0,3,0,0,4,0,0,4,64,1,0,0,0,0,0,0,0,0,0,0,0,0,0,0,0,0,0,0,0,0,0,0,0,0,-1,0,0,0,0,-1,0,0,0,0,-1,0,0,0,0,-1,0,0,0,0,-1,0,0,0,0,-1,0,0,0,0,-1,0,0,0,0,-1,0,0,0,0,-1,0,0,0,0,-1,0,0,0,0,-1,0,0,0,0,-1,0,0,0,0,86,102,118,0,3,196,180
1457,961,fd,1,164,80,0,4,4,2,1056,0,2,0,0,0,1,0,2,192,80,128,0,64997,2100,3461,2,0,3,0,0,4,0,0,4,64,1,0,0,0,0,0,0,0,0,0,0,0,0,0,0,0,0,0,0,0,0,0,0,0,0,-1,0,0,0,0,-1,0,0,0,0,-1,0,0,0,0,-1,0,0,0,0,-1,0,0,0,0,-1,0,0,0,0,-1,0,0,0,0,-1,0,0,0,0,-1,0,0,0,0,-1,0,0,0,0,-1,0,0,0,0,-1,0,0,0,0,85,101,117,0,3,197,180
1458,962,fd,1,164,80,0,4,4,2,1056,0,2,0,0,0,1,0,2,192,80,128,0,64996,2100,3460,2,0,3,0,0,4,0,0,4,64,1,0,0,0,0,0,0,0,0,0,0,0,0,0,0,0,0,0,0,0,0,0,0,0,0,-1,0,0,0,0,-1,0,0,0,0,-1,0,0,0,0,-1,0,0,0,0,-1,0,0,0,0,-1,0,0,0,0,-1,0,0,0,0,-1,0,0,0,0,-1,0,0,0,0,-1,0,0,0,0,-1,0,0,0,0,-1,0,0,0,0,84,100,116,0,3,198,180
1459,963,fd,1,164,80,0,4,4,2,1056,0,2,0,0,0,1,0,2,192,80,128,0,64995,2100,3459,2,0,3,0,0,4,0,0,4,64,1,1,0,0,192,240,128,0,0,0,0,0,0,0,0,0,0,0,0,0,0,0,0,0,0,-1,0,0,0,0,-1,0,0,0,0,-1,0,0,0,0,-1,0,0,0,0,-1,0,0,0,0,-1,0,0,0,0,-1,0,0,0,0,-1,0,0,0,0,-1,0,0,0,0,-1,0,0,0,0,-1,0,0,0,0,-1,0,0,0,0,83,99,115,0,3,199,180
1460,964,fd,1,164,80,0,4,4,2,1056,0,2,0,0,0,1,0,2,192,80,128,0,64994,2100,3458,2,0,3,0,0,4,0,0,3,64,1,1,0,0,192,238,0,0,0,0,0,0,0,0,0,0,0,0,0,0,0,0,0,0,0,-1,0,0,0,0,-1,0,0,0,0,-1,0,0,0,0,-1,0,0,0,0,-1,0,0,0,0,-1,0,0,0,0,-1,0,0,0,0,-1,0,0,0,0,-1,0,0,0,0,-1,0,0,0,0,-1,0,0,0,0,-1,0,0,0,0,82,98,114,0,3,200,180
1461,965,fd,1,164,80,0,4,4,2,1056,0,2,0,0,0,1,0,2,192,80,128,0,64993,2100,3457,2,0,3,0,0,4,0,0,3,64,1,1,0,0,192,237,128,0,0,0,0,0,0,0,0,0,0,0,0,0,0,0,0,0,0,-1,0,0,0,0,-1,0,0,0,0,-1,0,0,0,0,-1,0,0,0,0,-1,0,0,0,0,-1,0,0,0,0,-1,0,0,0,0,-1,0,0,0,0,-1,0,0,0,0,-1,0,0,0,0,-1,0,0,0,0,-1,0,0,0,0,81,97,113,0,3,201,180
1462,966,fd,1,164,80,0,4,4,2,1056,0,2,0,0,0,1,0,2,192,80,128,0,64992,2100,3456,2,0,3,0,0,4,0,0,3,64,1,1,0,0,192,235,0,0,0,0,0,0,0,0,0,0,0,0,0,0,0,0,0,0,0,-1,0,0,0,0,-1,0,0,0,0,-1,0,0,0,0,-1,0,0,0,0,-1,0,0,0,0,-1,0,0,0,0,-1,0,0,0,0,-1,0,0,0,0,-1,0,0,0,0,-1,0,0,0,0,-1,0,0,0,0,-1,0,0,0,0,80,96,112,0,3,202,180
1463,967,fd,1,164,80,0,4,4,2,1056,0,2,0,0,0,1,0,2,192,80,128,0,64991,2100,3455,2,0,3,0,0,4,0,0,3,64,1,1,0,0,192,234,128,0,0,0,0,0,0,0,0,0,0,0,0,0,0,0,0,0,0,-1,0,0,0,0,-1,0,0,0,0,-1,0,0,0,0,-1,0,0,0,0,-1,0,0,0,0,-1,0,0,0,0,-1,0,0,0,0,-1,0,0,0,0,-1,0,0,0,0,-1,0,0,0,0,-1,0,0,0,0,-1,0,0,0,0,79,95,111,0,3,203,180
1464,968,fd,1,164,80,0,4,4,2,1056,0,2,0,0,0,1,0,2,192,80,128,0,64990,2100,3454,2,0,3,0,0,4,0,0,2,64,1,1,0,0,192,232,0,0,0,0,0,0,0,0,0,0,0,0,0,0,0,0,0,0,0,-1,0,0,0,0,-1,0,0,0,0,-1,0,0,0,0,-1,0,0,0,0,-1,0,0,0,0,-1,0,0,0,0,-1,0,0,0,0,-1,0,0,0,0,-1,0,0,0,0,-1,0,0,0,0,-1,0,0,0,0,-1,0,0,0,0,78,94,110,0,3,204,180
1465,969,fd,1,164,80,0,4,4,2,1056,0,2,0,0,0,1,0,2,192,80,128,0,64989,2100,3453,2,0,3,0,0,4,0,0,2,64,1,1,0,0,192,231,128,0,0,0,0,0,0,0,0,0,0,0,0,0,0,0,0,0,0,-1,0,0,0,0,-1,0,0,0,0,-1,0,0,0,0,-1,0,0,0,0,-1,0,0,0,0,-1,0,0,0,0,-1,0,0,0,0,-1,0,0,0,0,-1,0,0,0,0,-1,0,0,0,0,-1,0,0,0,0,-1,0,0,0,0,77,93,109,0,3,205,180
1466,970,fd,1,164,80,0,4,4,2,1056,0,2,0,0,0,1,0,2,192,80,128,0,64988,2100,3452,2,0,3,0,0,4,0,0,2,64,1,1,0,0,192,229,0,0,0,0,0,0,0,0,0,0,0,0,0,0,0,0,0,0,0,-1,0,0,0,0,-1,0,0,0,0,-1,0,0,0,0,-1,0,0,0,0,-1,0,0,0,0,-1,0,0,0,0,-1,0,0,0,0,-1,0,0,0,0,-1,0,0,0,0,-1,0,0,0,0,-1,0,0,0,0,-1,0,0,0,0,76,92,108,0,3,206,180
1467,971,fd,1,164,80,0,4,4,2,1056,0,2,0,0,0,1,0,2,192,80,128,0,64987,2100,3451,2,0,3,0,0,4,0,0,2,64,1,1,0,0,192,228,128,0,0,0,0,0,0,0,0,0,0,0,0,0,0,0,0,0,0,-1,0,0,0,0,-1,0,0,0,0,-1,0,0,0,0,-1,0,0,0,0,-1,0,0,0,0,-1,0,0,0,0,-1,0,0,0,0,-1,0,0,0,0,-1,0,0,0,0,-1,0,0,0,0,-1,0,0,0,0,-1,0,0,0,0,75,91,107,0,3,207,180
1468,972,fd,1,164,80,0,4,4,2,1056,0,2,0,0,0,1,0,2,192,80,128,0,64986,2100,3450,2,0,3,0,0,4,0,0,1,64,1,1,0,0,192,226,0,0,0,0,0,0,0,0,0,0,0,0,0,0,0,0,0,0,0,-1,0,0,0,0,-1,0,0,0,0,-1,0,0,0,0,-1,0,0,0,0,-1,0,0,0,0,-1,0,0,0,0,-1,0,0,0,0,-1,0,0,0,0,-1,0,0,0,0,-1,0,0,0,0,-1,0,0,0,0,-1,0,0,0,0,74,90,106,0,3,208,180
1469,973,fd,1,164,80,0,4,4,2,1056,0,2,0,0,0,1,0,2,192,80,128,0,64985,2100,3449,2,0,3,0,0,4,0,0,1,64,1,1,0,0,192,225,128,0,0,0,0,0,0,0,0,0,0,0,0,0,0,0,0,0,0,-1,0,0,0,0,-1,0,0,0,0,-1,0,0,0,0,-1,0,0,0,0,-1,0,0,0,0,-1,0,0,0,0,-1,0,0,0,0,-1,0,0,0,0,-1,0,0,0,0,-1,0,0,0,0,-1,0,0,0,0,-1,0,0,0,0,73,89,105,0,3,209,180
1470,974,fd,1,164,80,0,4,4,2,1056,0,2,0,0,0,1,0,2,192,80,128,0,64984,2100,3448,2,0,3,0,0,4,0,0,1,64,1,1,0,0,192,223,0,0,0,0,0,0,0,0,0,0,0,0,0,0,0,0,0,0,0,-1,0,0,0,0,-1,0,0,0,0,-1,0,0,0,0,-1,0,0,0,0,-1,0,0,0,0,-1,0,0,0,0,-1,0,0,0,0,-1,0,0,0,0,-1,0,0,0,0,-1,0,0,0,0,-1,0,0,0,0,-1,0,0,0,0,72,88,104,0,3,210,180
1471,975,fd,1,164,80,0,4,4,2,1056,0,2,0,0,0,1,0,2,192,80,128,0,64983,2100,3447,2,0,3,0,0,4,0,0,1,64,1,1,0,0,192,222,128,0,0,0,0,0,0,0,0,0,0,0,0,0,0,0,0,0,0,-1,0,0,0,0,-1,0,0,0,0,-1,0,0,0,0,-1,0,0,0,0,-1,0,0,0,0,-1,0,0,0,0,-1,0,0,0,0,-1,0,0,0,0,-1,0,0,0,0,-1,0,0,0,0,-1,0,0,0,0,-1,0,0,0,0,71,87,103,0,3,211,180
1472,976,fd,1,164,80,0,4,4,2,1056,0,2,0,0,0,1,0,2,192,80,128,0,64982,2100,3446,2,0,3,0,0,4,0,0,0,64,1,1,0,0,192,220,0,0,0,0,0,0,0,0,0,0,0,0,0,0,0,0,0,0,0,-1,0,0,0,0,-1,0,0,0,0,-1,0,0,0,0,-1,0,0,0,0,-1,0,0,0,0,-1,0,0,0,0,-1,0,0,0,0,-1,0,0,0,0,-1,0,0,0,0,-1,0,0,0,0,-1,0,0,0,0,-1,0,0,0,0,70,86,102,0,3,212,180
1473,977,fd,1,164,80,0,4,4,2,1056,0,2,0,0,0,1,0,2,192,80,128,0,64981,2100,3445,2,0,3,0,0,4,0,0,0,64,1,1,0,0,192,219,128,0,0,0,0,0,0,0,0,0,0,0,0,0,0,0,0,0,0,-1,0,0,0,0,-1,0,0,0,0,-1,0,0,0,0,-1,0,0,0,0,-1,0,0,0,0,-1,0,0,0,0,-1,0,0,0,0,-1,0,0,0,0,-1,0,0,0,0,-1,0,0,0,0,-1,0,0,0,0,-1,0,0,0,0,69,85,101,0,3,213,180
1474,978,fd,1,164,80,0,4,4,2,1056,0,2,0,0,0,1,0,2,192,80,128,0,64980,2100,3444,2,0,3,0,0,4,0,0,0,64,1,1,0,0,192,217,0,0,0,0,0,0,0,0,0,0,0,0,0,0,0,0,0,0,0,-1,0,0,0,0,-1,0,0,0,0,-1,0,0,0,0,-1,0,0,0,0,-1,0,0,0,0,-1,0,0,0,0,-1,0,0,0,0,-1,0,0,0,0,-1,0,0,0,0,-1,0,0,0,0,-1,0,0,0,0,-1,0,0,0,0,68,84,100,0,3,214,180
1475,979,fd,1,164,80,0,4,4,2,1056,0,2,0,0,0,1,0,2,192,80,128,0,64979,2100,3443,2,0,3,0,0,4,0,0,0,64,1,1,0,0,192,216,128,0,0,0,0,0,0,0,0,0,0,0,0,0,0,0,0,0,0,-1,0,0,0,0,-1,0,0,0,0,-1,0,0,0,0,-1,0,0,0,0,-1,0,0,0,0,-1,0,0,0,0,-1,0,0,0,0,-1,0,0,0,0,-1,0,0,0,0,-1,0,0,0,0,-1,0,0,0,0,-1,0,0,0,0,67,83,99,0,3,215,180
1476,980,fd,1,164,80,0,4,4,2,1056,0,2,0,0,0,1,0,2,192,80,128,0,64978,2100,3442,2,0,3,0,0,4,0,0,0,64,1,1,0,0,192,214,0,0,0,0,0,0,0,0,0,0,0,0,0,0,0,0,0,0,0,-1,0,0,0,0,-1,0,0,0,0,-1,0,0,0,0,-1,0,0,0,0,-1,0,0,0,0,-1,0,0,0,0,-1,0,0,0,0,-1,0,0,0,0,-1,0,0,0,0,-1,0,0,0,0,-1,0,0,0,0,-1,0,0,0,0,66,82,98,0,3,216,180
1477,981,fd,1,164,80,0,4,4,2,1056,0,2,0,0,0,1,0,2,192,80,128,0,64977,2100,3441,2,0,3,0,0,4,0,0,0,64,1,1,0,0,192,213,128,0,0,0,0,0,0,0,0,0,0,0,0,0,0,0,0,0,0,-1,0,0,0,0,-1,0,0,0,0,-1,0,0,0,0,-1,0,0,0,0,-1,0,0,0,0,-1,0,0,0,0,-1,0,0,0,0,-1,0,0,0,0,-1,0,0,0,0,-1,0,0,0,0,-1,0,0,0,0,-1,0,0,0,0,65,81,97,0,3,217,180
1478,982,fd,1,164,80,0,4,4,2,1056,0,2,0,0,0,1,0,2,192,80,128,0,64976,2100,3440,2,0,3,0,0,4,0,0,0,64,1,1,0,0,192,211,0,0,0,0,0,0,0,0,0,0,0,0,0,0,0,0,0,0,0,-1,0,0,0,0,-1,0,0,0,0,-1,0,0,0,0,-1,0,0,0,0,-1,0,0,0,0,-1,0,0,0,0,-1,0,0,0,0,-1,0,0,0,0,-1,0,0,0,0,-1,0,0,0,0,-1,0,0,0,0,-1,0,0,0,0,64,80,96,0,3,218,180
1479,983,fd,1,164,80,0,4,4,2,1056,0,2,0,0,0,1,0,2,192,80,128,0,64975,2100,3439,2,0,3,0,0,4,0,0,0,64,1,1,0,0,192,210,128,0,0,0,0,0,0,0,0,0,0,0,0,0,0,0,0,0,0,-1,0,0,0,0,-1,0,0,0,0,-1,0,0,0,0,-1,0,0,0,0,-1,0,0,0,0,-1,0,0,0,0,-1,0,0,0,0,-1,0,0,0,0,-1,0,0,0,0,-1,0,0,0,0,-1,0,0,0,0,-1,0,0,0,0,63,79,95,0,3,219,180
1480,984,fd,1,164,80,0,4,4,2,1056,0,2,0,0,0,1,0,2,192,80,128,0,64974,2100,3438,2,0,3,0,0,4,0,0,0,64,1,1,0,0,192,208,0,0,0,0,0,0,0,0,0,0,0,0,0,0,0,0,0,0,0,-1,0,0,0,0,-1,0,0,0,0,-1,0,0,0,0,-1,0,0,0,0,-1,0,0,0,0,-1,0,0,0,0,-1,0,0,0,0,-1,0,0,0,0,-1,0,0,0,0,-1,0,0,0,0,-1,0,0,0,0,-1,0,0,0,0,62,78,94,0,3,220,180
1481,985,fd,1,164,80,0,4,4,2,1056,0,2,0,0,0,1,0,2,192,80,128,0,64973,2100,3437,2,0,3,0,0,4,0,0,0,64,1,1,0,0,192,207,128,0,0,0,0,0,0,0,0,0,0,0,0,0,0,0,0,0,0,-1,0,0,0,0,-1,0,0,0,0,-1,0,0,0,0,-1,0,0,0,0,-1,0,0,0,0,-1,0,0,0,0,-1,0,0,0,0,-1,0,0,0,0,-1,0,0,0,0,-1,0,0,0,0,-1,0,0,0,0,-1,0,0,0,0,61,77,93,0,3,221,180
1482,986,fd,1,164,80,0,4,4,2,1056,0,2,0,0,0,1,0,2,192,80,128,0,64972,2100,3436,2,0,3,0,0,4,0,0,0,64,1,1,0,0,192,205,0,0,0,0,0,0,0,0,0,0,0,0,0,0,0,0,0,0,0,-1,0,0,0,0,-1,0,0,0,0,-1,0,0,0,0,-1,0,0,0,0,-1,0,0,0,0,-1,0,0,0,0,-1,0,0,0,0,-1,0,0,0,0,-1,0,0,0,0,-1,0,0,0,0,-1,0,0,0,0,-1,0,0,0,0,60,76,92,0,3,222,180
1483,987,fd,1,164,80,0,4,4,2,1056,0,2,0,0,0,1,0,2,192,80,128,0,64971,2100,3435,2,0,3,0,0,4,0,0,0,64,1,1,0,0,192,204,128,0,0,0,0,0,0,0,0,0,0,0,0,0,0,0,0,0,0,-1,0,0,0,0,-1,0,0,0,0,-1,0,0,0,0,-1,0,0,0,0,-1,0,0,0,0,-1,0,0,0,0,-1,0,0,0,0,-1,0,0,0,0,-1,0,0,0,0,-1,0,0,0,0,-1,0,0,0,0,-1,0,0,0,0,59,75,91,0,3,223,180
1484,988,fd,1,164,80,0,4,4,2,1056,0,2,0,0,0,1,0,2,192,80,128,0,64970,2100,3434,2,0,3,0,0,4,0,0,0,64,1,1,0,0,192,202,0,0,0,0,0,0,0,0,0,0,0,0,0,0,0,0,0,0,0,-1,0,0,0,0,-1,0,0,0,0,-1,0,0,0,0,-1,0,0,0,0,-1,0,0,0,0,-1,0,0,0,0,-1,0,0,0,0,-1,0,0,0,0,-1,0,0,0,0,-1,0,0,0,0,-1,0,0,0,0,-1,0,0,0,0,58,74,90,0,3,224,180
1485,989,fd,1,164,80,0,4,4,2,1056,0,2,0,0,0,1,0,2,192,80,128,0,64969,2100,3433,2,0,3,0,0,4,0,0,0,64,1,1,0,0,192,201,128,0,0,0,0,0,0,0,0,0,0,0,0,0,0,0,0,0,0,-1,0,0,0,0,-1,0,0,0,0,-1,0,0,0,0,-1,0,0,0,0,-1,0,0,0,0,-1,0,0,0,0,-1,0,0,0,0,-1,0,0,0,0,-1,0,0,0,0,-1,0,0,0,0,-1,0,0,0,0,-1,0,0,0,0,57,73,89,0,3,225,180
1486,990,fd,1,164,80,0,4,4,2,1056,0,2,0,0,0,1,0,2,192,80,128,0,64968,2100,3432,2,0,3,0,0,4,0,0,0,64,1,1,0,0,192,199,0,0,0,0,0,0,0,0,0,0,0,0,0,0,0,0,0,0,0,-1,0,0,0,0,-1,0,0,0,0,-1,0,0,0,0,-1,0,0,0,0,-1,0,0,0,0,-1,0,0,0,0,-1,0,0,0,0,-1,0,0,0,0,-1,0,0,0,0,-1,0,0,0,0,-1,0,0,0,0,-1,0,0,0,0,56,72,88,0,3,226,180
1487,991,fd,1,164,80,0,4,4,2,1056,0,2,0,0,0,1,0,2,192,80,128,0,64967,2100,3431,2,0,3,0,0,4,0,0,0,64,1,1,0,0,192,198,128,0,0,0,0,0,0,0,0,0,0,0,0,0,0,0,0,0,0,-1,0,0,0,0,-1,0,0,0,0,-1,0,0,0,0,-1,0,0,0,0,-1,0,0,0,0,-1,0,0,0,0,-1,0,0,0,0,-1,0,0,0,0,-1,0,0,0,0,-1,0,0,0,0,-1,0,0,0,0,-1,0,0,0,0,55,71,87,0,3,227,180
1488,992,fd,1,164,80,0,4,4,2,1056,0,2,0,0,0,1,0,2,192,80,128,0,64966,2100,3430,2,0,3,0,0,4,0,0,0,64,1,1,0,0,192,196,0,0,0,0,0,0,0,0,0,0,0,0,0,0,0,0,0,0,0,-1,0,0,0,0,-1,0,0,0,0,-1,0,0,0,0,-1,0,0,0,0,-1,0,0,0,0,-1,0,0,0,0,-1,0,0,0,0,-1,0,0,0,0,-1,0,0,0,0,-1,0,0,0,0,-1,0,0,0,0,-1,0,0,0,0,54,70,86,0,3,228,180
1489,993,fd,1,164,80,0,4,4,2,1056,0,2,0,0,0,1,0,2,192,80,128,0,64965,2100,3429,2,0,3,0,0,4,0,0,0,64,1,1,0,0,192,195,128,0,0,0,0,0,0,0,0,0,0,0,0,0,0,0,0,0,0,-1,0,0,0,0,-1,0,0,0,0,-1,0,0,0,0,-1,0,0,0,0,-1,0,0,0,0,-1,0,0,0,0,-1,0,0,0,0,-1,0,0,0,0,-1,0,0,0,0,-1,0,0,0,0,-1,0,0,0,0,-1,0,0,0,0,53,69,85,0,3,229,180
1490,994,fd,1,164,80,0,4,4,2,1056,0,2,0,0,0,1,0,2,192,80,128,0,64964,2100,3428,2,0,3,0,0,4,0,0,0,64,1,1,0,0,192,193,0,0,0,0,0,0,0,0,0,0,0,0,0,0,0,0,0,0,0,-1,0,0,0,0,-1,0,0,0,0,-1,0,0,0,0,-1,0,0,0,0,-1,0,0,0,0,-1,0,0,0,0,-1,0,0,0,0,-1,0,0,0,0,-1,0,0,0,0,-1,0,0,0,0,-1,0,0,0,0,-1,0,0,0,0,52,68,84,0,3,230,180
1491,995,fd,1,164,80,0,4,4,2,1056,0,2,0,0,0,1,0,2,192,80,128,0,64963,2100,3427,2,0,3,0,0,4,0,0,0,64,1,1,0,0,192,192,128,0,0,0,0,0,0,0,0,0,0,0,0,0,0,0,0,0,0,-1,0,0,0,0,-1,0,0,0,0,-1,0,0,0,0,-1,0,0,0,0,-1,0,0,0,0,-1,0,0,0,0,-1,0,0,0,0,-1,0,0,0,0,-1,0,0,0,0,-1,0,0,0,0,-1,0,0,0,0,-1,0,0,0,0,51,67,83,0,3,231,180
1492,996,fd,1,164,80,0,4,4,2,1056,0,2,0,0,0,1,0,2,192,80,128,0,64962,2100,3426,2,0,3,0,0,4,0,0,0,64,1,1,0,0,192,190,0,0,0,0,0,0,0,0,0,0,0,0,0,0,0,0,0,0,0,-1,0,0,0,0,-1,0,0,0,0,-1,0,0,0,0,-1,0,0,0,0,-1,0,0,0,0,-1,0,0,0,0,-1,0,0,0,0,-1,0,0,0,0,-1,0,0,0,0,-1,0,0,0,0,-1,0,0,0,0,-1,0,0,0,0,50,66,82,0,3,232,180
1493,997,fd,1,164,80,0,4,4,2,1056,0,2,0,0,0,1,0,2,192,80,128,0,64961,2100,3425,2,0,3,0,0,4,0,0,0,64,1,1,0,0,192,189,128,0,0,0,0,0,0,0,0,0,0,0,0,0,0,0,0,0,0,-1,0,0,0,0,-1,0,0,0,0,-1,0,0,0,0,-1,0,0,0,0,-1,0,0,0,0,-1,0,0,0,0,-1,0,0,0,0,-1,0,0,0,0,-1,0,0,0,0,-1,0,0,0,0,-1,0,0,0,0,-1,0,0,0,0,49,65,81,0,3,233,180
1494,998,fd,1,164,80,0,4,4,2,1056,0,2,0,0,0,1,0,2,192,80,128,0,64960,2100,3424,2,0,3,0,0,4,0,0,0,64,1,1,0,0,192,187,0,0,0,0,0,0,0,0,0,0,0,0,0,0,0,0,0,0,0,-1,0,0,0,0,-1,0,0,0,0,-1,0,0,0,0,-1,0,0,0,0,-1,0,0,0,0,-1,0,0,0,0,-1,0,0,0,0,-1,0,0,0,0,-1,0,0,0,0,-1,0,0,0,0,-1,0,0,0,0,-1,0,0,0,0,48,64,80,0,3,234,180
1495,999,fd,1,164,80,0,4,4,2,1056,0,2,0,0,0,1,0,2,192,80,128,0,64959,2100,3423,2,0,3,0,0,4,0,0,0,64,1,1,0,0,192,186,128,0,0,0,0,0,0,0,0,0,0,0,0,0,0,0,0,0,0,-1,0,0,0,0,-1,0,0,0,0,-1,0,0,0,0,-1,0,0,0,0,-1,0,0,0,0,-1,0,0,0,0,-1,0,0,0,0,-1,0,0,0,0,-1,0,0,0,0,-1,0,0,0,0,-1,0,0,0,0,-1,0,0,0,0,47,63,79,0,3,235,180
1496,1000,fd,1,164,80,0,4,4,2,1056,0,2,0,0,0,1,0,2,192,80,128,0,64958,2100,3422,2,0,3,0,0,4,0,0,0,64,1,1,0,0,192,184,0,0,0,0,0,0,0,0,0,0,0,0,0,0,0,0,0,0,0,-1,0,0,0,0,-1,0,0,0,0,-1,0,0,0,0,-1,0,0,0,0,-1,0,0,0,0,-1,0,0,0,0,-1,0,0,0,0,-1,0,0,0,0,-1,0,0,0,0,-1,0,0,0,0,-1,0,0,0,0,-1,0,0,0,0,46,62,78,0,3,236,180
1497,1001,fd,1,164,80,0,4,4,2,1056,0,2,0,0,0,1,0,2,192,80,128,0,64957,2100,3421,2,0,3,0,0,4,0,0,0,64,1,1,0,0,192,183,128,0,0,0,0,0,0,0,0,0,0,0,0,0,0,0,0,0,0,-1,0,0,0,0,-1,0,0,0,0,-1,0,0,0,0,-1,0,0,0,0,-1,0,0,0,0,-1,0,0,0,0,-1,0,0,0,0,-1,0,0,0,0,-1,0,0,0,0,-1,0,0,0,0,-1,0,0,0,0,-1,0,0,0,0,45,61,77,0,3,237,180
1498,1002,fd,1,164,80,0,4,4,2,1056,0,2,0,0,0,1,0,2,192,80,128,0,64956,2100,3420,2,0,3,0,0,4,0,0,0,64,1,1,0,0,192,181,0,0,0,0,0,0,0,0,0,0,0,0,0,0,0,0,0,0,0,-1,0,0,0,0,-1,0,0,0,0,-1,0,0,0,0,-1,0,0,0,0,-1,0,0,0,0,-1,0,0,0,0,-1,0,0,0,0,-1,0,0,0,0,-1,0,0,0,0,-1,0,0,0,0,-1,0,0,0,0,-1,0,0,0,0,44,60,76,0,3,238,180
1499,1003,fd,1,164,80,0,4,4,2,1056,0,2,0,0,0,1,0,2,192,80,128,0,64955,2100,3419,2,0,3,0,0,4,0,0,0,64,1,1,0,0,192,180,128,0,0,0,0,0,0,0,0,0,0,0,0,0,0,0,0,0,0,-1,0,0,0,0,-1,0,0,0,0,-1,0,0,0,0,-1,0,0,0,0,-1,0,0,0,0,-1,0,0,0,0,-1,0,0,0,0,-1,0,0,0,0,-1,0,0,0,0,-1,0,0,0,0,-1,0,0,0,0,-1,0,0,0,0,43,59,75,0,3,239,180
1500,1004,fd,1,164,80,0,4,4,2,1056,0,2,0,0,0,1,0,2,192,80,128,0,64954,2100,3418,2,0,3,0,0,4,0,0,0,64,1,1,0,0,192,178,0,0,0,0,0,0,0,0,0,0,0,0,0,0,0,0,0,0,0,-1,0,0,0,0,-1,0,0,0,0,-1,0,0,0,0,-1,0,0,0,0,-1,0,0,0,0,-1,0,0,0,0,-1,0,0,0,0,-1,0,0,0,0,-1,0,0,0,0,-1,0,0,0,0,-1,0,0,0,0,-1,0,0,0,0,42,58,74,0,3,240,180
1501,1005,fd,1,164,80,0,4,4,2,1056,0,2,0,0,0,1,0,2,192,80,128,0,64953,2100,3417,2,0,3,0,0,4,0,0,0,64,1,1,0,0,192,177,128,0,0,0,0,0,0,0,0,0,0,0,0,0,0,0,0,0,0,-1,0,0,0,0,-1,0,0,0,0,-1,0,0,0,0,-1,0,0,0,0,-1,0,0,0,0,-1,0,0,0,0,-1,0,0,0,0,-1,0,0,0,0,-1,0,0,0,0,-1,0,0,0,0,-1,0,0,0,0,-1,0,0,0,0,41,57,73,0,3,241,180
1502,1006,fd,1,164,80,0,4,4,2,1056,0,2,0,0,0,1,0,2,192,80,128,0,64952,2100,3416,2,0,3,0,0,4,0,0,0,64,1,1,0,0,192,175,0,0,0,0,0,0,0,0,0,0,0,0,0,0,0,0,0,0,0,-1,0,0,0,0,-1,0,0,0,0,-1,0,0,0,0,-1,0,0,0,0,-1,0,0,0,0,-1,0,0,0,0,-1,0,0,0,0,-1,0,0,0,0,-1,0,0,0,0,-1,0,0,0,0,-1,0,0,0,0,-1,0,0,0,0,40,56,72,0,3,242,180
1503,1007,fd,1,164,80,0,4,4,2,1056,0,2,0,0,0,1,0,2,192,80,128,0,64951,2100,3415,2,0,3,0,0,4,0,0,0,64,1,1,0,0,192,174,128,0,0,0,0,0,0,0,0,0,0,0,0,0,0,0,0,0,0,-1,0,0,0,0,-1,0,0,0,0,-1,0,0,0,0,-1,0,0,0,0,-1,0,0,0,0,-1,0,0,0,0,-1,0,0,0,0,-1,0,0,0,0,-1,0,0,0,0,-1,0,0,0,0,-1,0,0,0,0,-1,0,0,0,0,39,55,71,0,3,243,180
1504,1008,fd,1,164,80,0,4,4,2,1056,0,2,0,0,0,1,0,2,192,80,128,0,64950,2100,3414,2,0,3,0,0,4,0,0,0,64,1,1,0,0,192,172,0,0,0,0,0,0,0,0,0,0,0,0,0,0,0,0,0,0,0,-1,0,0,0,0,-1,0,0,0,0,-1,0,0,0,0,-1,0,0,0,0,-1,0,0,0,0,-1,0,0,0,0,-1,0,0,0,0,-1,0,0,0,0,-1,0,0,0,0,-1,0,0,0,0,-1,0,0,0,0,-1,0,0,0,0,38,54,70,0,3,244,180
1505,1009,fd,1,164,80,0,4,4,2,1056,0,2,0,0,0,1,0,2,192,80,128,0,64949,2100,3413,2,0,3,0,0,4,0,0,0,64,1,1,0,0,192,171,128,0,0,0,0,0,0,0,0,0,0,0,0,0,0,0,0,0,0,-1,0,0,0,0,-1,0,0,0,0,-1,0,0,0,0,-1,0,0,0,0,-1,0,0,0,0,-1,0,0,0,0,-1,0,0,0,0,-1,0,0,0,0,-1,0,0,0,0,-1,0,0,0,0,-1,0,0,0,0,-1,0,0,0,0,37,53,69,0,3,245,180
1506,1010,fd,1,164,80,0,4,4,2,1056,0,2,0,0,0,1,0,2,192,80,128,0,64948,2100,3412,2,0,3,0,0,4,0,0,0,64,1,1,0,0,192,169,0,0,0,0,0,0,0,0,0,0,0,0,0,0,0,0,0,0,0,-1,0,0,0,0,-1,0,0,0,0,-1,0,0,0,0,-1,0,0,0,0,-1,0,0,0,0,-1,0,0,0,0,-1,0,0,0,0,-1,0,0,0,0,-1,0,0,0,0,-1,0,0,0,0,-1,0,0,0,0,-1,0,0,0,0,36,52,68,0,3,246,180
1507,1011,fd,1,164,80,0,4,4,2,1056,0,2,0,0,0,1,0,2,192,80,128,0,64947,2100,3411,2,0,3,0,0,4,0,0,0,64,1,1,0,0,192,168,128,0,0,0,0,0,0,0,0,0,0,0,0,0,0,0,0,0,0,-1,0,0,0,0,-1,0,0,0,0,-1,0,0,0,0,-1,0,0,0,0,-1,0,0,0,0,-1,0,0,0,0,-1,0,0,0,0,-1,0,0,0,0,-1,0,0,0,0,-1,0,0,0,0,-1,0,0,0,0,-1,0,0,0,0,35,51,67,0,3,247,180
1508,1012,fd,1,164,80,0,4,4,2,1056,0,2,0,0,0,1,0,2,192,80,128,0,64946,2100,3410,2,0,3,0,0,4,0,0,0,64,1,1,0,0,192,166,0,0,0,0,0,0,0,0,0,0,0,0,0,0,0,0,0,0,0,-1,0,0,0,0,-1,0,0,0,0,-1,0,0,0,0,-1,0,0,0,0,-1,0,0,0,0,-1,0,0,0,0,-1,0,0,0,0,-1,0,0,0,0,-1,0,0,0,0,-1,0,0,0,0,-1,0,0,0,0,-1,0,0,0,0,34,50,66,0,3,248,180
1509,1013,fd,1,164,80,0,4,4,2,1056,0,2,0,0,0,1,0,2,192,80,128,0,64945,2100,3409,2,0,3,0,0,4,0,0,0,64,1,1,0,0,192,165,128,0,0,0,0,0,0,0,0,0,0,0,0,0,0,0,0,0,0,-1,0,0,0,0,-1,0,0,0,0,-1,0,0,0,0,-1,0,0,0,0,-1,0,0,0,0,-1,0,0,0,0,-1,0,0,0,0,-1,0,0,0,0,-1,0,0,0,0,-1,0,0,0,0,-1,0,0,0,0,-1,0,0,0,0,33,49,65,0,3,249,180
1510,1014,fd,1,164,80,0,4,4,2,1056,0,2,0,0,0,1,0,2,192,80,128,0,64944,2100,3408,2,0,3,0,0,4,0,0,0,64,1,1,0,0,192,163,0,0,0,0,0,0,0,0,0,0,0,0,0,0,0,0,0,0,0,-1,0,0,0,0,-1,0,0,0,0,-1,0,0,0,0,-1,0,0,0,0,-1,0,0,0,0,-1,0,0,0,0,-1,0,0,0,0,-1,0,0,0,0,-1,0,0,0,0,-1,0,0,0,0,-1,0,0,0,0,-1,0,0,0,0,32,48,64,0,3,250,180
1511,1015,fd,1,164,80,0,4,4,2,1056,0,2,0,0,0,1,0,2,192,80,128,0,64943,2100,3407,2,0,3,0,0,4,0,0,0,64,1,1,0,0,192,162,128,0,0,0,0,0,0,0,0,0,0,0,0,0,0,0,0,0,0,-1,0,0,0,0,-1,0,0,0,0,-1,0,0,0,0,-1,0,0,0,0,-1,0,0,0,0,-1,0,0,0,0,-1,0,0,0,0,-1,0,0,0,0,-1,0,0,0,0,-1,0,0,0,0,-1,0,0,0,0,-1,0,0,0,0,31,47,63,0,3,251,180
1512,1016,fd,1,164,80,0,4,4,2,1056,0,2,0,0,0,1,0,2,192,80,128,0,64942,2100,3406,2,0,3,0,0,4,0,0,0,64,1,1,0,0,192,160,0,0,0,0,0,0,0,0,0,0,0,0,0,0,0,0,0,0,0,-1,0,0,0,0,-1,0,0,0,0,-1,0,0,0,0,-1,0,0,0,0,-1,0,0,0,0,-1,0,0,0,0,-1,0,0,0,0,-1,0,0,0,0,-1,0,0,0,0,-1,0,0,0,0,-1,0,0,0,0,-1,0,0,0,0,30,46,62,0,3,252,180
1513,1017,fd,1,164,80,0,4,4,2,1056,0,2,0,0,0,1,0,2,192,80,128,0,64941,2100,3405,2,0,3,0,0,4,0,0,0,64,1,1,0,0,192,159,128,0,0,0,0,0,0,0,0,0,0,0,0,0,0,0,0,0,0,-1,0,0,0,0,-1,0,0,0,0,-1,0,0,0,0,-1,0,0,0,0,-1,0,0,0,0,-1,0,0,0,0,-1,0,0,0,0,-1,0,0,0,0,-1,0,0,0,0,-1,0,0,0,0,-1,0,0,0,0,-1,0,0,0,0,29,45,61,0,3,253,180
1514,1018,fd,1,164,80,0,4,4,2,1056,0,2,0,0,0,1,0,2,192,80,128,0,64940,2100,3404,2,0,3,0,0,4,0,0,0,64,1,1,0,0,192,157,0,0,0,0,0,0,0,0,0,0,0,0,0,0,0,0,0,0,0,-1,0,0,0,0,-1,0,0,0,0,-1,0,0,0,0,-1,0,0,0,0,-1,0,0,0,0,-1,0,0,0,0,-1,0,0,0,0,-1,0,0,0,0,-1,0,0,0,0,-1,0,0,0,0,-1,0,0,0,0,-1,0,0,0,0,28,44,60,0,3,254,180
1515,1019,fd,1,164,80,0,4,4,2,1056,0,2,0,0,0,1,0,2,192,80,128,0,64939,2100,3403,2,0,3,0,0,4,0,0,0,64,1,1,0,0,192,156,128,0,0,0,0,0,0,0,0,0,0,0,0,0,0,0,0,0,0,-1,0,0,0,0,-1,0,0,0,0,-1,0,0,0,0,-1,0,0,0,0,-1,0,0,0,0,-1,0,0,0,0,-1,0,0,0,0,-1,0,0,0,0,-1,0,0,0,0,-1,0,0,0,0,-1,0,0,0,0,-1,0,0,0,0,27,43,59,0,3,255,180
1516,1020,fd,1,164,80,0,4,4,2,1056,0,2,0,0,0,1,0,2,192,80,128,0,64938,2100,3402,2,0,3,0,0,4,0,0,0,64,1,1,0,0,192,154,0,0,0,0,0,0,0,0,0,0,0,0,0,0,0,0,0,0,0,-1,0,0,0,0,-1,0,0,0,0,-1,0,0,0,0,-1,0,0,0,0,-1,0,0,0,0,-1,0,0,0,0,-1,0,0,0,0,-1,0,0,0,0,-1,0,0,0,0,-1,0,0,0,0,-1,0,0,0,0,-1,0,0,0,0,26,42,58,0,3,0,180
1517,1021,fd,1,164,80,0,4,4,2,1056,0,2,0,0,0,1,0,2,192,80,128,0,64937,2100,3401,2,0,3,0,0,4,0,0,0,64,1,1,0,0,192,153,128,0,0,0,0,0,0,0,0,0,0,0,0,0,0,0,0,0,0,-1,0,0,0,0,-1,0,0,0,0,-1,0,0,0,0,-1,0,0,0,0,-1,0,0,0,0,-1,0,0,0,0,-1,0,0,0,0,-1,0,0,0,0,-1,0,0,0,0,-1,0,0,0,0,-1,0,0,0,0,-1,0,0,0,0,25,41,57,0,3,1,180
1518,1022,fd,1,164,80,0,4,4,2,1056,0,2,0,0,0,1,0,2,192,80,128,0,64936,2100,3400,2,0,3,0,0,4,0,0,0,64,1,1,0,0,192,151,0,0,0,0,0,0,0,0,0,0,0,0,0,0,0,0,0,0,0,-1,0,0,0,0,-1,0,0,0,0,-1,0,0,0,0,-1,0,0,0,0,-1,0,0,0,0,-1,0,0,0,0,-1,0,0,0,0,-1,0,0,0,0,-1,0,0,0,0,-1,0,0,0,0,-1,0,0,0,0,-1,0,0,0,0,24,40,56,0,3,2,180
1519,1023,fd,1,164,80,0,4,4,2,1056,0,2,0,0,0,1,0,2,192,80,128,0,64935,2100,3399,2,0,3,0,0,4,0,0,0,64,1,1,0,0,192,150,128,0,0,0,0,0,0,0,0,0,0,0,0,0,0,0,0,0,0,-1,0,0,0,0,-1,0,0,0,0,-1,0,0,0,0,-1,0,0,0,0,-1,0,0,0,0,-1,0,0,0,0,-1,0,0,0,0,-1,0,0,0,0,-1,0,0,0,0,-1,0,0,0,0,-1,0,0,0,0,-1,0,0,0,0,23,39,55,0,3,3,180
1520,1024,fd,1,164,80,0,4,4,2,1056,0,2,0,0,0,1,0,2,192,80,128,0,64934,2100,3398,2,0,3,0,0,4,0,0,0,64,1,1,0,0,192,148,0,0,0,0,0,0,0,0,0,0,0,0,0,0,0,0,0,0,0,-1,0,0,0,0,-1,0,0,0,0,-1,0,0,0,0,-1,0,0,0,0,-1,0,0,0,0,-1,0,0,0,0,-1,0,0,0,0,-1,0,0,0,0,-1,0,0,0,0,-1,0,0,0,0,-1,0,0,0,0,-1,0,0,0,0,22,38,54,0,3,4,180
1521,1025,fd,1,164,80,0,4,4,2,1056,0,2,0,0,0,1,0,2,192,80,128,0,64933,2100,3397,2,0,3,0,0,4,0,0,0,64,1,1,0,0,192,147,128,0,0,0,0,0,0,0,0,0,0,0,0,0,0,0,0,0,0,-1,0,0,0,0,-1,0,0,0,0,-1,0,0,0,0,-1,0,0,0,0,-1,0,0,0,0,-1,0,0,0,0,-1,0,0,0,0,-1,0,0,0,0,-1,0,0,0,0,-1,0,0,0,0,-1,0,0,0,0,-1,0,0,0,0,21,37,53,0,3,5,180
1522,1026,fd,1,164,80,0,4,4,2,1056,0,2,0,0,0,1,0,2,192,80,128,0,64932,2100,3396,2,0,3,0,0,4,0,0,0,64,1,1,0,0,192,145,0,0,0,0,0,0,0,0,0,0,0,0,0,0,0,0,0,0,0,-1,0,0,0,0,-1,0,0,0,0,-1,0,0,0,0,-1,0,0,0,0,-1,0,0,0,0,-1,0,0,0,0,-1,0,0,0,0,-1,0,0,0,0,-1,0,0,0,0,-1,0,0,0,0,-1,0,0,0,0,-1,0,0,0,0,20,36,52,0,3,6,180
1523,1027,fd,1,164,80,0,4,4,2,1056,0,2,0,0,0,1,0,2,192,80,128,0,64931,2100,3395,2,0,3,0,0,4,0,0,0,64,1,1,0,0,192,144,128,0,0,0,0,0,0,0,0,0,0,0,0,0,0,0,0,0,0,-1,0,0,0,0,-1,0,0,0,0,-1,0,0,0,0,-1,0,0,0,0,-1,0,0,0,0,-1,0,0,0,0,-1,0,0,0,0,-1,0,0,0,0,-1,0,0,0,0,-1,0,0,0,0,-1,0,0,0,0,-1,0,0,0,0,19,35,51,0,3,7,180
1524,1028,fd,1,164,80,0,4,4,2,1056,0,2,0,0,0,1,0,2,192,80,128,0,64930,2100,3394,2,0,3,0,0,4,0,0,0,64,1,1,0,0,192,142,0,0,0,0,0,0,0,0,0,0,0,0,0,0,0,0,0,0,0,-1,0,0,0,0,-1,0,0,0,0,-1,0,0,0,0,-1,0,0,0,0,-1,0,0,0,0,-1,0,0,0,0,-1,0,0,0,0,-1,0,0,0,0,-1,0,0,0,0,-1,0,0,0,0,-1,0,0,0,0,-1,0,0,0,0,18,34,50,0,3,8,180
1525,1029,fd,1,164,80,0,4,4,2,1056,0,2,0,0,0,1,0,2,192,80,128,0,64929,2100,3393,2,0,3,0,0,4,0,0,0,64,1,1,0,0,192,141,128,0,0,0,0,0,0,0,0,0,0,0,0,0,0,0,0,0,0,-1,0,0,0,0,-1,0,0,0,0,-1,0,0,0,0,-1,0,0,0,0,-1,0,0,0,0,-1,0,0,0,0,-1,0,0,0,0,-1,0,0,0,0,-1,0,0,0,0,-1,0,0,0,0,-1,0,0,0,0,-1,0,0,0,0,17,33,49,0,3,9,180
1526,1030,fd,1,164,80,0,4,4,2,1056,0,2,0,0,0,1,0,2,192,80,128,0,64928,2100,3392,2,0,3,0,0,4,0,0,0,64,1,1,0,0,192,139,0,0,0,0,0,0,0,0,0,0,0,0,0,0,0,0,0,0,0,-1,0,0,0,0,-1,0,0,0,0,-1,0,0,0,0,-1,0,0,0,0,-1,0,0,0,0,-1,0,0,0,0,-1,0,0,0,0,-1,0,0,0,0,-1,0,0,0,0,-1,0,0,0,0,-1,0,0,0,0,-1,0,0,0,0,16,32,48,0,3,10,180
1527,1031,fd,1,164,80,0,4,4,2,1056,0,2,0,0,0,1,0,2,192,80,128,0,64927,2100,3391,2,0,3,0,0,4,0,0,0,64,1,1,0,0,192,138,128,0,0,0,0,0,0,0,0,0,0,0,0,0,0,0,0,0,0,-1,0,0,0,0,-1,0,0,0,0,-1,0,0,0,0,-1,0,0,0,0,-1,0,0,0,0,-1,0,0,0,0,-1,0,0,0,0,-1,0,0,0,0,-1,0,0,0,0,-1,0,0,0,0,-1,0,0,0,0,-1,0,0,0,0,15,31,47,0,3,11,180
1528,1032,fd,1,164,80,0,4,4,2,1056,0,2,0,0,0,1,0,2,192,80,128,0,64926,2100,3390,2,0,3,0,0,4,0,0,0,64,1,1,0,0,192,136,0,0,0,0,0,0,0,0,0,0,0,0,0,0,0,0,0,0,0,-1,0,0,0,0,-1,0,0,0,0,-1,0,0,0,0,-1,0,0,0,0,-1,0,0,0,0,-1,0,0,0,0,-1,0,0,0,0,-1,0,0,0,0,-1,0,0,0,0,-1,0,0,0,0,-1,0,0,0,0,-1,0,0,0,0,14,30,46,0,3,12,180
1529,1033,fd,1,164,80,0,4,4,2,1056,0,2,0,0,0,1,0,2,192,80,128,0,64925,2100,3389,2,0,3,0,0,4,0,0,0,64,1,1,0,0,192,135,128,0,0,0,0,0,0,0,0,0,0,0,0,0,0,0,0,0,0,-1,0,0,0,0,-1,0,0,0,0,-1,0,0,0,0,-1,0,0,0,0,-1,0,0,0,0,-1,0,0,0,0,-1,0,0,0,0,-1,0,0,0,0,-1,0,0,0,0,-1,0,0,0,0,-1,0,0,0,0,-1,0,0,0,0,13,29,45,0,3,13,180
1530,1034,fd,1,164,80,0,4,4,2,1056,0,2,0,0,0,1,0,2,192,80,128,0,64924,2100,3388,2,0,3,0,0,4,0,0,0,64,1,1,0,0,192,133,0,0,0,0,0,0,0,0,0,0,0,0,0,0,0,0,0,0,0,-1,0,0,0,0,-1,0,0,0,0,-1,0,0,0,0,-1,0,0,0,0,-1,0,0,0,0,-1,0,0,0,0,-1,0,0,0,0,-1,0,0,0,0,-1,0,0,0,0,-1,0,0,0,0,-1,0,0,0,0,-1,0,0,0,0,12,28,44,0,3,14,180
1531,1035,fd,1,164,80,0,4,4,2,1056,0,2,0,0,0,1,0,2,192,80,128,0,64923,2100,3387,2,0,3,0,0,4,0,0,0,64,1,1,0,0,192,132,128,0,0,0,0,0,0,0,0,0,0,0,0,0,0,0,0,0,0,-1,0,0,0,0,-1,0,0,0,0,-1,0,0,0,0,-1,0,0,0,0,-1,0,0,0,0,-1,0,0,0,0,-1,0,0,0,0,-1,0,0,0,0,-1,0,0,0,0,-1,0,0,0,0,-1,0,0,0,0,-1,0,0,0,0,11,27,43,0,3,15,180
1532,1036,fd,1,164,80,0,4,4,2,1056,0,2,0,0,0,1,0,2,192,80,128,0,64922,2100,3386,2,0,3,0,0,4,0,0,0,64,1,1,0,0,192,130,0,0,0,0,0,0,0,0,0,0,0,0,0,0,0,0,0,0,0,-1,0,0,0,0,-1,0,0,0,0,-1,0,0,0,0,-1,0,0,0,0,-1,0,0,0,0,-1,0,0,0,0,-1,0,0,0,0,-1,0,0,0,0,-1,0,0,0,0,-1,0,0,0,0,-1,0,0,0,0,-1,0,0,0,0,10,26,42,0,3,16,180
1533,1037,fd,1,164,80,0,4,4,2,1056,0,2,0,0,0,1,0,2,192,80,128,0,64921,2100,3385,2,0,3,0,0,4,0,0,0,64,1,1,0,0,192,129,128,0,0,0,0,0,0,0,0,0,0,0,0,0,0,0,0,0,0,-1,0,0,0,0,-1,0,0,0,0,-1,0,0,0,0,-1,0,0,0,0,-1,0,0,0,0,-1,0,0,0,0,-1,0,0,0,0,-1,0,0,0,0,-1,0,0,0,0,-1,0,0,0,0,-1,0,0,0,0,-1,0,0,0,0,9,25,41,0,3,17,180
1534,1038,fd,1,164,80,0,4,4,2,1056,0,2,0,0,0,1,0,2,192,80,128,0,64920,2100,3384,2,0,3,0,0,4,0,0,0,64,1,1,0,0,192,127,0,0,0,0,0,0,0,0,0,0,0,0,0,0,0,0,0,0,0,-1,0,0,0,0,-1,0,0,0,0,-1,0,0,0,0,-1,0,0,0,0,-1,0,0,0,0,-1,0,0,0,0,-1,0,0,0,0,-1,0,0,0,0,-1,0,0,0,0,-1,0,0,0,0,-1,0,0,0,0,-1,0,0,0,0,8,24,40,0,3,18,180
1535,1039,fd,1,164,80,0,4,4,2,1056,0,2,0,0,0,1,0,2,192,80,128,0,64919,2100,3383,2,0,3,0,0,4,0,0,0,64,1,1,0,0,192,126,128,0,0,0,0,0,0,0,0,0,0,0,0,0,0,0,0,0,0,-1,0,0,0,0,-1,0,0,0,0,-1,0,0,0,0,-1,0,0,0,0,-1,0,0,0,0,-1,0,0,0,0,-1,0,0,0,0,-1,0,0,0,0,-1,0,0,0,0,-1,0,0,0,0,-1,0,0,0,0,-1,0,0,0,0,7,23,39,0,3,19,180
1536,1040,fd,1,164,80,0,4,4,2,1056,0,2,0,0,0,1,0,2,192,80,128,0,64918,2100,3382,2,0,3,0,0,4,0,0,0,64,1,1,0,0,192,124,0,0,0,0,0,0,0,0,0,0,0,0,0,0,0,0,0,0,0,-1,0,0,0,0,-1,0,0,0,0,-1,0,0,0,0,-1,0,0,0,0,-1,0,0,0,0,-1,0,0,0,0,-1,0,0,0,0,-1,0,0,0,0,-1,0,0,0,0,-1,0,0,0,0,-1,0,0,0,0,-1,0,0,0,0,6,22,38,0,3,20,180
1537,1041,fd,1,164,80,0,4,4,2,1056,0,2,0,0,0,1,0,2,192,80,128,0,64917,2100,3381,2,0,3,0,0,4,0,0,0,64,1,1,0,0,192,123,128,0,0,0,0,0,0,0,0,0,0,0,0,0,0,0,0,0,0,-1,0,0,0,0,-1,0,0,0,0,-1,0,0,0,0,-1,0,0,0,0,-1,0,0,0,0,-1,0,0,0,0,-1,0,0,0,0,-1,0,0,0,0,-1,0,0,0,0,-1,0,0,0,0,-1,0,0,0,0,-1,0,0,0,0,5,21,37,0,3,21,180
1538,1042,fd,1,164,80,0,4,4,2,1056,0,2,0,0,0,1,0,2,192,80,128,0,64916,2100,3380,2,0,3,0,0,4,0,0,0,64,1,1,0,0,192,121,0,0,0,0,0,0,0,0,0,0,0,0,0,0,0,0,0,0,0,-1,0,0,0,0,-1,0,0,0,0,-1,0,0,0,0,-1,0,0,0,0,-1,0,0,0,0,-1,0,0,0,0,-1,0,0,0,0,-1,0,0,0,0,-1,0,0,0,0,-1,0,0,0,0,-1,0,0,0,0,-1,0,0,0,0,4,20,36,0,3,22,180
1539,1043,fd,1,164,80,0,4,4,2,1056,0,2,0,0,0,1,0,2,192,80,128,0,64915,2100,3379,2,0,3,0,0,4,0,0,0,64,1,1,0,0,192,120,128,0,0,0,0,0,0,0,0,0,0,0,0,0,0,0,0,0,0,-1,0,0,0,0,-1,0,0,0,0,-1,0,0,0,0,-1,0,0,0,0,-1,0,0,0,0,-1,0,0,0,0,-1,0,0,0,0,-1,0,0,0,0,-1,0,0,0,0,-1,0,0,0,0,-1,0,0,0,0,-1,0,0,0,0,3,19,35,0,3,23,180
1540,1044,fd,1,164,80,0,4,4,2,1056,0,2,0,0,0,1,0,2,192,80,128,0,64914,2100,3378,2,0,3,0,0,4,0,0,0,64,1,1,0,0,192,118,0,0,0,0,0,0,0,0,0,0,0,0,0,0,0,0,0,0,0,-1,0,0,0,0,-1,0,0,0,0,-1,0,0,0,0,-1,0,0,0,0,-1,0,0,0,0,-1,0,0,0,0,-1,0,0,0,0,-1,0,0,0,0,-1,0,0,0,0,-1,0,0,0,0,-1,0,0,0,0,-1,0,0,0,0,2,18,34,0,3,24,180
1541,1045,fd,1,164,80,0,4,4,2,1056,0,2,0,0,0,1,0,2,192,80,128,0,64913,2100,3377,2,0,3,0,0,4,0,0,0,64,1,1,0,0,192,117,128,0,0,0,0,0,0,0,0,0,0,0,0,0,0,0,0,0,0,-1,0,0,0,0,-1,0,0,0,0,-1,0,0,0,0,-1,0,0,0,0,-1,0,0,0,0,-1,0,0,0,0,-1,0,0,0,0,-1,0,0,0,0,-1,0,0,0,0,-1,0,0,0,0,-1,0,0,0,0,-1,0,0,0,0,1,17,33,0,3,25,180
1542,1046,fd,1,164,80,0,4,4,2,1056,0,2,0,0,0,1,0,2,192,80,128,0,64912,2100,3376,2,0,3,0,0,4,0,0,0,64,1,1,0,0,192,115,0,0,0,0,0,0,0,0,0,0,0,0,0,0,0,0,0,0,0,-1,0,0,0,0,-1,0,0,0,0,-1,0,0,0,0,-1,0,0,0,0,-1,0,0,0,0,-1,0,0,0,0,-1,0,0,0,0,-1,0,0,0,0,-1,0,0,0,0,-1,0,0,0,0,-1,0,0,0,0,-1,0,0,0,0,0,16,32,0,3,26,180
1543,1047,fd,1,164,80,0,4,4,2,1056,0,2,0,0,0,1,0,2,192,80,128,0,64911,2100,3375,2,0,3,0,0,4,0,0,0,64,1,1,0,0,192,114,128,0,0,0,0,0,0,0,0,0,0,0,0,0,0,0,0,0,0,-1,0,0,0,0,-1,0,0,0,0,-1,0,0,0,0,-1,0,0,0,0,-1,0,0,0,0,-1,0,0,0,0,-1,0,0,0,0,-1,0,0,0,0,-1,0,0,0,0,-1,0,0,0,0,-1,0,0,0,0,-1,0,0,0,0,255,15,31,0,3,27,180
1544,1048,fd,1,164,80,0,4,4,2,1056,0,2,0,0,0,1,0,2,192,80,128,0,64910,2100,3374,2,0,3,0,0,4,0,0,0,64,1,1,0,0,192,112,0,0,0,0,0,0,0,0,0,0,0,0,0,0,0,0,0,0,0,-1,0,0,0,0,-1,0,0,0,0,-1,0,0,0,0,-1,0,0,0,0,-1,0,0,0,0,-1,0,0,0,0,-1,0,0,0,0,-1,0,0,0,0,-1,0,0,0,0,-1,0,0,0,0,-1,0,0,0,0,-1,0,0,0,0,254,14,30,0,3,28,180
1545,1049,fd,1,164,80,0,4,4,2,1056,0,2,0,0,0,1,0,2,192,80,128,0,64909,2100,3373,2,0,3,0,0,4,0,0,0,64,1,1,0,0,192,111,128,0,0,0,0,0,0,0,0,0,0,0,0,0,0,0,0,0,0,-1,0,0,0,0,-1,0,0,0,0,-1,0,0,0,0,-1,0,0,0,0,-1,0,0,0,0,-1,0,0,0,0,-1,0,0,0,0,-1,0,0,0,0,-1,0,0,0,0,-1,0,0,0,0,-1,0,0,0,0,-1,0,0,0,0,253,13,29,0,3,29,180
1546,1050,fd,1,164,80,0,4,4,2,1056,0,2,0,0,0,1,0,2,192,80,128,0,64908,2100,3372,2,0,3,0,0,4,0,0,0,64,1,1,0,0,192,109,0,0,0,0,0,0,0,0,0,0,0,0,0,0,0,0,0,0,0,-1,0,0,0,0,-1,0,0,0,0,-1,0,0,0,0,-1,0,0,0,0,-1,0,0,0,0,-1,0,0,0,0,-1,0,0,0,0,-1,0,0,0,0,-1,0,0,0,0,-1,0,0,0,0,-1,0,0,0,0,-1,0,0,0,0,252,12,28,0,3,30,180
1547,1051,fd,1,164,80,0,4,4,2,1056,0,2,0,0,0,1,0,2,192,80,128,0,64907,2100,3371,2,0,3,0,0,4,0,0,0,64,1,1,0,0,192,108,128,0,0,0,0,0,0,0,0,0,0,0,0,0,0,0,0,0,0,-1,0,0,0,0,-1,0,0,0,0,-1,0,0,0,0,-1,0,0,0,0,-1,0,0,0,0,-1,0,0,0,0,-1,0,0,0,0,-1,0,0,0,0,-1,0,0,0,0,-1,0,0,0,0,-1,0,0,0,0,-1,0,0,0,0,251,11,27,0,3,31,180
1548,1052,fd,1,164,80,0,4,4,2,1056,0,2,0,0,0,1,0,2,192,80,128,0,64906,2100,3370,2,0,3,0,0,4,0,0,0,64,1,1,0,0,192,106,0,0,0,0,0,0,0,0,0,0,0,0,0,0,0,0,0,0,0,-1,0,0,0,0,-1,0,0,0,0,-1,0,0,0,0,-1,0,0,0,0,-1,0,0,0,0,-1,0,0,0,0,-1,0,0,0,0,-1,0,0,0,0,-1,0,0,0,0,-1,0,0,0,0,-1,0,0,0,0,-1,0,0,0,0,250,10,26,0,3,32,180
1549,1053,fd,7,164,80,0,4,4,2,0,0,2,0,0,31,0,1,6,192,79,128,0,64906,2100,3369,2,0,3,0,1,4,0,0,0,64,1,1,0,6,192,108,0,0,0,0,0,0,0,0,0,0,0,0,0,0,0,0,0,0,0,-1,0,0,0,0,-1,0,0,0,0,-1,0,0,0,0,-1,0,0,0,0,-1,0,0,0,0,-1,0,0,0,0,-1,0,0,0,0,-1,0,0,0,0,-1,0,0,0,0,-1,0,0,0,0,-1,0,0,0,0,-1,0,0,0,0,250,10,26,0,3,33,180
1550,1054,fd,7,164,80,0,4,4,2,0,0,2,0,0,30,0,1,6,192,78,128,0,64906,2100,3368,2,0,3,0,1,4,0,0,0,64,1,1,0,6,192,110,0,0,0,0,0,0,0,0,0,0,0,0,0,0,0,0,0,0,0,-1,0,0,0,0,-1,0,0,0,0,-1,0,0,0,0,-1,0,0,0,0,-1,0,0,0,0,-1,0,0,0,0,-1,0,0,0,0,-1,0,0,0,0,-1,0,0,0,0,-1,0,0,0,0,-1,0,0,0,0,-1,0,0,0,0,250,10,26,0,3,34,180
1551,1055,fd,7,164,80,0,4,4,2,0,0,2,0,0,29,0,1,6,192,77,128,0,64906,2100,3367,2,0,3,0,1,4,0,0,0,64,1,1,0,6,192,112,0,0,0,0,0,0,0,0,0,0,0,0,0,0,0,0,0,0,0,-1,0,0,0,0,-1,0,0,0,0,-1,0,0,0,0,-1,0,0,0,0,-1,0,0,0,0,-1,0,0,0,0,-1,0,0,0,0,-1,0,0,0,0,-1,0,0,0,0,-1,0,0,0,0,-1,0,0,0,0,-1,0,0,0,0,250,10,26,0,3,35,180
1552,1056,fd,7,164,80,0,4,4,2,0,0,2,0,0,28,0,1,6,192,76,128,0,64906,2100,3366,2,0,3,0,1,4,0,0,0,64,1,1,0,6,192,114,0,0,0,0,0,0,0,0,0,0,0,0,0,0,0,0,0,0,0,-1,0,0,0,0,-1,0,0,0,0,-1,0,0,0,0,-1,0,0,0,0,-1,0,0,0,0,-1,0,0,0,0,-1,0,0,0,0,-1,0,0,0,0,-1,0,0,0,0,-1,0,0,0,0,-1,0,0,0,0,-1,0,0,0,0,250,10,26,0,3,36,180
1553,1057,fd,7,164,80,0,4,4,2,0,0,2,0,0,27,0,1,6,192,75,128,0,64906,2100,3365,2,0,3,0,1,4,0,0,0,64,1,1,0,6,192,116,0,0,0,0,0,0,0,0,0,0,0,0,0,0,0,0,0,0,0,-1,0,0,0,0,-1,0,0,0,0,-1,0,0,0,0,-1,0,0,0,0,-1,0,0,0,0,-1,0,0,0,0,-1,0,0,0,0,-1,0,0,0,0,-1,0,0,0,0,-1,0,0,0,0,-1,0,0,0,0,-1,0,0,0,0,250,10,26,0,3,37,180
1554,1058,fd,7,164,80,0,4,4,2,0,0,2,0,0,26,0,1,6,192,74,128,0,64906,2100,3364,2,0,3,0,1,4,0,0,0,64,1,1,0,6,192,118,0,0,0,0,0,0,0,0,0,0,0,0,0,0,0,0,0,0,0,-1,0,0,0,0,-1,0,0,0,0,-1,0,0,0,0,-1,0,0,0,0,-1,0,0,0,0,-1,0,0,0,0,-1,0,0,0,0,-1,0,0,0,0,-1,0,0,0,0,-1,0,0,0,0,-1,0,0,0,0,-1,0,0,0,0,250,10,26,0,3,38,180
1555,1059,fd,7,164,80,0,4,4,2,0,0,2,0,0,25,0,1,6,192,73,128,0,64906,2100,3363,2,0,3,0,1,4,0,0,0,64,1,1,0,6,192,120,0,0,0,0,0,0,0,0,0,0,0,0,0,0,0,0,0,0,0,-1,0,0,0,0,-1,0,0,0,0,-1,0,0,0,0,-1,0,0,0,0,-1,0,0,0,0,-1,0,0,0,0,-1,0,0,0,0,-1,0,0,0,0,-1,0,0,0,0,-1,0,0,0,0,-1,0,0,0,0,-1,0,0,0,0,250,10,26,0,3,39,180
1556,1060,fd,7,164,80,0,4,4,2,0,0,2,0,0,24,0,1,6,192,72,128,0,64906,2100,3362,2,0,3,0,1,4,0,0,0,64,1,1,0,6,192,122,0,0,0,0,0,0,0,0,0,0,0,0,0,0,0,0,0,0,0,-1,0,0,0,0,-1,0,0,0,0,-1,0,0,0,0,-1,0,0,0,0,-1,0,0,0,0,-1,0,0,0,0,-1,0,0,0,0,-1,0,0,0,0,-1,0,0,0,0,-1,0,0,0,0,-1,0,0,0,0,-1,0,0,0,0,250,10,26,0,3,40,180
1557,1061,fd,7,164,80,0,4,4,2,0,0,2,0,0,23,0,1,6,192,71,128,0,64906,2100,3361,2,0,3,0,1,4,0,0,0,64,1,1,0,6,192,124,0,0,0,0,0,0,0,0,0,0,0,0,0,0,0,0,0,0,0,-1,0,0,0,0,-1,0,0,0,0,-1,0,0,0,0,-1,0,0,0,0,-1,0,0,0,0,-1,0,0,0,0,-1,0,0,0,0,-1,0,0,0,0,-1,0,0,0,0,-1,0,0,0,0,-1,0,0,0,0,-1,0,0,0,0,250,10,26,0,3,41,180
1558,1062,fd,7,164,80,0,4,4,2,0,0,2,0,0,22,0,1,6,192,70,128,0,64906,2100,3360,2,0,3,0,1,4,0,0,0,64,1,1,0,6,192,126,0,0,0,0,0,0,0,0,0,0,0,0,0,0,0,0,0,0,0,-1,0,0,0,0,-1,0,0,0,0,-1,0,0,0,0,-1,0,0,0,0,-1,0,0,0,0,-1,0,0,0,0,-1,0,0,0,0,-1,0,0,0,0,-1,0,0,0,0,-1,0,0,0,0,-1,0,0,0,0,-1,0,0,0,0,250,10,26,0,3,42,180
1559,1063,fd,7,164,80,0,4,4,2,0,0,2,0,0,21,0,1,6,192,69,128,0,64906,2100,3359,2,0,3,0,1,4,0,0,0,64,1,1,0,6,192,128,0,0,0,0,0,0,0,0,0,0,0,0,0,0,0,0,0,0,0,-1,0,0,0,0,-1,0,0,0,0,-1,0,0,0,0,-1,0,0,0,0,-1,0,0,0,0,-1,0,0,0,0,-1,0,0,0,0,-1,0,0,0,0,-1,0,0,0,0,-1,0,0,0,0,-1,0,0,0,0,-1,0,0,0,0,250,10,26,0,3,43,180
1560,1064,fd,7,164,80,0,4,4,2,0,0,2,0,0,20,0,1,6,192,68,128,0,64906,2100,3358,2,0,3,0,1,4,0,0,0,64,1,1,0,6,192,130,0,0,0,0,0,0,0,0,0,0,0,0,0,0,0,0,0,0,0,-1,0,0,0,0,-1,0,0,0,0,-1,0,0,0,0,-1,0,0,0,0,-1,0,0,0,0,-1,0,0,0,0,-1,0,0,0,0,-1,0,0,0,0,-1,0,0,0,0,-1,0,0,0,0,-1,0,0,0,0,-1,0,0,0,0,250,10,26,0,3,44,180
1561,1065,fd,7,164,80,0,4,4,2,0,0,2,0,0,19,0,1,6,192,67,128,0,64906,2100,3357,2,0,3,0,1,4,0,0,0,64,1,1,0,6,192,132,0,0,0,0,0,0,0,0,0,0,0,0,0,0,0,0,0,0,0,-1,0,0,0,0,-1,0,0,0,0,-1,0,0,0,0,-1,0,0,0,0,-1,0,0,0,0,-1,0,0,0,0,-1,0,0,0,0,-1,0,0,0,0,-1,0,0,0,0,-1,0,0,0,0,-1,0,0,0,0,-1,0,0,0,0,250,10,26,0,3,45,180
1562,1066,fd,7,164,80,0,4,4,2,0,0,2,0,0,18,0,1,6,192,66,128,0,64906,2100,3356,2,0,3,0,1,4,0,0,0,64,1,1,0,6,192,134,0,0,0,0,0,0,0,0,0,0,0,0,0,0,0,0,0,0,0,-1,0,0,0,0,-1,0,0,0,0,-1,0,0,0,0,-1,0,0,0,0,-1,0,0,0,0,-1,0,0,0,0,-1,0,0,0,0,-1,0,0,0,0,-1,0,0,0,0,-1,0,0,0,0,-1,0,0,0,0,-1,0,0,0,0,250,10,26,0,3,46,180
1563,1067,fd,7,164,80,0,4,4,2,0,0,2,0,0,17,0,1,6,192,65,128,0,64906,2100,3355,2,0,3,0,1,4,0,0,0,64,1,1,0,6,192,136,0,0,0,0,0,0,0,0,0,0,0,0,0,0,0,0,0,0,0,-1,0,0,0,0,-1,0,0,0,0,-1,0,0,0,0,-1,0,0,0,0,-1,0,0,0,0,-1,0,0,0,0,-1,0,0,0,0,-1,0,0,0,0,-1,0,0,0,0,-1,0,0,0,0,-1,0,0,0,0,-1,0,0,0,0,250,10,26,0,3,47,180
1564,1068,fd,7,164,80,0,4,4,2,0,0,2,0,0,16,0,1,6,192,64,128,0,64906,2100,3354,2,0,3,0,1,4,0,0,0,64,1,1,0,6,192,138,0,0,0,0,0,0,0,0,0,0,0,0,0,0,0,0,0,0,0,-1,0,0,0,0,-1,0,0,0,0,-1,0,0,0,0,-1,0,0,0,0,-1,0,0,0,0,-1,0,0,0,0,-1,0,0,0,0,-1,0,0,0,0,-1,0,0,0,0,-1,0,0,0,0,-1,0,0,0,0,-1,0,0,0,0,250,10,26,0,3,48,180
1565,1069,fd,7,164,80,0,4,4,2,0,0,2,0,0,15,0,1,6,192,63,128,0,64906,2100,3353,2,0,3,0,1,4,0,0,0,64,1,1,0,6,192,140,0,0,0,0,0,0,0,0,0,0,0,0,0,0,0,0,0,0,0,-1,0,0,0,0,-1,0,0,0,0,-1,0,0,0,0,-1,0,0,0,0,-1,0,0,0,0,-1,0,0,0,0,-1,0,0,0,0,-1,0,0,0,0,-1,0,0,0,0,-1,0,0,0,0,-1,0,0,0,0,-1,0,0,0,0,250,10,26,0,3,49,180
1566,1070,fd,7,164,80,0,4,4,2,0,0,2,0,0,14,0,1,6,192,62,128,0,64906,2100,3352,2,0,3,0,1,4,0,0,0,64,1,1,0,6,192,142,0,0,0,0,0,0,0,0,0,0,0,0,0,0,0,0,0,0,0,-1,0,0,0,0,-1,0,0,0,0,-1,0,0,0,0,-1,0,0,0,0,-1,0,0,0,0,-1,0,0,0,0,-1,0,0,0,0,-1,0,0,0,0,-1,0,0,0,0,-1,0,0,0,0,-1,0,0,0,0,-1,0,0,0,0,250,10,26,0,3,50,180
1567,1071,fd,7,164,80,0,4,4,2,0,0,2,0,0,13,0,1,6,192,61,128,0,64906,2100,3351,2,0,3,0,1,4,0,0,0,64,1,1,0,6,192,144,0,0,0,0,0,0,0,0,0,0,0,0,0,0,0,0,0,0,0,-1,0,0,0,0,-1,0,0,0,0,-1,0,0,0,0,-1,0,0,0,0,-1,0,0,0,0,-1,0,0,0,0,-1,0,0,0,0,-1,0,0,0,0,-1,0,0,0,0,-1,0,0,0,0,-1,0,0,0,0,-1,0,0,0,0,250,10,26,0,3,51,180
1568,1072,fd,7,164,80,0,4,4,2,0,0,2,0,0,12,0,1,6,192,60,128,0,64906,2100,3350,2,0,3,0,1,4,0,0,0,64,1,1,0,6,192,146,0,0,0,0,0,0,0,0,0,0,0,0,0,0,0,0,0,0,0,-1,0,0,0,0,-1,0,0,0,0,-1,0,0,0,0,-1,0,0,0,0,-1,0,0,0,0,-1,0,0,0,0,-1,0,0,0,0,-1,0,0,0,0,-1,0,0,0,0,-1,0,0,0,0,-1,0,0,0,0,-1,0,0,0,0,250,10,26,0,3,52,180
1569,1073,fd,7,164,80,0,4,4,2,0,0,2,0,0,11,0,1,6,192,59,128,0,64906,2100,3349,2,0,3,0,1,4,0,0,0,64,1,1,0,6,192,148,0,0,0,0,0,0,0,0,0,0,0,0,0,0,0,0,0,0,0,-1,0,0,0,0,-1,0,0,0,0,-1,0,0,0,0,-1,0,0,0,0,-1,0,0,0,0,-1,0,0,0,0,-1,0,0,0,0,-1,0,0,0,0,-1,0,0,0,0,-1,0,0,0,0,-1,0,0,0,0,-1,0,0,0,0,250,10,26,0,3,53,180
1570,1074,fd,7,164,80,0,4,4,2,0,0,2,0,0,10,0,1,6,192,58,128,0,64906,2100,3348,2,0,3,0,1,4,0,0,0,64,1,1,0,6,192,150,0,0,0,0,0,0,0,0,0,0,0,0,0,0,0,0,0,0,0,-1,0,0,0,0,-1,0,0,0,0,-1,0,0,0,0,-1,0,0,0,0,-1,0,0,0,0,-1,0,0,0,0,-1,0,0,0,0,-1,0,0,0,0,-1,0,0,0,0,-1,0,0,0,0,-1,0,0,0,0,-1,0,0,0,0,250,10,26,0,3,54,180
1571,1075,fd,7,164,80,0,4,4,2,0,0,2,0,0,9,0,1,6,192,57,128,0,64906,2100,3347,2,0,3,0,1,4,0,0,0,64,1,1,0,6,192,152,0,0,0,0,0,0,0,0,0,0,0,0,0,0,0,0,0,0,0,-1,0,0,0,0,-1,0,0,0,0,-1,0,0,0,0,-1,0,0,0,0,-1,0,0,0,0,-1,0,0,0,0,-1,0,0,0,0,-1,0,0,0,0,-1,0,0,0,0,-1,0,0,0,0,-1,0,0,0,0,-1,0,0,0,0,250,10,26,0,3,55,180
1572,1076,fd,7,164,80,0,4,4,2,0,0,2,0,0,8,0,1,6,192,56,128,0,64906,2100,3346,2,0,3,0,1,4,0,0,0,64,1,1,0,6,192,154,0,0,0,0,0,0,0,0,0,0,0,0,0,0,0,0,0,0,0,-1,0,0,0,0,-1,0,0,0,0,-1,0,0,0,0,-1,0,0,0,0,-1,0,0,0,0,-1,0,0,0,0,-1,0,0,0,0,-1,0,0,0,0,-1,0,0,0,0,-1,0,0,0,0,-1,0,0,0,0,-1,0,0,0,0,250,10,26,0,3,56,180
1573,1077,fd,7,164,80,0,4,4,2,0,0,2,0,0,7,0,1,6,192,55,128,0,64906,2100,3345,2,0,3,0,1,4,0,0,0,64,1,1,0,6,192,156,0,0,0,0,0,0,0,0,0,0,0,0,0,0,0,0,0,0,0,-1,0,0,0,0,-1,0,0,0,0,-1,0,0,0,0,-1,0,0,0,0,-1,0,0,0,0,-1,0,0,0,0,-1,0,0,0,0,-1,0,0,0,0,-1,0,0,0,0,-1,0,0,0,0,-1,0,0,0,0,-1,0,0,0,0,250,10,26,0,3,57,180
1574,1078,fd,7,164,80,0,4,4,2,0,0,2,0,0,6,0,1,6,192,54,128,0,64906,2100,3344,2,0,3,0,1,4,0,0,0,64,1,1,0,6,192,158,0,0,0,0,0,0,0,0,0,0,0,0,0,0,0,0,0,0,0,-1,0,0,0,0,-1,0,0,0,0,-1,0,0,0,0,-1,0,0,0,0,-1,0,0,0,0,-1,0,0,0,0,-1,0,0,0,0,-1,0,0,0,0,-1,0,0,0,0,-1,0,0,0,0,-1,0,0,0,0,-1,0,0,0,0,250,10,26,0,3,58,180
1575,1079,fd,7,164,80,0,4,4,2,0,0,2,0,0,5,0,1,6,192,53,128,0,64906,2100,3343,2,0,3,0,1,4,0,0,0,64,1,1,0,6,192,160,0,0,0,0,0,0,0,0,0,0,0,0,0,0,0,0,0,0,0,-1,0,0,0,0,-1,0,0,0,0,-1,0,0,0,0,-1,0,0,0,0,-1,0,0,0,0,-1,0,0,0,0,-1,0,0,0,0,-1,0,0,0,0,-1,0,0,0,0,-1,0,0,0,0,-1,0,0,0,0,-1,0,0,0,0,250,10,26,0,3,59,180
1576,1080,fd,7,164,80,0,4,4,2,0,0,2,0,0,4,0,1,6,192,52,128,0,64906,2100,3342,2,0,3,0,1,4,0,0,0,64,1,1,0,6,192,162,0,0,0,0,0,0,0,0,0,0,0,0,0,0,0,0,0,0,0,-1,0,0,0,0,-1,0,0,0,0,-1,0,0,0,0,-1,0,0,0,0,-1,0,0,0,0,-1,0,0,0,0,-1,0,0,0,0,-1,0,0,0,0,-1,0,0,0,0,-1,0,0,0,0,-1,0,0,0,0,-1,0,0,0,0,250,10,26,0,3,60,180
1577,1081,fd,7,164,80,0,4,4,2,0,0,2,0,0,3,0,1,6,192,51,128,0,64906,2100,3341,2,0,3,0,1,4,0,0,0,64,1,1,0,6,192,164,0,0,0,0,0,0,0,0,0,0,0,0,0,0,0,0,0,0,0,-1,0,0,0,0,-1,0,0,0,0,-1,0,0,0,0,-1,0,0,0,0,-1,0,0,0,0,-1,0,0,0,0,-1,0,0,0,0,-1,0,0,0,0,-1,0,0,0,0,-1,0,0,0,0,-1,0,0,0,0,-1,0,0,0,0,250,10,26,0,3,61,180
1578,1082,fd,7,164,80,0,4,4,2,0,0,2,0,0,2,0,1,6,192,50,128,0,64906,2100,3340,2,0,3,0,1,4,0,0,0,64,1,1,0,6,192,166,0,0,0,0,0,0,0,0,0,0,0,0,0,0,0,0,0,0,0,-1,0,0,0,0,-1,0,0,0,0,-1,0,0,0,0,-1,0,0,0,0,-1,0,0,0,0,-1,0,0,0,0,-1,0,0,0,0,-1,0,0,0,0,-1,0,0,0,0,-1,0,0,0,0,-1,0,0,0,0,-1,0,0,0,0,250,10,26,0,3,62,180
1579,1083,fd,7,164,80,0,4,4,2,0,0,2,0,0,1,0,1,6,192,49,128,0,64906,2100,3339,2,0,3,0,1,4,0,0,0,64,1,1,0,6,192,168,0,0,0,0,0,0,0,0,0,0,0,0,0,0,0,0,0,0,0,-1,0,0,0,0,-1,0,0,0,0,-1,0,0,0,0,-1,0,0,0,0,-1,0,0,0,0,-1,0,0,0,0,-1,0,0,0,0,-1,0,0,0,0,-1,0,0,0,0,-1,0,0,0,0,-1,0,0,0,0,-1,0,0,0,0,250,10,26,0,3,63,180
1580,1084,fd,7,164,80,0,4,4,2,0,0,2,0,0,0,0,1,6,192,48,128,0,64906,2100,3338,2,0,3,0,1,4,0,0,0,64,1,1,0,6,192,170,0,0,0,0,0,0,0,0,0,0,0,0,0,0,0,0,0,0,0,-1,0,0,0,0,-1,0,0,0,0,-1,0,0,0,0,-1,0,0,0,0,-1,0,0,0,0,-1,0,0,0,0,-1,0,0,0,0,-1,0,0,0,0,-1,0,0,0,0,-1,0,0,0,0,-1,0,0,0,0,-1,0,0,0,0,250,10,26,0,3,64,180
1581,1085,fd,7,164,80,0,4,4,2,32,0,2,0,0,0,0,1,6,192,47,128,0,64906,2100,3337,2,0,3,0,1,4,0,0,0,64,1,1,0,6,192,172,0,0,0,0,0,0,0,0,0,0,0,0,0,0,0,0,0,0,0,-1,0,0,0,0,-1,0,0,0,0,-1,0,0,0,0,-1,0,0,0,0,-1,0,0,0,0,-1,0,0,0,0,-1,0,0,0,0,-1,0,0,0,0,-1,0,0,0,0,-1,0,0,0,0,-1,0,0,0,0,-1,0,0,0,0,250,10,26,0,3,65,180
1582,1086,fd,7,164,80,0,4,4,2,64,0,2,0,0,0,0,1,6,192,46,128,0,64906,2100,3336,2,0,3,0,1,4,0,0,0,64,1,1,0,6,192,174,0,0,0,0,0,0,0,0,0,0,0,0,0,0,0,0,0,0,0,-1,0,0,0,0,-1,0,0,0,0,-1,0,0,0,0,-1,0,0,0,0,-1,0,0,0,0,-1,0,0,0,0,-1,0,0,0,0,-1,0,0,0,0,-1,0,0,0,0,-1,0,0,0,0,-1,0,0,0,0,-1,0,0,0,0,250,10,26,0,3,66,180
1583,1087,fd,7,164,80,0,4,4,2,96,0,2,0,0,0,0,1,6,192,45,128,0,64906,2100,3335,2,0,3,0,1,4,0,0,0,64,1,1,0,6,192,176,0,0,0,0,0,0,0,0,0,0,0,0,0,0,0,0,0,0,0,-1,0,0,0,0,-1,0,0,0,0,-1,0,0,0,0,-1,0,0,0,0,-1,0,0,0,0,-1,0,0,0,0,-1,0,0,0,0,-1,0,0,0,0,-1,0,0,0,0,-1,0,0,0,0,-1,0,0,0,0,-1,0,0,0,0,250,10,26,0,3,67,180
1584,1088,fd,7,164,80,0,4,4,2,128,0,2,0,0,0,0,1,6,192,44,128,0,64906,2100,3334,2,0,3,0,1,4,0,0,0,64,1,1,0,6,192,178,0,0,0,0,0,0,0,0,0,0,0,0,0,0,0,0,0,0,0,-1,0,0,0,0,-1,0,0,0,0,-1,0,0,0,0,-1,0,0,0,0,-1,0,0,0,0,-1,0,0,0,0,-1,0,0,0,0,-1,0,0,0,0,-1,0,0,0,0,-1,0,0,0,0,-1,0,0,0,0,-1,0,0,0,0,250,10,26,0,3,68,180
1585,1089,fd,7,164,80,0,4,4,2,160,0,2,0,0,0,0,1,6,192,43,128,0,64906,2100,3333,2,0,3,0,1,4,0,0,0,64,1,1,0,6,192,180,0,0,0,0,0,0,0,0,0,0,0,0,0,0,0,0,0,0,0,-1,0,0,0,0,-1,0,0,0,0,-1,0,0,0,0,-1,0,0,0,0,-1,0,0,0,0,-1,0,0,0,0,-1,0,0,0,0,-1,0,0,0,0,-1,0,0,0,0,-1,0,0,0,0,-1,0,0,0,0,-1,0,0,0,0,250,10,26,0,3,69,180
1586,1090,fd,7,164,80,0,4,4,2,192,0,2,0,0,0,0,1,6,192,42,128,0,64906,2100,3332,2,0,3,0,1,4,0,0,0,64,1,1,0,6,192,182,0,0,0,0,0,0,0,0,0,0,0,0,0,0,0,0,0,0,0,-1,0,0,0,0,-1,0,0,0,0,-1,0,0,0,0,-1,0,0,0,0,-1,0,0,0,0,-1,0,0,0,0,-1,0,0,0,0,-1,0,0,0,0,-1,0,0,0,0,-1,0,0,0,0,-1,0,0,0,0,-1,0,0,0,0,250,10,26,0,3,70,180
1587,1091,fd,7,164,80,0,4,4,2,224,0,2,0,0,0,0,1,6,192,41,128,0,64906,2100,3331,2,0,3,0,1,4,0,0,0,64,1,1,0,6,192,184,0,0,0,0,0,0,0,0,0,0,0,0,0,0,0,0,0,0,0,-1,0,0,0,0,-1,0,0,0,0,-1,0,0,0,0,-1,0,0,0,0,-1,0,0,0,0,-1,0,0,0,0,-1,0,0,0,0,-1,0,0,0,0,-1,0,0,0,0,-1,0,0,0,0,-1,0,0,0,0,-1,0,0,0,0,250,10,26,0,3,71,180
1588,1092,fd,7,165,80,0,4,4,2,256,0,2,0,0,0,0,1,6,192,40,128,0,64906,2100,3330,2,0,3,0,1,4,0,0,0,64,1,1,0,6,192,186,0,0,0,0,0,0,0,0,0,0,0,0,0,0,0,0,0,0,0,-1,0,0,0,0,-1,0,0,0,0,-1,0,0,0,0,-1,0,0,0,0,-1,0,0,0,0,-1,0,0,0,0,-1,0,0,0,0,-1,0,0,0,0,-1,0,0,0,0,-1,0,0,0,0,-1,0,0,0,0,-1,0,0,0,0,250,10,26,0,3,72,180
1589,1093,fd,7,166,80,0,4,4,2,288,0,2,0,0,0,0,1,6,192,39,128,0,64906,2100,3329,2,0,3,0,1,4,0,0,0,64,1,1,0,6,192,188,0,0,0,0,0,0,0,0,0,0,0,0,0,0,0,0,0,0,0,-1,0,0,0,0,-1,0,0,0,0,-1,0,0,0,0,-1,0,0,0,0,-1,0,0,0,0,-1,0,0,0,0,-1,0,0,0,0,-1,0,0,0,0,-1,0,0,0,0,-1,0,0,0,0,-1,0,0,0,0,-1,0,0,0,0,250,10,26,0,3,73,180
1590,1094,fd,7,167,80,0,4,4,2,320,0,2,0,0,0,0,1,6,192,38,128,0,64906,2100,3328,2,0,3,0,1,4,0,0,0,64,1,1,0,6,192,190,0,0,0,0,0,0,0,0,0,0,0,0,0,0,0,0,0,0,0,-1,0,0,0,0,-1,0,0,0,0,-1,0,0,0,0,-1,0,0,0,0,-1,0,0,0,0,-1,0,0,0,0,-1,0,0,0,0,-1,0,0,0,0,-1,0,0,0,0,-1,0,0,0,0,-1,0,0,0,0,-1,0,0,0,0,250,10,26,0,3,74,180
1591,1095,fd,7,168,80,0,4,4,2,352,0,2,0,0,0,0,1,6,192,37,128,0,64906,2100,3327,2,0,3,0,1,4,0,0,0,64,1,1,0,6,192,192,0,0,0,0,0,0,0,0,0,0,0,0,0,0,0,0,0,0,0,-1,0,0,0,0,-1,0,0,0,0,-1,0,0,0,0,-1,0,0,0,0,-1,0,0,0,0,-1,0,0,0,0,-1,0,0,0,0,-1,0,0,0,0,-1,0,0,0,0,-1,0,0,0,0,-1,0,0,0,0,-1,0,0,0,0,250,10,26,0,3,75,180
1592,1096,fd,7,169,80,0,4,4,2,384,0,2,0,0,0,0,1,6,192,36,128,0,64906,2100,3326,2,0,3,0,1,4,0,0,0,64,1,1,0,6,192,194,0,0,0,0,0,0,0,0,0,0,0,0,0,0,0,0,0,0,0,-1,0,0,0,0,-1,0,0,0,0,-1,0,0,0,0,-1,0,0,0,0,-1,0,0,0,0,-1,0,0,0,0,-1,0,0,0,0,-1,0,0,0,0,-1,0,0,0,0,-1,0,0,0,0,-1,0,0,0,0,-1,0,0,0,0,250,10,26,0,3,76,180
1593,1097,fd,7,170,80,0,4,4,2,416,0,2,0,0,0,0,1,6,192,35,128,0,64906,2100,3325,2,0,3,0,1,4,0,0,0,64,1,1,0,6,192,196,0,0,0,0,0,0,0,0,0,0,0,0,0,0,0,0,0,0,0,-1,0,0,0,0,-1,0,0,0,0,-1,0,0,0,0,-1,0,0,0,0,-1,0,0,0,0,-1,0,0,0,0,-1,0,0,0,0,-1,0,0,0,0,-1,0,0,0,0,-1,0,0,0,0,-1,0,0,0,0,-1,0,0,0,0,250,10,26,0,3,77,180
1594,1098,fd,7,171,80,0,4,4,2,448,0,2,0,0,0,0,1,6,192,34,128,0,64906,2100,3324,2,0,3,0,1,4,0,0,0,64,1,1,0,6,192,198,0,0,0,0,0,0,0,0,0,0,0,0,0,0,0,0,0,0,0,-1,0,0,0,0,-1,0,0,0,0,-1,0,0,0,0,-1,0,0,0,0,-1,0,0,0,0,-1,0,0,0,0,-1,0,0,0,0,-1,0,0,0,0,-1,0,0,0,0,-1,0,0,0,0,-1,0,0,0,0,-1,0,0,0,0,250,10,26,0,3,78,180
1595,1099,fd,7,172,80,0,4,4,2,480,0,2,0,0,0,0,1,6,192,33,128,0,64906,2100,3323,2,0,3,0,1,4,0,0,0,64,1,1,0,6,192,200,0,0,0,0,0,0,0,0,0,0,0,0,0,0,0,0,0,0,0,-1,0,0,0,0,-1,0,0,0,0,-1,0,0,0,0,-1,0,0,0,0,-1,0,0,0,0,-1,0,0,0,0,-1,0,0,0,0,-1,0,0,0,0,-1,0,0,0,0,-1,0,0,0,0,-1,0,0,0,0,-1,0,0,0,0,250,10,26,0,3,79,180
1596,1100,fd,7,174,80,0,4,4,2,512,0,2,0,0,0,0,1,6,192,32,128,0,64906,2100,3322,2,0,3,0,1,4,0,0,0,64,1,1,0,6,192,202,0,0,0,0,0,0,0,0,0,0,0,0,0,0,0,0,0,0,0,-1,0,0,0,0,-1,0,0,0,0,-1,0,0,0,0,-1,0,0,0,0,-1,0,0,0,0,-1,0,0,0,0,-1,0,0,0,0,-1,0,0,0,0,-1,0,0,0,0,-1,0,0,0,0,-1,0,0,0,0,-1,0,0,0,0,250,10,26,0,3,80,180
1597,1101,fd,7,176,80,0,4,4,2,544,0,2,0,0,0,0,1,6,192,31,128,0,64906,2100,3321,2,0,3,0,1,4,0,0,0,64,1,1,0,6,192,204,0,0,0,0,0,0,0,0,0,0,0,0,0,0,0,0,0,0,0,-1,0,0,0,0,-1,0,0,0,0,-1,0,0,0,0,-1,0,0,0,0,-1,0,0,0,0,-1,0,0,0,0,-1,0,0,0,0,-1,0,0,0,0,-1,0,0,0,0,-1,0,0,0,0,-1,0,0,0,0,-1,0,0,0,0,250,10,26,0,3,81,180
1598,1102,fd,7,178,80,0,4,4,2,576,0,2,0,0,0,0,1,6,192,30,128,0,64906,2100,3320,2,0,3,0,1,4,0,0,0,64,1,1,0,6,192,206,0,0,0,0,0,0,0,0,0,0,0,0,0,0,0,0,0,0,0,-1,0,0,0,0,-1,0,0,0,0,-1,0,0,0,0,-1,0,0,0,0,-1,0,0,0,0,-1,0,0,0,0,-1,0,0,0,0,-1,0,0,0,0,-1,0,0,0,0,-1,0,0,0,0,-1,0,0,0,0,-1,0,0,0,0,250,10,26,0,3,82,180
1599,1103,fd,7,180,80,0,4,4,2,608,0,2,0,0,0,0,1,6,192,29,128,0,64906,2100,3319,2,0,3,0,1,4,0,0,0,64,1,1,0,6,192,208,0,0,0,0,0,0,0,0,0,0,0,0,0,0,0,0,0,0,0,-1,0,0,0,0,-1,0,0,0,0,-1,0,0,0,0,-1,0,0,0,0,-1,0,0,0,0,-1,0,0,0,0,-1,0,0,0,0,-1,0,0,0,0,-1,0,0,0,0,-1,0,0,0,0,-1,0,0,0,0,-1,0,0,0,0,250,10,26,0,3,83,180
1600,1104,fd,7,182,80,0,4,4,2,640,0,2,0,0,0,0,1,6,192,28,128,0,64906,2100,3318,2,0,3,0,1,4,0,0,0,64,1,1,0,6,192,210,0,0,0,0,0,0,0,0,0,0,0,0,0,0,0,0,0,0,0,-1,0,0,0,0,-1,0,0,0,0,-1,0,0,0,0,-1,0,0,0,0,-1,0,0,0,0,-1,0,0,0,0,-1,0,0,0,0,-1,0,0,0,0,-1,0,0,0,0,-1,0,0,0,0,-1,0,0,0,0,-1,0,0,0,0,250,10,26,0,3,84,180
1601,1105,fd,7,184,80,0,4,4,2,672,0,2,0,0,0,0,1,6,192,27,128,0,64906,2100,3317,2,0,3,0,1,4,0,0,0,64,1,1,0,6,192,212,0,0,0,0,0,0,0,0,0,0,0,0,0,0,0,0,0,0,0,-1,0,0,0,0,-1,0,0,0,0,-1,0,0,0,0,-1,0,0,0,0,-1,0,0,0,0,-1,0,0,0,0,-1,0,0,0,0,-1,0,0,0,0,-1,0,0,0,0,-1,0,0,0,0,-1,0,0,0,0,-1,0,0,0,0,250,10,26,0,3,85,180
1602,1106,fd,7,186,80,0,4,4,2,704,0,2,0,0,0,0,1,6,192,26,128,0,64906,2100,3316,2,0,3,0,1,4,0,0,0,64,1,1,0,6,192,214,0,0,0,0,0,0,0,0,0,0,0,0,0,0,0,0,0,0,0,-1,0,0,0,0,-1,0,0,0,0,-1,0,0,0,0,-1,0,0,0,0,-1,0,0,0,0,-1,0,0,0,0,-1,0,0,0,0,-1,0,0,0,0,-1,0,0,0,0,-1,0,0,0,0,-1,0,0,0,0,-1,0,0,0,0,250,10,26,0,3,86,180
1603,1107,fd,7,188,80,0,4,4,2,736,0,2,0,0,0,0,1,6,192,25,128,0,64906,2100,3315,2,0,3,0,1,4,0,0,0,64,1,1,0,6,192,216,0,0,0,0,0,0,0,0,0,0,0,0,0,0,0,0,0,0,0,-1,0,0,0,0,-1,0,0,0,0,-1,0,0,0,0,-1,0,0,0,0,-1,0,0,0,0,-1,0,0,0,0,-1,0,0,0,0,-1,0,0,0,0,-1,0,0,0,0,-1,0,0,0,0,-1,0,0,0,0,-1,0,0,0,0,250,10,26,0,3,87,180
1604,1108,fd,7,191,80,0,4,4,2,768,0,2,0,0,0,0,1,6,192,24,128,0,64906,2100,3314,2,0,3,0,1,4,0,0,0,64,1,1,0,6,192,218,0,0,0,0,0,0,0,0,0,0,0,0,0,0,0,0,0,0,0,-1,0,0,0,0,-1,0,0,0,0,-1,0,0,0,0,-1,0,0,0,0,-1,0,0,0,0,-1,0,0,0,0,-1,0,0,0,0,-1,0,0,0,0,-1,0,0,0,0,-1,0,0,0,0,-1,0,0,0,0,-1,0,0,0,0,250,10,26,0,3,88,180
1605,1109,fd,7,194,80,0,4,4,2,800,0,2,0,0,0,0,1,6,192,23,128,0,64906,2100,3313,2,0,3,0,1,4,0,0,0,64,1,1,0,6,192,220,0,0,0,0,0,0,0,0,0,0,0,0,0,0,0,0,0,0,0,-1,0,0,0,0,-1,0,0,0,0,-1,0,0,0,0,-1,0,0,0,0,-1,0,0,0,0,-1,0,0,0,0,-1,0,0,0,0,-1,0,0,0,0,-1,0,0,0,0,-1,0,0,0,0,-1,0,0,0,0,-1,0,0,0,0,250,10,26,0,3,89,180
1606,1110,fd,7,197,80,0,4,4,2,832,0,2,0,0,0,0,1,6,192,22,128,0,64906,2100,3312,2,0,3,0,1,4,0,0,0,64,1,1,0,6,192,222,0,0,0,0,0,0,0,0,0,0,0,0,0,0,0,0,0,0,0,-1,0,0,0,0,-1,0,0,0,0,-1,0,0,0,0,-1,0,0,0,0,-1,0,0,0,0,-1,0,0,0,0,-1,0,0,0,0,-1,0,0,0,0,-1,0,0,0,0,-1,0,0,0,0,-1,0,0,0,0,-1,0,0,0,0,250,10,26,0,3,90,180
1607,1111,fd,7,200,80,0,4,4,2,864,0,2,0,0,0,0,1,6,192,21,128,0,64906,2100,3311,2,0,3,0,1,4,0,0,0,64,1,1,0,6,192,224,0,0,0,0,0,0,0,0,0,0,0,0,0,0,0,0,0,0,0,-1,0,0,0,0,-1,0,0,0,0,-1,0,0,0,0,-1,0,0,0,0,-1,0,0,0,0,-1,0,0,0,0,-1,0,0,0,0,-1,0,0,0,0,-1,0,0,0,0,-1,0,0,0,0,-1,0,0,0,0,-1,0,0,0,0,250,10,26,0,3,91,180
1608,1112,fd,7,203,80,0,4,4,2,896,0,2,0,0,0,0,1,6,192,20,128,0,64906,2100,3310,2,0,3,0,1,4,0,0,0,64,1,1,0,6,192,226,0,0,0,0,0,0,0,0,0,0,0,0,0,0,0,0,0,0,0,-1,0,0,0,0,-1,0,0,0,0,-1,0,0,0,0,-1,0,0,0,0,-1,0,0,0,0,-1,0,0,0,0,-1,0,0,0,0,-1,0,0,0,0,-1,0,0,0,0,-1,0,0,0,0,-1,0,0,0,0,-1,0,0,0,0,250,10,26,0,3,92,180
1609,1113,fd,7,206,80,0,4,4,2,928,0,2,0,0,0,0,1,6,192,19,128,0,64906,2100,3309,2,0,3,0,1,4,0,0,0,64,1,1,0,6,192,228,0,0,0,0,0,0,0,0,0,0,0,0,0,0,0,0,0,0,0,-1,0,0,0,0,-1,0,0,0,0,-1,0,0,0,0,-1,0,0,0,0,-1,0,0,0,0,-1,0,0,0,0,-1,0,0,0,0,-1,0,0,0,0,-1,0,0,0,0,-1,0,0,0,0,-1,0,0,0,0,-1,0,0,0,0,250,10,26,0,3,93,180
1610,1114,fd,8,209,80,0,4,4,2,960,0,2,0,0,40,0,1,6,192,18,128,0,64906,2100,3308,2,0,3,0,1,4,0,0,0,64,1,1,0,6,192,230,0,0,0,0,0,0,0,0,0,0,0,0,0,0,0,0,0,0,0,2,0,88,64,255,2,1,88,80,255,2,0,88,96,255,2,0,112,160,255,2,0,112,176,255,2,0,112,192,255,-1,0,0,0,0,-1,0,0,0,0,-1,0,0,0,0,-1,0,0,0,0,-1,0,0,0,0,-1,0,0,0,0,250,10,26,0,3,94,180
1611,1115,fd,8,209,80,0,4,4,2,960,0,2,0,0,39,0,1,6,192,17,128,0,64906,2100,3307,2,0,3,0,1,4,0,0,0,64,1,1,0,6,192,232,0,0,0,0,0,0,0,0,0,0,0,0,0,0,0,0,0,0,0,2,0,88,64,254,2,1,88,80,254,2,0,88,96,254,2,0,112,160,254,2,0,112,176,254,2,0,112,192,254,-1,0,0,0,0,-1,0,0,0,0,-1,0,0,0,0,-1,0,0,0,0,-1,0,0,0,0,-1,0,0,0,0,250,10,26,0,3,95,180
1612,1116,fd,8,209,80,0,4,4,2,960,0,2,0,0,38,0,1,6,192,16,128,0,64906,2100,3306,2,0,3,0,1,4,0,0,0,64,1,1,0,6,192,234,0,0,0,0,0,0,0,0,0,0,0,0,0,0,0,0,0,0,0,2,0,88,64,253,2,1,88,80,253,2,0,88,96,253,2,0,112,160,253,2,0,112,176,253,2,0,112,192,253,-1,0,0,0,0,-1,0,0,0,0,-1,0,0,0,0,-1,0,0,0,0,-1,0,0,0,0,-1,0,0,0,0,250,10,26,0,3,96,180
1613,1117,fd,8,209,80,0,4,4,2,960,0,2,0,0,37,0,1,6,192,15,128,0,64906,2100,3305,2,0,3,0,1,4,0,0,0,64,1,1,0,6,192,236,0,0,0,0,0,0,0,0,0,0,0,0,0,0,0,0,0,0,0,2,0,88,64,252,2,1,88,80,252,2,0,88,96,252,2,0,112,160,252,2,0,112,176,252,2,0,112,192,252,-1,0,0,0,0,-1,0,0,0,0,-1,0,0,0,0,-1,0,0,0,0,-1,0,0,0,0,-1,0,0,0,0,250,10,26,0,3,97,180
1614,1118,fd,8,209,80,0,4,4,2,960,0,2,0,0,36,0,1,6,192,14,128,0,64906,2100,3304,2,0,3,0,1,4,0,0,0,64,1,1,0,6,192,238,0,0,0,0,0,0,0,0,0,0,0,0,0,0,0,0,0,0,0,2,0,88,64,251,2,1,88,80,251,2,0,88,96,251,2,0,112,160,251,2,0,112,176,251,2,0,112,192,251,-1,0,0,0,0,-1,0,0,0,0,-1,0,0,0,0,-1,0,0,0,0,-1,0,0,0,0,-1,0,0,0,0,250,10,26,0,3,98,180
1615,1119,fd,8,209,80,0,4,4,2,960,0,2,0,0,35,0,1,6,192,13,128,0,64906,2100,3303,2,0,3,0,1,4,0,0,0,64,1,0,0,0,0,0,0,0,0,0,0,0,0,0,0,0,0,0,0,0,0,0,0,0,0,2,0,88,64,250,2,1,88,80,250,2,0,88,96,250,2,0,112,160,250,2,0,112,176,250,2,0,112,192,250,-1,0,0,0,0,-1,0,0,0,0,-1,0,0,0,0,-1,0,0,0,0,-1,0,0,0,0,-1,0,0,0,0,250,10,26,0,3,99,180
1616,1120,fd,8,209,80,0,4,4,2,960,0,2,0,0,34,0,1,6,192,12,128,0,64906,2100,3302,2,0,3,0,1,4,0,0,0,64,1,0,0,0,0,0,0,0,0,0,0,0,0,0,0,0,0,0,0,0,0,0,0,0,0,2,0,88,64,249,2,1,88,80,249,2,0,88,96,249,2,0,112,160,249,2,0,112,176,249,2,0,112,192,249,-1,0,0,0,0,-1,0,0,0,0,-1,0,0,0,0,-1,0,0,0,0,-1,0,0,0,0,-1,0,0,0,0,250,10,26,0,3,100,180
1617,1121,fd,8,209,80,0,4,4,2,960,0,2,0,0,33,0,1,6,192,11,128,0,64906,2100,3301,2,0,3,0,1,4,0,0,0,64,1,0,0,0,0,0,0,0,0,0,0,0,0,0,0,0,0,0,0,0,0,0,0,0,0,2,0,88,64,248,2,1,88,80,248,2,0,88,96,248,2,0,112,160,248,2,0,112,176,248,2,0,112,192,248,-1,0,0,0,0,-1,0,0,0,0,-1,0,0,0,0,-1,0,0,0,0,-1,0,0,0,0,-1,0,0,0,0,250,10,26,0,3,101,180
1618,1122,fd,8,209,80,0,4,4,2,960,0,2,0,0,32,0,1,6,192,10,128,0,64906,2100,3300,2,0,3,0,1,4,0,0,0,64,1,0,0,0,0,0,0,0,0,0,0,0,0,0,0,0,0,0,0,0,0,0,0,0,0,2,0,88,64,247,2,1,88,80,247,2,0,88,96,247,2,0,112,160,247,2,0,112,176,247,2,0,112,192,247,-1,0,0,0,0,-1,0,0,0,0,-1,0,0,0,0,-1,0,0,0,0,-1,0,0,0,0,-1,0,0,0,0,250,10,26,0,3,102,180
1619,1123,fd,8,209,80,0,4,4,2,960,0,2,0,0,31,0,1,6,192,9,128,0,64906,2100,3299,2,0,3,0,1,4,0,0,0,64,1,0,0,0,0,0,0,0,0,0,0,0,0,0,0,0,0,0,0,0,0,0,0,0,0,2,0,88,64,246,2,1,88,80,246,2,0,88,96,246,2,0,112,160,246,2,0,112,176,246,2,0,112,192,246,-1,0,0,0,0,-1,0,0,0,0,-1,0,0,0,0,-1,0,0,0,0,-1,0,0,0,0,-1,0,0,0,0,250,10,26,0,3,103,180
1620,1124,fd,8,209,80,0,4,4,2,960,0,2,0,0,30,0,1,6,192,8,128,0,64906,2100,3298,2,0,3,0,1,4,0,0,0,64,1,0,0,0,0,0,0,0,0,0,0,0,0,0,0,0,0,0,0,0,0,0,0,0,0,2,0,88,64,245,2,1,88,80,245,2,0,88,96,245,2,0,112,160,245,2,0,112,176,245,2,0,112,192,245,-1,0,0,0,0,-1,0,0,0,0,-1,0,0,0,0,-1,0,0,0,0,-1,0,0,0,0,-1,0,0,0,0,250,10,26,0,3,104,180
1621,1125,fd,8,209,80,0,4,4,2,960,0,2,0,0,29,0,1,6,192,7,128,0,64906,2100,3297,2,0,3,0,1,4,0,0,0,64,1,0,0,0,0,0,0,0,0,0,0,0,0,0,0,0,0,0,0,0,0,0,0,0,0,2,0,88,64,244,2,1,88,80,244,2,0,88,96,244,2,0,112,160,244,2,0,112,176,244,2,0,112,192,244,-1,0,0,0,0,-1,0,0,0,0,-1,0,0,0,0,-1,0,0,0,0,-1,0,0,0,0,-1,0,0,0,0,250,10,26,0,3,105,180
1622,1126,fd,8,209,80,0,4,4,2,960,0,2,0,0,28,0,1,6,192,6,128,0,64906,2100,3296,2,0,3,0,1,4,0,0,0,64,1,0,0,0,0,0,0,0,0,0,0,0,0,0,0,0,0,0,0,0,0,0,0,0,0,2,0,88,64,243,2,1,88,80,243,2,0,88,96,243,2,0,112,160,243,2,0,112,176,243,2,0,112,192,243,-1,0,0,0,0,-1,0,0,0,0,-1,0,0,0,0,-1,0,0,0,0,-1,0,0,0,0,-1,0,0,0,0,250,10,26,0,3,106,180
1623,1127,fd,8,209,80,0,4,4,2,960,0,2,0,0,27,0,1,6,192,5,128,0,64906,2100,3295,2,0,3,0,1,4,0,0,0,64,1,0,0,0,0,0,0,0,0,0,0,0,0,0,0,0,0,0,0,0,0,0,0,0,0,2,0,88,64,242,2,1,88,80,242,2,0,88,96,242,2,0,112,160,242,2,0,112,176,242,2,0,112,192,242,-1,0,0,0,0,-1,0,0,0,0,-1,0,0,0,0,-1,0,0,0,0,-1,0,0,0,0,-1,0,0,0,0,250,10,26,0,3,107,180
1624,1128,fd,8,209,80,0,4,4,2,960,0,2,0,0,26,0,1,6,192,4,128,0,64906,2100,3294,2,0,3,0,1,4,0,0,0,64,1,0,0,0,0,0,0,0,0,0,0,0,0,0,0,0,0,0,0,0,0,0,0,0,0,2,0,88,64,241,2,1,88,80,241,2,0,88,96,241,2,0,112,160,241,2,0,112,176,241,2,0,112,192,241,-1,0,0,0,0,-1,0,0,0,0,-1,0,0,0,0,-1,0,0,0,0,-1,0,0,0,0,-1,0,0,0,0,250,10,26,0,3,108,180
1625,1129,fd,8,209,80,0,4,4,2,960,0,2,0,0,25,0,1,6,192,3,128,0,64906,2100,3293,2,0,3,0,1,4,0,0,0,64,1,0,0,0,0,0,0,0,0,0,0,0,0,0,0,0,0,0,0,0,0,0,0,0,0,2,0,88,64,240,2,1,88,80,240,2,0,88,96,240,2,0,112,160,240,2,0,112,176,240,2,0,112,192,240,-1,0,0,0,0,-1,0,0,0,0,-1,0,0,0,0,-1,0,0,0,0,-1,0,0,0,0,-1,0,0,0,0,250,10,26,0,3,109,180
1626,1130,fd,8,209,80,0,4,4,2,960,0,2,0,0,24,0,1,6,192,2,128,0,64906,2100,3292,2,0,3,0,1,4,0,0,0,64,1,0,0,0,0,0,0,0,0,0,0,0,0,0,0,0,0,0,0,0,0,0,0,0,0,2,0,88,64,239,2,1,88,80,239,2,0,88,96,239,2,0,112,160,239,2,0,112,176,239,2,0,112,192,239,-1,0,0,0,0,-1,0,0,0,0,-1,0,0,0,0,-1,0,0,0,0,-1,0,0,0,0,-1,0,0,0,0,250,10,26,0,3,110,180
1627,1131,fd,8,209,80,0,4,4,2,960,0,2,0,0,23,0,1,6,192,1,128,0,64906,2100,3291,2,0,3,0,1,4,0,0,0,64,1,0,0,0,0,0,0,0,0,0,0,0,0,0,0,0,0,0,0,0,0,0,0,0,0,2,0,88,64,238,2,1,88,80,238,2,0,88,96,238,2,0,112,160,238,2,0,112,176,238,2,0,112,192,238,-1,0,0,0,0,-1,0,0,0,0,-1,0,0,0,0,-1,0,0,0,0,-1,0,0,0,0,-1,0,0,0,0,250,10,26,0,3,111,180
1628,1132,fd,8,209,80,0,4,4,2,960,0,2,0,0,22,0,1,6,192,0,128,0,64906,2100,3290,2,0,3,0,1,4,0,0,0,64,1,0,0,0,0,0,0,0,0,0,0,0,0,0,0,0,0,0,0,0,0,0,0,0,0,2,0,88,64,237,2,1,88,80,237,2,0,88,96,237,2,0,112,160,237,2,0,112,176,237,2,0,112,192,237,-1,0,0,0,0,-1,0,0,0,0,-1,0,0,0,0,-1,0,0,0,0,-1,0,0,0,0,-1,0,0,0,0,250,10,26,0,3,112,180
1629,1133,fd,8,209,80,0,4,4,2,960,0,2,0,0,21,0,0,0,0,0,0,0,64906,2100,3289,2,0,3,0,1,4,0,0,0,64,1,0,0,0,0,0,0,0,0,0,0,0,0,0,0,0,0,0,0,0,0,0,0,0,0,2,0,88,64,236,2,1,88,80,236,2,0,88,96,236,2,0,112,160,236,2,0,112,176,236,2,0,112,192,236,-1,0,0,0,0,-1,0,0,0,0,-1,0,0,0,0,-1,0,0,0,0,-1,0,0,0,0,-1,0,0,0,0,250,10,26,0,3,113,180
1630,1134,fd,8,209,80,0,4,4,2,960,0,2,0,0,20,0,0,0,0,0,0,0,64906,2100,3288,2,0,3,0,1,4,0,0,0,64,1,0,0,0,0,0,0,0,0,0,0,0,0,0,0,0,0,0,0,0,0,0,0,0,0,2,0,88,64,235,2,1,88,80,235,2,0,88,96,235,2,0,112,160,235,2,0,112,176,235,2,0,112,192,235,-1,0,0,0,0,-1,0,0,0,0,-1,0,0,0,0,-1,0,0,0,0,-1,0,0,0,0,-1,0,0,0,0,250,10,26,0,3,114,180
1631,1135,fd,8,209,80,0,4,4,2,960,0,2,0,0,19,0,0,0,0,0,0,0,64906,2100,3287,2,0,3,0,1,4,0,0,0,64,1,0,0,0,0,0,0,0,0,0,0,0,0,0,0,0,0,0,0,0,0,0,0,0,0,2,0,88,64,234,2,1,88,80,234,2,0,88,96,234,2,0,112,160,234,2,0,112,176,234,2,0,112,192,234,-1,0,0,0,0,-1,0,0,0,0,-1,0,0,0,0,-1,0,0,0,0,-1,0,0,0,0,-1,0,0,0,0,250,10,26,0,3,115,180
1632,1136,fd,8,209,80,0,4,4,2,960,0,2,0,0,18,0,0,0,0,0,0,0,64906,2100,3286,2,0,3,0,1,4,0,0,0,64,1,0,0,0,0,0,0,0,0,0,0,0,0,0,0,0,0,0,0,0,0,0,0,0,0,2,0,88,64,233,2,1,88,80,233,2,0,88,96,233,2,0,112,160,233,2,0,112,176,233,2,0,112,192,233,-1,0,0,0,0,-1,0,0,0,0,-1,0,0,0,0,-1,0,0,0,0,-1,0,0,0,0,-1,0,0,0,0,250,10,26,0,3,116,180
1633,1137,fd,8,209,80,0,4,4,2,960,0,2,0,0,17,0,0,0,0,0,0,0,64906,2100,3285,2,0,3,0,1,4,0,0,0,64,1,0,0,0,0,0,0,0,0,0,0,0,0,0,0,0,0,0,0,0,0,0,0,0,0,2,0,88,64,232,2,1,88,80,232,2,0,88,96,232,2,0,112,160,232,2,0,112,176,232,2,0,112,192,232,-1,0,0,0,0,-1,0,0,0,0,-1,0,0,0,0,-1,0,0,0,0,-1,0,0,0,0,-1,0,0,0,0,250,10,26,0,3,117,180
1634,1138,fd,8,209,80,0,4,4,2,960,0,2,0,0,16,0,0,0,0,0,0,0,64906,2100,3284,2,0,3,0,1,4,0,0,0,64,1,0,0,0,0,0,0,0,0,0,0,0,0,0,0,0,0,0,0,0,0,0,0,0,0,2,0,88,64,231,2,1,88,80,231,2,0,88,96,231,2,0,112,160,231,2,0,112,176,231,2,0,112,192,231,-1,0,0,0,0,-1,0,0,0,0,-1,0,0,0,0,-1,0,0,0,0,-1,0,0,0,0,-1,0,0,0,0,250,10,26,0,3,118,180
1635,1139,fd,8,209,80,0,4,4,2,960,0,2,0,0,15,0,0,0,0,0,0,0,64906,2100,3283,2,0,3,0,1,4,0,0,0,64,1,0,0,0,0,0,0,0,0,0,0,0,0,0,0,0,0,0,0,0,0,0,0,0,0,2,0,88,64,230,2,1,88,80,230,2,0,88,96,230,2,0,112,160,230,2,0,112,176,230,2,0,112,192,230,-1,0,0,0,0,-1,0,0,0,0,-1,0,0,0,0,-1,0,0,0,0,-1,0,0,0,0,-1,0,0,0,0,250,10,26,0,3,119,180
1636,1140,fd,8,209,80,0,4,4,2,960,0,2,0,0,14,0,0,0,0,0,0,0,64906,2100,3282,2,0,3,0,1,4,0,0,0,64,1,0,0,0,0,0,0,0,0,0,0,0,0,0,0,0,0,0,0,0,0,0,0,0,0,2,0,88,64,229,2,1,88,80,229,2,0,88,96,229,2,0,112,160,229,2,0,112,176,229,2,0,112,192,229,-1,0,0,0,0,-1,0,0,0,0,-1,0,0,0,0,-1,0,0,0,0,-1,0,0,0,0,-1,0,0,0,0,250,10,26,0,3,120,180
1637,1141,fd,8,209,80,0,4,4,2,960,0,2,0,0,13,0,0,0,0,0,0,0,64906,2100,3281,2,0,3,0,1,4,0,0,0,64,1,0,0,0,0,0,0,0,0,0,0,0,0,0,0,0,0,0,0,0,0,0,0,0,0,2,0,88,64,228,2,1,88,80,228,2,0,88,96,228,2,0,112,160,228,2,0,112,176,228,2,0,112,192,228,-1,0,0,0,0,-1,0,0,0,0,-1,0,0,0,0,-1,0,0,0,0,-1,0,0,0,0,-1,0,0,0,0,250,10,26,0,3,121,180
1638,1142,fd,8,209,80,0,4,4,2,960,0,2,0,0,12,0,0,0,0,0,0,0,64906,2100,3280,2,0,3,0,1,4,0,0,0,64,1,0,0,0,0,0,0,0,0,0,0,0,0,0,0,0,0,0,0,0,0,0,0,0,0,2,0,88,64,227,2,1,88,80,227,2,0,88,96,227,2,0,112,160,227,2,0,112,176,227,2,0,112,192,227,-1,0,0,0,0,-1,0,0,0,0,-1,0,0,0,0,-1,0,0,0,0,-1,0,0,0,0,-1,0,0,0,0,250,10,26,0,3,122,180
1639,1143,fd,8,209,80,0,4,4,2,960,0,2,0,0,11,0,0,0,0,0,0,0,64906,2100,3279,2,0,3,0,1,4,0,0,0,64,1,0,0,0,0,0,0,0,0,0,0,0,0,0,0,0,0,0,0,0,0,0,0,0,0,2,0,88,64,226,2,1,88,80,226,2,0,88,96,226,2,0,112,160,226,2,0,112,176,226,2,0,112,192,226,-1,0,0,0,0,-1,0,0,0,0,-1,0,0,0,0,-1,0,0,0,0,-1,0,0,0,0,-1,0,0,0,0,250,10,26,0,3,123,180
1640,1144,fd,8,209,80,0,4,4,2,960,0,2,0,0,10,0,0,0,0,0,0,0,64906,2100,3278,2,0,3,0,1,4,0,0,0,64,1,0,0,0,0,0,0,0,0,0,0,0,0,0,0,0,0,0,0,0,0,0,0,0,0,2,0,88,64,225,2,1,88,80,225,2,0,88,96,225,2,0,112,160,225,2,0,112,176,225,2,0,112,192,225,-1,0,0,0,0,-1,0,0,0,0,-1,0,0,0,0,-1,0,0,0,0,-1,0,0,0,0,-1,0,0,0,0,250,10,26,0,3,124,180
1641,1145,fd,8,209,80,0,4,4,2,960,0,2,0,0,9,0,0,0,0,0,0,0,64906,2100,3277,2,0,3,0,1,4,0,0,0,64,1,0,0,0,0,0,0,0,0,0,0,0,0,0,0,0,0,0,0,0,0,0,0,0,0,2,0,88,64,224,2,1,88,80,224,2,0,88,96,224,2,0,112,160,224,2,0,112,176,224,2,0,112,192,224,-1,0,0,0,0,-1,0,0,0,0,-1,0,0,0,0,-1,0,0,0,0,-1,0,0,0,0,-1,0,0,0,0,250,10,26,0,3,125,180
1642,1146,fd,8,209,80,0,4,4,2,960,0,2,0,0,8,0,0,0,0,0,0,0,64906,2100,3276,2,0,3,0,1,4,0,0,0,64,1,0,0,0,0,0,0,0,0,0,0,0,0,0,0,0,0,0,0,0,0,0,0,0,0,2,0,88,64,223,2,1,88,80,223,2,0,88,96,223,2,0,112,160,223,2,0,112,176,223,2,0,112,192,223,-1,0,0,0,0,-1,0,0,0,0,-1,0,0,0,0,-1,0,0,0,0,-1,0,0,0,0,-1,0,0,0,0,250,10,26,0,3,126,180
1643,1147,fd,8,209,80,0,4,4,2,960,0,2,0,0,7,0,0,0,0,0,0,0,64906,2100,3275,2,0,3,0,1,4,0,0,0,64,1,0,0,0,0,0,0,0,0,0,0,0,0,0,0,0,0,0,0,0,0,0,0,0,0,2,0,88,64,222,2,1,88,80,222,2,0,88,96,222,2,0,112,160,222,2,0,112,176,222,2,0,112,192,222,-1,0,0,0,0,-1,0,0,0,0,-1,0,0,0,0,-1,0,0,0,0,-1,0,0,0,0,-1,0,0,0,0,250,10,26,0,3,127,180
1644,1148,fd,8,209,80,0,4,4,2,960,0,2,0,0,6,0,0,0,0,0,0,0,64906,2100,3274,2,0,3,0,1,4,0,0,0,64,1,0,0,0,0,0,0,0,0,0,0,0,0,0,0,0,0,0,0,0,0,0,0,0,0,2,0,88,64,221,2,1,88,80,221,2,0,88,96,221,2,0,112,160,221,2,0,112,176,221,2,0,112,192,221,-1,0,0,0,0,-1,0,0,0,0,-1,0,0,0,0,-1,0,0,0,0,-1,0,0,0,0,-1,0,0,0,0,250,10,26,0,3,128,180
1645,1149,fd,8,209,80,0,4,4,2,960,0,2,0,0,5,0,0,0,0,0,0,0,64906,2100,3273,2,0,3,0,1,4,0,0,0,64,1,0,0,0,0,0,0,0,0,0,0,0,0,0,0,0,0,0,0,0,0,0,0,0,0,2,0,88,64,220,2,1,88,80,220,2,0,88,96,220,2,0,112,160,220,2,0,112,176,220,2,0,112,192,220,-1,0,0,0,0,-1,0,0,0,0,-1,0,0,0,0,-1,0,0,0,0,-1,0,0,0,0,-1,0,0,0,0,250,10,26,0,3,129,180
1646,1150,fd,8,209,80,0,4,4,2,960,0,2,0,0,4,0,0,0,0,0,0,0,64906,2100,3272,2,0,3,0,1,4,0,0,0,64,1,0,0,0,0,0,0,0,0,0,0,0,0,0,0,0,0,0,0,0,0,0,0,0,0,2,0,88,64,219,2,1,88,80,219,2,0,88,96,219,2,0,112,160,219,2,0,112,176,219,2,0,112,192,219,-1,0,0,0,0,-1,0,0,0,0,-1,0,0,0,0,-1,0,0,0,0,-1,0,0,0,0,-1,0,0,0,0,250,10,26,0,3,130,180
1647,1151,fd,8,209,80,0,4,4,2,960,0,2,0,0,3,0,0,0,0,0,0,0,64906,2100,3271,2,0,3,0,1,4,0,0,0,64,1,0,0,0,0,0,0,0,0,0,0,0,0,0,0,0,0,0,0,0,0,0,0,0,0,2,0,88,64,218,2,1,88,80,218,2,0,88,96,218,2,0,112,160,218,2,0,112,176,218,2,0,112,192,218,-1,0,0,0,0,-1,0,0,0,0,-1,0,0,0,0,-1,0,0,0,0,-1,0,0,0,0,-1,0,0,0,0,250,10,26,0,3,131,180
1648,1152,fd,8,209,80,0,4,4,2,960,0,2,0,0,2,0,0,0,0,0,0,0,64906,2100,3270,2,0,3,0,1,4,0,0,0,64,1,0,0,0,0,0,0,0,0,0,0,0,0,0,0,0,0,0,0,0,0,0,0,0,0,2,0,88,64,217,2,1,88,80,217,2,0,88,96,217,2,0,112,160,217,2,0,112,176,217,2,0,112,192,217,-1,0,0,0,0,-1,0,0,0,0,-1,0,0,0,0,-1,0,0,0,0,-1,0,0,0,0,-1,0,0,0,0,250,10,26,0,3,132,180
1649,1153,fd,8,209,80,0,4,4,2,960,0,2,0,0,1,0,0,0,0,0,0,0,64906,2100,3269,2,0,3,0,1,4,0,0,0,64,1,0,0,0,0,0,0,0,0,0,0,0,0,0,0,0,0,0,0,0,0,0,0,0,0,2,0,88,64,216,2,1,88,80,216,2,0,88,96,216,2,0,112,160,216,2,0,112,176,216,2,0,112,192,216,-1,0,0,0,0,-1,0,0,0,0,-1,0,0,0,0,-1,0,0,0,0,-1,0,0,0,0,-1,0,0,0,0,250,10,26,0,3,133,180
1650,1154,fd,8,209,80,0,4,4,2,960,0,2,0,0,0,0,0,0,0,0,0,0,65162,2100,3268,2,0,3,0,1,4,0,0,0,64,1,0,0,0,0,0,0,0,0,0,0,0,0,0,0,0,0,0,0,0,0,0,0,0,0,2,0,88,64,215,2,1,88,80,215,2,0,88,96,215,2,0,112,160,215,2,0,112,176,215,2,0,112,192,215,-1,0,0,0,0,-1,0,0,0,0,-1,0,0,0,0,-1,0,0,0,0,-1,0,0,0,0,-1,0,0,0,0,250,10,26,0,5,134,180
1651,1155,fd,8,209,80,0,4,4,2,960,0,2,0,0,0,0,0,0,0,0,0,0,65162,2100,3268,1,0,3,0,1,4,0,0,0,64,1,0,0,0,0,0,0,0,0,0,0,0,0,0,0,0,0,0,0,0,0,0,0,0,0,2,0,88,64,215,2,1,88,80,215,2,0,88,96,215,2,0,112,160,215,2,0,112,176,215,2,0,112,192,215,-1,0,0,0,0,-1,0,0,0,0,-1,0,0,0,0,-1,0,0,0,0,-1,0,0,0,0,-1,0,0,0,0,250,10,26,0,6,135,180
1652,1156,fd,8,209,80,0,4,4,2,960,0,2,0,0,0,0,0,0,0,0,0,0,65162,2100,3268,1,0,3,0,1,4,0,0,0,64,1,0,0,0,0,0,0,0,0,0,0,0,0,0,0,0,0,0,0,0,0,0,0,0,0,2,0,88,64,215,2,1,88,80,215,2,0,88,96,215,2,0,112,160,215,2,0,112,176,215,2,0,112,192,215,-1,0,0,0,0,-1,0,0,0,0,-1,0,0,0,0,-1,0,0,0,0,-1,0,0,0,0,-1,0,0,0,0,250,10,26,0,0,136,180
1653,1157,fd,8,209,80,0,4,4,2,960,0,2,0,0,0,0,0,0,0,0,0,0,65162,2100,3268,1,0,3,0,1,4,0,0,0,64,1,0,0,0,0,0,0,0,0,0,0,0,0,0,0,0,0,0,0,0,0,0,0,0,0,2,0,88,64,215,2,1,88,80,215,2,0,88,96,215,2,0,112,160,215,2,0,112,176,215,2,0,112,192,215,-1,0,0,0,0,-1,0,0,0,0,-1,0,0,0,0,-1,0,0,0,0,-1,0,0,0,0,-1,0,0,0,0,250,10,26,1,0,137,180
1654,1158,fd,0,0,0,0,0,0,0,0,0,0,0,0,0,0,0,0,0,0,0,0,65162,2100,3268,1,0,0,0,0,0,0,0,0,64,1,0,0,0,0,0,0,0,0,0,0,0,0,0,0,0,0,0,0,0,0,0,0,0,0,-1,0,0,0,0,-1,0,0,0,0,-1,0,0,0,0,-1,0,0,0,0,-1,0,0,0,0,-1,0,0,0,0,-1,0,0,0,0,-1,0,0,0,0,-1,0,0,0,0,-1,0,0,0,0,-1,0,0,0,0,-1,0,0,0,0,0,0,0,1,0,138,180
1655,1159,fd,0,0,0,0,0,0,0,0,0,0,0,0,0,0,0,0,0,0,0,0,65162,2100,3268,1,0,0,0,0,0,0,0,0,64,1,0,0,0,0,0,0,0,0,0,0,0,0,0,0,0,0,0,0,0,0,0,0,0,0,-1,0,0,0,0,-1,0,0,0,0,-1,0,0,0,0,-1,0,0,0,0,-1,0,0,0,0,-1,0,0,0,0,-1,0,0,0,0,-1,0,0,0,0,-1,0,0,0,0,-1,0,0,0,0,-1,0,0,0,0,-1,0,0,0,0,0,0,0,1,0,139,180
1656,1160,fd,0,0,0,0,0,0,0,0,0,0,0,0,0,0,0,0,0,0,0,0,65162,2100,3268,1,0,0,0,0,0,0,0,0,64,1,0,0,0,0,0,0,0,0,0,0,0,0,0,0,0,0,0,0,0,0,0,0,0,0,-1,0,0,0,0,-1,0,0,0,0,-1,0,0,0,0,-1,0,0,0,0,-1,0,0,0,0,-1,0,0,0,0,-1,0,0,0,0,-1,0,0,0,0,-1,0,0,0,0,-1,0,0,0,0,-1,0,0,0,0,-1,0,0,0,0,0,0,0,1,0,140,180
1657,1161,fd,0,0,0,0,0,0,0,0,0,0,0,0,0,0,0,0,0,0,0,0,65162,2100,3268,1,0,0,0,0,0,0,0,0,64,1,0,0,0,0,0,0,0,0,0,0,0,0,0,0,0,0,0,0,0,0,0,0,0,0,-1,0,0,0,0,-1,0,0,0,0,-1,0,0,0,0,-1,0,0,0,0,-1,0,0,0,0,-1,0,0,0,0,-1,0,0,0,0,-1,0,0,0,0,-1,0,0,0,0,-1,0,0,0,0,-1,0,0,0,0,-1,0,0,0,0,0,0,0,1,0,141,180
1658,1162,fd,0,0,0,0,0,0,0,0,0,0,0,0,0,0,0,0,0,0,0,0,65162,2100,3268,1,0,0,0,0,0,0,0,0,64,1,0,0,0,0,0,0,0,0,0,0,0,0,0,0,0,0,0,0,0,0,0,0,0,0,-1,0,0,0,0,-1,0,0,0,0,-1,0,0,0,0,-1,0,0,0,0,-1,0,0,0,0,-1,0,0,0,0,-1,0,0,0,0,-1,0,0,0,0,-1,0,0,0,0,-1,0,0,0,0,-1,0,0,0,0,-1,0,0,0,0,0,0,0,1,0,142,180
1659,1163,fd,0,0,0,0,0,0,0,0,0,0,0,0,0,0,0,0,0,0,0,0,65162,2100,3268,1,0,0,0,0,0,0,0,0,64,1,0,0,0,0,0,0,0,0,0,0,0,0,0,0,0,0,0,0,0,0,0,0,0,0,-1,0,0,0,0,-1,0,0,0,0,-1,0,0,0,0,-1,0,0,0,0,-1,0,0,0,0,-1,0,0,0,0,-1,0,0,0,0,-1,0,0,0,0,-1,0,0,0,0,-1,0,0,0,0,-1,0,0,0,0,-1,0,0,0,0,0,0,0,1,0,143,180
1660,1164,fd,0,0,0,0,0,0,0,0,0,0,0,0,0,0,0,0,0,0,0,0,65162,2100,3268,1,0,0,0,0,0,0,0,0,64,1,0,0,0,0,0,0,0,0,0,0,0,0,0,0,0,0,0,0,0,0,0,0,0,0,-1,0,0,0,0,-1,0,0,0,0,-1,0,0,0,0,-1,0,0,0,0,-1,0,0,0,0,-1,0,0,0,0,-1,0,0,0,0,-1,0,0,0,0,-1,0,0,0,0,-1,0,0,0,0,-1,0,0,0,0,-1,0,0,0,0,0,0,0,1,0,144,180
1661,1165,fd,0,0,0,0,0,0,0,0,0,0,0,0,0,0,0,0,0,0,0,0,65162,2100,3268,1,0,0,0,0,0,0,0,0,64,1,0,0,0,0,0,0,0,0,0,0,0,0,0,0,0,0,0,0,0,0,0,0,0,0,-1,0,0,0,0,-1,0,0,0,0,-1,0,0,0,0,-1,0,0,0,0,-1,0,0,0,0,-1,0,0,0,0,-1,0,0,0,0,-1,0,0,0,0,-1,0,0,0,0,-1,0,0,0,0,-1,0,0,0,0,-1,0,0,0,0,0,0,0,1,0,145,180
1662,1166,fd,0,0,0,0,0,0,0,0,0,0,0,0,0,0,0,0,0,0,0,0,65162,2100,3268,1,0,0,0,0,0,0,0,0,64,1,0,0,0,0,0,0,0,0,0,0,0,0,0,0,0,0,0,0,0,0,0,0,0,0,-1,0,0,0,0,-1,0,0,0,0,-1,0,0,0,0,-1,0,0,0,0,-1,0,0,0,0,-1,0,0,0,0,-1,0,0,0,0,-1,0,0,0,0,-1,0,0,0,0,-1,0,0,0,0,-1,0,0,0,0,-1,0,0,0,0,0,0,0,1,0,146,180
1663,1167,fd,0,0,0,0,0,0,0,0,0,0,0,0,0,0,0,0,0,0,0,0,65162,2100,3268,1,0,0,0,0,0,0,0,0,64,1,0,0,0,0,0,0,0,0,0,0,0,0,0,0,0,0,0,0,0,0,0,0,0,0,-1,0,0,0,0,-1,0,0,0,0,-1,0,0,0,0,-1,0,0,0,0,-1,0,0,0,0,-1,0,0,0,0,-1,0,0,0,0,-1,0,0,0,0,-1,0,0,0,0,-1,0,0,0,0,-1,0,0,0,0,-1,0,0,0,0,0,0,0,1,0,147,180
1664,1168,fd,0,0,0,0,0,0,0,0,0,0,0,0,0,0,0,0,0,0,0,0,65162,2100,3268,1,0,0,0,0,0,0,0,0,64,1,0,0,0,0,0,0,0,0,0,0,0,0,0,0,0,0,0,0,0,0,0,0,0,0,-1,0,0,0,0,-1,0,0,0,0,-1,0,0,0,0,-1,0,0,0,0,-1,0,0,0,0,-1,0,0,0,0,-1,0,0,0,0,-1,0,0,0,0,-1,0,0,0,0,-1,0,0,0,0,-1,0,0,0,0,-1,0,0,0,0,0,0,0,1,0,148,180
1665,1169,fd,0,0,0,0,0,0,0,0,0,0,0,0,0,0,0,0,0,0,0,0,65162,2100,3268,1,0,0,0,0,0,0,0,0,64,1,0,0,0,0,0,0,0,0,0,0,0,0,0,0,0,0,0,0,0,0,0,0,0,0,-1,0,0,0,0,-1,0,0,0,0,-1,0,0,0,0,-1,0,0,0,0,-1,0,0,0,0,-1,0,0,0,0,-1,0,0,0,0,-1,0,0,0,0,-1,0,0,0,0,-1,0,0,0,0,-1,0,0,0,0,-1,0,0,0,0,0,0,0,1,0,149,180
1666,1170,fd,0,0,0,0,0,0,0,0,0,0,0,0,0,0,0,0,0,0,0,0,65162,2100,3268,1,0,0,0,0,0,0,0,0,64,1,0,0,0,0,0,0,0,0,0,0,0,0,0,0,0,0,0,0,0,0,0,0,0,0,-1,0,0,0,0,-1,0,0,0,0,-1,0,0,0,0,-1,0,0,0,0,-1,0,0,0,0,-1,0,0,0,0,-1,0,0,0,0,-1,0,0,0,0,-1,0,0,0,0,-1,0,0,0,0,-1,0,0,0,0,-1,0,0,0,0,0,0,0,1,0,150,180
1667,1171,fd,0,0,0,0,0,0,0,0,0,0,0,0,0,0,0,0,0,0,0,0,65162,2100,3268,1,0,0,0,0,0,0,0,0,64,1,0,0,0,0,0,0,0,0,0,0,0,0,0,0,0,0,0,0,0,0,0,0,0,0,-1,0,0,0,0,-1,0,0,0,0,-1,0,0,0,0,-1,0,0,0,0,-1,0,0,0,0,-1,0,0,0,0,-1,0,0,0,0,-1,0,0,0,0,-1,0,0,0,0,-1,0,0,0,0,-1,0,0,0,0,-1,0,0,0,0,0,0,0,1,0,151,180
1668,1172,fd,0,0,0,0,0,0,0,0,0,0,0,0,0,0,0,0,0,0,0,0,65162,2100,3268,1,0,0,0,0,0,0,0,0,64,1,0,0,0,0,0,0,0,0,0,0,0,0,0,0,0,0,0,0,0,0,0,0,0,0,-1,0,0,0,0,-1,0,0,0,0,-1,0,0,0,0,-1,0,0,0,0,-1,0,0,0,0,-1,0,0,0,0,-1,0,0,0,0,-1,0,0,0,0,-1,0,0,0,0,-1,0,0,0,0,-1,0,0,0,0,-1,0,0,0,0,0,0,0,1,0,152,180
1669,1173,fd,0,0,0,0,0,0,0,0,0,0,0,0,0,0,0,0,0,0,0,0,65162,2100,3268,1,0,0,0,0,0,0,0,0,64,1,0,0,0,0,0,0,0,0,0,0,0,0,0,0,0,0,0,0,0,0,0,0,0,0,-1,0,0,0,0,-1,0,0,0,0,-1,0,0,0,0,-1,0,0,0,0,-1,0,0,0,0,-1,0,0,0,0,-1,0,0,0,0,-1,0,0,0,0,-1,0,0,0,0,-1,0,0,0,0,-1,0,0,0,0,-1,0,0,0,0,0,0,0,1,0,153,180
1670,1174,fd,0,0,0,0,0,0,0,0,0,0,0,0,0,0,0,0,0,0,0,0,65162,2100,3268,1,0,0,0,0,0,0,0,0,64,1,0,0,0,0,0,0,0,0,0,0,0,0,0,0,0,0,0,0,0,0,0,0,0,0,-1,0,0,0,0,-1,0,0,0,0,-1,0,0,0,0,-1,0,0,0,0,-1,0,0,0,0,-1,0,0,0,0,-1,0,0,0,0,-1,0,0,0,0,-1,0,0,0,0,-1,0,0,0,0,-1,0,0,0,0,-1,0,0,0,0,0,0,0,1,0,154,180
1671,1175,fd,0,0,0,0,0,0,0,0,0,0,0,0,0,0,0,0,0,0,0,0,65162,2100,3268,1,0,0,0,0,0,0,0,0,64,1,0,0,0,0,0,0,0,0,0,0,0,0,0,0,0,0,0,0,0,0,0,0,0,0,-1,0,0,0,0,-1,0,0,0,0,-1,0,0,0,0,-1,0,0,0,0,-1,0,0,0,0,-1,0,0,0,0,-1,0,0,0,0,-1,0,0,0,0,-1,0,0,0,0,-1,0,0,0,0,-1,0,0,0,0,-1,0,0,0,0,0,0,0,1,0,155,180
1672,1176,fd,0,0,0,0,0,0,0,0,0,0,0,0,0,0,0,0,0,0,0,0,65162,2100,3268,1,0,0,0,0,0,0,0,0,64,1,0,0,0,0,0,0,0,0,0,0,0,0,0,0,0,0,0,0,0,0,0,0,0,0,-1,0,0,0,0,-1,0,0,0,0,-1,0,0,0,0,-1,0,0,0,0,-1,0,0,0,0,-1,0,0,0,0,-1,0,0,0,0,-1,0,0,0,0,-1,0,0,0,0,-1,0,0,0,0,-1,0,0,0,0,-1,0,0,0,0,0,0,0,1,0,156,180
1673,1177,fd,0,0,0,0,0,0,0,0,0,0,0,0,0,0,0,0,0,0,0,0,65162,2100,3268,1,0,0,0,0,0,0,0,0,64,1,0,0,0,0,0,0,0,0,0,0,0,0,0,0,0,0,0,0,0,0,0,0,0,0,-1,0,0,0,0,-1,0,0,0,0,-1,0,0,0,0,-1,0,0,0,0,-1,0,0,0,0,-1,0,0,0,0,-1,0,0,0,0,-1,0,0,0,0,-1,0,0,0,0,-1,0,0,0,0,-1,0,0,0,0,-1,0,0,0,0,0,0,0,1,0,157,180
1674,1178,fd,0,0,0,0,0,0,0,0,0,0,0,0,0,0,0,0,0,0,0,0,65162,2100,3268,1,0,0,0,0,0,0,0,0,64,1,0,0,0,0,0,0,0,0,0,0,0,0,0,0,0,0,0,0,0,0,0,0,0,0,-1,0,0,0,0,-1,0,0,0,0,-1,0,0,0,0,-1,0,0,0,0,-1,0,0,0,0,-1,0,0,0,0,-1,0,0,0,0,-1,0,0,0,0,-1,0,0,0,0,-1,0,0,0,0,-1,0,0,0,0,-1,0,0,0,0,0,0,0,1,0,158,180
1675,1179,fd,0,0,0,0,0,0,0,0,0,0,0,0,0,0,0,0,0,0,0,0,65162,2100,3268,1,0,0,0,0,0,0,0,0,64,1,0,0,0,0,0,0,0,0,0,0,0,0,0,0,0,0,0,0,0,0,0,0,0,0,-1,0,0,0,0,-1,0,0,0,0,-1,0,0,0,0,-1,0,0,0,0,-1,0,0,0,0,-1,0,0,0,0,-1,0,0,0,0,-1,0,0,0,0,-1,0,0,0,0,-1,0,0,0,0,-1,0,0,0,0,-1,0,0,0,0,0,0,0,1,0,159,180
1676,1180,fd,0,0,0,0,0,0,0,0,0,0,0,0,0,0,0,0,0,0,0,0,65024,2100,3268,1,0,0,0,0,0,0,0,0,64,1,0,0,0,0,0,0,0,0,0,0,0,0,0,0,0,0,0,0,0,0,0,0,0,0,-1,0,0,0,0,-1,0,0,0,0,-1,0,0,0,0,-1,0,0,0,0,-1,0,0,0,0,-1,0,0,0,0,-1,0,0,0,0,-1,0,0,0,0,-1,0,0,0,0,-1,0,0,0,0,-1,0,0,0,0,-1,0,0,0,0,0,0,0,0,1,160,180
1677,1181,fd,0,0,0,0,0,0,0,0,0,0,0,0,0,0,0,0,0,0,0,0,65024,2100,3268,1,0,0,0,0,0,0,0,0,64,1,0,0,0,0,0,0,0,0,0,0,0,0,0,0,0,0,0,0,0,0,0,0,0,0,-1,0,0,0,0,-1,0,0,0,0,-1,0,0,0,0,-1,0,0,0,0,-1,0,0,0,0,-1,0,0,0,0,-1,0,0,0,0,-1,0,0,0,0,-1,0,0,0,0,-1,0,0,0,0,-1,0,0,0,0,-1,0,0,0,0,0,0,0,2,1,161,180
1678,1182,fd,0,0,0,0,0,0,0,0,0,0,0,0,0,0,0,0,0,0,0,0,65024,2100,3268,1,0,0,0,0,0,0,0,0,64,1,0,0,0,0,0,0,0,0,0,0,0,0,0,0,0,0,0,0,0,0,0,0,0,0,-1,0,0,0,0,-1,0,0,0,0,-1,0,0,0,0,-1,0,0,0,0,-1,0,0,0,0,-1,0,0,0,0,-1,0,0,0,0,-1,0,0,0,0,-1,0,0,0,0,-1,0,0,0,0,-1,0,0,0,0,-1,0,0,0,0,0,0,0,0,2,162,180
1679,1183,fd,0,0,0,0,0,0,0,0,0,0,0,0,0,0,0,0,0,0,0,0,65024,2100,3268,1,0,0,0,0,0,0,0,0,64,1,0,0,0,0,0,0,0,0,0,0,0,0,0,0,0,0,0,0,0,0,0,0,0,0,-1,0,0,0,0,-1,0,0,0,0,-1,0,0,0,0,-1,0,0,0,0,-1,0,0,0,0,-1,0,0,0,0,-1,0,0,0,0,-1,0,0,0,0,-1,0,0,0,0,-1,0,0,0,0,-1,0,0,0,0,-1,0,0,0,0,0,0,0,2,2,163,180
1680,1184,fd,0,0,0,0,0,0,0,0,0,0,0,0,0,0,0,0,0,0,0,0,65024,2100,3268,1,0,0,0,0,0,0,0,0,64,1,0,0,0,0,0,0,0,0,0,0,0,0,0,0,0,0,0,0,0,0,0,0,0,0,-1,0,0,0,0,-1,0,0,0,0,-1,0,0,0,0,-1,0,0,0,0,-1,0,0,0,0,-1,0,0,0,0,-1,0,0,0,0,-1,0,0,0,0,-1,0,0,0,0,-1,0,0,0,0,-1,0,0,0,0,-1,0,0,0,0,0,0,0,1,2,164,180
1681,1185,fd,0,0,0,0,0,0,0,0,0,0,0,0,0,0,0,0,0,0,0,0,65024,2100,3268,1,0,0,0,0,0,0,0,0,64,1,0,0,0,0,0,0,0,0,0,0,0,0,0,0,0,0,0,0,0,0,0,0,0,0,-1,0,0,0,0,-1,0,0,0,0,-1,0,0,0,0,-1,0,0,0,0,-1,0,0,0,0,-1,0,0,0,0,-1,0,0,0,0,-1,0,0,0,0,-1,0,0,0,0,-1,0,0,0,0,-1,0,0,0,0,-1,0,0,0,0,0,0,0,2,2,165,180
1682,1186,fd,0,0,0,0,0,0,0,0,0,0,0,0,0,0,0,0,0,0,0,0,65024,2100,3268,1,0,0,0,0,0,0,0,0,64,1,0,0,0,0,0,0,0,0,0,0,0,0,0,0,0,0,0,0,0,0,0,0,0,0,-1,0,0,0,0,-1,0,0,0,0,-1,0,0,0,0,-1,0,0,0,0,-1,0,0,0,0,-1,0,0,0,0,-1,0,0,0,0,-1,0,0,0,0,-1,0,0,0,0,-1,0,0,0,0,-1,0,0,0,0,-1,0,0,0,0,0,0,0,1,2,166,180
1683,1187,fd,0,0,0,0,0,0,0,0,0,0,0,0,0,0,0,0,0,0,0,0,65024,2100,3268,1,0,0,0,0,0,0,0,0,64,1,0,0,0,0,0,0,0,0,0,0,0,0,0,0,0,0,0,0,0,0,0,0,0,0,-1,0,0,0,0,-1,0,0,0,0,-1,0,0,0,0,-1,0,0,0,0,-1,0,0,0,0,-1,0,0,0,0,-1,0,0,0,0,-1,0,0,0,0,-1,0,0,0,0,-1,0,0,0,0,-1,0,0,0,0,-1,0,0,0,0,0,0,0,2,2,167,180
1684,1188,fd,0,0,0,0,0,0,0,0,0,0,0,0,0,0,0,0,0,0,0,0,65024,2100,3268,1,0,0,0,0,0,0,0,0,64,1,0,0,0,0,0,0,0,0,0,0,0,0,0,0,0,0,0,0,0,0,0,0,0,0,-1,0,0,0,0,-1,0,0,0,0,-1,0,0,0,0,-1,0,0,0,0,-1,0,0,0,0,-1,0,0,0,0,-1,0,0,0,0,-1,0,0,0,0,-1,0,0,0,0,-1,0,0,0,0,-1,0,0,0,0,-1,0,0,0,0,0,0,0,1,2,168,180
1685,1189,fd,0,0,0,0,0,0,0,0,0,0,0,0,0,0,0,0,0,0,0,0,65024,2100,3268,1,0,0,0,0,0,0,0,0,64,1,0,0,0,0,0,0,0,0,0,0,0,0,0,0,0,0,0,0,0,0,0,0,0,0,-1,0,0,0,0,-1,0,0,0,0,-1,0,0,0,0,-1,0,0,0,0,-1,0,0,0,0,-1,0,0,0,0,-1,0,0,0,0,-1,0,0,0,0,-1,0,0,0,0,-1,0,0,0,0,-1,0,0,0,0,-1,0,0,0,0,0,0,0,2,2,169,180
1686,1190,fd,0,0,0,0,0,0,0,0,0,0,0,0,0,0,0,0,0,0,0,0,65024,2100,3268,1,0,0,0,0,0,0,0,0,64,1,0,0,0,0,0,0,0,0,0,0,0,0,0,0,0,0,0,0,0,0,0,0,0,0,-1,0,0,0,0,-1,0,0,0,0,-1,0,0,0,0,-1,0,0,0,0,-1,0,0,0,0,-1,0,0,0,0,-1,0,0,0,0,-1,0,0,0,0,-1,0,0,0,0,-1,0,0,0,0,-1,0,0,0,0,-1,0,0,0,0,0,0,0,1,2,170,180
1687,1191,fd,0,0,0,0,0,0,0,0,0,0,0,0,0,0,0,0,0,0,0,0,65024,2100,3268,1,0,0,0,0,0,0,0,0,64,1,0,0,0,0,0,0,0,0,0,0,0,0,0,0,0,0,0,0,0,0,0,0,0,0,-1,0,0,0,0,-1,0,0,0,0,-1,0,0,0,0,-1,0,0,0,0,-1,0,0,0,0,-1,0,0,0,0,-1,0,0,0,0,-1,0,0,0,0,-1,0,0,0,0,-1,0,0,0,0,-1,0,0,0,0,-1,0,0,0,0,0,0,0,2,2,171,180
1688,1192,fd,0,0,0,0,0,0,0,0,0,0,0,0,0,0,0,0,0,0,0,0,65024,2100,3268,1,0,0,0,0,0,0,0,0,64,1,0,0,0,0,0,0,0,0,0,0,0,0,0,0,0,0,0,0,0,0,0,0,0,0,-1,0,0,0,0,-1,0,0,0,0,-1,0,0,0,0,-1,0,0,0,0,-1,0,0,0,0,-1,0,0,0,0,-1,0,0,0,0,-1,0,0,0,0,-1,0,0,0,0,-1,0,0,0,0,-1,0,0,0,0,-1,0,0,0,0,0,0,0,1,2,172,180
1689,1193,fd,0,0,0,0,0,0,0,0,0,0,0,0,0,0,0,0,0,0,0,0,65024,2100,3268,1,0,0,0,0,0,0,0,0,64,1,0,0,0,0,0,0,0,0,0,0,0,0,0,0,0,0,0,0,0,0,0,0,0,0,-1,0,0,0,0,-1,0,0,0,0,-1,0,0,0,0,-1,0,0,0,0,-1,0,0,0,0,-1,0,0,0,0,-1,0,0,0,0,-1,0,0,0,0,-1,0,0,0,0,-1,0,0,0,0,-1,0,0,0,0,-1,0,0,0,0,0,0,0,2,2,173,180
1690,1194,fd,0,0,0,0,0,0,0,0,0,0,0,0,0,0,0,0,0,0,0,0,65024,2100,3268,1,0,0,0,0,0,0,0,0,64,1,0,0,0,0,0,0,0,0,0,0,0,0,0,0,0,0,0,0,0,0,0,0,0,0,-1,0,0,0,0,-1,0,0,0,0,-1,0,0,0,0,-1,0,0,0,0,-1,0,0,0,0,-1,0,0,0,0,-1,0,0,0,0,-1,0,0,0,0,-1,0,0,0,0,-1,0,0,0,0,-1,0,0,0,0,-1,0,0,0,0,0,0,0,1,2,174,180
1691,1195,fd,0,0,0,0,0,0,0,0,0,0,0,0,0,0,0,0,0,0,0,0,65024,2100,3268,1,0,0,0,0,0,0,0,0,64,1,0,0,0,0,0,0,0,0,0,0,0,0,0,0,0,0,0,0,0,0,0,0,0,0,-1,0,0,0,0,-1,0,0,0,0,-1,0,0,0,0,-1,0,0,0,0,-1,0,0,0,0,-1,0,0,0,0,-1,0,0,0,0,-1,0,0,0,0,-1,0,0,0,0,-1,0,0,0,0,-1,0,0,0,0,-1,0,0,0,0,0,0,0,2,2,175,180
1692,1196,fd,0,0,0,0,0,0,0,0,0,0,0,0,0,0,0,0,0,0,0,0,65024,2100,3268,1,0,0,0,0,0,0,0,0,64,1,0,0,0,0,0,0,0,0,0,0,0,0,0,0,0,0,0,0,0,0,0,0,0,0,-1,0,0,0,0,-1,0,0,0,0,-1,0,0,0,0,-1,0,0,0,0,-1,0,0,0,0,-1,0,0,0,0,-1,0,0,0,0,-1,0,0,0,0,-1,0,0,0,0,-1,0,0,0,0,-1,0,0,0,0,-1,0,0,0,0,0,0,0,1,2,176,180
1693,1197,fd,0,0,0,0,0,0,0,0,0,0,0,0,0,0,0,0,0,0,0,0,65024,2100,3268,1,0,0,0,0,0,0,0,0,64,1,0,0,0,0,0,0,0,0,0,0,0,0,0,0,0,0,0,0,0,0,0,0,0,0,-1,0,0,0,0,-1,0,0,0,0,-1,0,0,0,0,-1,0,0,0,0,-1,0,0,0,0,-1,0,0,0,0,-1,0,0,0,0,-1,0,0,0,0,-1,0,0,0,0,-1,0,0,0,0,-1,0,0,0,0,-1,0,0,0,0,0,0,0,2,2,177,180
1694,1198,fd,0,0,0,0,0,0,0,0,0,0,0,0,0,0,0,0,0,0,0,0,65024,2100,3268,1,0,0,0,0,0,0,0,0,64,1,0,0,0,0,0,0,0,0,0,0,0,0,0,0,0,0,0,0,0,0,0,0,0,0,-1,0,0,0,0,-1,0,0,0,0,-1,0,0,0,0,-1,0,0,0,0,-1,0,0,0,0,-1,0,0,0,0,-1,0,0,0,0,-1,0,0,0,0,-1,0,0,0,0,-1,0,0,0,0,-1,0,0,0,0,-1,0,0,0,0,0,0,0,1,2,178,180
1695,1199,fd,0,0,0,0,0,0,0,0,0,0,0,0,0,0,0,0,0,0,0,0,65024,2100,3268,1,0,0,0,0,0,0,0,0,64,1,0,0,0,0,0,0,0,0,0,0,0,0,0,0,0,0,0,0,0,0,0,0,0,0,-1,0,0,0,0,-1,0,0,0,0,-1,0,0,0,0,-1,0,0,0,0,-1,0,0,0,0,-1,0,0,0,0,-1,0,0,0,0,-1,0,0,0,0,-1,0,0,0,0,-1,0,0,0,0,-1,0,0,0,0,-1,0,0,0,0,0,0,0,2,2,179,180
1696,1200,fd,0,0,0,0,0,0,0,0,0,0,0,0,0,0,0,0,0,0,0,0,65024,2100,3268,1,0,0,0,0,0,0,0,0,64,1,0,0,0,0,0,0,0,0,0,0,0,0,0,0,0,0,0,0,0,0,0,0,0,0,-1,0,0,0,0,-1,0,0,0,0,-1,0,0,0,0,-1,0,0,0,0,-1,0,0,0,0,-1,0,0,0,0,-1,0,0,0,0,-1,0,0,0,0,-1,0,0,0,0,-1,0,0,0,0,-1,0,0,0,0,-1,0,0,0,0,0,0,0,1,2,180,180
1697,1201,fd,0,0,0,0,0,0,0,0,0,0,0,0,0,0,0,0,0,0,0,0,65024,2100,3268,1,0,0,0,0,0,0,0,0,64,1,0,0,0,0,0,0,0,0,0,0,0,0,0,0,0,0,0,0,0,0,0,0,0,0,-1,0,0,0,0,-1,0,0,0,0,-1,0,0,0,0,-1,0,0,0,0,-1,0,0,0,0,-1,0,0,0,0,-1,0,0,0,0,-1,0,0,0,0,-1,0,0,0,0,-1,0,0,0,0,-1,0,0,0,0,-1,0,0,0,0,0,0,0,2,2,181,180
1698,1202,fd,0,0,0,0,0,0,0,0,0,0,0,0,0,0,0,0,0,0,0,0,65024,2100,3268,1,0,0,0,0,0,0,0,0,64,1,0,0,0,0,0,0,0,0,0,0,0,0,0,0,0,0,0,0,0,0,0,0,0,0,-1,0,0,0,0,-1,0,0,0,0,-1,0,0,0,0,-1,0,0,0,0,-1,0,0,0,0,-1,0,0,0,0,-1,0,0,0,0,-1,0,0,0,0,-1,0,0,0,0,-1,0,0,0,0,-1,0,0,0,0,-1,0,0,0,0,0,0,0,1,2,182,180
1699,1203,fd,0,0,0,0,0,0,0,0,0,0,0,0,0,0,0,0,0,0,0,0,65024,2100,3268,1,0,0,0,0,0,0,0,0,64,1,0,0,0,0,0,0,0,0,0,0,0,0,0,0,0,0,0,0,0,0,0,0,0,0,-1,0,0,0,0,-1,0,0,0,0,-1,0,0,0,0,-1,0,0,0,0,-1,0,0,0,0,-1,0,0,0,0,-1,0,0,0,0,-1,0,0,0,0,-1,0,0,0,0,-1,0,0,0,0,-1,0,0,0,0,-1,0,0,0,0,0,0,0,2,2,183,180
1700,1204,fd,0,0,0,0,0,0,0,0,0,0,0,0,0,0,0,0,0,0,0,0,65024,2100,3268,1,0,0,0,0,0,0,0,0,64,1,0,0,0,0,0,0,0,0,0,0,0,0,0,0,0,0,0,0,0,0,0,0,0,0,-1,0,0,0,0,-1,0,0,0,0,-1,0,0,0,0,-1,0,0,0,0,-1,0,0,0,0,-1,0,0,0,0,-1,0,0,0,0,-1,0,0,0,0,-1,0,0,0,0,-1,0,0,0,0,-1,0,0,0,0,-1,0,0,0,0,0,0,0,1,2,184,180
1701,1205,fd,0,0,0,0,0,0,0,0,0,0,0,0,0,0,0,0,0,0,0,0,65024,2100,3268,1,0,0,0,0,0,0,0,0,64,1,0,0,0,0,0,0,0,0,0,0,0,0,0,0,0,0,0,0,0,0,0,0,0,0,-1,0,0,0,0,-1,0,0,0,0,-1,0,0,0,0,-1,0,0,0,0,-1,0,0,0,0,-1,0,0,0,0,-1,0,0,0,0,-1,0,0,0,0,-1,0,0,0,0,-1,0,0,0,0,-1,0,0,0,0,-1,0,0,0,0,0,0,0,2,2,185,180
1702,1206,fd,0,0,0,0,0,0,0,0,0,0,0,0,0,0,0,0,0,0,0,0,65024,2100,3268,1,0,0,0,0,0,0,0,0,64,1,0,0,0,0,0,0,0,0,0,0,0,0,0,0,0,0,0,0,0,0,0,0,0,0,-1,0,0,0,0,-1,0,0,0,0,-1,0,0,0,0,-1,0,0,0,0,-1,0,0,0,0,-1,0,0,0,0,-1,0,0,0,0,-1,0,0,0,0,-1,0,0,0,0,-1,0,0,0,0,-1,0,0,0,0,-1,0,0,0,0,0,0,0,1,2,186,180
1703,1207,fd,0,0,0,0,0,0,0,0,0,0,0,0,0,0,0,0,0,0,0,0,65024,2100,3268,1,0,0,0,0,0,0,0,0,64,1,0,0,0,0,0,0,0,0,0,0,0,0,0,0,0,0,0,0,0,0,0,0,0,0,-1,0,0,0,0,-1,0,0,0,0,-1,0,0,0,0,-1,0,0,0,0,-1,0,0,0,0,-1,0,0,0,0,-1,0,0,0,0,-1,0,0,0,0,-1,0,0,0,0,-1,0,0,0,0,-1,0,0,0,0,-1,0,0,0,0,0,0,0,2,2,187,180
1704,1208,fd,0,0,0,0,0,0,0,0,0,0,0,0,0,0,0,0,0,0,0,0,65024,2100,3268,1,0,0,0,0,0,0,0,0,64,1,0,0,0,0,0,0,0,0,0,0,0,0,0,0,0,0,0,0,0,0,0,0,0,0,-1,0,0,0,0,-1,0,0,0,0,-1,0,0,0,0,-1,0,0,0,0,-1,0,0,0,0,-1,0,0,0,0,-1,0,0,0,0,-1,0,0,0,0,-1,0,0,0,0,-1,0,0,0,0,-1,0,0,0,0,-1,0,0,0,0,0,0,0,1,2,188,180
1705,1209,fd,0,0,0,0,0,0,0,0,0,0,0,0,0,0,0,0,0,0,0,0,65024,2100,3268,1,0,0,0,0,0,0,0,0,64,1,0,0,0,0,0,0,0,0,0,0,0,0,0,0,0,0,0,0,0,0,0,0,0,0,-1,0,0,0,0,-1,0,0,0,0,-1,0,0,0,0,-1,0,0,0,0,-1,0,0,0,0,-1,0,0,0,0,-1,0,0,0,0,-1,0,0,0,0,-1,0,0,0,0,-1,0,0,0,0,-1,0,0,0,0,-1,0,0,0,0,0,0,0,2,2,189,180
1706,1210,fd,0,0,0,0,0,0,0,0,0,0,0,0,0,0,0,0,0,0,0,0,65024,2100,3268,1,0,0,0,0,0,0,0,0,64,1,0,0,0,0,0,0,0,0,0,0,0,0,0,0,0,0,0,0,0,0,0,0,0,0,-1,0,0,0,0,-1,0,0,0,0,-1,0,0,0,0,-1,0,0,0,0,-1,0,0,0,0,-1,0,0,0,0,-1,0,0,0,0,-1,0,0,0,0,-1,0,0,0,0,-1,0,0,0,0,-1,0,0,0,0,-1,0,0,0,0,0,0,0,1,2,190,180
1707,1211,fd,0,0,0,0,0,0,0,0,0,0,0,0,0,0,0,0,0,0,0,0,65024,2100,3268,1,0,0,0,0,0,0,0,0,64,1,0,0,0,0,0,0,0,0,0,0,0,0,0,0,0,0,0,0,0,0,0,0,0,0,-1,0,0,0,0,-1,0,0,0,0,-1,0,0,0,0,-1,0,0,0,0,-1,0,0,0,0,-1,0,0,0,0,-1,0,0,0,0,-1,0,0,0,0,-1,0,0,0,0,-1,0,0,0,0,-1,0,0,0,0,-1,0,0,0,0,0,0,0,2,2,191,180
1708,1212,fd,0,0,0,0,0,0,0,0,0,0,0,0,0,0,0,0,0,0,0,0,65024,2100,3268,1,0,0,0,0,0,0,0,0,64,1,0,0,0,0,0,0,0,0,0,0,0,0,0,0,0,0,0,0,0,0,0,0,0,0,-1,0,0,0,0,-1,0,0,0,0,-1,0,0,0,0,-1,0,0,0,0,-1,0,0,0,0,-1,0,0,0,0,-1,0,0,0,0,-1,0,0,0,0,-1,0,0,0,0,-1,0,0,0,0,-1,0,0,0,0,-1,0,0,0,0,0,0,0,1,2,192,180
1709,1213,fd,0,0,0,0,0,0,0,0,0,0,0,0,0,0,0,0,0,0,0,0,65024,2100,3268,1,0,0,0,0,0,0,0,0,64,1,0,0,0,0,0,0,0,0,0,0,0,0,0,0,0,0,0,0,0,0,0,0,0,0,-1,0,0,0,0,-1,0,0,0,0,-1,0,0,0,0,-1,0,0,0,0,-1,0,0,0,0,-1,0,0,0,0,-1,0,0,0,0,-1,0,0,0,0,-1,0,0,0,0,-1,0,0,0,0,-1,0,0,0,0,-1,0,0,0,0,0,0,0,2,2,193,180
1710,1214,fd,0,0,0,0,0,0,0,0,0,0,0,0,0,0,0,0,0,0,0,0,65024,2100,3268,1,0,0,0,0,0,0,0,0,64,1,0,0,0,0,0,0,0,0,0,0,0,0,0,0,0,0,0,0,0,0,0,0,0,0,-1,0,0,0,0,-1,0,0,0,0,-1,0,0,0,0,-1,0,0,0,0,-1,0,0,0,0,-1,0,0,0,0,-1,0,0,0,0,-1,0,0,0,0,-1,0,0,0,0,-1,0,0,0,0,-1,0,0,0,0,-1,0,0,0,0,0,0,0,1,2,194,180
1711,1215,fd,0,0,0,0,0,0,0,0,0,0,0,0,0,0,0,0,0,0,0,0,65024,2100,3268,1,0,0,0,0,0,0,0,0,64,1,0,0,0,0,0,0,0,0,0,0,0,0,0,0,0,0,0,0,0,0,0,0,0,0,-1,0,0,0,0,-1,0,0,0,0,-1,0,0,0,0,-1,0,0,0,0,-1,0,0,0,0,-1,0,0,0,0,-1,0,0,0,0,-1,0,0,0,0,-1,0,0,0,0,-1,0,0,0,0,-1,0,0,0,0,-1,0,0,0,0,0,0,0,2,2,195,180
1712,1216,fd,0,0,0,0,0,0,0,0,0,0,0,0,0,0,0,0,0,0,0,0,65024,2100,3268,1,0,0,0,0,0,0,0,0,64,1,0,0,0,0,0,0,0,0,0,0,0,0,0,0,0,0,0,0,0,0,0,0,0,0,-1,0,0,0,0,-1,0,0,0,0,-1,0,0,0,0,-1,0,0,0,0,-1,0,0,0,0,-1,0,0,0,0,-1,0,0,0,0,-1,0,0,0,0,-1,0,0,0,0,-1,0,0,0,0,-1,0,0,0,0,-1,0,0,0,0,0,0,0,1,2,196,180
1713,1217,fd,0,0,0,0,0,0,0,0,0,0,0,0,0,0,0,0,0,0,0,0,65024,2100,3268,1,0,0,0,0,0,0,0,0,64,1,0,0,0,0,0,0,0,0,0,0,0,0,0,0,0,0,0,0,0,0,0,0,0,0,-1,0,0,0,0,-1,0,0,0,0,-1,0,0,0,0,-1,0,0,0,0,-1,0,0,0,0,-1,0,0,0,0,-1,0,0,0,0,-1,0,0,0,0,-1,0,0,0,0,-1,0,0,0,0,-1,0,0,0,0,-1,0,0,0,0,0,0,0,2,2,197,180
1714,1218,fd,0,0,0,0,0,0,0,0,0,0,0,0,0,0,0,0,0,0,0,0,65024,2100,3268,1,0,0,0,0,0,0,0,0,64,1,0,0,0,0,0,0,0,0,0,0,0,0,0,0,0,0,0,0,0,0,0,0,0,0,-1,0,0,0,0,-1,0,0,0,0,-1,0,0,0,0,-1,0,0,0,0,-1,0,0,0,0,-1,0,0,0,0,-1,0,0,0,0,-1,0,0,0,0,-1,0,0,0,0,-1,0,0,0,0,-1,0,0,0,0,-1,0,0,0,0,0,0,0,1,2,198,180
1715,1219,fd,0,0,0,0,0,0,0,0,0,0,0,0,0,0,0,0,0,0,0,0,65024,2100,3268,1,0,0,0,0,0,0,0,0,64,1,0,0,0,0,0,0,0,0,0,0,0,0,0,0,0,0,0,0,0,0,0,0,0,0,-1,0,0,0,0,-1,0,0,0,0,-1,0,0,0,0,-1,0,0,0,0,-1,0,0,0,0,-1,0,0,0,0,-1,0,0,0,0,-1,0,0,0,0,-1,0,0,0,0,-1,0,0,0,0,-1,0,0,0,0,-1,0,0,0,0,0,0,0,2,2,199,180
1716,1220,fd,0,0,0,0,0,0,0,0,0,0,0,0,0,0,0,0,0,0,0,0,65024,2100,3268,1,0,0,0,0,0,0,0,0,64,1,0,0,0,0,0,0,0,0,0,0,0,0,0,0,0,0,0,0,0,0,0,0,0,0,-1,0,0,0,0,-1,0,0,0,0,-1,0,0,0,0,-1,0,0,0,0,-1,0,0,0,0,-1,0,0,0,0,-1,0,0,0,0,-1,0,0,0,0,-1,0,0,0,0,-1,0,0,0,0,-1,0,0,0,0,-1,0,0,0,0,0,0,0,1,2,200,180
1717,1221,fd,0,0,0,0,0,0,0,0,0,0,0,0,0,0,0,0,0,0,0,0,65024,2100,3268,1,0,0,0,0,0,0,0,0,64,1,0,0,0,0,0,0,0,0,0,0,0,0,0,0,0,0,0,0,0,0,0,0,0,0,-1,0,0,0,0,-1,0,0,0,0,-1,0,0,0,0,-1,0,0,0,0,-1,0,0,0,0,-1,0,0,0,0,-1,0,0,0,0,-1,0,0,0,0,-1,0,0,0,0,-1,0,0,0,0,-1,0,0,0,0,-1,0,0,0,0,0,0,0,2,2,201,180
1718,1222,fd,0,0,0,0,0,0,0,0,0,0,0,0,0,0,0,0,0,0,0,0,65024,2100,3268,1,0,0,0,0,0,0,0,0,64,1,0,0,0,0,0,0,0,0,0,0,0,0,0,0,0,0,0,0,0,0,0,0,0,0,-1,0,0,0,0,-1,0,0,0,0,-1,0,0,0,0,-1,0,0,0,0,-1,0,0,0,0,-1,0,0,0,0,-1,0,0,0,0,-1,0,0,0,0,-1,0,0,0,0,-1,0,0,0,0,-1,0,0,0,0,-1,0,0,0,0,0,0,0,1,2,202,180
1719,1223,fd,0,0,0,0,0,0,0,0,0,0,0,0,0,0,0,0,0,0,0,0,65024,2100,3268,1,0,0,0,0,0,0,0,0,64,1,0,0,0,0,0,0,0,0,0,0,0,0,0,0,0,0,0,0,0,0,0,0,0,0,-1,0,0,0,0,-1,0,0,0,0,-1,0,0,0,0,-1,0,0,0,0,-1,0,0,0,0,-1,0,0,0,0,-1,0,0,0,0,-1,0,0,0,0,-1,0,0,0,0,-1,0,0,0,0,-1,0,0,0,0,-1,0,0,0,0,0,0,0,2,2,203,180
1720,1224,fd,0,0,0,0,0,0,0,0,0,0,0,0,0,0,0,0,0,0,0,0,65024,2100,3268,1,0,0,0,0,0,0,0,0,64,1,0,0,0,0,0,0,0,0,0,0,0,0,0,0,0,0,0,0,0,0,0,0,0,0,-1,0,0,0,0,-1,0,0,0,0,-1,0,0,0,0,-1,0,0,0,0,-1,0,0,0,0,-1,0,0,0,0,-1,0,0,0,0,-1,0,0,0,0,-1,0,0,0,0,-1,0,0,0,0,-1,0,0,0,0,-1,0,0,0,0,0,0,0,1,2,204,180
1721,1225,fd,0,0,0,0,0,0,0,0,0,0,0,0,0,0,0,0,0,0,0,0,65024,2100,3268,1,0,0,0,0,0,0,0,0,64,1,0,0,0,0,0,0,0,0,0,0,0,0,0,0,0,0,0,0,0,0,0,0,0,0,-1,0,0,0,0,-1,0,0,0,0,-1,0,0,0,0,-1,0,0,0,0,-1,0,0,0,0,-1,0,0,0,0,-1,0,0,0,0,-1,0,0,0,0,-1,0,0,0,0,-1,0,0,0,0,-1,0,0,0,0,-1,0,0,0,0,0,0,0,2,2,205,180
1722,1226,fd,0,0,0,0,0,0,0,0,0,0,0,0,0,0,0,0,0,0,0,0,65024,2100,3268,1,0,0,0,0,0,0,0,0,64,1,0,0,0,0,0,0,0,0,0,0,0,0,0,0,0,0,0,0,0,0,0,0,0,0,-1,0,0,0,0,-1,0,0,0,0,-1,0,0,0,0,-1,0,0,0,0,-1,0,0,0,0,-1,0,0,0,0,-1,0,0,0,0,-1,0,0,0,0,-1,0,0,0,0,-1,0,0,0,0,-1,0,0,0,0,-1,0,0,0,0,0,0,0,1,2,206,180
1723,1227,fd,0,0,0,0,0,0,0,0,0,0,0,0,0,0,0,0,0,0,0,0,65024,2100,3268,1,0,0,0,0,0,0,0,0,64,1,0,0,0,0,0,0,0,0,0,0,0,0,0,0,0,0,0,0,0,0,0,0,0,0,-1,0,0,0,0,-1,0,0,0,0,-1,0,0,0,0,-1,0,0,0,0,-1,0,0,0,0,-1,0,0,0,0,-1,0,0,0,0,-1,0,0,0,0,-1,0,0,0,0,-1,0,0,0,0,-1,0,0,0,0,-1,0,0,0,0,0,0,0,2,2,207,180
1724,1228,fd,0,0,0,0,0,0,0,0,0,0,0,0,0,0,0,0,0,0,0,0,65024,2100,3268,1,0,0,0,0,0,0,0,0,64,1,0,0,0,0,0,0,0,0,0,0,0,0,0,0,0,0,0,0,0,0,0,0,0,0,-1,0,0,0,0,-1,0,0,0,0,-1,0,0,0,0,-1,0,0,0,0,-1,0,0,0,0,-1,0,0,0,0,-1,0,0,0,0,-1,0,0,0,0,-1,0,0,0,0,-1,0,0,0,0,-1,0,0,0,0,-1,0,0,0,0,0,0,0,1,2,208,180
1725,1229,fd,0,0,0,0,0,0,0,0,0,0,0,0,0,0,0,0,0,0,0,0,65024,2100,3268,1,0,0,0,0,0,0,0,0,64,1,0,0,0,0,0,0,0,0,0,0,0,0,0,0,0,0,0,0,0,0,0,0,0,0,-1,0,0,0,0,-1,0,0,0,0,-1,0,0,0,0,-1,0,0,0,0,-1,0,0,0,0,-1,0,0,0,0,-1,0,0,0,0,-1,0,0,0,0,-1,0,0,0,0,-1,0,0,0,0,-1,0,0,0,0,-1,0,0,0,0,0,0,0,2,2,209,180
1726,1230,fd,0,0,0,0,0,0,0,0,0,0,0,0,0,0,0,0,0,0,0,0,65024,2100,3268,1,0,0,0,0,0,0,0,0,64,1,0,0,0,0,0,0,0,0,0,0,0,0,0,0,0,0,0,0,0,0,0,0,0,0,-1,0,0,0,0,-1,0,0,0,0,-1,0,0,0,0,-1,0,0,0,0,-1,0,0,0,0,-1,0,0,0,0,-1,0,0,0,0,-1,0,0,0,0,-1,0,0,0,0,-1,0,0,0,0,-1,0,0,0,0,-1,0,0,0,0,0,0,0,1,2,210,180
1727,1231,fd,0,0,0,0,0,0,0,0,0,0,0,0,0,0,0,0,0,0,0,0,65024,2100,3268,1,0,0,0,0,0,0,0,0,64,1,0,0,0,0,0,0,0,0,0,0,0,0,0,0,0,0,0,0,0,0,0,0,0,0,-1,0,0,0,0,-1,0,0,0,0,-1,0,0,0,0,-1,0,0,0,0,-1,0,0,0,0,-1,0,0,0,0,-1,0,0,0,0,-1,0,0,0,0,-1,0,0,0,0,-1,0,0,0,0,-1,0,0,0,0,-1,0,0,0,0,0,0,0,2,2,211,180
1728,1232,fd,0,0,0,0,0,0,0,0,0,0,0,0,0,0,0,0,0,0,0,0,65024,2100,3268,1,0,0,0,0,0,0,0,0,64,1,0,0,0,0,0,0,0,0,0,0,0,0,0,0,0,0,0,0,0,0,0,0,0,0,-1,0,0,0,0,-1,0,0,0,0,-1,0,0,0,0,-1,0,0,0,0,-1,0,0,0,0,-1,0,0,0,0,-1,0,0,0,0,-1,0,0,0,0,-1,0,0,0,0,-1,0,0,0,0,-1,0,0,0,0,-1,0,0,0,0,0,0,0,1,2,212,180
1729,1233,fd,0,0,0,0,0,0,0,0,0,0,0,0,0,0,0,0,0,0,0,0,65024,2100,3268,1,0,0,0,0,0,0,0,0,64,1,0,0,0,0,0,0,0,0,0,0,0,0,0,0,0,0,0,0,0,0,0,0,0,0,-1,0,0,0,0,-1,0,0,0,0,-1,0,0,0,0,-1,0,0,0,0,-1,0,0,0,0,-1,0,0,0,0,-1,0,0,0,0,-1,0,0,0,0,-1,0,0,0,0,-1,0,0,0,0,-1,0,0,0,0,-1,0,0,0,0,0,0,0,2,2,213,180
1730,1234,fd,0,0,0,0,0,0,0,0,0,0,0,0,0,0,0,0,0,0,0,0,65024,2100,3268,1,0,0,0,0,0,0,0,0,64,1,0,0,0,0,0,0,0,0,0,0,0,0,0,0,0,0,0,0,0,0,0,0,0,0,-1,0,0,0,0,-1,0,0,0,0,-1,0,0,0,0,-1,0,0,0,0,-1,0,0,0,0,-1,0,0,0,0,-1,0,0,0,0,-1,0,0,0,0,-1,0,0,0,0,-1,0,0,0,0,-1,0,0,0,0,-1,0,0,0,0,0,0,0,1,2,214,180
1731,1235,fd,0,0,0,0,0,0,0,0,0,0,0,0,0,0,0,0,0,0,0,0,65024,2100,3268,1,0,0,0,0,0,0,0,0,64,1,0,0,0,0,0,0,0,0,0,0,0,0,0,0,0,0,0,0,0,0,0,0,0,0,-1,0,0,0,0,-1,0,0,0,0,-1,0,0,0,0,-1,0,0,0,0,-1,0,0,0,0,-1,0,0,0,0,-1,0,0,0,0,-1,0,0,0,0,-1,0,0,0,0,-1,0,0,0,0,-1,0,0,0,0,-1,0,0,0,0,0,0,0,2,2,215,180
1732,1236,fd,0,0,0,0,0,0,0,0,0,0,0,0,0,0,0,0,0,0,0,0,65024,2100,3268,1,0,0,0,0,0,0,0,0,64,1,0,0,0,0,0,0,0,0,0,0,0,0,0,0,0,0,0,0,0,0,0,0,0,0,-1,0,0,0,0,-1,0,0,0,0,-1,0,0,0,0,-1,0,0,0,0,-1,0,0,0,0,-1,0,0,0,0,-1,0,0,0,0,-1,0,0,0,0,-1,0,0,0,0,-1,0,0,0,0,-1,0,0,0,0,-1,0,0,0,0,0,0,0,1,2,216,180
1733,1237,fd,0,0,0,0,0,0,0,0,0,0,0,0,0,0,0,0,0,0,0,0,65024,2100,3268,1,0,0,0,0,0,0,0,0,64,1,0,0,0,0,0,0,0,0,0,0,0,0,0,0,0,0,0,0,0,0,0,0,0,0,-1,0,0,0,0,-1,0,0,0,0,-1,0,0,0,0,-1,0,0,0,0,-1,0,0,0,0,-1,0,0,0,0,-1,0,0,0,0,-1,0,0,0,0,-1,0,0,0,0,-1,0,0,0,0,-1,0,0,0,0,-1,0,0,0,0,0,0,0,2,2,217,180
1734,1238,fd,0,0,0,0,0,0,0,0,0,0,0,0,0,0,0,0,0,0,0,0,65024,2100,3268,1,0,0,0,0,0,0,0,0,64,1,0,0,0,0,0,0,0,0,0,0,0,0,0,0,0,0,0,0,0,0,0,0,0,0,-1,0,0,0,0,-1,0,0,0,0,-1,0,0,0,0,-1,0,0,0,0,-1,0,0,0,0,-1,0,0,0,0,-1,0,0,0,0,-1,0,0,0,0,-1,0,0,0,0,-1,0,0,0,0,-1,0,0,0,0,-1,0,0,0,0,0,0,0,1,2,218,180
1735,1239,fd,0,0,0,0,0,0,0,0,0,0,0,0,0,0,0,0,0,0,0,0,65024,2100,3268,1,0,0,0,0,0,0,0,0,64,1,0,0,0,0,0,0,0,0,0,0,0,0,0,0,0,0,0,0,0,0,0,0,0,0,-1,0,0,0,0,-1,0,0,0,0,-1,0,0,0,0,-1,0,0,0,0,-1,0,0,0,0,-1,0,0,0,0,-1,0,0,0,0,-1,0,0,0,0,-1,0,0,0,0,-1,0,0,0,0,-1,0,0,0,0,-1,0,0,0,0,0,0,0,2,2,219,180
1736,1240,fd,0,0,0,0,0,0,0,0,0,0,0,0,0,0,0,0,0,0,0,0,65024,2100,3268,1,0,0,0,0,0,0,0,0,64,1,0,0,0,0,0,0,0,0,0,0,0,0,0,0,0,0,0,0,0,0,0,0,0,0,-1,0,0,0,0,-1,0,0,0,0,-1,0,0,0,0,-1,0,0,0,0,-1,0,0,0,0,-1,0,0,0,0,-1,0,0,0,0,-1,0,0,0,0,-1,0,0,0,0,-1,0,0,0,0,-1,0,0,0,0,-1,0,0,0,0,0,0,0,1,2,220,180
1737,1241,fd,0,0,0,0,0,0,0,0,0,0,0,0,0,0,0,0,0,0,0,0,65024,2100,3268,1,0,0,0,0,0,0,0,0,64,1,0,0,0,0,0,0,0,0,0,0,0,0,0,0,0,0,0,0,0,0,0,0,0,0,-1,0,0,0,0,-1,0,0,0,0,-1,0,0,0,0,-1,0,0,0,0,-1,0,0,0,0,-1,0,0,0,0,-1,0,0,0,0,-1,0,0,0,0,-1,0,0,0,0,-1,0,0,0,0,-1,0,0,0,0,-1,0,0,0,0,0,0,0,2,2,221,180
1738,1242,fd,0,0,0,0,0,0,0,0,0,0,0,0,0,0,0,0,0,0,0,0,65024,2100,3268,1,0,0,0,0,0,0,0,0,64,1,0,0,0,0,0,0,0,0,0,0,0,0,0,0,0,0,0,0,0,0,0,0,0,0,-1,0,0,0,0,-1,0,0,0,0,-1,0,0,0,0,-1,0,0,0,0,-1,0,0,0,0,-1,0,0,0,0,-1,0,0,0,0,-1,0,0,0,0,-1,0,0,0,0,-1,0,0,0,0,-1,0,0,0,0,-1,0,0,0,0,0,0,0,1,2,222,180
1739,1243,fd,0,0,0,0,0,0,0,0,0,0,0,0,0,0,0,0,0,0,0,0,65024,2100,3268,1,0,0,0,0,0,0,0,0,64,1,0,0,0,0,0,0,0,0,0,0,0,0,0,0,0,0,0,0,0,0,0,0,0,0,-1,0,0,0,0,-1,0,0,0,0,-1,0,0,0,0,-1,0,0,0,0,-1,0,0,0,0,-1,0,0,0,0,-1,0,0,0,0,-1,0,0,0,0,-1,0,0,0,0,-1,0,0,0,0,-1,0,0,0,0,-1,0,0,0,0,0,0,0,2,2,223,180
1740,1244,fd,0,0,0,0,0,0,0,0,0,0,0,0,0,0,0,0,0,0,0,0,65024,2100,3268,1,0,0,0,0,0,0,0,0,64,1,0,0,0,0,0,0,0,0,0,0,0,0,0,0,0,0,0,0,0,0,0,0,0,0,-1,0,0,0,0,-1,0,0,0,0,-1,0,0,0,0,-1,0,0,0,0,-1,0,0,0,0,-1,0,0,0,0,-1,0,0,0,0,-1,0,0,0,0,-1,0,0,0,0,-1,0,0,0,0,-1,0,0,0,0,-1,0,0,0,0,0,0,0,1,2,224,180
1741,1245,fd,0,0,0,0,0,0,0,0,0,0,0,0,0,0,0,0,0,0,0,0,65024,2100,3268,1,0,0,0,0,0,0,0,0,64,1,0,0,0,0,0,0,0,0,0,0,0,0,0,0,0,0,0,0,0,0,0,0,0,0,-1,0,0,0,0,-1,0,0,0,0,-1,0,0,0,0,-1,0,0,0,0,-1,0,0,0,0,-1,0,0,0,0,-1,0,0,0,0,-1,0,0,0,0,-1,0,0,0,0,-1,0,0,0,0,-1,0,0,0,0,-1,0,0,0,0,0,0,0,2,2,225,180
1742,1246,fd,0,0,0,0,0,0,0,0,0,0,0,0,0,0,0,0,0,0,0,0,65024,2100,3268,1,0,0,0,0,0,0,0,0,64,1,0,0,0,0,0,0,0,0,0,0,0,0,0,0,0,0,0,0,0,0,0,0,0,0,-1,0,0,0,0,-1,0,0,0,0,-1,0,0,0,0,-1,0,0,0,0,-1,0,0,0,0,-1,0,0,0,0,-1,0,0,0,0,-1,0,0,0,0,-1,0,0,0,0,-1,0,0,0,0,-1,0,0,0,0,-1,0,0,0,0,0,0,0,1,2,226,180
1743,1247,fd,0,0,0,0,0,0,0,0,0,0,0,0,0,0,0,0,0,0,0,0,65024,2100,3268,1,0,0,0,0,0,0,0,0,64,1,0,0,0,0,0,0,0,0,0,0,0,0,0,0,0,0,0,0,0,0,0,0,0,0,-1,0,0,0,0,-1,0,0,0,0,-1,0,0,0,0,-1,0,0,0,0,-1,0,0,0,0,-1,0,0,0,0,-1,0,0,0,0,-1,0,0,0,0,-1,0,0,0,0,-1,0,0,0,0,-1,0,0,0,0,-1,0,0,0,0,0,0,0,2,2,227,180
1744,1248,fd,0,0,0,0,0,0,0,0,0,0,0,0,0,0,0,0,0,0,0,0,65024,2100,3268,1,0,0,0,0,0,0,0,0,64,1,0,0,0,0,0,0,0,0,0,0,0,0,0,0,0,0,0,0,0,0,0,0,0,0,-1,0,0,0,0,-1,0,0,0,0,-1,0,0,0,0,-1,0,0,0,0,-1,0,0,0,0,-1,0,0,0,0,-1,0,0,0,0,-1,0,0,0,0,-1,0,0,0,0,-1,0,0,0,0,-1,0,0,0,0,-1,0,0,0,0,0,0,0,3,2,228,180
1745,1249,fd,0,0,0,0,0,0,0,0,0,0,0,0,0,0,0,0,0,0,0,0,65024,2100,3268,1,0,0,0,0,0,0,0,0,64,1,0,0,0,0,0,0,0,0,0,0,0,0,0,0,0,0,0,0,0,0,0,0,0,0,-1,0,0,0,0,-1,0,0,0,0,-1,0,0,0,0,-1,0,0,0,0,-1,0,0,0,0,-1,0,0,0,0,-1,0,0,0,0,-1,0,0,0,0,-1,0,0,0,0,-1,0,0,0,0,-1,0,0,0,0,-1,0,0,0,0,0,0,0,0,3,229,180
1746,1250,fd,1,164,80,0,4,4,2,1056,0,2,0,0,0,1,0,1,192,80,0,0,65023,2100,3999,1,0,0,0,0,0,0,1,0,64,1,0,0,0,0,0,0,0,0,0,0,0,0,0,0,0,0,0,0,0,0,0,0,0,0,-1,0,0,0,0,-1,0,0,0,0,-1,0,0,0,0,-1,0,0,0,0,-1,0,0,0,0,-1,0,0,0,0,-1,0,0,0,0,-1,0,0,0,0,-1,0,0,0,0,-1,0,0,0,0,-1,0,0,0,0,-1,0,0,0,0,111,127,143,0,3,230,180
1747,1251,fd,1,164,80,0,4,4,2,1056,0,2,0,0,0,1,0,2,192,80,0,0,65022,2100,3998,1,0,0,0,0,0,0,1,0,64,1,0,0,0,0,0,0,0,0,0,0,0,0,0,0,0,0,0,0,0,0,0,0,0,0,-1,0,0,0,0,-1,0,0,0,0,-1,0,0,0,0,-1,0,0,0,0,-1,0,0,0,0,-1,0,0,0,0,-1,0,0,0,0,-1,0,0,0,0,-1,0,0,0,0,-1,0,0,0,0,-1,0,0,0,0,-1,0,0,0,0,110,126,142,0,3,231,180
1748,1252,fd,1,164,80,0,4,4,2,1056,0,2,0,0,0,1,0,2,192,80,0,0,65021,2100,3997,1,0,0,0,0,0,0,1,0,64,1,0,0,0,0,0,0,0,0,0,0,0,0,0,0,0,0,0,0,0,0,0,0,0,0,-1,0,0,0,0,-1,0,0,0,0,-1,0,0,0,0,-1,0,0,0,0,-1,0,0,0,0,-1,0,0,0,0,-1,0,0,0,0,-1,0,0,0,0,-1,0,0,0,0,-1,0,0,0,0,-1,0,0,0,0,-1,0,0,0,0,109,125,141,0,3,232,180
1749,1253,fd,1,164,80,0,4,4,2,1056,0,2,0,0,0,1,0,2,192,80,0,0,65020,2100,3996,1,0,0,0,0,0,0,1,0,64,1,0,0,0,0,0,0,0,0,0,0,0,0,0,0,0,0,0,0,0,0,0,0,0,0,-1,0,0,0,0,-1,0,0,0,0,-1,0,0,0,0,-1,0,0,0,0,-1,0,0,0,0,-1,0,0,0,0,-1,0,0,0,0,-1,0,0,0,0,-1,0,0,0,0,-1,0,0,0,0,-1,0,0,0,0,-1,0,0,0,0,108,124,140,0,3,233,180
1750,1254,fd,1,164,80,0,4,4,2,1056,0,2,0,0,0,1,0,2,192,80,0,0,65019,2100,3995,1,0,0,0,0,0,0,1,0,64,1,0,0,0,0,0,0,0,0,0,0,0,0,0,0,0,0,0,0,0,0,0,0,0,0,-1,0,0,0,0,-1,0,0,0,0,-1,0,0,0,0,-1,0,0,0,0,-1,0,0,0,0,-1,0,0,0,0,-1,0,0,0,0,-1,0,0,0,0,-1,0,0,0,0,-1,0,0,0,0,-1,0,0,0,0,-1,0,0,0,0,107,123,139,0,3,234,180
1751,1255,fd,1,164,80,0,4,4,2,1056,0,2,0,0,0,1,0,2,192,80,0,0,65018,2100,3994,1,0,0,0,0,0,0,1,0,64,1,0,0,0,0,0,0,0,0,0,0,0,0,0,0,0,0,0,0,0,0,0,0,0,0,-1,0,0,0,0,-1,0,0,0,0,-1,0,0,0,0,-1,0,0,0,0,-1,0,0,0,0,-1,0,0,0,0,-1,0,0,0,0,-1,0,0,0,0,-1,0,0,0,0,-1,0,0,0,0,-1,0,0,0,0,-1,0,0,0,0,106,122,138,0,3,235,180
1752,1256,fd,1,164,80,0,4,4,2,1056,0,2,0,0,0,1,0,2,192,80,0,0,65017,2100,3993,1,0,0,0,0,0,0,1,0,64,1,0,0,0,0,0,0,0,0,0,0,0,0,0,0,0,0,0,0,0,0,0,0,0,0,-1,0,0,0,0,-1,0,0,0,0,-1,0,0,0,0,-1,0,0,0,0,-1,0,0,0,0,-1,0,0,0,0,-1,0,0,0,0,-1,0,0,0,0,-1,0,0,0,0,-1,0,0,0,0,-1,0,0,0,0,-1,0,0,0,0,105,121,137,0,3,236,180
1753,1257,fd,1,164,80,0,4,4,2,1056,0,2,0,0,0,1,0,2,192,80,0,0,65016,2100,3992,1,0,0,0,0,0,0,1,0,64,1,0,0,0,0,0,0,0,0,0,0,0,0,0,0,0,0,0,0,0,0,0,0,0,0,-1,0,0,0,0,-1,0,0,0,0,-1,0,0,0,0,-1,0,0,0,0,-1,0,0,0,0,-1,0,0,0,0,-1,0,0,0,0,-1,0,0,0,0,-1,0,0,0,0,-1,0,0,0,0,-1,0,0,0,0,-1,0,0,0,0,104,120,136,0,3,237,180
1754,1258,fd,1,164,80,0,4,4,2,1056,0,2,0,0,0,1,0,2,192,80,0,0,65015,2100,3991,1,0,0,0,0,0,0,1,0,64,1,0,0,0,0,0,0,0,0,0,0,0,0,0,0,0,0,0,0,0,0,0,0,0,0,-1,0,0,0,0,-1,0,0,0,0,-1,0,0,0,0,-1,0,0,0,0,-1,0,0,0,0,-1,0,0,0,0,-1,0,0,0,0,-1,0,0,0,0,-1,0,0,0,0,-1,0,0,0,0,-1,0,0,0,0,-1,0,0,0,0,103,119,135,0,3,238,180
1755,1259,fd,1,164,80,0,4,4,2,1056,0,2,0,0,0,1,0,2,192,80,0,0,65014,2100,3990,1,0,0,0,0,0,0,1,0,64,1,0,0,0,0,0,0,0,0,0,0,0,0,0,0,0,0,0,0,0,0,0,0,0,0,-1,0,0,0,0,-1,0,0,0,0,-1,0,0,0,0,-1,0,0,0,0,-1,0,0,0,0,-1,0,0,0,0,-1,0,0,0,0,-1,0,0,0,0,-1,0,0,0,0,-1,0,0,0,0,-1,0,0,0,0,-1,0,0,0,0,102,118,134,0,3,239,180
1756,1260,fd,1,164,80,0,4,4,2,1056,0,2,0,0,0,1,0,2,192,80,0,0,65013,2100,3989,1,0,0,0,0,0,0,1,0,64,1,0,0,0,0,0,0,0,0,0,0,0,0,0,0,0,0,0,0,0,0,0,0,0,0,-1,0,0,0,0,-1,0,0,0,0,-1,0,0,0,0,-1,0,0,0,0,-1,0,0,0,0,-1,0,0,0,0,-1,0,0,0,0,-1,0,0,0,0,-1,0,0,0,0,-1,0,0,0,0,-1,0,0,0,0,-1,0,0,0,0,101,117,133,0,3,240,180
1757,1261,fd,1,164,80,0,4,4,2,1056,0,2,0,0,0,1,0,2,192,80,0,0,65012,2100,3988,1,0,0,0,0,0,0,1,0,64,1,0,0,0,0,0,0,0,0,0,0,0,0,0,0,0,0,0,0,0,0,0,0,0,0,-1,0,0,0,0,-1,0,0,0,0,-1,0,0,0,0,-1,0,0,0,0,-1,0,0,0,0,-1,0,0,0,0,-1,0,0,0,0,-1,0,0,0,0,-1,0,0,0,0,-1,0,0,0,0,-1,0,0,0,0,-1,0,0,0,0,100,116,132,0,3,241,180
1758,1262,fd,1,164,80,0,4,4,2,1056,0,2,0,0,0,1,0,2,192,80,0,0,65011,2100,3987,1,0,0,0,0,0,0,1,0,64,1,0,0,0,0,0,0,0,0,0,0,0,0,0,0,0,0,0,0,0,0,0,0,0,0,-1,0,0,0,0,-1,0,0,0,0,-1,0,0,0,0,-1,0,0,0,0,-1,0,0,0,0,-1,0,0,0,0,-1,0,0,0,0,-1,0,0,0,0,-1,0,0,0,0,-1,0,0,0,0,-1,0,0,0,0,-1,0,0,0,0,99,115,131,0,3,242,180
1759,1263,fd,1,164,80,0,4,4,2,1056,0,2,0,0,0,1,0,2,192,80,0,0,65010,2100,3986,1,0,0,0,0,0,0,1,0,64,1,0,0,0,0,0,0,0,0,0,0,0,0,0,0,0,0,0,0,0,0,0,0,0,0,-1,0,0,0,0,-1,0,0,0,0,-1,0,0,0,0,-1,0,0,0,0,-1,0,0,0,0,-1,0,0,0,0,-1,0,0,0,0,-1,0,0,0,0,-1,0,0,0,0,-1,0,0,0,0,-1,0,0,0,0,-1,0,0,0,0,98,114,130,0,3,243,180
1760,1264,fd,1,164,80,0,4,4,2,1056,0,2,0,0,0,1,0,2,192,80,0,0,65009,2100,3985,1,0,0,0,0,0,0,1,0,64,1,0,0,0,0,0,0,0,0,0,0,0,0,0,0,0,0,0,0,0,0,0,0,0,0,-1,0,0,0,0,-1,0,0,0,0,-1,0,0,0,0,-1,0,0,0,0,-1,0,0,0,0,-1,0,0,0,0,-1,0,0,0,0,-1,0,0,0,0,-1,0,0,0,0,-1,0,0,0,0,-1,0,0,0,0,-1,0,0,0,0,97,113,129,0,3,244,180
1761,1265,fd,1,164,80,0,4,4,2,1056,0,2,0,0,0,1,0,2,192,80,0,0,65008,2100,3984,1,0,0,0,0,0,0,1,0,64,1,0,0,0,0,0,0,0,0,0,0,0,0,0,0,0,0,0,0,0,0,0,0,0,0,-1,0,0,0,0,-1,0,0,0,0,-1,0,0,0,0,-1,0,0,0,0,-1,0,0,0,0,-1,0,0,0,0,-1,0,0,0,0,-1,0,0,0,0,-1,0,0,0,0,-1,0,0,0,0,-1,0,0,0,0,-1,0,0,0,0,96,112,128,0,3,245,180
1762,1266,fd,1,164,80,0,4,4,2,1056,0,2,0,0,0,1,0,2,192,80,0,0,65007,2100,3983,1,0,0,0,0,0,0,1,0,64,1,0,0,0,0,0,0,0,0,0,0,0,0,0,0,0,0,0,0,0,0,0,0,0,0,-1,0,0,0,0,-1,0,0,0,0,-1,0,0,0,0,-1,0,0,0,0,-1,0,0,0,0,-1,0,0,0,0,-1,0,0,0,0,-1,0,0,0,0,-1,0,0,0,0,-1,0,0,0,0,-1,0,0,0,0,-1,0,0,0,0,95,111,127,0,3,246,180
1763,1267,fd,1,164,80,0,4,4,2,1056,0,2,0,0,0,1,0,2,192,80,0,0,65006,2100,3982,1,0,0,0,0,0,0,1,0,64,1,0,0,0,0,0,0,0,0,0,0,0,0,0,0,0,0,0,0,0,0,0,0,0,0,-1,0,0,0,0,-1,0,0,0,0,-1,0,0,0,0,-1,0,0,0,0,-1,0,0,0,0,-1,0,0,0,0,-1,0,0,0,0,-1,0,0,0,0,-1,0,0,0,0,-1,0,0,0,0,-1,0,0,0,0,-1,0,0,0,0,94,110,126,0,3,247,180
1764,1268,fd,1,164,80,0,4,4,2,1056,0,2,0,0,0,1,0,2,192,80,0,0,65005,2100,3981,1,0,0,0,0,0,0,1,0,64,1,0,0,0,0,0,0,0,0,0,0,0,0,0,0,0,0,0,0,0,0,0,0,0,0,-1,0,0,0,0,-1,0,0,0,0,-1,0,0,0,0,-1,0,0,0,0,-1,0,0,0,0,-1,0,0,0,0,-1,0,0,0,0,-1,0,0,0,0,-1,0,0,0,0,-1,0,0,0,0,-1,0,0,0,0,-1,0,0,0,0,93,109,125,0,3,248,180
1765,1269,fd,1,164,80,0,4,4,2,1056,0,2,0,0,0,1,0,2,192,80,0,0,65004,2100,3980,1,0,0,0,0,0,0,1,0,64,1,0,0,0,0,0,0,0,0,0,0,0,0,0,0,0,0,0,0,0,0,0,0,0,0,-1,0,0,0,0,-1,0,0,0,0,-1,0,0,0,0,-1,0,0,0,0,-1,0,0,0,0,-1,0,0,0,0,-1,0,0,0,0,-1,0,0,0,0,-1,0,0,0,0,-1,0,0,0,0,-1,0,0,0,0,-1,0,0,0,0,92,108,124,0,3,249,180
1766,1270,fd,1,164,80,0,4,4,2,1056,0,2,0,0,0,1,0,2,192,80,0,0,65003,2100,3979,1,0,0,0,0,0,0,1,0,64,1,0,0,0,0,0,0,0,0,0,0,0,0,0,0,0,0,0,0,0,0,0,0,0,0,-1,0,0,0,0,-1,0,0,0,0,-1,0,0,0,0,-1,0,0,0,0,-1,0,0,0,0,-1,0,0,0,0,-1,0,0,0,0,-1,0,0,0,0,-1,0,0,0,0,-1,0,0,0,0,-1,0,0,0,0,-1,0,0,0,0,91,107,123,0,3,250,180
1767,1271,fd,1,164,80,0,4,4,2,1056,0,2,0,0,0,1,0,2,192,80,0,0,65002,2100,3978,1,0,0,0,0,0,0,1,0,64,1,0,0,0,0,0,0,0,0,0,0,0,0,0,0,0,0,0,0,0,0,0,0,0,0,-1,0,0,0,0,-1,0,0,0,0,-1,0,0,0,0,-1,0,0,0,0,-1,0,0,0,0,-1,0,0,0,0,-1,0,0,0,0,-1,0,0,0,0,-1,0,0,0,0,-1,0,0,0,0,-1,0,0,0,0,-1,0,0,0,0,90,106,122,0,3,251,180
1768,1272,fd,1,164,80,0,4,4,2,1056,0,2,0,0,0,1,0,2,192,80,0,0,65001,2100,3977,1,0,0,0,0,0,0,1,0,64,1,0,0,0,0,0,0,0,0,0,0,0,0,0,0,0,0,0,0,0,0,0,0,0,0,-1,0,0,0,0,-1,0,0,0,0,-1,0,0,0,0,-1,0,0,0,0,-1,0,0,0,0,-1,0,0,0,0,-1,0,0,0,0,-1,0,0,0,0,-1,0,0,0,0,-1,0,0,0,0,-1,0,0,0,0,-1,0,0,0,0,89,105,121,0,3,252,180
1769,1273,fd,1,164,80,0,4,4,2,1056,0,2,0,0,0,1,0,2,192,80,0,0,65000,2100,3976,1,0,0,0,0,0,0,1,0,64,1,0,0,0,0,0,0,0,0,0,0,0,0,0,0,0,0,0,0,0,0,0,0,0,0,-1,0,0,0,0,-1,0,0,0,0,-1,0,0,0,0,-1,0,0,0,0,-1,0,0,0,0,-1,0,0,0,0,-1,0,0,0,0,-1,0,0,0,0,-1,0,0,0,0,-1,0,0,0,0,-1,0,0,0,0,-1,0,0,0,0,88,104,120,0,3,253,180
1770,1274,fd,1,164,80,0,4,4,2,1056,0,2,0,0,0,1,0,2,192,80,0,0,64999,2100,3975,1,0,0,0,0,0,0,1,0,64,1,0,0,0,0,0,0,0,0,0,0,0,0,0,0,0,0,0,0,0,0,0,0,0,0,-1,0,0,0,0,-1,0,0,0,0,-1,0,0,0,0,-1,0,0,0,0,-1,0,0,0,0,-1,0,0,0,0,-1,0,0,0,0,-1,0,0,0,0,-1,0,0,0,0,-1,0,0,0,0,-1,0,0,0,0,-1,0,0,0,0,87,103,119,0,3,254,180
1771,1275,fd,1,164,80,0,4,4,2,1056,0,2,0,0,0,1,0,2,192,80,0,0,64998,2100,3974,1,0,0,0,0,0,0,1,0,64,1,0,0,0,0,0,0,0,0,0,0,0,0,0,0,0,0,0,0,0,0,0,0,0,0,-1,0,0,0,0,-1,0,0,0,0,-1,0,0,0,0,-1,0,0,0,0,-1,0,0,0,0,-1,0,0,0,0,-1,0,0,0,0,-1,0,0,0,0,-1,0,0,0,0,-1,0,0,0,0,-1,0,0,0,0,-1,0,0,0,0,86,102,118,0,3,255,180
1772,1276,fd,1,164,80,0,4,4,2,1056,0,2,0,0,0,1,0,2,192,80,0,0,64997,2100,3973,1,0,0,0,0,0,0,1,0,64,1,0,0,0,0,0,0,0,0,0,0,0,0,0,0,0,0,0,0,0,0,0,0,0,0,-1,0,0,0,0,-1,0,0,0,0,-1,0,0,0,0,-1,0,0,0,0,-1,0,0,0,0,-1,0,0,0,0,-1,0,0,0,0,-1,0,0,0,0,-1,0,0,0,0,-1,0,0,0,0,-1,0,0,0,0,-1,0,0,0,0,85,101,117,0,3,0,180
1773,1277,fd,1,164,80,0,4,4,2,1056,0,2,0,0,0,1,0,2,192,80,0,0,64996,2100,3972,1,0,0,0,0,0,0,1,0,64,1,0,0,0,0,0,0,0,0,0,0,0,0,0,0,0,0,0,0,0,0,0,0,0,0,-1,0,0,0,0,-1,0,0,0,0,-1,0,0,0,0,-1,0,0,0,0,-1,0,0,0,0,-1,0,0,0,0,-1,0,0,0,0,-1,0,0,0,0,-1,0,0,0,0,-1,0,0,0,0,-1,0,0,0,0,-1,0,0,0,0,84,100,116,0,3,1,180
1774,1278,fd,1,164,80,0,4,4,2,1056,0,2,0,0,0,1,0,2,192,80,0,0,64995,2100,3971,1,0,0,0,0,0,0,0,0,64,1,1,0,0,192,240,128,0,0,0,0,0,0,0,0,0,0,0,0,0,0,0,0,0,0,-1,0,0,0,0,-1,0,0,0,0,-1,0,0,0,0,-1,0,0,0,0,-1,0,0,0,0,-1,0,0,0,0,-1,0,0,0,0,-1,0,0,0,0,-1,0,0,0,0,-1,0,0,0,0,-1,0,0,0,0,-1,0,0,0,0,83,99,115,0,3,2,180
1775,1279,fd,1,164,80,0,4,4,2,1056,0,2,0,0,0,1,0,2,192,80,0,0,64994,2100,3970,1,0,0,0,0,0,0,0,0,64,1,1,0,0,192,238,0,0,0,0,0,0,0,0,0,0,0,0,0,0,0,0,0,0,0,-1,0,0,0,0,-1,0,0,0,0,-1,0,0,0,0,-1,0,0,0,0,-1,0,0,0,0,-1,0,0,0,0,-1,0,0,0,0,-1,0,0,0,0,-1,0,0,0,0,-1,0,0,0,0,-1,0,0,0,0,-1,0,0,0,0,82,98,114,0,3,3,180
1776,1280,fd,1,164,80,0,4,4,2,1056,0,2,0,0,0,1,0,2,192,80,0,0,64993,2100,3969,1,0,0,0,0,0,0,0,0,64,1,1,0,0,192,237,128,0,0,0,0,0,0,0,0,0,0,0,0,0,0,0,0,0,0,-1,0,0,0,0,-1,0,0,0,0,-1,0,0,0,0,-1,0,0,0,0,-1,0,0,0,0,-1,0,0,0,0,-1,0,0,0,0,-1,0,0,0,0,-1,0,0,0,0,-1,0,0,0,0,-1,0,0,0,0,-1,0,0,0,0,81,97,113,0,3,4,180
1777,1281,fd,1,164,80,0,4,4,2,1056,0,2,0,0,0,1,0,2,192,80,0,0,64992,2100,3968,1,0,0,0,0,0,0,0,0,64,1,1,0,0,192,235,0,0,0,0,0,0,0,0,0,0,0,0,0,0,0,0,0,0,0,-1,0,0,0,0,-1,0,0,0,0,-1,0,0,0,0,-1,0,0,0,0,-1,0,0,0,0,-1,0,0,0,0,-1,0,0,0,0,-1,0,0,0,0,-1,0,0,0,0,-1,0,0,0,0,-1,0,0,0,0,-1,0,0,0,0,80,96,112,0,3,5,180
1778,1282,fd,1,164,80,0,4,4,2,1056,0,2,0,0,0,1,0,2,192,80,0,0,64991,2100,3967,1,0,0,0,0,0,0,0,0,64,1,1,0,0,192,234,128,0,0,0,0,0,0,0,0,0,0,0,0,0,0,0,0,0,0,-1,0,0,0,0,-1,0,0,0,0,-1,0,0,0,0,-1,0,0,0,0,-1,0,0,0,0,-1,0,0,0,0,-1,0,0,0,0,-1,0,0,0,0,-1,0,0,0,0,-1,0,0,0,0,-1,0,0,0,0,-1,0,0,0,0,79,95,111,0,3,6,180
1779,1283,fd,1,164,80,0,4,4,2,1056,0,2,0,0,0,1,0,2,192,80,0,0,64990,2100,3966,1,0,0,0,0,0,0,0,0,64,1,1,0,0,192,232,0,0,0,0,0,0,0,0,0,0,0,0,0,0,0,0,0,0,0,-1,0,0,0,0,-1,0,0,0,0,-1,0,0,0,0,-1,0,0,0,0,-1,0,0,0,0,-1,0,0,0,0,-1,0,0,0,0,-1,0,0,0,0,-1,0,0,0,0,-1,0,0,0,0,-1,0,0,0,0,-1,0,0,0,0,78,94,110,0,3,7,180
1780,1284,fd,1,164,80,0,4,4,2,1056,0,2,0,0,0,1,0,2,192,80,0,0,64989,2100,3965,1,0,0,0,0,0,0,0,0,64,1,1,0,0,192,231,128,0,0,0,0,0,0,0,0,0,0,0,0,0,0,0,0,0,0,-1,0,0,0,0,-1,0,0,0,0,-1,0,0,0,0,-1,0,0,0,0,-1,0,0,0,0,-1,0,0,0,0,-1,0,0,0,0,-1,0,0,0,0,-1,0,0,0,0,-1,0,0,0,0,-1,0,0,0,0,-1,0,0,0,0,77,93,109,0,3,8,180
1781,1285,fd,1,164,80,0,4,4,2,1056,0,2,0,0,0,1,0,2,192,80,0,0,64988,2100,3964,1,0,0,0,0,0,0,0,0,64,1,1,0,0,192,229,0,0,0,0,0,0,0,0,0,0,0,0,0,0,0,0,0,0,0,-1,0,0,0,0,-1,0,0,0,0,-1,0,0,0,0,-1,0,0,0,0,-1,0,0,0,0,-1,0,0,0,0,-1,0,0,0,0,-1,0,0,0,0,-1,0,0,0,0,-1,0,0,0,0,-1,0,0,0,0,-1,0,0,0,0,76,92,108,0,3,9,180
1782,1286,fd,1,164,80,0,4,4,2,1056,0,2,0,0,0,1,0,2,192,80,0,0,64987,2100,3963,1,0,0,0,0,0,0,0,0,64,1,1,0,0,192,228,128,0,0,0,0,0,0,0,0,0,0,0,0,0,0,0,0,0,0,-1,0,0,0,0,-1,0,0,0,0,-1,0,0,0,0,-1,0,0,0,0,-1,0,0,0,0,-1,0,0,0,0,-1,0,0,0,0,-1,0,0,0,0,-1,0,0,0,0,-1,0,0,0,0,-1,0,0,0,0,-1,0,0,0,0,75,91,107,0,3,10,180
1783,1287,fd,1,164,80,0,4,4,2,1056,0,2,0,0,0,1,0,2,192,80,0,0,64986,2100,3962,1,0,0,0,0,0,0,0,0,64,1,1,0,0,192,226,0,0,0,0,0,0,0,0,0,0,0,0,0,0,0,0,0,0,0,-1,0,0,0,0,-1,0,0,0,0,-1,0,0,0,0,-1,0,0,0,0,-1,0,0,0,0,-1,0,0,0,0,-1,0,0,0,0,-1,0,0,0,0,-1,0,0,0,0,-1,0,0,0,0,-1,0,0,0,0,-1,0,0,0,0,74,90,106,0,3,11,180
1784,1288,fd,1,164,80,0,4,4,2,1056,0,2,0,0,0,1,0,2,192,80,0,0,64985,2100,3961,1,0,0,0,0,0,0,0,0,64,1,1,0,0,192,225,128,0,0,0,0,0,0,0,0,0,0,0,0,0,0,0,0,0,0,-1,0,0,0,0,-1,0,0,0,0,-1,0,0,0,0,-1,0,0,0,0,-1,0,0,0,0,-1,0,0,0,0,-1,0,0,0,0,-1,0,0,0,0,-1,0,0,0,0,-1,0,0,0,0,-1,0,0,0,0,-1,0,0,0,0,73,89,105,0,3,12,180
1785,1289,fd,1,164,80,0,4,4,2,1056,0,2,0,0,0,1,0,2,192,80,0,0,64984,2100,3960,1,0,0,0,0,0,0,0,0,64,1,1,0,0,192,223,0,0,0,0,0,0,0,0,0,0,0,0,0,0,0,0,0,0,0,-1,0,0,0,0,-1,0,0,0,0,-1,0,0,0,0,-1,0,0,0,0,-1,0,0,0,0,-1,0,0,0,0,-1,0,0,0,0,-1,0,0,0,0,-1,0,0,0,0,-1,0,0,0,0,-1,0,0,0,0,-1,0,0,0,0,72,88,104,0,3,13,180
1786,1290,fd,1,164,80,0,4,4,2,1056,0,2,0,0,0,1,0,2,192,80,0,0,64983,2100,3959,1,0,0,0,0,0,0,0,0,64,1,1,0,0,192,222,128,0,0,0,0,0,0,0,0,0,0,0,0,0,0,0,0,0,0,-1,0,0,0,0,-1,0,0,0,0,-1,0,0,0,0,-1,0,0,0,0,-1,0,0,0,0,-1,0,0,0,0,-1,0,0,0,0,-1,0,0,0,0,-1,0,0,0,0,-1,0,0,0,0,-1,0,0,0,0,-1,0,0,0,0,71,87,103,0,3,14,180
1787,1291,fd,1,164,80,0,4,4,2,1056,0,2,0,0,0,1,0,2,192,80,0,0,64982,2100,3958,1,0,0,0,0,0,0,0,0,64,1,1,0,0,192,220,0,0,0,0,0,0,0,0,0,0,0,0,0,0,0,0,0,0,0,-1,0,0,0,0,-1,0,0,0,0,-1,0,0,0,0,-1,0,0,0,0,-1,0,0,0,0,-1,0,0,0,0,-1,0,0,0,0,-1,0,0,0,0,-1,0,0,0,0,-1,0,0,0,0,-1,0,0,0,0,-1,0,0,0,0,70,86,102,0,3,15,180
1788,1292,fd,1,164,80,0,4,4,2,1056,0,2,0,0,0,1,0,2,192,80,0,0,64981,2100,3957,1,0,0,0,0,0,0,0,0,64,1,1,0,0,192,219,128,0,0,0,0,0,0,0,0,0,0,0,0,0,0,0,0,0,0,-1,0,0,0,0,-1,0,0,0,0,-1,0,0,0,0,-1,0,0,0,0,-1,0,0,0,0,-1,0,0,0,0,-1,0,0,0,0,-1,0,0,0,0,-1,0,0,0,0,-1,0,0,0,0,-1,0,0,0,0,-1,0,0,0,0,69,85,101,0,3,16,180
1789,1293,fd,1,164,80,0,4,4,2,1056,0,2,0,0,0,1,0,2,192,80,0,0,64980,2100,3956,1,0,0,0,0,0,0,0,0,64,1,1,0,0,192,217,0,0,0,0,0,0,0,0,0,0,0,0,0,0,0,0,0,0,0,-1,0,0,0,0,-1,0,0,0,0,-1,0,0,0,0,-1,0,0,0,0,-1,0,0,0,0,-1,0,0,0,0,-1,0,0,0,0,-1,0,0,0,0,-1,0,0,0,0,-1,0,0,0,0,-1,0,0,0,0,-1,0,0,0,0,68,84,100,0,3,17,180
1790,1294,fd,1,164,80,0,4,4,2,1056,0,2,0,0,0,1,0,2,192,80,0,0,64979,2100,3955,1,0,0,0,0,0,0,0,0,64,1,1,0,0,192,216,128,0,0,0,0,0,0,0,0,0,0,0,0,0,0,0,0,0,0,-1,0,0,0,0,-1,0,0,0,0,-1,0,0,0,0,-1,0,0,0,0,-1,0,0,0,0,-1,0,0,0,0,-1,0,0,0,0,-1,0,0,0,0,-1,0,0,0,0,-1,0,0,0,0,-1,0,0,0,0,-1,0,0,0,0,67,83,99,0,3,18,180
1791,1295,fd,1,164,80,0,4,4,2,1056,0,2,0,0,0,1,0,2,192,80,0,0,64978,2100,3954,1,0,0,0,0,0,0,0,0,64,1,1,0,0,192,214,0,0,0,0,0,0,0,0,0,0,0,0,0,0,0,0,0,0,0,-1,0,0,0,0,-1,0,0,0,0,-1,0,0,0,0,-1,0,0,0,0,-1,0,0,0,0,-1,0,0,0,0,-1,0,0,0,0,-1,0,0,0,0,-1,0,0,0,0,-1,0,0,0,0,-1,0,0,0,0,-1,0,0,0,0,66,82,98,0,3,19,180
1792,1296,fd,1,164,80,0,4,4,2,1056,0,2,0,0,0,1,0,2,192,80,0,0,64977,2100,3953,1,0,0,0,0,0,0,0,0,64,1,1,0,0,192,213,128,0,0,0,0,0,0,0,0,0,0,0,0,0,0,0,0,0,0,-1,0,0,0,0,-1,0,0,0,0,-1,0,0,0,0,-1,0,0,0,0,-1,0,0,0,0,-1,0,0,0,0,-1,0,0,0,0,-1,0,0,0,0,-1,0,0,0,0,-1,0,0,0,0,-1,0,0,0,0,-1,0,0,0,0,65,81,97,0,3,20,180
1793,1297,fd,1,164,80,0,4,4,2,1056,0,2,0,0,0,1,0,2,192,80,0,0,64976,2100,3952,1,0,0,0,0,0,0,0,0,64,1,1,0,0,192,211,0,0,0,0,0,0,0,0,0,0,0,0,0,0,0,0,0,0,0,-1,0,0,0,0,-1,0,0,0,0,-1,0,0,0,0,-1,0,0,0,0,-1,0,0,0,0,-1,0,0,0,0,-1,0,0,0,0,-1,0,0,0,0,-1,0,0,0,0,-1,0,0,0,0,-1,0,0,0,0,-1,0,0,0,0,64,80,96,0,3,21,180
1794,1298,fd,1,164,80,0,4,4,2,1056,0,2,0,0,0,1,0,2,192,80,0,0,64975,2100,3951,1,0,0,0,0,0,0,0,0,64,1,1,0,0,192,210,128,0,0,0,0,0,0,0,0,0,0,0,0,0,0,0,0,0,0,-1,0,0,0,0,-1,0,0,0,0,-1,0,0,0,0,-1,0,0,0,0,-1,0,0,0,0,-1,0,0,0,0,-1,0,0,0,0,-1,0,0,0,0,-1,0,0,0,0,-1,0,0,0,0,-1,0,0,0,0,-1,0,0,0,0,63,79,95,0,3,22,180
1795,1299,fd,1,164,80,0,4,4,2,1056,0,2,0,0,0,1,0,2,192,80,0,0,64974,2100,3950,1,0,0,0,0,0,0,0,0,64,1,1,0,0,192,208,0,0,0,0,0,0,0,0,0,0,0,0,0,0,0,0,0,0,0,-1,0,0,0,0,-1,0,0,0,0,-1,0,0,0,0,-1,0,0,0,0,-1,0,0,0,0,-1,0,0,0,0,-1,0,0,0,0,-1,0,0,0,0,-1,0,0,0,0,-1,0,0,0,0,-1,0,0,0,0,-1,0,0,0,0,62,78,94,0,3,23,180
1796,1300,fd,1,164,80,0,4,4,2,1056,0,2,0,0,0,1,0,2,192,80,0,0,64973,2100,3949,1,0,0,0,0,0,0,0,0,64,1,1,0,0,192,207,128,0,0,0,0,0,0,0,0,0,0,0,0,0,0,0,0,0,0,-1,0,0,0,0,-1,0,0,0,0,-1,0,0,0,0,-1,0,0,0,0,-1,0,0,0,0,-1,0,0,0,0,-1,0,0,0,0,-1,0,0,0,0,-1,0,0,0,0,-1,0,0,0,0,-1,0,0,0,0,-1,0,0,0,0,61,77,93,0,3,24,180
1797,1301,fd,1,164,80,0,4,4,2,1056,0,2,0,0,0,1,0,2,192,80,0,0,64972,2100,3948,1,0,0,0,0,0,0,0,0,64,1,1,0,0,192,205,0,0,0,0,0,0,0,0,0,0,0,0,0,0,0,0,0,0,0,-1,0,0,0,0,-1,0,0,0,0,-1,0,0,0,0,-1,0,0,0,0,-1,0,0,0,0,-1,0,0,0,0,-1,0,0,0,0,-1,0,0,0,0,-1,0,0,0,0,-1,0,0,0,0,-1,0,0,0,0,-1,0,0,0,0,60,76,92,0,3,25,180
1798,1302,fd,1,164,80,0,4,4,2,1056,0,2,0,0,0,1,0,2,192,80,0,0,64971,2100,3947,1,0,0,0,0,0,0,0,0,64,1,1,0,0,192,204,128,0,0,0,0,0,0,0,0,0,0,0,0,0,0,0,0,0,0,-1,0,0,0,0,-1,0,0,0,0,-1,0,0,0,0,-1,0,0,0,0,-1,0,0,0,0,-1,0,0,0,0,-1,0,0,0,0,-1,0,0,0,0,-1,0,0,0,0,-1,0,0,0,0,-1,0,0,0,0,-1,0,0,0,0,59,75,91,0,3,26,180
1799,1303,fd,1,164,80,0,4,4,2,1056,0,2,0,0,0,1,0,2,192,80,0,0,64970,2100,3946,1,0,0,0,0,0,0,0,0,64,1,1,0,0,192,202,0,0,0,0,0,0,0,0,0,0,0,0,0,0,0,0,0,0,0,-1,0,0,0,0,-1,0,0,0,0,-1,0,0,0,0,-1,0,0,0,0,-1,0,0,0,0,-1,0,0,0,0,-1,0,0,0,0,-1,0,0,0,0,-1,0,0,0,0,-1,0,0,0,0,-1,0,0,0,0,-1,0,0,0,0,58,74,90,0,3,27,180
1800,1304,fd,1,164,80,0,4,4,2,1056,0,2,0,0,0,1,0,2,192,80,0,0,64969,2100,3945,1,0,0,0,0,0,0,0,0,64,1,1,0,0,192,201,128,0,0,0,0,0,0,0,0,0,0,0,0,0,0,0,0,0,0,-1,0,0,0,0,-1,0,0,0,0,-1,0,0,0,0,-1,0,0,0,0,-1,0,0,0,0,-1,0,0,0,0,-1,0,0,0,0,-1,0,0,0,0,-1,0,0,0,0,-1,0,0,0,0,-1,0,0,0,0,-1,0,0,0,0,57,73,89,0,3,28,180
1801,1305,fd,1,164,80,0,4,4,2,1056,0,2,0,0,0,1,0,2,192,80,0,0,64968,2100,3944,1,0,0,0,0,0,0,0,0,64,1,1,0,0,192,199,0,0,0,0,0,0,0,0,0,0,0,0,0,0,0,0,0,0,0,-1,0,0,0,0,-1,0,0,0,0,-1,0,0,0,0,-1,0,0,0,0,-1,0,0,0,0,-1,0,0,0,0,-1,0,0,0,0,-1,0,0,0,0,-1,0,0,0,0,-1,0,0,0,0,-1,0,0,0,0,-1,0,0,0,0,56,72,88,0,3,29,180
1802,1306,fd,1,164,80,0,4,4,2,1056,0,2,0,0,0,1,0,2,192,80,0,0,64967,2100,3943,1,0,0,0,0,0,0,0,0,64,1,1,0,0,192,198,128,0,0,0,0,0,0,0,0,0,0,0,0,0,0,0,0,0,0,-1,0,0,0,0,-1,0,0,0,0,-1,0,0,0,0,-1,0,0,0,0,-1,0,0,0,0,-1,0,0,0,0,-1,0,0,0,0,-1,0,0,0,0,-1,0,0,0,0,-1,0,0,0,0,-1,0,0,0,0,-1,0,0,0,0,55,71,87,0,3,30,180
1803,1307,fd,1,164,80,0,4,4,2,1056,0,2,0,0,0,1,0,2,192,80,0,0,64966,2100,3942,1,0,0,0,0,0,0,0,0,64,1,1,0,0,192,196,0,0,0,0,0,0,0,0,0,0,0,0,0,0,0,0,0,0,0,-1,0,0,0,0,-1,0,0,0,0,-1,0,0,0,0,-1,0,0,0,0,-1,0,0,0,0,-1,0,0,0,0,-1,0,0,0,0,-1,0,0,0,0,-1,0,0,0,0,-1,0,0,0,0,-1,0,0,0,0,-1,0,0,0,0,54,70,86,0,3,31,180
1804,1308,fd,1,164,80,0,4,4,2,1056,0,2,0,0,0,1,0,2,192,80,0,0,64965,2100,3941,1,0,0,0,0,0,0,0,0,64,1,1,0,0,192,195,128,0,0,0,0,0,0,0,0,0,0,0,0,0,0,0,0,0,0,-1,0,0,0,0,-1,0,0,0,0,-1,0,0,0,0,-1,0,0,0,0,-1,0,0,0,0,-1,0,0,0,0,-1,0,0,0,0,-1,0,0,0,0,-1,0,0,0,0,-1,0,0,0,0,-1,0,0,0,0,-1,0,0,0,0,53,69,85,0,3,32,180
1805,1309,fd,1,164,80,0,4,4,2,1056,0,2,0,0,0,1,0,2,192,80,0,0,64964,2100,3940,1,0,0,0,0,0,0,0,0,64,1,1,0,0,192,193,0,0,0,0,0,0,0,0,0,0,0,0,0,0,0,0,0,0,0,-1,0,0,0,0,-1,0,0,0,0,-1,0,0,0,0,-1,0,0,0,0,-1,0,0,0,0,-1,0,0,0,0,-1,0,0,0,0,-1,0,0,0,0,-1,0,0,0,0,-1,0,0,0,0,-1,0,0,0,0,-1,0,0,0,0,52,68,84,0,3,33,180
1806,1310,fd,1,164,80,0,4,4,2,1056,0,2,0,0,0,1,0,2,192,80,0,0,64963,2100,3939,1,0,0,0,0,0,0,0,0,64,1,1,0,0,192,192,128,0,0,0,0,0,0,0,0,0,0,0,0,0,0,0,0,0,0,-1,0,0,0,0,-1,0,0,0,0,-1,0,0,0,0,-1,0,0,0,0,-1,0,0,0,0,-1,0,0,0,0,-1,0,0,0,0,-1,0,0,0,0,-1,0,0,0,0,-1,0,0,0,0,-1,0,0,0,0,-1,0,0,0,0,51,67,83,0,3,34,180
1807,1311,fd,1,164,80,0,4,4,2,1056,0,2,0,0,0,1,0,2,192,80,0,0,64962,2100,3938,1,0,0,0,0,0,0,0,0,64,1,1,0,0,192,190,0,0,0,0,0,0,0,0,0,0,0,0,0,0,0,0,0,0,0,-1,0,0,0,0,-1,0,0,0,0,-1,0,0,0,0,-1,0,0,0,0,-1,0,0,0,0,-1,0,0,0,0,-1,0,0,0,0,-1,0,0,0,0,-1,0,0,0,0,-1,0,0,0,0,-1,0,0,0,0,-1,0,0,0,0,50,66,82,0,3,35,180
1808,1312,fd,1,164,80,0,4,4,2,1056,0,2,0,0,0,1,0,2,192,80,0,0,64961,2100,3937,1,0,0,0,0,0,0,0,0,64,1,1,0,0,192,189,128,0,0,0,0,0,0,0,0,0,0,0,0,0,0,0,0,0,0,-1,0,0,0,0,-1,0,0,0,0,-1,0,0,0,0,-1,0,0,0,0,-1,0,0,0,0,-1,0,0,0,0,-1,0,0,0,0,-1,0,0,0,0,-1,0,0,0,0,-1,0,0,0,0,-1,0,0,0,0,-1,0,0,0,0,49,65,81,0,3,36,180
1809,1313,fd,1,164,80,0,4,4,2,1056,0,2,0,0,0,1,0,2,192,80,0,0,64960,2100,3936,1,0,0,0,0,0,0,0,0,64,1,1,0,0,192,187,0,0,0,0,0,0,0,0,0,0,0,0,0,0,0,0,0,0,0,-1,0,0,0,0,-1,0,0,0,0,-1,0,0,0,0,-1,0,0,0,0,-1,0,0,0,0,-1,0,0,0,0,-1,0,0,0,0,-1,0,0,0,0,-1,0,0,0,0,-1,0,0,0,0,-1,0,0,0,0,-1,0,0,0,0,48,64,80,0,3,37,180
1810,1314,fd,1,164,80,0,4,4,2,1056,0,2,0,0,0,1,0,2,192,80,0,0,64959,2100,3935,1,0,0,0,0,0,0,0,0,64,1,1,0,0,192,186,128,0,0,0,0,0,0,0,0,0,0,0,0,0,0,0,0,0,0,-1,0,0,0,0,-1,0,0,0,0,-1,0,0,0,0,-1,0,0,0,0,-1,0,0,0,0,-1,0,0,0,0,-1,0,0,0,0,-1,0,0,0,0,-1,0,0,0,0,-1,0,0,0,0,-1,0,0,0,0,-1,0,0,0,0,47,63,79,0,3,38,180
1811,1315,fd,1,164,80,0,4,4,2,1056,0,2,0,0,0,1,0,2,192,80,0,0,64958,2100,3934,1,0,0,0,0,0,0,0,0,64,1,1,0,0,192,184,0,0,0,0,0,0,0,0,0,0,0,0,0,0,0,0,0,0,0,-1,0,0,0,0,-1,0,0,0,0,-1,0,0,0,0,-1,0,0,0,0,-1,0,0,0,0,-1,0,0,0,0,-1,0,0,0,0,-1,0,0,0,0,-1,0,0,0,0,-1,0,0,0,0,-1,0,0,0,0,-1,0,0,0,0,46,62,78,0,3,39,180
1812,1316,fd,1,164,80,0,4,4,2,1056,0,2,0,0,0,1,0,2,192,80,0,0,64957,2100,3933,1,0,0,0,0,0,0,0,0,64,1,1,0,0,192,183,128,0,0,0,0,0,0,0,0,0,0,0,0,0,0,0,0,0,0,-1,0,0,0,0,-1,0,0,0,0,-1,0,0,0,0,-1,0,0,0,0,-1,0,0,0,0,-1,0,0,0,0,-1,0,0,0,0,-1,0,0,0,0,-1,0,0,0,0,-1,0,0,0,0,-1,0,0,0,0,-1,0,0,0,0,45,61,77,0,3,40,180
1813,1317,fd,1,164,80,0,4,4,2,1056,0,2,0,0,0,1,0,2,192,80,0,0,64956,2100,3932,1,0,0,0,0,0,0,0,0,64,1,1,0,0,192,181,0,0,0,0,0,0,0,0,0,0,0,0,0,0,0,0,0,0,0,-1,0,0,0,0,-1,0,0,0,0,-1,0,0,0,0,-1,0,0,0,0,-1,0,0,0,0,-1,0,0,0,0,-1,0,0,0,0,-1,0,0,0,0,-1,0,0,0,0,-1,0,0,0,0,-1,0,0,0,0,-1,0,0,0,0,44,60,76,0,3,41,180
1814,1318,fd,1,164,80,0,4,4,2,1056,0,2,0,0,0,1,0,2,192,80,0,0,64955,2100,3931,1,0,0,0,0,0,0,0,0,64,1,1,0,0,192,180,128,0,0,0,0,0,0,0,0,0,0,0,0,0,0,0,0,0,0,-1,0,0,0,0,-1,0,0,0,0,-1,0,0,0,0,-1,0,0,0,0,-1,0,0,0,0,-1,0,0,0,0,-1,0,0,0,0,-1,0,0,0,0,-1,0,0,0,0,-1,0,0,0,0,-1,0,0,0,0,-1,0,0,0,0,43,59,75,0,3,42,180
1815,1319,fd,1,164,80,0,4,4,2,1056,0,2,0,0,0,1,0,2,192,80,0,0,64954,2100,3930,1,0,0,0,0,0,0,0,0,64,1,1,0,0,192,178,0,0,0,0,0,0,0,0,0,0,0,0,0,0,0,0,0,0,0,-1,0,0,0,0,-1,0,0,0,0,-1,0,0,0,0,-1,0,0,0,0,-1,0,0,0,0,-1,0,0,0,0,-1,0,0,0,0,-1,0,0,0,0,-1,0,0,0,0,-1,0,0,0,0,-1,0,0,0,0,-1,0,0,0,0,42,58,74,0,3,43,180
1816,1320,fd,1,164,80,0,4,4,2,1056,0,2,0,0,0,1,0,2,192,80,0,0,64953,2100,3929,1,0,0,0,0,0,0,0,0,64,1,1,0,0,192,177,128,0,0,0,0,0,0,0,0,0,0,0,0,0,0,0,0,0,0,-1,0,0,0,0,-1,0,0,0,0,-1,0,0,0,0,-1,0,0,0,0,-1,0,0,0,0,-1,0,0,0,0,-1,0,0,0,0,-1,0,0,0,0,-1,0,0,0,0,-1,0,0,0,0,-1,0,0,0,0,-1,0,0,0,0,41,57,73,0,3,44,180
1817,1321,fd,1,164,80,0,4,4,2,1056,0,2,0,0,0,1,0,2,192,80,0,0,64952,2100,3928,1,0,0,0,0,0,0,0,0,64,1,1,0,0,192,175,0,0,0,0,0,0,0,0,0,0,0,0,0,0,0,0,0,0,0,-1,0,0,0,0,-1,0,0,0,0,-1,0,0,0,0,-1,0,0,0,0,-1,0,0,0,0,-1,0,0,0,0,-1,0,0,0,0,-1,0,0,0,0,-1,0,0,0,0,-1,0,0,0,0,-1,0,0,0,0,-1,0,0,0,0,40,56,72,0,3,45,180
1818,1322,ed,1,160,80,1,4,4,2,1024,16,2,0,0,0,1,0,4,192,80,0,0,64951,2100,3927,1,0,0,0,0,0,1,0,0,64,1,1,0,0,192,174,128,0,0,0,0,0,0,0,0,0,0,0,0,0,0,0,0,0,0,-1,0,0,0,0,-1,0,0,0,0,-1,0,0,0,0,-1,0,0,0,0,-1,0,0,0,0,-1,0,0,0,0,-1,0,0,0,0,-1,0,0,0,0,-1,0,0,0,0,-1,0,0,0,0,-1,0,0,0,0,-1,0,0,0,0,39,55,71,0,3,46,180
1819,1323,fd,1,157,80,1,4,4,2,992,16,2,0,0,0,1,0,4,192,78,0,0,64950,2100,3926,1,0,0,0,0,0,0,0,0,64,1,1,0,0,192,172,0,0,0,0,0,0,0,0,0,0,0,0,0,0,0,0,0,0,0,-1,0,0,0,0,-1,0,0,0,0,-1,0,0,0,0,-1,0,0,0,0,-1,0,0,0,0,-1,0,0,0,0,-1,0,0,0,0,-1,0,0,0,0,-1,0,0,0,0,-1,0,0,0,0,-1,0,0,0,0,-1,0,0,0,0,38,54,70,0,3,47,180
1820,1324,fd,1,154,80,1,4,4,2,960,0,2,0,0,0,1,0,4,192,76,0,0,64949,2100,3925,1,0,0,0,0,0,0,0,0,64,1,1,0,0,192,171,128,0,0,0,0,0,0,0,0,0,0,0,0,0,0,0,0,0,0,-1,0,0,0,0,-1,0,0,0,0,-1,0,0,0,0,-1,0,0,0,0,-1,0,0,0,0,-1,0,0,0,0,-1,0,0,0,0,-1,0,0,0,0,-1,0,0,0,0,-1,0,0,0,0,-1,0,0,0,0,-1,0,0,0,0,37,53,69,0,3,48,180
1821,1325,fd,1,151,80,1,4,4,2,928,0,2,0,0,0,1,0,4,192,74,0,0,64948,2100,3924,1,0,0,0,0,0,0,0,0,64,1,1,0,0,192,169,0,0,0,0,0,0,0,0,0,0,0,0,0,0,0,0,0,0,0,-1,0,0,0,0,-1,0,0,0,0,-1,0,0,0,0,-1,0,0,0,0,-1,0,0,0,0,-1,0,0,0,0,-1,0,0,0,0,-1,0,0,0,0,-1,0,0,0,0,-1,0,0,0,0,-1,0,0,0,0,-1,0,0,0,0,36,52,68,0,3,49,180
1822,1326,fd,1,148,80,1,4,4,2,896,0,2,0,0,0,1,0,4,192,72,0,0,64947,2100,3923,1,0,0,0,0,0,0,0,0,64,1,1,0,0,192,168,128,0,0,0,0,0,0,0,0,0,0,0,0,0,0,0,0,0,0,-1,0,0,0,0,-1,0,0,0,0,-1,0,0,0,0,-1,0,0,0,0,-1,0,0,0,0,-1,0,0,0,0,-1,0,0,0,0,-1,0,0,0,0,-1,0,0,0,0,-1,0,0,0,0,-1,0,0,0,0,-1,0,0,0,0,35,51,67,0,3,50,180
1823,1327,fd,1,145,80,1,4,4,2,864,0,2,0,0,0,1,0,4,192,70,0,0,64946,2100,3922,1,0,0,0,0,0,0,0,0,64,1,1,0,0,192,166,0,0,0,0,0,0,0,0,0,0,0,0,0,0,0,0,0,0,0,-1,0,0,0,0,-1,0,0,0,0,-1,0,0,0,0,-1,0,0,0,0,-1,0,0,0,0,-1,0,0,0,0,-1,0,0,0,0,-1,0,0,0,0,-1,0,0,0,0,-1,0,0,0,0,-1,0,0,0,0,-1,0,0,0,0,34,50,66,0,3,51,180
1824,1328,fd,1,142,80,1,4,4,2,832,0,2,0,0,0,1,0,4,192,68,0,0,64945,2100,3921,1,0,0,0,0,0,0,0,0,64,1,1,0,0,192,165,128,0,0,0,0,0,0,0,0,0,0,0,0,0,0,0,0,0,0,-1,0,0,0,0,-1,0,0,0,0,-1,0,0,0,0,-1,0,0,0,0,-1,0,0,0,0,-1,0,0,0,0,-1,0,0,0,0,-1,0,0,0,0,-1,0,0,0,0,-1,0,0,0,0,-1,0,0,0,0,-1,0,0,0,0,33,49,65,0,3,52,180
1825,1329,fd,1,139,80,1,4,4,2,800,0,2,0,0,0,1,0,4,192,66,0,0,64944,2100,3920,1,0,0,0,0,0,0,0,0,64,1,1,0,0,192,163,0,0,0,0,0,0,0,0,0,0,0,0,0,0,0,0,0,0,0,-1,0,0,0,0,-1,0,0,0,0,-1,0,0,0,0,-1,0,0,0,0,-1,0,0,0,0,-1,0,0,0,0,-1,0,0,0,0,-1,0,0,0,0,-1,0,0,0,0,-1,0,0,0,0,-1,0,0,0,0,-1,0,0,0,0,32,48,64,0,3,53,180
1826,1330,fd,1,136,80,1,4,4,2,768,0,2,0,0,0,1,0,4,192,64,0,0,64943,2100,3919,1,0,0,0,0,0,0,0,0,64,1,1,0,0,192,162,128,0,0,0,0,0,0,0,0,0,0,0,0,0,0,0,0,0,0,-1,0,0,0,0,-1,0,0,0,0,-1,0,0,0,0,-1,0,0,0,0,-1,0,0,0,0,-1,0,0,0,0,-1,0,0,0,0,-1,0,0,0,0,-1,0,0,0,0,-1,0,0,0,0,-1,0,0,0,0,-1,0,0,0,0,31,47,63,0,3,54,180
1827,1331,fd,1,134,80,1,4,4,2,736,0,2,0,0,0,1,0,4,192,62,0,0,64942,2100,3918,1,0,0,0,0,0,0,0,0,64,1,1,0,0,192,160,0,0,0,0,0,0,0,0,0,0,0,0,0,0,0,0,0,0,0,-1,0,0,0,0,-1,0,0,0,0,-1,0,0,0,0,-1,0,0,0,0,-1,0,0,0,0,-1,0,0,0,0,-1,0,0,0,0,-1,0,0,0,0,-1,0,0,0,0,-1,0,0,0,0,-1,0,0,0,0,-1,0,0,0,0,30,46,62,0,3,55,180
1828,1332,fd,1,132,80,1,4,4,2,704,0,2,0,0,0,1,0,4,192,60,0,0,64941,2100,3917,1,0,0,0,0,0,0,0,0,64,1,1,0,0,192,159,128,0,0,0,0,0,0,0,0,0,0,0,0,0,0,0,0,0,0,-1,0,0,0,0,-1,0,0,0,0,-1,0,0,0,0,-1,0,0,0,0,-1,0,0,0,0,-1,0,0,0,0,-1,0,0,0,0,-1,0,0,0,0,-1,0,0,0,0,-1,0,0,0,0,-1,0,0,0,0,-1,0,0,0,0,29,45,61,0,3,56,180
1829,1333,fd,1,130,80,1,4,4,2,672,0,2,0,0,0,1,0,4,192,58,0,0,64940,2100,3916,1,0,0,0,0,0,0,0,0,64,1,1,0,0,192,157,0,0,0,0,0,0,0,0,0,0,0,0,0,0,0,0,0,0,0,-1,0,0,0,0,-1,0,0,0,0,-1,0,0,0,0,-1,0,0,0,0,-1,0,0,0,0,-1,0,0,0,0,-1,0,0,0,0,-1,0,0,0,0,-1,0,0,0,0,-1,0,0,0,0,-1,0,0,0,0,-1,0,0,0,0,28,44,60,0,3,57,180
1830,1334,fd,1,128,80,1,4,4,2,640,0,2,0,0,0,1,0,4,192,56,0,0,64939,2100,3915,1,0,0,0,0,0,0,0,0,64,1,1,0,0,192,156,128,0,0,0,0,0,0,0,0,0,0,0,0,0,0,0,0,0,0,-1,0,0,0,0,-1,0,0,0,0,-1,0,0,0,0,-1,0,0,0,0,-1,0,0,0,0,-1,0,0,0,0,-1,0,0,0,0,-1,0,0,0,0,-1,0,0,0,0,-1,0,0,0,0,-1,0,0,0,0,-1,0,0,0,0,27,43,59,0,3,58,180
1831,1335,fd,1,126,80,1,4,4,2,608,0,2,0,0,0,1,0,4,192,54,0,0,64938,2100,3914,1,0,0,0,0,0,0,0,0,64,1,1,0,0,192,154,0,0,0,0,0,0,0,0,0,0,0,0,0,0,0,0,0,0,0,-1,0,0,0,0,-1,0,0,0,0,-1,0,0,0,0,-1,0,0,0,0,-1,0,0,0,0,-1,0,0,0,0,-1,0,0,0,0,-1,0,0,0,0,-1,0,0,0,0,-1,0,0,0,0,-1,0,0,0,0,-1,0,0,0,0,26,42,58,0,3,59,180
1832,1336,fd,1,124,80,1,4,4,2,576,0,2,0,0,0,1,0,4,192,52,0,0,64937,2100,3913,1,0,0,0,0,0,0,0,0,64,1,1,0,0,192,153,128,0,0,0,0,0,0,0,0,0,0,0,0,0,0,0,0,0,0,-1,0,0,0,0,-1,0,0,0,0,-1,0,0,0,0,-1,0,0,0,0,-1,0,0,0,0,-1,0,0,0,0,-1,0,0,0,0,-1,0,0,0,0,-1,0,0,0,0,-1,0,0,0,0,-1,0,0,0,0,-1,0,0,0,0,25,41,57,0,3,60,180
1833,1337,fd,1,122,80,1,4,4,2,544,0,2,0,0,0,1,0,4,192,50,0,0,64936,2100,3912,1,0,0,0,0,0,0,0,0,64,1,1,0,0,192,151,0,0,0,0,0,0,0,0,0,0,0,0,0,0,0,0,0,0,0,-1,0,0,0,0,-1,0,0,0,0,-1,0,0,0,0,-1,0,0,0,0,-1,0,0,0,0,-1,0,0,0,0,-1,0,0,0,0,-1,0,0,0,0,-1,0,0,0,0,-1,0,0,0,0,-1,0,0,0,0,-1,0,0,0,0,24,40,56,0,3,61,180
1834,1338,fd,1,120,80,1,4,4,2,512,0,2,0,0,0,1,0,4,192,48,0,0,64935,2100,3911,1,0,0,0,0,0,0,0,0,64,1,1,0,0,192,150,128,0,0,0,0,0,0,0,0,0,0,0,0,0,0,0,0,0,0,-1,0,0,0,0,-1,0,0,0,0,-1,0,0,0,0,-1,0,0,0,0,-1,0,0,0,0,-1,0,0,0,0,-1,0,0,0,0,-1,0,0,0,0,-1,0,0,0,0,-1,0,0,0,0,-1,0,0,0,0,-1,0,0,0,0,23,39,55,0,3,62,180
1835,1339,fd,1,119,80,1,4,4,2,480,0,2,0,0,0,1,0,4,192,46,0,0,64934,2100,3910,1,0,0,0,0,0,0,0,0,64,1,1,0,0,192,148,0,0,0,0,0,0,0,0,0,0,0,0,0,0,0,0,0,0,0,-1,0,0,0,0,-1,0,0,0,0,-1,0,0,0,0,-1,0,0,0,0,-1,0,0,0,0,-1,0,0,0,0,-1,0,0,0,0,-1,0,0,0,0,-1,0,0,0,0,-1,0,0,0,0,-1,0,0,0,0,-1,0,0,0,0,22,38,54,0,3,63,180
1836,1340,fd,1,118,80,1,4,4,2,448,0,2,0,0,0,1,0,4,192,44,0,0,64933,2100,3909,1,0,0,0,0,0,0,0,0,64,1,1,0,0,192,147,128,0,0,0,0,0,0,0,0,0,0,0,0,0,0,0,0,0,0,-1,0,0,0,0,-1,0,0,0,0,-1,0,0,0,0,-1,0,0,0,0,-1,0,0,0,0,-1,0,0,0,0,-1,0,0,0,0,-1,0,0,0,0,-1,0,0,0,0,-1,0,0,0,0,-1,0,0,0,0,-1,0,0,0,0,21,37,53,0,3,64,180
1837,1341,fd,1,117,80,1,4,4,2,416,0,2,0,0,0,1,0,4,192,42,0,0,64932,2100,3908,1,0,0,0,0,0,0,0,0,64,1,1,0,0,192,145,0,0,0,0,0,0,0,0,0,0,0,0,0,0,0,0,0,0,0,-1,0,0,0,0,-1,0,0,0,0,-1,0,0,0,0,-1,0,0,0,0,-1,0,0,0,0,-1,0,0,0,0,-1,0,0,0,0,-1,0,0,0,0,-1,0,0,0,0,-1,0,0,0,0,-1,0,0,0,0,-1,0,0,0,0,20,36,52,0,3,65,180
1838,1342,fd,1,116,80,1,4,4,2,384,0,2,0,0,0,1,0,4,192,40,0,0,64931,2100,3907,1,0,0,0,0,0,0,0,0,64,1,1,0,0,192,144,128,0,0,0,0,0,0,0,0,0,0,0,0,0,0,0,0,0,0,-1,0,0,0,0,-1,0,0,0,0,-1,0,0,0,0,-1,0,0,0,0,-1,0,0,0,0,-1,0,0,0,0,-1,0,0,0,0,-1,0,0,0,0,-1,0,0,0,0,-1,0,0,0,0,-1,0,0,0,0,-1,0,0,0,0,19,35,51,0,3,66,180
1839,1343,fd,1,115,80,1,4,4,2,352,0,2,0,0,0,1,0,4,192,38,0,0,64930,2100,3906,1,0,0,0,0,0,0,0,0,64,1,1,0,0,192,142,0,0,0,0,0,0,0,0,0,0,0,0,0,0,0,0,0,0,0,-1,0,0,0,0,-1,0,0,0,0,-1,0,0,0,0,-1,0,0,0,0,-1,0,0,0,0,-1,0,0,0,0,-1,0,0,0,0,-1,0,0,0,0,-1,0,0,0,0,-1,0,0,0,0,-1,0,0,0,0,-1,0,0,0,0,18,34,50,0,3,67,180
1840,1344,fd,1,114,80,1,4,4,2,320,0,2,0,0,0,1,0,4,192,36,0,0,64929,2100,3905,1,0,0,0,0,0,0,0,0,64,1,1,0,0,192,141,128,0,0,0,0,0,0,0,0,0,0,0,0,0,0,0,0,0,0,-1,0,0,0,0,-1,0,0,0,0,-1,0,0,0,0,-1,0,0,0,0,-1,0,0,0,0,-1,0,0,0,0,-1,0,0,0,0,-1,0,0,0,0,-1,0,0,0,0,-1,0,0,0,0,-1,0,0,0,0,-1,0,0,0,0,17,33,49,0,3,68,180
1841,1345,fd,1,113,80,1,4,4,2,288,0,2,0,0,0,1,0,4,192,34,0,0,64928,2100,3904,1,0,0,0,0,0,0,0,0,64,1,1,0,0,192,139,0,0,0,0,0,0,0,0,0,0,0,0,0,0,0,0,0,0,0,-1,0,0,0,0,-1,0,0,0,0,-1,0,0,0,0,-1,0,0,0,0,-1,0,0,0,0,-1,0,0,0,0,-1,0,0,0,0,-1,0,0,0,0,-1,0,0,0,0,-1,0,0,0,0,-1,0,0,0,0,-1,0,0,0,0,16,32,48,0,3,69,180
1842,1346,fd,1,112,80,1,4,4,2,256,0,2,0,0,0,1,0,4,192,32,0,0,64927,2100,3903,1,0,0,0,0,0,0,0,0,64,1,1,0,0,192,138,128,0,0,0,0,0,0,0,0,0,0,0,0,0,0,0,0,0,0,-1,0,0,0,0,-1,0,0,0,0,-1,0,0,0,0,-1,0,0,0,0,-1,0,0,0,0,-1,0,0,0,0,-1,0,0,0,0,-1,0,0,0,0,-1,0,0,0,0,-1,0,0,0,0,-1,0,0,0,0,-1,0,0,0,0,15,31,47,0,3,70,180
1843,1347,fd,1,112,80,1,4,4,2,224,0,2,0,0,0,1,0,4,192,30,0,0,64926,2100,3902,1,0,0,0,0,0,0,0,0,64,1,1,0,0,192,136,0,0,0,0,0,0,0,0,0,0,0,0,0,0,0,0,0,0,0,-1,0,0,0,0,-1,0,0,0,0,-1,0,0,0,0,-1,0,0,0,0,-1,0,0,0,0,-1,0,0,0,0,-1,0,0,0,0,-1,0,0,0,0,-1,0,0,0,0,-1,0,0,0,0,-1,0,0,0,0,-1,0,0,0,0,14,30,46,0,3,71,180
1844,1348,fd,1,112,80,1,4,4,2,160,0,2,0,0,0,1,0,4,192,28,0,0,64925,2100,3901,1,0,0,0,0,0,0,0,0,64,1,1,0,0,192,135,128,0,0,0,0,0,0,0,0,0,0,0,0,0,0,0,0,0,0,-1,0,0,0,0,-1,0,0,0,0,-1,0,0,0,0,-1,0,0,0,0,-1,0,0,0,0,-1,0,0,0,0,-1,0,0,0,0,-1,0,0,0,0,-1,0,0,0,0,-1,0,0,0,0,-1,0,0,0,0,-1,0,0,0,0,13,29,45,0,3,72,180
1845,1349,fd,1,112,80,1,4,4,2,96,0,2,0,0,0,1,0,4,192,26,0,0,64924,2100,3900,1,0,0,0,0,0,0,0,0,64,1,1,0,0,192,133,0,0,0,0,0,0,0,0,0,0,0,0,0,0,0,0,0,0,0,-1,0,0,0,0,-1,0,0,0,0,-1,0,0,0,0,-1,0,0,0,0,-1,0,0,0,0,-1,0,0,0,0,-1,0,0,0,0,-1,0,0,0,0,-1,0,0,0,0,-1,0,0,0,0,-1,0,0,0,0,-1,0,0,0,0,12,28,44,0,3,73,180
1846,1350,fd,1,112,80,1,4,4,2,32,0,2,0,0,0,1,0,4,192,24,0,0,64923,2100,3899,1,0,0,0,0,0,0,0,0,64,1,1,0,0,192,132,128,0,0,0,0,0,0,0,0,0,0,0,0,0,0,0,0,0,0,-1,0,0,0,0,-1,0,0,0,0,-1,0,0,0,0,-1,0,0,0,0,-1,0,0,0,0,-1,0,0,0,0,-1,0,0,0,0,-1,0,0,0,0,-1,0,0,0,0,-1,0,0,0,0,-1,0,0,0,0,-1,0,0,0,0,11,27,43,0,3,74,180
1847,1351,fd,1,112,80,2,4,4,2,64,0,2,0,0,0,1,0,4,192,22,0,0,64922,2100,3898,1,0,0,0,0,0,0,0,0,64,1,1,0,0,192,130,0,0,0,0,0,0,0,0,0,0,0,0,0,0,0,0,0,0,0,-1,0,0,0,0,-1,0,0,0,0,-1,0,0,0,0,-1,0,0,0,0,-1,0,0,0,0,-1,0,0,0,0,-1,0,0,0,0,-1,0,0,0,0,-1,0,0,0,0,-1,0,0,0,0,-1,0,0,0,0,-1,0,0,0,0,10,26,42,0,3,75,180
1848,1352,fd,1,112,80,2,4,4,2,128,0,2,0,0,0,1,0,4,192,20,0,0,64921,2100,3897,1,0,0,0,0,0,0,0,0,64,1,1,0,0,192,129,128,0,0,0,0,0,0,0,0,0,0,0,0,0,0,0,0,0,0,-1,0,0,0,0,-1,0,0,0,0,-1,0,0,0,0,-1,0,0,0,0,-1,0,0,0,0,-1,0,0,0,0,-1,0,0,0,0,-1,0,0,0,0,-1,0,0,0,0,-1,0,0,0,0,-1,0,0,0,0,-1,0,0,0,0,9,25,41,0,3,76,180
1849,1353,fd,1,112,80,2,4,4,2,192,0,2,0,0,0,1,0,4,192,18,0,0,64920,2100,3896,1,0,0,0,0,0,0,0,0,64,1,1,0,0,192,127,0,0,0,0,0,0,0,0,0,0,0,0,0,0,0,0,0,0,0,-1,0,0,0,0,-1,0,0,0,0,-1,0,0,0,0,-1,0,0,0,0,-1,0,0,0,0,-1,0,0,0,0,-1,0,0,0,0,-1,0,0,0,0,-1,0,0,0,0,-1,0,0,0,0,-1,0,0,0,0,-1,0,0,0,0,8,24,40,0,3,77,180
1850,1354,fd,1,113,80,2,4,4,2,256,0,2,0,0,0,1,0,4,192,16,0,0,64919,2100,3895,1,0,0,0,0,0,0,0,0,64,1,1,0,0,192,126,128,0,0,0,0,0,0,0,0,0,0,0,0,0,0,0,0,0,0,-1,0,0,0,0,-1,0,0,0,0,-1,0,0,0,0,-1,0,0,0,0,-1,0,0,0,0,-1,0,0,0,0,-1,0,0,0,0,-1,0,0,0,0,-1,0,0,0,0,-1,0,0,0,0,-1,0,0,0,0,-1,0,0,0,0,7,23,39,0,3,78,180
1851,1355,fd,1,114,80,2,4,4,2,288,0,2,0,0,0,1,0,4,192,14,0,0,64918,2100,3894,1,0,0,0,0,0,0,0,0,64,1,1,0,0,192,124,0,0,0,0,0,0,0,0,0,0,0,0,0,0,0,0,0,0,0,-1,0,0,0,0,-1,0,0,0,0,-1,0,0,0,0,-1,0,0,0,0,-1,0,0,0,0,-1,0,0,0,0,-1,0,0,0,0,-1,0,0,0,0,-1,0,0,0,0,-1,0,0,0,0,-1,0,0,0,0,-1,0,0,0,0,6,22,38,0,3,79,180
1852,1356,fd,1,115,80,2,4,4,2,320,0,2,0,0,0,1,0,4,192,12,0,0,64917,2100,3893,1,0,0,0,0,0,0,0,0,64,1,1,0,0,192,123,128,0,0,0,0,0,0,0,0,0,0,0,0,0,0,0,0,0,0,-1,0,0,0,0,-1,0,0,0,0,-1,0,0,0,0,-1,0,0,0,0,-1,0,0,0,0,-1,0,0,0,0,-1,0,0,0,0,-1,0,0,0,0,-1,0,0,0,0,-1,0,0,0,0,-1,0,0,0,0,-1,0,0,0,0,5,21,37,0,3,80,180
1853,1357,fd,1,116,80,2,4,4,2,352,0,2,0,0,0,1,0,4,192,10,0,0,64916,2100,3892,1,0,0,0,0,0,0,0,0,64,1,1,0,0,192,121,0,0,0,0,0,0,0,0,0,0,0,0,0,0,0,0,0,0,0,-1,0,0,0,0,-1,0,0,0,0,-1,0,0,0,0,-1,0,0,0,0,-1,0,0,0,0,-1,0,0,0,0,-1,0,0,0,0,-1,0,0,0,0,-1,0,0,0,0,-1,0,0,0,0,-1,0,0,0,0,-1,0,0,0,0,4,20,36,0,3,81,180
1854,1358,fd,1,117,80,2,4,4,2,384,0,2,0,0,0,1,0,4,192,8,0,0,64915,2100,3891,1,0,0,0,0,0,0,0,0,64,1,1,0,0,192,120,128,0,0,0,0,0,0,0,0,0,0,0,0,0,0,0,0,0,0,-1,0,0,0,0,-1,0,0,0,0,-1,0,0,0,0,-1,0,0,0,0,-1,0,0,0,0,-1,0,0,0,0,-1,0,0,0,0,-1,0,0,0,0,-1,0,0,0,0,-1,0,0,0,0,-1,0,0,0,0,-1,0,0,0,0,3,19,35,0,3,82,180
1855,1359,fd,1,118,80,2,4,4,2,416,0,2,0,0,0,1,0,4,192,6,0,0,64914,2100,3890,1,0,0,0,0,0,0,0,0,64,1,1,0,0,192,118,0,0,0,0,0,0,0,0,0,0,0,0,0,0,0,0,0,0,0,-1,0,0,0,0,-1,0,0,0,0,-1,0,0,0,0,-1,0,0,0,0,-1,0,0,0,0,-1,0,0,0,0,-1,0,0,0,0,-1,0,0,0,0,-1,0,0,0,0,-1,0,0,0,0,-1,0,0,0,0,-1,0,0,0,0,2,18,34,0,3,83,180
1856,1360,fd,1,119,80,2,4,4,2,448,0,2,0,0,0,1,0,4,192,4,0,0,64913,2100,3889,1,0,0,0,0,0,0,0,0,64,1,1,0,0,192,117,128,0,0,0,0,0,0,0,0,0,0,0,0,0,0,0,0,0,0,-1,0,0,0,0,-1,0,0,0,0,-1,0,0,0,0,-1,0,0,0,0,-1,0,0,0,0,-1,0,0,0,0,-1,0,0,0,0,-1,0,0,0,0,-1,0,0,0,0,-1,0,0,0,0,-1,0,0,0,0,-1,0,0,0,0,1,17,33,0,3,84,180
1857,1361,fd,1,120,80,2,4,4,2,480,0,2,0,0,0,1,0,4,192,2,0,0,64912,2100,3888,1,0,0,0,0,0,0,0,0,64,1,1,0,0,192,115,0,0,0,0,0,0,0,0,0,0,0,0,0,0,0,0,0,0,0,-1,0,0,0,0,-1,0,0,0,0,-1,0,0,0,0,-1,0,0,0,0,-1,0,0,0,0,-1,0,0,0,0,-1,0,0,0,0,-1,0,0,0,0,-1,0,0,0,0,-1,0,0,0,0,-1,0,0,0,0,-1,0,0,0,0,0,16,32,0,3,85,180
1858,1362,fd,1,122,80,2,4,4,2,512,0,2,0,0,0,1,0,4,192,0,0,0,64911,2100,3887,1,0,0,0,0,0,0,0,0,64,1,1,0,0,192,114,128,0,0,0,0,0,0,0,0,0,0,0,0,0,0,0,0,0,0,-1,0,0,0,0,-1,0,0,0,0,-1,0,0,0,0,-1,0,0,0,0,-1,0,0,0,0,-1,0,0,0,0,-1,0,0,0,0,-1,0,0,0,0,-1,0,0,0,0,-1,0,0,0,0,-1,0,0,0,0,-1,0,0,0,0,255,15,31,0,3,86,180
1859,1363,fd,1,124,80,2,4,4,2,544,0,2,0,0,0,1,0,4,192,254,0,0,64910,2100,3886,1,0,0,0,0,0,0,0,0,64,1,1,0,0,192,112,0,0,0,0,0,0,0,0,0,0,0,0,0,0,0,0,0,0,0,-1,0,0,0,0,-1,0,0,0,0,-1,0,0,0,0,-1,0,0,0,0,-1,0,0,0,0,-1,0,0,0,0,-1,0,0,0,0,-1,0,0,0,0,-1,0,0,0,0,-1,0,0,0,0,-1,0,0,0,0,-1,0,0,0,0,254,14,30,0,3,87,180
1860,1364,fd,1,126,80,2,4,4,2,576,0,2,0,0,0,1,0,4,192,252,0,0,64909,2100,3885,1,0,0,0,0,0,0,0,0,64,1,1,0,0,192,111,128,0,0,0,0,0,0,0,0,0,0,0,0,0,0,0,0,0,0,-1,0,0,0,0,-1,0,0,0,0,-1,0,0,0,0,-1,0,0,0,0,-1,0,0,0,0,-1,0,0,0,0,-1,0,0,0,0,-1,0,0,0,0,-1,0,0,0,0,-1,0,0,0,0,-1,0,0,0,0,-1,0,0,0,0,253,13,29,0,3,88,180
1861,1365,fd,1,128,80,2,4,4,2,608,0,2,0,0,0,1,0,4,192,250,0,0,64908,2100,3884,1,0,0,0,0,0,0,0,0,64,1,1,0,0,192,109,0,0,0,0,0,0,0,0,0,0,0,0,0,0,0,0,0,0,0,-1,0,0,0,0,-1,0,0,0,0,-1,0,0,0,0,-1,0,0,0,0,-1,0,0,0,0,-1,0,0,0,0,-1,0,0,0,0,-1,0,0,0,0,-1,0,0,0,0,-1,0,0,0,0,-1,0,0,0,0,-1,0,0,0,0,252,12,28,0,3,89,180
1862,1366,fd,1,130,80,2,4,4,2,640,0,2,0,0,0,1,0,4,192,248,0,0,64907,2100,3883,1,0,0,0,0,0,0,0,0,64,1,1,0,0,192,108,128,0,0,0,0,0,0,0,0,0,0,0,0,0,0,0,0,0,0,-1,0,0,0,0,-1,0,0,0,0,-1,0,0,0,0,-1,0,0,0,0,-1,0,0,0,0,-1,0,0,0,0,-1,0,0,0,0,-1,0,0,0,0,-1,0,0,0,0,-1,0,0,0,0,-1,0,0,0,0,-1,0,0,0,0,251,11,27,0,3,90,180
1863,1367,fd,1,132,80,2,4,4,2,672,0,2,0,0,0,1,0,4,192,246,0,0,64906,2100,3882,1,0,0,0,0,0,0,0,0,64,1,1,0,0,192,106,0,0,0,0,0,0,0,0,0,0,0,0,0,0,0,0,0,0,0,-1,0,0,0,0,-1,0,0,0,0,-1,0,0,0,0,-1,0,0,0,0,-1,0,0,0,0,-1,0,0,0,0,-1,0,0,0,0,-1,0,0,0,0,-1,0,0,0,0,-1,0,0,0,0,-1,0,0,0,0,-1,0,0,0,0,250,10,26,0,3,91,180
1864,1368,fd,1,134,80,2,4,4,2,704,0,2,0,0,0,1,0,4,192,244,0,0,64905,2100,3881,1,0,0,0,0,0,0,0,0,64,1,1,0,0,192,105,128,0,0,0,0,0,0,0,0,0,0,0,0,0,0,0,0,0,0,-1,0,0,0,0,-1,0,0,0,0,-1,0,0,0,0,-1,0,0,0,0,-1,0,0,0,0,-1,0,0,0,0,-1,0,0,0,0,-1,0,0,0,0,-1,0,0,0,0,-1,0,0,0,0,-1,0,0,0,0,-1,0,0,0,0,249,9,25,0,3,92,180
1865,1369,fd,1,136,80,2,4,4,2,736,0,2,0,0,0,1,0,4,192,242,0,0,64904,2100,3880,1,0,0,0,0,0,0,0,0,64,1,1,0,0,192,103,0,0,0,0,0,0,0,0,0,0,0,0,0,0,0,0,0,0,0,-1,0,0,0,0,-1,0,0,0,0,-1,0,0,0,0,-1,0,0,0,0,-1,0,0,0,0,-1,0,0,0,0,-1,0,0,0,0,-1,0,0,0,0,-1,0,0,0,0,-1,0,0,0,0,-1,0,0,0,0,-1,0,0,0,0,248,8,24,0,3,93,180
1866,1370,fd,1,139,80,2,4,4,2,768,0,2,0,0,0,0,0,0,0,0,0,0,64903,2100,3879,1,0,0,0,0,0,0,0,0,64,1,1,0,0,192,102,128,0,0,0,0,0,0,0,0,0,0,0,0,0,0,0,0,0,0,-1,0,0,0,0,-1,0,0,0,0,-1,0,0,0,0,-1,0,0,0,0,-1,0,0,0,0,-1,0,0,0,0,-1,0,0,0,0,-1,0,0,0,0,-1,0,0,0,0,-1,0,0,0,0,-1,0,0,0,0,-1,0,0,0,0,247,7,23,0,3,94,180
1867,1371,fd,1,142,80,2,4,4,2,800,0,2,0,0,0,0,0,0,0,0,0,0,64902,2100,3878,1,0,0,0,0,0,0,0,0,64,1,1,0,0,192,100,0,0,0,0,0,0,0,0,0,0,0,0,0,0,0,0,0,0,0,-1,0,0,0,0,-1,0,0,0,0,-1,0,0,0,0,-1,0,0,0,0,-1,0,0,0,0,-1,0,0,0,0,-1,0,0,0,0,-1,0,0,0,0,-1,0,0,0,0,-1,0,0,0,0,-1,0,0,0,0,-1,0,0,0,0,246,6,22,0,3,95,180
1868,1372,fd,1,145,80,2,4,4,2,832,0,2,0,0,0,0,0,0,0,0,0,0,64901,2100,3877,1,0,0,0,0,0,0,0,0,64,1,1,0,0,192,99,128,0,0,0,0,0,0,0,0,0,0,0,0,0,0,0,0,0,0,-1,0,0,0,0,-1,0,0,0,0,-1,0,0,0,0,-1,0,0,0,0,-1,0,0,0,0,-1,0,0,0,0,-1,0,0,0,0,-1,0,0,0,0,-1,0,0,0,0,-1,0,0,0,0,-1,0,0,0,0,-1,0,0,0,0,245,5,21,0,3,96,180
1869,1373,fd,1,148,80,2,4,4,2,864,0,2,0,0,0,0,0,0,0,0,0,0,64900,2100,3876,1,0,0,0,0,0,0,0,0,64,1,1,0,0,192,97,0,0,0,0,0,0,0,0,0,0,0,0,0,0,0,0,0,0,0,-1,0,0,0,0,-1,0,0,0,0,-1,0,0,0,0,-1,0,0,0,0,-1,0,0,0,0,-1,0,0,0,0,-1,0,0,0,0,-1,0,0,0,0,-1,0,0,0,0,-1,0,0,0,0,-1,0,0,0,0,-1,0,0,0,0,244,4,20,0,3,97,180
1870,1374,fd,1,151,80,2,4,4,2,896,0,2,0,0,0,0,0,0,0,0,0,0,64899,2100,3875,1,0,0,0,0,0,0,0,0,64,1,1,0,0,192,96,128,0,0,0,0,0,0,0,0,0,0,0,0,0,0,0,0,0,0,-1,0,0,0,0,-1,0,0,0,0,-1,0,0,0,0,-1,0,0,0,0,-1,0,0,0,0,-1,0,0,0,0,-1,0,0,0,0,-1,0,0,0,0,-1,0,0,0,0,-1,0,0,0,0,-1,0,0,0,0,-1,0,0,0,0,243,3,19,0,3,98,180
1871,1375,fd,1,154,80,2,4,4,2,928,0,2,0,0,0,0,0,0,0,0,0,0,64898,2100,3874,1,0,0,0,0,0,0,0,0,64,1,1,0,0,192,94,0,0,0,0,0,0,0,0,0,0,0,0,0,0,0,0,0,0,0,-1,0,0,0,0,-1,0,0,0,0,-1,0,0,0,0,-1,0,0,0,0,-1,0,0,0,0,-1,0,0,0,0,-1,0,0,0,0,-1,0,0,0,0,-1,0,0,0,0,-1,0,0,0,0,-1,0,0,0,0,-1,0,0,0,0,242,2,18,0,3,99,180
1872,1376,fd,1,157,80,2,4,4,2,960,0,2,0,0,0,0,0,0,0,0,0,0,64897,2100,3873,1,0,0,0,0,0,0,0,0,64,1,1,0,0,192,93,128,0,0,0,0,0,0,0,0,0,0,0,0,0,0,0,0,0,0,-1,0,0,0,0,-1,0,0,0,0,-1,0,0,0,0,-1,0,0,0,0,-1,0,0,0,0,-1,0,0,0,0,-1,0,0,0,0,-1,0,0,0,0,-1,0,0,0,0,-1,0,0,0,0,-1,0,0,0,0,-1,0,0,0,0,241,1,17,0,3,100,180
1873,1377,fd,1,160,80,2,4,4,2,992,0,2,0,0,0,0,0,0,0,0,0,0,64896,2100,3872,1,0,0,0,0,0,0,0,0,64,1,1,0,0,192,91,0,0,0,0,0,0,0,0,0,0,0,0,0,0,0,0,0,0,0,-1,0,0,0,0,-1,0,0,0,0,-1,0,0,0,0,-1,0,0,0,0,-1,0,0,0,0,-1,0,0,0,0,-1,0,0,0,0,-1,0,0,0,0,-1,0,0,0,0,-1,0,0,0,0,-1,0,0,0,0,-1,0,0,0,0,240,0,16,0,3,101,180
1874,1378,fd,1,164,80,0,4,4,2,1056,0,2,0,0,0,1,0,2,192,89,128,1,64895,2200,3871,1,0,0,0,0,1,0,0,16,64,1,0,0,0,0,0,0,1,0,0,192,240,128,0,0,0,0,0,0,0,0,0,0,0,0,-1,0,0,0,0,-1,0,0,0,0,-1,0,0,0,0,-1,0,0,0,0,-1,0,0,0,0,-1,0,0,0,0,-1,0,0,0,0,-1,0,0,0,0,-1,0,0,0,0,-1,0,0,0,0,-1,0,0,0,0,-1,0,0,0,0,239,255,15,0,3,102,180
1875,1379,fd,1,164,80,0,4,4,2,1056,0,2,0,0,0,1,0,2,192,88,128,1,64894,2200,3870,1,0,0,0,0,1,0,0,16,64,1,0,0,0,0,0,0,1,0,0,192,238,0,0,0,0,0,0,0,0,0,0,0,0,0,-1,0,0,0,0,-1,0,0,0,0,-1,0,0,0,0,-1,0,0,0,0,-1,0,0,0,0,-1,0,0,0,0,-1,0,0,0,0,-1,0,0,0,0,-1,0,0,0,0,-1,0,0,0,0,-1,0,0,0,0,-1,0,0,0,0,238,254,14,0,3,103,180
1876,1380,fd,1,164,80,0,4,4,2,1056,0,2,0,0,0,1,0,2,192,87,128,1,64893,2200,3869,1,0,0,0,0,1,0,0,15,64,1,0,0,0,0,0,0,1,0,0,192,237,128,0,0,0,0,0,0,0,0,0,0,0,0,-1,0,0,0,0,-1,0,0,0,0,-1,0,0,0,0,-1,0,0,0,0,-1,0,0,0,0,-1,0,0,0,0,-1,0,0,0,0,-1,0,0,0,0,-1,0,0,0,0,-1,0,0,0,0,-1,0,0,0,0,-1,0,0,0,0,237,253,13,0,3,104,180
1877,1381,fd,1,164,80,0,4,4,2,1056,0,2,0,0,0,1,0,2,192,86,128,1,64892,2200,3868,1,0,0,0,0,1,0,0,15,64,1,0,0,0,0,0,0,1,0,0,192,235,0,0,0,0,0,0,0,0,0,0,0,0,0,-1,0,0,0,0,-1,0,0,0,0,-1,0,0,0,0,-1,0,0,0,0,-1,0,0,0,0,-1,0,0,0,0,-1,0,0,0,0,-1,0,0,0,0,-1,0,0,0,0,-1,0,0,0,0,-1,0,0,0,0,-1,0,0,0,0,236,252,12,0,3,105,180
1878,1382,fd,1,164,80,0,4,4,2,1056,0,2,0,0,0,1,0,2,192,85,128,1,64891,2200,3867,1,0,0,0,0,1,0,0,15,64,1,0,0,0,0,0,0,1,0,0,192,234,128,0,0,0,0,0,0,0,0,0,0,0,0,-1,0,0,0,0,-1,0,0,0,0,-1,0,0,0,0,-1,0,0,0,0,-1,0,0,0,0,-1,0,0,0,0,-1,0,0,0,0,-1,0,0,0,0,-1,0,0,0,0,-1,0,0,0,0,-1,0,0,0,0,-1,0,0,0,0,235,251,11,0,3,106,180
1879,1383,fd,1,164,80,0,4,4,2,1056,0,2,0,0,0,1,0,2,192,84,128,1,64890,2200,3866,1,0,0,0,0,1,0,0,15,64,1,0,0,0,0,0,0,1,0,0,192,232,0,0,0,0,0,0,0,0,0,0,0,0,0,-1,0,0,0,0,-1,0,0,0,0,-1,0,0,0,0,-1,0,0,0,0,-1,0,0,0,0,-1,0,0,0,0,-1,0,0,0,0,-1,0,0,0,0,-1,0,0,0,0,-1,0,0,0,0,-1,0,0,0,0,-1,0,0,0,0,234,250,10,0,3,107,180
1880,1384,fd,1,164,80,0,4,4,2,1056,0,2,0,0,0,1,0,2,192,83,128,1,64889,2200,3865,1,0,0,0,0,1,0,0,14,64,1,0,0,0,0,0,0,1,0,0,192,231,128,0,0,0,0,0,0,0,0,0,0,0,0,-1,0,0,0,0,-1,0,0,0,0,-1,0,0,0,0,-1,0,0,0,0,-1,0,0,0,0,-1,0,0,0,0,-1,0,0,0,0,-1,0,0,0,0,-1,0,0,0,0,-1,0,0,0,0,-1,0,0,0,0,-1,0,0,0,0,233,249,9,0,3,108,180
1881,1385,fd,1,164,80,0,4,4,2,1056,0,2,0,0,0,1,0,2,192,82,128,1,64888,2200,3864,1,0,0,0,0,1,0,0,14,64,1,0,0,0,0,0,0,1,0,0,192,229,0,0,0,0,0,0,0,0,0,0,0,0,0,-1,0,0,0,0,-1,0,0,0,0,-1,0,0,0,0,-1,0,0,0,0,-1,0,0,0,0,-1,0,0,0,0,-1,0,0,0,0,-1,0,0,0,0,-1,0,0,0,0,-1,0,0,0,0,-1,0,0,0,0,-1,0,0,0,0,232,248,8,0,3,109,180
1882,1386,fd,1,164,80,0,4,4,2,1056,0,2,0,0,0,1,0,2,192,81,128,1,64887,2200,3863,1,0,0,0,0,1,0,0,14,64,1,0,0,0,0,0,0,1,0,0,192,228,128,0,0,0,0,0,0,0,0,0,0,0,0,-1,0,0,0,0,-1,0,0,0,0,-1,0,0,0,0,-1,0,0,0,0,-1,0,0,0,0,-1,0,0,0,0,-1,0,0,0,0,-1,0,0,0,0,-1,0,0,0,0,-1,0,0,0,0,-1,0,0,0,0,-1,0,0,0,0,231,247,7,0,3,110,180
1883,1387,fd,1,164,80,0,4,4,2,1056,0,2,0,0,0,1,0,2,192,80,128,0,64886,2200,3862,1,0,0,0,0,1,0,0,14,64,1,0,0,0,0,0,0,1,0,0,192,226,0,0,0,0,0,0,0,0,0,0,0,0,0,-1,0,0,0,0,-1,0,0,0,0,-1,0,0,0,0,-1,0,0,0,0,-1,0,0,0,0,-1,0,0,0,0,-1,0,0,0,0,-1,0,0,0,0,-1,0,0,0,0,-1,0,0,0,0,-1,0,0,0,0,-1,0,0,0,0,230,246,6,0,3,111,180
1884,1388,fd,1,164,80,0,4,4,2,1056,0,2,0,0,0,1,0,2,192,80,128,0,64885,2200,3861,1,0,0,0,0,1,0,0,13,64,1,0,0,0,0,0,0,1,0,0,192,225,128,0,0,0,0,0,0,0,0,0,0,0,0,-1,0,0,0,0,-1,0,0,0,0,-1,0,0,0,0,-1,0,0,0,0,-1,0,0,0,0,-1,0,0,0,0,-1,0,0,0,0,-1,0,0,0,0,-1,0,0,0,0,-1,0,0,0,0,-1,0,0,0,0,-1,0,0,0,0,229,245,5,0,3,112,180
1885,1389,fd,1,164,80,0,4,4,2,1056,0,2,0,0,0,1,0,2,192,80,128,0,64884,2200,3860,1,0,0,0,0,1,0,0,13,64,1,0,0,0,0,0,0,1,0,0,192,223,0,0,0,0,0,0,0,0,0,0,0,0,0,-1,0,0,0,0,-1,0,0,0,0,-1,0,0,0,0,-1,0,0,0,0,-1,0,0,0,0,-1,0,0,0,0,-1,0,0,0,0,-1,0,0,0,0,-1,0,0,0,0,-1,0,0,0,0,-1,0,0,0,0,-1,0,0,0,0,228,244,4,0,3,113,180
1886,1390,fd,1,164,80,0,4,4,2,1056,0,2,0,0,0,1,0,2,192,80,128,0,64883,2200,3859,1,0,0,0,0,1,0,0,13,64,1,0,0,0,0,0,0,1,0,0,192,222,128,0,0,0,0,0,0,0,0,0,0,0,0,-1,0,0,0,0,-1,0,0,0,0,-1,0,0,0,0,-1,0,0,0,0,-1,0,0,0,0,-1,0,0,0,0,-1,0,0,0,0,-1,0,0,0,0,-1,0,0,0,0,-1,0,0,0,0,-1,0,0,0,0,-1,0,0,0,0,227,243,3,0,3,114,180
1887,1391,fd,1,164,80,0,4,4,2,1056,0,2,0,0,0,1,0,2,192,80,128,0,64882,2200,3858,1,0,0,0,0,1,0,0,13,64,1,0,0,0,0,0,0,1,0,0,192,220,0,0,0,0,0,0,0,0,0,0,0,0,0,-1,0,0,0,0,-1,0,0,0,0,-1,0,0,0,0,-1,0,0,0,0,-1,0,0,0,0,-1,0,0,0,0,-1,0,0,0,0,-1,0,0,0,0,-1,0,0,0,0,-1,0,0,0,0,-1,0,0,0,0,-1,0,0,0,0,226,242,2,0,3,115,180
1888,1392,fd,1,164,80,0,4,4,2,1056,0,2,0,0,0,1,0,2,192,80,128,0,64881,2200,3857,1,0,0,0,0,1,0,0,12,64,1,0,0,0,0,0,0,1,0,0,192,219,128,0,0,0,0,0,0,0,0,0,0,0,0,-1,0,0,0,0,-1,0,0,0,0,-1,0,0,0,0,-1,0,0,0,0,-1,0,0,0,0,-1,0,0,0,0,-1,0,0,0,0,-1,0,0,0,0,-1,0,0,0,0,-1,0,0,0,0,-1,0,0,0,0,-1,0,0,0,0,225,241,1,0,3,116,180
1889,1393,fd,1,164,80,0,4,4,2,1056,0,2,0,0,0,1,0,2,192,80,128,0,64880,2200,3856,1,0,0,0,0,1,0,0,12,64,1,0,0,0,0,0,0,1,0,0,192,217,0,0,0,0,0,0,0,0,0,0,0,0,0,-1,0,0,0,0,-1,0,0,0,0,-1,0,0,0,0,-1,0,0,0,0,-1,0,0,0,0,-1,0,0,0,0,-1,0,0,0,0,-1,0,0,0,0,-1,0,0,0,0,-1,0,0,0,0,-1,0,0,0,0,-1,0,0,0,0,224,240,0,0,3,117,180
1890,1394,fd,1,164,80,0,4,4,2,1056,0,2,0,0,0,1,0,2,192,80,128,0,64879,2200,3855,1,0,0,0,0,1,0,0,12,64,1,0,0,0,0,0,0,1,0,0,192,216,128,0,0,0,0,0,0,0,0,0,0,0,0,-1,0,0,0,0,-1,0,0,0,0,-1,0,0,0,0,-1,0,0,0,0,-1,0,0,0,0,-1,0,0,0,0,-1,0,0,0,0,-1,0,0,0,0,-1,0,0,0,0,-1,0,0,0,0,-1,0,0,0,0,-1,0,0,0,0,223,239,255,0,3,118,180
1891,1395,fd,1,164,80,0,4,4,2,1056,0,2,0,0,0,1,0,2,192,80,128,0,64878,2200,3854,1,0,0,0,0,1,0,0,12,64,1,0,0,0,0,0,0,1,0,0,192,214,0,0,0,0,0,0,0,0,0,0,0,0,0,-1,0,0,0,0,-1,0,0,0,0,-1,0,0,0,0,-1,0,0,0,0,-1,0,0,0,0,-1,0,0,0,0,-1,0,0,0,0,-1,0,0,0,0,-1,0,0,0,0,-1,0,0,0,0,-1,0,0,0,0,-1,0,0,0,0,222,238,254,0,3,119,180
1892,1396,fd,1,164,80,0,4,4,2,1056,0,2,0,0,0,1,0,2,192,80,128,0,64877,2200,3853,1,0,0,0,0,1,0,0,11,64,1,0,0,0,0,0,0,1,0,0,192,213,128,0,0,0,0,0,0,0,0,0,0,0,0,-1,0,0,0,0,-1,0,0,0,0,-1,0,0,0,0,-1,0,0,0,0,-1,0,0,0,0,-1,0,0,0,0,-1,0,0,0,0,-1,0,0,0,0,-1,0,0,0,0,-1,0,0,0,0,-1,0,0,0,0,-1,0,0,0,0,221,237,253,0,3,120,180
1893,1397,fd,1,164,80,0,4,4,2,1056,0,2,0,0,0,1,0,2,192,80,128,0,64876,2200,3852,1,0,0,0,0,1,0,0,11,64,1,0,0,0,0,0,0,1,0,0,192,211,0,0,0,0,0,0,0,0,0,0,0,0,0,-1,0,0,0,0,-1,0,0,0,0,-1,0,0,0,0,-1,0,0,0,0,-1,0,0,0,0,-1,0,0,0,0,-1,0,0,0,0,-1,0,0,0,0,-1,0,0,0,0,-1,0,0,0,0,-1,0,0,0,0,-1,0,0,0,0,220,236,252,0,3,121,180
1894,1398,fd,1,164,80,0,4,4,2,1056,0,2,0,0,0,1,0,2,192,80,128,0,64875,2200,3851,1,0,0,0,0,1,0,0,11,64,1,0,0,0,0,0,0,1,0,0,192,210,128,0,0,0,0,0,0,0,0,0,0,0,0,-1,0,0,0,0,-1,0,0,0,0,-1,0,0,0,0,-1,0,0,0,0,-1,0,0,0,0,-1,0,0,0,0,-1,0,0,0,0,-1,0,0,0,0,-1,0,0,0,0,-1,0,0,0,0,-1,0,0,0,0,-1,0,0,0,0,219,235,251,0,3,122,180
1895,1399,fd,1,164,80,0,4,4,2,1056,0,2,0,0,0,1,0,2,192,80,128,0,64874,2200,3850,1,0,0,0,0,1,0,0,11,64,1,0,0,0,0,0,0,1,0,0,192,208,0,0,0,0,0,0,0,0,0,0,0,0,0,-1,0,0,0,0,-1,0,0,0,0,-1,0,0,0,0,-1,0,0,0,0,-1,0,0,0,0,-1,0,0,0,0,-1,0,0,0,0,-1,0,0,0,0,-1,0,0,0,0,-1,0,0,0,0,-1,0,0,0,0,-1,0,0,0,0,218,234,250,0,3,123,180
1896,1400,fd,1,164,80,0,4,4,2,1056,0,2,0,0,0,1,0,2,192,80,128,0,64873,2200,3849,1,0,0,0,0,1,0,0,10,64,1,0,0,0,0,0,0,1,0,0,192,207,128,0,0,0,0,0,0,0,0,0,0,0,0,-1,0,0,0,0,-1,0,0,0,0,-1,0,0,0,0,-1,0,0,0,0,-1,0,0,0,0,-1,0,0,0,0,-1,0,0,0,0,-1,0,0,0,0,-1,0,0,0,0,-1,0,0,0,0,-1,0,0,0,0,-1,0,0,0,0,217,233,249,0,3,124,180
1897,1401,fd,1,164,80,0,4,4,2,1056,0,2,0,0,0,1,0,2,192,80,128,0,64872,2200,3848,1,0,0,0,0,1,0,0,10,64,1,0,0,0,0,0,0,1,0,0,192,205,0,0,0,0,0,0,0,0,0,0,0,0,0,-1,0,0,0,0,-1,0,0,0,0,-1,0,0,0,0,-1,0,0,0,0,-1,0,0,0,0,-1,0,0,0,0,-1,0,0,0,0,-1,0,0,0,0,-1,0,0,0,0,-1,0,0,0,0,-1,0,0,0,0,-1,0,0,0,0,216,232,248,0,3,125,180
1898,1402,fd,1,164,80,0,4,4,2,1056,0,2,0,0,0,1,0,2,192,80,128,0,64871,2200,3847,1,0,0,0,0,1,0,0,10,64,1,0,0,0,0,0,0,1,0,0,192,204,128,0,0,0,0,0,0,0,0,0,0,0,0,-1,0,0,0,0,-1,0,0,0,0,-1,0,0,0,0,-1,0,0,0,0,-1,0,0,0,0,-1,0,0,0,0,-1,0,0,0,0,-1,0,0,0,0,-1,0,0,0,0,-1,0,0,0,0,-1,0,0,0,0,-1,0,0,0,0,215,231,247,0,3,126,180
1899,1403,fd,1,164,80,0,4,4,2,1056,0,2,0,0,0,1,0,2,192,80,128,0,64870,2200,3846,1,0,0,0,0,1,0,0,10,64,1,0,0,0,0,0,0,1,0,0,192,202,0,0,0,0,0,0,0,0,0,0,0,0,0,-1,0,0,0,0,-1,0,0,0,0,-1,0,0,0,0,-1,0,0,0,0,-1,0,0,0,0,-1,0,0,0,0,-1,0,0,0,0,-1,0,0,0,0,-1,0,0,0,0,-1,0,0,0,0,-1,0,0,0,0,-1,0,0,0,0,214,230,246,0,3,127,180
1900,1404,fd,1,164,80,0,4,4,2,1056,0,2,0,0,0,1,0,2,192,80,128,0,64869,2200,3845,1,0,0,0,0,1,0,0,9,64,1,0,0,0,0,0,0,1,0,0,192,201,128,0,0,0,0,0,0,0,0,0,0,0,0,-1,0,0,0,0,-1,0,0,0,0,-1,0,0,0,0,-1,0,0,0,0,-1,0,0,0,0,-1,0,0,0,0,-1,0,0,0,0,-1,0,0,0,0,-1,0,0,0,0,-1,0,0,0,0,-1,0,0,0,0,-1,0,0,0,0,213,229,245,0,3,128,180
1901,1405,fd,1,164,80,0,4,4,2,1056,0,2,0,0,0,1,0,2,192,80,128,0,64868,2200,3844,1,0,0,0,0,1,0,0,9,64,1,0,0,0,0,0,0,1,0,0,192,199,0,0,0,0,0,0,0,0,0,0,0,0,0,-1,0,0,0,0,-1,0,0,0,0,-1,0,0,0,0,-1,0,0,0,0,-1,0,0,0,0,-1,0,0,0,0,-1,0,0,0,0,-1,0,0,0,0,-1,0,0,0,0,-1,0,0,0,0,-1,0,0,0,0,-1,0,0,0,0,212,228,244,0,3,129,180
1902,1406,fd,1,164,80,0,4,4,2,1056,0,2,0,0,0,1,0,2,192,80,128,0,64867,2200,3843,1,0,0,0,0,1,0,0,9,64,1,0,0,0,0,0,0,1,0,0,192,198,128,0,0,0,0,0,0,0,0,0,0,0,0,-1,0,0,0,0,-1,0,0,0,0,-1,0,0,0,0,-1,0,0,0,0,-1,0,0,0,0,-1,0,0,0,0,-1,0,0,0,0,-1,0,0,0,0,-1,0,0,0,0,-1,0,0,0,0,-1,0,0,0,0,-1,0,0,0,0,211,227,243,0,3,130,180
1903,1407,fd,1,164,80,0,4,4,2,1056,0,2,0,0,0,1,0,2,192,80,128,0,64866,2200,3842,1,0,0,0,0,1,0,0,9,64,1,0,0,0,0,0,0,1,0,0,192,196,0,0,0,0,0,0,0,0,0,0,0,0,0,-1,0,0,0,0,-1,0,0,0,0,-1,0,0,0,0,-1,0,0,0,0,-1,0,0,0,0,-1,0,0,0,0,-1,0,0,0,0,-1,0,0,0,0,-1,0,0,0,0,-1,0,0,0,0,-1,0,0,0,0,-1,0,0,0,0,210,226,242,0,3,131,180
1904,1408,fd,1,164,80,0,4,4,2,1056,0,2,0,0,0,1,0,2,192,80,128,0,64865,2200,3841,1,0,0,0,0,1,0,0,8,64,1,0,0,0,0,0,0,1,0,0,192,195,128,0,0,0,0,0,0,0,0,0,0,0,0,-1,0,0,0,0,-1,0,0,0,0,-1,0,0,0,0,-1,0,0,0,0,-1,0,0,0,0,-1,0,0,0,0,-1,0,0,0,0,-1,0,0,0,0,-1,0,0,0,0,-1,0,0,0,0,-1,0,0,0,0,-1,0,0,0,0,209,225,241,0,3,132,180
1905,1409,fd,1,164,80,0,4,4,2,1056,0,2,0,0,0,1,0,2,192,80,128,0,64864,2200,3840,1,0,0,0,0,1,0,0,8,64,1,0,0,0,0,0,0,1,0,0,192,193,0,0,0,0,0,0,0,0,0,0,0,0,0,-1,0,0,0,0,-1,0,0,0,0,-1,0,0,0,0,-1,0,0,0,0,-1,0,0,0,0,-1,0,0,0,0,-1,0,0,0,0,-1,0,0,0,0,-1,0,0,0,0,-1,0,0,0,0,-1,0,0,0,0,-1,0,0,0,0,208,224,240,0,3,133,180
1906,1410,fd,1,164,80,0,4,4,2,1056,0,2,0,0,0,1,0,2,192,80,128,0,64863,2200,3839,1,0,0,0,0,1,0,0,8,64,1,0,0,0,0,0,0,1,0,0,192,192,128,0,0,0,0,0,0,0,0,0,0,0,0,-1,0,0,0,0,-1,0,0,0,0,-1,0,0,0,0,-1,0,0,0,0,-1,0,0,0,0,-1,0,0,0,0,-1,0,0,0,0,-1,0,0,0,0,-1,0,0,0,0,-1,0,0,0,0,-1,0,0,0,0,-1,0,0,0,0,207,223,239,0,3,134,180
1907,1411,fd,1,164,80,0,4,4,2,1056,0,2,0,0,0,1,0,2,192,80,128,0,64862,2200,3838,1,0,0,0,0,1,0,0,8,64,1,0,0,0,0,0,0,1,0,0,192,190,0,0,0,0,0,0,0,0,0,0,0,0,0,-1,0,0,0,0,-1,0,0,0,0,-1,0,0,0,0,-1,0,0,0,0,-1,0,0,0,0,-1,0,0,0,0,-1,0,0,0,0,-1,0,0,0,0,-1,0,0,0,0,-1,0,0,0,0,-1,0,0,0,0,-1,0,0,0,0,206,222,238,0,3,135,180
1908,1412,fd,1,164,80,0,4,4,2,1056,0,2,0,0,0,1,0,2,192,80,128,0,64861,2200,3837,1,0,0,0,0,1,0,0,7,64,1,0,0,0,0,0,0,1,0,0,192,189,128,0,0,0,0,0,0,0,0,0,0,0,0,-1,0,0,0,0,-1,0,0,0,0,-1,0,0,0,0,-1,0,0,0,0,-1,0,0,0,0,-1,0,0,0,0,-1,0,0,0,0,-1,0,0,0,0,-1,0,0,0,0,-1,0,0,0,0,-1,0,0,0,0,-1,0,0,0,0,205,221,237,0,3,136,180
1909,1413,fd,1,164,80,0,4,4,2,1056,0,2,0,0,0,1,0,2,192,80,128,0,64860,2200,3836,1,0,0,0,0,1,0,0,7,64,1,0,0,0,0,0,0,1,0,0,192,187,0,0,0,0,0,0,0,0,0,0,0,0,0,-1,0,0,0,0,-1,0,0,0,0,-1,0,0,0,0,-1,0,0,0,0,-1,0,0,0,0,-1,0,0,0,0,-1,0,0,0,0,-1,0,0,0,0,-1,0,0,0,0,-1,0,0,0,0,-1,0,0,0,0,-1,0,0,0,0,204,220,236,0,3,137,180
1910,1414,fd,1,164,80,0,4,4,2,1056,0,2,0,0,0,1,0,2,192,80,128,0,64859,2200,3835,1,0,0,0,0,1,0,0,7,64,1,0,0,0,0,0,0,1,0,0,192,186,128,0,0,0,0,0,0,0,0,0,0,0,0,-1,0,0,0,0,-1,0,0,0,0,-1,0,0,0,0,-1,0,0,0,0,-1,0,0,0,0,-1,0,0,0,0,-1,0,0,0,0,-1,0,0,0,0,-1,0,0,0,0,-1,0,0,0,0,-1,0,0,0,0,-1,0,0,0,0,203,219,235,0,3,138,180
1911,1415,fd,1,164,80,0,4,4,2,1056,0,2,0,0,0,1,0,2,192,80,128,0,64858,2200,3834,1,0,0,0,0,1,0,0,7,64,1,0,0,0,0,0,0,1,0,0,192,184,0,0,0,0,0,0,0,0,0,0,0,0,0,-1,0,0,0,0,-1,0,0,0,0,-1,0,0,0,0,-1,0,0,0,0,-1,0,0,0,0,-1,0,0,0,0,-1,0,0,0,0,-1,0,0,0,0,-1,0,0,0,0,-1,0,0,0,0,-1,0,0,0,0,-1,0,0,0,0,202,218,234,0,3,139,180
1912,1416,fd,1,164,80,0,4,4,2,1056,0,2,0,0,0,1,0,2,192,80,128,0,64857,2200,3833,1,0,0,0,0,1,0,0,6,64,1,0,0,0,0,0,0,1,0,0,192,183,128,0,0,0,0,0,0,0,0,0,0,0,0,-1,0,0,0,0,-1,0,0,0,0,-1,0,0,0,0,-1,0,0,0,0,-1,0,0,0,0,-1,0,0,0,0,-1,0,0,0,0,-1,0,0,0,0,-1,0,0,0,0,-1,0,0,0,0,-1,0,0,0,0,-1,0,0,0,0,201,217,233,0,3,140,180
1913,1417,fd,1,164,80,0,4,4,2,1056,0,2,0,0,0,1,0,2,192,80,128,0,64856,2200,3832,1,0,0,0,0,1,0,0,6,64,1,0,0,0,0,0,0,1,0,0,192,181,0,0,0,0,0,0,0,0,0,0,0,0,0,-1,0,0,0,0,-1,0,0,0,0,-1,0,0,0,0,-1,0,0,0,0,-1,0,0,0,0,-1,0,0,0,0,-1,0,0,0,0,-1,0,0,0,0,-1,0,0,0,0,-1,0,0,0,0,-1,0,0,0,0,-1,0,0,0,0,200,216,232,0,3,141,180
1914,1418,fd,1,164,80,0,4,4,2,1056,0,2,0,0,0,1,0,2,192,80,128,0,64855,2200,3831,1,0,0,0,0,1,0,0,6,64,1,0,0,0,0,0,0,1,0,0,192,180,128,0,0,0,0,0,0,0,0,0,0,0,0,-1,0,0,0,0,-1,0,0,0,0,-1,0,0,0,0,-1,0,0,0,0,-1,0,0,0,0,-1,0,0,0,0,-1,0,0,0,0,-1,0,0,0,0,-1,0,0,0,0,-1,0,0,0,0,-1,0,0,0,0,-1,0,0,0,0,199,215,231,0,3,142,180
1915,1419,fd,1,164,80,0,4,4,2,1056,0,2,0,0,0,1,0,2,192,80,128,0,64854,2200,3830,1,0,0,0,0,1,0,0,6,64,1,0,0,0,0,0,0,1,0,0,192,178,0,0,0,0,0,0,0,0,0,0,0,0,0,-1,0,0,0,0,-1,0,0,0,0,-1,0,0,0,0,-1,0,0,0,0,-1,0,0,0,0,-1,0,0,0,0,-1,0,0,0,0,-1,0,0,0,0,-1,0,0,0,0,-1,0,0,0,0,-1,0,0,0,0,-1,0,0,0,0,198,214,230,0,3,143,180
1916,1420,fd,1,164,80,0,4,4,2,1056,0,2,0,0,0,1,0,2,192,80,128,0,64853,2200,3829,1,0,0,0,0,1,0,0,5,64,1,0,0,0,0,0,0,1,0,0,192,177,128,0,0,0,0,0,0,0,0,0,0,0,0,-1,0,0,0,0,-1,0,0,0,0,-1,0,0,0,0,-1,0,0,0,0,-1,0,0,0,0,-1,0,0,0,0,-1,0,0,0,0,-1,0,0,0,0,-1,0,0,0,0,-1,0,0,0,0,-1,0,0,0,0,-1,0,0,0,0,197,213,229,0,3,144,180
1917,1421,fd,1,164,80,0,4,4,2,1056,0,2,0,0,0,1,0,2,192,80,128,0,64852,2200,3828,1,0,0,0,0,1,0,0,5,64,1,0,0,0,0,0,0,1,0,0,192,175,0,0,0,0,0,0,0,0,0,0,0,0,0,-1,0,0,0,0,-1,0,0,0,0,-1,0,0,0,0,-1,0,0,0,0,-1,0,0,0,0,-1,0,0,0,0,-1,0,0,0,0,-1,0,0,0,0,-1,0,0,0,0,-1,0,0,0,0,-1,0,0,0,0,-1,0,0,0,0,196,212,228,0,3,145,180
1918,1422,ed,1,160,80,1,4,4,2,1024,16,2,0,0,0,1,0,4,192,80,128,0,64851,2200,3827,1,0,0,0,0,1,1,0,5,64,1,0,0,0,0,0,0,1,0,0,192,174,128,0,0,0,0,0,0,0,0,0,0,0,0,-1,0,0,0,0,-1,0,0,0,0,-1,0,0,0,0,-1,0,0,0,0,-1,0,0,0,0,-1,0,0,0,0,-1,0,0,0,0,-1,0,0,0,0,-1,0,0,0,0,-1,0,0,0,0,-1,0,0,0,0,-1,0,0,0,0,195,211,227,0,3,146,180
1919,1423,fd,1,157,80,1,4,4,2,992,16,2,0,0,0,1,0,4,192,78,128,0,64850,2200,3826,1,0,0,0,0,1,0,0,5,64,1,0,0,0,0,0,0,1,0,0,192,172,0,0,0,0,0,0,0,0,0,0,0,0,0,-1,0,0,0,0,-1,0,0,0,0,-1,0,0,0,0,-1,0,0,0,0,-1,0,0,0,0,-1,0,0,0,0,-1,0,0,0,0,-1,0,0,0,0,-1,0,0,0,0,-1,0,0,0,0,-1,0,0,0,0,-1,0,0,0,0,194,210,226,0,3,147,180
1920,1424,fd,1,154,80,1,4,4,2,960,0,2,0,0,0,1,0,4,192,76,128,0,64849,2200,3825,1,0,0,0,0,1,0,0,4,64,1,0,0,0,0,0,0,1,0,0,192,171,128,0,0,0,0,0,0,0,0,0,0,0,0,-1,0,0,0,0,-1,0,0,0,0,-1,0,0,0,0,-1,0,0,0,0,-1,0,0,0,0,-1,0,0,0,0,-1,0,0,0,0,-1,0,0,0,0,-1,0,0,0,0,-1,0,0,0,0,-1,0,0,0,0,-1,0,0,0,0,193,209,225,0,3,148,180
1921,1425,fd,1,151,80,1,4,4,2,928,0,2,0,0,0,1,0,4,192,74,128,0,64848,2200,3824,1,0,0,0,0,1,0,0,4,64,1,0,0,0,0,0,0,1,0,0,192,169,0,0,0,0,0,0,0,0,0,0,0,0,0,-1,0,0,0,0,-1,0,0,0,0,-1,0,0,0,0,-1,0,0,0,0,-1,0,0,0,0,-1,0,0,0,0,-1,0,0,0,0,-1,0,0,0,0,-1,0,0,0,0,-1,0,0,0,0,-1,0,0,0,0,-1,0,0,0,0,192,208,224,0,3,149,180
1922,1426,fd,1,148,80,1,4,4,2,896,0,2,0,0,0,1,0,4,192,72,128,0,64847,2200,3823,1,0,0,0,0,1,0,0,4,64,1,0,0,0,0,0,0,1,0,0,192,168,128,0,0,0,0,0,0,0,0,0,0,0,0,-1,0,0,0,0,-1,0,0,0,0,-1,0,0,0,0,-1,0,0,0,0,-1,0,0,0,0,-1,0,0,0,0,-1,0,0,0,0,-1,0,0,0,0,-1,0,0,0,0,-1,0,0,0,0,-1,0,0,0,0,-1,0,0,0,0,191,207,223,0,3,150,180
1923,1427,fd,1,145,80,1,4,4,2,864,0,2,0,0,0,1,0,4,192,70,128,0,64846,2200,3822,1,0,0,0,0,1,0,0,4,64,1,0,0,0,0,0,0,1,0,0,192,166,0,0,0,0,0,0,0,0,0,0,0,0,0,-1,0,0,0,0,-1,0,0,0,0,-1,0,0,0,0,-1,0,0,0,0,-1,0,0,0,0,-1,0,0,0,0,-1,0,0,0,0,-1,0,0,0,0,-1,0,0,0,0,-1,0,0,0,0,-1,0,0,0,0,-1,0,0,0,0,190,206,222,0,3,151,180
1924,1428,fd,1,142,80,1,4,4,2,832,0,2,0,0,0,1,0,4,192,68,128,0,64845,2200,3821,1,0,0,0,0,1,0,0,3,64,1,0,0,0,0,0,0,1,0,0,192,165,128,0,0,0,0,0,0,0,0,0,0,0,0,-1,0,0,0,0,-1,0,0,0,0,-1,0,0,0,0,-1,0,0,0,0,-1,0,0,0,0,-1,0,0,0,0,-1,0,0,0,0,-1,0,0,0,0,-1,0,0,0,0,-1,0,0,0,0,-1,0,0,0,0,-1,0,0,0,0,189,205,221,0,3,152,180
1925,1429,fd,1,139,80,1,4,4,2,800,0,2,0,0,0,1,0,4,192,66,128,0,64844,2200,3820,1,0,0,0,0,1,0,0,3,64,1,0,0,0,0,0,0,1,0,0,192,163,0,0,0,0,0,0,0,0,0,0,0,0,0,-1,0,0,0,0,-1,0,0,0,0,-1,0,0,0,0,-1,0,0,0,0,-1,0,0,0,0,-1,0,0,0,0,-1,0,0,0,0,-1,0,0,0,0,-1,0,0,0,0,-1,0,0,0,0,-1,0,0,0,0,-1,0,0,0,0,188,204,220,0,3,153,180
1926,1430,fd,1,136,80,1,4,4,2,768,0,2,0,0,0,1,0,4,192,64,128,0,64843,2200,3819,1,0,0,0,0,1,0,0,3,64,1,0,0,0,0,0,0,1,0,0,192,162,128,0,0,0,0,0,0,0,0,0,0,0,0,-1,0,0,0,0,-1,0,0,0,0,-1,0,0,0,0,-1,0,0,0,0,-1,0,0,0,0,-1,0,0,0,0,-1,0,0,0,0,-1,0,0,0,0,-1,0,0,0,0,-1,0,0,0,0,-1,0,0,0,0,-1,0,0,0,0,187,203,219,0,3,154,180
1927,1431,fd,1,134,80,1,4,4,2,736,0,2,0,0,0,1,0,4,192,62,128,0,64842,2200,3818,1,0,0,0,0,1,0,0,3,64,1,0,0,0,0,0,0,1,0,0,192,160,0,0,0,0,0,0,0,0,0,0,0,0,0,-1,0,0,0,0,-1,0,0,0,0,-1,0,0,0,0,-1,0,0,0,0,-1,0,0,0,0,-1,0,0,0,0,-1,0,0,0,0,-1,0,0,0,0,-1,0,0,0,0,-1,0,0,0,0,-1,0,0,0,0,-1,0,0,0,0,186,202,218,0,3,155,180
1928,1432,fd,1,132,80,1,4,4,2,704,0,2,0,0,0,1,0,4,192,60,128,0,64841,2200,3817,1,0,0,0,0,1,0,0,2,64,1,0,0,0,0,0,0,1,0,0,192,159,128,0,0,0,0,0,0,0,0,0,0,0,0,-1,0,0,0,0,-1,0,0,0,0,-1,0,0,0,0,-1,0,0,0,0,-1,0,0,0,0,-1,0,0,0,0,-1,0,0,0,0,-1,0,0,0,0,-1,0,0,0,0,-1,0,0,0,0,-1,0,0,0,0,-1,0,0,0,0,185,201,217,0,3,156,180
1929,1433,fd,1,130,80,1,4,4,2,672,0,2,0,0,0,1,0,4,192,58,128,0,64840,2200,3816,1,0,0,0,0,1,0,0,2,64,1,0,0,0,0,0,0,1,0,0,192,157,0,0,0,0,0,0,0,0,0,0,0,0,0,-1,0,0,0,0,-1,0,0,0,0,-1,0,0,0,0,-1,0,0,0,0,-1,0,0,0,0,-1,0,0,0,0,-1,0,0,0,0,-1,0,0,0,0,-1,0,0,0,0,-1,0,0,0,0,-1,0,0,0,0,-1,0,0,0,0,184,200,216,0,3,157,180
1930,1434,fd,1,128,80,1,4,4,2,640,0,2,0,0,0,1,0,4,192,56,128,0,64839,2200,3815,1,0,0,0,0,1,0,0,2,64,1,0,0,0,0,0,0,1,0,0,192,156,128,0,0,0,0,0,0,0,0,0,0,0,0,-1,0,0,0,0,-1,0,0,0,0,-1,0,0,0,0,-1,0,0,0,0,-1,0,0,0,0,-1,0,0,0,0,-1,0,0,0,0,-1,0,0,0,0,-1,0,0,0,0,-1,0,0,0,0,-1,0,0,0,0,-1,0,0,0,0,183,199,215,0,3,158,180
1931,1435,fd,1,126,80,1,4,4,2,608,0,2,0,0,0,1,0,4,192,54,128,0,64838,2200,3814,1,0,0,0,0,1,0,0,2,64,1,0,0,0,0,0,0,1,0,0,192,154,0,0,0,0,0,0,0,0,0,0,0,0,0,-1,0,0,0,0,-1,0,0,0,0,-1,0,0,0,0,-1,0,0,0,0,-1,0,0,0,0,-1,0,0,0,0,-1,0,0,0,0,-1,0,0,0,0,-1,0,0,0,0,-1,0,0,0,0,-1,0,0,0,0,-1,0,0,0,0,182,198,214,0,3,159,180
1932,1436,fd,1,124,80,1,4,4,2,576,0,2,0,0,0,1,0,4,192,52,128,0,64837,2200,3813,1,0,0,0,0,1,0,0,1,64,1,0,0,0,0,0,0,1,0,0,192,153,128,0,0,0,0,0,0,0,0,0,0,0,0,-1,0,0,0,0,-1,0,0,0,0,-1,0,0,0,0,-1,0,0,0,0,-1,0,0,0,0,-1,0,0,0,0,-1,0,0,0,0,-1,0,0,0,0,-1,0,0,0,0,-1,0,0,0,0,-1,0,0,0,0,-1,0,0,0,0,181,197,213,0,3,160,180
1933,1437,fd,1,122,80,1,4,4,2,544,0,2,0,0,0,1,0,4,192,50,128,0,64836,2200,3812,1,0,0,0,0,1,0,0,1,64,1,0,0,0,0,0,0,1,0,0,192,151,0,0,0,0,0,0,0,0,0,0,0,0,0,-1,0,0,0,0,-1,0,0,0,0,-1,0,0,0,0,-1,0,0,0,0,-1,0,0,0,0,-1,0,0,0,0,-1,0,0,0,0,-1,0,0,0,0,-1,0,0,0,0,-1,0,0,0,0,-1,0,0,0,0,-1,0,0,0,0,180,196,212,0,3,161,180
1934,1438,fd,1,120,80,1,4,4,2,512,0,2,0,0,0,1,0,4,192,48,128,0,64835,2200,3811,1,0,0,0,0,1,0,0,1,64,1,0,0,0,0,0,0,1,0,0,192,150,128,0,0,0,0,0,0,0,0,0,0,0,0,-1,0,0,0,0,-1,0,0,0,0,-1,0,0,0,0,-1,0,0,0,0,-1,0,0,0,0,-1,0,0,0,0,-1,0,0,0,0,-1,0,0,0,0,-1,0,0,0,0,-1,0,0,0,0,-1,0,0,0,0,-1,0,0,0,0,179,195,211,0,3,162,180
1935,1439,fd,1,119,80,1,4,4,2,480,0,2,0,0,0,1,0,4,192,46,128,0,64834,2200,3810,1,0,0,0,0,1,0,0,1,64,1,0,0,0,0,0,0,1,0,0,192,148,0,0,0,0,0,0,0,0,0,0,0,0,0,-1,0,0,0,0,-1,0,0,0,0,-1,0,0,0,0,-1,0,0,0,0,-1,0,0,0,0,-1,0,0,0,0,-1,0,0,0,0,-1,0,0,0,0,-1,0,0,0,0,-1,0,0,0,0,-1,0,0,0,0,-1,0,0,0,0,178,194,210,0,3,163,180
1936,1440,fd,1,118,80,1,4,4,2,448,0,2,0,0,0,1,0,4,192,44,128,0,64833,2200,3809,1,0,0,0,0,1,0,0,0,64,1,0,0,0,0,0,0,1,0,0,192,147,128,0,0,0,0,0,0,0,0,0,0,0,0,-1,0,0,0,0,-1,0,0,0,0,-1,0,0,0,0,-1,0,0,0,0,-1,0,0,0,0,-1,0,0,0,0,-1,0,0,0,0,-1,0,0,0,0,-1,0,0,0,0,-1,0,0,0,0,-1,0,0,0,0,-1,0,0,0,0,177,193,209,0,3,164,180
1937,1441,fd,1,117,80,1,4,4,2,416,0,2,0,0,0,1,0,4,192,42,128,0,64832,2200,3808,1,0,0,0,0,1,0,0,0,64,1,0,0,0,0,0,0,1,0,0,192,145,0,0,0,0,0,0,0,0,0,0,0,0,0,-1,0,0,0,0,-1,0,0,0,0,-1,0,0,0,0,-1,0,0,0,0,-1,0,0,0,0,-1,0,0,0,0,-1,0,0,0,0,-1,0,0,0,0,-1,0,0,0,0,-1,0,0,0,0,-1,0,0,0,0,-1,0,0,0,0,176,192,208,0,3,165,180
1938,1442,fd,1,116,80,1,4,4,2,384,0,2,0,0,0,1,0,4,192,40,128,0,64831,2200,3807,1,0,0,0,0,1,0,0,0,64,1,0,0,0,0,0,0,1,0,0,192,144,128,0,0,0,0,0,0,0,0,0,0,0,0,-1,0,0,0,0,-1,0,0,0,0,-1,0,0,0,0,-1,0,0,0,0,-1,0,0,0,0,-1,0,0,0,0,-1,0,0,0,0,-1,0,0,0,0,-1,0,0,0,0,-1,0,0,0,0,-1,0,0,0,0,-1,0,0,0,0,175,191,207,0,3,166,180
1939,1443,fd,1,115,80,1,4,4,2,352,0,2,0,0,0,1,0,4,192,38,128,0,64830,2200,3806,1,0,0,0,0,1,0,0,0,64,1,0,0,0,0,0,0,1,0,0,192,142,0,0,0,0,0,0,0,0,0,0,0,0,0,-1,0,0,0,0,-1,0,0,0,0,-1,0,0,0,0,-1,0,0,0,0,-1,0,0,0,0,-1,0,0,0,0,-1,0,0,0,0,-1,0,0,0,0,-1,0,0,0,0,-1,0,0,0,0,-1,0,0,0,0,-1,0,0,0,0,174,190,206,0,3,167,180
1940,1444,fd,1,114,80,1,4,4,2,320,0,2,0,0,0,1,0,4,192,36,128,0,64829,2200,3805,1,0,0,0,0,1,0,0,0,64,1,0,0,0,0,0,0,1,0,0,192,141,128,0,0,0,0,0,0,0,0,0,0,0,0,-1,0,0,0,0,-1,0,0,0,0,-1,0,0,0,0,-1,0,0,0,0,-1,0,0,0,0,-1,0,0,0,0,-1,0,0,0,0,-1,0,0,0,0,-1,0,0,0,0,-1,0,0,0,0,-1,0,0,0,0,-1,0,0,0,0,173,189,205,0,3,168,180
1941,1445,fd,1,113,80,1,4,4,2,288,0,2,0,0,0,1,0,4,192,34,128,0,64828,2200,3804,1,0,0,0,0,1,0,0,0,64,1,0,0,0,0,0,0,1,0,0,192,139,0,0,0,0,0,0,0,0,0,0,0,0,0,-1,0,0,0,0,-1,0,0,0,0,-1,0,0,0,0,-1,0,0,0,0,-1,0,0,0,0,-1,0,0,0,0,-1,0,0,0,0,-1,0,0,0,0,-1,0,0,0,0,-1,0,0,0,0,-1,0,0,0,0,-1,0,0,0,0,172,188,204,0,3,169,180
1942,1446,fd,1,112,80,1,4,4,2,256,0,2,0,0,0,1,0,4,192,32,128,0,64827,2200,3803,1,0,0,0,0,1,0,0,0,64,1,0,0,0,0,0,0,1,0,0,192,138,128,0,0,0,0,0,0,0,0,0,0,0,0,-1,0,0,0,0,-1,0,0,0,0,-1,0,0,0,0,-1,0,0,0,0,-1,0,0,0,0,-1,0,0,0,0,-1,0,0,0,0,-1,0,0,0,0,-1,0,0,0,0,-1,0,0,0,0,-1,0,0,0,0,-1,0,0,0,0,171,187,203,0,3,170,180
1943,1447,fd,1,112,80,1,4,4,2,224,0,2,0,0,0,1,0,4,192,30,128,0,64826,2200,3802,1,0,0,0,0,1,0,0,0,64,1,0,0,0,0,0,0,1,0,0,192,136,0,0,0,0,0,0,0,0,0,0,0,0,0,-1,0,0,0,0,-1,0,0,0,0,-1,0,0,0,0,-1,0,0,0,0,-1,0,0,0,0,-1,0,0,0,0,-1,0,0,0,0,-1,0,0,0,0,-1,0,0,0,0,-1,0,0,0,0,-1,0,0,0,0,-1,0,0,0,0,170,186,202,0,3,171,180
1944,1448,fd,1,112,80,1,4,4,2,160,0,2,0,0,0,1,0,4,192,28,128,0,64825,2200,3801,1,0,0,0,0,1,0,0,0,64,1,0,0,0,0,0,0,1,0,0,192,135,128,0,0,0,0,0,0,0,0,0,0,0,0,-1,0,0,0,0,-1,0,0,0,0,-1,0,0,0,0,-1,0,0,0,0,-1,0,0,0,0,-1,0,0,0,0,-1,0,0,0,0,-1,0,0,0,0,-1,0,0,0,0,-1,0,0,0,0,-1,0,0,0,0,-1,0,0,0,0,169,185,201,0,3,172,180
1945,1449,fd,1,112,80,1,4,4,2,96,0,2,0,0,0,1,0,4,192,26,128,0,64824,2200,3800,1,0,0,0,0,1,0,0,0,64,1,0,0,0,0,0,0,1,0,0,192,133,0,0,0,0,0,0,0,0,0,0,0,0,0,-1,0,0,0,0,-1,0,0,0,0,-1,0,0,0,0,-1,0,0,0,0,-1,0,0,0,0,-1,0,0,0,0,-1,0,0,0,0,-1,0,0,0,0,-1,0,0,0,0,-1,0,0,0,0,-1,0,0,0,0,-1,0,0,0,0,168,184,200,0,3,173,180
1946,1450,fd,1,112,80,1,4,4,2,32,0,2,0,0,0,1,0,4,192,24,128,0,64823,2200,3799,1,0,0,0,0,1,0,0,0,64,1,0,0,0,0,0,0,1,0,0,192,132,128,0,0,0,0,0,0,0,0,0,0,0,0,-1,0,0,0,0,-1,0,0,0,0,-1,0,0,0,0,-1,0,0,0,0,-1,0,0,0,0,-1,0,0,0,0,-1,0,0,0,0,-1,0,0,0,0,-1,0,0,0,0,-1,0,0,0,0,-1,0,0,0,0,-1,0,0,0,0,167,183,199,0,3,174,180
1947,1451,fd,1,112,80,2,4,4,2,64,0,2,0,0,0,1,0,4,192,22,128,0,64822,2200,3798,1,0,0,0,0,1,0,0,0,64,1,0,0,0,0,0,0,1,0,0,192,130,0,0,0,0,0,0,0,0,0,0,0,0,0,-1,0,0,0,0,-1,0,0,0,0,-1,0,0,0,0,-1,0,0,0,0,-1,0,0,0,0,-1,0,0,0,0,-1,0,0,0,0,-1,0,0,0,0,-1,0,0,0,0,-1,0,0,0,0,-1,0,0,0,0,-1,0,0,0,0,166,182,198,0,3,175,180
1948,1452,fd,1,112,80,2,4,4,2,128,0,2,0,0,0,1,0,4,192,20,128,0,64821,2200,3797,1,0,0,0,0,1,0,0,0,64,1,0,0,0,0,0,0,1,0,0,192,129,128,0,0,0,0,0,0,0,0,0,0,0,0,-1,0,0,0,0,-1,0,0,0,0,-1,0,0,0,0,-1,0,0,0,0,-1,0,0,0,0,-1,0,0,0,0,-1,0,0,0,0,-1,0,0,0,0,-1,0,0,0,0,-1,0,0,0,0,-1,0,0,0,0,-1,0,0,0,0,165,181,197,0,3,176,180
1949,1453,fd,1,112,80,2,4,4,2,192,0,2,0,0,0,1,0,4,192,18,128,0,64820,2200,3796,1,0,0,0,0,1,0,0,0,64,1,0,0,0,0,0,0,1,0,0,192,127,0,0,0,0,0,0,0,0,0,0,0,0,0,-1,0,0,0,0,-1,0,0,0,0,-1,0,0,0,0,-1,0,0,0,0,-1,0,0,0,0,-1,0,0,0,0,-1,0,0,0,0,-1,0,0,0,0,-1,0,0,0,0,-1,0,0,0,0,-1,0,0,0,0,-1,0,0,0,0,164,180,196,0,3,177,180
1950,1454,fd,1,113,80,2,4,4,2,256,0,2,0,0,0,1,0,4,192,16,128,0,64819,2200,3795,1,0,0,0,0,1,0,0,0,64,1,0,0,0,0,0,0,1,0,0,192,126,128,0,0,0,0,0,0,0,0,0,0,0,0,-1,0,0,0,0,-1,0,0,0,0,-1,0,0,0,0,-1,0,0,0,0,-1,0,0,0,0,-1,0,0,0,0,-1,0,0,0,0,-1,0,0,0,0,-1,0,0,0,0,-1,0,0,0,0,-1,0,0,0,0,-1,0,0,0,0,163,179,195,0,3,178,180
1951,1455,fd,1,114,80,2,4,4,2,288,0,2,0,0,0,1,0,4,192,14,128,0,64818,2200,3794,1,0,0,0,0,1,0,0,0,64,1,0,0,0,0,0,0,1,0,0,192,124,0,0,0,0,0,0,0,0,0,0,0,0,0,-1,0,0,0,0,-1,0,0,0,0,-1,0,0,0,0,-1,0,0,0,0,-1,0,0,0,0,-1,0,0,0,0,-1,0,0,0,0,-1,0,0,0,0,-1,0,0,0,0,-1,0,0,0,0,-1,0,0,0,0,-1,0,0,0,0,162,178,194,0,3,179,180
1952,1456,fd,1,115,80,2,4,4,2,320,0,2,0,0,0,1,0,4,192,12,128,0,64817,2200,3793,1,0,0,0,0,1,0,0,0,64,1,0,0,0,0,0,0,1,0,0,192,123,128,0,0,0,0,0,0,0,0,0,0,0,0,-1,0,0,0,0,-1,0,0,0,0,-1,0,0,0,0,-1,0,0,0,0,-1,0,0,0,0,-1,0,0,0,0,-1,0,0,0,0,-1,0,0,0,0,-1,0,0,0,0,-1,0,0,0,0,-1,0,0,0,0,-1,0,0,0,0,161,177,193,0,3,180,180
1953,1457,fd,1,116,80,2,4,4,2,352,0,2,0,0,0,1,0,4,192,10,128,0,64816,2200,3792,1,0,0,0,0,1,0,0,0,64,1,0,0,0,0,0,0,1,0,0,192,121,0,0,0,0,0,0,0,0,0,0,0,0,0,-1,0,0,0,0,-1,0,0,0,0,-1,0,0,0,0,-1,0,0,0,0,-1,0,0,0,0,-1,0,0,0,0,-1,0,0,0,0,-1,0,0,0,0,-1,0,0,0,0,-1,0,0,0,0,-1,0,0,0,0,-1,0,0,0,0,160,176,192,0,3,181,180
1954,1458,fd,1,117,80,2,4,4,2,384,0,2,0,0,0,1,0,4,192,8,128,0,64815,2200,3791,1,0,0,0,0,1,0,0,0,64,1,0,0,0,0,0,0,1,0,0,192,120,128,0,0,0,0,0,0,0,0,0,0,0,0,-1,0,0,0,0,-1,0,0,0,0,-1,0,0,0,0,-1,0,0,0,0,-1,0,0,0,0,-1,0,0,0,0,-1,0,0,0,0,-1,0,0,0,0,-1,0,0,0,0,-1,0,0,0,0,-1,0,0,0,0,-1,0,0,0,0,159,175,191,0,3,182,180
1955,1459,fd,1,118,80,2,4,4,2,416,0,2,0,0,0,1,0,4,192,6,128,0,64814,2200,3790,1,0,0,0,0,1,0,0,0,64,1,0,0,0,0,0,0,1,0,0,192,118,0,0,0,0,0,0,0,0,0,0,0,0,0,-1,0,0,0,0,-1,0,0,0,0,-1,0,0,0,0,-1,0,0,0,0,-1,0,0,0,0,-1,0,0,0,0,-1,0,0,0,0,-1,0,0,0,0,-1,0,0,0,0,-1,0,0,0,0,-1,0,0,0,0,-1,0,0,0,0,158,174,190,0,3,183,180
1956,1460,fd,1,119,80,2,4,4,2,448,0,2,0,0,0,1,0,4,192,4,128,0,64813,2200,3789,1,0,0,0,0,1,0,0,0,64,1,0,0,0,0,0,0,1,0,0,192,117,128,0,0,0,0,0,0,0,0,0,0,0,0,-1,0,0,0,0,-1,0,0,0,0,-1,0,0,0,0,-1,0,0,0,0,-1,0,0,0,0,-1,0,0,0,0,-1,0,0,0,0,-1,0,0,0,0,-1,0,0,0,0,-1,0,0,0,0,-1,0,0,0,0,-1,0,0,0,0,157,173,189,0,3,184,180
1957,1461,fd,1,120,80,2,4,4,2,480,0,2,0,0,0,1,0,4,192,2,128,0,64812,2200,3788,1,0,0,0,0,1,0,0,0,64,1,0,0,0,0,0,0,1,0,0,192,115,0,0,0,0,0,0,0,0,0,0,0,0,0,-1,0,0,0,0,-1,0,0,0,0,-1,0,0,0,0,-1,0,0,0,0,-1,0,0,0,0,-1,0,0,0,0,-1,0,0,0,0,-1,0,0,0,0,-1,0,0,0,0,-1,0,0,0,0,-1,0,0,0,0,-1,0,0,0,0,156,172,188,0,3,185,180
1958,1462,fd,1,122,80,2,4,4,2,512,0,2,0,0,0,1,0,4,192,0,128,0,64811,2200,3787,1,0,0,0,0,1,0,0,0,64,1,0,0,0,0,0,0,1,0,0,192,114,128,0,0,0,0,0,0,0,0,0,0,0,0,-1,0,0,0,0,-1,0,0,0,0,-1,0,0,0,0,-1,0,0,0,0,-1,0,0,0,0,-1,0,0,0,0,-1,0,0,0,0,-1,0,0,0,0,-1,0,0,0,0,-1,0,0,0,0,-1,0,0,0,0,-1,0,0,0,0,155,171,187,0,3,186,180
1959,1463,fd,1,124,80,2,4,4,2,544,0,2,0,0,0,1,0,4,192,254,128,0,64810,2200,3786,1,0,0,0,0,1,0,0,0,64,1,0,0,0,0,0,0,1,0,0,192,112,0,0,0,0,0,0,0,0,0,0,0,0,0,-1,0,0,0,0,-1,0,0,0,0,-1,0,0,0,0,-1,0,0,0,0,-1,0,0,0,0,-1,0,0,0,0,-1,0,0,0,0,-1,0,0,0,0,-1,0,0,0,0,-1,0,0,0,0,-1,0,0,0,0,-1,0,0,0,0,154,170,186,0,3,187,180
1960,1464,fd,1,126,80,2,4,4,2,576,0,2,0,0,0,1,0,4,192,252,128,0,64809,2200,3785,1,0,0,0,0,1,0,0,0,64,1,0,0,0,0,0,0,1,0,0,192,111,128,0,0,0,0,0,0,0,0,0,0,0,0,-1,0,0,0,0,-1,0,0,0,0,-1,0,0,0,0,-1,0,0,0,0,-1,0,0,0,0,-1,0,0,0,0,-1,0,0,0,0,-1,0,0,0,0,-1,0,0,0,0,-1,0,0,0,0,-1,0,0,0,0,-1,0,0,0,0,153,169,185,0,3,188,180
1961,1465,fd,1,128,80,2,4,4,2,608,0,2,0,0,0,1,0,4,192,250,128,0,64808,2200,3784,1,0,0,0,0,1,0,0,0,64,1,0,0,0,0,0,0,1,0,0,192,109,0,0,0,0,0,0,0,0,0,0,0,0,0,-1,0,0,0,0,-1,0,0,0,0,-1,0,0,0,0,-1,0,0,0,0,-1,0,0,0,0,-1,0,0,0,0,-1,0,0,0,0,-1,0,0,0,0,-1,0,0,0,0,-1,0,0,0,0,-1,0,0,0,0,-1,0,0,0,0,152,168,184,0,3,189,180
1962,1466,fd,1,130,80,2,4,4,2,640,0,2,0,0,0,1,0,4,192,248,128,0,64807,2200,3783,1,0,0,0,0,1,0,0,0,64,1,0,0,0,0,0,0,1,0,0,192,108,128,0,0,0,0,0,0,0,0,0,0,0,0,-1,0,0,0,0,-1,0,0,0,0,-1,0,0,0,0,-1,0,0,0,0,-1,0,0,0,0,-1,0,0,0,0,-1,0,0,0,0,-1,0,0,0,0,-1,0,0,0,0,-1,0,0,0,0,-1,0,0,0,0,-1,0,0,0,0,151,167,183,0,3,190,180
1963,1467,fd,1,132,80,2,4,4,2,672,0,2,0,0,0,1,0,4,192,246,128,0,64806,2200,3782,1,0,0,0,0,1,0,0,0,64,1,0,0,0,0,0,0,1,0,0,192,106,0,0,0,0,0,0,0,0,0,0,0,0,0,-1,0,0,0,0,-1,0,0,0,0,-1,0,0,0,0,-1,0,0,0,0,-1,0,0,0,0,-1,0,0,0,0,-1,0,0,0,0,-1,0,0,0,0,-1,0,0,0,0,-1,0,0,0,0,-1,0,0,0,0,-1,0,0,0,0,150,166,182,0,3,191,180
1964,1468,fd,1,134,80,2,4,4,2,704,0,2,0,0,0,1,0,4,192,244,128,0,64805,2200,3781,1,0,0,0,0,1,0,0,0,64,1,0,0,0,0,0,0,1,0,0,192,105,128,0,0,0,0,0,0,0,0,0,0,0,0,-1,0,0,0,0,-1,0,0,0,0,-1,0,0,0,0,-1,0,0,0,0,-1,0,0,0,0,-1,0,0,0,0,-1,0,0,0,0,-1,0,0,0,0,-1,0,0,0,0,-1,0,0,0,0,-1,0,0,0,0,-1,0,0,0,0,149,165,181,0,3,192,180
1965,1469,fd,1,136,80,2,4,4,2,736,0,2,0,0,0,1,0,4,192,242,128,0,64804,2200,3780,1,0,0,0,0,1,0,0,0,64,1,0,0,0,0,0,0,1,0,0,192,103,0,0,0,0,0,0,0,0,0,0,0,0,0,-1,0,0,0,0,-1,0,0,0,0,-1,0,0,0,0,-1,0,0,0,0,-1,0,0,0,0,-1,0,0,0,0,-1,0,0,0,0,-1,0,0,0,0,-1,0,0,0,0,-1,0,0,0,0,-1,0,0,0,0,-1,0,0,0,0,148,164,180,0,3,193,180
1966,1470,fd,1,139,80,2,4,4,2,768,0,2,0,0,0,0,0,0,0,0,0,0,64803,2200,3779,1,0,0,0,0,1,0,0,0,64,1,0,0,0,0,0,0,1,0,0,192,102,128,0,0,0,0,0,0,0,0,0,0,0,0,-1,0,0,0,0,-1,0,0,0,0,-1,0,0,0,0,-1,0,0,0,0,-1,0,0,0,0,-1,0,0,0,0,-1,0,0,0,0,-1,0,0,0,0,-1,0,0,0,0,-1,0,0,0,0,-1,0,0,0,0,-1,0,0,0,0,147,163,179,0,3,194,180
1967,1471,fd,1,142,80,2,4,4,2,800,0,2,0,0,0,0,0,0,0,0,0,0,64802,2200,3778,1,0,0,0,0,1,0,0,0,64,1,0,0,0,0,0,0,1,0,0,192,100,0,0,0,0,0,0,0,0,0,0,0,0,0,-1,0,0,0,0,-1,0,0,0,0,-1,0,0,0,0,-1,0,0,0,0,-1,0,0,0,0,-1,0,0,0,0,-1,0,0,0,0,-1,0,0,0,0,-1,0,0,0,0,-1,0,0,0,0,-1,0,0,0,0,-1,0,0,0,0,146,162,178,0,3,195,180
1968,1472,fd,1,145,80,2,4,4,2,832,0,2,0,0,0,0,0,0,0,0,0,0,64801,2200,3777,1,0,0,0,0,1,0,0,0,64,1,0,0,0,0,0,0,1,0,0,192,99,128,0,0,0,0,0,0,0,0,0,0,0,0,-1,0,0,0,0,-1,0,0,0,0,-1,0,0,0,0,-1,0,0,0,0,-1,0,0,0,0,-1,0,0,0,0,-1,0,0,0,0,-1,0,0,0,0,-1,0,0,0,0,-1,0,0,0,0,-1,0,0,0,0,-1,0,0,0,0,145,161,177,0,3,196,180
1969,1473,fd,1,148,80,2,4,4,2,864,0,2,0,0,0,0,0,0,0,0,0,0,64800,2200,3776,1,0,0,0,0,1,0,0,0,64,1,0,0,0,0,0,0,1,0,0,192,97,0,0,0,0,0,0,0,0,0,0,0,0,0,-1,0,0,0,0,-1,0,0,0,0,-1,0,0,0,0,-1,0,0,0,0,-1,0,0,0,0,-1,0,0,0,0,-1,0,0,0,0,-1,0,0,0,0,-1,0,0,0,0,-1,0,0,0,0,-1,0,0,0,0,-1,0,0,0,0,144,160,176,0,3,197,180
1970,1474,fd,1,151,80,2,4,4,2,896,0,2,0,0,0,0,0,0,0,0,0,0,64799,2200,3775,1,0,0,0,0,1,0,0,0,64,1,0,0,0,0,0,0,1,0,0,192,96,128,0,0,0,0,0,0,0,0,0,0,0,0,-1,0,0,0,0,-1,0,0,0,0,-1,0,0,0,0,-1,0,0,0,0,-1,0,0,0,0,-1,0,0,0,0,-1,0,0,0,0,-1,0,0,0,0,-1,0,0,0,0,-1,0,0,0,0,-1,0,0,0,0,-1,0,0,0,0,143,159,175,0,3,198,180
1971,1475,fd,1,154,80,2,4,4,2,928,0,2,0,0,0,0,0,0,0,0,0,0,64798,2200,3774,1,0,0,0,0,1,0,0,0,64,1,0,0,0,0,0,0,1,0,0,192,94,0,0,0,0,0,0,0,0,0,0,0,0,0,-1,0,0,0,0,-1,0,0,0,0,-1,0,0,0,0,-1,0,0,0,0,-1,0,0,0,0,-1,0,0,0,0,-1,0,0,0,0,-1,0,0,0,0,-1,0,0,0,0,-1,0,0,0,0,-1,0,0,0,0,-1,0,0,0,0,142,158,174,0,3,199,180
1972,1476,fd,1,157,80,2,4,4,2,960,0,2,0,0,0,0,0,0,0,0,0,0,64797,2200,3773,1,0,0,0,0,1,0,0,0,64,1,0,0,0,0,0,0,1,0,0,192,93,128,0,0,0,0,0,0,0,0,0,0,0,0,-1,0,0,0,0,-1,0,0,0,0,-1,0,0,0,0,-1,0,0,0,0,-1,0,0,0,0,-1,0,0,0,0,-1,0,0,0,0,-1,0,0,0,0,-1,0,0,0,0,-1,0,0,0,0,-1,0,0,0,0,-1,0,0,0,0,141,157,173,0,3,200,180
1973,1477,fd,1,160,80,2,4,4,2,992,0,2,0,0,0,0,0,0,0,0,0,0,64796,2200,3772,1,0,0,0,0,1,0,0,0,64,1,0,0,0,0,0,0,1,0,0,192,91,0,0,0,0,0,0,0,0,0,0,0,0,0,-1,0,0,0,0,-1,0,0,0,0,-1,0,0,0,0,-1,0,0,0,0,-1,0,0,0,0,-1,0,0,0,0,-1,0,0,0,0,-1,0,0,0,0,-1,0,0,0,0,-1,0,0,0,0,-1,0,0,0,0,-1,0,0,0,0,140,156,172,0,3,201,180
1974,1478,fd,1,164,80,0,4,4,2,1056,0,2,0,0,0,1,0,2,192,89,128,1,64795,2300,3771,1,0,0,0,0,2,0,0,16,64,1,0,0,0,0,0,0,0,0,0,0,0,0,0,0,0,0,0,0,0,0,0,0,0,0,-1,0,0,0,0,-1,0,0,0,0,-1,0,0,0,0,-1,0,0,0,0,-1,0,0,0,0,-1,0,0,0,0,-1,0,0,0,0,-1,0,0,0,0,-1,0,0,0,0,-1,0,0,0,0,-1,0,0,0,0,-1,0,0,0,0,139,155,171,0,3,202,180
1975,1479,fd,1,164,80,0,4,4,2,1056,0,2,0,0,0,1,0,2,192,88,128,1,64794,2300,3770,1,0,0,0,0,2,0,0,16,64,1,0,0,0,0,0,0,0,0,0,0,0,0,0,0,0,0,0,0,0,0,0,0,0,0,-1,0,0,0,0,-1,0,0,0,0,-1,0,0,0,0,-1,0,0,0,0,-1,0,0,0,0,-1,0,0,0,0,-1,0,0,0,0,-1,0,0,0,0,-1,0,0,0,0,-1,0,0,0,0,-1,0,0,0,0,-1,0,0,0,0,138,154,170,0,3,203,180
1976,1480,fd,1,164,80,0,4,4,2,1056,0,2,0,0,0,1,0,2,192,87,128,1,64793,2300,3769,1,0,0,0,0,2,0,0,15,64,1,0,0,0,0,0,0,0,0,0,0,0,0,0,0,0,0,0,0,0,0,0,0,0,0,-1,0,0,0,0,-1,0,0,0,0,-1,0,0,0,0,-1,0,0,0,0,-1,0,0,0,0,-1,0,0,0,0,-1,0,0,0,0,-1,0,0,0,0,-1,0,0,0,0,-1,0,0,0,0,-1,0,0,0,0,-1,0,0,0,0,137,153,169,0,3,204,180
1977,1481,fd,1,164,80,0,4,4,2,1056,0,2,0,0,0,1,0,2,192,86,128,1,64792,2300,3768,1,0,0,0,0,2,0,0,15,64,1,0,0,0,0,0,0,0,0,0,0,0,0,0,0,0,0,0,0,0,0,0,0,0,0,-1,0,0,0,0,-1,0,0,0,0,-1,0,0,0,0,-1,0,0,0,0,-1,0,0,0,0,-1,0,0,0,0,-1,0,0,0,0,-1,0,0,0,0,-1,0,0,0,0,-1,0,0,0,0,-1,0,0,0,0,-1,0,0,0,0,136,152,168,0,3,205,180
1978,1482,fd,1,164,80,0,4,4,2,1056,0,2,0,0,0,1,0,2,192,85,128,1,64791,2300,3767,1,0,0,0,0,2,0,0,15,64,1,0,0,0,0,0,0,0,0,0,0,0,0,0,0,0,0,0,0,0,0,0,0,0,0,-1,0,0,0,0,-1,0,0,0,0,-1,0,0,0,0,-1,0,0,0,0,-1,0,0,0,0,-1,0,0,0,0,-1,0,0,0,0,-1,0,0,0,0,-1,0,0,0,0,-1,0,0,0,0,-1,0,0,0,0,-1,0,0,0,0,135,151,167,0,3,206,180
1979,1483,fd,1,164,80,0,4,4,2,1056,0,2,0,0,0,1,0,2,192,84,128,1,64790,2300,3766,1,0,0,0,0,2,0,0,15,64,1,0,0,0,0,0,0,0,0,0,0,0,0,0,0,0,0,0,0,0,0,0,0,0,0,-1,0,0,0,0,-1,0,0,0,0,-1,0,0,0,0,-1,0,0,0,0,-1,0,0,0,0,-1,0,0,0,0,-1,0,0,0,0,-1,0,0,0,0,-1,0,0,0,0,-1,0,0,0,0,-1,0,0,0,0,-1,0,0,0,0,134,150,166,0,3,207,180
1980,1484,fd,1,164,80,0,4,4,2,1056,0,2,0,0,0,1,0,2,192,83,128,1,64789,2300,3765,1,0,0,0,0,2,0,0,14,64,1,0,0,0,0,0,0,0,0,0,0,0,0,0,0,0,0,0,0,0,0,0,0,0,0,-1,0,0,0,0,-1,0,0,0,0,-1,0,0,0,0,-1,0,0,0,0,-1,0,0,0,0,-1,0,0,0,0,-1,0,0,0,0,-1,0,0,0,0,-1,0,0,0,0,-1,0,0,0,0,-1,0,0,0,0,-1,0,0,0,0,133,149,165,0,3,208,180
1981,1485,fd,1,164,80,0,4,4,2,1056,0,2,0,0,0,1,0,2,192,82,128,1,64788,2300,3764,1,0,0,0,0,2,0,0,14,64,1,0,0,0,0,0,0,0,0,0,0,0,0,0,0,0,0,0,0,0,0,0,0,0,0,-1,0,0,0,0,-1,0,0,0,0,-1,0,0,0,0,-1,0,0,0,0,-1,0,0,0,0,-1,0,0,0,0,-1,0,0,0,0,-1,0,0,0,0,-1,0,0,0,0,-1,0,0,0,0,-1,0,0,0,0,-1,0,0,0,0,132,148,164,0,3,209,180
1982,1486,fd,1,164,80,0,4,4,2,1056,0,2,0,0,0,1,0,2,192,81,128,1,64787,2300,3763,1,0,0,0,0,2,0,0,14,64,1,0,0,0,0,0,0,0,0,0,0,0,0,0,0,0,0,0,0,0,0,0,0,0,0,-1,0,0,0,0,-1,0,0,0,0,-1,0,0,0,0,-1,0,0,0,0,-1,0,0,0,0,-1,0,0,0,0,-1,0,0,0,0,-1,0,0,0,0,-1,0,0,0,0,-1,0,0,0,0,-1,0,0,0,0,-1,0,0,0,0,131,147,163,0,3,210,180
1983,1487,fd,1,164,80,0,4,4,2,1056,0,2,0,0,0,1,0,2,192,80,128,0,64786,2300,3762,1,0,0,0,0,2,0,0,14,64,1,0,0,0,0,0,0,0,0,0,0,0,0,0,0,0,0,0,0,0,0,0,0,0,0,-1,0,0,0,0,-1,0,0,0,0,-1,0,0,0,0,-1,0,0,0,0,-1,0,0,0,0,-1,0,0,0,0,-1,0,0,0,0,-1,0,0,0,0,-1,0,0,0,0,-1,0,0,0,0,-1,0,0,0,0,-1,0,0,0,0,130,146,162,0,3,211,180
1984,1488,fd,1,164,80,0,4,4,2,1056,0,2,0,0,0,1,0,2,192,80,128,0,64785,2300,3761,1,0,0,0,0,2,0,0,13,64,1,0,0,0,0,0,0,0,0,0,0,0,0,0,0,0,0,0,0,0,0,0,0,0,0,-1,0,0,0,0,-1,0,0,0,0,-1,0,0,0,0,-1,0,0,0,0,-1,0,0,0,0,-1,0,0,0,0,-1,0,0,0,0,-1,0,0,0,0,-1,0,0,0,0,-1,0,0,0,0,-1,0,0,0,0,-1,0,0,0,0,129,145,161,0,3,212,180
1985,1489,fd,1,164,80,0,4,4,2,1056,0,2,0,0,0,1,0,2,192,80,128,0,64784,2300,3760,1,0,0,0,0,2,0,0,13,64,1,0,0,0,0,0,0,0,0,0,0,0,0,0,0,0,0,0,0,0,0,0,0,0,0,-1,0,0,0,0,-1,0,0,0,0,-1,0,0,0,0,-1,0,0,0,0,-1,0,0,0,0,-1,0,0,0,0,-1,0,0,0,0,-1,0,0,0,0,-1,0,0,0,0,-1,0,0,0,0,-1,0,0,0,0,-1,0,0,0,0,128,144,160,0,3,213,180
1986,1490,fd,1,164,80,0,4,4,2,1056,0,2,0,0,0,1,0,2,192,80,128,0,64783,2300,3759,1,0,0,0,0,2,0,0,13,64,1,0,0,0,0,0,0,0,0,0,0,0,0,0,0,0,0,0,0,0,0,0,0,0,0,-1,0,0,0,0,-1,0,0,0,0,-1,0,0,0,0,-1,0,0,0,0,-1,0,0,0,0,-1,0,0,0,0,-1,0,0,0,0,-1,0,0,0,0,-1,0,0,0,0,-1,0,0,0,0,-1,0,0,0,0,-1,0,0,0,0,127,143,159,0,3,214,180
1987,1491,fd,1,164,80,0,4,4,2,1056,0,2,0,0,0,1,0,2,192,80,128,0,64782,2300,3758,1,0,0,0,0,2,0,0,13,64,1,0,0,0,0,0,0,0,0,0,0,0,0,0,0,0,0,0,0,0,0,0,0,0,0,-1,0,0,0,0,-1,0,0,0,0,-1,0,0,0,0,-1,0,0,0,0,-1,0,0,0,0,-1,0,0,0,0,-1,0,0,0,0,-1,0,0,0,0,-1,0,0,0,0,-1,0,0,0,0,-1,0,0,0,0,-1,0,0,0,0,126,142,158,0,3,215,180
1988,1492,fd,1,164,80,0,4,4,2,1056,0,2,0,0,0,1,0,2,192,80,128,0,64781,2300,3757,1,0,0,0,0,2,0,0,12,64,1,0,0,0,0,0,0,0,0,0,0,0,0,0,0,0,0,0,0,0,0,0,0,0,0,-1,0,0,0,0,-1,0,0,0,0,-1,0,0,0,0,-1,0,0,0,0,-1,0,0,0,0,-1,0,0,0,0,-1,0,0,0,0,-1,0,0,0,0,-1,0,0,0,0,-1,0,0,0,0,-1,0,0,0,0,-1,0,0,0,0,125,141,157,0,3,216,180
1989,1493,fd,1,164,80,0,4,4,2,1056,0,2,0,0,0,1,0,2,192,80,128,0,64780,2300,3756,1,0,0,0,0,2,0,0,12,64,1,0,0,0,0,0,0,0,0,0,0,0,0,0,0,0,0,0,0,0,0,0,0,0,0,-1,0,0,0,0,-1,0,0,0,0,-1,0,0,0,0,-1,0,0,0,0,-1,0,0,0,0,-1,0,0,0,0,-1,0,0,0,0,-1,0,0,0,0,-1,0,0,0,0,-1,0,0,0,0,-1,0,0,0,0,-1,0,0,0,0,124,140,156,0,3,217,180
1990,1494,fd,1,164,80,0,4,4,2,1056,0,2,0,0,0,1,0,2,192,80,128,0,64779,2300,3755,1,0,0,0,0,2,0,0,12,64,1,0,0,0,0,0,0,0,0,0,0,0,0,0,0,0,0,0,0,0,0,0,0,0,0,-1,0,0,0,0,-1,0,0,0,0,-1,0,0,0,0,-1,0,0,0,0,-1,0,0,0,0,-1,0,0,0,0,-1,0,0,0,0,-1,0,0,0,0,-1,0,0,0,0,-1,0,0,0,0,-1,0,0,0,0,-1,0,0,0,0,123,139,155,0,3,218,180
1991,1495,fd,1,164,80,0,4,4,2,1056,0,2,0,0,0,1,0,2,192,80,128,0,64778,2300,3754,1,0,0,0,0,2,0,0,12,64,1,0,0,0,0,0,0,0,0,0,0,0,0,0,0,0,0,0,0,0,0,0,0,0,0,-1,0,0,0,0,-1,0,0,0,0,-1,0,0,0,0,-1,0,0,0,0,-1,0,0,0,0,-1,0,0,0,0,-1,0,0,0,0,-1,0,0,0,0,-1,0,0,0,0,-1,0,0,0,0,-1,0,0,0,0,-1,0,0,0,0,122,138,154,0,3,219,180
1992,1496,fd,1,164,80,0,4,4,2,1056,0,2,0,0,0,1,0,2,192,80,128,0,64777,2300,3753,1,0,0,0,0,2,0,0,11,64,1,0,0,0,0,0,0,0,0,0,0,0,0,0,0,0,0,0,0,0,0,0,0,0,0,-1,0,0,0,0,-1,0,0,0,0,-1,0,0,0,0,-1,0,0,0,0,-1,0,0,0,0,-1,0,0,0,0,-1,0,0,0,0,-1,0,0,0,0,-1,0,0,0,0,-1,0,0,0,0,-1,0,0,0,0,-1,0,0,0,0,121,137,153,0,3,220,180
1993,1497,fd,1,164,80,0,4,4,2,1056,0,2,0,0,0,1,0,2,192,80,128,0,64776,2300,3752,1,0,0,0,0,2,0,0,11,64,1,0,0,0,0,0,0,0,0,0,0,0,0,0,0,0,0,0,0,0,0,0,0,0,0,-1,0,0,0,0,-1,0,0,0,0,-1,0,0,0,0,-1,0,0,0,0,-1,0,0,0,0,-1,0,0,0,0,-1,0,0,0,0,-1,0,0,0,0,-1,0,0,0,0,-1,0,0,0,0,-1,0,0,0,0,-1,0,0,0,0,120,136,152,0,3,221,180
1994,1498,fd,1,164,80,0,4,4,2,1056,0,2,0,0,0,1,0,2,192,80,128,0,64775,2300,3751,1,0,0,0,0,2,0,0,11,64,1,1,0,0,192,240,128,0,0,0,0,0,0,0,0,0,0,0,0,0,0,0,0,0,0,-1,0,0,0,0,-1,0,0,0,0,-1,0,0,0,0,-1,0,0,0,0,-1,0,0,0,0,-1,0,0,0,0,-1,0,0,0,0,-1,0,0,0,0,-1,0,0,0,0,-1,0,0,0,0,-1,0,0,0,0,-1,0,0,0,0,119,135,151,0,3,222,180
1995,1499,fd,1,164,80,0,4,4,2,1056,0,2,0,0,0,1,0,2,192,80,128,0,64774,2300,3750,1,0,0,0,0,2,0,0,11,64,1,1,0,0,192,238,0,0,0,0,0,0,0,0,0,0,0,0,0,0,0,0,0,0,0,-1,0,0,0,0,-1,0,0,0,0,-1,0,0,0,0,-1,0,0,0,0,-1,0,0,0,0,-1,0,0,0,0,-1,0,0,0,0,-1,0,0,0,0,-1,0,0,0,0,-1,0,0,0,0,-1,0,0,0,0,-1,0,0,0,0,118,134,150,0,3,223,180
1996,1500,fd,1,164,80,0,4,4,2,1056,0,2,0,0,0,1,0,2,192,80,128,0,64773,2300,3749,1,0,0,0,0,2,0,0,10,64,1,1,0,0,192,237,128,0,0,0,0,0,0,0,0,0,0,0,0,0,0,0,0,0,0,-1,0,0,0,0,-1,0,0,0,0,-1,0,0,0,0,-1,0,0,0,0,-1,0,0,0,0,-1,0,0,0,0,-1,0,0,0,0,-1,0,0,0,0,-1,0,0,0,0,-1,0,0,0,0,-1,0,0,0,0,-1,0,0,0,0,117,133,149,0,3,224,180
1997,1501,fd,1,164,80,0,4,4,2,1056,0,2,0,0,0,1,0,2,192,80,128,0,64772,2300,3748,1,0,0,0,0,2,0,0,10,64,1,1,0,0,192,235,0,0,0,0,0,0,0,0,0,0,0,0,0,0,0,0,0,0,0,-1,0,0,0,0,-1,0,0,0,0,-1,0,0,0,0,-1,0,0,0,0,-1,0,0,0,0,-1,0,0,0,0,-1,0,0,0,0,-1,0,0,0,0,-1,0,0,0,0,-1,0,0,0,0,-1,0,0,0,0,-1,0,0,0,0,116,132,148,0,3,225,180
1998,1502,fd,1,164,80,0,4,4,2,1056,0,2,0,0,0,1,0,2,192,80,128,0,64771,2300,3747,1,0,0,0,0,2,0,0,10,64,1,1,0,0,192,234,128,0,0,0,0,0,0,0,0,0,0,0,0,0,0,0,0,0,0,-1,0,0,0,0,-1,0,0,0,0,-1,0,0,0,0,-1,0,0,0,0,-1,0,0,0,0,-1,0,0,0,0,-1,0,0,0,0,-1,0,0,0,0,-1,0,0,0,0,-1,0,0,0,0,-1,0,0,0,0,-1,0,0,0,0,115,131,147,0,3,226,180
1999,1503,fd,1,164,80,0,4,4,2,1056,0,2,0,0,0,1,0,2,192,80,128,0,64770,2300,3746,1,0,0,0,0,2,0,0,10,64,1,1,0,0,192,232,0,0,0,0,0,0,0,0,0,0,0,0,0,0,0,0,0,0,0,-1,0,0,0,0,-1,0,0,0,0,-1,0,0,0,0,-1,0,0,0,0,-1,0,0,0,0,-1,0,0,0,0,-1,0,0,0,0,-1,0,0,0,0,-1,0,0,0,0,-1,0,0,0,0,-1,0,0,0,0,-1,0,0,0,0,114,130,146,0,3,227,180
2000,1504,fd,1,164,80,0,4,4,2,1056,0,2,0,0,0,1,0,2,192,80,128,0,64769,2300,3745,1,0,0,0,0,2,0,0,9,64,1,1,0,0,192,231,128,0,0,0,0,0,0,0,0,0,0,0,0,0,0,0,0,0,0,-1,0,0,0,0,-1,0,0,0,0,-1,0,0,0,0,-1,0,0,0,0,-1,0,0,0,0,-1,0,0,0,0,-1,0,0,0,0,-1,0,0,0,0,-1,0,0,0,0,-1,0,0,0,0,-1,0,0,0,0,-1,0,0,0,0,113,129,145,0,3,228,180
2001,1505,fd,1,164,80,0,4,4,2,1056,0,2,0,0,0,1,0,2,192,80,128,0,64768,2300,3744,1,0,0,0,0,2,0,0,9,64,1,1,0,0,192,229,0,0,0,0,0,0,0,0,0,0,0,0,0,0,0,0,0,0,0,-1,0,0,0,0,-1,0,0,0,0,-1,0,0,0,0,-1,0,0,0,0,-1,0,0,0,0,-1,0,0,0,0,-1,0,0,0,0,-1,0,0,0,0,-1,0,0,0,0,-1,0,0,0,0,-1,0,0,0,0,-1,0,0,0,0,112,128,144,0,3,229,180
2002,1506,fd,1,164,80,0,4,4,2,1056,0,2,0,0,0,1,0,2,192,80,128,0,64767,2300,3743,1,0,0,0,0,2,0,0,9,64,1,1,0,0,192,228,128,0,0,0,0,0,0,0,0,0,0,0,0,0,0,0,0,0,0,-1,0,0,0,0,-1,0,0,0,0,-1,0,0,0,0,-1,0,0,0,0,-1,0,0,0,0,-1,0,0,0,0,-1,0,0,0,0,-1,0,0,0,0,-1,0,0,0,0,-1,0,0,0,0,-1,0,0,0,0,-1,0,0,0,0,111,127,143,0,3,230,180
2003,1507,fd,1,164,80,0,4,4,2,1056,0,2,0,0,0,1,0,2,192,80,128,0,64766,2300,3742,1,0,0,0,0,2,0,0,9,64,1,1,0,0,192,226,0,0,0,0,0,0,0,0,0,0,0,0,0,0,0,0,0,0,0,-1,0,0,0,0,-1,0,0,0,0,-1,0,0,0,0,-1,0,0,0,0,-1,0,0,0,0,-1,0,0,0,0,-1,0,0,0,0,-1,0,0,0,0,-1,0,0,0,0,-1,0,0,0,0,-1,0,0,0,0,-1,0,0,0,0,110,126,142,0,3,231,180
2004,1508,fd,1,164,80,0,4,4,2,1056,0,2,0,0,0,1,0,2,192,80,128,0,64765,2300,3741,1,0,0,0,0,2,0,0,8,64,1,1,0,0,192,225,128,0,0,0,0,0,0,0,0,0,0,0,0,0,0,0,0,0,0,-1,0,0,0,0,-1,0,0,0,0,-1,0,0,0,0,-1,0,0,0,0,-1,0,0,0,0,-1,0,0,0,0,-1,0,0,0,0,-1,0,0,0,0,-1,0,0,0,0,-1,0,0,0,0,-1,0,0,0,0,-1,0,0,0,0,109,125,141,0,3,232,180
2005,1509,fd,1,164,80,0,4,4,2,1056,0,2,0,0,0,1,0,2,192,80,128,0,64764,2300,3740,1,0,0,0,0,2,0,0,8,64,1,1,0,0,192,223,0,0,0,0,0,0,0,0,0,0,0,0,0,0,0,0,0,0,0,-1,0,0,0,0,-1,0,0,0,0,-1,0,0,0,0,-1,0,0,0,0,-1,0,0,0,0,-1,0,0,0,0,-1,0,0,0,0,-1,0,0,0,0,-1,0,0,0,0,-1,0,0,0,0,-1,0,0,0,0,-1,0,0,0,0,108,124,140,0,3,233,180
2006,1510,fd,1,164,80,0,4,4,2,1056,0,2,0,0,0,1,0,2,192,80,128,0,64763,2300,3739,1,0,0,0,0,2,0,0,8,64,1,1,0,0,192,222,128,0,0,0,0,0,0,0,0,0,0,0,0,0,0,0,0,0,0,-1,0,0,0,0,-1,0,0,0,0,-1,0,0,0,0,-1,0,0,0,0,-1,0,0,0,0,-1,0,0,0,0,-1,0,0,0,0,-1,0,0,0,0,-1,0,0,0,0,-1,0,0,0,0,-1,0,0,0,0,-1,0,0,0,0,107,123,139,0,3,234,180
2007,1511,fd,1,164,80,0,4,4,2,1056,0,2,0,0,0,1,0,2,192,80,128,0,64762,2300,3738,1,0,0,0,0,2,0,0,8,64,1,1,0,0,192,220,0,0,0,0,0,0,0,0,0,0,0,0,0,0,0,0,0,0,0,-1,0,0,0,0,-1,0,0,0,0,-1,0,0,0,0,-1,0,0,0,0,-1,0,0,0,0,-1,0,0,0,0,-1,0,0,0,0,-1,0,0,0,0,-1,0,0,0,0,-1,0,0,0,0,-1,0,0,0,0,-1,0,0,0,0,106,122,138,0,3,235,180
2008,1512,fd,1,164,80,0,4,4,2,1056,0,2,0,0,0,1,0,2,192,80,128,0,64761,2300,3737,1,0,0,0,0,2,0,0,7,64,1,1,0,0,192,219,128,0,0,0,0,0,0,0,0,0,0,0,0,0,0,0,0,0,0,-1,0,0,0,0,-1,0,0,0,0,-1,0,0,0,0,-1,0,0,0,0,-1,0,0,0,0,-1,0,0,0,0,-1,0,0,0,0,-1,0,0,0,0,-1,0,0,0,0,-1,0,0,0,0,-1,0,0,0,0,-1,0,0,0,0,105,121,137,0,3,236,180
2009,1513,fd,1,164,80,0,4,4,2,1056,0,2,0,0,0,1,0,2,192,80,128,0,64760,2300,3736,1,0,0,0,0,2,0,0,7,64,1,1,0,0,192,217,0,0,0,0,0,0,0,0,0,0,0,0,0,0,0,0,0,0,0,-1,0,0,0,0,-1,0,0,0,0,-1,0,0,0,0,-1,0,0,0,0,-1,0,0,0,0,-1,0,0,0,0,-1,0,0,0,0,-1,0,0,0,0,-1,0,0,0,0,-1,0,0,0,0,-1,0,0,0,0,-1,0,0,0,0,104,120,136,0,3,237,180
2010,1514,fd,1,164,80,0,4,4,2,1056,0,2,0,0,0,1,0,2,192,80,128,0,64759,2300,3735,1,0,0,0,0,2,0,0,7,64,1,1,0,0,192,216,128,0,0,0,0,0,0,0,0,0,0,0,0,0,0,0,0,0,0,-1,0,0,0,0,-1,0,0,0,0,-1,0,0,0,0,-1,0,0,0,0,-1,0,0,0,0,-1,0,0,0,0,-1,0,0,0,0,-1,0,0,0,0,-1,0,0,0,0,-1,0,0,0,0,-1,0,0,0,0,-1,0,0,0,0,103,119,135,0,3,238,180
2011,1515,fd,1,164,80,0,4,4,2,1056,0,2,0,0,0,1,0,2,192,80,128,0,64758,2300,3734,1,0,0,0,0,2,0,0,7,64,1,1,0,0,192,214,0,0,0,0,0,0,0,0,0,0,0,0,0,0,0,0,0,0,0,-1,0,0,0,0,-1,0,0,0,0,-1,0,0,0,0,-1,0,0,0,0,-1,0,0,0,0,-1,0,0,0,0,-1,0,0,0,0,-1,0,0,0,0,-1,0,0,0,0,-1,0,0,0,0,-1,0,0,0,0,-1,0,0,0,0,102,118,134,0,3,239,180
2012,1516,fd,1,164,80,0,4,4,2,1056,0,2,0,0,0,1,0,2,192,80,128,0,64757,2300,3733,1,0,0,0,0,2,0,0,6,64,1,1,0,0,192,213,128,0,0,0,0,0,0,0,0,0,0,0,0,0,0,0,0,0,0,-1,0,0,0,0,-1,0,0,0,0,-1,0,0,0,0,-1,0,0,0,0,-1,0,0,0,0,-1,0,0,0,0,-1,0,0,0,0,-1,0,0,0,0,-1,0,0,0,0,-1,0,0,0,0,-1,0,0,0,0,-1,0,0,0,0,101,117,133,0,3,240,180
2013,1517,fd,1,164,80,0,4,4,2,1056,0,2,0,0,0,1,0,2,192,80,128,0,64756,2300,3732,1,0,0,0,0,2,0,0,6,64,1,1,0,0,192,211,0,0,0,0,0,0,0,0,0,0,0,0,0,0,0,0,0,0,0,-1,0,0,0,0,-1,0,0,0,0,-1,0,0,0,0,-1,0,0,0,0,-1,0,0,0,0,-1,0,0,0,0,-1,0,0,0,0,-1,0,0,0,0,-1,0,0,0,0,-1,0,0,0,0,-1,0,0,0,0,-1,0,0,0,0,100,116,132,0,3,241,180
2014,1518,fd,1,164,80,0,4,4,2,1056,0,2,0,0,0,1,0,2,192,80,128,0,64755,2300,3731,1,0,0,0,0,2,0,0,6,64,1,1,0,0,192,210,128,0,0,0,0,0,0,0,0,0,0,0,0,0,0,0,0,0,0,-1,0,0,0,0,-1,0,0,0,0,-1,0,0,0,0,-1,0,0,0,0,-1,0,0,0,0,-1,0,0,0,0,-1,0,0,0,0,-1,0,0,0,0,-1,0,0,0,0,-1,0,0,0,0,-1,0,0,0,0,-1,0,0,0,0,99,115,131,0,3,242,180
2015,1519,fd,1,164,80,0,4,4,2,1056,0,2,0,0,0,1,0,2,192,80,128,0,64754,2300,3730,1,0,0,0,0,2,0,0,6,64,1,1,0,0,192,208,0,0,0,0,0,0,0,0,0,0,0,0,0,0,0,0,0,0,0,-1,0,0,0,0,-1,0,0,0,0,-1,0,0,0,0,-1,0,0,0,0,-1,0,0,0,0,-1,0,0,0,0,-1,0,0,0,0,-1,0,0,0,0,-1,0,0,0,0,-1,0,0,0,0,-1,0,0,0,0,-1,0,0,0,0,98,114,130,0,3,243,180
2016,1520,fd,1,164,80,0,4,4,2,1056,0,2,0,0,0,1,0,2,192,80,128,0,64753,2300,3729,1,0,0,0,0,2,0,0,5,64,1,1,0,0,192,207,128,0,0,0,0,0,0,0,0,0,0,0,0,0,0,0,0,0,0,-1,0,0,0,0,-1,0,0,0,0,-1,0,0,0,0,-1,0,0,0,0,-1,0,0,0,0,-1,0,0,0,0,-1,0,0,0,0,-1,0,0,0,0,-1,0,0,0,0,-1,0,0,0,0,-1,0,0,0,0,-1,0,0,0,0,97,113,129,0,3,244,180
2017,1521,fd,1,164,80,0,4,4,2,1056,0,2,0,0,0,1,0,2,192,80,128,0,64752,2300,3728,1,0,0,0,0,2,0,0,5,64,1,1,0,0,192,205,0,0,0,0,0,0,0,0,0,0,0,0,0,0,0,0,0,0,0,-1,0,0,0,0,-1,0,0,0,0,-1,0,0,0,0,-1,0,0,0,0,-1,0,0,0,0,-1,0,0,0,0,-1,0,0,0,0,-1,0,0,0,0,-1,0,0,0,0,-1,0,0,0,0,-1,0,0,0,0,-1,0,0,0,0,96,112,128,0,3,245,180
2018,1522,fd,1,164,80,0,4,4,2,1056,0,2,0,0,0,1,0,2,192,80,128,0,64751,2300,3727,1,0,0,0,0,2,0,0,5,64,1,1,0,0,192,204,128,0,0,0,0,0,0,0,0,0,0,0,0,0,0,0,0,0,0,-1,0,0,0,0,-1,0,0,0,0,-1,0,0,0,0,-1,0,0,0,0,-1,0,0,0,0,-1,0,0,0,0,-1,0,0,0,0,-1,0,0,0,0,-1,0,0,0,0,-1,0,0,0,0,-1,0,0,0,0,-1,0,0,0,0,95,111,127,0,3,246,180
2019,1523,fd,1,164,80,0,4,4,2,1056,0,2,0,0,0,1,0,2,192,80,128,0,64750,2300,3726,1,0,0,0,0,2,0,0,5,64,1,1,0,0,192,202,0,0,0,0,0,0,0,0,0,0,0,0,0,0,0,0,0,0,0,-1,0,0,0,0,-1,0,0,0,0,-1,0,0,0,0,-1,0,0,0,0,-1,0,0,0,0,-1,0,0,0,0,-1,0,0,0,0,-1,0,0,0,0,-1,0,0,0,0,-1,0,0,0,0,-1,0,0,0,0,-1,0,0,0,0,94,110,126,0,3,247,180
2020,1524,fd,1,164,80,0,4,4,2,1056,0,2,0,0,0,1,0,2,192,80,128,0,64749,2300,3725,1,0,0,0,0,2,0,0,4,64,1,1,0,0,192,201,128,0,0,0,0,0,0,0,0,0,0,0,0,0,0,0,0,0,0,-1,0,0,0,0,-1,0,0,0,0,-1,0,0,0,0,-1,0,0,0,0,-1,0,0,0,0,-1,0,0,0,0,-1,0,0,0,0,-1,0,0,0,0,-1,0,0,0,0,-1,0,0,0,0,-1,0,0,0,0,-1,0,0,0,0,93,109,125,0,3,248,180
2021,1525,fd,1,164,80,0,4,4,2,1056,0,2,0,0,0,1,0,2,192,80,128,0,64748,2300,3724,1,0,0,0,0,2,0,0,4,64,1,1,0,0,192,199,0,0,0,0,0,0,0,0,0,0,0,0,0,0,0,0,0,0,0,-1,0,0,0,0,-1,0,0,0,0,-1,0,0,0,0,-1,0,0,0,0,-1,0,0,0,0,-1,0,0,0,0,-1,0,0,0,0,-1,0,0,0,0,-1,0,0,0,0,-1,0,0,0,0,-1,0,0,0,0,-1,0,0,0,0,92,108,124,0,3,249,180
2022,1526,fd,1,164,80,0,4,4,2,1056,0,2,0,0,0,1,0,2,192,80,128,0,64747,2300,3723,1,0,0,0,0,2,0,0,4,64,1,1,0,0,192,198,128,0,0,0,0,0,0,0,0,0,0,0,0,0,0,0,0,0,0,-1,0,0,0,0,-1,0,0,0,0,-1,0,0,0,0,-1,0,0,0,0,-1,0,0,0,0,-1,0,0,0,0,-1,0,0,0,0,-1,0,0,0,0,-1,0,0,0,0,-1,0,0,0,0,-1,0,0,0,0,-1,0,0,0,0,91,107,123,0,3,250,180
2023,1527,fd,1,164,80,0,4,4,2,1056,0,2,0,0,0,1,0,2,192,80,128,0,64746,2300,3722,1,0,0,0,0,2,0,0,4,64,1,1,0,0,192,196,0,0,0,0,0,0,0,0,0,0,0,0,0,0,0,0,0,0,0,-1,0,0,0,0,-1,0,0,0,0,-1,0,0,0,0,-1,0,0,0,0,-1,0,0,0,0,-1,0,0,0,0,-1,0,0,0,0,-1,0,0,0,0,-1,0,0,0,0,-1,0,0,0,0,-1,0,0,0,0,-1,0,0,0,0,90,106,122,0,3,251,180
2024,1528,fd,1,164,80,0,4,4,2,1056,0,2,0,0,0,1,0,2,192,80,128,0,64745,2300,3721,1,0,0,0,0,2,0,0,3,64,1,1,0,0,192,195,128,0,0,0,0,0,0,0,0,0,0,0,0,0,0,0,0,0,0,-1,0,0,0,0,-1,0,0,0,0,-1,0,0,0,0,-1,0,0,0,0,-1,0,0,0,0,-1,0,0,0,0,-1,0,0,0,0,-1,0,0,0,0,-1,0,0,0,0,-1,0,0,0,0,-1,0,0,0,0,-1,0,0,0,0,89,105,121,0,3,252,180
2025,1529,fd,1,164,80,0,4,4,2,1056,0,2,0,0,0,1,0,2,192,80,128,0,64744,2300,3720,1,0,0,0,0,2,0,0,3,64,1,1,0,0,192,193,0,0,0,0,0,0,0,0,0,0,0,0,0,0,0,0,0,0,0,-1,0,0,0,0,-1,0,0,0,0,-1,0,0,0,0,-1,0,0,0,0,-1,0,0,0,0,-1,0,0,0,0,-1,0,0,0,0,-1,0,0,0,0,-1,0,0,0,0,-1,0,0,0,0,-1,0,0,0,0,-1,0,0,0,0,88,104,120,0,3,253,180
2026,1530,fd,1,164,80,0,4,4,2,1056,0,2,0,0,0,1,0,2,192,80,128,0,64743,2300,3719,1,0,0,0,0,2,0,0,3,64,1,1,0,0,192,192,128,0,0,0,0,0,0,0,0,0,0,0,0,0,0,0,0,0,0,-1,0,0,0,0,-1,0,0,0,0,-1,0,0,0,0,-1,0,0,0,0,-1,0,0,0,0,-1,0,0,0,0,-1,0,0,0,0,-1,0,0,0,0,-1,0,0,0,0,-1,0,0,0,0,-1,0,0,0,0,-1,0,0,0,0,87,103,119,0,3,254,180
2027,1531,fd,1,164,80,0,4,4,2,1056,0,2,0,0,0,1,0,2,192,80,128,0,64742,2300,3718,1,0,0,0,0,2,0,0,3,64,1,1,0,0,192,190,0,0,0,0,0,0,0,0,0,0,0,0,0,0,0,0,0,0,0,-1,0,0,0,0,-1,0,0,0,0,-1,0,0,0,0,-1,0,0,0,0,-1,0,0,0,0,-1,0,0,0,0,-1,0,0,0,0,-1,0,0,0,0,-1,0,0,0,0,-1,0,0,0,0,-1,0,0,0,0,-1,0,0,0,0,86,102,118,0,3,255,180
2028,1532,fd,1,164,80,0,4,4,2,1056,0,2,0,0,0,1,0,2,192,80,128,0,64741,2300,3717,1,0,0,0,0,2,0,0,2,64,1,1,0,0,192,189,128,0,0,0,0,0,0,0,0,0,0,0,0,0,0,0,0,0,0,-1,0,0,0,0,-1,0,0,0,0,-1,0,0,0,0,-1,0,0,0,0,-1,0,0,0,0,-1,0,0,0,0,-1,0,0,0,0,-1,0,0,0,0,-1,0,0,0,0,-1,0,0,0,0,-1,0,0,0,0,-1,0,0,0,0,85,101,117,0,3,0,180
2029,1533,fd,1,164,80,0,4,4,2,1056,0,2,0,0,0,1,0,2,192,80,128,0,64740,2300,3716,1,0,0,0,0,2,0,0,2,64,1,1,0,0,192,187,0,0,0,0,0,0,0,0,0,0,0,0,0,0,0,0,0,0,0,-1,0,0,0,0,-1,0,0,0,0,-1,0,0,0,0,-1,0,0,0,0,-1,0,0,0,0,-1,0,0,0,0,-1,0,0,0,0,-1,0,0,0,0,-1,0,0,0,0,-1,0,0,0,0,-1,0,0,0,0,-1,0,0,0,0,84,100,116,0,3,1,180
2030,1534,fd,1,164,80,0,4,4,2,1056,0,2,0,0,0,1,0,2,192,80,128,0,64739,2300,3715,1,0,0,0,0,2,0,0,2,64,1,1,0,0,192,186,128,0,0,0,0,0,0,0,0,0,0,0,0,0,0,0,0,0,0,-1,0,0,0,0,-1,0,0,0,0,-1,0,0,0,0,-1,0,0,0,0,-1,0,0,0,0,-1,0,0,0,0,-1,0,0,0,0,-1,0,0,0,0,-1,0,0,0,0,-1,0,0,0,0,-1,0,0,0,0,-1,0,0,0,0,83,99,115,0,3,2,180
2031,1535,fd,1,164,80,0,4,4,2,1056,0,2,0,0,0,1,0,2,192,80,128,0,64738,2300,3714,1,0,0,0,0,2,0,0,2,64,1,1,0,0,192,184,0,0,0,0,0,0,0,0,0,0,0,0,0,0,0,0,0,0,0,-1,0,0,0,0,-1,0,0,0,0,-1,0,0,0,0,-1,0,0,0,0,-1,0,0,0,0,-1,0,0,0,0,-1,0,0,0,0,-1,0,0,0,0,-1,0,0,0,0,-1,0,0,0,0,-1,0,0,0,0,-1,0,0,0,0,82,98,114,0,3,3,180
2032,1536,fd,1,164,80,0,4,4,2,1056,0,2,0,0,0,1,0,2,192,80,128,0,64737,2300,3713,1,0,0,0,0,2,0,0,1,64,1,1,0,0,192,183,128,0,0,0,0,0,0,0,0,0,0,0,0,0,0,0,0,0,0,-1,0,0,0,0,-1,0,0,0,0,-1,0,0,0,0,-1,0,0,0,0,-1,0,0,0,0,-1,0,0,0,0,-1,0,0,0,0,-1,0,0,0,0,-1,0,0,0,0,-1,0,0,0,0,-1,0,0,0,0,-1,0,0,0,0,81,97,113,0,3,4,180
2033,1537,fd,1,164,80,0,4,4,2,1056,0,2,0,0,0,1,0,2,192,80,128,0,64736,2300,3712,1,0,0,0,0,2,0,0,1,64,1,1,0,0,192,181,0,0,0,0,0,0,0,0,0,0,0,0,0,0,0,0,0,0,0,-1,0,0,0,0,-1,0,0,0,0,-1,0,0,0,0,-1,0,0,0,0,-1,0,0,0,0,-1,0,0,0,0,-1,0,0,0,0,-1,0,0,0,0,-1,0,0,0,0,-1,0,0,0,0,-1,0,0,0,0,-1,0,0,0,0,80,96,112,0,3,5,180
2034,1538,fd,1,164,80,0,4,4,2,1056,0,2,0,0,0,1,0,2,192,80,128,0,64735,2300,3711,1,0,0,0,0,2,0,0,1,64,1,1,0,0,192,180,128,0,0,0,0,0,0,0,0,0,0,0,0,0,0,0,0,0,0,-1,0,0,0,0,-1,0,0,0,0,-1,0,0,0,0,-1,0,0,0,0,-1,0,0,0,0,-1,0,0,0,0,-1,0,0,0,0,-1,0,0,0,0,-1,0,0,0,0,-1,0,0,0,0,-1,0,0,0,0,-1,0,0,0,0,79,95,111,0,3,6,180
2035,1539,fd,1,164,80,0,4,4,2,1056,0,2,0,0,0,1,0,2,192,80,128,0,64734,2300,3710,1,0,0,0,0,2,0,0,1,64,1,1,0,0,192,178,0,0,0,0,0,0,0,0,0,0,0,0,0,0,0,0,0,0,0,-1,0,0,0,0,-1,0,0,0,0,-1,0,0,0,0,-1,0,0,0,0,-1,0,0,0,0,-1,0,0,0,0,-1,0,0,0,0,-1,0,0,0,0,-1,0,0,0,0,-1,0,0,0,0,-1,0,0,0,0,-1,0,0,0,0,78,94,110,0,3,7,180
2036,1540,fd,1,164,80,0,4,4,2,1056,0,2,0,0,0,1,0,2,192,80,128,0,64733,2300,3709,1,0,0,0,0,2,0,0,0,64,1,1,0,0,192,177,128,0,0,0,0,0,0,0,0,0,0,0,0,0,0,0,0,0,0,-1,0,0,0,0,-1,0,0,0,0,-1,0,0,0,0,-1,0,0,0,0,-1,0,0,0,0,-1,0,0,0,0,-1,0,0,0,0,-1,0,0,0,0,-1,0,0,0,0,-1,0,0,0,0,-1,0,0,0,0,-1,0,0,0,0,77,93,109,0,3,8,180
2037,1541,fd,1,164,80,0,4,4,2,1056,0,2,0,0,0,1,0,2,192,80,128,0,64732,2300,3708,1,0,0,0,0,2,0,0,0,64,1,1,0,0,192,175,0,0,0,0,0,0,0,0,0,0,0,0,0,0,0,0,0,0,0,-1,0,0,0,0,-1,0,0,0,0,-1,0,0,0,0,-1,0,0,0,0,-1,0,0,0,0,-1,0,0,0,0,-1,0,0,0,0,-1,0,0,0,0,-1,0,0,0,0,-1,0,0,0,0,-1,0,0,0,0,-1,0,0,0,0,76,92,108,0,3,9,180
2038,1542,ed,1,160,80,1,4,4,2,1024,16,2,0,0,0,1,0,4,192,80,128,0,64731,2300,3707,1,0,0,0,0,2,1,0,0,64,1,1,0,0,192,174,128,0,0,0,0,0,0,0,0,0,0,0,0,0,0,0,0,0,0,-1,0,0,0,0,-1,0,0,0,0,-1,0,0,0,0,-1,0,0,0,0,-1,0,0,0,0,-1,0,0,0,0,-1,0,0,0,0,-1,0,0,0,0,-1,0,0,0,0,-1,0,0,0,0,-1,0,0,0,0,-1,0,0,0,0,75,91,107,0,3,10,180
2039,1543,fd,1,157,80,1,4,4,2,992,16,2,0,0,0,1,0,4,192,78,128,0,64730,2300,3706,1,0,0,0,0,2,0,0,0,64,1,1,0,0,192,172,0,0,0,0,0,0,0,0,0,0,0,0,0,0,0,0,0,0,0,-1,0,0,0,0,-1,0,0,0,0,-1,0,0,0,0,-1,0,0,0,0,-1,0,0,0,0,-1,0,0,0,0,-1,0,0,0,0,-1,0,0,0,0,-1,0,0,0,0,-1,0,0,0,0,-1,0,0,0,0,-1,0,0,0,0,74,90,106,0,3,11,180
2040,1544,fd,1,154,80,1,4,4,2,960,0,2,0,0,0,1,0,4,192,76,128,0,64729,2300,3705,1,0,0,0,0,2,0,0,0,64,1,1,0,0,192,171,128,0,0,0,0,0,0,0,0,0,0,0,0,0,0,0,0,0,0,-1,0,0,0,0,-1,0,0,0,0,-1,0,0,0,0,-1,0,0,0,0,-1,0,0,0,0,-1,0,0,0,0,-1,0,0,0,0,-1,0,0,0,0,-1,0,0,0,0,-1,0,0,0,0,-1,0,0,0,0,-1,0,0,0,0,73,89,105,0,3,12,180
2041,1545,fd,1,151,80,1,4,4,2,928,0,2,0,0,0,1,0,4,192,74,128,0,64728,2300,3704,1,0,0,0,0,2,0,0,0,64,1,1,0,0,192,169,0,0,0,0,0,0,0,0,0,0,0,0,0,0,0,0,0,0,0,-1,0,0,0,0,-1,0,0,0,0,-1,0,0,0,0,-1,0,0,0,0,-1,0,0,0,0,-1,0,0,0,0,-1,0,0,0,0,-1,0,0,0,0,-1,0,0,0,0,-1,0,0,0,0,-1,0,0,0,0,-1,0,0,0,0,72,88,104,0,3,13,180
2042,1546,fd,1,148,80,1,4,4,2,896,0,2,0,0,0,1,0,4,192,72,128,0,64727,2300,3703,1,0,0,0,0,2,0,0,0,64,1,1,0,0,192,168,128,0,0,0,0,0,0,0,0,0,0,0,0,0,0,0,0,0,0,-1,0,0,0,0,-1,0,0,0,0,-1,0,0,0,0,-1,0,0,0,0,-1,0,0,0,0,-1,0,0,0,0,-1,0,0,0,0,-1,0,0,0,0,-1,0,0,0,0,-1,0,0,0,0,-1,0,0,0,0,-1,0,0,0,0,71,87,103,0,3,14,180
2043,1547,fd,1,145,80,1,4,4,2,864,0,2,0,0,0,1,0,4,192,70,128,0,64726,2300,3702,1,0,0,0,0,2,0,0,0,64,1,1,0,0,192,166,0,0,0,0,0,0,0,0,0,0,0,0,0,0,0,0,0,0,0,-1,0,0,0,0,-1,0,0,0,0,-1,0,0,0,0,-1,0,0,0,0,-1,0,0,0,0,-1,0,0,0,0,-1,0,0,0,0,-1,0,0,0,0,-1,0,0,0,0,-1,0,0,0,0,-1,0,0,0,0,-1,0,0,0,0,70,86,102,0,3,15,180
2044,1548,fd,1,142,80,1,4,4,2,832,0,2,0,0,0,1,0,4,192,68,128,0,64725,2300,3701,1,0,0,0,0,2,0,0,0,64,1,1,0,0,192,165,128,0,0,0,0,0,0,0,0,0,0,0,0,0,0,0,0,0,0,-1,0,0,0,0,-1,0,0,0,0,-1,0,0,0,0,-1,0,0,0,0,-1,0,0,0,0,-1,0,0,0,0,-1,0,0,0,0,-1,0,0,0,0,-1,0,0,0,0,-1,0,0,0,0,-1,0,0,0,0,-1,0,0,0,0,69,85,101,0,3,16,180
2045,1549,fd,1,139,80,1,4,4,2,800,0,2,0,0,0,1,0,4,192,66,128,0,64724,2300,3700,1,0,0,0,0,2,0,0,0,64,1,1,0,0,192,163,0,0,0,0,0,0,0,0,0,0,0,0,0,0,0,0,0,0,0,-1,0,0,0,0,-1,0,0,0,0,-1,0,0,0,0,-1,0,0,0,0,-1,0,0,0,0,-1,0,0,0,0,-1,0,0,0,0,-1,0,0,0,0,-1,0,0,0,0,-1,0,0,0,0,-1,0,0,0,0,-1,0,0,0,0,68,84,100,0,3,17,180
2046,1550,fd,1,136,80,1,4,4,2,768,0,2,0,0,0,1,0,4,192,64,128,0,64723,2300,3699,1,0,0,0,0,2,0,0,0,64,1,1,0,0,192,162,128,0,0,0,0,0,0,0,0,0,0,0,0,0,0,0,0,0,0,-1,0,0,0,0,-1,0,0,0,0,-1,0,0,0,0,-1,0,0,0,0,-1,0,0,0,0,-1,0,0,0,0,-1,0,0,0,0,-1,0,0,0,0,-1,0,0,0,0,-1,0,0,0,0,-1,0,0,0,0,-1,0,0,0,0,67,83,99,0,3,18,180
2047,1551,fd,1,134,80,1,4,4,2,736,0,2,0,0,0,1,0,4,192,62,128,0,64722,2300,3698,1,0,0,0,0,2,0,0,0,64,1,1,0,0,192,160,0,0,0,0,0,0,0,0,0,0,0,0,0,0,0,0,0,0,0,-1,0,0,0,0,-1,0,0,0,0,-1,0,0,0,0,-1,0,0,0,0,-1,0,0,0,0,-1,0,0,0,0,-1,0,0,0,0,-1,0,0,0,0,-1,0,0,0,0,-1,0,0,0,0,-1,0,0,0,0,-1,0,0,0,0,66,82,98,0,3,19,180
2048,1552,fd,1,132,80,1,4,4,2,704,0,2,0,0,0,1,0,4,192,60,128,0,64721,2300,3697,1,0,0,0,0,2,0,0,0,64,1,1,0,0,192,159,128,0,0,0,0,0,0,0,0,0,0,0,0,0,0,0,0,0,0,-1,0,0,0,0,-1,0,0,0,0,-1,0,0,0,0,-1,0,0,0,0,-1,0,0,0,0,-1,0,0,0,0,-1,0,0,0,0,-1,0,0,0,0,-1,0,0,0,0,-1,0,0,0,0,-1,0,0,0,0,-1,0,0,0,0,65,81,97,0,3,20,180
2049,1553,fd,1,130,80,1,4,4,2,672,0,2,0,0,0,1,0,4,192,58,128,0,64720,2300,3696,1,0,0,0,0,2,0,0,0,64,1,1,0,0,192,157,0,0,0,0,0,0,0,0,0,0,0,0,0,0,0,0,0,0,0,-1,0,0,0,0,-1,0,0,0,0,-1,0,0,0,0,-1,0,0,0,0,-1,0,0,0,0,-1,0,0,0,0,-1,0,0,0,0,-1,0,0,0,0,-1,0,0,0,0,-1,0,0,0,0,-1,0,0,0,0,-1,0,0,0,0,64,80,96,0,3,21,180
2050,1554,fd,1,128,80,1,4,4,2,640,0,2,0,0,0,1,0,4,192,56,128,0,64719,2300,3695,1,0,0,0,0,2,0,0,0,64,1,1,0,0,192,156,128,0,0,0,0,0,0,0,0,0,0,0,0,0,0,0,0,0,0,-1,0,0,0,0,-1,0,0,0,0,-1,0,0,0,0,-1,0,0,0,0,-1,0,0,0,0,-1,0,0,0,0,-1,0,0,0,0,-1,0,0,0,0,-1,0,0,0,0,-1,0,0,0,0,-1,0,0,0,0,-1,0,0,0,0,63,79,95,0,3,22,180
2051,1555,fd,1,126,80,1,4,4,2,608,0,2,0,0,0,1,0,4,192,54,128,0,64718,2300,3694,1,0,0,0,0,2,0,0,0,64,1,1,0,0,192,154,0,0,0,0,0,0,0,0,0,0,0,0,0,0,0,0,0,0,0,-1,0,0,0,0,-1,0,0,0,0,-1,0,0,0,0,-1,0,0,0,0,-1,0,0,0,0,-1,0,0,0,0,-1,0,0,0,0,-1,0,0,0,0,-1,0,0,0,0,-1,0,0,0,0,-1,0,0,0,0,-1,0,0,0,0,62,78,94,0,3,23,180
2052,1556,fd,1,124,80,1,4,4,2,576,0,2,0,0,0,1,0,4,192,52,128,0,64717,2300,3693,1,0,0,0,0,2,0,0,0,64,1,1,0,0,192,153,128,0,0,0,0,0,0,0,0,0,0,0,0,0,0,0,0,0,0,-1,0,0,0,0,-1,0,0,0,0,-1,0,0,0,0,-1,0,0,0,0,-1,0,0,0,0,-1,0,0,0,0,-1,0,0,0,0,-1,0,0,0,0,-1,0,0,0,0,-1,0,0,0,0,-1,0,0,0,0,-1,0,0,0,0,61,77,93,0,3,24,180
2053,1557,fd,1,122,80,1,4,4,2,544,0,2,0,0,0,1,0,4,192,50,128,0,64716,2300,3692,1,0,0,0,0,2,0,0,0,64,1,1,0,0,192,151,0,0,0,0,0,0,0,0,0,0,0,0,0,0,0,0,0,0,0,-1,0,0,0,0,-1,0,0,0,0,-1,0,0,0,0,-1,0,0,0,0,-1,0,0,0,0,-1,0,0,0,0,-1,0,0,0,0,-1,0,0,0,0,-1,0,0,0,0,-1,0,0,0,0,-1,0,0,0,0,-1,0,0,0,0,60,76,92,0,3,25,180
2054,1558,fd,1,120,80,1,4,4,2,512,0,2,0,0,0,1,0,4,192,48,128,0,64715,2300,3691,1,0,0,0,0,2,0,0,0,64,1,1,0,0,192,150,128,0,0,0,0,0,0,0,0,0,0,0,0,0,0,0,0,0,0,-1,0,0,0,0,-1,0,0,0,0,-1,0,0,0,0,-1,0,0,0,0,-1,0,0,0,0,-1,0,0,0,0,-1,0,0,0,0,-1,0,0,0,0,-1,0,0,0,0,-1,0,0,0,0,-1,0,0,0,0,-1,0,0,0,0,59,75,91,0,3,26,180
2055,1559,fd,1,119,80,1,4,4,2,480,0,2,0,0,0,1,0,4,192,46,128,0,64714,2300,3690,1,0,0,0,0,2,0,0,0,64,1,1,0,0,192,148,0,0,0,0,0,0,0,0,0,0,0,0,0,0,0,0,0,0,0,-1,0,0,0,0,-1,0,0,0,0,-1,0,0,0,0,-1,0,0,0,0,-1,0,0,0,0,-1,0,0,0,0,-1,0,0,0,0,-1,0,0,0,0,-1,0,0,0,0,-1,0,0,0,0,-1,0,0,0,0,-1,0,0,0,0,58,74,90,0,3,27,180
2056,1560,fd,1,118,80,1,4,4,2,448,0,2,0,0,0,1,0,4,192,44,128,0,64713,2300,3689,1,0,0,0,0,2,0,0,0,64,1,1,0,0,192,147,128,0,0,0,0,0,0,0,0,0,0,0,0,0,0,0,0,0,0,-1,0,0,0,0,-1,0,0,0,0,-1,0,0,0,0,-1,0,0,0,0,-1,0,0,0,0,-1,0,0,0,0,-1,0,0,0,0,-1,0,0,0,0,-1,0,0,0,0,-1,0,0,0,0,-1,0,0,0,0,-1,0,0,0,0,57,73,89,0,3,28,180
2057,1561,fd,1,117,80,1,4,4,2,416,0,2,0,0,0,1,0,4,192,42,128,0,64712,2300,3688,1,0,0,0,0,2,0,0,0,64,1,1,0,0,192,145,0,0,0,0,0,0,0,0,0,0,0,0,0,0,0,0,0,0,0,-1,0,0,0,0,-1,0,0,0,0,-1,0,0,0,0,-1,0,0,0,0,-1,0,0,0,0,-1,0,0,0,0,-1,0,0,0,0,-1,0,0,0,0,-1,0,0,0,0,-1,0,0,0,0,-1,0,0,0,0,-1,0,0,0,0,56,72,88,0,3,29,180
2058,1562,fd,1,116,80,1,4,4,2,384,0,2,0,0,0,1,0,4,192,40,128,0,64711,2300,3687,1,0,0,0,0,2,0,0,0,64,1,1,0,0,192,144,128,0,0,0,0,0,0,0,0,0,0,0,0,0,0,0,0,0,0,-1,0,0,0,0,-1,0,0,0,0,-1,0,0,0,0,-1,0,0,0,0,-1,0,0,0,0,-1,0,0,0,0,-1,0,0,0,0,-1,0,0,0,0,-1,0,0,0,0,-1,0,0,0,0,-1,0,0,0,0,-1,0,0,0,0,55,71,87,0,3,30,180
2059,1563,fd,1,115,80,1,4,4,2,352,0,2,0,0,0,1,0,4,192,38,128,0,64710,2300,3686,1,0,0,0,0,2,0,0,0,64,1,1,0,0,192,142,0,0,0,0,0,0,0,0,0,0,0,0,0,0,0,0,0,0,0,-1,0,0,0,0,-1,0,0,0,0,-1,0,0,0,0,-1,0,0,0,0,-1,0,0,0,0,-1,0,0,0,0,-1,0,0,0,0,-1,0,0,0,0,-1,0,0,0,0,-1,0,0,0,0,-1,0,0,0,0,-1,0,0,0,0,54,70,86,0,3,31,180
2060,1564,fd,1,114,80,1,4,4,2,320,0,2,0,0,0,1,0,4,192,36,128,0,64709,2300,3685,1,0,0,0,0,2,0,0,0,64,1,1,0,0,192,141,128,0,0,0,0,0,0,0,0,0,0,0,0,0,0,0,0,0,0,-1,0,0,0,0,-1,0,0,0,0,-1,0,0,0,0,-1,0,0,0,0,-1,0,0,0,0,-1,0,0,0,0,-1,0,0,0,0,-1,0,0,0,0,-1,0,0,0,0,-1,0,0,0,0,-1,0,0,0,0,-1,0,0,0,0,53,69,85,0,3,32,180
2061,1565,fd,1,113,80,1,4,4,2,288,0,2,0,0,0,1,0,4,192,34,128,0,64708,2300,3684,1,0,0,0,0,2,0,0,0,64,1,1,0,0,192,139,0,0,0,0,0,0,0,0,0,0,0,0,0,0,0,0,0,0,0,-1,0,0,0,0,-1,0,0,0,0,-1,0,0,0,0,-1,0,0,0,0,-1,0,0,0,0,-1,0,0,0,0,-1,0,0,0,0,-1,0,0,0,0,-1,0,0,0,0,-1,0,0,0,0,-1,0,0,0,0,-1,0,0,0,0,52,68,84,0,3,33,180
2062,1566,fd,1,112,80,1,4,4,2,256,0,2,0,0,0,1,0,4,192,32,128,0,64707,2300,3683,1,0,0,0,0,2,0,0,0,64,1,1,0,0,192,138,128,0,0,0,0,0,0,0,0,0,0,0,0,0,0,0,0,0,0,-1,0,0,0,0,-1,0,0,0,0,-1,0,0,0,0,-1,0,0,0,0,-1,0,0,0,0,-1,0,0,0,0,-1,0,0,0,0,-1,0,0,0,0,-1,0,0,0,0,-1,0,0,0,0,-1,0,0,0,0,-1,0,0,0,0,51,67,83,0,3,34,180
2063,1567,fd,1,112,80,1,4,4,2,224,0,2,0,0,0,1,0,4,192,30,128,0,64706,2300,3682,1,0,0,0,0,2,0,0,0,64,1,1,0,0,192,136,0,0,0,0,0,0,0,0,0,0,0,0,0,0,0,0,0,0,0,-1,0,0,0,0,-1,0,0,0,0,-1,0,0,0,0,-1,0,0,0,0,-1,0,0,0,0,-1,0,0,0,0,-1,0,0,0,0,-1,0,0,0,0,-1,0,0,0,0,-1,0,0,0,0,-1,0,0,0,0,-1,0,0,0,0,50,66,82,0,3,35,180
2064,1568,fd,1,112,80,1,4,4,2,160,0,2,0,0,0,1,0,4,192,28,128,0,64705,2300,3681,1,0,0,0,0,2,0,0,0,64,1,1,0,0,192,135,128,0,0,0,0,0,0,0,0,0,0,0,0,0,0,0,0,0,0,-1,0,0,0,0,-1,0,0,0,0,-1,0,0,0,0,-1,0,0,0,0,-1,0,0,0,0,-1,0,0,0,0,-1,0,0,0,0,-1,0,0,0,0,-1,0,0,0,0,-1,0,0,0,0,-1,0,0,0,0,-1,0,0,0,0,49,65,81,0,3,36,180
2065,1569,fd,1,112,80,1,4,4,2,96,0,2,0,0,0,1,0,4,192,26,128,0,64704,2300,3680,1,0,0,0,0,2,0,0,0,64,1,1,0,0,192,133,0,0,0,0,0,0,0,0,0,0,0,0,0,0,0,0,0,0,0,-1,0,0,0,0,-1,0,0,0,0,-1,0,0,0,0,-1,0,0,0,0,-1,0,0,0,0,-1,0,0,0,0,-1,0,0,0,0,-1,0,0,0,0,-1,0,0,0,0,-1,0,0,0,0,-1,0,0,0,0,-1,0,0,0,0,48,64,80,0,3,37,180
2066,1570,fd,1,112,80,1,4,4,2,32,0,2,0,0,0,1,0,4,192,24,128,0,64703,2300,3679,1,0,0,0,0,2,0,0,0,64,1,1,0,0,192,132,128,1,0,0,192,240,128,0,0,0,0,0,0,0,0,0,0,0,0,-1,0,0,0,0,-1,0,0,0,0,-1,0,0,0,0,-1,0,0,0,0,-1,0,0,0,0,-1,0,0,0,0,-1,0,0,0,0,-1,0,0,0,0,-1,0,0,0,0,-1,0,0,0,0,-1,0,0,0,0,-1,0,0,0,0,47,63,79,0,3,38,180
2067,1571,fd,1,112,80,2,4,4,2,64,0,2,0,0,0,1,0,4,192,22,128,0,64702,2300,3678,1,0,0,0,0,2,0,0,0,64,1,1,0,0,192,130,0,1,0,0,192,238,0,0,0,0,0,0,0,0,0,0,0,0,0,-1,0,0,0,0,-1,0,0,0,0,-1,0,0,0,0,-1,0,0,0,0,-1,0,0,0,0,-1,0,0,0,0,-1,0,0,0,0,-1,0,0,0,0,-1,0,0,0,0,-1,0,0,0,0,-1,0,0,0,0,-1,0,0,0,0,46,62,78,0,3,39,180
2068,1572,fd,1,112,80,2,4,4,2,128,0,2,0,0,0,1,0,4,192,20,128,0,64701,2300,3677,1,0,0,0,0,2,0,0,0,64,1,1,0,0,192,129,128,1,0,0,192,237,128,0,0,0,0,0,0,0,0,0,0,0,0,-1,0,0,0,0,-1,0,0,0,0,-1,0,0,0,0,-1,0,0,0,0,-1,0,0,0,0,-1,0,0,0,0,-1,0,0,0,0,-1,0,0,0,0,-1,0,0,0,0,-1,0,0,0,0,-1,0,0,0,0,-1,0,0,0,0,45,61,77,0,3,40,180
2069,1573,fd,1,112,80,2,4,4,2,192,0,2,0,0,0,1,0,4,192,18,128,0,64700,2300,3676,1,0,0,0,0,2,0,0,0,64,1,1,0,0,192,127,0,1,0,0,192,235,0,0,0,0,0,0,0,0,0,0,0,0,0,-1,0,0,0,0,-1,0,0,0,0,-1,0,0,0,0,-1,0,0,0,0,-1,0,0,0,0,-1,0,0,0,0,-1,0,0,0,0,-1,0,0,0,0,-1,0,0,0,0,-1,0,0,0,0,-1,0,0,0,0,-1,0,0,0,0,44,60,76,0,3,41,180
2070,1574,fd,1,113,80,2,4,4,2,256,0,2,0,0,0,1,0,4,192,16,128,0,64699,2300,3675,1,0,0,0,0,2,0,0,0,64,1,1,0,0,192,126,128,1,0,0,192,234,128,0,0,0,0,0,0,0,0,0,0,0,0,-1,0,0,0,0,-1,0,0,0,0,-1,0,0,0,0,-1,0,0,0,0,-1,0,0,0,0,-1,0,0,0,0,-1,0,0,0,0,-1,0,0,0,0,-1,0,0,0,0,-1,0,0,0,0,-1,0,0,0,0,-1,0,0,0,0,43,59,75,0,3,42,180
2071,1575,fd,1,114,80,2,4,4,2,288,0,2,0,0,0,1,0,4,192,14,128,0,64698,2300,3674,1,0,0,0,0,2,0,0,0,64,1,1,0,0,192,124,0,1,0,0,192,232,0,0,0,0,0,0,0,0,0,0,0,0,0,-1,0,0,0,0,-1,0,0,0,0,-1,0,0,0,0,-1,0,0,0,0,-1,0,0,0,0,-1,0,0,0,0,-1,0,0,0,0,-1,0,0,0,0,-1,0,0,0,0,-1,0,0,0,0,-1,0,0,0,0,-1,0,0,0,0,42,58,74,0,3,43,180
2072,1576,fd,1,115,80,2,4,4,2,320,0,2,0,0,0,1,0,4,192,12,128,0,64697,2300,3673,1,0,0,0,0,2,0,0,0,64,1,1,0,0,192,123,128,1,0,0,192,231,128,0,0,0,0,0,0,0,0,0,0,0,0,-1,0,0,0,0,-1,0,0,0,0,-1,0,0,0,0,-1,0,0,0,0,-1,0,0,0,0,-1,0,0,0,0,-1,0,0,0,0,-1,0,0,0,0,-1,0,0,0,0,-1,0,0,0,0,-1,0,0,0,0,-1,0,0,0,0,41,57,73,0,3,44,180
2073,1577,fd,1,116,80,2,4,4,2,352,0,2,0,0,0,1,0,4,192,10,128,0,64696,2300,3672,1,0,0,0,0,2,0,0,0,64,1,1,0,0,192,121,0,1,0,0,192,229,0,0,0,0,0,0,0,0,0,0,0,0,0,-1,0,0,0,0,-1,0,0,0,0,-1,0,0,0,0,-1,0,0,0,0,-1,0,0,0,0,-1,0,0,0,0,-1,0,0,0,0,-1,0,0,0,0,-1,0,0,0,0,-1,0,0,0,0,-1,0,0,0,0,-1,0,0,0,0,40,56,72,0,3,45,180
2074,1578,fd,1,117,80,2,4,4,2,384,0,2,0,0,0,1,0,4,192,8,128,0,64695,2300,3671,1,0,0,0,0,2,0,0,0,64,1,1,0,0,192,120,128,1,0,0,192,228,128,0,0,0,0,0,0,0,0,0,0,0,0,-1,0,0,0,0,-1,0,0,0,0,-1,0,0,0,0,-1,0,0,0,0,-1,0,0,0,0,-1,0,0,0,0,-1,0,0,0,0,-1,0,0,0,0,-1,0,0,0,0,-1,0,0,0,0,-1,0,0,0,0,-1,0,0,0,0,39,55,71,0,3,46,180
2075,1579,fd,1,118,80,2,4,4,2,416,0,2,0,0,0,1,0,4,192,6,128,0,64694,2300,3670,1,0,0,0,0,2,0,0,0,64,1,1,0,0,192,118,0,1,0,0,192,226,0,0,0,0,0,0,0,0,0,0,0,0,0,-1,0,0,0,0,-1,0,0,0,0,-1,0,0,0,0,-1,0,0,0,0,-1,0,0,0,0,-1,0,0,0,0,-1,0,0,0,0,-1,0,0,0,0,-1,0,0,0,0,-1,0,0,0,0,-1,0,0,0,0,-1,0,0,0,0,38,54,70,0,3,47,180
2076,1580,fd,1,119,80,2,4,4,2,448,0,2,0,0,0,1,0,4,192,4,128,0,64693,2300,3669,1,0,0,0,0,2,0,0,0,64,1,1,0,0,192,117,128,1,0,0,192,225,128,0,0,0,0,0,0,0,0,0,0,0,0,-1,0,0,0,0,-1,0,0,0,0,-1,0,0,0,0,-1,0,0,0,0,-1,0,0,0,0,-1,0,0,0,0,-1,0,0,0,0,-1,0,0,0,0,-1,0,0,0,0,-1,0,0,0,0,-1,0,0,0,0,-1,0,0,0,0,37,53,69,0,3,48,180
2077,1581,fd,1,120,80,2,4,4,2,480,0,2,0,0,0,1,0,4,192,2,128,0,64692,2300,3668,1,0,0,0,0,2,0,0,0,64,1,1,0,0,192,115,0,1,0,0,192,223,0,0,0,0,0,0,0,0,0,0,0,0,0,-1,0,0,0,0,-1,0,0,0,0,-1,0,0,0,0,-1,0,0,0,0,-1,0,0,0,0,-1,0,0,0,0,-1,0,0,0,0,-1,0,0,0,0,-1,0,0,0,0,-1,0,0,0,0,-1,0,0,0,0,-1,0,0,0,0,36,52,68,0,3,49,180
2078,1582,fd,1,122,80,2,4,4,2,512,0,2,0,0,0,1,0,4,192,0,128,0,64691,2300,3667,1,0,0,0,0,2,0,0,0,64,1,1,0,0,192,114,128,1,0,0,192,222,128,0,0,0,0,0,0,0,0,0,0,0,0,-1,0,0,0,0,-1,0,0,0,0,-1,0,0,0,0,-1,0,0,0,0,-1,0,0,0,0,-1,0,0,0,0,-1,0,0,0,0,-1,0,0,0,0,-1,0,0,0,0,-1,0,0,0,0,-1,0,0,0,0,-1,0,0,0,0,35,51,67,0,3,50,180
2079,1583,fd,1,124,80,2,4,4,2,544,0,2,0,0,0,1,0,4,192,254,128,0,64690,2300,3666,1,0,0,0,0,2,0,0,0,64,1,1,0,0,192,112,0,1,0,0,192,220,0,0,0,0,0,0,0,0,0,0,0,0,0,-1,0,0,0,0,-1,0,0,0,0,-1,0,0,0,0,-1,0,0,0,0,-1,0,0,0,0,-1,0,0,0,0,-1,0,0,0,0,-1,0,0,0,0,-1,0,0,0,0,-1,0,0,0,0,-1,0,0,0,0,-1,0,0,0,0,34,50,66,0,3,51,180
2080,1584,fd,1,126,80,2,4,4,2,576,0,2,0,0,0,1,0,4,192,252,128,0,64689,2300,3665,1,0,0,0,0,2,0,0,0,64,1,1,0,0,192,111,128,1,0,0,192,219,128,0,0,0,0,0,0,0,0,0,0,0,0,-1,0,0,0,0,-1,0,0,0,0,-1,0,0,0,0,-1,0,0,0,0,-1,0,0,0,0,-1,0,0,0,0,-1,0,0,0,0,-1,0,0,0,0,-1,0,0,0,0,-1,0,0,0,0,-1,0,0,0,0,-1,0,0,0,0,33,49,65,0,3,52,180
2081,1585,fd,1,128,80,2,4,4,2,608,0,2,0,0,0,1,0,4,192,250,128,0,64688,2300,3664,1,0,0,0,0,2,0,0,0,64,1,1,0,0,192,109,0,1,0,0,192,217,0,0,0,0,0,0,0,0,0,0,0,0,0,-1,0,0,0,0,-1,0,0,0,0,-1,0,0,0,0,-1,0,0,0,0,-1,0,0,0,0,-1,0,0,0,0,-1,0,0,0,0,-1,0,0,0,0,-1,0,0,0,0,-1,0,0,0,0,-1,0,0,0,0,-1,0,0,0,0,32,48,64,0,3,53,180
2082,1586,fd,1,130,80,2,4,4,2,640,0,2,0,0,0,1,0,4,192,248,128,0,64687,2300,3663,1,0,0,0,0,2,0,0,0,64,1,1,0,0,192,108,128,1,0,0,192,216,128,0,0,0,0,0,0,0,0,0,0,0,0,-1,0,0,0,0,-1,0,0,0,0,-1,0,0,0,0,-1,0,0,0,0,-1,0,0,0,0,-1,0,0,0,0,-1,0,0,0,0,-1,0,0,0,0,-1,0,0,0,0,-1,0,0,0,0,-1,0,0,0,0,-1,0,0,0,0,31,47,63,0,3,54,180
2083,1587,fd,1,132,80,2,4,4,2,672,0,2,0,0,0,1,0,4,192,246,128,0,64686,2300,3662,1,0,0,0,0,2,0,0,0,64,1,1,0,0,192,106,0,1,0,0,192,214,0,0,0,0,0,0,0,0,0,0,0,0,0,-1,0,0,0,0,-1,0,0,0,0,-1,0,0,0,0,-1,0,0,0,0,-1,0,0,0,0,-1,0,0,0,0,-1,0,0,0,0,-1,0,0,0,0,-1,0,0,0,0,-1,0,0,0,0,-1,0,0,0,0,-1,0,0,0,0,30,46,62,0,3,55,180
2084,1588,fd,1,134,80,2,4,4,2,704,0,2,0,0,0,1,0,4,192,244,128,0,64685,2300,3661,1,0,0,0,0,2,0,0,0,64,1,1,0,0,192,105,128,1,0,0,192,213,128,0,0,0,0,0,0,0,0,0,0,0,0,-1,0,0,0,0,-1,0,0,0,0,-1,0,0,0,0,-1,0,0,0,0,-1,0,0,0,0,-1,0,0,0,0,-1,0,0,0,0,-1,0,0,0,0,-1,0,0,0,0,-1,0,0,0,0,-1,0,0,0,0,-1,0,0,0,0,29,45,61,0,3,56,180
2085,1589,fd,1,136,80,2,4,4,2,736,0,2,0,0,0,1,0,4,192,242,128,0,64684,2300,3660,1,0,0,0,0,2,0,0,0,64,1,1,0,0,192,103,0,1,0,0,192,211,0,0,0,0,0,0,0,0,0,0,0,0,0,-1,0,0,0,0,-1,0,0,0,0,-1,0,0,0,0,-1,0,0,0,0,-1,0,0,0,0,-1,0,0,0,0,-1,0,0,0,0,-1,0,0,0,0,-1,0,0,0,0,-1,0,0,0,0,-1,0,0,0,0,-1,0,0,0,0,28,44,60,0,3,57,180
2086,1590,fd,1,139,80,2,4,4,2,768,0,2,0,0,0,0,0,0,0,0,0,0,64683,2300,3659,1,0,0,0,0,2,0,0,0,64,1,1,0,0,192,102,128,1,0,0,192,210,128,0,0,0,0,0,0,0,0,0,0,0,0,-1,0,0,0,0,-1,0,0,0,0,-1,0,0,0,0,-1,0,0,0,0,-1,0,0,0,0,-1,0,0,0,0,-1,0,0,0,0,-1,0,0,0,0,-1,0,0,0,0,-1,0,0,0,0,-1,0,0,0,0,-1,0,0,0,0,27,43,59,0,3,58,180
2087,1591,fd,1,142,80,2,4,4,2,800,0,2,0,0,0,0,0,0,0,0,0,0,64682,2300,3658,1,0,0,0,0,2,0,0,0,64,1,1,0,0,192,100,0,1,0,0,192,208,0,0,0,0,0,0,0,0,0,0,0,0,0,-1,0,0,0,0,-1,0,0,0,0,-1,0,0,0,0,-1,0,0,0,0,-1,0,0,0,0,-1,0,0,0,0,-1,0,0,0,0,-1,0,0,0,0,-1,0,0,0,0,-1,0,0,0,0,-1,0,0,0,0,-1,0,0,0,0,26,42,58,0,3,59,180
2088,1592,fd,1,145,80,2,4,4,2,832,0,2,0,0,0,0,0,0,0,0,0,0,64681,2300,3657,1,0,0,0,0,2,0,0,0,64,1,1,0,0,192,99,128,1,0,0,192,207,128,0,0,0,0,0,0,0,0,0,0,0,0,-1,0,0,0,0,-1,0,0,0,0,-1,0,0,0,0,-1,0,0,0,0,-1,0,0,0,0,-1,0,0,0,0,-1,0,0,0,0,-1,0,0,0,0,-1,0,0,0,0,-1,0,0,0,0,-1,0,0,0,0,-1,0,0,0,0,25,41,57,0,3,60,180
2089,1593,fd,1,148,80,2,4,4,2,864,0,2,0,0,0,0,0,0,0,0,0,0,64680,2300,3656,1,0,0,0,0,2,0,0,0,64,1,1,0,0,192,97,0,1,0,0,192,205,0,0,0,0,0,0,0,0,0,0,0,0,0,-1,0,0,0,0,-1,0,0,0,0,-1,0,0,0,0,-1,0,0,0,0,-1,0,0,0,0,-1,0,0,0,0,-1,0,0,0,0,-1,0,0,0,0,-1,0,0,0,0,-1,0,0,0,0,-1,0,0,0,0,-1,0,0,0,0,24,40,56,0,3,61,180
2090,1594,fd,1,151,80,2,4,4,2,896,0,2,0,0,0,0,0,0,0,0,0,0,64679,2300,3655,1,0,0,0,0,2,0,0,0,64,1,1,0,0,192,96,128,1,0,0,192,204,128,0,0,0,0,0,0,0,0,0,0,0,0,-1,0,0,0,0,-1,0,0,0,0,-1,0,0,0,0,-1,0,0,0,0,-1,0,0,0,0,-1,0,0,0,0,-1,0,0,0,0,-1,0,0,0,0,-1,0,0,0,0,-1,0,0,0,0,-1,0,0,0,0,-1,0,0,0,0,23,39,55,0,3,62,180
2091,1595,fd,1,154,80,2,4,4,2,928,0,2,0,0,0,0,0,0,0,0,0,0,64678,2300,3654,1,0,0,0,0,2,0,0,0,64,1,1,0,0,192,94,0,1,0,0,192,202,0,0,0,0,0,0,0,0,0,0,0,0,0,-1,0,0,0,0,-1,0,0,0,0,-1,0,0,0,0,-1,0,0,0,0,-1,0,0,0,0,-1,0,0,0,0,-1,0,0,0,0,-1,0,0,0,0,-1,0,0,0,0,-1,0,0,0,0,-1,0,0,0,0,-1,0,0,0,0,22,38,54,0,3,63,180
2092,1596,fd,1,157,80,2,4,4,2,960,0,2,0,0,0,0,0,0,0,0,0,0,64677,2300,3653,1,0,0,0,0,2,0,0,0,64,1,1,0,0,192,93,128,1,0,0,192,201,128,0,0,0,0,0,0,0,0,0,0,0,0,-1,0,0,0,0,-1,0,0,0,0,-1,0,0,0,0,-1,0,0,0,0,-1,0,0,0,0,-1,0,0,0,0,-1,0,0,0,0,-1,0,0,0,0,-1,0,0,0,0,-1,0,0,0,0,-1,0,0,0,0,-1,0,0,0,0,21,37,53,0,3,64,180
2093,1597,fd,1,160,80,2,4,4,2,992,0,2,0,0,0,0,0,0,0,0,0,0,64676,2300,3652,1,0,0,0,0,2,0,0,0,64,1,1,0,0,192,91,0,1,0,0,192,199,0,0,0,0,0,0,0,0,0,0,0,0,0,-1,0,0,0,0,-1,0,0,0,0,-1,0,0,0,0,-1,0,0,0,0,-1,0,0,0,0,-1,0,0,0,0,-1,0,0,0,0,-1,0,0,0,0,-1,0,0,0,0,-1,0,0,0,0,-1,0,0,0,0,-1,0,0,0,0,20,36,52,0,3,65,180
2094,1598,fd,1,164,80,0,4,4,2,1056,0,2,0,0,0,1,0,2,192,89,128,1,64675,2400,3651,1,0,0,0,0,3,0,0,16,64,1,0,0,0,0,0,0,1,0,0,192,198,128,0,0,0,0,0,0,0,0,0,0,0,0,-1,0,0,0,0,-1,0,0,0,0,-1,0,0,0,0,-1,0,0,0,0,-1,0,0,0,0,-1,0,0,0,0,-1,0,0,0,0,-1,0,0,0,0,-1,0,0,0,0,-1,0,0,0,0,-1,0,0,0,0,-1,0,0,0,0,19,35,51,0,3,66,180
2095,1599,fd,1,164,80,0,4,4,2,1056,0,2,0,0,0,1,0,2,192,88,128,1,64674,2400,3650,1,0,0,0,0,3,0,0,16,64,1,0,0,0,0,0,0,1,0,0,192,196,0,0,0,0,0,0,0,0,0,0,0,0,0,-1,0,0,0,0,-1,0,0,0,0,-1,0,0,0,0,-1,0,0,0,0,-1,0,0,0,0,-1,0,0,0,0,-1,0,0,0,0,-1,0,0,0,0,-1,0,0,0,0,-1,0,0,0,0,-1,0,0,0,0,-1,0,0,0,0,18,34,50,0,3,67,180
2096,1600,fd,1,164,80,0,4,4,2,1056,0,2,0,0,0,1,0,2,192,87,128,1,64673,2400,3649,1,0,0,0,0,3,0,0,15,64,1,0,0,0,0,0,0,1,0,0,192,195,128,0,0,0,0,0,0,0,0,0,0,0,0,-1,0,0,0,0,-1,0,0,0,0,-1,0,0,0,0,-1,0,0,0,0,-1,0,0,0,0,-1,0,0,0,0,-1,0,0,0,0,-1,0,0,0,0,-1,0,0,0,0,-1,0,0,0,0,-1,0,0,0,0,-1,0,0,0,0,17,33,49,0,3,68,180
2097,1601,fd,1,164,80,0,4,4,2,1056,0,2,0,0,0,1,0,2,192,86,128,1,64672,2400,3648,1,0,0,0,0,3,0,0,15,64,1,0,0,0,0,0,0,1,0,0,192,193,0,0,0,0,0,0,0,0,0,0,0,0,0,-1,0,0,0,0,-1,0,0,0,0,-1,0,0,0,0,-1,0,0,0,0,-1,0,0,0,0,-1,0,0,0,0,-1,0,0,0,0,-1,0,0,0,0,-1,0,0,0,0,-1,0,0,0,0,-1,0,0,0,0,-1,0,0,0,0,16,32,48,0,3,69,180
2098,1602,fd,1,164,80,0,4,4,2,1056,0,2,0,0,0,1,0,2,192,85,128,1,64671,2400,3647,1,0,0,0,0,3,0,0,15,64,1,0,0,0,0,0,0,1,0,0,192,192,128,0,0,0,0,0,0,0,0,0,0,0,0,-1,0,0,0,0,-1,0,0,0,0,-1,0,0,0,0,-1,0,0,0,0,-1,0,0,0,0,-1,0,0,0,0,-1,0,0,0,0,-1,0,0,0,0,-1,0,0,0,0,-1,0,0,0,0,-1,0,0,0,0,-1,0,0,0,0,15,31,47,0,3,70,180
2099,1603,fd,1,164,80,0,4,4,2,1056,0,2,0,0,0,1,0,2,192,84,128,1,64670,2400,3646,1,0,0,0,0,3,0,0,15,64,1,0,0,0,0,0,0,1,0,0,192,190,0,0,0,0,0,0,0,0,0,0,0,0,0,-1,0,0,0,0,-1,0,0,0,0,-1,0,0,0,0,-1,0,0,0,0,-1,0,0,0,0,-1,0,0,0,0,-1,0,0,0,0,-1,0,0,0,0,-1,0,0,0,0,-1,0,0,0,0,-1,0,0,0,0,-1,0,0,0,0,14,30,46,0,3,71,180
2100,1604,fd,1,164,80,0,4,4,2,1056,0,2,0,0,0,1,0,2,192,83,128,1,64669,2400,3645,1,0,0,0,0,3,0,0,14,64,1,0,0,0,0,0,0,1,0,0,192,189,128,0,0,0,0,0,0,0,0,0,0,0,0,-1,0,0,0,0,-1,0,0,0,0,-1,0,0,0,0,-1,0,0,0,0,-1,0,0,0,0,-1,0,0,0,0,-1,0,0,0,0,-1,0,0,0,0,-1,0,0,0,0,-1,0,0,0,0,-1,0,0,0,0,-1,0,0,0,0,13,29,45,0,3,72,180
2101,1605,fd,1,164,80,0,4,4,2,1056,0,2,0,0,0,1,0,2,192,82,128,1,64668,2400,3644,1,0,0,0,0,3,0,0,14,64,1,0,0,0,0,0,0,1,0,0,192,187,0,0,0,0,0,0,0,0,0,0,0,0,0,-1,0,0,0,0,-1,0,0,0,0,-1,0,0,0,0,-1,0,0,0,0,-1,0,0,0,0,-1,0,0,0,0,-1,0,0,0,0,-1,0,0,0,0,-1,0,0,0,0,-1,0,0,0,0,-1,0,0,0,0,-1,0,0,0,0,12,28,44,0,3,73,180
2102,1606,fd,1,164,80,0,4,4,2,1056,0,2,0,0,0,1,0,2,192,81,128,1,64667,2400,3643,1,0,0,0,0,3,0,0,14,64,1,0,0,0,0,0,0,1,0,0,192,186,128,0,0,0,0,0,0,0,0,0,0,0,0,-1,0,0,0,0,-1,0,0,0,0,-1,0,0,0,0,-1,0,0,0,0,-1,0,0,0,0,-1,0,0,0,0,-1,0,0,0,0,-1,0,0,0,0,-1,0,0,0,0,-1,0,0,0,0,-1,0,0,0,0,-1,0,0,0,0,11,27,43,0,3,74,180
2103,1607,fd,1,164,80,0,4,4,2,1056,0,2,0,0,0,1,0,2,192,80,128,0,64666,2400,3642,1,0,0,0,0,3,0,0,14,64,1,0,0,0,0,0,0,1,0,0,192,184,0,0,0,0,0,0,0,0,0,0,0,0,0,-1,0,0,0,0,-1,0,0,0,0,-1,0,0,0,0,-1,0,0,0,0,-1,0,0,0,0,-1,0,0,0,0,-1,0,0,0,0,-1,0,0,0,0,-1,0,0,0,0,-1,0,0,0,0,-1,0,0,0,0,-1,0,0,0,0,10,26,42,0,3,75,180
2104,1608,fd,1,164,80,0,4,4,2,1056,0,2,0,0,0,1,0,2,192,80,128,0,64665,2400,3641,1,0,0,0,0,3,0,0,13,64,1,0,0,0,0,0,0,1,0,0,192,183,128,0,0,0,0,0,0,0,0,0,0,0,0,-1,0,0,0,0,-1,0,0,0,0,-1,0,0,0,0,-1,0,0,0,0,-1,0,0,0,0,-1,0,0,0,0,-1,0,0,0,0,-1,0,0,0,0,-1,0,0,0,0,-1,0,0,0,0,-1,0,0,0,0,-1,0,0,0,0,9,25,41,0,3,76,180
2105,1609,fd,1,164,80,0,4,4,2,1056,0,2,0,0,0,1,0,2,192,80,128,0,64664,2400,3640,1,0,0,0,0,3,0,0,13,64,1,0,0,0,0,0,0,1,0,0,192,181,0,0,0,0,0,0,0,0,0,0,0,0,0,-1,0,0,0,0,-1,0,0,0,0,-1,0,0,0,0,-1,0,0,0,0,-1,0,0,0,0,-1,0,0,0,0,-1,0,0,0,0,-1,0,0,0,0,-1,0,0,0,0,-1,0,0,0,0,-1,0,0,0,0,-1,0,0,0,0,8,24,40,0,3,77,180
2106,1610,fd,1,164,80,0,4,4,2,1056,0,2,0,0,0,1,0,2,192,80,128,0,64663,2400,3639,1,0,0,0,0,3,0,0,13,64,1,0,0,0,0,0,0,1,0,0,192,180,128,0,0,0,0,0,0,0,0,0,0,0,0,-1,0,0,0,0,-1,0,0,0,0,-1,0,0,0,0,-1,0,0,0,0,-1,0,0,0,0,-1,0,0,0,0,-1,0,0,0,0,-1,0,0,0,0,-1,0,0,0,0,-1,0,0,0,0,-1,0,0,0,0,-1,0,0,0,0,7,23,39,0,3,78,180
2107,1611,fd,1,164,80,0,4,4,2,1056,0,2,0,0,0,1,0,2,192,80,128,0,64662,2400,3638,1,0,0,0,0,3,0,0,13,64,1,0,0,0,0,0,0,1,0,0,192,178,0,0,0,0,0,0,0,0,0,0,0,0,0,-1,0,0,0,0,-1,0,0,0,0,-1,0,0,0,0,-1,0,0,0,0,-1,0,0,0,0,-1,0,0,0,0,-1,0,0,0,0,-1,0,0,0,0,-1,0,0,0,0,-1,0,0,0,0,-1,0,0,0,0,-1,0,0,0,0,6,22,38,0,3,79,180
2108,1612,fd,1,164,80,0,4,4,2,1056,0,2,0,0,0,1,0,2,192,80,128,0,64661,2400,3637,1,0,0,0,0,3,0,0,12,64,1,0,0,0,0,0,0,1,0,0,192,177,128,0,0,0,0,0,0,0,0,0,0,0,0,-1,0,0,0,0,-1,0,0,0,0,-1,0,0,0,0,-1,0,0,0,0,-1,0,0,0,0,-1,0,0,0,0,-1,0,0,0,0,-1,0,0,0,0,-1,0,0,0,0,-1,0,0,0,0,-1,0,0,0,0,-1,0,0,0,0,5,21,37,0,3,80,180
2109,1613,fd,1,164,80,0,4,4,2,1056,0,2,0,0,0,1,0,2,192,80,128,0,64660,2400,3636,1,0,0,0,0,3,0,0,12,64,1,0,0,0,0,0,0,1,0,0,192,175,0,0,0,0,0,0,0,0,0,0,0,0,0,-1,0,0,0,0,-1,0,0,0,0,-1,0,0,0,0,-1,0,0,0,0,-1,0,0,0,0,-1,0,0,0,0,-1,0,0,0,0,-1,0,0,0,0,-1,0,0,0,0,-1,0,0,0,0,-1,0,0,0,0,-1,0,0,0,0,4,20,36,0,3,81,180
2110,1614,ed,1,160,80,1,4,4,2,1024,16,2,0,0,0,1,0,4,192,80,128,0,64659,2400,3635,1,0,0,0,0,3,1,0,12,64,1,0,0,0,0,0,0,1,0,0,192,174,128,0,0,0,0,0,0,0,0,0,0,0,0,-1,0,0,0,0,-1,0,0,0,0,-1,0,0,0,0,-1,0,0,0,0,-1,0,0,0,0,-1,0,0,0,0,-1,0,0,0,0,-1,0,0,0,0,-1,0,0,0,0,-1,0,0,0,0,-1,0,0,0,0,-1,0,0,0,0,3,19,35,0,3,82,180
2111,1615,fd,1,157,80,1,4,4,2,992,16,2,0,0,0,1,0,4,192,78,128,0,64658,2400,3634,1,0,0,0,0,3,0,0,12,64,1,0,0,0,0,0,0,1,0,0,192,172,0,0,0,0,0,0,0,0,0,0,0,0,0,-1,0,0,0,0,-1,0,0,0,0,-1,0,0,0,0,-1,0,0,0,0,-1,0,0,0,0,-1,0,0,0,0,-1,0,0,0,0,-1,0,0,0,0,-1,0,0,0,0,-1,0,0,0,0,-1,0,0,0,0,-1,0,0,0,0,2,18,34,0,3,83,180
2112,1616,fd,1,154,80,1,4,4,2,960,0,2,0,0,0,1,0,4,192,76,128,0,64657,2400,3633,1,0,0,0,0,3,0,0,11,64,1,0,0,0,0,0,0,1,0,0,192,171,128,0,0,0,0,0,0,0,0,0,0,0,0,-1,0,0,0,0,-1,0,0,0,0,-1,0,0,0,0,-1,0,0,0,0,-1,0,0,0,0,-1,0,0,0,0,-1,0,0,0,0,-1,0,0,0,0,-1,0,0,0,0,-1,0,0,0,0,-1,0,0,0,0,-1,0,0,0,0,1,17,33,0,3,84,180
2113,1617,fd,1,151,80,1,4,4,2,928,0,2,0,0,0,1,0,4,192,74,128,0,64656,2400,3632,1,0,0,0,0,3,0,0,11,64,1,0,0,0,0,0,0,1,0,0,192,169,0,0,0,0,0,0,0,0,0,0,0,0,0,-1,0,0,0,0,-1,0,0,0,0,-1,0,0,0,0,-1,0,0,0,0,-1,0,0,0,0,-1,0,0,0,0,-1,0,0,0,0,-1,0,0,0,0,-1,0,0,0,0,-1,0,0,0,0,-1,0,0,0,0,-1,0,0,0,0,0,16,32,0,3,85,180
2114,1618,fd,1,148,80,1,4,4,2,896,0,2,0,0,0,1,0,4,192,72,128,0,64655,2400,3631,1,0,0,0,0,3,0,0,11,64,1,0,0,0,0,0,0,1,0,0,192,168,128,0,0,0,0,0,0,0,0,0,0,0,0,-1,0,0,0,0,-1,0,0,0,0,-1,0,0,0,0,-1,0,0,0,0,-1,0,0,0,0,-1,0,0,0,0,-1,0,0,0,0,-1,0,0,0,0,-1,0,0,0,0,-1,0,0,0,0,-1,0,0,0,0,-1,0,0,0,0,255,15,31,0,3,86,180
2115,1619,fd,1,145,80,1,4,4,2,864,0,2,0,0,0,1,0,4,192,70,128,0,64654,2400,3630,1,0,0,0,0,3,0,0,11,64,1,0,0,0,0,0,0,1,0,0,192,166,0,0,0,0,0,0,0,0,0,0,0,0,0,-1,0,0,0,0,-1,0,0,0,0,-1,0,0,0,0,-1,0,0,0,0,-1,0,0,0,0,-1,0,0,0,0,-1,0,0,0,0,-1,0,0,0,0,-1,0,0,0,0,-1,0,0,0,0,-1,0,0,0,0,-1,0,0,0,0,254,14,30,0,3,87,180
2116,1620,fd,1,142,80,1,4,4,2,832,0,2,0,0,0,1,0,4,192,68,128,0,64653,2400,3629,1,0,0,0,0,3,0,0,10,64,1,0,0,0,0,0,0,1,0,0,192,165,128,0,0,0,0,0,0,0,0,0,0,0,0,-1,0,0,0,0,-1,0,0,0,0,-1,0,0,0,0,-1,0,0,0,0,-1,0,0,0,0,-1,0,0,0,0,-1,0,0,0,0,-1,0,0,0,0,-1,0,0,0,0,-1,0,0,0,0,-1,0,0,0,0,-1,0,0,0,0,253,13,29,0,3,88,180
2117,1621,fd,1,139,80,1,4,4,2,800,0,2,0,0,0,1,0,4,192,66,128,0,64652,2400,3628,1,0,0,0,0,3,0,0,10,64,1,0,0,0,0,0,0,1,0,0,192,163,0,0,0,0,0,0,0,0,0,0,0,0,0,-1,0,0,0,0,-1,0,0,0,0,-1,0,0,0,0,-1,0,0,0,0,-1,0,0,0,0,-1,0,0,0,0,-1,0,0,0,0,-1,0,0,0,0,-1,0,0,0,0,-1,0,0,0,0,-1,0,0,0,0,-1,0,0,0,0,252,12,28,0,3,89,180
2118,1622,fd,1,136,80,1,4,4,2,768,0,2,0,0,0,1,0,4,192,64,128,0,64651,2400,3627,1,0,0,0,0,3,0,0,10,64,1,0,0,0,0,0,0,1,0,0,192,162,128,0,0,0,0,0,0,0,0,0,0,0,0,-1,0,0,0,0,-1,0,0,0,0,-1,0,0,0,0,-1,0,0,0,0,-1,0,0,0,0,-1,0,0,0,0,-1,0,0,0,0,-1,0,0,0,0,-1,0,0,0,0,-1,0,0,0,0,-1,0,0,0,0,-1,0,0,0,0,251,11,27,0,3,90,180
2119,1623,fd,1,134,80,1,4,4,2,736,0,2,0,0,0,1,0,4,192,62,128,0,64650,2400,3626,1,0,0,0,0,3,0,0,10,64,1,0,0,0,0,0,0,1,0,0,192,160,0,0,0,0,0,0,0,0,0,0,0,0,0,-1,0,0,0,0,-1,0,0,0,0,-1,0,0,0,0,-1,0,0,0,0,-1,0,0,0,0,-1,0,0,0,0,-1,0,0,0,0,-1,0,0,0,0,-1,0,0,0,0,-1,0,0,0,0,-1,0,0,0,0,-1,0,0,0,0,250,10,26,0,3,91,180
2120,1624,fd,1,132,80,1,4,4,2,704,0,2,0,0,0,1,0,4,192,60,128,0,64649,2400,3625,1,0,0,0,0,3,0,0,9,64,1,0,0,0,0,0,0,1,0,0,192,159,128,0,0,0,0,0,0,0,0,0,0,0,0,-1,0,0,0,0,-1,0,0,0,0,-1,0,0,0,0,-1,0,0,0,0,-1,0,0,0,0,-1,0,0,0,0,-1,0,0,0,0,-1,0,0,0,0,-1,0,0,0,0,-1,0,0,0,0,-1,0,0,0,0,-1,0,0,0,0,249,9,25,0,3,92,180
2121,1625,fd,1,130,80,1,4,4,2,672,0,2,0,0,0,1,0,4,192,58,128,0,64648,2400,3624,1,0,0,0,0,3,0,0,9,64,1,0,0,0,0,0,0,1,0,0,192,157,0,0,0,0,0,0,0,0,0,0,0,0,0,-1,0,0,0,0,-1,0,0,0,0,-1,0,0,0,0,-1,0,0,0,0,-1,0,0,0,0,-1,0,0,0,0,-1,0,0,0,0,-1,0,0,0,0,-1,0,0,0,0,-1,0,0,0,0,-1,0,0,0,0,-1,0,0,0,0,248,8,24,0,3,93,180
2122,1626,fd,1,128,80,1,4,4,2,640,0,2,0,0,0,1,0,4,192,56,128,0,64647,2400,3623,1,0,0,0,0,3,0,0,9,64,1,0,0,0,0,0,0,1,0,0,192,156,128,0,0,0,0,0,0,0,0,0,0,0,0,-1,0,0,0,0,-1,0,0,0,0,-1,0,0,0,0,-1,0,0,0,0,-1,0,0,0,0,-1,0,0,0,0,-1,0,0,0,0,-1,0,0,0,0,-1,0,0,0,0,-1,0,0,0,0,-1,0,0,0,0,-1,0,0,0,0,247,7,23,0,3,94,180
2123,1627,fd,1,126,80,1,4,4,2,608,0,2,0,0,0,1,0,4,192,54,128,0,64646,2400,3622,1,0,0,0,0,3,0,0,9,64,1,0,0,0,0,0,0,1,0,0,192,154,0,0,0,0,0,0,0,0,0,0,0,0,0,-1,0,0,0,0,-1,0,0,0,0,-1,0,0,0,0,-1,0,0,0,0,-1,0,0,0,0,-1,0,0,0,0,-1,0,0,0,0,-1,0,0,0,0,-1,0,0,0,0,-1,0,0,0,0,-1,0,0,0,0,-1,0,0,0,0,246,6,22,0,3,95,180
2124,1628,fd,1,124,80,1,4,4,2,576,0,2,0,0,0,1,0,4,192,52,128,0,64645,2400,3621,1,0,0,0,0,3,0,0,8,64,1,0,0,0,0,0,0,1,0,0,192,153,128,0,0,0,0,0,0,0,0,0,0,0,0,-1,0,0,0,0,-1,0,0,0,0,-1,0,0,0,0,-1,0,0,0,0,-1,0,0,0,0,-1,0,0,0,0,-1,0,0,0,0,-1,0,0,0,0,-1,0,0,0,0,-1,0,0,0,0,-1,0,0,0,0,-1,0,0,0,0,245,5,21,0,3,96,180
2125,1629,fd,1,122,80,1,4,4,2,544,0,2,0,0,0,1,0,4,192,50,128,0,64644,2400,3620,1,0,0,0,0,3,0,0,8,64,1,0,0,0,0,0,0,1,0,0,192,151,0,0,0,0,0,0,0,0,0,0,0,0,0,-1,0,0,0,0,-1,0,0,0,0,-1,0,0,0,0,-1,0,0,0,0,-1,0,0,0,0,-1,0,0,0,0,-1,0,0,0,0,-1,0,0,0,0,-1,0,0,0,0,-1,0,0,0,0,-1,0,0,0,0,-1,0,0,0,0,244,4,20,0,3,97,180
2126,1630,fd,1,120,80,1,4,4,2,512,0,2,0,0,0,1,0,4,192,48,128,0,64643,2400,3619,1,0,0,0,0,3,0,0,8,64,1,0,0,0,0,0,0,1,0,0,192,150,128,0,0,0,0,0,0,0,0,0,0,0,0,-1,0,0,0,0,-1,0,0,0,0,-1,0,0,0,0,-1,0,0,0,0,-1,0,0,0,0,-1,0,0,0,0,-1,0,0,0,0,-1,0,0,0,0,-1,0,0,0,0,-1,0,0,0,0,-1,0,0,0,0,-1,0,0,0,0,243,3,19,0,3,98,180
2127,1631,fd,1,119,80,1,4,4,2,480,0,2,0,0,0,1,0,4,192,46,128,0,64642,2400,3618,1,0,0,0,0,3,0,0,8,64,1,0,0,0,0,0,0,1,0,0,192,148,0,0,0,0,0,0,0,0,0,0,0,0,0,-1,0,0,0,0,-1,0,0,0,0,-1,0,0,0,0,-1,0,0,0,0,-1,0,0,0,0,-1,0,0,0,0,-1,0,0,0,0,-1,0,0,0,0,-1,0,0,0,0,-1,0,0,0,0,-1,0,0,0,0,-1,0,0,0,0,242,2,18,0,3,99,180
2128,1632,fd,1,118,80,1,4,4,2,448,0,2,0,0,0,1,0,4,192,44,128,0,64641,2400,3617,1,0,0,0,0,3,0,0,7,64,1,0,0,0,0,0,0,1,0,0,192,147,128,0,0,0,0,0,0,0,0,0,0,0,0,-1,0,0,0,0,-1,0,0,0,0,-1,0,0,0,0,-1,0,0,0,0,-1,0,0,0,0,-1,0,0,0,0,-1,0,0,0,0,-1,0,0,0,0,-1,0,0,0,0,-1,0,0,0,0,-1,0,0,0,0,-1,0,0,0,0,241,1,17,0,3,100,180
2129,1633,fd,1,117,80,1,4,4,2,416,0,2,0,0,0,1,0,4,192,42,128,0,64640,2400,3616,1,0,0,0,0,3,0,0,7,64,1,0,0,0,0,0,0,1,0,0,192,145,0,0,0,0,0,0,0,0,0,0,0,0,0,-1,0,0,0,0,-1,0,0,0,0,-1,0,0,0,0,-1,0,0,0,0,-1,0,0,0,0,-1,0,0,0,0,-1,0,0,0,0,-1,0,0,0,0,-1,0,0,0,0,-1,0,0,0,0,-1,0,0,0,0,-1,0,0,0,0,240,0,16,0,3,101,180
2130,1634,fd,1,116,80,1,4,4,2,384,0,2,0,0,0,1,0,4,192,40,128,0,64639,2400,3615,1,0,0,0,0,3,0,0,7,64,1,0,0,0,0,0,0,1,0,0,192,144,128,0,0,0,0,0,0,0,0,0,0,0,0,-1,0,0,0,0,-1,0,0,0,0,-1,0,0,0,0,-1,0,0,0,0,-1,0,0,0,0,-1,0,0,0,0,-1,0,0,0,0,-1,0,0,0,0,-1,0,0,0,0,-1,0,0,0,0,-1,0,0,0,0,-1,0,0,0,0,239,255,15,0,3,102,180
2131,1635,fd,1,115,80,1,4,4,2,352,0,2,0,0,0,1,0,4,192,38,128,0,64638,2400,3614,1,0,0,0,0,3,0,0,7,64,1,0,0,0,0,0,0,1,0,0,192,142,0,0,0,0,0,0,0,0,0,0,0,0,0,-1,0,0,0,0,-1,0,0,0,0,-1,0,0,0,0,-1,0,0,0,0,-1,0,0,0,0,-1,0,0,0,0,-1,0,0,0,0,-1,0,0,0,0,-1,0,0,0,0,-1,0,0,0,0,-1,0,0,0,0,-1,0,0,0,0,238,254,14,0,3,103,180
2132,1636,fd,1,114,80,1,4,4,2,320,0,2,0,0,0,1,0,4,192,36,128,0,64637,2400,3613,1,0,0,0,0,3,0,0,6,64,1,0,0,0,0,0,0,1,0,0,192,141,128,0,0,0,0,0,0,0,0,0,0,0,0,-1,0,0,0,0,-1,0,0,0,0,-1,0,0,0,0,-1,0,0,0,0,-1,0,0,0,0,-1,0,0,0,0,-1,0,0,0,0,-1,0,0,0,0,-1,0,0,0,0,-1,0,0,0,0,-1,0,0,0,0,-1,0,0,0,0,237,253,13,0,3,104,180
2133,1637,fd,1,113,80,1,4,4,2,288,0,2,0,0,0,1,0,4,192,34,128,0,64636,2400,3612,1,0,0,0,0,3,0,0,6,64,1,0,0,0,0,0,0,1,0,0,192,139,0,0,0,0,0,0,0,0,0,0,0,0,0,-1,0,0,0,0,-1,0,0,0,0,-1,0,0,0,0,-1,0,0,0,0,-1,0,0,0,0,-1,0,0,0,0,-1,0,0,0,0,-1,0,0,0,0,-1,0,0,0,0,-1,0,0,0,0,-1,0,0,0,0,-1,0,0,0,0,236,252,12,0,3,105,180
2134,1638,fd,1,112,80,1,4,4,2,256,0,2,0,0,0,1,0,4,192,32,128,0,64635,2400,3611,1,0,0,0,0,3,0,0,6,64,1,0,0,0,0,0,0,1,0,0,192,138,128,0,0,0,0,0,0,0,0,0,0,0,0,-1,0,0,0,0,-1,0,0,0,0,-1,0,0,0,0,-1,0,0,0,0,-1,0,0,0,0,-1,0,0,0,0,-1,0,0,0,0,-1,0,0,0,0,-1,0,0,0,0,-1,0,0,0,0,-1,0,0,0,0,-1,0,0,0,0,235,251,11,0,3,106,180
2135,1639,fd,1,112,80,1,4,4,2,224,0,2,0,0,0,1,0,4,192,30,128,0,64634,2400,3610,1,0,0,0,0,3,0,0,6,64,1,0,0,0,0,0,0,1,0,0,192,136,0,0,0,0,0,0,0,0,0,0,0,0,0,-1,0,0,0,0,-1,0,0,0,0,-1,0,0,0,0,-1,0,0,0,0,-1,0,0,0,0,-1,0,0,0,0,-1,0,0,0,0,-1,0,0,0,0,-1,0,0,0,0,-1,0,0,0,0,-1,0,0,0,0,-1,0,0,0,0,234,250,10,0,3,107,180
2136,1640,fd,1,112,80,1,4,4,2,160,0,2,0,0,0,1,0,4,192,28,128,0,64633,2400,3609,1,0,0,0,0,3,0,0,5,64,1,0,0,0,0,0,0,1,0,0,192,135,128,0,0,0,0,0,0,0,0,0,0,0,0,-1,0,0,0,0,-1,0,0,0,0,-1,0,0,0,0,-1,0,0,0,0,-1,0,0,0,0,-1,0,0,0,0,-1,0,0,0,0,-1,0,0,0,0,-1,0,0,0,0,-1,0,0,0,0,-1,0,0,0,0,-1,0,0,0,0,233,249,9,0,3,108,180
2137,1641,fd,1,112,80,1,4,4,2,96,0,2,0,0,0,1,0,4,192,26,128,0,64632,2400,3608,1,0,0,0,0,3,0,0,5,64,1,0,0,0,0,0,0,1,0,0,192,133,0,0,0,0,0,0,0,0,0,0,0,0,0,-1,0,0,0,0,-1,0,0,0,0,-1,0,0,0,0,-1,0,0,0,0,-1,0,0,0,0,-1,0,0,0,0,-1,0,0,0,0,-1,0,0,0,0,-1,0,0,0,0,-1,0,0,0,0,-1,0,0,0,0,-1,0,0,0,0,232,248,8,0,3,109,180
2138,1642,fd,1,112,80,1,4,4,2,32,0,2,0,0,0,1,0,4,192,24,128,0,64631,2400,3607,1,0,0,0,0,3,0,0,5,64,1,1,0,0,192,240,128,1,0,0,192,132,128,0,0,0,0,0,0,0,0,0,0,0,0,-1,0,0,0,0,-1,0,0,0,0,-1,0,0,0,0,-1,0,0,0,0,-1,0,0,0,0,-1,0,0,0,0,-1,0,0,0,0,-1,0,0,0,0,-1,0,0,0,0,-1,0,0,0,0,-1,0,0,0,0,-1,0,0,0,0,231,247,7,0,3,110,180
2139,1643,fd,1,112,80,2,4,4,2,64,0,2,0,0,0,1,0,4,192,22,128,0,64630,2400,3606,1,0,0,0,0,3,0,0,5,64,1,1,0,0,192,238,0,1,0,0,192,130,0,0,0,0,0,0,0,0,0,0,0,0,0,-1,0,0,0,0,-1,0,0,0,0,-1,0,0,0,0,-1,0,0,0,0,-1,0,0,0,0,-1,0,0,0,0,-1,0,0,0,0,-1,0,0,0,0,-1,0,0,0,0,-1,0,0,0,0,-1,0,0,0,0,-1,0,0,0,0,230,246,6,0,3,111,180
2140,1644,fd,1,112,80,2,4,4,2,128,0,2,0,0,0,1,0,4,192,20,128,0,64629,2400,3605,1,0,0,0,0,3,0,0,4,64,1,1,0,0,192,237,128,1,0,0,192,129,128,0,0,0,0,0,0,0,0,0,0,0,0,-1,0,0,0,0,-1,0,0,0,0,-1,0,0,0,0,-1,0,0,0,0,-1,0,0,0,0,-1,0,0,0,0,-1,0,0,0,0,-1,0,0,0,0,-1,0,0,0,0,-1,0,0,0,0,-1,0,0,0,0,-1,0,0,0,0,229,245,5,0,3,112,180
2141,1645,fd,1,112,80,2,4,4,2,192,0,2,0,0,0,1,0,4,192,18,128,0,64628,2400,3604,1,0,0,0,0,3,0,0,4,64,1,1,0,0,192,235,0,1,0,0,192,127,0,0,0,0,0,0,0,0,0,0,0,0,0,-1,0,0,0,0,-1,0,0,0,0,-1,0,0,0,0,-1,0,0,0,0,-1,0,0,0,0,-1,0,0,0,0,-1,0,0,0,0,-1,0,0,0,0,-1,0,0,0,0,-1,0,0,0,0,-1,0,0,0,0,-1,0,0,0,0,228,244,4,0,3,113,180
2142,1646,fd,1,113,80,2,4,4,2,256,0,2,0,0,0,1,0,4,192,16,128,0,64627,2400,3603,1,0,0,0,0,3,0,0,4,64,1,1,0,0,192,234,128,1,0,0,192,126,128,0,0,0,0,0,0,0,0,0,0,0,0,-1,0,0,0,0,-1,0,0,0,0,-1,0,0,0,0,-1,0,0,0,0,-1,0,0,0,0,-1,0,0,0,0,-1,0,0,0,0,-1,0,0,0,0,-1,0,0,0,0,-1,0,0,0,0,-1,0,0,0,0,-1,0,0,0,0,227,243,3,0,3,114,180
2143,1647,fd,1,114,80,2,4,4,2,288,0,2,0,0,0,1,0,4,192,14,128,0,64626,2400,3602,1,0,0,0,0,3,0,0,4,64,1,1,0,0,192,232,0,1,0,0,192,124,0,0,0,0,0,0,0,0,0,0,0,0,0,-1,0,0,0,0,-1,0,0,0,0,-1,0,0,0,0,-1,0,0,0,0,-1,0,0,0,0,-1,0,0,0,0,-1,0,0,0,0,-1,0,0,0,0,-1,0,0,0,0,-1,0,0,0,0,-1,0,0,0,0,-1,0,0,0,0,226,242,2,0,3,115,180
2144,1648,fd,1,115,80,2,4,4,2,320,0,2,0,0,0,1,0,4,192,12,128,0,64625,2400,3601,1,0,0,0,0,3,0,0,3,64,1,1,0,0,192,231,128,1,0,0,192,123,128,0,0,0,0,0,0,0,0,0,0,0,0,-1,0,0,0,0,-1,0,0,0,0,-1,0,0,0,0,-1,0,0,0,0,-1,0,0,0,0,-1,0,0,0,0,-1,0,0,0,0,-1,0,0,0,0,-1,0,0,0,0,-1,0,0,0,0,-1,0,0,0,0,-1,0,0,0,0,225,241,1,0,3,116,180
2145,1649,fd,1,116,80,2,4,4,2,352,0,2,0,0,0,1,0,4,192,10,128,0,64624,2400,3600,1,0,0,0,0,3,0,0,3,64,1,1,0,0,192,229,0,1,0,0,192,121,0,0,0,0,0,0,0,0,0,0,0,0,0,-1,0,0,0,0,-1,0,0,0,0,-1,0,0,0,0,-1,0,0,0,0,-1,0,0,0,0,-1,0,0,0,0,-1,0,0,0,0,-1,0,0,0,0,-1,0,0,0,0,-1,0,0,0,0,-1,0,0,0,0,-1,0,0,0,0,224,240,0,0,3,117,180
2146,1650,fd,1,117,80,2,4,4,2,384,0,2,0,0,0,1,0,4,192,8,128,0,64623,2400,3599,1,0,0,0,0,3,0,0,3,64,1,1,0,0,192,228,128,1,0,0,192,120,128,0,0,0,0,0,0,0,0,0,0,0,0,-1,0,0,0,0,-1,0,0,0,0,-1,0,0,0,0,-1,0,0,0,0,-1,0,0,0,0,-1,0,0,0,0,-1,0,0,0,0,-1,0,0,0,0,-1,0,0,0,0,-1,0,0,0,0,-1,0,0,0,0,-1,0,0,0,0,223,239,255,0,3,118,180
2147,1651,fd,1,118,80,2,4,4,2,416,0,2,0,0,0,1,0,4,192,6,128,0,64622,2400,3598,1,0,0,0,0,3,0,0,3,64,1,1,0,0,192,226,0,1,0,0,192,118,0,0,0,0,0,0,0,0,0,0,0,0,0,-1,0,0,0,0,-1,0,0,0,0,-1,0,0,0,0,-1,0,0,0,0,-1,0,0,0,0,-1,0,0,0,0,-1,0,0,0,0,-1,0,0,0,0,-1,0,0,0,0,-1,0,0,0,0,-1,0,0,0,0,-1,0,0,0,0,222,238,254,0,3,119,180
2148,1652,fd,1,119,80,2,4,4,2,448,0,2,0,0,0,1,0,4,192,4,128,0,64621,2400,3597,1,0,0,0,0,3,0,0,2,64,1,1,0,0,192,225,128,1,0,0,192,117,128,0,0,0,0,0,0,0,0,0,0,0,0,-1,0,0,0,0,-1,0,0,0,0,-1,0,0,0,0,-1,0,0,0,0,-1,0,0,0,0,-1,0,0,0,0,-1,0,0,0,0,-1,0,0,0,0,-1,0,0,0,0,-1,0,0,0,0,-1,0,0,0,0,-1,0,0,0,0,221,237,253,0,3,120,180
2149,1653,fd,1,120,80,2,4,4,2,480,0,2,0,0,0,1,0,4,192,2,128,0,64620,2400,3596,1,0,0,0,0,3,0,0,2,64,1,1,0,0,192,223,0,1,0,0,192,115,0,0,0,0,0,0,0,0,0,0,0,0,0,-1,0,0,0,0,-1,0,0,0,0,-1,0,0,0,0,-1,0,0,0,0,-1,0,0,0,0,-1,0,0,0,0,-1,0,0,0,0,-1,0,0,0,0,-1,0,0,0,0,-1,0,0,0,0,-1,0,0,0,0,-1,0,0,0,0,220,236,252,0,3,121,180
2150,1654,fd,1,122,80,2,4,4,2,512,0,2,0,0,0,1,0,4,192,0,128,0,64619,2400,3595,1,0,0,0,0,3,0,0,2,64,1,1,0,0,192,222,128,1,0,0,192,114,128,0,0,0,0,0,0,0,0,0,0,0,0,-1,0,0,0,0,-1,0,0,0,0,-1,0,0,0,0,-1,0,0,0,0,-1,0,0,0,0,-1,0,0,0,0,-1,0,0,0,0,-1,0,0,0,0,-1,0,0,0,0,-1,0,0,0,0,-1,0,0,0,0,-1,0,0,0,0,219,235,251,0,3,122,180
2151,1655,fd,1,124,80,2,4,4,2,544,0,2,0,0,0,1,0,4,192,254,128,0,64618,2400,3594,1,0,0,0,0,3,0,0,2,64,1,1,0,0,192,220,0,1,0,0,192,112,0,0,0,0,0,0,0,0,0,0,0,0,0,-1,0,0,0,0,-1,0,0,0,0,-1,0,0,0,0,-1,0,0,0,0,-1,0,0,0,0,-1,0,0,0,0,-1,0,0,0,0,-1,0,0,0,0,-1,0,0,0,0,-1,0,0,0,0,-1,0,0,0,0,-1,0,0,0,0,218,234,250,0,3,123,180
2152,1656,fd,1,126,80,2,4,4,2,576,0,2,0,0,0,1,0,4,192,252,128,0,64617,2400,3593,1,0,0,0,0,3,0,0,1,64,1,1,0,0,192,219,128,1,0,0,192,111,128,0,0,0,0,0,0,0,0,0,0,0,0,-1,0,0,0,0,-1,0,0,0,0,-1,0,0,0,0,-1,0,0,0,0,-1,0,0,0,0,-1,0,0,0,0,-1,0,0,0,0,-1,0,0,0,0,-1,0,0,0,0,-1,0,0,0,0,-1,0,0,0,0,-1,0,0,0,0,217,233,249,0,3,124,180
2153,1657,fd,1,128,80,2,4,4,2,608,0,2,0,0,0,1,0,4,192,250,128,0,64616,2400,3592,1,0,0,0,0,3,0,0,1,64,1,1,0,0,192,217,0,1,0,0,192,109,0,0,0,0,0,0,0,0,0,0,0,0,0,-1,0,0,0,0,-1,0,0,0,0,-1,0,0,0,0,-1,0,0,0,0,-1,0,0,0,0,-1,0,0,0,0,-1,0,0,0,0,-1,0,0,0,0,-1,0,0,0,0,-1,0,0,0,0,-1,0,0,0,0,-1,0,0,0,0,216,232,248,0,3,125,180
2154,1658,fd,1,130,80,2,4,4,2,640,0,2,0,0,0,1,0,4,192,248,128,0,64615,2400,3591,1,0,0,0,0,3,0,0,1,64,1,1,0,0,192,216,128,1,0,0,192,108,128,0,0,0,0,0,0,0,0,0,0,0,0,-1,0,0,0,0,-1,0,0,0,0,-1,0,0,0,0,-1,0,0,0,0,-1,0,0,0,0,-1,0,0,0,0,-1,0,0,0,0,-1,0,0,0,0,-1,0,0,0,0,-1,0,0,0,0,-1,0,0,0,0,-1,0,0,0,0,215,231,247,0,3,126,180
2155,1659,fd,1,132,80,2,4,4,2,672,0,2,0,0,0,1,0,4,192,246,128,0,64614,2400,3590,1,0,0,0,0,3,0,0,1,64,1,1,0,0,192,214,0,1,0,0,192,106,0,0,0,0,0,0,0,0,0,0,0,0,0,-1,0,0,0,0,-1,0,0,0,0,-1,0,0,0,0,-1,0,0,0,0,-1,0,0,0,0,-1,0,0,0,0,-1,0,0,0,0,-1,0,0,0,0,-1,0,0,0,0,-1,0,0,0,0,-1,0,0,0,0,-1,0,0,0,0,214,230,246,0,3,127,180
2156,1660,fd,1,134,80,2,4,4,2,704,0,2,0,0,0,1,0,4,192,244,128,0,64613,2400,3589,1,0,0,0,0,3,0,0,0,64,1,1,0,0,192,213,128,1,0,0,192,105,128,0,0,0,0,0,0,0,0,0,0,0,0,-1,0,0,0,0,-1,0,0,0,0,-1,0,0,0,0,-1,0,0,0,0,-1,0,0,0,0,-1,0,0,0,0,-1,0,0,0,0,-1,0,0,0,0,-1,0,0,0,0,-1,0,0,0,0,-1,0,0,0,0,-1,0,0,0,0,213,229,245,0,3,128,180
2157,1661,fd,1,136,80,2,4,4,2,736,0,2,0,0,0,1,0,4,192,242,128,0,64612,2400,3588,1,0,0,0,0,3,0,0,0,64,1,1,0,0,192,211,0,1,0,0,192,103,0,0,0,0,0,0,0,0,0,0,0,0,0,-1,0,0,0,0,-1,0,0,0,0,-1,0,0,0,0,-1,0,0,0,0,-1,0,0,0,0,-1,0,0,0,0,-1,0,0,0,0,-1,0,0,0,0,-1,0,0,0,0,-1,0,0,0,0,-1,0,0,0,0,-1,0,0,0,0,212,228,244,0,3,129,180
2158,1662,fd,1,139,80,2,4,4,2,768,0,2,0,0,0,0,0,0,0,0,0,0,64611,2400,3587,1,0,0,0,0,3,0,0,0,64,1,1,0,0,192,210,128,1,0,0,192,102,128,0,0,0,0,0,0,0,0,0,0,0,0,-1,0,0,0,0,-1,0,0,0,0,-1,0,0,0,0,-1,0,0,0,0,-1,0,0,0,0,-1,0,0,0,0,-1,0,0,0,0,-1,0,0,0,0,-1,0,0,0,0,-1,0,0,0,0,-1,0,0,0,0,-1,0,0,0,0,211,227,243,0,3,130,180
2159,1663,fd,1,142,80,2,4,4,2,800,0,2,0,0,0,0,0,0,0,0,0,0,64610,2400,3586,1,0,0,0,0,3,0,0,0,64,1,1,0,0,192,208,0,1,0,0,192,100,0,0,0,0,0,0,0,0,0,0,0,0,0,-1,0,0,0,0,-1,0,0,0,0,-1,0,0,0,0,-1,0,0,0,0,-1,0,0,0,0,-1,0,0,0,0,-1,0,0,0,0,-1,0,0,0,0,-1,0,0,0,0,-1,0,0,0,0,-1,0,0,0,0,-1,0,0,0,0,210,226,242,0,3,131,180
2160,1664,fd,1,145,80,2,4,4,2,832,0,2,0,0,0,0,0,0,0,0,0,0,64609,2400,3585,1,0,0,0,0,3,0,0,0,64,1,1,0,0,192,207,128,1,0,0,192,99,128,0,0,0,0,0,0,0,0,0,0,0,0,-1,0,0,0,0,-1,0,0,0,0,-1,0,0,0,0,-1,0,0,0,0,-1,0,0,0,0,-1,0,0,0,0,-1,0,0,0,0,-1,0,0,0,0,-1,0,0,0,0,-1,0,0,0,0,-1,0,0,0,0,-1,0,0,0,0,209,225,241,0,3,132,180
2161,1665,fd,1,148,80,2,4,4,2,864,0,2,0,0,0,0,0,0,0,0,0,0,64608,2400,3584,1,0,0,0,0,3,0,0,0,64,1,1,0,0,192,205,0,1,0,0,192,97,0,0,0,0,0,0,0,0,0,0,0,0,0,-1,0,0,0,0,-1,0,0,0,0,-1,0,0,0,0,-1,0,0,0,0,-1,0,0,0,0,-1,0,0,0,0,-1,0,0,0,0,-1,0,0,0,0,-1,0,0,0,0,-1,0,0,0,0,-1,0,0,0,0,-1,0,0,0,0,208,224,240,0,3,133,180
2162,1666,fd,1,151,80,2,4,4,2,896,0,2,0,0,0,0,0,0,0,0,0,0,64607,2400,3583,1,0,0,0,0,3,0,0,0,64,1,1,0,0,192,204,128,1,0,0,192,96,128,0,0,0,0,0,0,0,0,0,0,0,0,-1,0,0,0,0,-1,0,0,0,0,-1,0,0,0,0,-1,0,0,0,0,-1,0,0,0,0,-1,0,0,0,0,-1,0,0,0,0,-1,0,0,0,0,-1,0,0,0,0,-1,0,0,0,0,-1,0,0,0,0,-1,0,0,0,0,207,223,239,0,3,134,180
2163,1667,fd,1,154,80,2,4,4,2,928,0,2,0,0,0,0,0,0,0,0,0,0,64606,2400,3582,1,0,0,0,0,3,0,0,0,64,1,1,0,0,192,202,0,1,0,0,192,94,0,0,0,0,0,0,0,0,0,0,0,0,0,-1,0,0,0,0,-1,0,0,0,0,-1,0,0,0,0,-1,0,0,0,0,-1,0,0,0,0,-1,0,0,0,0,-1,0,0,0,0,-1,0,0,0,0,-1,0,0,0,0,-1,0,0,0,0,-1,0,0,0,0,-1,0,0,0,0,206,222,238,0,3,135,180
2164,1668,fd,1,157,80,2,4,4,2,960,0,2,0,0,0,0,0,0,0,0,0,0,64605,2400,3581,1,0,0,0,0,3,0,0,0,64,1,1,0,0,192,201,128,1,0,0,192,93,128,0,0,0,0,0,0,0,0,0,0,0,0,-1,0,0,0,0,-1,0,0,0,0,-1,0,0,0,0,-1,0,0,0,0,-1,0,0,0,0,-1,0,0,0,0,-1,0,0,0,0,-1,0,0,0,0,-1,0,0,0,0,-1,0,0,0,0,-1,0,0,0,0,-1,0,0,0,0,205,221,237,0,3,136,180
2165,1669,fd,1,160,80,2,4,4,2,992,0,2,0,0,0,0,0,0,0,0,0,0,64604,2400,3580,1,0,0,0,0,3,0,0,0,64,1,1,0,0,192,199,0,1,0,0,192,91,0,0,0,0,0,0,0,0,0,0,0,0,0,-1,0,0,0,0,-1,0,0,0,0,-1,0,0,0,0,-1,0,0,0,0,-1,0,0,0,0,-1,0,0,0,0,-1,0,0,0,0,-1,0,0,0,0,-1,0,0,0,0,-1,0,0,0,0,-1,0,0,0,0,-1,0,0,0,0,204,220,236,0,3,137,180
2166,1670,fd,1,164,80,0,4,4,2,1056,0,2,0,0,0,1,0,2,192,89,128,1,64603,2500,3579,1,0,0,0,0,4,0,0,16,64,1,1,0,0,192,198,128,0,0,0,0,0,0,0,0,0,0,0,0,0,0,0,0,0,0,-1,0,0,0,0,-1,0,0,0,0,-1,0,0,0,0,-1,0,0,0,0,-1,0,0,0,0,-1,0,0,0,0,-1,0,0,0,0,-1,0,0,0,0,-1,0,0,0,0,-1,0,0,0,0,-1,0,0,0,0,-1,0,0,0,0,203,219,235,0,3,138,180
2167,1671,fd,1,164,80,0,4,4,2,1056,0,2,0,0,0,1,0,2,192,88,128,1,64602,2500,3578,1,0,0,0,0,4,0,0,16,64,1,1,0,0,192,196,0,0,0,0,0,0,0,0,0,0,0,0,0,0,0,0,0,0,0,-1,0,0,0,0,-1,0,0,0,0,-1,0,0,0,0,-1,0,0,0,0,-1,0,0,0,0,-1,0,0,0,0,-1,0,0,0,0,-1,0,0,0,0,-1,0,0,0,0,-1,0,0,0,0,-1,0,0,0,0,-1,0,0,0,0,202,218,234,0,3,139,180
2168,1672,fd,1,164,80,0,4,4,2,1056,0,2,0,0,0,1,0,2,192,87,128,1,64601,2500,3577,1,0,0,0,0,4,0,0,15,64,1,1,0,0,192,195,128,0,0,0,0,0,0,0,0,0,0,0,0,0,0,0,0,0,0,-1,0,0,0,0,-1,0,0,0,0,-1,0,0,0,0,-1,0,0,0,0,-1,0,0,0,0,-1,0,0,0,0,-1,0,0,0,0,-1,0,0,0,0,-1,0,0,0,0,-1,0,0,0,0,-1,0,0,0,0,-1,0,0,0,0,201,217,233,0,3,140,180
2169,1673,fd,1,164,80,0,4,4,2,1056,0,2,0,0,0,1,0,2,192,86,128,1,64600,2500,3576,1,0,0,0,0,4,0,0,15,64,1,1,0,0,192,193,0,0,0,0,0,0,0,0,0,0,0,0,0,0,0,0,0,0,0,-1,0,0,0,0,-1,0,0,0,0,-1,0,0,0,0,-1,0,0,0,0,-1,0,0,0,0,-1,0,0,0,0,-1,0,0,0,0,-1,0,0,0,0,-1,0,0,0,0,-1,0,0,0,0,-1,0,0,0,0,-1,0,0,0,0,200,216,232,0,3,141,180
2170,1674,fd,1,164,80,0,4,4,2,1056,0,2,0,0,0,1,0,2,192,85,128,1,64599,2500,3575,1,0,0,0,0,4,0,0,15,64,1,1,0,0,192,192,128,0,0,0,0,0,0,0,0,0,0,0,0,0,0,0,0,0,0,-1,0,0,0,0,-1,0,0,0,0,-1,0,0,0,0,-1,0,0,0,0,-1,0,0,0,0,-1,0,0,0,0,-1,0,0,0,0,-1,0,0,0,0,-1,0,0,0,0,-1,0,0,0,0,-1,0,0,0,0,-1,0,0,0,0,199,215,231,0,3,142,180
2171,1675,fd,1,164,80,0,4,4,2,1056,0,2,0,0,0,1,0,2,192,84,128,1,64598,2500,3574,1,0,0,0,0,4,0,0,15,64,1,1,0,0,192,190,0,0,0,0,0,0,0,0,0,0,0,0,0,0,0,0,0,0,0,-1,0,0,0,0,-1,0,0,0,0,-1,0,0,0,0,-1,0,0,0,0,-1,0,0,0,0,-1,0,0,0,0,-1,0,0,0,0,-1,0,0,0,0,-1,0,0,0,0,-1,0,0,0,0,-1,0,0,0,0,-1,0,0,0,0,198,214,230,0,3,143,180
2172,1676,fd,1,164,80,0,4,4,2,1056,0,2,0,0,0,1,0,2,192,83,128,1,64597,2500,3573,1,0,0,0,0,4,0,0,14,64,1,1,0,0,192,189,128,0,0,0,0,0,0,0,0,0,0,0,0,0,0,0,0,0,0,-1,0,0,0,0,-1,0,0,0,0,-1,0,0,0,0,-1,0,0,0,0,-1,0,0,0,0,-1,0,0,0,0,-1,0,0,0,0,-1,0,0,0,0,-1,0,0,0,0,-1,0,0,0,0,-1,0,0,0,0,-1,0,0,0,0,197,213,229,0,3,144,180
2173,1677,fd,1,164,80,0,4,4,2,1056,0,2,0,0,0,1,0,2,192,82,128,1,64596,2500,3572,1,0,0,0,0,4,0,0,14,64,1,1,0,0,192,187,0,0,0,0,0,0,0,0,0,0,0,0,0,0,0,0,0,0,0,-1,0,0,0,0,-1,0,0,0,0,-1,0,0,0,0,-1,0,0,0,0,-1,0,0,0,0,-1,0,0,0,0,-1,0,0,0,0,-1,0,0,0,0,-1,0,0,0,0,-1,0,0,0,0,-1,0,0,0,0,-1,0,0,0,0,196,212,228,0,3,145,180
2174,1678,fd,1,164,80,0,4,4,2,1056,0,2,0,0,0,1,0,2,192,81,128,1,64595,2500,3571,1,0,0,0,0,4,0,0,14,64,1,1,0,0,192,186,128,0,0,0,0,0,0,0,0,0,0,0,0,0,0,0,0,0,0,-1,0,0,0,0,-1,0,0,0,0,-1,0,0,0,0,-1,0,0,0,0,-1,0,0,0,0,-1,0,0,0,0,-1,0,0,0,0,-1,0,0,0,0,-1,0,0,0,0,-1,0,0,0,0,-1,0,0,0,0,-1,0,0,0,0,195,211,227,0,3,146,180
2175,1679,fd,1,164,80,0,4,4,2,1056,0,2,0,0,0,1,0,2,192,80,128,0,64594,2500,3570,1,0,0,0,0,4,0,0,14,64,1,1,0,0,192,184,0,0,0,0,0,0,0,0,0,0,0,0,0,0,0,0,0,0,0,-1,0,0,0,0,-1,0,0,0,0,-1,0,0,0,0,-1,0,0,0,0,-1,0,0,0,0,-1,0,0,0,0,-1,0,0,0,0,-1,0,0,0,0,-1,0,0,0,0,-1,0,0,0,0,-1,0,0,0,0,-1,0,0,0,0,194,210,226,0,3,147,180
2176,1680,fd,1,164,80,0,4,4,2,1056,0,2,0,0,0,1,0,2,192,80,128,0,64593,2500,3569,1,0,0,0,0,4,0,0,13,64,1,1,0,0,192,183,128,0,0,0,0,0,0,0,0,0,0,0,0,0,0,0,0,0,0,-1,0,0,0,0,-1,0,0,0,0,-1,0,0,0,0,-1,0,0,0,0,-1,0,0,0,0,-1,0,0,0,0,-1,0,0,0,0,-1,0,0,0,0,-1,0,0,0,0,-1,0,0,0,0,-1,0,0,0,0,-1,0,0,0,0,193,209,225,0,3,148,180
2177,1681,fd,1,164,80,0,4,4,2,1056,0,2,0,0,0,1,0,2,192,80,128,0,64592,2500,3568,1,0,0,0,0,4,0,0,13,64,1,1,0,0,192,181,0,0,0,0,0,0,0,0,0,0,0,0,0,0,0,0,0,0,0,-1,0,0,0,0,-1,0,0,0,0,-1,0,0,0,0,-1,0,0,0,0,-1,0,0,0,0,-1,0,0,0,0,-1,0,0,0,0,-1,0,0,0,0,-1,0,0,0,0,-1,0,0,0,0,-1,0,0,0,0,-1,0,0,0,0,192,208,224,0,3,149,180
2178,1682,fd,1,164,80,0,4,4,2,1056,0,2,0,0,0,1,0,2,192,80,128,0,64591,2500,3567,1,0,0,0,0,4,0,0,13,64,1,1,0,0,192,180,128,0,0,0,0,0,0,0,0,0,0,0,0,0,0,0,0,0,0,-1,0,0,0,0,-1,0,0,0,0,-1,0,0,0,0,-1,0,0,0,0,-1,0,0,0,0,-1,0,0,0,0,-1,0,0,0,0,-1,0,0,0,0,-1,0,0,0,0,-1,0,0,0,0,-1,0,0,0,0,-1,0,0,0,0,191,207,223,0,3,150,180
2179,1683,fd,1,164,80,0,4,4,2,1056,0,2,0,0,0,1,0,2,192,80,128,0,64590,2500,3566,1,0,0,0,0,4,0,0,13,64,1,1,0,0,192,178,0,0,0,0,0,0,0,0,0,0,0,0,0,0,0,0,0,0,0,-1,0,0,0,0,-1,0,0,0,0,-1,0,0,0,0,-1,0,0,0,0,-1,0,0,0,0,-1,0,0,0,0,-1,0,0,0,0,-1,0,0,0,0,-1,0,0,0,0,-1,0,0,0,0,-1,0,0,0,0,-1,0,0,0,0,190,206,222,0,3,151,180
2180,1684,fd,1,164,80,0,4,4,2,1056,0,2,0,0,0,1,0,2,192,80,128,0,64589,2500,3565,1,0,0,0,0,4,0,0,12,64,1,1,0,0,192,177,128,0,0,0,0,0,0,0,0,0,0,0,0,0,0,0,0,0,0,-1,0,0,0,0,-1,0,0,0,0,-1,0,0,0,0,-1,0,0,0,0,-1,0,0,0,0,-1,0,0,0,0,-1,0,0,0,0,-1,0,0,0,0,-1,0,0,0,0,-1,0,0,0,0,-1,0,0,0,0,-1,0,0,0,0,189,205,221,0,3,152,180
2181,1685,fd,1,164,80,0,4,4,2,1056,0,2,0,0,0,1,0,2,192,80,128,0,64588,2500,3564,1,0,0,0,0,4,0,0,12,64,1,1,0,0,192,175,0,0,0,0,0,0,0,0,0,0,0,0,0,0,0,0,0,0,0,-1,0,0,0,0,-1,0,0,0,0,-1,0,0,0,0,-1,0,0,0,0,-1,0,0,0,0,-1,0,0,0,0,-1,0,0,0,0,-1,0,0,0,0,-1,0,0,0,0,-1,0,0,0,0,-1,0,0,0,0,-1,0,0,0,0,188,204,220,0,3,153,180
2182,1686,ed,1,160,80,1,4,4,2,1024,16,2,0,0,0,1,0,4,192,80,128,0,64587,2500,3563,1,0,0,0,0,4,1,0,12,64,1,1,0,0,192,174,128,0,0,0,0,0,0,0,0,0,0,0,0,0,0,0,0,0,0,-1,0,0,0,0,-1,0,0,0,0,-1,0,0,0,0,-1,0,0,0,0,-1,0,0,0,0,-1,0,0,0,0,-1,0,0,0,0,-1,0,0,0,0,-1,0,0,0,0,-1,0,0,0,0,-1,0,0,0,0,-1,0,0,0,0,187,203,219,0,3,154,180
2183,1687,fd,1,157,80,1,4,4,2,992,16,2,0,0,0,1,0,4,192,78,128,0,64586,2500,3562,1,0,0,0,0,4,0,0,12,64,1,1,0,0,192,172,0,0,0,0,0,0,0,0,0,0,0,0,0,0,0,0,0,0,0,-1,0,0,0,0,-1,0,0,0,0,-1,0,0,0,0,-1,0,0,0,0,-1,0,0,0,0,-1,0,0,0,0,-1,0,0,0,0,-1,0,0,0,0,-1,0,0,0,0,-1,0,0,0,0,-1,0,0,0,0,-1,0,0,0,0,186,202,218,0,3,155,180
2184,1688,fd,1,154,80,1,4,4,2,960,0,2,0,0,0,1,0,4,192,76,128,0,64585,2500,3561,1,0,0,0,0,4,0,0,11,64,1,1,0,0,192,171,128,0,0,0,0,0,0,0,0,0,0,0,0,0,0,0,0,0,0,-1,0,0,0,0,-1,0,0,0,0,-1,0,0,0,0,-1,0,0,0,0,-1,0,0,0,0,-1,0,0,0,0,-1,0,0,0,0,-1,0,0,0,0,-1,0,0,0,0,-1,0,0,0,0,-1,0,0,0,0,-1,0,0,0,0,185,201,217,0,3,156,180
2185,1689,fd,1,151,80,1,4,4,2,928,0,2,0,0,0,1,0,4,192,74,128,0,64584,2500,3560,1,0,0,0,0,4,0,0,11,64,1,1,0,0,192,169,0,0,0,0,0,0,0,0,0,0,0,0,0,0,0,0,0,0,0,-1,0,0,0,0,-1,0,0,0,0,-1,0,0,0,0,-1,0,0,0,0,-1,0,0,0,0,-1,0,0,0,0,-1,0,0,0,0,-1,0,0,0,0,-1,0,0,0,0,-1,0,0,0,0,-1,0,0,0,0,-1,0,0,0,0,184,200,216,0,3,157,180
2186,1690,fd,1,148,80,1,4,4,2,896,0,2,0,0,0,1,0,4,192,72,128,0,64583,2500,3559,1,0,0,0,0,4,0,0,11,64,1,1,0,0,192,168,128,0,0,0,0,0,0,0,0,0,0,0,0,0,0,0,0,0,0,-1,0,0,0,0,-1,0,0,0,0,-1,0,0,0,0,-1,0,0,0,0,-1,0,0,0,0,-1,0,0,0,0,-1,0,0,0,0,-1,0,0,0,0,-1,0,0,0,0,-1,0,0,0,0,-1,0,0,0,0,-1,0,0,0,0,183,199,215,0,3,158,180
2187,1691,fd,1,145,80,1,4,4,2,864,0,2,0,0,0,1,0,4,192,70,128,0,64582,2500,3558,1,0,0,0,0,4,0,0,11,64,1,1,0,0,192,166,0,0,0,0,0,0,0,0,0,0,0,0,0,0,0,0,0,0,0,-1,0,0,0,0,-1,0,0,0,0,-1,0,0,0,0,-1,0,0,0,0,-1,0,0,0,0,-1,0,0,0,0,-1,0,0,0,0,-1,0,0,0,0,-1,0,0,0,0,-1,0,0,0,0,-1,0,0,0,0,-1,0,0,0,0,182,198,214,0,3,159,180
2188,1692,fd,1,142,80,1,4,4,2,832,0,2,0,0,0,1,0,4,192,68,128,0,64581,2500,3557,1,0,0,0,0,4,0,0,10,64,1,1,0,0,192,165,128,0,0,0,0,0,0,0,0,0,0,0,0,0,0,0,0,0,0,-1,0,0,0,0,-1,0,0,0,0,-1,0,0,0,0,-1,0,0,0,0,-1,0,0,0,0,-1,0,0,0,0,-1,0,0,0,0,-1,0,0,0,0,-1,0,0,0,0,-1,0,0,0,0,-1,0,0,0,0,-1,0,0,0,0,181,197,213,0,3,160,180
2189,1693,fd,1,139,80,1,4,4,2,800,0,2,0,0,0,1,0,4,192,66,128,0,64580,2500,3556,1,0,0,0,0,4,0,0,10,64,1,1,0,0,192,163,0,0,0,0,0,0,0,0,0,0,0,0,0,0,0,0,0,0,0,-1,0,0,0,0,-1,0,0,0,0,-1,0,0,0,0,-1,0,0,0,0,-1,0,0,0,0,-1,0,0,0,0,-1,0,0,0,0,-1,0,0,0,0,-1,0,0,0,0,-1,0,0,0,0,-1,0,0,0,0,-1,0,0,0,0,180,196,212,0,3,161,180
2190,1694,fd,1,136,80,1,4,4,2,768,0,2,0,0,0,1,0,4,192,64,128,0,64579,2500,3555,1,0,0,0,0,4,0,0,10,64,1,1,0,0,192,162,128,0,0,0,0,0,0,0,0,0,0,0,0,0,0,0,0,0,0,-1,0,0,0,0,-1,0,0,0,0,-1,0,0,0,0,-1,0,0,0,0,-1,0,0,0,0,-1,0,0,0,0,-1,0,0,0,0,-1,0,0,0,0,-1,0,0,0,0,-1,0,0,0,0,-1,0,0,0,0,-1,0,0,0,0,179,195,211,0,3,162,180
2191,1695,fd,1,134,80,1,4,4,2,736,0,2,0,0,0,1,0,4,192,62,128,0,64578,2500,3554,1,0,0,0,0,4,0,0,10,64,1,1,0,0,192,160,0,0,0,0,0,0,0,0,0,0,0,0,0,0,0,0,0,0,0,-1,0,0,0,0,-1,0,0,0,0,-1,0,0,0,0,-1,0,0,0,0,-1,0,0,0,0,-1,0,0,0,0,-1,0,0,0,0,-1,0,0,0,0,-1,0,0,0,0,-1,0,0,0,0,-1,0,0,0,0,-1,0,0,0,0,178,194,210,0,3,163,180
2192,1696,fd,1,132,80,1,4,4,2,704,0,2,0,0,0,1,0,4,192,60,128,0,64577,2500,3553,1,0,0,0,0,4,0,0,9,64,1,1,0,0,192,159,128,0,0,0,0,0,0,0,0,0,0,0,0,0,0,0,0,0,0,-1,0,0,0,0,-1,0,0,0,0,-1,0,0,0,0,-1,0,0,0,0,-1,0,0,0,0,-1,0,0,0,0,-1,0,0,0,0,-1,0,0,0,0,-1,0,0,0,0,-1,0,0,0,0,-1,0,0,0,0,-1,0,0,0,0,177,193,209,0,3,164,180
2193,1697,fd,1,130,80,1,4,4,2,672,0,2,0,0,0,1,0,4,192,58,128,0,64576,2500,3552,1,0,0,0,0,4,0,0,9,64,1,1,0,0,192,157,0,0,0,0,0,0,0,0,0,0,0,0,0,0,0,0,0,0,0,-1,0,0,0,0,-1,0,0,0,0,-1,0,0,0,0,-1,0,0,0,0,-1,0,0,0,0,-1,0,0,0,0,-1,0,0,0,0,-1,0,0,0,0,-1,0,0,0,0,-1,0,0,0,0,-1,0,0,0,0,-1,0,0,0,0,176,192,208,0,3,165,180
2194,1698,fd,1,128,80,1,4,4,2,640,0,2,0,0,0,1,0,4,192,56,128,0,64575,2500,3551,1,0,0,0,0,4,0,0,9,64,1,1,0,0,192,156,128,0,0,0,0,0,0,0,0,0,0,0,0,0,0,0,0,0,0,-1,0,0,0,0,-1,0,0,0,0,-1,0,0,0,0,-1,0,0,0,0,-1,0,0,0,0,-1,0,0,0,0,-1,0,0,0,0,-1,0,0,0,0,-1,0,0,0,0,-1,0,0,0,0,-1,0,0,0,0,-1,0,0,0,0,175,191,207,0,3,166,180
2195,1699,fd,1,126,80,1,4,4,2,608,0,2,0,0,0,1,0,4,192,54,128,0,64574,2500,3550,1,0,0,0,0,4,0,0,9,64,1,1,0,0,192,154,0,0,0,0,0,0,0,0,0,0,0,0,0,0,0,0,0,0,0,-1,0,0,0,0,-1,0,0,0,0,-1,0,0,0,0,-1,0,0,0,0,-1,0,0,0,0,-1,0,0,0,0,-1,0,0,0,0,-1,0,0,0,0,-1,0,0,0,0,-1,0,0,0,0,-1,0,0,0,0,-1,0,0,0,0,174,190,206,0,3,167,180
2196,1700,fd,1,124,80,1,4,4,2,576,0,2,0,0,0,1,0,4,192,52,128,0,64573,2500,3549,1,0,0,0,0,4,0,0,8,64,1,1,0,0,192,153,128,0,0,0,0,0,0,0,0,0,0,0,0,0,0,0,0,0,0,-1,0,0,0,0,-1,0,0,0,0,-1,0,0,0,0,-1,0,0,0,0,-1,0,0,0,0,-1,0,0,0,0,-1,0,0,0,0,-1,0,0,0,0,-1,0,0,0,0,-1,0,0,0,0,-1,0,0,0,0,-1,0,0,0,0,173,189,205,0,3,168,180
2197,1701,fd,1,122,80,1,4,4,2,544,0,2,0,0,0,1,0,4,192,50,128,0,64572,2500,3548,1,0,0,0,0,4,0,0,8,64,1,1,0,0,192,151,0,0,0,0,0,0,0,0,0,0,0,0,0,0,0,0,0,0,0,-1,0,0,0,0,-1,0,0,0,0,-1,0,0,0,0,-1,0,0,0,0,-1,0,0,0,0,-1,0,0,0,0,-1,0,0,0,0,-1,0,0,0,0,-1,0,0,0,0,-1,0,0,0,0,-1,0,0,0,0,-1,0,0,0,0,172,188,204,0,3,169,180
2198,1702,fd,1,120,80,1,4,4,2,512,0,2,0,0,0,1,0,4,192,48,128,0,64571,2500,3547,1,0,0,0,0,4,0,0,8,64,1,1,0,0,192,150,128,0,0,0,0,0,0,0,0,0,0,0,0,0,0,0,0,0,0,-1,0,0,0,0,-1,0,0,0,0,-1,0,0,0,0,-1,0,0,0,0,-1,0,0,0,0,-1,0,0,0,0,-1,0,0,0,0,-1,0,0,0,0,-1,0,0,0,0,-1,0,0,0,0,-1,0,0,0,0,-1,0,0,0,0,171,187,203,0,3,170,180
2199,1703,fd,1,119,80,1,4,4,2,480,0,2,0,0,0,1,0,4,192,46,128,0,64570,2500,3546,1,0,0,0,0,4,0,0,8,64,1,1,0,0,192,148,0,0,0,0,0,0,0,0,0,0,0,0,0,0,0,0,0,0,0,-1,0,0,0,0,-1,0,0,0,0,-1,0,0,0,0,-1,0,0,0,0,-1,0,0,0,0,-1,0,0,0,0,-1,0,0,0,0,-1,0,0,0,0,-1,0,0,0,0,-1,0,0,0,0,-1,0,0,0,0,-1,0,0,0,0,170,186,202,0,3,171,180
2200,1704,fd,1,118,80,1,4,4,2,448,0,2,0,0,0,1,0,4,192,44,128,0,64569,2500,3545,1,0,0,0,0,4,0,0,7,64,1,1,0,0,192,147,128,0,0,0,0,0,0,0,0,0,0,0,0,0,0,0,0,0,0,-1,0,0,0,0,-1,0,0,0,0,-1,0,0,0,0,-1,0,0,0,0,-1,0,0,0,0,-1,0,0,0,0,-1,0,0,0,0,-1,0,0,0,0,-1,0,0,0,0,-1,0,0,0,0,-1,0,0,0,0,-1,0,0,0,0,169,185,201,0,3,172,180
2201,1705,fd,1,117,80,1,4,4,2,416,0,2,0,0,0,1,0,4,192,42,128,0,64568,2500,3544,1,0,0,0,0,4,0,0,7,64,1,1,0,0,192,145,0,0,0,0,0,0,0,0,0,0,0,0,0,0,0,0,0,0,0,-1,0,0,0,0,-1,0,0,0,0,-1,0,0,0,0,-1,0,0,0,0,-1,0,0,0,0,-1,0,0,0,0,-1,0,0,0,0,-1,0,0,0,0,-1,0,0,0,0,-1,0,0,0,0,-1,0,0,0,0,-1,0,0,0,0,168,184,200,0,3,173,180
2202,1706,fd,1,116,80,1,4,4,2,384,0,2,0,0,0,1,0,4,192,40,128,0,64567,2500,3543,1,0,0,0,0,4,0,0,7,64,1,1,0,0,192,144,128,0,0,0,0,0,0,0,0,0,0,0,0,0,0,0,0,0,0,-1,0,0,0,0,-1,0,0,0,0,-1,0,0,0,0,-1,0,0,0,0,-1,0,0,0,0,-1,0,0,0,0,-1,0,0,0,0,-1,0,0,0,0,-1,0,0,0,0,-1,0,0,0,0,-1,0,0,0,0,-1,0,0,0,0,167,183,199,0,3,174,180
2203,1707,fd,1,115,80,1,4,4,2,352,0,2,0,0,0,1,0,4,192,38,128,0,64566,2500,3542,1,0,0,0,0,4,0,0,7,64,1,1,0,0,192,142,0,0,0,0,0,0,0,0,0,0,0,0,0,0,0,0,0,0,0,-1,0,0,0,0,-1,0,0,0,0,-1,0,0,0,0,-1,0,0,0,0,-1,0,0,0,0,-1,0,0,0,0,-1,0,0,0,0,-1,0,0,0,0,-1,0,0,0,0,-1,0,0,0,0,-1,0,0,0,0,-1,0,0,0,0,166,182,198,0,3,175,180
2204,1708,fd,1,114,80,1,4,4,2,320,0,2,0,0,0,1,0,4,192,36,128,0,64565,2500,3541,1,0,0,0,0,4,0,0,6,64,1,1,0,0,192,141,128,0,0,0,0,0,0,0,0,0,0,0,0,0,0,0,0,0,0,-1,0,0,0,0,-1,0,0,0,0,-1,0,0,0,0,-1,0,0,0,0,-1,0,0,0,0,-1,0,0,0,0,-1,0,0,0,0,-1,0,0,0,0,-1,0,0,0,0,-1,0,0,0,0,-1,0,0,0,0,-1,0,0,0,0,165,181,197,0,3,176,180
2205,1709,fd,1,113,80,1,4,4,2,288,0,2,0,0,0,1,0,4,192,34,128,0,64564,2500,3540,1,0,0,0,0,4,0,0,6,64,1,1,0,0,192,139,0,0,0,0,0,0,0,0,0,0,0,0,0,0,0,0,0,0,0,-1,0,0,0,0,-1,0,0,0,0,-1,0,0,0,0,-1,0,0,0,0,-1,0,0,0,0,-1,0,0,0,0,-1,0,0,0,0,-1,0,0,0,0,-1,0,0,0,0,-1,0,0,0,0,-1,0,0,0,0,-1,0,0,0,0,164,180,196,0,3,177,180
2206,1710,fd,1,112,80,1,4,4,2,256,0,2,0,0,0,1,0,4,192,32,128,0,64563,2500,3539,1,0,0,0,0,4,0,0,6,64,1,1,0,0,192,138,128,0,0,0,0,0,0,0,0,0,0,0,0,0,0,0,0,0,0,-1,0,0,0,0,-1,0,0,0,0,-1,0,0,0,0,-1,0,0,0,0,-1,0,0,0,0,-1,0,0,0,0,-1,0,0,0,0,-1,0,0,0,0,-1,0,0,0,0,-1,0,0,0,0,-1,0,0,0,0,-1,0,0,0,0,163,179,195,0,3,178,180
2207,1711,fd,1,112,80,1,4,4,2,224,0,2,0,0,0,1,0,4,192,30,128,0,64562,2500,3538,1,0,0,0,0,4,0,0,6,64,1,1,0,0,192,136,0,0,0,0,0,0,0,0,0,0,0,0,0,0,0,0,0,0,0,-1,0,0,0,0,-1,0,0,0,0,-1,0,0,0,0,-1,0,0,0,0,-1,0,0,0,0,-1,0,0,0,0,-1,0,0,0,0,-1,0,0,0,0,-1,0,0,0,0,-1,0,0,0,0,-1,0,0,0,0,-1,0,0,0,0,162,178,194,0,3,179,180
2208,1712,fd,1,112,80,1,4,4,2,160,0,2,0,0,0,1,0,4,192,28,128,0,64561,2500,3537,1,0,0,0,0,4,0,0,5,64,1,1,0,0,192,135,128,0,0,0,0,0,0,0,0,0,0,0,0,0,0,0,0,0,0,-1,0,0,0,0,-1,0,0,0,0,-1,0,0,0,0,-1,0,0,0,0,-1,0,0,0,0,-1,0,0,0,0,-1,0,0,0,0,-1,0,0,0,0,-1,0,0,0,0,-1,0,0,0,0,-1,0,0,0,0,-1,0,0,0,0,161,177,193,0,3,180,180
2209,1713,fd,1,112,80,1,4,4,2,96,0,2,0,0,0,1,0,4,192,26,128,0,64560,2500,3536,1,0,0,0,0,4,0,0,5,64,1,1,0,0,192,133,0,0,0,0,0,0,0,0,0,0,0,0,0,0,0,0,0,0,0,-1,0,0,0,0,-1,0,0,0,0,-1,0,0,0,0,-1,0,0,0,0,-1,0,0,0,0,-1,0,0,0,0,-1,0,0,0,0,-1,0,0,0,0,-1,0,0,0,0,-1,0,0,0,0,-1,0,0,0,0,-1,0,0,0,0,160,176,192,0,3,181,180
2210,1714,fd,1,112,80,1,4,4,2,32,0,2,0,0,0,1,0,4,192,24,128,0,64559,2500,3535,1,0,0,0,0,4,0,0,5,64,1,1,0,0,192,132,128,0,0,0,0,0,0,0,0,0,0,0,0,0,0,0,0,0,0,-1,0,0,0,0,-1,0,0,0,0,-1,0,0,0,0,-1,0,0,0,0,-1,0,0,0,0,-1,0,0,0,0,-1,0,0,0,0,-1,0,0,0,0,-1,0,0,0,0,-1,0,0,0,0,-1,0,0,0,0,-1,0,0,0,0,159,175,191,0,3,182,180
2211,1715,fd,1,112,80,2,4,4,2,64,0,2,0,0,0,1,0,4,192,22,128,0,64558,2500,3534,1,0,0,0,0,4,0,0,5,64,1,1,0,0,192,130,0,0,0,0,0,0,0,0,0,0,0,0,0,0,0,0,0,0,0,-1,0,0,0,0,-1,0,0,0,0,-1,0,0,0,0,-1,0,0,0,0,-1,0,0,0,0,-1,0,0,0,0,-1,0,0,0,0,-1,0,0,0,0,-1,0,0,0,0,-1,0,0,0,0,-1,0,0,0,0,-1,0,0,0,0,158,174,190,0,3,183,180
2212,1716,fd,1,112,80,2,4,4,2,128,0,2,0,0,0,1,0,4,192,20,128,0,64557,2500,3533,1,0,0,0,0,4,0,0,4,64,1,1,0,0,192,129,128,0,0,0,0,0,0,0,0,0,0,0,0,0,0,0,0,0,0,-1,0,0,0,0,-1,0,0,0,0,-1,0,0,0,0,-1,0,0,0,0,-1,0,0,0,0,-1,0,0,0,0,-1,0,0,0,0,-1,0,0,0,0,-1,0,0,0,0,-1,0,0,0,0,-1,0,0,0,0,-1,0,0,0,0,157,173,189,0,3,184,180
2213,1717,fd,1,112,80,2,4,4,2,192,0,2,0,0,0,1,0,4,192,18,128,0,64556,2500,3532,1,0,0,0,0,4,0,0,4,64,1,1,0,0,192,127,0,0,0,0,0,0,0,0,0,0,0,0,0,0,0,0,0,0,0,-1,0,0,0,0,-1,0,0,0,0,-1,0,0,0,0,-1,0,0,0,0,-1,0,0,0,0,-1,0,0,0,0,-1,0,0,0,0,-1,0,0,0,0,-1,0,0,0,0,-1,0,0,0,0,-1,0,0,0,0,-1,0,0,0,0,156,172,188,0,3,185,180
2214,1718,fd,1,113,80,2,4,4,2,256,0,2,0,0,0,1,0,4,192,16,128,0,64555,2500,3531,1,0,0,0,0,4,0,0,4,64,1,1,0,0,192,126,128,0,0,0,0,0,0,0,0,0,0,0,0,0,0,0,0,0,0,-1,0,0,0,0,-1,0,0,0,0,-1,0,0,0,0,-1,0,0,0,0,-1,0,0,0,0,-1,0,0,0,0,-1,0,0,0,0,-1,0,0,0,0,-1,0,0,0,0,-1,0,0,0,0,-1,0,0,0,0,-1,0,0,0,0,155,171,187,0,3,186,180
2215,1719,fd,1,114,80,2,4,4,2,288,0,2,0,0,0,1,0,4,192,14,128,0,64554,2500,3530,1,0,0,0,0,4,0,0,4,64,1,1,0,0,192,124,0,0,0,0,0,0,0,0,0,0,0,0,0,0,0,0,0,0,0,-1,0,0,0,0,-1,0,0,0,0,-1,0,0,0,0,-1,0,0,0,0,-1,0,0,0,0,-1,0,0,0,0,-1,0,0,0,0,-1,0,0,0,0,-1,0,0,0,0,-1,0,0,0,0,-1,0,0,0,0,-1,0,0,0,0,154,170,186,0,3,187,180
2216,1720,fd,1,115,80,2,4,4,2,320,0,2,0,0,0,1,0,4,192,12,128,0,64553,2500,3529,1,0,0,0,0,4,0,0,3,64,1,1,0,0,192,123,128,0,0,0,0,0,0,0,0,0,0,0,0,0,0,0,0,0,0,-1,0,0,0,0,-1,0,0,0,0,-1,0,0,0,0,-1,0,0,0,0,-1,0,0,0,0,-1,0,0,0,0,-1,0,0,0,0,-1,0,0,0,0,-1,0,0,0,0,-1,0,0,0,0,-1,0,0,0,0,-1,0,0,0,0,153,169,185,0,3,188,180
2217,1721,fd,1,116,80,2,4,4,2,352,0,2,0,0,0,1,0,4,192,10,128,0,64552,2500,3528,1,0,0,0,0,4,0,0,3,64,1,1,0,0,192,121,0,0,0,0,0,0,0,0,0,0,0,0,0,0,0,0,0,0,0,-1,0,0,0,0,-1,0,0,0,0,-1,0,0,0,0,-1,0,0,0,0,-1,0,0,0,0,-1,0,0,0,0,-1,0,0,0,0,-1,0,0,0,0,-1,0,0,0,0,-1,0,0,0,0,-1,0,0,0,0,-1,0,0,0,0,152,168,184,0,3,189,180
2218,1722,fd,1,117,80,2,4,4,2,384,0,2,0,0,0,1,0,4,192,8,128,0,64551,2500,3527,1,0,0,0,0,4,0,0,3,64,1,1,0,0,192,120,128,0,0,0,0,0,0,0,0,0,0,0,0,0,0,0,0,0,0,-1,0,0,0,0,-1,0,0,0,0,-1,0,0,0,0,-1,0,0,0,0,-1,0,0,0,0,-1,0,0,0,0,-1,0,0,0,0,-1,0,0,0,0,-1,0,0,0,0,-1,0,0,0,0,-1,0,0,0,0,-1,0,0,0,0,151,167,183,0,3,190,180
2219,1723,fd,1,118,80,2,4,4,2,416,0,2,0,0,0,1,0,4,192,6,128,0,64550,2500,3526,1,0,0,0,0,4,0,0,3,64,1,1,0,0,192,118,0,0,0,0,0,0,0,0,0,0,0,0,0,0,0,0,0,0,0,-1,0,0,0,0,-1,0,0,0,0,-1,0,0,0,0,-1,0,0,0,0,-1,0,0,0,0,-1,0,0,0,0,-1,0,0,0,0,-1,0,0,0,0,-1,0,0,0,0,-1,0,0,0,0,-1,0,0,0,0,-1,0,0,0,0,150,166,182,0,3,191,180
2220,1724,fd,1,119,80,2,4,4,2,448,0,2,0,0,0,1,0,4,192,4,128,0,64549,2500,3525,1,0,0,0,0,4,0,0,2,64,1,1,0,0,192,117,128,0,0,0,0,0,0,0,0,0,0,0,0,0,0,0,0,0,0,-1,0,0,0,0,-1,0,0,0,0,-1,0,0,0,0,-1,0,0,0,0,-1,0,0,0,0,-1,0,0,0,0,-1,0,0,0,0,-1,0,0,0,0,-1,0,0,0,0,-1,0,0,0,0,-1,0,0,0,0,-1,0,0,0,0,149,165,181,0,3,192,180
2221,1725,fd,1,120,80,2,4,4,2,480,0,2,0,0,0,1,0,4,192,2,128,0,64548,2500,3524,1,0,0,0,0,4,0,0,2,64,1,1,0,0,192,115,0,0,0,0,0,0,0,0,0,0,0,0,0,0,0,0,0,0,0,-1,0,0,0,0,-1,0,0,0,0,-1,0,0,0,0,-1,0,0,0,0,-1,0,0,0,0,-1,0,0,0,0,-1,0,0,0,0,-1,0,0,0,0,-1,0,0,0,0,-1,0,0,0,0,-1,0,0,0,0,-1,0,0,0,0,148,164,180,0,3,193,180
2222,1726,fd,1,122,80,2,4,4,2,512,0,2,0,0,0,1,0,4,192,0,128,0,64547,2500,3523,1,0,0,0,0,4,0,0,2,64,1,1,0,0,192,114,128,0,0,0,0,0,0,0,0,0,0,0,0,0,0,0,0,0,0,-1,0,0,0,0,-1,0,0,0,0,-1,0,0,0,0,-1,0,0,0,0,-1,0,0,0,0,-1,0,0,0,0,-1,0,0,0,0,-1,0,0,0,0,-1,0,0,0,0,-1,0,0,0,0,-1,0,0,0,0,-1,0,0,0,0,147,163,179,0,3,194,180
2223,1727,fd,1,124,80,2,4,4,2,544,0,2,0,0,0,1,0,4,192,254,128,0,64546,2500,3522,1,0,0,0,0,4,0,0,2,64,1,1,0,0,192,112,0,0,0,0,0,0,0,0,0,0,0,0,0,0,0,0,0,0,0,-1,0,0,0,0,-1,0,0,0,0,-1,0,0,0,0,-1,0,0,0,0,-1,0,0,0,0,-1,0,0,0,0,-1,0,0,0,0,-1,0,0,0,0,-1,0,0,0,0,-1,0,0,0,0,-1,0,0,0,0,-1,0,0,0,0,146,162,178,0,3,195,180
2224,1728,fd,1,126,80,2,4,4,2,576,0,2,0,0,0,1,0,4,192,252,128,0,64545,2500,3521,1,0,0,0,0,4,0,0,1,64,1,1,0,0,192,111,128,0,0,0,0,0,0,0,0,0,0,0,0,0,0,0,0,0,0,-1,0,0,0,0,-1,0,0,0,0,-1,0,0,0,0,-1,0,0,0,0,-1,0,0,0,0,-1,0,0,0,0,-1,0,0,0,0,-1,0,0,0,0,-1,0,0,0,0,-1,0,0,0,0,-1,0,0,0,0,-1,0,0,0,0,145,161,177,0,3,196,180
2225,1729,fd,1,128,80,2,4,4,2,608,0,2,0,0,0,1,0,4,192,250,128,0,64544,2500,3520,1,0,0,0,0,4,0,0,1,64,1,1,0,0,192,109,0,0,0,0,0,0,0,0,0,0,0,0,0,0,0,0,0,0,0,-1,0,0,0,0,-1,0,0,0,0,-1,0,0,0,0,-1,0,0,0,0,-1,0,0,0,0,-1,0,0,0,0,-1,0,0,0,0,-1,0,0,0,0,-1,0,0,0,0,-1,0,0,0,0,-1,0,0,0,0,-1,0,0,0,0,144,160,176,0,3,197,180
2226,1730,fd,1,130,80,2,4,4,2,640,0,2,0,0,0,1,0,4,192,248,128,0,64543,2500,3519,1,0,0,0,0,4,0,0,1,64,1,1,0,0,192,108,128,1,0,0,192,240,128,0,0,0,0,0,0,0,0,0,0,0,0,-1,0,0,0,0,-1,0,0,0,0,-1,0,0,0,0,-1,0,0,0,0,-1,0,0,0,0,-1,0,0,0,0,-1,0,0,0,0,-1,0,0,0,0,-1,0,0,0,0,-1,0,0,0,0,-1,0,0,0,0,-1,0,0,0,0,143,159,175,0,3,198,180
2227,1731,fd,1,132,80,2,4,4,2,672,0,2,0,0,0,1,0,4,192,246,128,0,64542,2500,3518,1,0,0,0,0,4,0,0,1,64,1,1,0,0,192,106,0,1,0,0,192,238,0,0,0,0,0,0,0,0,0,0,0,0,0,-1,0,0,0,0,-1,0,0,0,0,-1,0,0,0,0,-1,0,0,0,0,-1,0,0,0,0,-1,0,0,0,0,-1,0,0,0,0,-1,0,0,0,0,-1,0,0,0,0,-1,0,0,0,0,-1,0,0,0,0,-1,0,0,0,0,142,158,174,0,3,199,180
2228,1732,fd,1,134,80,2,4,4,2,704,0,2,0,0,0,1,0,4,192,244,128,0,64541,2500,3517,1,0,0,0,0,4,0,0,0,64,1,1,0,0,192,105,128,1,0,0,192,237,128,0,0,0,0,0,0,0,0,0,0,0,0,-1,0,0,0,0,-1,0,0,0,0,-1,0,0,0,0,-1,0,0,0,0,-1,0,0,0,0,-1,0,0,0,0,-1,0,0,0,0,-1,0,0,0,0,-1,0,0,0,0,-1,0,0,0,0,-1,0,0,0,0,-1,0,0,0,0,141,157,173,0,3,200,180
2229,1733,fd,1,136,80,2,4,4,2,736,0,2,0,0,0,1,0,4,192,242,128,0,64540,2500,3516,1,0,0,0,0,4,0,0,0,64,1,1,0,0,192,103,0,1,0,0,192,235,0,0,0,0,0,0,0,0,0,0,0,0,0,-1,0,0,0,0,-1,0,0,0,0,-1,0,0,0,0,-1,0,0,0,0,-1,0,0,0,0,-1,0,0,0,0,-1,0,0,0,0,-1,0,0,0,0,-1,0,0,0,0,-1,0,0,0,0,-1,0,0,0,0,-1,0,0,0,0,140,156,172,0,3,201,180
2230,1734,fd,1,139,80,2,4,4,2,768,0,2,0,0,0,0,0,0,0,0,0,0,64539,2500,3515,1,0,0,0,0,4,0,0,0,64,1,1,0,0,192,102,128,1,0,0,192,234,128,0,0,0,0,0,0,0,0,0,0,0,0,-1,0,0,0,0,-1,0,0,0,0,-1,0,0,0,0,-1,0,0,0,0,-1,0,0,0,0,-1,0,0,0,0,-1,0,0,0,0,-1,0,0,0,0,-1,0,0,0,0,-1,0,0,0,0,-1,0,0,0,0,-1,0,0,0,0,139,155,171,0,3,202,180
2231,1735,fd,1,142,80,2,4,4,2,800,0,2,0,0,0,0,0,0,0,0,0,0,64538,2500,3514,1,0,0,0,0,4,0,0,0,64,1,1,0,0,192,100,0,1,0,0,192,232,0,0,0,0,0,0,0,0,0,0,0,0,0,-1,0,0,0,0,-1,0,0,0,0,-1,0,0,0,0,-1,0,0,0,0,-1,0,0,0,0,-1,0,0,0,0,-1,0,0,0,0,-1,0,0,0,0,-1,0,0,0,0,-1,0,0,0,0,-1,0,0,0,0,-1,0,0,0,0,138,154,170,0,3,203,180
2232,1736,fd,1,145,80,2,4,4,2,832,0,2,0,0,0,0,0,0,0,0,0,0,64537,2500,3513,1,0,0,0,0,4,0,0,0,64,1,1,0,0,192,99,128,1,0,0,192,231,128,0,0,0,0,0,0,0,0,0,0,0,0,-1,0,0,0,0,-1,0,0,0,0,-1,0,0,0,0,-1,0,0,0,0,-1,0,0,0,0,-1,0,0,0,0,-1,0,0,0,0,-1,0,0,0,0,-1,0,0,0,0,-1,0,0,0,0,-1,0,0,0,0,-1,0,0,0,0,137,153,169,0,3,204,180
2233,1737,fd,1,148,80,2,4,4,2,864,0,2,0,0,0,0,0,0,0,0,0,0,64536,2500,3512,1,0,0,0,0,4,0,0,0,64,1,1,0,0,192,97,0,1,0,0,192,229,0,0,0,0,0,0,0,0,0,0,0,0,0,-1,0,0,0,0,-1,0,0,0,0,-1,0,0,0,0,-1,0,0,0,0,-1,0,0,0,0,-1,0,0,0,0,-1,0,0,0,0,-1,0,0,0,0,-1,0,0,0,0,-1,0,0,0,0,-1,0,0,0,0,-1,0,0,0,0,136,152,168,0,3,205,180
2234,1738,fd,1,151,80,2,4,4,2,896,0,2,0,0,0,0,0,0,0,0,0,0,64535,2500,3511,1,0,0,0,0,4,0,0,0,64,1,1,0,0,192,96,128,1,0,0,192,228,128,0,0,0,0,0,0,0,0,0,0,0,0,-1,0,0,0,0,-1,0,0,0,0,-1,0,0,0,0,-1,0,0,0,0,-1,0,0,0,0,-1,0,0,0,0,-1,0,0,0,0,-1,0,0,0,0,-1,0,0,0,0,-1,0,0,0,0,-1,0,0,0,0,-1,0,0,0,0,135,151,167,0,3,206,180
2235,1739,fd,1,154,80,2,4,4,2,928,0,2,0,0,0,0,0,0,0,0,0,0,64534,2500,3510,1,0,0,0,0,4,0,0,0,64,1,1,0,0,192,94,0,1,0,0,192,226,0,0,0,0,0,0,0,0,0,0,0,0,0,-1,0,0,0,0,-1,0,0,0,0,-1,0,0,0,0,-1,0,0,0,0,-1,0,0,0,0,-1,0,0,0,0,-1,0,0,0,0,-1,0,0,0,0,-1,0,0,0,0,-1,0,0,0,0,-1,0,0,0,0,-1,0,0,0,0,134,150,166,0,3,207,180
2236,1740,fd,1,157,80,2,4,4,2,960,0,2,0,0,0,0,0,0,0,0,0,0,64533,2500,3509,1,0,0,0,0,4,0,0,0,64,1,1,0,0,192,93,128,1,0,0,192,225,128,0,0,0,0,0,0,0,0,0,0,0,0,-1,0,0,0,0,-1,0,0,0,0,-1,0,0,0,0,-1,0,0,0,0,-1,0,0,0,0,-1,0,0,0,0,-1,0,0,0,0,-1,0,0,0,0,-1,0,0,0,0,-1,0,0,0,0,-1,0,0,0,0,-1,0,0,0,0,133,149,165,0,3,208,180
2237,1741,fd,1,160,80,2,4,4,2,992,0,2,0,0,0,0,0,0,0,0,0,0,64532,2500,3508,1,0,0,0,0,4,0,0,0,64,1,1,0,0,192,91,0,1,0,0,192,223,0,0,0,0,0,0,0,0,0,0,0,0,0,-1,0,0,0,0,-1,0,0,0,0,-1,0,0,0,0,-1,0,0,0,0,-1,0,0,0,0,-1,0,0,0,0,-1,0,0,0,0,-1,0,0,0,0,-1,0,0,0,0,-1,0,0,0,0,-1,0,0,0,0,-1,0,0,0,0,132,148,164,0,3,209,180
2238,1742,fd,1,164,80,0,4,4,2,1056,0,2,0,0,0,1,0,2,192,89,128,1,64531,2600,3507,1,0,0,0,0,5,0,0,16,64,1,0,0,0,0,0,0,1,0,0,192,222,128,0,0,0,0,0,0,0,0,0,0,0,0,-1,0,0,0,0,-1,0,0,0,0,-1,0,0,0,0,-1,0,0,0,0,-1,0,0,0,0,-1,0,0,0,0,-1,0,0,0,0,-1,0,0,0,0,-1,0,0,0,0,-1,0,0,0,0,-1,0,0,0,0,-1,0,0,0,0,131,147,163,0,3,210,180
2239,1743,fd,1,164,80,0,4,4,2,1056,0,2,0,0,0,1,0,2,192,88,128,1,64530,2600,3506,1,0,0,0,0,5,0,0,16,64,1,0,0,0,0,0,0,1,0,0,192,220,0,0,0,0,0,0,0,0,0,0,0,0,0,-1,0,0,0,0,-1,0,0,0,0,-1,0,0,0,0,-1,0,0,0,0,-1,0,0,0,0,-1,0,0,0,0,-1,0,0,0,0,-1,0,0,0,0,-1,0,0,0,0,-1,0,0,0,0,-1,0,0,0,0,-1,0,0,0,0,130,146,162,0,3,211,180
2240,1744,fd,1,164,80,0,4,4,2,1056,0,2,0,0,0,1,0,2,192,87,128,1,64529,2600,3505,1,0,0,0,0,5,0,0,15,64,1,0,0,0,0,0,0,1,0,0,192,219,128,0,0,0,0,0,0,0,0,0,0,0,0,-1,0,0,0,0,-1,0,0,0,0,-1,0,0,0,0,-1,0,0,0,0,-1,0,0,0,0,-1,0,0,0,0,-1,0,0,0,0,-1,0,0,0,0,-1,0,0,0,0,-1,0,0,0,0,-1,0,0,0,0,-1,0,0,0,0,129,145,161,0,3,212,180
2241,1745,fd,1,164,80,0,4,4,2,1056,0,2,0,0,0,1,0,2,192,86,128,1,64528,2600,3504,1,0,0,0,0,5,0,0,15,64,1,0,0,0,0,0,0,1,0,0,192,217,0,0,0,0,0,0,0,0,0,0,0,0,0,-1,0,0,0,0,-1,0,0,0,0,-1,0,0,0,0,-1,0,0,0,0,-1,0,0,0,0,-1,0,0,0,0,-1,0,0,0,0,-1,0,0,0,0,-1,0,0,0,0,-1,0,0,0,0,-1,0,0,0,0,-1,0,0,0,0,128,144,160,0,3,213,180
2242,1746,fd,1,164,80,0,4,4,2,1056,0,2,0,0,0,1,0,2,192,85,128,1,64527,2600,3503,1,0,0,0,0,5,0,0,15,64,1,0,0,0,0,0,0,1,0,0,192,216,128,0,0,0,0,0,0,0,0,0,0,0,0,-1,0,0,0,0,-1,0,0,0,0,-1,0,0,0,0,-1,0,0,0,0,-1,0,0,0,0,-1,0,0,0,0,-1,0,0,0,0,-1,0,0,0,0,-1,0,0,0,0,-1,0,0,0,0,-1,0,0,0,0,-1,0,0,0,0,127,143,159,0,3,214,180
2243,1747,fd,1,164,80,0,4,4,2,1056,0,2,0,0,0,1,0,2,192,84,128,1,64526,2600,3502,1,0,0,0,0,5,0,0,15,64,1,0,0,0,0,0,0,1,0,0,192,214,0,0,0,0,0,0,0,0,0,0,0,0,0,-1,0,0,0,0,-1,0,0,0,0,-1,0,0,0,0,-1,0,0,0,0,-1,0,0,0,0,-1,0,0,0,0,-1,0,0,0,0,-1,0,0,0,0,-1,0,0,0,0,-1,0,0,0,0,-1,0,0,0,0,-1,0,0,0,0,126,142,158,0,3,215,180
2244,1748,fd,1,164,80,0,4,4,2,1056,0,2,0,0,0,1,0,2,192,83,128,1,64525,2600,3501,1,0,0,0,0,5,0,0,14,64,1,0,0,0,0,0,0,1,0,0,192,213,128,0,0,0,0,0,0,0,0,0,0,0,0,-1,0,0,0,0,-1,0,0,0,0,-1,0,0,0,0,-1,0,0,0,0,-1,0,0,0,0,-1,0,0,0,0,-1,0,0,0,0,-1,0,0,0,0,-1,0,0,0,0,-1,0,0,0,0,-1,0,0,0,0,-1,0,0,0,0,125,141,157,0,3,216,180
2245,1749,fd,1,164,80,0,4,4,2,1056,0,2,0,0,0,1,0,2,192,82,128,1,64524,2600,3500,1,0,0,0,0,5,0,0,14,64,1,0,0,0,0,0,0,1,0,0,192,211,0,0,0,0,0,0,0,0,0,0,0,0,0,-1,0,0,0,0,-1,0,0,0,0,-1,0,0,0,0,-1,0,0,0,0,-1,0,0,0,0,-1,0,0,0,0,-1,0,0,0,0,-1,0,0,0,0,-1,0,0,0,0,-1,0,0,0,0,-1,0,0,0,0,-1,0,0,0,0,124,140,156,0,3,217,180
2246,1750,fd,1,164,80,0,4,4,2,1056,0,2,0,0,0,1,0,2,192,81,128,1,64523,2600,3499,1,0,0,0,0,5,0,0,14,64,1,0,0,0,0,0,0,1,0,0,192,210,128,0,0,0,0,0,0,0,0,0,0,0,0,-1,0,0,0,0,-1,0,0,0,0,-1,0,0,0,0,-1,0,0,0,0,-1,0,0,0,0,-1,0,0,0,0,-1,0,0,0,0,-1,0,0,0,0,-1,0,0,0,0,-1,0,0,0,0,-1,0,0,0,0,-1,0,0,0,0,123,139,155,0,3,218,180
2247,1751,fd,1,164,80,0,4,4,2,1056,0,2,0,0,0,1,0,2,192,80,128,0,64522,2600,3498,1,0,0,0,0,5,0,0,14,64,1,0,0,0,0,0,0,1,0,0,192,208,0,0,0,0,0,0,0,0,0,0,0,0,0,-1,0,0,0,0,-1,0,0,0,0,-1,0,0,0,0,-1,0,0,0,0,-1,0,0,0,0,-1,0,0,0,0,-1,0,0,0,0,-1,0,0,0,0,-1,0,0,0,0,-1,0,0,0,0,-1,0,0,0,0,-1,0,0,0,0,122,138,154,0,3,219,180
2248,1752,fd,1,164,80,0,4,4,2,1056,0,2,0,0,0,1,0,2,192,80,128,0,64521,2600,3497,1,0,0,0,0,5,0,0,13,64,1,0,0,0,0,0,0,1,0,0,192,207,128,0,0,0,0,0,0,0,0,0,0,0,0,-1,0,0,0,0,-1,0,0,0,0,-1,0,0,0,0,-1,0,0,0,0,-1,0,0,0,0,-1,0,0,0,0,-1,0,0,0,0,-1,0,0,0,0,-1,0,0,0,0,-1,0,0,0,0,-1,0,0,0,0,-1,0,0,0,0,121,137,153,0,3,220,180
2249,1753,fd,1,164,80,0,4,4,2,1056,0,2,0,0,0,1,0,2,192,80,128,0,64520,2600,3496,1,0,0,0,0,5,0,0,13,64,1,0,0,0,0,0,0,1,0,0,192,205,0,0,0,0,0,0,0,0,0,0,0,0,0,-1,0,0,0,0,-1,0,0,0,0,-1,0,0,0,0,-1,0,0,0,0,-1,0,0,0,0,-1,0,0,0,0,-1,0,0,0,0,-1,0,0,0,0,-1,0,0,0,0,-1,0,0,0,0,-1,0,0,0,0,-1,0,0,0,0,120,136,152,0,3,221,180
2250,1754,fd,1,164,80,0,4,4,2,1056,0,2,0,0,0,1,0,2,192,80,128,0,64519,2600,3495,1,0,0,0,0,5,0,0,13,64,1,0,0,0,0,0,0,1,0,0,192,204,128,0,0,0,0,0,0,0,0,0,0,0,0,-1,0,0,0,0,-1,0,0,0,0,-1,0,0,0,0,-1,0,0,0,0,-1,0,0,0,0,-1,0,0,0,0,-1,0,0,0,0,-1,0,0,0,0,-1,0,0,0,0,-1,0,0,0,0,-1,0,0,0,0,-1,0,0,0,0,119,135,151,0,3,222,180
2251,1755,fd,1,164,80,0,4,4,2,1056,0,2,0,0,0,1,0,2,192,80,128,0,64518,2600,3494,1,0,0,0,0,5,0,0,13,64,1,0,0,0,0,0,0,1,0,0,192,202,0,0,0,0,0,0,0,0,0,0,0,0,0,-1,0,0,0,0,-1,0,0,0,0,-1,0,0,0,0,-1,0,0,0,0,-1,0,0,0,0,-1,0,0,0,0,-1,0,0,0,0,-1,0,0,0,0,-1,0,0,0,0,-1,0,0,0,0,-1,0,0,0,0,-1,0,0,0,0,118,134,150,0,3,223,180
2252,1756,fd,1,164,80,0,4,4,2,1056,0,2,0,0,0,1,0,2,192,80,128,0,64517,2600,3493,1,0,0,0,0,5,0,0,12,64,1,0,0,0,0,0,0,1,0,0,192,201,128,0,0,0,0,0,0,0,0,0,0,0,0,-1,0,0,0,0,-1,0,0,0,0,-1,0,0,0,0,-1,0,0,0,0,-1,0,0,0,0,-1,0,0,0,0,-1,0,0,0,0,-1,0,0,0,0,-1,0,0,0,0,-1,0,0,0,0,-1,0,0,0,0,-1,0,0,0,0,117,133,149,0,3,224,180
2253,1757,fd,1,164,80,0,4,4,2,1056,0,2,0,0,0,1,0,2,192,80,128,0,64516,2600,3492,1,0,0,0,0,5,0,0,12,64,1,0,0,0,0,0,0,1,0,0,192,199,0,0,0,0,0,0,0,0,0,0,0,0,0,-1,0,0,0,0,-1,0,0,0,0,-1,0,0,0,0,-1,0,0,0,0,-1,0,0,0,0,-1,0,0,0,0,-1,0,0,0,0,-1,0,0,0,0,-1,0,0,0,0,-1,0,0,0,0,-1,0,0,0,0,-1,0,0,0,0,116,132,148,0,3,225,180
2254,1758,fd,1,164,80,0,4,4,2,1056,0,2,0,0,0,1,0,2,192,80,128,0,64515,2600,3491,1,0,0,0,0,5,0,0,12,64,1,0,0,0,0,0,0,1,0,0,192,198,128,0,0,0,0,0,0,0,0,0,0,0,0,-1,0,0,0,0,-1,0,0,0,0,-1,0,0,0,0,-1,0,0,0,0,-1,0,0,0,0,-1,0,0,0,0,-1,0,0,0,0,-1,0,0,0,0,-1,0,0,0,0,-1,0,0,0,0,-1,0,0,0,0,-1,0,0,0,0,115,131,147,0,3,226,180
2255,1759,fd,1,164,80,0,4,4,2,1056,0,2,0,0,0,1,0,2,192,80,128,0,64514,2600,3490,1,0,0,0,0,5,0,0,12,64,1,0,0,0,0,0,0,1,0,0,192,196,0,0,0,0,0,0,0,0,0,0,0,0,0,-1,0,0,0,0,-1,0,0,0,0,-1,0,0,0,0,-1,0,0,0,0,-1,0,0,0,0,-1,0,0,0,0,-1,0,0,0,0,-1,0,0,0,0,-1,0,0,0,0,-1,0,0,0,0,-1,0,0,0,0,-1,0,0,0,0,114,130,146,0,3,227,180
2256,1760,fd,1,164,80,0,4,4,2,1056,0,2,0,0,0,1,0,2,192,80,128,0,64513,2600,3489,1,0,0,0,0,5,0,0,11,64,1,0,0,0,0,0,0,1,0,0,192,195,128,0,0,0,0,0,0,0,0,0,0,0,0,-1,0,0,0,0,-1,0,0,0,0,-1,0,0,0,0,-1,0,0,0,0,-1,0,0,0,0,-1,0,0,0,0,-1,0,0,0,0,-1,0,0,0,0,-1,0,0,0,0,-1,0,0,0,0,-1,0,0,0,0,-1,0,0,0,0,113,129,145,0,3,228,180
2257,1761,fd,1,164,80,0,4,4,2,1056,0,2,0,0,0,1,0,2,192,80,128,0,64512,2600,3488,1,0,0,0,0,5,0,0,11,64,1,0,0,0,0,0,0,1,0,0,192,193,0,0,0,0,0,0,0,0,0,0,0,0,0,-1,0,0,0,0,-1,0,0,0,0,-1,0,0,0,0,-1,0,0,0,0,-1,0,0,0,0,-1,0,0,0,0,-1,0,0,0,0,-1,0,0,0,0,-1,0,0,0,0,-1,0,0,0,0,-1,0,0,0,0,-1,0,0,0,0,112,128,144,0,3,229,180
2258,1762,fd,1,164,80,0,4,4,2,1056,0,2,0,0,0,1,0,2,192,80,128,0,64511,2600,3487,1,0,0,0,0,5,0,0,11,64,1,0,0,0,0,0,0,1,0,0,192,192,128,0,0,0,0,0,0,0,0,0,0,0,0,-1,0,0,0,0,-1,0,0,0,0,-1,0,0,0,0,-1,0,0,0,0,-1,0,0,0,0,-1,0,0,0,0,-1,0,0,0,0,-1,0,0,0,0,-1,0,0,0,0,-1,0,0,0,0,-1,0,0,0,0,-1,0,0,0,0,111,127,143,0,3,230,180
2259,1763,fd,1,164,80,0,4,4,2,1056,0,2,0,0,0,1,0,2,192,80,128,0,64510,2600,3486,1,0,0,0,0,5,0,0,11,64,1,0,0,0,0,0,0,1,0,0,192,190,0,0,0,0,0,0,0,0,0,0,0,0,0,-1,0,0,0,0,-1,0,0,0,0,-1,0,0,0,0,-1,0,0,0,0,-1,0,0,0,0,-1,0,0,0,0,-1,0,0,0,0,-1,0,0,0,0,-1,0,0,0,0,-1,0,0,0,0,-1,0,0,0,0,-1,0,0,0,0,110,126,142,0,3,231,180
2260,1764,fd,1,164,80,0,4,4,2,1056,0,2,0,0,0,1,0,2,192,80,128,0,64509,2600,3485,1,0,0,0,0,5,0,0,10,64,1,0,0,0,0,0,0,1,0,0,192,189,128,0,0,0,0,0,0,0,0,0,0,0,0,-1,0,0,0,0,-1,0,0,0,0,-1,0,0,0,0,-1,0,0,0,0,-1,0,0,0,0,-1,0,0,0,0,-1,0,0,0,0,-1,0,0,0,0,-1,0,0,0,0,-1,0,0,0,0,-1,0,0,0,0,-1,0,0,0,0,109,125,141,0,3,232,180
2261,1765,fd,1,164,80,0,4,4,2,1056,0,2,0,0,0,1,0,2,192,80,128,0,64508,2600,3484,1,0,0,0,0,5,0,0,10,64,1,0,0,0,0,0,0,1,0,0,192,187,0,0,0,0,0,0,0,0,0,0,0,0,0,-1,0,0,0,0,-1,0,0,0,0,-1,0,0,0,0,-1,0,0,0,0,-1,0,0,0,0,-1,0,0,0,0,-1,0,0,0,0,-1,0,0,0,0,-1,0,0,0,0,-1,0,0,0,0,-1,0,0,0,0,-1,0,0,0,0,108,124,140,0,3,233,180
2262,1766,fd,1,164,80,0,4,4,2,1056,0,2,0,0,0,1,0,2,192,80,128,0,64507,2600,3483,1,0,0,0,0,5,0,0,10,64,1,0,0,0,0,0,0,1,0,0,192,186,128,0,0,0,0,0,0,0,0,0,0,0,0,-1,0,0,0,0,-1,0,0,0,0,-1,0,0,0,0,-1,0,0,0,0,-1,0,0,0,0,-1,0,0,0,0,-1,0,0,0,0,-1,0,0,0,0,-1,0,0,0,0,-1,0,0,0,0,-1,0,0,0,0,-1,0,0,0,0,107,123,139,0,3,234,180
2263,1767,fd,1,164,80,0,4,4,2,1056,0,2,0,0,0,1,0,2,192,80,128,0,64506,2600,3482,1,0,0,0,0,5,0,0,10,64,1,0,0,0,0,0,0,1,0,0,192,184,0,0,0,0,0,0,0,0,0,0,0,0,0,-1,0,0,0,0,-1,0,0,0,0,-1,0,0,0,0,-1,0,0,0,0,-1,0,0,0,0,-1,0,0,0,0,-1,0,0,0,0,-1,0,0,0,0,-1,0,0,0,0,-1,0,0,0,0,-1,0,0,0,0,-1,0,0,0,0,106,122,138,0,3,235,180
2264,1768,fd,1,164,80,0,4,4,2,1056,0,2,0,0,0,1,0,2,192,80,128,0,64505,2600,3481,1,0,0,0,0,5,0,0,9,64,1,0,0,0,0,0,0,1,0,0,192,183,128,0,0,0,0,0,0,0,0,0,0,0,0,-1,0,0,0,0,-1,0,0,0,0,-1,0,0,0,0,-1,0,0,0,0,-1,0,0,0,0,-1,0,0,0,0,-1,0,0,0,0,-1,0,0,0,0,-1,0,0,0,0,-1,0,0,0,0,-1,0,0,0,0,-1,0,0,0,0,105,121,137,0,3,236,180
2265,1769,fd,1,164,80,0,4,4,2,1056,0,2,0,0,0,1,0,2,192,80,128,0,64504,2600,3480,1,0,0,0,0,5,0,0,9,64,1,0,0,0,0,0,0,1,0,0,192,181,0,0,0,0,0,0,0,0,0,0,0,0,0,-1,0,0,0,0,-1,0,0,0,0,-1,0,0,0,0,-1,0,0,0,0,-1,0,0,0,0,-1,0,0,0,0,-1,0,0,0,0,-1,0,0,0,0,-1,0,0,0,0,-1,0,0,0,0,-1,0,0,0,0,-1,0,0,0,0,104,120,136,0,3,237,180
2266,1770,fd,1,164,80,0,4,4,2,1056,0,2,0,0,0,1,0,2,192,80,128,0,64503,2600,3479,1,0,0,0,0,5,0,0,9,64,1,0,0,0,0,0,0,1,0,0,192,180,128,0,0,0,0,0,0,0,0,0,0,0,0,-1,0,0,0,0,-1,0,0,0,0,-1,0,0,0,0,-1,0,0,0,0,-1,0,0,0,0,-1,0,0,0,0,-1,0,0,0,0,-1,0,0,0,0,-1,0,0,0,0,-1,0,0,0,0,-1,0,0,0,0,-1,0,0,0,0,103,119,135,0,3,238,180
2267,1771,fd,1,164,80,0,4,4,2,1056,0,2,0,0,0,1,0,2,192,80,128,0,64502,2600,3478,1,0,0,0,0,5,0,0,9,64,1,0,0,0,0,0,0,1,0,0,192,178,0,0,0,0,0,0,0,0,0,0,0,0,0,-1,0,0,0,0,-1,0,0,0,0,-1,0,0,0,0,-1,0,0,0,0,-1,0,0,0,0,-1,0,0,0,0,-1,0,0,0,0,-1,0,0,0,0,-1,0,0,0,0,-1,0,0,0,0,-1,0,0,0,0,-1,0,0,0,0,102,118,134,0,3,239,180
2268,1772,fd,1,164,80,0,4,4,2,1056,0,2,0,0,0,1,0,2,192,80,128,0,64501,2600,3477,1,0,0,0,0,5,0,0,8,64,1,0,0,0,0,0,0,1,0,0,192,177,128,0,0,0,0,0,0,0,0,0,0,0,0,-1,0,0,0,0,-1,0,0,0,0,-1,0,0,0,0,-1,0,0,0,0,-1,0,0,0,0,-1,0,0,0,0,-1,0,0,0,0,-1,0,0,0,0,-1,0,0,0,0,-1,0,0,0,0,-1,0,0,0,0,-1,0,0,0,0,101,117,133,0,3,240,180
2269,1773,fd,1,164,80,0,4,4,2,1056,0,2,0,0,0,1,0,2,192,80,128,0,64500,2600,3476,1,0,0,0,0,5,0,0,8,64,1,0,0,0,0,0,0,1,0,0,192,175,0,0,0,0,0,0,0,0,0,0,0,0,0,-1,0,0,0,0,-1,0,0,0,0,-1,0,0,0,0,-1,0,0,0,0,-1,0,0,0,0,-1,0,0,0,0,-1,0,0,0,0,-1,0,0,0,0,-1,0,0,0,0,-1,0,0,0,0,-1,0,0,0,0,-1,0,0,0,0,100,116,132,0,3,241,180
2270,1774,ed,1,160,80,1,4,4,2,1024,16,2,0,0,0,1,0,4,192,80,128,0,64499,2600,3475,1,0,0,0,0,5,1,0,8,64,1,0,0,0,0,0,0,1,0,0,192,174,128,0,0,0,0,0,0,0,0,0,0,0,0,-1,0,0,0,0,-1,0,0,0,0,-1,0,0,0,0,-1,0,0,0,0,-1,0,0,0,0,-1,0,0,0,0,-1,0,0,0,0,-1,0,0,0,0,-1,0,0,0,0,-1,0,0,0,0,-1,0,0,0,0,-1,0,0,0,0,99,115,131,0,3,242,180
2271,1775,fd,1,157,80,1,4,4,2,992,16,2,0,0,0,1,0,4,192,78,128,0,64498,2600,3474,1,0,0,0,0,5,0,0,8,64,1,0,0,0,0,0,0,1,0,0,192,172,0,0,0,0,0,0,0,0,0,0,0,0,0,-1,0,0,0,0,-1,0,0,0,0,-1,0,0,0,0,-1,0,0,0,0,-1,0,0,0,0,-1,0,0,0,0,-1,0,0,0,0,-1,0,0,0,0,-1,0,0,0,0,-1,0,0,0,0,-1,0,0,0,0,-1,0,0,0,0,98,114,130,0,3,243,180
2272,1776,fd,1,154,80,1,4,4,2,960,0,2,0,0,0,1,0,4,192,76,128,0,64497,2600,3473,1,0,0,0,0,5,0,0,7,64,1,0,0,0,0,0,0,1,0,0,192,171,128,0,0,0,0,0,0,0,0,0,0,0,0,-1,0,0,0,0,-1,0,0,0,0,-1,0,0,0,0,-1,0,0,0,0,-1,0,0,0,0,-1,0,0,0,0,-1,0,0,0,0,-1,0,0,0,0,-1,0,0,0,0,-1,0,0,0,0,-1,0,0,0,0,-1,0,0,0,0,97,113,129,0,3,244,180
2273,1777,fd,1,151,80,1,4,4,2,928,0,2,0,0,0,1,0,4,192,74,128,0,64496,2600,3472,1,0,0,0,0,5,0,0,7,64,1,0,0,0,0,0,0,1,0,0,192,169,0,0,0,0,0,0,0,0,0,0,0,0,0,-1,0,0,0,0,-1,0,0,0,0,-1,0,0,0,0,-1,0,0,0,0,-1,0,0,0,0,-1,0,0,0,0,-1,0,0,0,0,-1,0,0,0,0,-1,0,0,0,0,-1,0,0,0,0,-1,0,0,0,0,-1,0,0,0,0,96,112,128,0,3,245,180
2274,1778,fd,1,148,80,1,4,4,2,896,0,2,0,0,0,1,0,4,192,72,128,0,64495,2600,3471,1,0,0,0,0,5,0,0,7,64,1,0,0,0,0,0,0,1,0,0,192,168,128,0,0,0,0,0,0,0,0,0,0,0,0,-1,0,0,0,0,-1,0,0,0,0,-1,0,0,0,0,-1,0,0,0,0,-1,0,0,0,0,-1,0,0,0,0,-1,0,0,0,0,-1,0,0,0,0,-1,0,0,0,0,-1,0,0,0,0,-1,0,0,0,0,-1,0,0,0,0,95,111,127,0,3,246,180
2275,1779,fd,1,145,80,1,4,4,2,864,0,2,0,0,0,1,0,4,192,70,128,0,64494,2600,3470,1,0,0,0,0,5,0,0,7,64,1,0,0,0,0,0,0,1,0,0,192,166,0,0,0,0,0,0,0,0,0,0,0,0,0,-1,0,0,0,0,-1,0,0,0,0,-1,0,0,0,0,-1,0,0,0,0,-1,0,0,0,0,-1,0,0,0,0,-1,0,0,0,0,-1,0,0,0,0,-1,0,0,0,0,-1,0,0,0,0,-1,0,0,0,0,-1,0,0,0,0,94,110,126,0,3,247,180
2276,1780,fd,1,142,80,1,4,4,2,832,0,2,0,0,0,1,0,4,192,68,128,0,64493,2600,3469,1,0,0,0,0,5,0,0,6,64,1,0,0,0,0,0,0,1,0,0,192,165,128,0,0,0,0,0,0,0,0,0,0,0,0,-1,0,0,0,0,-1,0,0,0,0,-1,0,0,0,0,-1,0,0,0,0,-1,0,0,0,0,-1,0,0,0,0,-1,0,0,0,0,-1,0,0,0,0,-1,0,0,0,0,-1,0,0,0,0,-1,0,0,0,0,-1,0,0,0,0,93,109,125,0,3,248,180
2277,1781,fd,1,139,80,1,4,4,2,800,0,2,0,0,0,1,0,4,192,66,128,0,64492,2600,3468,1,0,0,0,0,5,0,0,6,64,1,0,0,0,0,0,0,1,0,0,192,163,0,0,0,0,0,0,0,0,0,0,0,0,0,-1,0,0,0,0,-1,0,0,0,0,-1,0,0,0,0,-1,0,0,0,0,-1,0,0,0,0,-1,0,0,0,0,-1,0,0,0,0,-1,0,0,0,0,-1,0,0,0,0,-1,0,0,0,0,-1,0,0,0,0,-1,0,0,0,0,92,108,124,0,3,249,180
2278,1782,fd,1,136,80,1,4,4,2,768,0,2,0,0,0,1,0,4,192,64,128,0,64491,2600,3467,1,0,0,0,0,5,0,0,6,64,1,0,0,0,0,0,0,1,0,0,192,162,128,0,0,0,0,0,0,0,0,0,0,0,0,-1,0,0,0,0,-1,0,0,0,0,-1,0,0,0,0,-1,0,0,0,0,-1,0,0,0,0,-1,0,0,0,0,-1,0,0,0,0,-1,0,0,0,0,-1,0,0,0,0,-1,0,0,0,0,-1,0,0,0,0,-1,0,0,0,0,91,107,123,0,3,250,180
2279,1783,fd,1,134,80,1,4,4,2,736,0,2,0,0,0,1,0,4,192,62,128,0,64490,2600,3466,1,0,0,0,0,5,0,0,6,64,1,0,0,0,0,0,0,1,0,0,192,160,0,0,0,0,0,0,0,0,0,0,0,0,0,-1,0,0,0,0,-1,0,0,0,0,-1,0,0,0,0,-1,0,0,0,0,-1,0,0,0,0,-1,0,0,0,0,-1,0,0,0,0,-1,0,0,0,0,-1,0,0,0,0,-1,0,0,0,0,-1,0,0,0,0,-1,0,0,0,0,90,106,122,0,3,251,180
2280,1784,fd,1,132,80,1,4,4,2,704,0,2,0,0,0,1,0,4,192,60,128,0,64489,2600,3465,1,0,0,0,0,5,0,0,5,64,1,0,0,0,0,0,0,1,0,0,192,159,128,0,0,0,0,0,0,0,0,0,0,0,0,-1,0,0,0,0,-1,0,0,0,0,-1,0,0,0,0,-1,0,0,0,0,-1,0,0,0,0,-1,0,0,0,0,-1,0,0,0,0,-1,0,0,0,0,-1,0,0,0,0,-1,0,0,0,0,-1,0,0,0,0,-1,0,0,0,0,89,105,121,0,3,252,180
2281,1785,fd,1,130,80,1,4,4,2,672,0,2,0,0,0,1,0,4,192,58,128,0,64488,2600,3464,1,0,0,0,0,5,0,0,5,64,1,0,0,0,0,0,0,1,0,0,192,157,0,0,0,0,0,0,0,0,0,0,0,0,0,-1,0,0,0,0,-1,0,0,0,0,-1,0,0,0,0,-1,0,0,0,0,-1,0,0,0,0,-1,0,0,0,0,-1,0,0,0,0,-1,0,0,0,0,-1,0,0,0,0,-1,0,0,0,0,-1,0,0,0,0,-1,0,0,0,0,88,104,120,0,3,253,180
2282,1786,fd,1,128,80,1,4,4,2,640,0,2,0,0,0,1,0,4,192,56,128,0,64487,2600,3463,1,0,0,0,0,5,0,0,5,64,1,0,0,0,0,0,0,1,0,0,192,156,128,0,0,0,0,0,0,0,0,0,0,0,0,-1,0,0,0,0,-1,0,0,0,0,-1,0,0,0,0,-1,0,0,0,0,-1,0,0,0,0,-1,0,0,0,0,-1,0,0,0,0,-1,0,0,0,0,-1,0,0,0,0,-1,0,0,0,0,-1,0,0,0,0,-1,0,0,0,0,87,103,119,0,3,254,180
2283,1787,fd,1,126,80,1,4,4,2,608,0,2,0,0,0,1,0,4,192,54,128,0,64486,2600,3462,1,0,0,0,0,5,0,0,5,64,1,0,0,0,0,0,0,1,0,0,192,154,0,0,0,0,0,0,0,0,0,0,0,0,0,-1,0,0,0,0,-1,0,0,0,0,-1,0,0,0,0,-1,0,0,0,0,-1,0,0,0,0,-1,0,0,0,0,-1,0,0,0,0,-1,0,0,0,0,-1,0,0,0,0,-1,0,0,0,0,-1,0,0,0,0,-1,0,0,0,0,86,102,118,0,3,255,180
2284,1788,fd,1,124,80,1,4,4,2,576,0,2,0,0,0,1,0,4,192,52,128,0,64485,2600,3461,1,0,0,0,0,5,0,0,4,64,1,0,0,0,0,0,0,1,0,0,192,153,128,0,0,0,0,0,0,0,0,0,0,0,0,-1,0,0,0,0,-1,0,0,0,0,-1,0,0,0,0,-1,0,0,0,0,-1,0,0,0,0,-1,0,0,0,0,-1,0,0,0,0,-1,0,0,0,0,-1,0,0,0,0,-1,0,0,0,0,-1,0,0,0,0,-1,0,0,0,0,85,101,117,0,3,0,180
2285,1789,fd,1,122,80,1,4,4,2,544,0,2,0,0,0,1,0,4,192,50,128,0,64484,2600,3460,1,0,0,0,0,5,0,0,4,64,1,0,0,0,0,0,0,1,0,0,192,151,0,0,0,0,0,0,0,0,0,0,0,0,0,-1,0,0,0,0,-1,0,0,0,0,-1,0,0,0,0,-1,0,0,0,0,-1,0,0,0,0,-1,0,0,0,0,-1,0,0,0,0,-1,0,0,0,0,-1,0,0,0,0,-1,0,0,0,0,-1,0,0,0,0,-1,0,0,0,0,84,100,116,0,3,1,180
2286,1790,fd,1,120,80,1,4,4,2,512,0,2,0,0,0,1,0,4,192,48,128,0,64483,2600,3459,1,0,0,0,0,5,0,0,4,64,1,0,0,0,0,0,0,1,0,0,192,150,128,0,0,0,0,0,0,0,0,0,0,0,0,-1,0,0,0,0,-1,0,0,0,0,-1,0,0,0,0,-1,0,0,0,0,-1,0,0,0,0,-1,0,0,0,0,-1,0,0,0,0,-1,0,0,0,0,-1,0,0,0,0,-1,0,0,0,0,-1,0,0,0,0,-1,0,0,0,0,83,99,115,0,3,2,180
2287,1791,fd,1,119,80,1,4,4,2,480,0,2,0,0,0,1,0,4,192,46,128,0,64482,2600,3458,1,0,0,0,0,5,0,0,4,64,1,0,0,0,0,0,0,1,0,0,192,148,0,0,0,0,0,0,0,0,0,0,0,0,0,-1,0,0,0,0,-1,0,0,0,0,-1,0,0,0,0,-1,0,0,0,0,-1,0,0,0,0,-1,0,0,0,0,-1,0,0,0,0,-1,0,0,0,0,-1,0,0,0,0,-1,0,0,0,0,-1,0,0,0,0,-1,0,0,0,0,82,98,114,0,3,3,180
2288,1792,fd,1,118,80,1,4,4,2,448,0,2,0,0,0,1,0,4,192,44,128,0,64481,2600,3457,1,0,0,0,0,5,0,0,3,64,1,0,0,0,0,0,0,1,0,0,192,147,128,0,0,0,0,0,0,0,0,0,0,0,0,-1,0,0,0,0,-1,0,0,0,0,-1,0,0,0,0,-1,0,0,0,0,-1,0,0,0,0,-1,0,0,0,0,-1,0,0,0,0,-1,0,0,0,0,-1,0,0,0,0,-1,0,0,0,0,-1,0,0,0,0,-1,0,0,0,0,81,97,113,0,3,4,180
2289,1793,fd,1,117,80,1,4,4,2,416,0,2,0,0,0,1,0,4,192,42,128,0,64480,2600,3456,1,0,0,0,0,5,0,0,3,64,1,0,0,0,0,0,0,1,0,0,192,145,0,0,0,0,0,0,0,0,0,0,0,0,0,-1,0,0,0,0,-1,0,0,0,0,-1,0,0,0,0,-1,0,0,0,0,-1,0,0,0,0,-1,0,0,0,0,-1,0,0,0,0,-1,0,0,0,0,-1,0,0,0,0,-1,0,0,0,0,-1,0,0,0,0,-1,0,0,0,0,80,96,112,0,3,5,180
2290,1794,fd,1,116,80,1,4,4,2,384,0,2,0,0,0,1,0,4,192,40,128,0,64479,2600,3455,1,0,0,0,0,5,0,0,3,64,1,1,0,0,192,240,128,1,0,0,192,144,128,0,0,0,0,0,0,0,0,0,0,0,0,-1,0,0,0,0,-1,0,0,0,0,-1,0,0,0,0,-1,0,0,0,0,-1,0,0,0,0,-1,0,0,0,0,-1,0,0,0,0,-1,0,0,0,0,-1,0,0,0,0,-1,0,0,0,0,-1,0,0,0,0,-1,0,0,0,0,79,95,111,0,3,6,180
2291,1795,fd,1,115,80,1,4,4,2,352,0,2,0,0,0,1,0,4,192,38,128,0,64478,2600,3454,1,0,0,0,0,5,0,0,3,64,1,1,0,0,192,238,0,1,0,0,192,142,0,0,0,0,0,0,0,0,0,0,0,0,0,-1,0,0,0,0,-1,0,0,0,0,-1,0,0,0,0,-1,0,0,0,0,-1,0,0,0,0,-1,0,0,0,0,-1,0,0,0,0,-1,0,0,0,0,-1,0,0,0,0,-1,0,0,0,0,-1,0,0,0,0,-1,0,0,0,0,78,94,110,0,3,7,180
2292,1796,fd,1,114,80,1,4,4,2,320,0,2,0,0,0,1,0,4,192,36,128,0,64477,2600,3453,1,0,0,0,0,5,0,0,2,64,1,1,0,0,192,237,128,1,0,0,192,141,128,0,0,0,0,0,0,0,0,0,0,0,0,-1,0,0,0,0,-1,0,0,0,0,-1,0,0,0,0,-1,0,0,0,0,-1,0,0,0,0,-1,0,0,0,0,-1,0,0,0,0,-1,0,0,0,0,-1,0,0,0,0,-1,0,0,0,0,-1,0,0,0,0,-1,0,0,0,0,77,93,109,0,3,8,180
2293,1797,fd,1,113,80,1,4,4,2,288,0,2,0,0,0,1,0,4,192,34,128,0,64476,2600,3452,1,0,0,0,0,5,0,0,2,64,1,1,0,0,192,235,0,1,0,0,192,139,0,0,0,0,0,0,0,0,0,0,0,0,0,-1,0,0,0,0,-1,0,0,0,0,-1,0,0,0,0,-1,0,0,0,0,-1,0,0,0,0,-1,0,0,0,0,-1,0,0,0,0,-1,0,0,0,0,-1,0,0,0,0,-1,0,0,0,0,-1,0,0,0,0,-1,0,0,0,0,76,92,108,0,3,9,180
2294,1798,fd,1,112,80,1,4,4,2,256,0,2,0,0,0,1,0,4,192,32,128,0,64475,2600,3451,1,0,0,0,0,5,0,0,2,64,1,1,0,0,192,234,128,1,0,0,192,138,128,0,0,0,0,0,0,0,0,0,0,0,0,-1,0,0,0,0,-1,0,0,0,0,-1,0,0,0,0,-1,0,0,0,0,-1,0,0,0,0,-1,0,0,0,0,-1,0,0,0,0,-1,0,0,0,0,-1,0,0,0,0,-1,0,0,0,0,-1,0,0,0,0,-1,0,0,0,0,75,91,107,0,3,10,180
2295,1799,fd,1,112,80,1,4,4,2,224,0,2,0,0,0,1,0,4,192,30,128,0,64474,2600,3450,1,0,0,0,0,5,0,0,2,64,1,1,0,0,192,232,0,1,0,0,192,136,0,0,0,0,0,0,0,0,0,0,0,0,0,-1,0,0,0,0,-1,0,0,0,0,-1,0,0,0,0,-1,0,0,0,0,-1,0,0,0,0,-1,0,0,0,0,-1,0,0,0,0,-1,0,0,0,0,-1,0,0,0,0,-1,0,0,0,0,-1,0,0,0,0,-1,0,0,0,0,74,90,106,0,3,11,180
2296,1800,fd,1,112,80,1,4,4,2,160,0,2,0,0,0,1,0,4,192,28,128,0,64473,2600,3449,1,0,0,0,0,5,0,0,1,64,1,1,0,0,192,231,128,1,0,0,192,135,128,0,0,0,0,0,0,0,0,0,0,0,0,-1,0,0,0,0,-1,0,0,0,0,-1,0,0,0,0,-1,0,0,0,0,-1,0,0,0,0,-1,0,0,0,0,-1,0,0,0,0,-1,0,0,0,0,-1,0,0,0,0,-1,0,0,0,0,-1,0,0,0,0,-1,0,0,0,0,73,89,105,0,3,12,180
2297,1801,fd,1,112,80,1,4,4,2,96,0,2,0,0,0,1,0,4,192,26,128,0,64472,2600,3448,1,0,0,0,0,5,0,0,1,64,1,1,0,0,192,229,0,1,0,0,192,133,0,0,0,0,0,0,0,0,0,0,0,0,0,-1,0,0,0,0,-1,0,0,0,0,-1,0,0,0,0,-1,0,0,0,0,-1,0,0,0,0,-1,0,0,0,0,-1,0,0,0,0,-1,0,0,0,0,-1,0,0,0,0,-1,0,0,0,0,-1,0,0,0,0,-1,0,0,0,0,72,88,104,0,3,13,180
2298,1802,fd,1,112,80,1,4,4,2,32,0,2,0,0,0,1,0,4,192,24,128,0,64471,2600,3447,1,0,0,0,0,5,0,0,1,64,1,1,0,0,192,228,128,1,0,0,192,132,128,0,0,0,0,0,0,0,0,0,0,0,0,-1,0,0,0,0,-1,0,0,0,0,-1,0,0,0,0,-1,0,0,0,0,-1,0,0,0,0,-1,0,0,0,0,-1,0,0,0,0,-1,0,0,0,0,-1,0,0,0,0,-1,0,0,0,0,-1,0,0,0,0,-1,0,0,0,0,71,87,103,0,3,14,180
2299,1803,fd,1,112,80,2,4,4,2,64,0,2,0,0,0,1,0,4,192,22,128,0,64470,2600,3446,1,0,0,0,0,5,0,0,1,64,1,1,0,0,192,226,0,1,0,0,192,130,0,0,0,0,0,0,0,0,0,0,0,0,0,-1,0,0,0,0,-1,0,0,0,0,-1,0,0,0,0,-1,0,0,0,0,-1,0,0,0,0,-1,0,0,0,0,-1,0,0,0,0,-1,0,0,0,0,-1,0,0,0,0,-1,0,0,0,0,-1,0,0,0,0,-1,0,0,0,0,70,86,102,0,3,15,180
2300,1804,fd,1,112,80,2,4,4,2,128,0,2,0,0,0,1,0,4,192,20,128,0,64469,2600,3445,1,0,0,0,0,5,0,0,0,64,1,1,0,0,192,225,128,1,0,0,192,129,128,0,0,0,0,0,0,0,0,0,0,0,0,-1,0,0,0,0,-1,0,0,0,0,-1,0,0,0,0,-1,0,0,0,0,-1,0,0,0,0,-1,0,0,0,0,-1,0,0,0,0,-1,0,0,0,0,-1,0,0,0,0,-1,0,0,0,0,-1,0,0,0,0,-1,0,0,0,0,69,85,101,0,3,16,180
2301,1805,fd,1,112,80,2,4,4,2,192,0,2,0,0,0,1,0,4,192,18,128,0,64468,2600,3444,1,0,0,0,0,5,0,0,0,64,1,1,0,0,192,223,0,1,0,0,192,127,0,0,0,0,0,0,0,0,0,0,0,0,0,-1,0,0,0,0,-1,0,0,0,0,-1,0,0,0,0,-1,0,0,0,0,-1,0,0,0,0,-1,0,0,0,0,-1,0,0,0,0,-1,0,0,0,0,-1,0,0,0,0,-1,0,0,0,0,-1,0,0,0,0,-1,0,0,0,0,68,84,100,0,3,17,180
2302,1806,fd,1,113,80,2,4,4,2,256,0,2,0,0,0,1,0,4,192,16,128,0,64467,2600,3443,1,0,0,0,0,5,0,0,0,64,1,1,0,0,192,222,128,1,0,0,192,126,128,0,0,0,0,0,0,0,0,0,0,0,0,-1,0,0,0,0,-1,0,0,0,0,-1,0,0,0,0,-1,0,0,0,0,-1,0,0,0,0,-1,0,0,0,0,-1,0,0,0,0,-1,0,0,0,0,-1,0,0,0,0,-1,0,0,0,0,-1,0,0,0,0,-1,0,0,0,0,67,83,99,0,3,18,180
2303,1807,fd,1,114,80,2,4,4,2,288,0,2,0,0,0,1,0,4,192,14,128,0,64466,2600,3442,1,0,0,0,0,5,0,0,0,64,1,1,0,0,192,220,0,1,0,0,192,124,0,0,0,0,0,0,0,0,0,0,0,0,0,-1,0,0,0,0,-1,0,0,0,0,-1,0,0,0,0,-1,0,0,0,0,-1,0,0,0,0,-1,0,0,0,0,-1,0,0,0,0,-1,0,0,0,0,-1,0,0,0,0,-1,0,0,0,0,-1,0,0,0,0,-1,0,0,0,0,66,82,98,0,3,19,180
2304,1808,fd,1,115,80,2,4,4,2,320,0,2,0,0,0,1,0,4,192,12,128,0,64465,2600,3441,1,0,0,0,0,5,0,0,0,64,1,1,0,0,192,219,128,1,0,0,192,123,128,0,0,0,0,0,0,0,0,0,0,0,0,-1,0,0,0,0,-1,0,0,0,0,-1,0,0,0,0,-1,0,0,0,0,-1,0,0,0,0,-1,0,0,0,0,-1,0,0,0,0,-1,0,0,0,0,-1,0,0,0,0,-1,0,0,0,0,-1,0,0,0,0,-1,0,0,0,0,65,81,97,0,3,20,180
2305,1809,fd,1,116,80,2,4,4,2,352,0,2,0,0,0,1,0,4,192,10,128,0,64464,2600,3440,1,0,0,0,0,5,0,0,0,64,1,1,0,0,192,217,0,1,0,0,192,121,0,0,0,0,0,0,0,0,0,0,0,0,0,-1,0,0,0,0,-1,0,0,0,0,-1,0,0,0,0,-1,0,0,0,0,-1,0,0,0,0,-1,0,0,0,0,-1,0,0,0,0,-1,0,0,0,0,-1,0,0,0,0,-1,0,0,0,0,-1,0,0,0,0,-1,0,0,0,0,64,80,96,0,3,21,180
2306,1810,fd,1,117,80,2,4,4,2,384,0,2,0,0,0,1,0,4,192,8,128,0,64463,2600,3439,1,0,0,0,0,5,0,0,0,64,1,1,0,0,192,216,128,1,0,0,192,120,128,0,0,0,0,0,0,0,0,0,0,0,0,-1,0,0,0,0,-1,0,0,0,0,-1,0,0,0,0,-1,0,0,0,0,-1,0,0,0,0,-1,0,0,0,0,-1,0,0,0,0,-1,0,0,0,0,-1,0,0,0,0,-1,0,0,0,0,-1,0,0,0,0,-1,0,0,0,0,63,79,95,0,3,22,180
2307,1811,fd,1,118,80,2,4,4,2,416,0,2,0,0,0,1,0,4,192,6,128,0,64462,2600,3438,1,0,0,0,0,5,0,0,0,64,1,1,0,0,192,214,0,1,0,0,192,118,0,0,0,0,0,0,0,0,0,0,0,0,0,-1,0,0,0,0,-1,0,0,0,0,-1,0,0,0,0,-1,0,0,0,0,-1,0,0,0,0,-1,0,0,0,0,-1,0,0,0,0,-1,0,0,0,0,-1,0,0,0,0,-1,0,0,0,0,-1,0,0,0,0,-1,0,0,0,0,62,78,94,0,3,23,180
2308,1812,fd,1,119,80,2,4,4,2,448,0,2,0,0,0,1,0,4,192,4,128,0,64461,2600,3437,1,0,0,0,0,5,0,0,0,64,1,1,0,0,192,213,128,1,0,0,192,117,128,0,0,0,0,0,0,0,0,0,0,0,0,-1,0,0,0,0,-1,0,0,0,0,-1,0,0,0,0,-1,0,0,0,0,-1,0,0,0,0,-1,0,0,0,0,-1,0,0,0,0,-1,0,0,0,0,-1,0,0,0,0,-1,0,0,0,0,-1,0,0,0,0,-1,0,0,0,0,61,77,93,0,3,24,180
2309,1813,fd,1,120,80,2,4,4,2,480,0,2,0,0,0,1,0,4,192,2,128,0,64460,2600,3436,1,0,0,0,0,5,0,0,0,64,1,1,0,0,192,211,0,1,0,0,192,115,0,0,0,0,0,0,0,0,0,0,0,0,0,-1,0,0,0,0,-1,0,0,0,0,-1,0,0,0,0,-1,0,0,0,0,-1,0,0,0,0,-1,0,0,0,0,-1,0,0,0,0,-1,0,0,0,0,-1,0,0,0,0,-1,0,0,0,0,-1,0,0,0,0,-1,0,0,0,0,60,76,92,0,3,25,180
2310,1814,fd,1,122,80,2,4,4,2,512,0,2,0,0,0,1,0,4,192,0,128,0,64459,2600,3435,1,0,0,0,0,5,0,0,0,64,1,1,0,0,192,210,128,1,0,0,192,114,128,0,0,0,0,0,0,0,0,0,0,0,0,-1,0,0,0,0,-1,0,0,0,0,-1,0,0,0,0,-1,0,0,0,0,-1,0,0,0,0,-1,0,0,0,0,-1,0,0,0,0,-1,0,0,0,0,-1,0,0,0,0,-1,0,0,0,0,-1,0,0,0,0,-1,0,0,0,0,59,75,91,0,3,26,180
2311,1815,fd,1,124,80,2,4,4,2,544,0,2,0,0,0,1,0,4,192,254,128,0,64458,2600,3434,1,0,0,0,0,5,0,0,0,64,1,1,0,0,192,208,0,1,0,0,192,112,0,0,0,0,0,0,0,0,0,0,0,0,0,-1,0,0,0,0,-1,0,0,0,0,-1,0,0,0,0,-1,0,0,0,0,-1,0,0,0,0,-1,0,0,0,0,-1,0,0,0,0,-1,0,0,0,0,-1,0,0,0,0,-1,0,0,0,0,-1,0,0,0,0,-1,0,0,0,0,58,74,90,0,3,27,180
2312,1816,fd,1,126,80,2,4,4,2,576,0,2,0,0,0,1,0,4,192,252,128,0,64457,2600,3433,1,0,0,0,0,5,0,0,0,64,1,1,0,0,192,207,128,1,0,0,192,111,128,0,0,0,0,0,0,0,0,0,0,0,0,-1,0,0,0,0,-1,0,0,0,0,-1,0,0,0,0,-1,0,0,0,0,-1,0,0,0,0,-1,0,0,0,0,-1,0,0,0,0,-1,0,0,0,0,-1,0,0,0,0,-1,0,0,0,0,-1,0,0,0,0,-1,0,0,0,0,57,73,89,0,3,28,180
2313,1817,fd,1,128,80,2,4,4,2,608,0,2,0,0,0,1,0,4,192,250,128,0,64456,2600,3432,1,0,0,0,0,5,0,0,0,64,1,1,0,0,192,205,0,1,0,0,192,109,0,0,0,0,0,0,0,0,0,0,0,0,0,-1,0,0,0,0,-1,0,0,0,0,-1,0,0,0,0,-1,0,0,0,0,-1,0,0,0,0,-1,0,0,0,0,-1,0,0,0,0,-1,0,0,0,0,-1,0,0,0,0,-1,0,0,0,0,-1,0,0,0,0,-1,0,0,0,0,56,72,88,0,3,29,180
2314,1818,fd,1,130,80,2,4,4,2,640,0,2,0,0,0,1,0,4,192,248,128,0,64455,2600,3431,1,0,0,0,0,5,0,0,0,64,1,1,0,0,192,204,128,1,0,0,192,108,128,0,0,0,0,0,0,0,0,0,0,0,0,-1,0,0,0,0,-1,0,0,0,0,-1,0,0,0,0,-1,0,0,0,0,-1,0,0,0,0,-1,0,0,0,0,-1,0,0,0,0,-1,0,0,0,0,-1,0,0,0,0,-1,0,0,0,0,-1,0,0,0,0,-1,0,0,0,0,55,71,87,0,3,30,180
2315,1819,fd,1,132,80,2,4,4,2,672,0,2,0,0,0,1,0,4,192,246,128,0,64454,2600,3430,1,0,0,0,0,5,0,0,0,64,1,1,0,0,192,202,0,1,0,0,192,106,0,0,0,0,0,0,0,0,0,0,0,0,0,-1,0,0,0,0,-1,0,0,0,0,-1,0,0,0,0,-1,0,0,0,0,-1,0,0,0,0,-1,0,0,0,0,-1,0,0,0,0,-1,0,0,0,0,-1,0,0,0,0,-1,0,0,0,0,-1,0,0,0,0,-1,0,0,0,0,54,70,86,0,3,31,180
2316,1820,fd,1,134,80,2,4,4,2,704,0,2,0,0,0,1,0,4,192,244,128,0,64453,2600,3429,1,0,0,0,0,5,0,0,0,64,1,1,0,0,192,201,128,1,0,0,192,105,128,0,0,0,0,0,0,0,0,0,0,0,0,-1,0,0,0,0,-1,0,0,0,0,-1,0,0,0,0,-1,0,0,0,0,-1,0,0,0,0,-1,0,0,0,0,-1,0,0,0,0,-1,0,0,0,0,-1,0,0,0,0,-1,0,0,0,0,-1,0,0,0,0,-1,0,0,0,0,53,69,85,0,3,32,180
2317,1821,fd,1,136,80,2,4,4,2,736,0,2,0,0,0,1,0,4,192,242,128,0,64452,2600,3428,1,0,0,0,0,5,0,0,0,64,1,1,0,0,192,199,0,1,0,0,192,103,0,0,0,0,0,0,0,0,0,0,0,0,0,-1,0,0,0,0,-1,0,0,0,0,-1,0,0,0,0,-1,0,0,0,0,-1,0,0,0,0,-1,0,0,0,0,-1,0,0,0,0,-1,0,0,0,0,-1,0,0,0,0,-1,0,0,0,0,-1,0,0,0,0,-1,0,0,0,0,52,68,84,0,3,33,180
2318,1822,fd,1,139,80,2,4,4,2,768,0,2,0,0,0,0,0,0,0,0,0,0,64451,2600,3427,1,0,0,0,0,5,0,0,0,64,1,1,0,0,192,198,128,1,0,0,192,102,128,0,0,0,0,0,0,0,0,0,0,0,0,-1,0,0,0,0,-1,0,0,0,0,-1,0,0,0,0,-1,0,0,0,0,-1,0,0,0,0,-1,0,0,0,0,-1,0,0,0,0,-1,0,0,0,0,-1,0,0,0,0,-1,0,0,0,0,-1,0,0,0,0,-1,0,0,0,0,51,67,83,0,3,34,180
2319,1823,fd,1,142,80,2,4,4,2,800,0,2,0,0,0,0,0,0,0,0,0,0,64450,2600,3426,1,0,0,0,0,5,0,0,0,64,1,1,0,0,192,196,0,1,0,0,192,100,0,0,0,0,0,0,0,0,0,0,0,0,0,-1,0,0,0,0,-1,0,0,0,0,-1,0,0,0,0,-1,0,0,0,0,-1,0,0,0,0,-1,0,0,0,0,-1,0,0,0,0,-1,0,0,0,0,-1,0,0,0,0,-1,0,0,0,0,-1,0,0,0,0,-1,0,0,0,0,50,66,82,0,3,35,180
2320,1824,fd,1,145,80,2,4,4,2,832,0,2,0,0,0,0,0,0,0,0,0,0,64449,2600,3425,1,0,0,0,0,5,0,0,0,64,1,1,0,0,192,195,128,1,0,0,192,99,128,0,0,0,0,0,0,0,0,0,0,0,0,-1,0,0,0,0,-1,0,0,0,0,-1,0,0,0,0,-1,0,0,0,0,-1,0,0,0,0,-1,0,0,0,0,-1,0,0,0,0,-1,0,0,0,0,-1,0,0,0,0,-1,0,0,0,0,-1,0,0,0,0,-1,0,0,0,0,49,65,81,0,3,36,180
2321,1825,fd,1,148,80,2,4,4,2,864,0,2,0,0,0,0,0,0,0,0,0,0,64448,2600,3424,1,0,0,0,0,5,0,0,0,64,1,1,0,0,192,193,0,1,0,0,192,97,0,0,0,0,0,0,0,0,0,0,0,0,0,-1,0,0,0,0,-1,0,0,0,0,-1,0,0,0,0,-1,0,0,0,0,-1,0,0,0,0,-1,0,0,0,0,-1,0,0,0,0,-1,0,0,0,0,-1,0,0,0,0,-1,0,0,0,0,-1,0,0,0,0,-1,0,0,0,0,48,64,80,0,3,37,180
2322,1826,fd,1,151,80,2,4,4,2,896,0,2,0,0,0,0,0,0,0,0,0,0,64447,2600,3423,1,0,0,0,0,5,0,0,0,64,1,1,0,0,192,192,128,1,0,0,192,96,128,0,0,0,0,0,0,0,0,0,0,0,0,-1,0,0,0,0,-1,0,0,0,0,-1,0,0,0,0,-1,0,0,0,0,-1,0,0,0,0,-1,0,0,0,0,-1,0,0,0,0,-1,0,0,0,0,-1,0,0,0,0,-1,0,0,0,0,-1,0,0,0,0,-1,0,0,0,0,47,63,79,0,3,38,180
2323,1827,fd,1,154,80,2,4,4,2,928,0,2,0,0,0,0,0,0,0,0,0,0,64446,2600,3422,1,0,0,0,0,5,0,0,0,64,1,1,0,0,192,190,0,1,0,0,192,94,0,0,0,0,0,0,0,0,0,0,0,0,0,-1,0,0,0,0,-1,0,0,0,0,-1,0,0,0,0,-1,0,0,0,0,-1,0,0,0,0,-1,0,0,0,0,-1,0,0,0,0,-1,0,0,0,0,-1,0,0,0,0,-1,0,0,0,0,-1,0,0,0,0,-1,0,0,0,0,46,62,78,0,3,39,180
2324,1828,fd,1,157,80,2,4,4,2,960,0,2,0,0,0,0,0,0,0,0,0,0,64445,2600,3421,1,0,0,0,0,5,0,0,0,64,1,1,0,0,192,189,128,1,0,0,192,93,128,0,0,0,0,0,0,0,0,0,0,0,0,-1,0,0,0,0,-1,0,0,0,0,-1,0,0,0,0,-1,0,0,0,0,-1,0,0,0,0,-1,0,0,0,0,-1,0,0,0,0,-1,0,0,0,0,-1,0,0,0,0,-1,0,0,0,0,-1,0,0,0,0,-1,0,0,0,0,45,61,77,0,3,40,180
2325,1829,fd,1,160,80,2,4,4,2,992,0,2,0,0,0,0,0,0,0,0,0,0,64444,2600,3420,1,0,0,0,0,5,0,0,0,64,1,1,0,0,192,187,0,1,0,0,192,91,0,0,0,0,0,0,0,0,0,0,0,0,0,-1,0,0,0,0,-1,0,0,0,0,-1,0,0,0,0,-1,0,0,0,0,-1,0,0,0,0,-1,0,0,0,0,-1,0,0,0,0,-1,0,0,0,0,-1,0,0,0,0,-1,0,0,0,0,-1,0,0,0,0,-1,0,0,0,0,44,60,76,0,3,41,180
2326,1830,fd,1,164,80,0,4,4,2,1056,0,2,0,0,0,1,0,2,192,89,128,1,64443,2700,3419,1,0,0,0,0,6,0,0,16,64,1,1,0,0,192,186,128,0,0,0,0,0,0,0,0,0,0,0,0,0,0,0,0,0,0,-1,0,0,0,0,-1,0,0,0,0,-1,0,0,0,0,-1,0,0,0,0,-1,0,0,0,0,-1,0,0,0,0,-1,0,0,0,0,-1,0,0,0,0,-1,0,0,0,0,-1,0,0,0,0,-1,0,0,0,0,-1,0,0,0,0,43,59,75,0,3,42,180
2327,1831,fd,1,164,80,0,4,4,2,1056,0,2,0,0,0,1,0,2,192,88,128,1,64442,2700,3418,1,0,0,0,0,6,0,0,16,64,1,1,0,0,192,184,0,0,0,0,0,0,0,0,0,0,0,0,0,0,0,0,0,0,0,-1,0,0,0,0,-1,0,0,0,0,-1,0,0,0,0,-1,0,0,0,0,-1,0,0,0,0,-1,0,0,0,0,-1,0,0,0,0,-1,0,0,0,0,-1,0,0,0,0,-1,0,0,0,0,-1,0,0,0,0,-1,0,0,0,0,42,58,74,0,3,43,180
2328,1832,fd,1,164,80,0,4,4,2,1056,0,2,0,0,0,1,0,2,192,87,128,1,64441,2700,3417,1,0,0,0,0,6,0,0,15,64,1,1,0,0,192,183,128,0,0,0,0,0,0,0,0,0,0,0,0,0,0,0,0,0,0,-1,0,0,0,0,-1,0,0,0,0,-1,0,0,0,0,-1,0,0,0,0,-1,0,0,0,0,-1,0,0,0,0,-1,0,0,0,0,-1,0,0,0,0,-1,0,0,0,0,-1,0,0,0,0,-1,0,0,0,0,-1,0,0,0,0,41,57,73,0,3,44,180
2329,1833,fd,1,164,80,0,4,4,2,1056,0,2,0,0,0,1,0,2,192,86,128,1,64440,2700,3416,1,0,0,0,0,6,0,0,15,64,1,1,0,0,192,181,0,0,0,0,0,0,0,0,0,0,0,0,0,0,0,0,0,0,0,-1,0,0,0,0,-1,0,0,0,0,-1,0,0,0,0,-1,0,0,0,0,-1,0,0,0,0,-1,0,0,0,0,-1,0,0,0,0,-1,0,0,0,0,-1,0,0,0,0,-1,0,0,0,0,-1,0,0,0,0,-1,0,0,0,0,40,56,72,0,3,45,180
2330,1834,fd,1,164,80,0,4,4,2,1056,0,2,0,0,0,1,0,2,192,85,128,1,64439,2700,3415,1,0,0,0,0,6,0,0,15,64,1,1,0,0,192,180,128,1,0,0,192,240,128,0,0,0,0,0,0,0,0,0,0,0,0,-1,0,0,0,0,-1,0,0,0,0,-1,0,0,0,0,-1,0,0,0,0,-1,0,0,0,0,-1,0,0,0,0,-1,0,0,0,0,-1,0,0,0,0,-1,0,0,0,0,-1,0,0,0,0,-1,0,0,0,0,-1,0,0,0,0,39,55,71,0,3,46,180
2331,1835,fd,1,164,80,0,4,4,2,1056,0,2,0,0,0,1,0,2,192,84,128,1,64438,2700,3414,1,0,0,0,0,6,0,0,15,64,1,1,0,0,192,178,0,1,0,0,192,238,0,0,0,0,0,0,0,0,0,0,0,0,0,-1,0,0,0,0,-1,0,0,0,0,-1,0,0,0,0,-1,0,0,0,0,-1,0,0,0,0,-1,0,0,0,0,-1,0,0,0,0,-1,0,0,0,0,-1,0,0,0,0,-1,0,0,0,0,-1,0,0,0,0,-1,0,0,0,0,38,54,70,0,3,47,180
2332,1836,fd,1,164,80,0,4,4,2,1056,0,2,0,0,0,1,0,2,192,83,128,1,64437,2700,3413,1,0,0,0,0,6,0,0,14,64,1,1,0,0,192,177,128,1,0,0,192,237,128,0,0,0,0,0,0,0,0,0,0,0,0,-1,0,0,0,0,-1,0,0,0,0,-1,0,0,0,0,-1,0,0,0,0,-1,0,0,0,0,-1,0,0,0,0,-1,0,0,0,0,-1,0,0,0,0,-1,0,0,0,0,-1,0,0,0,0,-1,0,0,0,0,-1,0,0,0,0,37,53,69,0,3,48,180
2333,1837,fd,1,164,80,0,4,4,2,1056,0,2,0,0,0,1,0,2,192,82,128,1,64436,2700,3412,1,0,0,0,0,6,0,0,14,64,1,1,0,0,192,175,0,1,0,0,192,235,0,0,0,0,0,0,0,0,0,0,0,0,0,-1,0,0,0,0,-1,0,0,0,0,-1,0,0,0,0,-1,0,0,0,0,-1,0,0,0,0,-1,0,0,0,0,-1,0,0,0,0,-1,0,0,0,0,-1,0,0,0,0,-1,0,0,0,0,-1,0,0,0,0,-1,0,0,0,0,36,52,68,0,3,49,180
2334,1838,fd,1,164,80,0,4,4,2,1056,0,2,0,0,0,1,0,2,192,81,128,1,64435,2700,3411,1,0,0,0,0,6,0,0,14,64,1,1,0,0,192,174,128,1,0,0,192,234,128,0,0,0,0,0,0,0,0,0,0,0,0,-1,0,0,0,0,-1,0,0,0,0,-1,0,0,0,0,-1,0,0,0,0,-1,0,0,0,0,-1,0,0,0,0,-1,0,0,0,0,-1,0,0,0,0,-1,0,0,0,0,-1,0,0,0,0,-1,0,0,0,0,-1,0,0,0,0,35,51,67,0,3,50,180
2335,1839,fd,1,164,80,0,4,4,2,1056,0,2,0,0,0,1,0,2,192,80,128,0,64434,2700,3410,1,0,0,0,0,6,0,0,14,64,1,1,0,0,192,172,0,1,0,0,192,232,0,0,0,0,0,0,0,0,0,0,0,0,0,-1,0,0,0,0,-1,0,0,0,0,-1,0,0,0,0,-1,0,0,0,0,-1,0,0,0,0,-1,0,0,0,0,-1,0,0,0,0,-1,0,0,0,0,-1,0,0,0,0,-1,0,0,0,0,-1,0,0,0,0,-1,0,0,0,0,34,50,66,0,3,51,180
2336,1840,fd,1,164,80,0,4,4,2,1056,0,2,0,0,0,1,0,2,192,80,128,0,64433,2700,3409,1,0,0,0,0,6,0,0,13,64,1,1,0,0,192,171,128,1,0,0,192,231,128,0,0,0,0,0,0,0,0,0,0,0,0,-1,0,0,0,0,-1,0,0,0,0,-1,0,0,0,0,-1,0,0,0,0,-1,0,0,0,0,-1,0,0,0,0,-1,0,0,0,0,-1,0,0,0,0,-1,0,0,0,0,-1,0,0,0,0,-1,0,0,0,0,-1,0,0,0,0,33,49,65,0,3,52,180
2337,1841,fd,1,164,80,0,4,4,2,1056,0,2,0,0,0,1,0,2,192,80,128,0,64432,2700,3408,1,0,0,0,0,6,0,0,13,64,1,1,0,0,192,169,0,1,0,0,192,229,0,0,0,0,0,0,0,0,0,0,0,0,0,-1,0,0,0,0,-1,0,0,0,0,-1,0,0,0,0,-1,0,0,0,0,-1,0,0,0,0,-1,0,0,0,0,-1,0,0,0,0,-1,0,0,0,0,-1,0,0,0,0,-1,0,0,0,0,-1,0,0,0,0,-1,0,0,0,0,32,48,64,0,3,53,180
2338,1842,fd,1,164,80,0,4,4,2,1056,0,2,0,0,0,1,0,2,192,80,128,0,64431,2700,3407,1,0,0,0,0,6,0,0,13,64,1,1,0,0,192,168,128,1,0,0,192,228,128,0,0,0,0,0,0,0,0,0,0,0,0,-1,0,0,0,0,-1,0,0,0,0,-1,0,0,0,0,-1,0,0,0,0,-1,0,0,0,0,-1,0,0,0,0,-1,0,0,0,0,-1,0,0,0,0,-1,0,0,0,0,-1,0,0,0,0,-1,0,0,0,0,-1,0,0,0,0,31,47,63,0,3,54,180
2339,1843,fd,1,164,80,0,4,4,2,1056,0,2,0,0,0,1,0,2,192,80,128,0,64430,2700,3406,1,0,0,0,0,6,0,0,13,64,1,1,0,0,192,166,0,1,0,0,192,226,0,0,0,0,0,0,0,0,0,0,0,0,0,-1,0,0,0,0,-1,0,0,0,0,-1,0,0,0,0,-1,0,0,0,0,-1,0,0,0,0,-1,0,0,0,0,-1,0,0,0,0,-1,0,0,0,0,-1,0,0,0,0,-1,0,0,0,0,-1,0,0,0,0,-1,0,0,0,0,30,46,62,0,3,55,180
2340,1844,fd,1,164,80,0,4,4,2,1056,0,2,0,0,0,1,0,2,192,80,128,0,64429,2700,3405,1,0,0,0,0,6,0,0,12,64,1,1,0,0,192,165,128,1,0,0,192,225,128,0,0,0,0,0,0,0,0,0,0,0,0,-1,0,0,0,0,-1,0,0,0,0,-1,0,0,0,0,-1,0,0,0,0,-1,0,0,0,0,-1,0,0,0,0,-1,0,0,0,0,-1,0,0,0,0,-1,0,0,0,0,-1,0,0,0,0,-1,0,0,0,0,-1,0,0,0,0,29,45,61,0,3,56,180
2341,1845,fd,1,164,80,0,4,4,2,1056,0,2,0,0,0,1,0,2,192,80,128,0,64428,2700,3404,1,0,0,0,0,6,0,0,12,64,1,1,0,0,192,163,0,1,0,0,192,223,0,0,0,0,0,0,0,0,0,0,0,0,0,-1,0,0,0,0,-1,0,0,0,0,-1,0,0,0,0,-1,0,0,0,0,-1,0,0,0,0,-1,0,0,0,0,-1,0,0,0,0,-1,0,0,0,0,-1,0,0,0,0,-1,0,0,0,0,-1,0,0,0,0,-1,0,0,0,0,28,44,60,0,3,57,180
2342,1846,fd,1,164,80,0,4,4,2,1056,0,2,0,0,0,1,0,2,192,80,128,0,64427,2700,3403,1,0,0,0,0,6,0,0,12,64,1,1,0,0,192,162,128,1,0,0,192,222,128,0,0,0,0,0,0,0,0,0,0,0,0,-1,0,0,0,0,-1,0,0,0,0,-1,0,0,0,0,-1,0,0,0,0,-1,0,0,0,0,-1,0,0,0,0,-1,0,0,0,0,-1,0,0,0,0,-1,0,0,0,0,-1,0,0,0,0,-1,0,0,0,0,-1,0,0,0,0,27,43,59,0,3,58,180
2343,1847,fd,1,164,80,0,4,4,2,1056,0,2,0,0,0,1,0,2,192,80,128,0,64426,2700,3402,1,0,0,0,0,6,0,0,12,64,1,1,0,0,192,160,0,1,0,0,192,220,0,0,0,0,0,0,0,0,0,0,0,0,0,-1,0,0,0,0,-1,0,0,0,0,-1,0,0,0,0,-1,0,0,0,0,-1,0,0,0,0,-1,0,0,0,0,-1,0,0,0,0,-1,0,0,0,0,-1,0,0,0,0,-1,0,0,0,0,-1,0,0,0,0,-1,0,0,0,0,26,42,58,0,3,59,180
2344,1848,fd,1,164,80,0,4,4,2,1056,0,2,0,0,0,1,0,2,192,80,128,0,64425,2700,3401,1,0,0,0,0,6,0,0,11,64,1,1,0,0,192,159,128,1,0,0,192,219,128,0,0,0,0,0,0,0,0,0,0,0,0,-1,0,0,0,0,-1,0,0,0,0,-1,0,0,0,0,-1,0,0,0,0,-1,0,0,0,0,-1,0,0,0,0,-1,0,0,0,0,-1,0,0,0,0,-1,0,0,0,0,-1,0,0,0,0,-1,0,0,0,0,-1,0,0,0,0,25,41,57,0,3,60,180
2345,1849,fd,1,164,80,0,4,4,2,1056,0,2,0,0,0,1,0,2,192,80,128,0,64424,2700,3400,1,0,0,0,0,6,0,0,11,64,1,1,0,0,192,157,0,1,0,0,192,217,0,0,0,0,0,0,0,0,0,0,0,0,0,-1,0,0,0,0,-1,0,0,0,0,-1,0,0,0,0,-1,0,0,0,0,-1,0,0,0,0,-1,0,0,0,0,-1,0,0,0,0,-1,0,0,0,0,-1,0,0,0,0,-1,0,0,0,0,-1,0,0,0,0,-1,0,0,0,0,24,40,56,0,3,61,180
2346,1850,fd,1,164,80,0,4,4,2,1056,0,2,0,0,0,1,0,2,192,80,128,0,64423,2700,3399,1,0,0,0,0,6,0,0,11,64,1,1,0,0,192,156,128,1,0,0,192,216,128,0,0,0,0,0,0,0,0,0,0,0,0,-1,0,0,0,0,-1,0,0,0,0,-1,0,0,0,0,-1,0,0,0,0,-1,0,0,0,0,-1,0,0,0,0,-1,0,0,0,0,-1,0,0,0,0,-1,0,0,0,0,-1,0,0,0,0,-1,0,0,0,0,-1,0,0,0,0,23,39,55,0,3,62,180
2347,1851,fd,1,164,80,0,4,4,2,1056,0,2,0,0,0,1,0,2,192,80,128,0,64422,2700,3398,1,0,0,0,0,6,0,0,11,64,1,1,0,0,192,154,0,1,0,0,192,214,0,0,0,0,0,0,0,0,0,0,0,0,0,-1,0,0,0,0,-1,0,0,0,0,-1,0,0,0,0,-1,0,0,0,0,-1,0,0,0,0,-1,0,0,0,0,-1,0,0,0,0,-1,0,0,0,0,-1,0,0,0,0,-1,0,0,0,0,-1,0,0,0,0,-1,0,0,0,0,22,38,54,0,3,63,180
2348,1852,fd,1,164,80,0,4,4,2,1056,0,2,0,0,0,1,0,2,192,80,128,0,64421,2700,3397,1,0,0,0,0,6,0,0,10,64,1,1,0,0,192,153,128,1,0,0,192,213,128,0,0,0,0,0,0,0,0,0,0,0,0,-1,0,0,0,0,-1,0,0,0,0,-1,0,0,0,0,-1,0,0,0,0,-1,0,0,0,0,-1,0,0,0,0,-1,0,0,0,0,-1,0,0,0,0,-1,0,0,0,0,-1,0,0,0,0,-1,0,0,0,0,-1,0,0,0,0,21,37,53,0,3,64,180
2349,1853,fd,1,164,80,0,4,4,2,1056,0,2,0,0,0,1,0,2,192,80,128,0,64420,2700,3396,1,0,0,0,0,6,0,0,10,64,1,1,0,0,192,151,0,1,0,0,192,211,0,0,0,0,0,0,0,0,0,0,0,0,0,-1,0,0,0,0,-1,0,0,0,0,-1,0,0,0,0,-1,0,0,0,0,-1,0,0,0,0,-1,0,0,0,0,-1,0,0,0,0,-1,0,0,0,0,-1,0,0,0,0,-1,0,0,0,0,-1,0,0,0,0,-1,0,0,0,0,20,36,52,0,3,65,180
2350,1854,fd,1,164,80,0,4,4,2,1056,0,2,0,0,0,1,0,2,192,80,128,0,64419,2700,3395,1,0,0,0,0,6,0,0,10,64,1,1,0,0,192,150,128,1,0,0,192,210,128,0,0,0,0,0,0,0,0,0,0,0,0,-1,0,0,0,0,-1,0,0,0,0,-1,0,0,0,0,-1,0,0,0,0,-1,0,0,0,0,-1,0,0,0,0,-1,0,0,0,0,-1,0,0,0,0,-1,0,0,0,0,-1,0,0,0,0,-1,0,0,0,0,-1,0,0,0,0,19,35,51,0,3,66,180
2351,1855,fd,1,164,80,0,4,4,2,1056,0,2,0,0,0,1,0,2,192,80,128,0,64418,2700,3394,1,0,0,0,0,6,0,0,10,64,1,1,0,0,192,148,0,1,0,0,192,208,0,0,0,0,0,0,0,0,0,0,0,0,0,-1,0,0,0,0,-1,0,0,0,0,-1,0,0,0,0,-1,0,0,0,0,-1,0,0,0,0,-1,0,0,0,0,-1,0,0,0,0,-1,0,0,0,0,-1,0,0,0,0,-1,0,0,0,0,-1,0,0,0,0,-1,0,0,0,0,18,34,50,0,3,67,180
2352,1856,fd,1,164,80,0,4,4,2,1056,0,2,0,0,0,1,0,2,192,80,128,0,64417,2700,3393,1,0,0,0,0,6,0,0,9,64,1,1,0,0,192,147,128,1,0,0,192,207,128,0,0,0,0,0,0,0,0,0,0,0,0,-1,0,0,0,0,-1,0,0,0,0,-1,0,0,0,0,-1,0,0,0,0,-1,0,0,0,0,-1,0,0,0,0,-1,0,0,0,0,-1,0,0,0,0,-1,0,0,0,0,-1,0,0,0,0,-1,0,0,0,0,-1,0,0,0,0,17,33,49,0,3,68,180
2353,1857,fd,1,164,80,0,4,4,2,1056,0,2,0,0,0,1,0,2,192,80,128,0,64416,2700,3392,1,0,0,0,0,6,0,0,9,64,1,1,0,0,192,145,0,1,0,0,192,205,0,0,0,0,0,0,0,0,0,0,0,0,0,-1,0,0,0,0,-1,0,0,0,0,-1,0,0,0,0,-1,0,0,0,0,-1,0,0,0,0,-1,0,0,0,0,-1,0,0,0,0,-1,0,0,0,0,-1,0,0,0,0,-1,0,0,0,0,-1,0,0,0,0,-1,0,0,0,0,16,32,48,0,3,69,180
2354,1858,fd,1,164,80,0,4,4,2,1056,0,2,0,0,0,1,0,2,192,80,128,0,64415,2700,3391,1,0,0,0,0,6,0,0,9,64,1,1,0,0,192,144,128,1,0,0,192,204,128,0,0,0,0,0,0,0,0,0,0,0,0,-1,0,0,0,0,-1,0,0,0,0,-1,0,0,0,0,-1,0,0,0,0,-1,0,0,0,0,-1,0,0,0,0,-1,0,0,0,0,-1,0,0,0,0,-1,0,0,0,0,-1,0,0,0,0,-1,0,0,0,0,-1,0,0,0,0,15,31,47,0,3,70,180
2355,1859,fd,1,164,80,0,4,4,2,1056,0,2,0,0,0,1,0,2,192,80,128,0,64414,2700,3390,1,0,0,0,0,6,0,0,9,64,1,1,0,0,192,142,0,1,0,0,192,202,0,0,0,0,0,0,0,0,0,0,0,0,0,-1,0,0,0,0,-1,0,0,0,0,-1,0,0,0,0,-1,0,0,0,0,-1,0,0,0,0,-1,0,0,0,0,-1,0,0,0,0,-1,0,0,0,0,-1,0,0,0,0,-1,0,0,0,0,-1,0,0,0,0,-1,0,0,0,0,14,30,46,0,3,71,180
2356,1860,fd,1,164,80,0,4,4,2,1056,0,2,0,0,0,1,0,2,192,80,128,0,64413,2700,3389,1,0,0,0,0,6,0,0,8,64,1,1,0,0,192,141,128,1,0,0,192,201,128,0,0,0,0,0,0,0,0,0,0,0,0,-1,0,0,0,0,-1,0,0,0,0,-1,0,0,0,0,-1,0,0,0,0,-1,0,0,0,0,-1,0,0,0,0,-1,0,0,0,0,-1,0,0,0,0,-1,0,0,0,0,-1,0,0,0,0,-1,0,0,0,0,-1,0,0,0,0,13,29,45,0,3,72,180
2357,1861,fd,1,164,80,0,4,4,2,1056,0,2,0,0,0,1,0,2,192,80,128,0,64412,2700,3388,1,0,0,0,0,6,0,0,8,64,1,1,0,0,192,139,0,1,0,0,192,199,0,0,0,0,0,0,0,0,0,0,0,0,0,-1,0,0,0,0,-1,0,0,0,0,-1,0,0,0,0,-1,0,0,0,0,-1,0,0,0,0,-1,0,0,0,0,-1,0,0,0,0,-1,0,0,0,0,-1,0,0,0,0,-1,0,0,0,0,-1,0,0,0,0,-1,0,0,0,0,12,28,44,0,3,73,180
2358,1862,fd,1,164,80,0,4,4,2,1056,0,2,0,0,0,1,0,2,192,80,128,0,64411,2700,3387,1,0,0,0,0,6,0,0,8,64,1,1,0,0,192,138,128,1,0,0,192,198,128,0,0,0,0,0,0,0,0,0,0,0,0,-1,0,0,0,0,-1,0,0,0,0,-1,0,0,0,0,-1,0,0,0,0,-1,0,0,0,0,-1,0,0,0,0,-1,0,0,0,0,-1,0,0,0,0,-1,0,0,0,0,-1,0,0,0,0,-1,0,0,0,0,-1,0,0,0,0,11,27,43,0,3,74,180
2359,1863,fd,1,164,80,0,4,4,2,1056,0,2,0,0,0,1,0,2,192,80,128,0,64410,2700,3386,1,0,0,0,0,6,0,0,8,64,1,1,0,0,192,136,0,1,0,0,192,196,0,0,0,0,0,0,0,0,0,0,0,0,0,-1,0,0,0,0,-1,0,0,0,0,-1,0,0,0,0,-1,0,0,0,0,-1,0,0,0,0,-1,0,0,0,0,-1,0,0,0,0,-1,0,0,0,0,-1,0,0,0,0,-1,0,0,0,0,-1,0,0,0,0,-1,0,0,0,0,10,26,42,0,3,75,180
2360,1864,fd,1,164,80,0,4,4,2,1056,0,2,0,0,0,1,0,2,192,80,128,0,64409,2700,3385,1,0,0,0,0,6,0,0,7,64,1,1,0,0,192,135,128,1,0,0,192,195,128,0,0,0,0,0,0,0,0,0,0,0,0,-1,0,0,0,0,-1,0,0,0,0,-1,0,0,0,0,-1,0,0,0,0,-1,0,0,0,0,-1,0,0,0,0,-1,0,0,0,0,-1,0,0,0,0,-1,0,0,0,0,-1,0,0,0,0,-1,0,0,0,0,-1,0,0,0,0,9,25,41,0,3,76,180
2361,1865,fd,1,164,80,0,4,4,2,1056,0,2,0,0,0,1,0,2,192,80,128,0,64408,2700,3384,1,0,0,0,0,6,0,0,7,64,1,1,0,0,192,133,0,1,0,0,192,193,0,0,0,0,0,0,0,0,0,0,0,0,0,-1,0,0,0,0,-1,0,0,0,0,-1,0,0,0,0,-1,0,0,0,0,-1,0,0,0,0,-1,0,0,0,0,-1,0,0,0,0,-1,0,0,0,0,-1,0,0,0,0,-1,0,0,0,0,-1,0,0,0,0,-1,0,0,0,0,8,24,40,0,3,77,180
2362,1866,fd,1,164,80,0,4,4,2,1056,0,2,0,0,0,1,0,2,192,80,128,0,64407,2700,3383,1,0,0,0,0,6,0,0,7,64,1,1,0,0,192,132,128,1,0,0,192,192,128,0,0,0,0,0,0,0,0,0,0,0,0,-1,0,0,0,0,-1,0,0,0,0,-1,0,0,0,0,-1,0,0,0,0,-1,0,0,0,0,-1,0,0,0,0,-1,0,0,0,0,-1,0,0,0,0,-1,0,0,0,0,-1,0,0,0,0,-1,0,0,0,0,-1,0,0,0,0,7,23,39,0,3,78,180
2363,1867,fd,1,164,80,0,4,4,2,1056,0,2,0,0,0,1,0,2,192,80,128,0,64406,2700,3382,1,0,0,0,0,6,0,0,7,64,1,1,0,0,192,130,0,1,0,0,192,190,0,0,0,0,0,0,0,0,0,0,0,0,0,-1,0,0,0,0,-1,0,0,0,0,-1,0,0,0,0,-1,0,0,0,0,-1,0,0,0,0,-1,0,0,0,0,-1,0,0,0,0,-1,0,0,0,0,-1,0,0,0,0,-1,0,0,0,0,-1,0,0,0,0,-1,0,0,0,0,6,22,38,0,3,79,180
2364,1868,fd,1,164,80,0,4,4,2,1056,0,2,0,0,0,1,0,2,192,80,128,0,64405,2700,3381,1,0,0,0,0,6,0,0,6,64,1,1,0,0,192,129,128,1,0,0,192,189,128,0,0,0,0,0,0,0,0,0,0,0,0,-1,0,0,0,0,-1,0,0,0,0,-1,0,0,0,0,-1,0,0,0,0,-1,0,0,0,0,-1,0,0,0,0,-1,0,0,0,0,-1,0,0,0,0,-1,0,0,0,0,-1,0,0,0,0,-1,0,0,0,0,-1,0,0,0,0,5,21,37,0,3,80,180
2365,1869,fd,1,164,80,0,4,4,2,1056,0,2,0,0,0,1,0,2,192,80,128,0,64404,2700,3380,1,0,0,0,0,6,0,0,6,64,1,1,0,0,192,127,0,1,0,0,192,187,0,0,0,0,0,0,0,0,0,0,0,0,0,-1,0,0,0,0,-1,0,0,0,0,-1,0,0,0,0,-1,0,0,0,0,-1,0,0,0,0,-1,0,0,0,0,-1,0,0,0,0,-1,0,0,0,0,-1,0,0,0,0,-1,0,0,0,0,-1,0,0,0,0,-1,0,0,0,0,4,20,36,0,3,81,180
2366,1870,fd,1,164,80,0,4,4,2,1056,0,2,0,0,0,1,0,2,192,80,128,0,64403,2700,3379,1,0,0,0,0,6,0,0,6,64,1,1,0,0,192,126,128,1,0,0,192,186,128,0,0,0,0,0,0,0,0,0,0,0,0,-1,0,0,0,0,-1,0,0,0,0,-1,0,0,0,0,-1,0,0,0,0,-1,0,0,0,0,-1,0,0,0,0,-1,0,0,0,0,-1,0,0,0,0,-1,0,0,0,0,-1,0,0,0,0,-1,0,0,0,0,-1,0,0,0,0,3,19,35,0,3,82,180
2367,1871,fd,1,164,80,0,4,4,2,1056,0,2,0,0,0,1,0,2,192,80,128,0,64402,2700,3378,1,0,0,0,0,6,0,0,6,64,1,1,0,0,192,124,0,1,0,0,192,184,0,0,0,0,0,0,0,0,0,0,0,0,0,-1,0,0,0,0,-1,0,0,0,0,-1,0,0,0,0,-1,0,0,0,0,-1,0,0,0,0,-1,0,0,0,0,-1,0,0,0,0,-1,0,0,0,0,-1,0,0,0,0,-1,0,0,0,0,-1,0,0,0,0,-1,0,0,0,0,2,18,34,0,3,83,180
2368,1872,fd,1,164,80,0,4,4,2,1056,0,2,0,0,0,1,0,2,192,80,128,0,64401,2700,3377,1,0,0,0,0,6,0,0,5,64,1,1,0,0,192,123,128,1,0,0,192,183,128,0,0,0,0,0,0,0,0,0,0,0,0,-1,0,0,0,0,-1,0,0,0,0,-1,0,0,0,0,-1,0,0,0,0,-1,0,0,0,0,-1,0,0,0,0,-1,0,0,0,0,-1,0,0,0,0,-1,0,0,0,0,-1,0,0,0,0,-1,0,0,0,0,-1,0,0,0,0,1,17,33,0,3,84,180
2369,1873,fd,1,164,80,0,4,4,2,1056,0,2,0,0,0,1,0,2,192,80,128,0,64400,2700,3376,1,0,0,0,0,6,0,0,5,64,1,1,0,0,192,121,0,1,0,0,192,181,0,0,0,0,0,0,0,0,0,0,0,0,0,-1,0,0,0,0,-1,0,0,0,0,-1,0,0,0,0,-1,0,0,0,0,-1,0,0,0,0,-1,0,0,0,0,-1,0,0,0,0,-1,0,0,0,0,-1,0,0,0,0,-1,0,0,0,0,-1,0,0,0,0,-1,0,0,0,0,0,16,32,0,3,85,180
2370,1874,fd,1,164,80,0,4,4,2,1056,0,2,0,0,0,1,0,2,192,80,128,0,64399,2700,3375,1,0,0,0,0,6,0,0,5,64,1,1,0,0,192,120,128,1,0,0,192,180,128,0,0,0,0,0,0,0,0,0,0,0,0,-1,0,0,0,0,-1,0,0,0,0,-1,0,0,0,0,-1,0,0,0,0,-1,0,0,0,0,-1,0,0,0,0,-1,0,0,0,0,-1,0,0,0,0,-1,0,0,0,0,-1,0,0,0,0,-1,0,0,0,0,-1,0,0,0,0,255,15,31,0,3,86,180
2371,1875,fd,1,164,80,0,4,4,2,1056,0,2,0,0,0,1,0,2,192,80,128,0,64398,2700,3374,1,0,0,0,0,6,0,0,5,64,1,1,0,0,192,118,0,1,0,0,192,178,0,0,0,0,0,0,0,0,0,0,0,0,0,-1,0,0,0,0,-1,0,0,0,0,-1,0,0,0,0,-1,0,0,0,0,-1,0,0,0,0,-1,0,0,0,0,-1,0,0,0,0,-1,0,0,0,0,-1,0,0,0,0,-1,0,0,0,0,-1,0,0,0,0,-1,0,0,0,0,254,14,30,0,3,87,180
2372,1876,fd,1,164,80,0,4,4,2,1056,0,2,0,0,0,1,0,2,192,80,128,0,64397,2700,3373,1,0,0,0,0,6,0,0,4,64,1,1,0,0,192,117,128,1,0,0,192,177,128,0,0,0,0,0,0,0,0,0,0,0,0,-1,0,0,0,0,-1,0,0,0,0,-1,0,0,0,0,-1,0,0,0,0,-1,0,0,0,0,-1,0,0,0,0,-1,0,0,0,0,-1,0,0,0,0,-1,0,0,0,0,-1,0,0,0,0,-1,0,0,0,0,-1,0,0,0,0,253,13,29,0,3,88,180
2373,1877,fd,1,164,80,0,4,4,2,1056,0,2,0,0,0,1,0,2,192,80,128,0,64396,2700,3372,1,0,0,0,0,6,0,0,4,64,1,1,0,0,192,115,0,1,0,0,192,175,0,0,0,0,0,0,0,0,0,0,0,0,0,-1,0,0,0,0,-1,0,0,0,0,-1,0,0,0,0,-1,0,0,0,0,-1,0,0,0,0,-1,0,0,0,0,-1,0,0,0,0,-1,0,0,0,0,-1,0,0,0,0,-1,0,0,0,0,-1,0,0,0,0,-1,0,0,0,0,252,12,28,0,3,89,180
2374,1878,ed,1,160,80,1,4,4,2,1024,16,2,0,0,0,1,0,4,192,80,128,0,64395,2700,3371,1,0,0,0,0,6,1,0,4,64,1,1,0,0,192,114,128,1,0,0,192,174,128,0,0,0,0,0,0,0,0,0,0,0,0,-1,0,0,0,0,-1,0,0,0,0,-1,0,0,0,0,-1,0,0,0,0,-1,0,0,0,0,-1,0,0,0,0,-1,0,0,0,0,-1,0,0,0,0,-1,0,0,0,0,-1,0,0,0,0,-1,0,0,0,0,-1,0,0,0,0,251,11,27,0,3,90,180
2375,1879,fd,1,157,80,1,4,4,2,992,16,2,0,0,0,1,0,4,192,78,128,0,64394,2700,3370,1,0,0,0,0,6,0,0,4,64,1,1,0,0,192,112,0,1,0,0,192,172,0,0,0,0,0,0,0,0,0,0,0,0,0,-1,0,0,0,0,-1,0,0,0,0,-1,0,0,0,0,-1,0,0,0,0,-1,0,0,0,0,-1,0,0,0,0,-1,0,0,0,0,-1,0,0,0,0,-1,0,0,0,0,-1,0,0,0,0,-1,0,0,0,0,-1,0,0,0,0,250,10,26,0,3,91,180
2376,1880,fd,1,154,80,1,4,4,2,960,0,2,0,0,0,1,0,4,192,76,128,0,64393,2700,3369,1,0,0,0,0,6,0,0,3,64,1,1,0,0,192,111,128,1,0,0,192,171,128,0,0,0,0,0,0,0,0,0,0,0,0,-1,0,0,0,0,-1,0,0,0,0,-1,0,0,0,0,-1,0,0,0,0,-1,0,0,0,0,-1,0,0,0,0,-1,0,0,0,0,-1,0,0,0,0,-1,0,0,0,0,-1,0,0,0,0,-1,0,0,0,0,-1,0,0,0,0,249,9,25,0,3,92,180
2377,1881,fd,1,151,80,1,4,4,2,928,0,2,0,0,0,1,0,4,192,74,128,0,64392,2700,3368,1,0,0,0,0,6,0,0,3,64,1,1,0,0,192,109,0,1,0,0,192,169,0,0,0,0,0,0,0,0,0,0,0,0,0,-1,0,0,0,0,-1,0,0,0,0,-1,0,0,0,0,-1,0,0,0,0,-1,0,0,0,0,-1,0,0,0,0,-1,0,0,0,0,-1,0,0,0,0,-1,0,0,0,0,-1,0,0,0,0,-1,0,0,0,0,-1,0,0,0,0,248,8,24,0,3,93,180
2378,1882,fd,1,148,80,1,4,4,2,896,0,2,0,0,0,1,0,4,192,72,128,0,64391,2700,3367,1,0,0,0,0,6,0,0,3,64,1,1,0,0,192,108,128,1,0,0,192,168,128,0,0,0,0,0,0,0,0,0,0,0,0,-1,0,0,0,0,-1,0,0,0,0,-1,0,0,0,0,-1,0,0,0,0,-1,0,0,0,0,-1,0,0,0,0,-1,0,0,0,0,-1,0,0,0,0,-1,0,0,0,0,-1,0,0,0,0,-1,0,0,0,0,-1,0,0,0,0,247,7,23,0,3,94,180
2379,1883,fd,1,145,80,1,4,4,2,864,0,2,0,0,0,1,0,4,192,70,128,0,64390,2700,3366,1,0,0,0,0,6,0,0,3,64,1,1,0,0,192,106,0,1,0,0,192,166,0,0,0,0,0,0,0,0,0,0,0,0,0,-1,0,0,0,0,-1,0,0,0,0,-1,0,0,0,0,-1,0,0,0,0,-1,0,0,0,0,-1,0,0,0,0,-1,0,0,0,0,-1,0,0,0,0,-1,0,0,0,0,-1,0,0,0,0,-1,0,0,0,0,-1,0,0,0,0,246,6,22,0,3,95,180
2380,1884,fd,1,142,80,1,4,4,2,832,0,2,0,0,0,1,0,4,192,68,128,0,64389,2700,3365,1,0,0,0,0,6,0,0,2,64,1,1,0,0,192,105,128,1,0,0,192,165,128,0,0,0,0,0,0,0,0,0,0,0,0,-1,0,0,0,0,-1,0,0,0,0,-1,0,0,0,0,-1,0,0,0,0,-1,0,0,0,0,-1,0,0,0,0,-1,0,0,0,0,-1,0,0,0,0,-1,0,0,0,0,-1,0,0,0,0,-1,0,0,0,0,-1,0,0,0,0,245,5,21,0,3,96,180
2381,1885,fd,1,139,80,1,4,4,2,800,0,2,0,0,0,1,0,4,192,66,128,0,64388,2700,3364,1,0,0,0,0,6,0,0,2,64,1,1,0,0,192,103,0,1,0,0,192,163,0,0,0,0,0,0,0,0,0,0,0,0,0,-1,0,0,0,0,-1,0,0,0,0,-1,0,0,0,0,-1,0,0,0,0,-1,0,0,0,0,-1,0,0,0,0,-1,0,0,0,0,-1,0,0,0,0,-1,0,0,0,0,-1,0,0,0,0,-1,0,0,0,0,-1,0,0,0,0,244,4,20,0,3,97,180
2382,1886,fd,1,136,80,1,4,4,2,768,0,2,0,0,0,1,0,4,192,64,128,0,64387,2700,3363,1,0,0,0,0,6,0,0,2,64,1,1,0,0,192,102,128,1,0,0,192,162,128,0,0,0,0,0,0,0,0,0,0,0,0,-1,0,0,0,0,-1,0,0,0,0,-1,0,0,0,0,-1,0,0,0,0,-1,0,0,0,0,-1,0,0,0,0,-1,0,0,0,0,-1,0,0,0,0,-1,0,0,0,0,-1,0,0,0,0,-1,0,0,0,0,-1,0,0,0,0,243,3,19,0,3,98,180
2383,1887,fd,1,134,80,1,4,4,2,736,0,2,0,0,0,1,0,4,192,62,128,0,64386,2700,3362,1,0,0,0,0,6,0,0,2,64,1,1,0,0,192,100,0,1,0,0,192,160,0,0,0,0,0,0,0,0,0,0,0,0,0,-1,0,0,0,0,-1,0,0,0,0,-1,0,0,0,0,-1,0,0,0,0,-1,0,0,0,0,-1,0,0,0,0,-1,0,0,0,0,-1,0,0,0,0,-1,0,0,0,0,-1,0,0,0,0,-1,0,0,0,0,-1,0,0,0,0,242,2,18,0,3,99,180
2384,1888,fd,1,132,80,1,4,4,2,704,0,2,0,0,0,1,0,4,192,60,128,0,64385,2700,3361,1,0,0,0,0,6,0,0,1,64,1,1,0,0,192,99,128,1,0,0,192,159,128,0,0,0,0,0,0,0,0,0,0,0,0,-1,0,0,0,0,-1,0,0,0,0,-1,0,0,0,0,-1,0,0,0,0,-1,0,0,0,0,-1,0,0,0,0,-1,0,0,0,0,-1,0,0,0,0,-1,0,0,0,0,-1,0,0,0,0,-1,0,0,0,0,-1,0,0,0,0,241,1,17,0,3,100,180
2385,1889,fd,1,130,80,1,4,4,2,672,0,2,0,0,0,1,0,4,192,58,128,0,64384,2700,3360,1,0,0,0,0,6,0,0,1,64,1,1,0,0,192,97,0,1,0,0,192,157,0,0,0,0,0,0,0,0,0,0,0,0,0,-1,0,0,0,0,-1,0,0,0,0,-1,0,0,0,0,-1,0,0,0,0,-1,0,0,0,0,-1,0,0,0,0,-1,0,0,0,0,-1,0,0,0,0,-1,0,0,0,0,-1,0,0,0,0,-1,0,0,0,0,-1,0,0,0,0,240,0,16,0,3,101,180
2386,1890,fd,1,128,80,1,4,4,2,640,0,2,0,0,0,1,0,4,192,56,128,0,64383,2700,3359,1,0,0,0,0,6,0,0,1,64,1,1,0,0,192,96,128,1,0,0,192,156,128,0,0,0,0,0,0,0,0,0,0,0,0,-1,0,0,0,0,-1,0,0,0,0,-1,0,0,0,0,-1,0,0,0,0,-1,0,0,0,0,-1,0,0,0,0,-1,0,0,0,0,-1,0,0,0,0,-1,0,0,0,0,-1,0,0,0,0,-1,0,0,0,0,-1,0,0,0,0,239,255,15,0,3,102,180
2387,1891,fd,1,126,80,1,4,4,2,608,0,2,0,0,0,1,0,4,192,54,128,0,64382,2700,3358,1,0,0,0,0,6,0,0,1,64,1,1,0,0,192,94,0,1,0,0,192,154,0,0,0,0,0,0,0,0,0,0,0,0,0,-1,0,0,0,0,-1,0,0,0,0,-1,0,0,0,0,-1,0,0,0,0,-1,0,0,0,0,-1,0,0,0,0,-1,0,0,0,0,-1,0,0,0,0,-1,0,0,0,0,-1,0,0,0,0,-1,0,0,0,0,-1,0,0,0,0,238,254,14,0,3,103,180
2388,1892,fd,1,124,80,1,4,4,2,576,0,2,0,0,0,1,0,4,192,52,128,0,64381,2700,3357,1,0,0,0,0,6,0,0,0,64,1,1,0,0,192,93,128,1,0,0,192,153,128,0,0,0,0,0,0,0,0,0,0,0,0,-1,0,0,0,0,-1,0,0,0,0,-1,0,0,0,0,-1,0,0,0,0,-1,0,0,0,0,-1,0,0,0,0,-1,0,0,0,0,-1,0,0,0,0,-1,0,0,0,0,-1,0,0,0,0,-1,0,0,0,0,-1,0,0,0,0,237,253,13,0,3,104,180
2389,1893,fd,1,122,80,1,4,4,2,544,0,2,0,0,0,1,0,4,192,50,128,0,64380,2700,3356,1,0,0,0,0,6,0,0,0,64,1,1,0,0,192,91,0,1,0,0,192,151,0,0,0,0,0,0,0,0,0,0,0,0,0,-1,0,0,0,0,-1,0,0,0,0,-1,0,0,0,0,-1,0,0,0,0,-1,0,0,0,0,-1,0,0,0,0,-1,0,0,0,0,-1,0,0,0,0,-1,0,0,0,0,-1,0,0,0,0,-1,0,0,0,0,-1,0,0,0,0,236,252,12,0,3,105,180
2390,1894,fd,1,120,80,1,4,4,2,512,0,2,0,0,0,1,0,4,192,48,128,0,64379,2700,3355,1,0,0,0,0,6,0,0,0,64,1,1,0,0,192,90,128,1,0,0,192,150,128,0,0,0,0,0,0,0,0,0,0,0,0,-1,0,0,0,0,-1,0,0,0,0,-1,0,0,0,0,-1,0,0,0,0,-1,0,0,0,0,-1,0,0,0,0,-1,0,0,0,0,-1,0,0,0,0,-1,0,0,0,0,-1,0,0,0,0,-1,0,0,0,0,-1,0,0,0,0,235,251,11,0,3,106,180
2391,1895,fd,1,119,80,1,4,4,2,480,0,2,0,0,0,1,0,4,192,46,128,0,64378,2700,3354,1,0,0,0,0,6,0,0,0,64,1,1,0,0,192,88,0,1,0,0,192,148,0,0,0,0,0,0,0,0,0,0,0,0,0,-1,0,0,0,0,-1,0,0,0,0,-1,0,0,0,0,-1,0,0,0,0,-1,0,0,0,0,-1,0,0,0,0,-1,0,0,0,0,-1,0,0,0,0,-1,0,0,0,0,-1,0,0,0,0,-1,0,0,0,0,-1,0,0,0,0,234,250,10,0,3,107,180
2392,1896,fd,1,118,80,1,4,4,2,448,0,2,0,0,0,1,0,4,192,44,128,0,64377,2700,3353,1,0,0,0,0,6,0,0,0,64,1,1,0,0,192,87,128,1,0,0,192,147,128,0,0,0,0,0,0,0,0,0,0,0,0,-1,0,0,0,0,-1,0,0,0,0,-1,0,0,0,0,-1,0,0,0,0,-1,0,0,0,0,-1,0,0,0,0,-1,0,0,0,0,-1,0,0,0,0,-1,0,0,0,0,-1,0,0,0,0,-1,0,0,0,0,-1,0,0,0,0,233,249,9,0,3,108,180
2393,1897,fd,1,117,80,1,4,4,2,416,0,2,0,0,0,1,0,4,192,42,128,0,64376,2700,3352,1,0,0,0,0,6,0,0,0,64,1,1,0,0,192,85,0,1,0,0,192,145,0,0,0,0,0,0,0,0,0,0,0,0,0,-1,0,0,0,0,-1,0,0,0,0,-1,0,0,0,0,-1,0,0,0,0,-1,0,0,0,0,-1,0,0,0,0,-1,0,0,0,0,-1,0,0,0,0,-1,0,0,0,0,-1,0,0,0,0,-1,0,0,0,0,-1,0,0,0,0,232,248,8,0,3,109,180
2394,1898,fd,1,116,80,1,4,4,2,384,0,2,0,0,0,1,0,4,192,40,128,0,64375,2700,3351,1,0,0,0,0,6,0,0,0,64,1,1,0,0,192,84,128,1,0,0,192,144,128,0,0,0,0,0,0,0,0,0,0,0,0,-1,0,0,0,0,-1,0,0,0,0,-1,0,0,0,0,-1,0,0,0,0,-1,0,0,0,0,-1,0,0,0,0,-1,0,0,0,0,-1,0,0,0,0,-1,0,0,0,0,-1,0,0,0,0,-1,0,0,0,0,-1,0,0,0,0,231,247,7,0,3,110,180
2395,1899,fd,1,115,80,1,4,4,2,352,0,2,0,0,0,1,0,4,192,38,128,0,64374,2700,3350,1,0,0,0,0,6,0,0,0,64,1,1,0,0,192,82,0,1,0,0,192,142,0,0,0,0,0,0,0,0,0,0,0,0,0,-1,0,0,0,0,-1,0,0,0,0,-1,0,0,0,0,-1,0,0,0,0,-1,0,0,0,0,-1,0,0,0,0,-1,0,0,0,0,-1,0,0,0,0,-1,0,0,0,0,-1,0,0,0,0,-1,0,0,0,0,-1,0,0,0,0,230,246,6,0,3,111,180
2396,1900,fd,1,114,80,1,4,4,2,320,0,2,0,0,0,1,0,4,192,36,128,0,64373,2700,3349,1,0,0,0,0,6,0,0,0,64,1,1,0,0,192,81,128,1,0,0,192,141,128,0,0,0,0,0,0,0,0,0,0,0,0,-1,0,0,0,0,-1,0,0,0,0,-1,0,0,0,0,-1,0,0,0,0,-1,0,0,0,0,-1,0,0,0,0,-1,0,0,0,0,-1,0,0,0,0,-1,0,0,0,0,-1,0,0,0,0,-1,0,0,0,0,-1,0,0,0,0,229,245,5,0,3,112,180
2397,1901,fd,1,113,80,1,4,4,2,288,0,2,0,0,0,1,0,4,192,34,128,0,64372,2700,3348,1,0,0,0,0,6,0,0,0,64,1,1,0,0,192,79,0,1,0,0,192,139,0,0,0,0,0,0,0,0,0,0,0,0,0,-1,0,0,0,0,-1,0,0,0,0,-1,0,0,0,0,-1,0,0,0,0,-1,0,0,0,0,-1,0,0,0,0,-1,0,0,0,0,-1,0,0,0,0,-1,0,0,0,0,-1,0,0,0,0,-1,0,0,0,0,-1,0,0,0,0,228,244,4,0,3,113,180
2398,1902,fd,1,112,80,1,4,4,2,256,0,2,0,0,0,1,0,4,192,32,128,0,64371,2700,3347,1,0,0,0,0,6,0,0,0,64,1,1,0,0,192,78,128,1,0,0,192,138,128,0,0,0,0,0,0,0,0,0,0,0,0,-1,0,0,0,0,-1,0,0,0,0,-1,0,0,0,0,-1,0,0,0,0,-1,0,0,0,0,-1,0,0,0,0,-1,0,0,0,0,-1,0,0,0,0,-1,0,0,0,0,-1,0,0,0,0,-1,0,0,0,0,-1,0,0,0,0,227,243,3,0,3,114,180
2399,1903,fd,1,112,80,1,4,4,2,224,0,2,0,0,0,1,0,4,192,30,128,0,64370,2700,3346,1,0,0,0,0,6,0,0,0,64,1,1,0,0,192,76,0,1,0,0,192,136,0,0,0,0,0,0,0,0,0,0,0,0,0,-1,0,0,0,0,-1,0,0,0,0,-1,0,0,0,0,-1,0,0,0,0,-1,0,0,0,0,-1,0,0,0,0,-1,0,0,0,0,-1,0,0,0,0,-1,0,0,0,0,-1,0,0,0,0,-1,0,0,0,0,-1,0,0,0,0,226,242,2,0,3,115,180
2400,1904,fd,1,112,80,1,4,4,2,160,0,2,0,0,0,1,0,4,192,28,128,0,64369,2700,3345,1,0,0,0,0,6,0,0,0,64,1,1,0,0,192,75,128,1,0,0,192,135,128,0,0,0,0,0,0,0,0,0,0,0,0,-1,0,0,0,0,-1,0,0,0,0,-1,0,0,0,0,-1,0,0,0,0,-1,0,0,0,0,-1,0,0,0,0,-1,0,0,0,0,-1,0,0,0,0,-1,0,0,0,0,-1,0,0,0,0,-1,0,0,0,0,-1,0,0,0,0,225,241,1,0,3,116,180
2401,1905,fd,1,112,80,1,4,4,2,96,0,2,0,0,0,1,0,4,192,26,128,0,64368,2700,3344,1,0,0,0,0,6,0,0,0,64,1,1,0,0,192,73,0,1,0,0,192,133,0,0,0,0,0,0,0,0,0,0,0,0,0,-1,0,0,0,0,-1,0,0,0,0,-1,0,0,0,0,-1,0,0,0,0,-1,0,0,0,0,-1,0,0,0,0,-1,0,0,0,0,-1,0,0,0,0,-1,0,0,0,0,-1,0,0,0,0,-1,0,0,0,0,-1,0,0,0,0,224,240,0,0,3,117,180
2402,1906,fd,1,112,80,1,4,4,2,32,0,2,0,0,0,1,0,4,192,24,128,0,64367,2700,3343,1,0,0,0,0,6,0,0,0,64,1,1,0,0,192,72,128,1,0,0,192,132,128,0,0,0,0,0,0,0,0,0,0,0,0,-1,0,0,0,0,-1,0,0,0,0,-1,0,0,0,0,-1,0,0,0,0,-1,0,0,0,0,-1,0,0,0,0,-1,0,0,0,0,-1,0,0,0,0,-1,0,0,0,0,-1,0,0,0,0,-1,0,0,0,0,-1,0,0,0,0,223,239,255,0,3,118,180
2403,1907,fd,1,112,80,2,4,4,2,64,0,2,0,0,0,1,0,4,192,22,128,0,64366,2700,3342,1,0,0,0,0,6,0,0,0,64,1,1,0,0,192,70,0,1,0,0,192,130,0,0,0,0,0,0,0,0,0,0,0,0,0,-1,0,0,0,0,-1,0,0,0,0,-1,0,0,0,0,-1,0,0,0,0,-1,0,0,0,0,-1,0,0,0,0,-1,0,0,0,0,-1,0,0,0,0,-1,0,0,0,0,-1,0,0,0,0,-1,0,0,0,0,-1,0,0,0,0,222,238,254,0,3,119,180
2404,1908,fd,1,112,80,2,4,4,2,128,0,2,0,0,0,1,0,4,192,20,128,0,64365,2700,3341,1,0,0,0,0,6,0,0,0,64,1,1,0,0,192,69,128,1,0,0,192,129,128,0,0,0,0,0,0,0,0,0,0,0,0,-1,0,0,0,0,-1,0,0,0,0,-1,0,0,0,0,-1,0,0,0,0,-1,0,0,0,0,-1,0,0,0,0,-1,0,0,0,0,-1,0,0,0,0,-1,0,0,0,0,-1,0,0,0,0,-1,0,0,0,0,-1,0,0,0,0,221,237,253,0,3,120,180
2405,1909,fd,1,112,80,2,4,4,2,192,0,2,0,0,0,1,0,4,192,18,128,0,64364,2700,3340,1,0,0,0,0,6,0,0,0,64,1,1,0,0,192,67,0,1,0,0,192,127,0,0,0,0,0,0,0,0,0,0,0,0,0,-1,0,0,0,0,-1,0,0,0,0,-1,0,0,0,0,-1,0,0,0,0,-1,0,0,0,0,-1,0,0,0,0,-1,0,0,0,0,-1,0,0,0,0,-1,0,0,0,0,-1,0,0,0,0,-1,0,0,0,0,-1,0,0,0,0,220,236,252,0,3,121,180
2406,1910,fd,1,113,80,2,4,4,2,256,0,2,0,0,0,1,0,4,192,16,128,0,64363,2700,3339,1,0,0,0,0,6,0,0,0,64,1,1,0,0,192,66,128,1,0,0,192,126,128,0,0,0,0,0,0,0,0,0,0,0,0,-1,0,0,0,0,-1,0,0,0,0,-1,0,0,0,0,-1,0,0,0,0,-1,0,0,0,0,-1,0,0,0,0,-1,0,0,0,0,-1,0,0,0,0,-1,0,0,0,0,-1,0,0,0,0,-1,0,0,0,0,-1,0,0,0,0,219,235,251,0,3,122,180
2407,1911,fd,1,114,80,2,4,4,2,288,0,2,0,0,0,1,0,4,192,14,128,0,64362,2700,3338,1,0,0,0,0,6,0,0,0,64,1,1,0,0,192,64,0,1,0,0,192,124,0,0,0,0,0,0,0,0,0,0,0,0,0,-1,0,0,0,0,-1,0,0,0,0,-1,0,0,0,0,-1,0,0,0,0,-1,0,0,0,0,-1,0,0,0,0,-1,0,0,0,0,-1,0,0,0,0,-1,0,0,0,0,-1,0,0,0,0,-1,0,0,0,0,-1,0,0,0,0,218,234,250,0,3,123,180
2408,1912,fd,1,115,80,2,4,4,2,320,0,2,0,0,0,1,0,4,192,12,128,0,64361,2700,3337,1,0,0,0,0,6,0,0,0,64,1,1,0,0,192,63,128,1,0,0,192,123,128,0,0,0,0,0,0,0,0,0,0,0,0,-1,0,0,0,0,-1,0,0,0,0,-1,0,0,0,0,-1,0,0,0,0,-1,0,0,0,0,-1,0,0,0,0,-1,0,0,0,0,-1,0,0,0,0,-1,0,0,0,0,-1,0,0,0,0,-1,0,0,0,0,-1,0,0,0,0,217,233,249,0,3,124,180
2409,1913,fd,1,116,80,2,4,4,2,352,0,2,0,0,0,1,0,4,192,10,128,0,64360,2700,3336,1,0,0,0,0,6,0,0,0,64,1,1,0,0,192,61,0,1,0,0,192,121,0,0,0,0,0,0,0,0,0,0,0,0,0,-1,0,0,0,0,-1,0,0,0,0,-1,0,0,0,0,-1,0,0,0,0,-1,0,0,0,0,-1,0,0,0,0,-1,0,0,0,0,-1,0,0,0,0,-1,0,0,0,0,-1,0,0,0,0,-1,0,0,0,0,-1,0,0,0,0,216,232,248,0,3,125,180
2410,1914,fd,1,117,80,2,4,4,2,384,0,2,0,0,0,1,0,4,192,8,128,0,64359,2700,3335,1,0,0,0,0,6,0,0,0,64,1,1,0,0,192,60,128,1,0,0,192,120,128,0,0,0,0,0,0,0,0,0,0,0,0,-1,0,0,0,0,-1,0,0,0,0,-1,0,0,0,0,-1,0,0,0,0,-1,0,0,0,0,-1,0,0,0,0,-1,0,0,0,0,-1,0,0,0,0,-1,0,0,0,0,-1,0,0,0,0,-1,0,0,0,0,-1,0,0,0,0,215,231,247,0,3,126,180
2411,1915,fd,1,118,80,2,4,4,2,416,0,2,0,0,0,1,0,4,192,6,128,0,64358,2700,3334,1,0,0,0,0,6,0,0,0,64,1,1,0,0,192,58,0,1,0,0,192,118,0,0,0,0,0,0,0,0,0,0,0,0,0,-1,0,0,0,0,-1,0,0,0,0,-1,0,0,0,0,-1,0,0,0,0,-1,0,0,0,0,-1,0,0,0,0,-1,0,0,0,0,-1,0,0,0,0,-1,0,0,0,0,-1,0,0,0,0,-1,0,0,0,0,-1,0,0,0,0,214,230,246,0,3,127,180
2412,1916,fd,1,119,80,2,4,4,2,448,0,2,0,0,0,1,0,4,192,4,128,0,64357,2700,3333,1,0,0,0,0,6,0,0,0,64,1,1,0,0,192,57,128,1,0,0,192,117,128,0,0,0,0,0,0,0,0,0,0,0,0,-1,0,0,0,0,-1,0,0,0,0,-1,0,0,0,0,-1,0,0,0,0,-1,0,0,0,0,-1,0,0,0,0,-1,0,0,0,0,-1,0,0,0,0,-1,0,0,0,0,-1,0,0,0,0,-1,0,0,0,0,-1,0,0,0,0,213,229,245,0,3,128,180
2413,1917,fd,1,120,80,2,4,4,2,480,0,2,0,0,0,1,0,4,192,2,128,0,64356,2700,3332,1,0,0,0,0,6,0,0,0,64,1,1,0,0,192,55,0,1,0,0,192,115,0,0,0,0,0,0,0,0,0,0,0,0,0,-1,0,0,0,0,-1,0,0,0,0,-1,0,0,0,0,-1,0,0,0,0,-1,0,0,0,0,-1,0,0,0,0,-1,0,0,0,0,-1,0,0,0,0,-1,0,0,0,0,-1,0,0,0,0,-1,0,0,0,0,-1,0,0,0,0,212,228,244,0,3,129,180
2414,1918,fd,1,122,80,2,4,4,2,512,0,2,0,0,0,1,0,4,192,0,128,0,64355,2700,3331,1,0,0,0,0,6,0,0,0,64,1,1,0,0,192,54,128,1,0,0,192,114,128,0,0,0,0,0,0,0,0,0,0,0,0,-1,0,0,0,0,-1,0,0,0,0,-1,0,0,0,0,-1,0,0,0,0,-1,0,0,0,0,-1,0,0,0,0,-1,0,0,0,0,-1,0,0,0,0,-1,0,0,0,0,-1,0,0,0,0,-1,0,0,0,0,-1,0,0,0,0,211,227,243,0,3,130,180
2415,1919,fd,1,124,80,2,4,4,2,544,0,2,0,0,0,1,0,4,192,254,128,0,64354,2700,3330,1,0,0,0,0,6,0,0,0,64,1,1,0,0,192,52,0,1,0,0,192,112,0,0,0,0,0,0,0,0,0,0,0,0,0,-1,0,0,0,0,-1,0,0,0,0,-1,0,0,0,0,-1,0,0,0,0,-1,0,0,0,0,-1,0,0,0,0,-1,0,0,0,0,-1,0,0,0,0,-1,0,0,0,0,-1,0,0,0,0,-1,0,0,0,0,-1,0,0,0,0,210,226,242,0,3,131,180
2416,1920,fd,1,126,80,2,4,4,2,576,0,2,0,0,0,1,0,4,192,252,128,0,64353,2700,3329,1,0,0,0,0,6,0,0,0,64,1,1,0,0,192,51,128,1,0,0,192,111,128,0,0,0,0,0,0,0,0,0,0,0,0,-1,0,0,0,0,-1,0,0,0,0,-1,0,0,0,0,-1,0,0,0,0,-1,0,0,0,0,-1,0,0,0,0,-1,0,0,0,0,-1,0,0,0,0,-1,0,0,0,0,-1,0,0,0,0,-1,0,0,0,0,-1,0,0,0,0,209,225,241,0,3,132,180
2417,1921,fd,1,128,80,2,4,4,2,608,0,2,0,0,0,1,0,4,192,250,128,0,64352,2700,3328,1,0,0,0,0,6,0,0,0,64,1,1,0,0,192,49,0,1,0,0,192,109,0,0,0,0,0,0,0,0,0,0,0,0,0,-1,0,0,0,0,-1,0,0,0,0,-1,0,0,0,0,-1,0,0,0,0,-1,0,0,0,0,-1,0,0,0,0,-1,0,0,0,0,-1,0,0,0,0,-1,0,0,0,0,-1,0,0,0,0,-1,0,0,0,0,-1,0,0,0,0,208,224,240,0,3,133,180
2418,1922,fd,1,130,80,2,4,4,2,640,0,2,0,0,0,1,0,4,192,248,128,0,64351,2700,3327,1,0,0,0,0,6,0,0,0,64,1,1,0,0,192,48,128,1,0,0,192,108,128,0,0,0,0,0,0,0,0,0,0,0,0,-1,0,0,0,0,-1,0,0,0,0,-1,0,0,0,0,-1,0,0,0,0,-1,0,0,0,0,-1,0,0,0,0,-1,0,0,0,0,-1,0,0,0,0,-1,0,0,0,0,-1,0,0,0,0,-1,0,0,0,0,-1,0,0,0,0,207,223,239,0,3,134,180
2419,1923,fd,1,132,80,2,4,4,2,672,0,2,0,0,0,1,0,4,192,246,128,0,64350,2700,3326,1,0,0,0,0,6,0,0,0,64,1,1,0,0,192,46,0,1,0,0,192,106,0,0,0,0,0,0,0,0,0,0,0,0,0,-1,0,0,0,0,-1,0,0,0,0,-1,0,0,0,0,-1,0,0,0,0,-1,0,0,0,0,-1,0,0,0,0,-1,0,0,0,0,-1,0,0,0,0,-1,0,0,0,0,-1,0,0,0,0,-1,0,0,0,0,-1,0,0,0,0,206,222,238,0,3,135,180
2420,1924,fd,1,134,80,2,4,4,2,704,0,2,0,0,0,1,0,4,192,244,128,0,64349,2700,3325,1,0,0,0,0,6,0,0,0,64,1,1,0,0,192,45,128,1,0,0,192,105,128,0,0,0,0,0,0,0,0,0,0,0,0,-1,0,0,0,0,-1,0,0,0,0,-1,0,0,0,0,-1,0,0,0,0,-1,0,0,0,0,-1,0,0,0,0,-1,0,0,0,0,-1,0,0,0,0,-1,0,0,0,0,-1,0,0,0,0,-1,0,0,0,0,-1,0,0,0,0,205,221,237,0,3,136,180
2421,1925,fd,1,136,80,2,4,4,2,736,0,2,0,0,0,1,0,4,192,242,128,0,64348,2700,3324,1,0,0,0,0,6,0,0,0,64,1,1,0,0,192,43,0,1,0,0,192,103,0,0,0,0,0,0,0,0,0,0,0,0,0,-1,0,0,0,0,-1,0,0,0,0,-1,0,0,0,0,-1,0,0,0,0,-1,0,0,0,0,-1,0,0,0,0,-1,0,0,0,0,-1,0,0,0,0,-1,0,0,0,0,-1,0,0,0,0,-1,0,0,0,0,-1,0,0,0,0,204,220,236,0,3,137,180
2422,1926,fd,1,139,80,2,4,4,2,768,0,2,0,0,0,0,0,0,0,0,0,0,64347,2700,3323,1,0,0,0,0,6,0,0,0,64,1,1,0,0,192,42,128,1,0,0,192,102,128,0,0,0,0,0,0,0,0,0,0,0,0,-1,0,0,0,0,-1,0,0,0,0,-1,0,0,0,0,-1,0,0,0,0,-1,0,0,0,0,-1,0,0,0,0,-1,0,0,0,0,-1,0,0,0,0,-1,0,0,0,0,-1,0,0,0,0,-1,0,0,0,0,-1,0,0,0,0,203,219,235,0,3,138,180
2423,1927,fd,1,142,80,2,4,4,2,800,0,2,0,0,0,0,0,0,0,0,0,0,64346,2700,3322,1,0,0,0,0,6,0,0,0,64,1,1,0,0,192,40,0,1,0,0,192,100,0,0,0,0,0,0,0,0,0,0,0,0,0,-1,0,0,0,0,-1,0,0,0,0,-1,0,0,0,0,-1,0,0,0,0,-1,0,0,0,0,-1,0,0,0,0,-1,0,0,0,0,-1,0,0,0,0,-1,0,0,0,0,-1,0,0,0,0,-1,0,0,0,0,-1,0,0,0,0,202,218,234,0,3,139,180
2424,1928,fd,1,145,80,2,4,4,2,832,0,2,0,0,0,0,0,0,0,0,0,0,64345,2700,3321,1,0,0,0,0,6,0,0,0,64,1,1,0,0,192,39,128,1,0,0,192,99,128,0,0,0,0,0,0,0,0,0,0,0,0,-1,0,0,0,0,-1,0,0,0,0,-1,0,0,0,0,-1,0,0,0,0,-1,0,0,0,0,-1,0,0,0,0,-1,0,0,0,0,-1,0,0,0,0,-1,0,0,0,0,-1,0,0,0,0,-1,0,0,0,0,-1,0,0,0,0,201,217,233,0,3,140,180
2425,1929,fd,1,148,80,2,4,4,2,864,0,2,0,0,0,0,0,0,0,0,0,0,64344,2700,3320,1,0,0,0,0,6,0,0,0,64,1,1,0,0,192,37,0,1,0,0,192,97,0,0,0,0,0,0,0,0,0,0,0,0,0,-1,0,0,0,0,-1,0,0,0,0,-1,0,0,0,0,-1,0,0,0,0,-1,0,0,0,0,-1,0,0,0,0,-1,0,0,0,0,-1,0,0,0,0,-1,0,0,0,0,-1,0,0,0,0,-1,0,0,0,0,-1,0,0,0,0,200,216,232,0,3,141,180
2426,1930,fd,1,151,80,2,4,4,2,896,0,2,0,0,0,0,0,0,0,0,0,0,64343,2700,3319,1,0,0,0,0,6,0,0,0,64,1,1,0,0,192,36,128,1,0,0,192,96,128,0,0,0,0,0,0,0,0,0,0,0,0,-1,0,0,0,0,-1,0,0,0,0,-1,0,0,0,0,-1,0,0,0,0,-1,0,0,0,0,-1,0,0,0,0,-1,0,0,0,0,-1,0,0,0,0,-1,0,0,0,0,-1,0,0,0,0,-1,0,0,0,0,-1,0,0,0,0,199,215,231,0,3,142,180
2427,1931,fd,1,154,80,2,4,4,2,928,0,2,0,0,0,0,0,0,0,0,0,0,64342,2700,3318,1,0,0,0,0,6,0,0,0,64,1,1,0,0,192,34,0,1,0,0,192,94,0,0,0,0,0,0,0,0,0,0,0,0,0,-1,0,0,0,0,-1,0,0,0,0,-1,0,0,0,0,-1,0,0,0,0,-1,0,0,0,0,-1,0,0,0,0,-1,0,0,0,0,-1,0,0,0,0,-1,0,0,0,0,-1,0,0,0,0,-1,0,0,0,0,-1,0,0,0,0,198,214,230,0,3,143,180
2428,1932,fd,1,157,80,2,4,4,2,960,0,2,0,0,0,0,0,0,0,0,0,0,64341,2700,3317,1,0,0,0,0,6,0,0,0,64,1,1,0,0,192,33,128,1,0,0,192,93,128,0,0,0,0,0,0,0,0,0,0,0,0,-1,0,0,0,0,-1,0,0,0,0,-1,0,0,0,0,-1,0,0,0,0,-1,0,0,0,0,-1,0,0,0,0,-1,0,0,0,0,-1,0,0,0,0,-1,0,0,0,0,-1,0,0,0,0,-1,0,0,0,0,-1,0,0,0,0,197,213,229,0,3,144,180
2429,1933,fd,1,160,80,2,4,4,2,992,0,2,0,0,0,0,0,0,0,0,0,0,64340,2700,3316,1,0,0,0,0,6,0,0,0,64,1,1,0,0,192,31,0,1,0,0,192,91,0,0,0,0,0,0,0,0,0,0,0,0,0,-1,0,0,0,0,-1,0,0,0,0,-1,0,0,0,0,-1,0,0,0,0,-1,0,0,0,0,-1,0,0,0,0,-1,0,0,0,0,-1,0,0,0,0,-1,0,0,0,0,-1,0,0,0,0,-1,0,0,0,0,-1,0,0,0,0,196,212,228,0,3,145,180
2430,1934,fd,1,164,80,0,4,4,2,1056,0,2,0,0,0,1,0,2,192,89,128,1,64339,3200,3315,1,0,1,0,0,7,0,0,16,64,1,1,0,0,192,30,128,0,0,0,0,0,0,0,0,0,0,0,0,0,0,0,0,0,0,0,0,184,38,31,0,1,184,53,31,-1,0,0,0,0,-1,0,0,0,0,-1,0,0,0,0,-1,0,0,0,0,-1,0,0,0,0,-1,0,0,0,0,-1,0,0,0,0,-1,0,0,0,0,-1,0,0,0,0,-1,0,0,0,0,195,211,227,0,3,146,180
2431,1935,fd,1,164,80,0,4,4,2,1056,0,2,0,0,0,1,0,2,192,88,128,1,64338,3200,3314,1,0,1,0,0,7,0,0,16,64,1,1,0,0,192,28,0,0,0,0,0,0,0,0,0,0,0,0,0,0,0,0,0,0,0,0,0,184,36,30,0,1,184,51,30,-1,0,0,0,0,-1,0,0,0,0,-1,0,0,0,0,-1,0,0,0,0,-1,0,0,0,0,-1,0,0,0,0,-1,0,0,0,0,-1,0,0,0,0,-1,0,0,0,0,-1,0,0,0,0,194,210,226,0,3,147,180
2432,1936,fd,1,164,80,0,4,4,2,1056,0,2,0,0,0,1,0,2,192,87,128,1,64337,3200,3313,1,0,1,0,0,7,0,0,15,64,1,1,0,0,192,27,128,0,0,0,0,0,0,0,0,0,0,0,0,0,0,0,0,0,0,0,0,184,35,29,0,1,184,50,29,-1,0,0,0,0,-1,0,0,0,0,-1,0,0,0,0,-1,0,0,0,0,-1,0,0,0,0,-1,0,0,0,0,-1,0,0,0,0,-1,0,0,0,0,-1,0,0,0,0,-1,0,0,0,0,193,209,225,0,3,148,180
2433,1937,fd,1,164,80,0,4,4,2,1056,0,2,0,0,0,1,0,2,192,86,128,1,64336,3200,3312,1,0,1,0,0,7,0,0,15,64,1,1,0,0,192,25,0,0,0,0,0,0,0,0,0,0,0,0,0,0,0,0,0,0,0,0,0,184,33,28,0,1,184,48,28,-1,0,0,0,0,-1,0,0,0,0,-1,0,0,0,0,-1,0,0,0,0,-1,0,0,0,0,-1,0,0,0,0,-1,0,0,0,0,-1,0,0,0,0,-1,0,0,0,0,-1,0,0,0,0,192,208,224,0,3,149,180
2434,1938,fd,1,164,80,0,4,4,2,1056,0,2,0,0,0,1,0,2,192,85,128,1,64335,3200,3311,1,0,1,0,0,7,0,0,15,64,1,1,0,0,192,24,128,0,0,0,0,0,0,0,0,0,0,0,0,0,0,0,0,0,0,0,0,184,32,27,0,1,184,47,27,-1,0,0,0,0,-1,0,0,0,0,-1,0,0,0,0,-1,0,0,0,0,-1,0,0,0,0,-1,0,0,0,0,-1,0,0,0,0,-1,0,0,0,0,-1,0,0,0,0,-1,0,0,0,0,191,207,223,0,3,150,180
2435,1939,fd,1,164,80,0,4,4,2,1056,0,2,0,0,0,1,0,2,192,84,128,1,64334,3200,3310,1,0,1,0,0,7,0,0,15,64,1,1,0,0,192,22,0,0,0,0,0,0,0,0,0,0,0,0,0,0,0,0,0,0,0,0,0,184,30,26,0,1,184,45,26,-1,0,0,0,0,-1,0,0,0,0,-1,0,0,0,0,-1,0,0,0,0,-1,0,0,0,0,-1,0,0,0,0,-1,0,0,0,0,-1,0,0,0,0,-1,0,0,0,0,-1,0,0,0,0,190,206,222,0,3,151,180
2436,1940,fd,1,164,80,0,4,4,2,1056,0,2,0,0,0,1,0,2,192,83,128,1,64333,3200,3309,1,0,1,0,0,7,0,0,14,64,1,1,0,0,192,21,128,0,0,0,0,0,0,0,0,0,0,0,0,0,0,0,0,0,0,0,0,184,29,25,0,1,184,44,25,-1,0,0,0,0,-1,0,0,0,0,-1,0,0,0,0,-1,0,0,0,0,-1,0,0,0,0,-1,0,0,0,0,-1,0,0,0,0,-1,0,0,0,0,-1,0,0,0,0,-1,0,0,0,0,189,205,221,0,3,152,180
2437,1941,fd,1,164,80,0,4,4,2,1056,0,2,0,0,0,1,0,2,192,82,128,1,64332,3200,3308,1,0,1,0,0,7,0,0,14,64,1,1,0,0,192,19,0,0,0,0,0,0,0,0,0,0,0,0,0,0,0,0,0,0,0,0,0,184,27,24,0,1,184,42,24,-1,0,0,0,0,-1,0,0,0,0,-1,0,0,0,0,-1,0,0,0,0,-1,0,0,0,0,-1,0,0,0,0,-1,0,0,0,0,-1,0,0,0,0,-1,0,0,0,0,-1,0,0,0,0,188,204,220,0,3,153,180
2438,1942,fd,1,164,80,0,4,4,2,1056,0,2,0,0,0,1,0,2,192,81,128,1,64331,3200,3307,1,0,1,0,0,7,0,0,14,64,1,1,0,0,192,18,128,0,0,0,0,0,0,0,0,0,0,0,0,0,0,0,0,0,0,0,0,184,26,23,0,1,184,41,23,-1,0,0,0,0,-1,0,0,0,0,-1,0,0,0,0,-1,0,0,0,0,-1,0,0,0,0,-1,0,0,0,0,-1,0,0,0,0,-1,0,0,0,0,-1,0,0,0,0,-1,0,0,0,0,187,203,219,0,3,154,180
2439,1943,fd,1,164,80,0,4,4,2,1056,0,2,0,0,0,1,0,2,192,80,128,0,64330,3200,3306,1,0,1,0,0,7,0,0,14,64,1,1,0,0,192,16,0,0,0,0,0,0,0,0,0,0,0,0,0,0,0,0,0,0,0,0,0,184,24,22,0,1,184,39,22,-1,0,0,0,0,-1,0,0,0,0,-1,0,0,0,0,-1,0,0,0,0,-1,0,0,0,0,-1,0,0,0,0,-1,0,0,0,0,-1,0,0,0,0,-1,0,0,0,0,-1,0,0,0,0,186,202,218,0,3,155,180
2440,1944,fd,1,164,80,0,4,4,2,1056,0,2,0,0,0,1,0,2,192,80,128,0,64329,3200,3305,1,0,1,0,0,7,0,0,13,64,1,1,0,0,192,15,128,0,0,0,0,0,0,0,0,0,0,0,0,0,0,0,0,0,0,0,0,184,23,21,0,1,184,38,21,-1,0,0,0,0,-1,0,0,0,0,-1,0,0,0,0,-1,0,0,0,0,-1,0,0,0,0,-1,0,0,0,0,-1,0,0,0,0,-1,0,0,0,0,-1,0,0,0,0,-1,0,0,0,0,185,201,217,0,3,156,180
2441,1945,fd,1,164,80,0,4,4,2,1056,0,2,0,0,0,1,0,2,192,80,128,0,64328,3200,3304,1,0,1,0,0,7,0,0,13,64,1,1,0,0,192,13,0,0,0,0,0,0,0,0,0,0,0,0,0,0,0,0,0,0,0,0,0,184,21,20,0,1,184,36,20,-1,0,0,0,0,-1,0,0,0,0,-1,0,0,0,0,-1,0,0,0,0,-1,0,0,0,0,-1,0,0,0,0,-1,0,0,0,0,-1,0,0,0,0,-1,0,0,0,0,-1,0,0,0,0,184,200,216,0,3,157,180
2442,1946,fd,1,164,80,0,4,4,2,1056,0,2,0,0,0,1,0,2,192,80,128,0,64327,3200,3303,1,0,1,0,0,7,0,0,13,64,1,1,0,0,192,12,128,0,0,0,0,0,0,0,0,0,0,0,0,0,0,0,0,0,0,0,0,184,20,19,0,1,184,35,19,-1,0,0,0,0,-1,0,0,0,0,-1,0,0,0,0,-1,0,0,0,0,-1,0,0,0,0,-1,0,0,0,0,-1,0,0,0,0,-1,0,0,0,0,-1,0,0,0,0,-1,0,0,0,0,183,199,215,0,3,158,180
2443,1947,fd,1,164,80,0,4,4,2,1056,0,2,0,0,0,1,0,2,192,80,128,0,64326,3200,3302,1,0,1,0,0,7,0,0,13,64,1,1,0,0,192,10,0,0,0,0,0,0,0,0,0,0,0,0,0,0,0,0,0,0,0,0,0,184,18,18,0,1,184,33,18,-1,0,0,0,0,-1,0,0,0,0,-1,0,0,0,0,-1,0,0,0,0,-1,0,0,0,0,-1,0,0,0,0,-1,0,0,0,0,-1,0,0,0,0,-1,0,0,0,0,-1,0,0,0,0,182,198,214,0,3,159,180
2444,1948,fd,1,164,80,0,4,4,2,1056,0,2,0,0,0,1,0,2,192,80,128,0,64325,3200,3301,1,0,1,0,0,7,0,0,12,64,1,1,0,0,192,9,128,0,0,0,0,0,0,0,0,0,0,0,0,0,0,0,0,0,0,0,0,184,17,17,0,1,184,32,17,-1,0,0,0,0,-1,0,0,0,0,-1,0,0,0,0,-1,0,0,0,0,-1,0,0,0,0,-1,0,0,0,0,-1,0,0,0,0,-1,0,0,0,0,-1,0,0,0,0,-1,0,0,0,0,181,197,213,0,3,160,180
2445,1949,fd,1,164,80,0,4,4,2,1056,0,2,0,0,0,1,0,2,192,80,128,0,64324,3200,3300,1,0,1,0,0,7,0,0,12,64,1,1,0,0,192,7,0,0,0,0,0,0,0,0,0,0,0,0,0,0,0,0,0,0,0,0,0,184,15,16,0,1,184,30,16,-1,0,0,0,0,-1,0,0,0,0,-1,0,0,0,0,-1,0,0,0,0,-1,0,0,0,0,-1,0,0,0,0,-1,0,0,0,0,-1,0,0,0,0,-1,0,0,0,0,-1,0,0,0,0,180,196,212,0,3,161,180
2446,1950,fd,1,164,80,0,4,4,2,1056,0,2,0,0,0,1,0,2,192,80,128,0,64323,3200,3299,1,0,1,0,0,7,0,0,12,64,1,1,0,0,192,6,128,0,0,0,0,0,0,0,0,0,0,0,0,0,0,0,0,0,0,0,0,184,14,15,0,1,184,29,15,-1,0,0,0,0,-1,0,0,0,0,-1,0,0,0,0,-1,0,0,0,0,-1,0,0,0,0,-1,0,0,0,0,-1,0,0,0,0,-1,0,0,0,0,-1,0,0,0,0,-1,0,0,0,0,179,195,211,0,3,162,180
2447,1951,fd,1,164,80,0,4,4,2,1056,0,2,0,0,0,1,0,2,192,80,128,0,64322,3200,3298,1,0,1,0,0,7,0,0,12,64,1,1,0,0,192,4,0,0,0,0,0,0,0,0,0,0,0,0,0,0,0,0,0,0,0,0,0,184,12,14,0,1,184,27,14,-1,0,0,0,0,-1,0,0,0,0,-1,0,0,0,0,-1,0,0,0,0,-1,0,0,0,0,-1,0,0,0,0,-1,0,0,0,0,-1,0,0,0,0,-1,0,0,0,0,-1,0,0,0,0,178,194,210,0,3,163,180
2448,1952,fd,1,164,80,0,4,4,2,1056,0,2,0,0,0,1,0,2,192,80,128,0,64321,3200,3297,1,0,1,0,0,7,0,0,11,64,1,1,0,0,192,3,128,0,0,0,0,0,0,0,0,0,0,0,0,0,0,0,0,0,0,0,0,184,11,13,0,1,184,26,13,-1,0,0,0,0,-1,0,0,0,0,-1,0,0,0,0,-1,0,0,0,0,-1,0,0,0,0,-1,0,0,0,0,-1,0,0,0,0,-1,0,0,0,0,-1,0,0,0,0,-1,0,0,0,0,177,193,209,0,3,164,180
2449,1953,fd,1,164,80,0,4,4,2,1056,0,2,0,0,0,1,0,2,192,80,128,0,64320,3200,3296,1,0,1,0,0,7,0,0,11,64,1,1,0,0,192,1,0,0,0,0,0,0,0,0,0,0,0,0,0,0,0,0,0,0,0,0,0,184,9,12,0,1,184,24,12,-1,0,0,0,0,-1,0,0,0,0,-1,0,0,0,0,-1,0,0,0,0,-1,0,0,0,0,-1,0,0,0,0,-1,0,0,0,0,-1,0,0,0,0,-1,0,0,0,0,-1,0,0,0,0,176,192,208,0,3,165,180
2450,1954,fd,1,164,80,0,4,4,2,1056,0,2,0,0,0,1,0,2,192,80,128,0,64319,3200,3295,1,0,1,0,0,7,0,0,11,64,1,1,0,0,192,0,128,1,0,0,192,240,128,0,0,0,0,0,0,0,0,0,0,0,0,0,0,184,8,11,0,1,184,23,11,-1,0,0,0,0,-1,0,0,0,0,-1,0,0,0,0,-1,0,0,0,0,-1,0,0,0,0,-1,0,0,0,0,-1,0,0,0,0,-1,0,0,0,0,-1,0,0,0,0,-1,0,0,0,0,175,191,207,0,3,166,180
2451,1955,fd,1,164,80,0,4,4,2,1056,0,2,0,0,0,1,0,2,192,80,128,0,64318,3200,3294,1,0,1,0,0,7,0,0,11,64,1,1,0,0,192,254,0,1,0,0,192,238,0,0,0,0,0,0,0,0,0,0,0,0,0,0,0,184,6,10,0,1,184,21,10,-1,0,0,0,0,-1,0,0,0,0,-1,0,0,0,0,-1,0,0,0,0,-1,0,0,0,0,-1,0,0,0,0,-1,0,0,0,0,-1,0,0,0,0,-1,0,0,0,0,-1,0,0,0,0,174,190,206,0,3,167,180
2452,1956,fd,1,164,80,0,4,4,2,1056,0,2,0,0,0,1,0,2,192,80,128,0,64317,3200,3293,1,0,1,0,0,7,0,0,10,64,1,1,0,0,192,253,128,1,0,0,192,237,128,0,0,0,0,0,0,0,0,0,0,0,0,0,0,184,5,9,0,1,184,20,9,-1,0,0,0,0,-1,0,0,0,0,-1,0,0,0,0,-1,0,0,0,0,-1,0,0,0,0,-1,0,0,0,0,-1,0,0,0,0,-1,0,0,0,0,-1,0,0,0,0,-1,0,0,0,0,173,189,205,0,3,168,180
2453,1957,fd,1,164,80,0,4,4,2,1056,0,2,0,0,0,1,0,2,192,80,128,0,64316,3200,3292,1,0,1,0,0,7,0,0,10,64,1,1,0,0,192,251,0,1,0,0,192,235,0,0,0,0,0,0,0,0,0,0,0,0,0,0,0,184,3,8,0,1,184,18,8,-1,0,0,0,0,-1,0,0,0,0,-1,0,0,0,0,-1,0,0,0,0,-1,0,0,0,0,-1,0,0,0,0,-1,0,0,0,0,-1,0,0,0,0,-1,0,0,0,0,-1,0,0,0,0,172,188,204,0,3,169,180
2454,1958,fd,1,164,80,0,4,4,2,1056,0,2,0,0,0,1,0,2,192,80,128,0,64315,3200,3291,1,0,1,0,0,7,0,0,10,64,1,1,0,0,192,250,128,1,0,0,192,234,128,0,0,0,0,0,0,0,0,0,0,0,0,0,0,184,2,7,0,1,184,17,7,-1,0,0,0,0,-1,0,0,0,0,-1,0,0,0,0,-1,0,0,0,0,-1,0,0,0,0,-1,0,0,0,0,-1,0,0,0,0,-1,0,0,0,0,-1,0,0,0,0,-1,0,0,0,0,171,187,203,0,3,170,180
2455,1959,fd,1,164,80,0,4,4,2,1056,0,2,0,0,0,1,0,2,192,80,128,0,64314,3200,3290,1,0,1,0,0,7,0,0,10,64,1,1,0,0,192,248,0,1,0,0,192,232,0,0,0,0,0,0,0,0,0,0,0,0,0,-1,0,0,0,0,0,1,184,15,6,-1,0,0,0,0,-1,0,0,0,0,-1,0,0,0,0,-1,0,0,0,0,-1,0,0,0,0,-1,0,0,0,0,-1,0,0,0,0,-1,0,0,0,0,-1,0,0,0,0,-1,0,0,0,0,170,186,202,0,3,171,180
2456,1960,fd,1,164,80,0,4,4,2,1056,0,2,0,0,0,1,0,2,192,80,128,0,64313,3200,3289,1,0,1,0,0,7,0,0,9,64,1,1,0,0,192,247,128,1,0,0,192,231,128,0,0,0,0,0,0,0,0,0,0,0,0,-1,0,0,0,0,0,1,184,14,5,-1,0,0,0,0,-1,0,0,0,0,-1,0,0,0,0,-1,0,0,0,0,-1,0,0,0,0,-1,0,0,0,0,-1,0,0,0,0,-1,0,0,0,0,-1,0,0,0,0,-1,0,0,0,0,169,185,201,0,3,172,180
2457,1961,fd,1,164,80,0,4,4,2,1056,0,2,0,0,0,1,0,2,192,80,128,0,64312,3200,3288,1,0,1,0,0,7,0,0,9,64,1,1,0,0,192,245,0,1,0,0,192,229,0,0,0,0,0,0,0,0,0,0,0,0,0,-1,0,0,0,0,0,1,184,12,4,-1,0,0,0,0,-1,0,0,0,0,-1,0,0,0,0,-1,0,0,0,0,-1,0,0,0,0,-1,0,0,0,0,-1,0,0,0,0,-1,0,0,0,0,-1,0,0,0,0,-1,0,0,0,0,168,184,200,0,3,173,180
2458,1962,fd,1,164,80,0,4,4,2,1056,0,2,0,0,0,1,0,2,192,80,128,0,64311,3200,3287,1,0,1,0,0,7,0,0,9,64,1,1,0,0,192,244,128,1,0,0,192,228,128,0,0,0,0,0,0,0,0,0,0,0,0,-1,0,0,0,0,0,1,184,11,3,-1,0,0,0,0,-1,0,0,0,0,-1,0,0,0,0,-1,0,0,0,0,-1,0,0,0,0,-1,0,0,0,0,-1,0,0,0,0,-1,0,0,0,0,-1,0,0,0,0,-1,0,0,0,0,167,183,199,0,3,174,180
2459,1963,fd,1,164,80,0,4,4,2,1056,0,2,0,0,0,1,0,2,192,80,128,0,64310,3200,3286,1,0,1,0,0,7,0,0,9,64,1,1,0,2,192,242,0,1,0,0,192,226,0,0,0,0,0,0,0,0,0,0,0,0,0,-1,0,0,0,0,0,1,184,9,2,-1,0,0,0,0,-1,0,0,0,0,-1,0,0,0,0,-1,0,0,0,0,-1,0,0,0,0,-1,0,0,0,0,-1,0,0,0,0,-1,0,0,0,0,-1,0,0,0,0,-1,0,0,0,0,166,182,198,0,3,175,180
2460,1964,fd,1,164,80,0,4,4,2,1056,0,2,0,0,0,1,0,2,192,80,128,0,64309,3200,3285,1,0,1,0,0,7,0,0,8,64,1,0,0,0,0,0,0,1,0,0,192,225,128,0,0,0,0,0,0,0,0,0,0,0,0,-1,0,0,0,0,0,1,184,23,1,-1,0,0,0,0,-1,0,0,0,0,-1,0,0,0,0,-1,0,0,0,0,-1,0,0,0,0,-1,0,0,0,0,-1,0,0,0,0,-1,0,0,0,0,-1,0,0,0,0,-1,0,0,0,0,165,181,197,0,3,176,180
2461,1965,fd,1,164,80,0,4,4,2,1056,0,2,0,0,0,1,0,2,192,80,128,0,64308,3200,3284,1,0,1,0,0,7,0,0,8,64,1,0,0,0,0,0,0,1,0,0,192,223,0,0,0,0,0,0,0,0,0,0,0,0,0,-1,0,0,0,0,-1,0,0,0,0,-1,0,0,0,0,-1,0,0,0,0,-1,0,0,0,0,-1,0,0,0,0,-1,0,0,0,0,-1,0,0,0,0,-1,0,0,0,0,-1,0,0,0,0,-1,0,0,0,0,-1,0,0,0,0,164,180,196,0,3,177,180
2462,1966,fd,1,164,80,0,4,4,2,1056,0,2,0,0,0,1,0,2,192,80,128,0,64307,3200,3283,1,0,1,0,0,7,0,0,8,64,1,0,0,0,0,0,0,1,0,0,192,222,128,0,0,0,0,0,0,0,0,0,0,0,0,-1,0,0,0,0,-1,0,0,0,0,-1,0,0,0,0,-1,0,0,0,0,-1,0,0,0,0,-1,0,0,0,0,-1,0,0,0,0,-1,0,0,0,0,-1,0,0,0,0,-1,0,0,0,0,-1,0,0,0,0,-1,0,0,0,0,163,179,195,0,3,178,180
2463,1967,fd,1,164,80,0,4,4,2,1056,0,2,0,0,0,1,0,2,192,80,128,0,64306,3200,3282,1,0,1,0,0,7,0,0,8,64,1,0,0,0,0,0,0,1,0,0,192,220,0,0,0,0,0,0,0,0,0,0,0,0,0,-1,0,0,0,0,-1,0,0,0,0,-1,0,0,0,0,-1,0,0,0,0,-1,0,0,0,0,-1,0,0,0,0,-1,0,0,0,0,-1,0,0,0,0,-1,0,0,0,0,-1,0,0,0,0,-1,0,0,0,0,-1,0,0,0,0,162,178,194,0,3,179,180
2464,1968,fd,1,164,80,0,4,4,2,1056,0,2,0,0,0,1,0,2,192,80,128,0,64305,3200,3281,1,0,1,0,0,7,0,0,7,64,1,0,0,0,0,0,0,1,0,0,192,219,128,0,0,0,0,0,0,0,0,0,0,0,0,-1,0,0,0,0,-1,0,0,0,0,-1,0,0,0,0,-1,0,0,0,0,-1,0,0,0,0,-1,0,0,0,0,-1,0,0,0,0,-1,0,0,0,0,-1,0,0,0,0,-1,0,0,0,0,-1,0,0,0,0,-1,0,0,0,0,161,177,193,0,3,180,180
2465,1969,fd,1,164,80,0,4,4,2,1056,0,2,0,0,0,1,0,2,192,80,128,0,64304,3200,3280,1,0,1,0,0,7,0,0,7,64,1,0,0,0,0,0,0,1,0,0,192,217,0,0,0,0,0,0,0,0,0,0,0,0,0,-1,0,0,0,0,-1,0,0,0,0,-1,0,0,0,0,-1,0,0,0,0,-1,0,0,0,0,-1,0,0,0,0,-1,0,0,0,0,-1,0,0,0,0,-1,0,0,0,0,-1,0,0,0,0,-1,0,0,0,0,-1,0,0,0,0,160,176,192,0,3,181,180
2466,1970,fd,1,164,80,0,4,4,2,1056,0,2,0,0,0,1,0,2,192,80,128,0,64303,3200,3279,1,0,1,0,0,7,0,0,7,64,1,0,0,0,0,0,0,1,0,0,192,216,128,0,0,0,0,0,0,0,0,0,0,0,0,-1,0,0,0,0,-1,0,0,0,0,-1,0,0,0,0,-1,0,0,0,0,-1,0,0,0,0,-1,0,0,0,0,-1,0,0,0,0,-1,0,0,0,0,-1,0,0,0,0,-1,0,0,0,0,-1,0,0,0,0,-1,0,0,0,0,159,175,191,0,3,182,180
2467,1971,fd,1,164,80,0,4,4,2,1056,0,2,0,0,0,1,0,2,192,80,128,0,64302,3200,3278,1,0,1,0,0,7,0,0,7,64,1,0,0,0,0,0,0,1,0,0,192,214,0,0,0,0,0,0,0,0,0,0,0,0,0,-1,0,0,0,0,-1,0,0,0,0,-1,0,0,0,0,-1,0,0,0,0,-1,0,0,0,0,-1,0,0,0,0,-1,0,0,0,0,-1,0,0,0,0,-1,0,0,0,0,-1,0,0,0,0,-1,0,0,0,0,-1,0,0,0,0,158,174,190,0,3,183,180
2468,1972,fd,1,164,80,0,4,4,2,1056,0,2,0,0,0,1,0,2,192,80,128,0,64301,3200,3277,1,0,1,0,0,7,0,0,6,64,1,0,0,0,0,0,0,1,0,0,192,213,128,0,0,0,0,0,0,0,0,0,0,0,0,-1,0,0,0,0,-1,0,0,0,0,-1,0,0,0,0,-1,0,0,0,0,-1,0,0,0,0,-1,0,0,0,0,-1,0,0,0,0,-1,0,0,0,0,-1,0,0,0,0,-1,0,0,0,0,-1,0,0,0,0,-1,0,0,0,0,157,173,189,0,3,184,180
2469,1973,fd,1,164,80,0,4,4,2,1056,0,2,0,0,0,1,0,2,192,80,128,0,64300,3200,3276,1,0,1,0,0,7,0,0,6,64,1,0,0,0,0,0,0,1,0,0,192,211,0,0,0,0,0,0,0,0,0,0,0,0,0,-1,0,0,0,0,-1,0,0,0,0,-1,0,0,0,0,-1,0,0,0,0,-1,0,0,0,0,-1,0,0,0,0,-1,0,0,0,0,-1,0,0,0,0,-1,0,0,0,0,-1,0,0,0,0,-1,0,0,0,0,-1,0,0,0,0,156,172,188,0,3,185,180
2470,1974,fd,1,164,80,0,4,4,2,1056,0,2,0,0,0,1,0,2,192,80,128,0,64299,3200,3275,1,0,1,0,0,7,0,0,6,64,1,0,0,0,0,0,0,1,0,0,192,210,128,0,0,0,0,0,0,0,0,0,0,0,0,-1,0,0,0,0,-1,0,0,0,0,-1,0,0,0,0,-1,0,0,0,0,-1,0,0,0,0,-1,0,0,0,0,-1,0,0,0,0,-1,0,0,0,0,-1,0,0,0,0,-1,0,0,0,0,-1,0,0,0,0,-1,0,0,0,0,155,171,187,0,3,186,180
2471,1975,fd,1,164,80,0,4,4,2,1056,0,2,0,0,0,1,0,2,192,80,128,0,64298,3200,3274,1,0,1,0,0,7,0,0,6,64,1,0,0,0,0,0,0,1,0,0,192,208,0,0,0,0,0,0,0,0,0,0,0,0,0,-1,0,0,0,0,-1,0,0,0,0,-1,0,0,0,0,-1,0,0,0,0,-1,0,0,0,0,-1,0,0,0,0,-1,0,0,0,0,-1,0,0,0,0,-1,0,0,0,0,-1,0,0,0,0,-1,0,0,0,0,-1,0,0,0,0,154,170,186,0,3,187,180
2472,1976,fd,1,164,80,0,4,4,2,1056,0,2,0,0,0,1,0,2,192,80,128,0,64297,3200,3273,1,0,1,0,0,7,0,0,5,64,1,0,0,0,0,0,0,1,0,0,192,207,128,0,0,0,0,0,0,0,0,0,0,0,0,-1,0,0,0,0,-1,0,0,0,0,-1,0,0,0,0,-1,0,0,0,0,-1,0,0,0,0,-1,0,0,0,0,-1,0,0,0,0,-1,0,0,0,0,-1,0,0,0,0,-1,0,0,0,0,-1,0,0,0,0,-1,0,0,0,0,153,169,185,0,3,188,180
2473,1977,fd,1,164,80,0,4,4,2,1056,0,2,0,0,0,1,0,2,192,80,128,0,64296,3200,3272,1,0,1,0,0,7,0,0,5,64,1,0,0,0,0,0,0,1,0,0,192,205,0,0,0,0,0,0,0,0,0,0,0,0,0,-1,0,0,0,0,-1,0,0,0,0,-1,0,0,0,0,-1,0,0,0,0,-1,0,0,0,0,-1,0,0,0,0,-1,0,0,0,0,-1,0,0,0,0,-1,0,0,0,0,-1,0,0,0,0,-1,0,0,0,0,-1,0,0,0,0,152,168,184,0,3,189,180
2474,1978,fd,1,164,80,0,4,4,2,1056,0,2,0,0,0,1,0,2,192,80,128,0,64295,3200,3271,1,0,1,0,0,7,0,0,5,64,1,0,0,0,0,0,0,1,0,0,192,204,128,0,0,0,0,0,0,0,0,0,0,0,0,-1,0,0,0,0,-1,0,0,0,0,-1,0,0,0,0,-1,0,0,0,0,-1,0,0,0,0,-1,0,0,0,0,-1,0,0,0,0,-1,0,0,0,0,-1,0,0,0,0,-1,0,0,0,0,-1,0,0,0,0,-1,0,0,0,0,151,167,183,0,3,190,180
2475,1979,fd,1,164,80,0,4,4,2,1056,0,2,0,0,0,1,0,2,192,80,128,0,64294,3200,3270,1,0,1,0,0,7,0,0,5,64,1,0,0,0,0,0,0,1,0,0,192,202,0,0,0,0,0,0,0,0,0,0,0,0,0,-1,0,0,0,0,-1,0,0,0,0,-1,0,0,0,0,-1,0,0,0,0,-1,0,0,0,0,-1,0,0,0,0,-1,0,0,0,0,-1,0,0,0,0,-1,0,0,0,0,-1,0,0,0,0,-1,0,0,0,0,-1,0,0,0,0,150,166,182,0,3,191,180
2476,1980,fd,1,164,80,0,4,4,2,1056,0,2,0,0,0,1,0,2,192,80,128,0,64293,3200,3269,1,0,1,0,0,7,0,0,4,64,1,0,0,0,0,0,0,1,0,0,192,201,128,0,0,0,0,0,0,0,0,0,0,0,0,-1,0,0,0,0,-1,0,0,0,0,-1,0,0,0,0,-1,0,0,0,0,-1,0,0,0,0,-1,0,0,0,0,-1,0,0,0,0,-1,0,0,0,0,-1,0,0,0,0,-1,0,0,0,0,-1,0,0,0,0,-1,0,0,0,0,149,165,181,0,3,192,180
2477,1981,fd,1,164,80,0,4,4,2,1056,0,2,0,0,0,1,0,2,192,80,128,0,64292,3200,3268,1,0,1,0,0,7,0,0,4,64,1,0,0,0,0,0,0,1,0,0,192,199,0,0,0,0,0,0,0,0,0,0,0,0,0,-1,0,0,0,0,-1,0,0,0,0,-1,0,0,0,0,-1,0,0,0,0,-1,0,0,0,0,-1,0,0,0,0,-1,0,0,0,0,-1,0,0,0,0,-1,0,0,0,0,-1,0,0,0,0,-1,0,0,0,0,-1,0,0,0,0,148,164,180,0,3,193,180
2478,1982,fd,1,164,80,0,4,4,2,1056,0,2,0,0,0,1,0,2,192,80,128,0,64291,3200,3267,1,0,1,0,0,7,0,0,4,64,1,0,0,0,0,0,0,1,0,0,192,198,128,0,0,0,0,0,0,0,0,0,0,0,0,-1,0,0,0,0,-1,0,0,0,0,-1,0,0,0,0,-1,0,0,0,0,-1,0,0,0,0,-1,0,0,0,0,-1,0,0,0,0,-1,0,0,0,0,-1,0,0,0,0,-1,0,0,0,0,-1,0,0,0,0,-1,0,0,0,0,147,163,179,0,3,194,180
2479,1983,fd,1,164,80,0,4,4,2,1056,0,2,0,0,0,1,0,2,192,80,128,0,64290,3200,3266,1,0,1,0,0,7,0,0,4,64,1,0,0,0,0,0,0,1,0,0,192,196,0,0,0,0,0,0,0,0,0,0,0,0,0,-1,0,0,0,0,-1,0,0,0,0,-1,0,0,0,0,-1,0,0,0,0,-1,0,0,0,0,-1,0,0,0,0,-1,0,0,0,0,-1,0,0,0,0,-1,0,0,0,0,-1,0,0,0,0,-1,0,0,0,0,-1,0,0,0,0,146,162,178,0,3,195,180
2480,1984,fd,1,164,80,0,4,4,2,1056,0,2,0,0,0,1,0,2,192,80,128,0,64289,3200,3265,1,0,1,0,0,7,0,0,3,64,1,0,0,0,0,0,0,1,0,0,192,195,128,0,0,0,0,0,0,0,0,0,0,0,0,-1,0,0,0,0,-1,0,0,0,0,-1,0,0,0,0,-1,0,0,0,0,-1,0,0,0,0,-1,0,0,0,0,-1,0,0,0,0,-1,0,0,0,0,-1,0,0,0,0,-1,0,0,0,0,-1,0,0,0,0,-1,0,0,0,0,145,161,177,0,3,196,180
2481,1985,fd,1,164,80,0,4,4,2,1056,0,2,0,0,0,1,0,2,192,80,128,0,64288,3200,3264,1,0,1,0,0,7,0,0,3,64,1,0,0,0,0,0,0,1,0,0,192,193,0,0,0,0,0,0,0,0,0,0,0,0,0,-1,0,0,0,0,-1,0,0,0,0,-1,0,0,0,0,-1,0,0,0,0,-1,0,0,0,0,-1,0,0,0,0,-1,0,0,0,0,-1,0,0,0,0,-1,0,0,0,0,-1,0,0,0,0,-1,0,0,0,0,-1,0,0,0,0,144,160,176,0,3,197,180
2482,1986,fd,1,164,80,0,4,4,2,1056,0,2,0,0,0,1,0,2,192,80,128,0,64287,3200,3263,1,0,1,0,0,7,0,0,3,64,1,1,0,0,192,240,128,1,0,0,192,192,128,0,0,0,0,0,0,0,0,0,0,0,0,-1,0,0,0,0,-1,0,0,0,0,-1,0,0,0,0,-1,0,0,0,0,-1,0,0,0,0,-1,0,0,0,0,-1,0,0,0,0,-1,0,0,0,0,-1,0,0,0,0,-1,0,0,0,0,-1,0,0,0,0,-1,0,0,0,0,143,159,175,0,3,198,180
2483,1987,fd,1,164,80,0,4,4,2,1056,0,2,0,0,0,1,0,2,192,80,128,0,64286,3200,3262,1,0,1,0,0,7,0,0,3,64,1,1,0,0,192,238,0,1,0,0,192,190,0,0,0,0,0,0,0,0,0,0,0,0,0,-1,0,0,0,0,-1,0,0,0,0,-1,0,0,0,0,-1,0,0,0,0,-1,0,0,0,0,-1,0,0,0,0,-1,0,0,0,0,-1,0,0,0,0,-1,0,0,0,0,-1,0,0,0,0,-1,0,0,0,0,-1,0,0,0,0,142,158,174,0,3,199,180
2484,1988,fd,1,164,80,0,4,4,2,1056,0,2,0,0,0,1,0,2,192,80,128,0,64285,3200,3261,1,0,1,0,0,7,0,0,2,64,1,1,0,0,192,237,128,1,0,0,192,189,128,0,0,0,0,0,0,0,0,0,0,0,0,-1,0,0,0,0,-1,0,0,0,0,-1,0,0,0,0,-1,0,0,0,0,-1,0,0,0,0,-1,0,0,0,0,-1,0,0,0,0,-1,0,0,0,0,-1,0,0,0,0,-1,0,0,0,0,-1,0,0,0,0,-1,0,0,0,0,141,157,173,0,3,200,180
2485,1989,fd,1,164,80,0,4,4,2,1056,0,2,0,0,0,1,0,2,192,80,128,0,64284,3200,3260,1,0,1,0,0,7,0,0,2,64,1,1,0,0,192,235,0,1,0,0,192,187,0,0,0,0,0,0,0,0,0,0,0,0,0,-1,0,0,0,0,-1,0,0,0,0,-1,0,0,0,0,-1,0,0,0,0,-1,0,0,0,0,-1,0,0,0,0,-1,0,0,0,0,-1,0,0,0,0,-1,0,0,0,0,-1,0,0,0,0,-1,0,0,0,0,-1,0,0,0,0,140,156,172,0,3,201,180
2486,1990,fd,1,164,80,0,4,4,2,1056,0,2,0,0,0,1,0,2,192,80,128,0,64283,3200,3259,1,0,1,0,0,7,0,0,2,64,1,1,0,0,192,234,128,1,0,0,192,186,128,0,0,0,0,0,0,0,0,0,0,0,0,-1,0,0,0,0,-1,0,0,0,0,-1,0,0,0,0,-1,0,0,0,0,-1,0,0,0,0,-1,0,0,0,0,-1,0,0,0,0,-1,0,0,0,0,-1,0,0,0,0,-1,0,0,0,0,-1,0,0,0,0,-1,0,0,0,0,139,155,171,0,3,202,180
2487,1991,fd,1,164,80,0,4,4,2,1056,0,2,0,0,0,1,0,2,192,80,128,0,64282,3200,3258,1,0,1,0,0,7,0,0,2,64,1,1,0,0,192,232,0,1,0,0,192,184,0,0,0,0,0,0,0,0,0,0,0,0,0,-1,0,0,0,0,-1,0,0,0,0,-1,0,0,0,0,-1,0,0,0,0,-1,0,0,0,0,-1,0,0,0,0,-1,0,0,0,0,-1,0,0,0,0,-1,0,0,0,0,-1,0,0,0,0,-1,0,0,0,0,-1,0,0,0,0,138,154,170,0,3,203,180
2488,1992,fd,1,164,80,0,4,4,2,1056,0,2,0,0,0,1,0,2,192,80,128,0,64281,3200,3257,1,0,1,0,0,7,0,0,1,64,1,1,0,0,192,231,128,1,0,0,192,183,128,0,0,0,0,0,0,0,0,0,0,0,0,-1,0,0,0,0,-1,0,0,0,0,-1,0,0,0,0,-1,0,0,0,0,-1,0,0,0,0,-1,0,0,0,0,-1,0,0,0,0,-1,0,0,0,0,-1,0,0,0,0,-1,0,0,0,0,-1,0,0,0,0,-1,0,0,0,0,137,153,169,0,3,204,180
2489,1993,fd,1,164,80,0,4,4,2,1056,0,2,0,0,0,1,0,2,192,80,128,0,64280,3200,3256,1,0,1,0,0,7,0,0,1,64,1,1,0,0,192,229,0,1,0,0,192,181,0,0,0,0,0,0,0,0,0,0,0,0,0,-1,0,0,0,0,-1,0,0,0,0,-1,0,0,0,0,-1,0,0,0,0,-1,0,0,0,0,-1,0,0,0,0,-1,0,0,0,0,-1,0,0,0,0,-1,0,0,0,0,-1,0,0,0,0,-1,0,0,0,0,-1,0,0,0,0,136,152,168,0,3,205,180
2490,1994,fd,1,164,80,0,4,4,2,1056,0,2,0,0,0,1,0,2,192,80,128,0,64279,3200,3255,1,0,1,0,0,7,0,0,1,64,1,1,0,0,192,228,128,1,0,0,192,180,128,0,0,0,0,0,0,0,0,0,0,0,0,-1,0,0,0,0,-1,0,0,0,0,-1,0,0,0,0,-1,0,0,0,0,-1,0,0,0,0,-1,0,0,0,0,-1,0,0,0,0,-1,0,0,0,0,-1,0,0,0,0,-1,0,0,0,0,-1,0,0,0,0,-1,0,0,0,0,135,151,167,0,3,206,180
2491,1995,fd,1,164,80,0,4,4,2,1056,0,2,0,0,0,1,0,2,192,80,128,0,64278,3200,3254,1,0,1,0,0,7,0,0,1,64,1,1,0,0,192,226,0,1,0,0,192,178,0,0,0,0,0,0,0,0,0,0,0,0,0,-1,0,0,0,0,-1,0,0,0,0,-1,0,0,0,0,-1,0,0,0,0,-1,0,0,0,0,-1,0,0,0,0,-1,0,0,0,0,-1,0,0,0,0,-1,0,0,0,0,-1,0,0,0,0,-1,0,0,0,0,-1,0,0,0,0,134,150,166,0,3,207,180
2492,1996,fd,1,164,80,0,4,4,2,1056,0,2,0,0,0,1,0,2,192,80,128,0,64277,3200,3253,1,0,1,0,0,7,0,0,0,64,1,1,0,0,192,225,128,1,0,0,192,177,128,0,0,0,0,0,0,0,0,0,0,0,0,-1,0,0,0,0,-1,0,0,0,0,-1,0,0,0,0,-1,0,0,0,0,-1,0,0,0,0,-1,0,0,0,0,-1,0,0,0,0,-1,0,0,0,0,-1,0,0,0,0,-1,0,0,0,0,-1,0,0,0,0,-1,0,0,0,0,133,149,165,0,3,208,180
2493,1997,fd,1,164,80,0,4,4,2,1056,0,2,0,0,0,1,0,2,192,80,128,0,64276,3200,3252,1,0,1,0,0,7,0,0,0,64,1,1,0,0,192,223,0,1,0,0,192,175,0,0,0,0,0,0,0,0,0,0,0,0,0,-1,0,0,0,0,-1,0,0,0,0,-1,0,0,0,0,-1,0,0,0,0,-1,0,0,0,0,-1,0,0,0,0,-1,0,0,0,0,-1,0,0,0,0,-1,0,0,0,0,-1,0,0,0,0,-1,0,0,0,0,-1,0,0,0,0,132,148,164,0,3,209,180
2494,1998,ed,1,160,80,1,4,4,2,1024,16,2,0,0,0,1,0,4,192,80,128,0,64275,3200,3251,1,0,1,0,0,7,1,0,0,64,1,1,0,0,192,222,128,1,0,0,192,174,128,0,0,0,0,0,0,0,0,0,0,0,0,-1,0,0,0,0,-1,0,0,0,0,-1,0,0,0,0,-1,0,0,0,0,-1,0,0,0,0,-1,0,0,0,0,-1,0,0,0,0,-1,0,0,0,0,-1,0,0,0,0,-1,0,0,0,0,-1,0,0,0,0,-1,0,0,0,0,131,147,163,0,3,210,180
2495,1999,fd,1,157,80,1,4,4,2,992,16,2,0,0,0,1,0,4,192,78,128,0,64274,3200,3250,1,0,1,0,0,7,0,0,0,64,1,1,0,0,192,220,0,1,0,0,192,172,0,0,0,0,0,0,0,0,0,0,0,0,0,-1,0,0,0,0,-1,0,0,0,0,-1,0,0,0,0,-1,0,0,0,0,-1,0,0,0,0,-1,0,0,0,0,-1,0,0,0,0,-1,0,0,0,0,-1,0,0,0,0,-1,0,0,0,0,-1,0,0,0,0,-1,0,0,0,0,130,146,162,0,3,211,180
2496,2000,fd,1,154,80,1,4,4,2,960,0,2,0,0,0,1,0,4,192,76,128,0,64273,3200,3249,1,0,1,0,0,7,0,0,0,64,1,1,0,0,192,219,128,1,0,0,192,171,128,0,0,0,0,0,0,0,0,0,0,0,0,-1,0,0,0,0,-1,0,0,0,0,-1,0,0,0,0,-1,0,0,0,0,-1,0,0,0,0,-1,0,0,0,0,-1,0,0,0,0,-1,0,0,0,0,-1,0,0,0,0,-1,0,0,0,0,-1,0,0,0,0,-1,0,0,0,0,129,145,161,0,3,212,180
2497,2001,fd,1,151,80,1,4,4,2,928,0,2,0,0,0,1,0,4,192,74,128,0,64272,3200,3248,1,0,1,0,0,7,0,0,0,64,1,1,0,0,192,217,0,1,0,0,192,169,0,0,0,0,0,0,0,0,0,0,0,0,0,-1,0,0,0,0,-1,0,0,0,0,-1,0,0,0,0,-1,0,0,0,0,-1,0,0,0,0,-1,0,0,0,0,-1,0,0,0,0,-1,0,0,0,0,-1,0,0,0,0,-1,0,0,0,0,-1,0,0,0,0,-1,0,0,0,0,128,144,160,0,3,213,180
2498,2002,fd,1,148,80,1,4,4,2,896,0,2,0,0,0,1,0,4,192,72,128,0,64271,3200,3247,1,0,1,0,0,7,0,0,0,64,1,1,0,0,192,216,128,1,0,0,192,168,128,0,0,0,0,0,0,0,0,0,0,0,0,-1,0,0,0,0,-1,0,0,0,0,-1,0,0,0,0,-1,0,0,0,0,-1,0,0,0,0,-1,0,0,0,0,-1,0,0,0,0,-1,0,0,0,0,-1,0,0,0,0,-1,0,0,0,0,-1,0,0,0,0,-1,0,0,0,0,127,143,159,0,3,214,180
2499,2003,fd,1,145,80,1,4,4,2,864,0,2,0,0,0,1,0,4,192,70,128,0,64270,3200,3246,1,0,1,0,0,7,0,0,0,64,1,1,0,0,192,214,0,1,0,0,192,166,0,0,0,0,0,0,0,0,0,0,0,0,0,-1,0,0,0,0,-1,0,0,0,0,-1,0,0,0,0,-1,0,0,0,0,-1,0,0,0,0,-1,0,0,0,0,-1,0,0,0,0,-1,0,0,0,0,-1,0,0,0,0,-1,0,0,0,0,-1,0,0,0,0,-1,0,0,0,0,126,142,158,0,3,215,180
2500,2004,fd,1,142,80,1,4,4,2,832,0,2,0,0,0,1,0,4,192,68,128,0,64269,3200,3245,1,0,1,0,0,7,0,0,0,64,1,1,0,0,192,213,128,1,0,0,192,165,128,0,0,0,0,0,0,0,0,0,0,0,0,-1,0,0,0,0,-1,0,0,0,0,-1,0,0,0,0,-1,0,0,0,0,-1,0,0,0,0,-1,0,0,0,0,-1,0,0,0,0,-1,0,0,0,0,-1,0,0,0,0,-1,0,0,0,0,-1,0,0,0,0,-1,0,0,0,0,125,141,157,0,3,216,180
2501,2005,fd,1,139,80,1,4,4,2,800,0,2,0,0,0,1,0,4,192,66,128,0,64268,3200,3244,1,0,1,0,0,7,0,0,0,64,1,1,0,0,192,211,0,1,0,0,192,163,0,0,0,0,0,0,0,0,0,0,0,0,0,-1,0,0,0,0,-1,0,0,0,0,-1,0,0,0,0,-1,0,0,0,0,-1,0,0,0,0,-1,0,0,0,0,-1,0,0,0,0,-1,0,0,0,0,-1,0,0,0,0,-1,0,0,0,0,-1,0,0,0,0,-1,0,0,0,0,124,140,156,0,3,217,180
2502,2006,fd,1,136,80,1,4,4,2,768,0,2,0,0,0,1,0,4,192,64,128,0,64267,3200,3243,1,0,1,0,0,7,0,0,0,64,1,1,0,0,192,210,128,1,0,0,192,162,128,0,0,0,0,0,0,0,0,0,0,0,0,-1,0,0,0,0,-1,0,0,0,0,-1,0,0,0,0,-1,0,0,0,0,-1,0,0,0,0,-1,0,0,0,0,-1,0,0,0,0,-1,0,0,0,0,-1,0,0,0,0,-1,0,0,0,0,-1,0,0,0,0,-1,0,0,0,0,123,139,155,0,3,218,180
2503,2007,fd,1,134,80,1,4,4,2,736,0,2,0,0,0,1,0,4,192,62,128,0,64266,3200,3242,1,0,1,0,0,7,0,0,0,64,1,1,0,0,192,208,0,1,0,0,192,160,0,0,0,0,0,0,0,0,0,0,0,0,0,-1,0,0,0,0,-1,0,0,0,0,-1,0,0,0,0,-1,0,0,0,0,-1,0,0,0,0,-1,0,0,0,0,-1,0,0,0,0,-1,0,0,0,0,-1,0,0,0,0,-1,0,0,0,0,-1,0,0,0,0,-1,0,0,0,0,122,138,154,0,3,219,180
2504,2008,fd,1,132,80,1,4,4,2,704,0,2,0,0,0,1,0,4,192,60,128,0,64265,3200,3241,1,0,1,0,0,7,0,0,0,64,1,1,0,0,192,207,128,1,0,0,192,159,128,0,0,0,0,0,0,0,0,0,0,0,0,-1,0,0,0,0,-1,0,0,0,0,-1,0,0,0,0,-1,0,0,0,0,-1,0,0,0,0,-1,0,0,0,0,-1,0,0,0,0,-1,0,0,0,0,-1,0,0,0,0,-1,0,0,0,0,-1,0,0,0,0,-1,0,0,0,0,121,137,153,0,3,220,180
2505,2009,fd,1,130,80,1,4,4,2,672,0,2,0,0,0,1,0,4,192,58,128,0,64264,3200,3240,1,0,1,0,0,7,0,0,0,64,1,1,0,0,192,205,0,1,0,0,192,157,0,0,0,0,0,0,0,0,0,0,0,0,0,-1,0,0,0,0,-1,0,0,0,0,-1,0,0,0,0,-1,0,0,0,0,-1,0,0,0,0,-1,0,0,0,0,-1,0,0,0,0,-1,0,0,0,0,-1,0,0,0,0,-1,0,0,0,0,-1,0,0,0,0,-1,0,0,0,0,120,136,152,0,3,221,180
2506,2010,fd,1,128,80,1,4,4,2,640,0,2,0,0,0,1,0,4,192,56,128,0,64263,3200,3239,1,0,1,0,0,7,0,0,0,64,1,1,0,0,192,204,128,1,0,0,192,156,128,0,0,0,0,0,0,0,0,0,0,0,0,-1,0,0,0,0,-1,0,0,0,0,-1,0,0,0,0,-1,0,0,0,0,-1,0,0,0,0,-1,0,0,0,0,-1,0,0,0,0,-1,0,0,0,0,-1,0,0,0,0,-1,0,0,0,0,-1,0,0,0,0,-1,0,0,0,0,119,135,151,0,3,222,180
2507,2011,fd,1,126,80,1,4,4,2,608,0,2,0,0,0,1,0,4,192,54,128,0,64262,3200,3238,1,0,1,0,0,7,0,0,0,64,1,1,0,0,192,202,0,1,0,0,192,154,0,0,0,0,0,0,0,0,0,0,0,0,0,-1,0,0,0,0,-1,0,0,0,0,-1,0,0,0,0,-1,0,0,0,0,-1,0,0,0,0,-1,0,0,0,0,-1,0,0,0,0,-1,0,0,0,0,-1,0,0,0,0,-1,0,0,0,0,-1,0,0,0,0,-1,0,0,0,0,118,134,150,0,3,223,180
2508,2012,fd,1,124,80,1,4,4,2,576,0,2,0,0,0,1,0,4,192,52,128,0,64261,3200,3237,1,0,1,0,0,7,0,0,0,64,1,1,0,0,192,201,128,1,0,0,192,153,128,0,0,0,0,0,0,0,0,0,0,0,0,-1,0,0,0,0,-1,0,0,0,0,-1,0,0,0,0,-1,0,0,0,0,-1,0,0,0,0,-1,0,0,0,0,-1,0,0,0,0,-1,0,0,0,0,-1,0,0,0,0,-1,0,0,0,0,-1,0,0,0,0,-1,0,0,0,0,117,133,149,0,3,224,180
2509,2013,fd,1,122,80,1,4,4,2,544,0,2,0,0,0,1,0,4,192,50,128,0,64260,3200,3236,1,0,1,0,0,7,0,0,0,64,1,1,0,0,192,199,0,1,0,0,192,151,0,0,0,0,0,0,0,0,0,0,0,0,0,-1,0,0,0,0,-1,0,0,0,0,-1,0,0,0,0,-1,0,0,0,0,-1,0,0,0,0,-1,0,0,0,0,-1,0,0,0,0,-1,0,0,0,0,-1,0,0,0,0,-1,0,0,0,0,-1,0,0,0,0,-1,0,0,0,0,116,132,148,0,3,225,180
2510,2014,fd,1,120,80,1,4,4,2,512,0,2,0,0,0,1,0,4,192,48,128,0,64259,3200,3235,1,0,1,0,0,7,0,0,0,64,1,1,0,0,192,198,128,1,0,0,192,150,128,0,0,0,0,0,0,0,0,0,0,0,0,-1,0,0,0,0,-1,0,0,0,0,-1,0,0,0,0,-1,0,0,0,0,-1,0,0,0,0,-1,0,0,0,0,-1,0,0,0,0,-1,0,0,0,0,-1,0,0,0,0,-1,0,0,0,0,-1,0,0,0,0,-1,0,0,0,0,115,131,147,0,3,226,180
2511,2015,fd,1,119,80,1,4,4,2,480,0,2,0,0,0,1,0,4,192,46,128,0,64258,3200,3234,1,0,1,0,0,7,0,0,0,64,1,1,0,0,192,196,0,1,0,0,192,148,0,0,0,0,0,0,0,0,0,0,0,0,0,-1,0,0,0,0,-1,0,0,0,0,-1,0,0,0,0,-1,0,0,0,0,-1,0,0,0,0,-1,0,0,0,0,-1,0,0,0,0,-1,0,0,0,0,-1,0,0,0,0,-1,0,0,0,0,-1,0,0,0,0,-1,0,0,0,0,114,130,146,0,3,227,180
2512,2016,fd,1,118,80,1,4,4,2,448,0,2,0,0,0,1,0,4,192,44,128,0,64257,3200,3233,1,0,1,0,0,7,0,0,0,64,1,1,0,0,192,195,128,1,0,0,192,147,128,0,0,0,0,0,0,0,0,0,0,0,0,-1,0,0,0,0,-1,0,0,0,0,-1,0,0,0,0,-1,0,0,0,0,-1,0,0,0,0,-1,0,0,0,0,-1,0,0,0,0,-1,0,0,0,0,-1,0,0,0,0,-1,0,0,0,0,-1,0,0,0,0,-1,0,0,0,0,113,129,145,0,3,228,180
2513,2017,fd,1,117,80,1,4,4,2,416,0,2,0,0,0,1,0,4,192,42,128,0,64256,3200,3232,1,0,1,0,0,7,0,0,0,64,1,1,0,0,192,193,0,1,0,0,192,145,0,1,0,0,192,240,128,0,0,0,0,0,0,-1,0,0,0,0,-1,0,0,0,0,-1,0,0,0,0,-1,0,0,0,0,-1,0,0,0,0,-1,0,0,0,0,-1,0,0,0,0,-1,0,0,0,0,-1,0,0,0,0,-1,0,0,0,0,-1,0,0,0,0,-1,0,0,0,0,112,128,144,0,3,229,180
2514,2018,fd,1,116,80,1,4,4,2,384,0,2,0,0,0,1,0,4,192,40,128,0,64255,3200,3231,1,0,1,0,0,7,0,0,0,64,1,1,0,0,192,192,128,1,0,0,192,144,128,1,0,0,192,238,0,0,0,0,0,0,0,-1,0,0,0,0,-1,0,0,0,0,-1,0,0,0,0,-1,0,0,0,0,-1,0,0,0,0,-1,0,0,0,0,-1,0,0,0,0,-1,0,0,0,0,-1,0,0,0,0,-1,0,0,0,0,-1,0,0,0,0,-1,0,0,0,0,111,127,143,0,3,230,180
2515,2019,fd,1,115,80,1,4,4,2,352,0,2,0,0,0,1,0,4,192,38,128,0,64254,3200,3230,1,0,1,0,0,7,0,0,0,64,1,1,0,0,192,190,0,1,0,0,192,142,0,1,0,0,192,237,128,0,0,0,0,0,0,-1,0,0,0,0,-1,0,0,0,0,-1,0,0,0,0,-1,0,0,0,0,-1,0,0,0,0,-1,0,0,0,0,-1,0,0,0,0,-1,0,0,0,0,-1,0,0,0,0,-1,0,0,0,0,-1,0,0,0,0,-1,0,0,0,0,110,126,142,0,3,231,180
2516,2020,fd,1,114,80,1,4,4,2,320,0,2,0,0,0,1,0,4,192,36,128,0,64253,3200,3229,1,0,1,0,0,7,0,0,0,64,1,1,0,0,192,189,128,1,0,0,192,141,128,1,0,0,192,235,0,0,0,0,0,0,0,-1,0,0,0,0,-1,0,0,0,0,-1,0,0,0,0,-1,0,0,0,0,-1,0,0,0,0,-1,0,0,0,0,-1,0,0,0,0,-1,0,0,0,0,-1,0,0,0,0,-1,0,0,0,0,-1,0,0,0,0,-1,0,0,0,0,109,125,141,0,3,232,180
2517,2021,fd,1,113,80,1,4,4,2,288,0,2,0,0,0,1,0,4,192,34,128,0,64252,3200,3228,1,0,1,0,0,7,0,0,0,64,1,1,0,0,192,187,0,1,0,0,192,139,0,1,0,0,192,234,128,0,0,0,0,0,0,-1,0,0,0,0,-1,0,0,0,0,-1,0,0,0,0,-1,0,0,0,0,-1,0,0,0,0,-1,0,0,0,0,-1,0,0,0,0,-1,0,0,0,0,-1,0,0,0,0,-1,0,0,0,0,-1,0,0,0,0,-1,0,0,0,0,108,124,140,0,3,233,180
2518,2022,fd,1,112,80,1,4,4,2,256,0,2,0,0,0,1,0,4,192,32,128,0,64251,3200,3227,1,0,1,0,0,7,0,0,0,64,1,1,0,0,192,186,128,1,0,0,192,138,128,1,0,0,192,232,0,0,0,0,0,0,0,-1,0,0,0,0,-1,0,0,0,0,-1,0,0,0,0,-1,0,0,0,0,-1,0,0,0,0,-1,0,0,0,0,-1,0,0,0,0,-1,0,0,0,0,-1,0,0,0,0,-1,0,0,0,0,-1,0,0,0,0,-1,0,0,0,0,107,123,139,0,3,234,180
2519,2023,fd,1,112,80,1,4,4,2,224,0,2,0,0,0,1,0,4,192,30,128,0,64250,3200,3226,1,0,1,0,0,7,0,0,0,64,1,1,0,0,192,184,0,1,0,0,192,136,0,1,0,0,192,231,128,0,0,0,0,0,0,-1,0,0,0,0,-1,0,0,0,0,-1,0,0,0,0,-1,0,0,0,0,-1,0,0,0,0,-1,0,0,0,0,-1,0,0,0,0,-1,0,0,0,0,-1,0,0,0,0,-1,0,0,0,0,-1,0,0,0,0,-1,0,0,0,0,106,122,138,0,3,235,180
2520,2024,fd,1,112,80,1,4,4,2,160,0,2,0,0,0,1,0,4,192,28,128,0,64249,3200,3225,1,0,1,0,0,7,0,0,0,64,1,1,0,0,192,183,128,1,0,0,192,135,128,1,0,0,192,229,0,0,0,0,0,0,0,-1,0,0,0,0,-1,0,0,0,0,-1,0,0,0,0,-1,0,0,0,0,-1,0,0,0,0,-1,0,0,0,0,-1,0,0,0,0,-1,0,0,0,0,-1,0,0,0,0,-1,0,0,0,0,-1,0,0,0,0,-1,0,0,0,0,105,121,137,0,3,236,180
2521,2025,fd,1,112,80,1,4,4,2,96,0,2,0,0,0,1,0,4,192,26,128,0,64248,3200,3224,1,0,1,0,0,7,0,0,0,64,1,1,0,0,192,181,0,1,0,0,192,133,0,1,0,0,192,228,128,0,0,0,0,0,0,-1,0,0,0,0,-1,0,0,0,0,-1,0,0,0,0,-1,0,0,0,0,-1,0,0,0,0,-1,0,0,0,0,-1,0,0,0,0,-1,0,0,0,0,-1,0,0,0,0,-1,0,0,0,0,-1,0,0,0,0,-1,0,0,0,0,104,120,136,0,3,237,180
2522,2026,fd,1,112,80,1,4,4,2,32,0,2,0,0,0,1,0,4,192,24,128,0,64247,3200,3223,1,0,1,0,0,7,0,0,0,64,1,1,0,0,192,180,128,1,0,0,192,132,128,1,0,0,192,226,0,0,0,0,0,0,0,-1,0,0,0,0,-1,0,0,0,0,-1,0,0,0,0,-1,0,0,0,0,-1,0,0,0,0,-1,0,0,0,0,-1,0,0,0,0,-1,0,0,0,0,-1,0,0,0,0,-1,0,0,0,0,-1,0,0,0,0,-1,0,0,0,0,103,119,135,0,3,238,180
2523,2027,fd,1,112,80,2,4,4,2,64,0,2,0,0,0,1,0,4,192,22,128,0,64246,3200,3222,1,0,1,0,0,7,0,0,0,64,1,1,0,0,192,178,0,1,0,0,192,130,0,1,0,0,192,225,128,0,0,0,0,0,0,-1,0,0,0,0,-1,0,0,0,0,-1,0,0,0,0,-1,0,0,0,0,-1,0,0,0,0,-1,0,0,0,0,-1,0,0,0,0,-1,0,0,0,0,-1,0,0,0,0,-1,0,0,0,0,-1,0,0,0,0,-1,0,0,0,0,102,118,134,0,3,239,180
2524,2028,fd,1,112,80,2,4,4,2,128,0,2,0,0,0,1,0,4,192,20,128,0,64245,3200,3221,1,0,1,0,0,7,0,0,0,64,1,1,0,0,192,177,128,1,0,0,192,129,128,1,0,0,192,223,0,0,0,0,0,0,0,-1,0,0,0,0,-1,0,0,0,0,-1,0,0,0,0,-1,0,0,0,0,-1,0,0,0,0,-1,0,0,0,0,-1,0,0,0,0,-1,0,0,0,0,-1,0,0,0,0,-1,0,0,0,0,-1,0,0,0,0,-1,0,0,0,0,101,117,133,0,3,240,180
2525,2029,fd,1,112,80,2,4,4,2,192,0,2,0,0,0,1,0,4,192,18,128,0,64244,3200,3220,1,0,1,0,0,7,0,0,0,64,1,1,0,0,192,175,0,1,0,0,192,127,0,1,0,0,192,222,128,0,0,0,0,0,0,-1,0,0,0,0,-1,0,0,0,0,-1,0,0,0,0,-1,0,0,0,0,-1,0,0,0,0,-1,0,0,0,0,-1,0,0,0,0,-1,0,0,0,0,-1,0,0,0,0,-1,0,0,0,0,-1,0,0,0,0,-1,0,0,0,0,100,116,132,0,3,241,180
2526,2030,fd,1,113,80,2,4,4,2,256,0,2,0,0,0,1,0,4,192,16,128,0,64243,3200,3219,1,0,1,0,0,7,0,0,0,64,1,1,0,0,192,174,128,1,0,0,192,126,128,1,0,0,192,220,0,0,0,0,0,0,0,-1,0,0,0,0,-1,0,0,0,0,-1,0,0,0,0,-1,0,0,0,0,-1,0,0,0,0,-1,0,0,0,0,-1,0,0,0,0,-1,0,0,0,0,-1,0,0,0,0,-1,0,0,0,0,-1,0,0,0,0,-1,0,0,0,0,99,115,131,0,3,242,180
2527,2031,fd,1,114,80,2,4,4,2,288,0,2,0,0,0,1,0,4,192,14,128,0,64242,3200,3218,1,0,1,0,0,7,0,0,0,64,1,1,0,0,192,172,0,1,0,0,192,124,0,1,0,0,192,219,128,0,0,0,0,0,0,-1,0,0,0,0,-1,0,0,0,0,-1,0,0,0,0,-1,0,0,0,0,-1,0,0,0,0,-1,0,0,0,0,-1,0,0,0,0,-1,0,0,0,0,-1,0,0,0,0,-1,0,0,0,0,-1,0,0,0,0,-1,0,0,0,0,98,114,130,0,3,243,180
2528,2032,fd,1,115,80,2,4,4,2,320,0,2,0,0,0,1,0,4,192,12,128,0,64241,3200,3217,1,0,1,0,0,7,0,0,0,64,1,1,0,0,192,171,128,1,0,0,192,123,128,1,0,0,192,217,0,0,0,0,0,0,0,-1,0,0,0,0,-1,0,0,0,0,-1,0,0,0,0,-1,0,0,0,0,-1,0,0,0,0,-1,0,0,0,0,-1,0,0,0,0,-1,0,0,0,0,-1,0,0,0,0,-1,0,0,0,0,-1,0,0,0,0,-1,0,0,0,0,97,113,129,0,3,244,180
2529,2033,fd,1,116,80,2,4,4,2,352,0,2,0,0,0,1,0,4,192,10,128,0,64240,3200,3216,1,0,1,0,0,7,0,0,0,64,1,1,0,0,192,169,0,1,0,0,192,121,0,1,0,0,192,216,128,0,0,0,0,0,0,-1,0,0,0,0,-1,0,0,0,0,-1,0,0,0,0,-1,0,0,0,0,-1,0,0,0,0,-1,0,0,0,0,-1,0,0,0,0,-1,0,0,0,0,-1,0,0,0,0,-1,0,0,0,0,-1,0,0,0,0,-1,0,0,0,0,96,112,128,0,3,245,180
2530,2034,fd,1,117,80,2,4,4,2,384,0,2,0,0,0,1,0,4,192,8,128,0,64239,3200,3215,1,0,1,0,0,7,0,0,0,64,1,1,0,0,192,168,128,1,0,0,192,120,128,1,0,0,192,214,0,0,0,0,0,0,0,-1,0,0,0,0,-1,0,0,0,0,-1,0,0,0,0,-1,0,0,0,0,-1,0,0,0,0,-1,0,0,0,0,-1,0,0,0,0,-1,0,0,0,0,-1,0,0,0,0,-1,0,0,0,0,-1,0,0,0,0,-1,0,0,0,0,95,111,127,0,3,246,180
2531,2035,fd,1,118,80,2,4,4,2,416,0,2,0,0,0,1,0,4,192,6,128,0,64238,3200,3214,1,0,1,0,0,7,0,0,0,64,1,1,0,0,192,166,0,1,0,0,192,118,0,1,0,0,192,213,128,0,0,0,0,0,0,-1,0,0,0,0,-1,0,0,0,0,-1,0,0,0,0,-1,0,0,0,0,-1,0,0,0,0,-1,0,0,0,0,-1,0,0,0,0,-1,0,0,0,0,-1,0,0,0,0,-1,0,0,0,0,-1,0,0,0,0,-1,0,0,0,0,94,110,126,0,3,247,180
2532,2036,fd,1,119,80,2,4,4,2,448,0,2,0,0,0,1,0,4,192,4,128,0,64237,3200,3213,1,0,1,0,0,7,0,0,0,64,1,1,0,0,192,165,128,1,0,0,192,117,128,1,0,0,192,211,0,0,0,0,0,0,0,-1,0,0,0,0,-1,0,0,0,0,-1,0,0,0,0,-1,0,0,0,0,-1,0,0,0,0,-1,0,0,0,0,-1,0,0,0,0,-1,0,0,0,0,-1,0,0,0,0,-1,0,0,0,0,-1,0,0,0,0,-1,0,0,0,0,93,109,125,0,3,248,180
2533,2037,fd,1,120,80,2,4,4,2,480,0,2,0,0,0,1,0,4,192,2,128,0,64236,3200,3212,1,0,1,0,0,7,0,0,0,64,1,1,0,0,192,163,0,1,0,0,192,115,0,1,0,0,192,210,128,0,0,0,0,0,0,-1,0,0,0,0,-1,0,0,0,0,-1,0,0,0,0,-1,0,0,0,0,-1,0,0,0,0,-1,0,0,0,0,-1,0,0,0,0,-1,0,0,0,0,-1,0,0,0,0,-1,0,0,0,0,-1,0,0,0,0,-1,0,0,0,0,92,108,124,0,3,249,180
2534,2038,fd,1,122,80,2,4,4,2,512,0,2,0,0,0,1,0,4,192,0,128,0,64235,3200,3211,1,0,1,0,0,7,0,0,0,64,1,1,0,0,192,162,128,1,0,0,192,114,128,1,0,0,192,208,0,0,0,0,0,0,0,-1,0,0,0,0,-1,0,0,0,0,-1,0,0,0,0,-1,0,0,0,0,-1,0,0,0,0,-1,0,0,0,0,-1,0,0,0,0,-1,0,0,0,0,-1,0,0,0,0,-1,0,0,0,0,-1,0,0,0,0,-1,0,0,0,0,91,107,123,0,3,250,180
2535,2039,fd,1,124,80,2,4,4,2,544,0,2,0,0,0,1,0,4,192,254,128,0,64234,3200,3210,1,0,1,0,0,7,0,0,0,64,1,1,0,0,192,160,0,1,0,0,192,112,0,1,0,0,192,207,128,0,0,0,0,0,0,-1,0,0,0,0,-1,0,0,0,0,-1,0,0,0,0,-1,0,0,0,0,-1,0,0,0,0,-1,0,0,0,0,-1,0,0,0,0,-1,0,0,0,0,-1,0,0,0,0,-1,0,0,0,0,-1,0,0,0,0,-1,0,0,0,0,90,106,122,0,3,251,180
2536,2040,fd,1,126,80,2,4,4,2,576,0,2,0,0,0,1,0,4,192,252,128,0,64233,3200,3209,1,0,1,0,0,7,0,0,0,64,1,1,0,0,192,159,128,1,0,0,192,111,128,1,0,0,192,205,0,0,0,0,0,0,0,-1,0,0,0,0,-1,0,0,0,0,-1,0,0,0,0,-1,0,0,0,0,-1,0,0,0,0,-1,0,0,0,0,-1,0,0,0,0,-1,0,0,0,0,-1,0,0,0,0,-1,0,0,0,0,-1,0,0,0,0,-1,0,0,0,0,89,105,121,0,3,252,180
2537,2041,fd,1,128,80,2,4,4,2,608,0,2,0,0,0,1,0,4,192,250,128,0,64232,3200,3208,1,0,1,0,0,7,0,0,0,64,1,1,0,0,192,157,0,1,0,0,192,109,0,1,0,0,192,204,128,0,0,0,0,0,0,-1,0,0,0,0,-1,0,0,0,0,-1,0,0,0,0,-1,0,0,0,0,-1,0,0,0,0,-1,0,0,0,0,-1,0,0,0,0,-1,0,0,0,0,-1,0,0,0,0,-1,0,0,0,0,-1,0,0,0,0,-1,0,0,0,0,88,104,120,0,3,253,180
2538,2042,fd,1,130,80,2,4,4,2,640,0,2,0,0,0,1,0,4,192,248,128,0,64231,3200,3207,1,0,1,0,0,7,0,0,0,64,1,1,0,0,192,156,128,1,0,0,192,108,128,1,0,0,192,202,0,0,0,0,0,0,0,-1,0,0,0,0,-1,0,0,0,0,-1,0,0,0,0,-1,0,0,0,0,-1,0,0,0,0,-1,0,0,0,0,-1,0,0,0,0,-1,0,0,0,0,-1,0,0,0,0,-1,0,0,0,0,-1,0,0,0,0,-1,0,0,0,0,87,103,119,0,3,254,180
2539,2043,fd,1,132,80,2,4,4,2,672,0,2,0,0,0,1,0,4,192,246,128,0,64230,3200,3206,1,0,1,0,0,7,0,0,0,64,1,1,0,0,192,154,0,1,0,0,192,106,0,1,0,0,192,201,128,0,0,0,0,0,0,-1,0,0,0,0,-1,0,0,0,0,-1,0,0,0,0,-1,0,0,0,0,-1,0,0,0,0,-1,0,0,0,0,-1,0,0,0,0,-1,0,0,0,0,-1,0,0,0,0,-1,0,0,0,0,-1,0,0,0,0,-1,0,0,0,0,86,102,118,0,3,255,180
2540,2044,fd,1,134,80,2,4,4,2,704,0,2,0,0,0,1,0,4,192,244,128,0,64229,3200,3205,1,0,1,0,0,7,0,0,0,64,1,1,0,0,192,153,128,1,0,0,192,105,128,1,0,0,192,199,0,0,0,0,0,0,0,-1,0,0,0,0,-1,0,0,0,0,-1,0,0,0,0,-1,0,0,0,0,-1,0,0,0,0,-1,0,0,0,0,-1,0,0,0,0,-1,0,0,0,0,-1,0,0,0,0,-1,0,0,0,0,-1,0,0,0,0,-1,0,0,0,0,85,101,117,0,3,0,180
2541,2045,fd,1,136,80,2,4,4,2,736,0,2,0,0,0,1,0,4,192,242,128,0,64228,3200,3204,1,0,1,0,0,7,0,0,0,64,1,1,0,0,192,151,0,1,0,0,192,103,0,1,0,0,192,198,128,0,0,0,0,0,0,-1,0,0,0,0,-1,0,0,0,0,-1,0,0,0,0,-1,0,0,0,0,-1,0,0,0,0,-1,0,0,0,0,-1,0,0,0,0,-1,0,0,0,0,-1,0,0,0,0,-1,0,0,0,0,-1,0,0,0,0,-1,0,0,0,0,84,100,116,0,3,1,180
2542,2046,fd,1,139,80,2,4,4,2,768,0,2,0,0,0,0,0,0,0,0,0,0,64227,3200,3203,1,0,1,0,0,7,0,0,0,64,1,1,0,0,192,150,128,1,0,0,192,102,128,1,0,0,192,196,0,0,0,0,0,0,0,-1,0,0,0,0,-1,0,0,0,0,-1,0,0,0,0,-1,0,0,0,0,-1,0,0,0,0,-1,0,0,0,0,-1,0,0,0,0,-1,0,0,0,0,-1,0,0,0,0,-1,0,0,0,0,-1,0,0,0,0,-1,0,0,0,0,83,99,115,0,3,2,180
2543,2047,fd,1,142,80,2,4,4,2,800,0,2,0,0,0,0,0,0,0,0,0,0,64226,3200,3202,1,0,1,0,0,7,0,0,0,64,1,1,0,0,192,148,0,1,0,0,192,100,0,1,0,0,192,195,128,0,0,0,0,0,0,-1,0,0,0,0,-1,0,0,0,0,-1,0,0,0,0,-1,0,0,0,0,-1,0,0,0,0,-1,0,0,0,0,-1,0,0,0,0,-1,0,0,0,0,-1,0,0,0,0,-1,0,0,0,0,-1,0,0,0,0,-1,0,0,0,0,82,98,114,0,3,3,180
2544,2048,fd,1,145,80,2,4,4,2,832,0,2,0,0,0,0,0,0,0,0,0,0,64225,3200,3201,1,0,1,0,0,7,0,0,0,64,1,1,0,0,192,147,128,1,0,0,192,99,128,1,0,0,192,193,0,0,0,0,0,0,0,-1,0,0,0,0,-1,0,0,0,0,-1,0,0,0,0,-1,0,0,0,0,-1,0,0,0,0,-1,0,0,0,0,-1,0,0,0,0,-1,0,0,0,0,-1,0,0,0,0,-1,0,0,0,0,-1,0,0,0,0,-1,0,0,0,0,81,97,113,0,3,4,180
2545,2049,fd,1,148,80,2,4,4,2,864,0,2,0,0,0,0,0,0,0,0,0,0,64224,3200,3200,1,0,1,0,0,7,0,0,0,64,1,1,0,0,192,145,0,1,0,0,192,97,0,1,0,0,192,192,128,0,0,0,0,0,0,-1,0,0,0,0,-1,0,0,0,0,-1,0,0,0,0,-1,0,0,0,0,-1,0,0,0,0,-1,0,0,0,0,-1,0,0,0,0,-1,0,0,0,0,-1,0,0,0,0,-1,0,0,0,0,-1,0,0,0,0,-1,0,0,0,0,80,96,112,0,3,5,180
2546,2050,fd,1,151,80,2,4,4,2,896,0,2,0,0,0,0,0,0,0,0,0,0,64223,3200,3199,1,0,1,0,0,7,0,0,0,64,1,1,0,0,192,144,128,1,0,0,192,96,128,1,0,0,192,190,0,0,0,0,0,0,0,-1,0,0,0,0,-1,0,0,0,0,-1,0,0,0,0,-1,0,0,0,0,-1,0,0,0,0,-1,0,0,0,0,-1,0,0,0,0,-1,0,0,0,0,-1,0,0,0,0,-1,0,0,0,0,-1,0,0,0,0,-1,0,0,0,0,79,95,111,0,3,6,180
2547,2051,fd,1,154,80,2,4,4,2,928,0,2,0,0,0,0,0,0,0,0,0,0,64222,3200,3198,1,0,1,0,0,7,0,0,0,64,1,1,0,0,192,142,0,1,0,0,192,94,0,1,0,0,192,189,128,0,0,0,0,0,0,-1,0,0,0,0,-1,0,0,0,0,-1,0,0,0,0,-1,0,0,0,0,-1,0,0,0,0,-1,0,0,0,0,-1,0,0,0,0,-1,0,0,0,0,-1,0,0,0,0,-1,0,0,0,0,-1,0,0,0,0,-1,0,0,0,0,78,94,110,0,3,7,180
2548,2052,fd,1,157,80,2,4,4,2,960,0,2,0,0,0,0,0,0,0,0,0,0,64221,3200,3197,1,0,1,0,0,7,0,0,0,64,1,1,0,0,192,141,128,1,0,0,192,93,128,1,0,0,192,187,0,0,0,0,0,0,0,-1,0,0,0,0,-1,0,0,0,0,-1,0,0,0,0,-1,0,0,0,0,-1,0,0,0,0,-1,0,0,0,0,-1,0,0,0,0,-1,0,0,0,0,-1,0,0,0,0,-1,0,0,0,0,-1,0,0,0,0,-1,0,0,0,0,77,93,109,0,3,8,180
2549,2053,fd,1,160,80,2,4,4,2,992,0,2,0,0,0,0,0,0,0,0,0,0,64220,3200,3196,1,0,1,0,0,7,0,0,0,64,1,1,0,0,192,139,0,1,0,0,192,91,0,1,0,0,192,186,128,0,0,0,0,0,0,-1,0,0,0,0,-1,0,0,0,0,-1,0,0,0,0,-1,0,0,0,0,-1,0,0,0,0,-1,0,0,0,0,-1,0,0,0,0,-1,0,0,0,0,-1,0,0,0,0,-1,0,0,0,0,-1,0,0,0,0,-1,0,0,0,0,76,92,108,0,3,9,180
2550,2054,fd,1,164,80,0,4,4,2,1056,0,2,0,0,0,1,0,2,192,89,128,1,64219,3300,3195,1,0,1,0,0,8,0,0,16,64,1,1,0,0,192,138,128,0,0,0,0,0,0,1,0,0,192,184,0,0,0,0,0,0,0,-1,0,0,0,0,-1,0,0,0,0,-1,0,0,0,0,-1,0,0,0,0,-1,0,0,0,0,-1,0,0,0,0,-1,0,0,0,0,-1,0,0,0,0,-1,0,0,0,0,-1,0,0,0,0,-1,0,0,0,0,-1,0,0,0,0,75,91,107,0,3,10,180
2551,2055,fd,1,164,80,0,4,4,2,1056,0,2,0,0,0,1,0,2,192,88,128,1,64218,3300,3194,1,0,1,0,0,8,0,0,16,64,1,1,0,0,192,136,0,0,0,0,0,0,0,1,0,0,192,183,128,0,0,0,0,0,0,-1,0,0,0,0,-1,0,0,0,0,-1,0,0,0,0,-1,0,0,0,0,-1,0,0,0,0,-1,0,0,0,0,-1,0,0,0,0,-1,0,0,0,0,-1,0,0,0,0,-1,0,0,0,0,-1,0,0,0,0,-1,0,0,0,0,74,90,106,0,3,11,180
2552,2056,fd,1,164,80,0,4,4,2,1056,0,2,0,0,0,1,0,2,192,87,128,1,64217,3300,3193,1,0,1,0,0,8,0,0,15,64,1,1,0,0,192,135,128,0,0,0,0,0,0,1,0,0,192,181,0,0,0,0,0,0,0,-1,0,0,0,0,-1,0,0,0,0,-1,0,0,0,0,-1,0,0,0,0,-1,0,0,0,0,-1,0,0,0,0,-1,0,0,0,0,-1,0,0,0,0,-1,0,0,0,0,-1,0,0,0,0,-1,0,0,0,0,-1,0,0,0,0,73,89,105,0,3,12,180
2553,2057,fd,1,164,80,0,4,4,2,1056,0,2,0,0,0,1,0,2,192,86,128,1,64216,3300,3192,1,0,1,0,0,8,0,0,15,64,1,1,0,0,192,133,0,0,0,0,0,0,0,1,0,0,192,180,128,0,0,0,0,0,0,-1,0,0,0,0,-1,0,0,0,0,-1,0,0,0,0,-1,0,0,0,0,-1,0,0,0,0,-1,0,0,0,0,-1,0,0,0,0,-1,0,0,0,0,-1,0,0,0,0,-1,0,0,0,0,-1,0,0,0,0,-1,0,0,0,0,72,88,104,0,3,13,180
2554,2058,fd,1,164,80,0,4,4,2,1056,0,2,0,0,0,1,0,2,192,85,128,1,64215,3300,3191,1,0,1,0,0,8,0,0,15,64,1,1,0,0,192,132,128,0,0,0,0,0,0,1,0,0,192,178,0,0,0,0,0,0,0,-1,0,0,0,0,-1,0,0,0,0,-1,0,0,0,0,-1,0,0,0,0,-1,0,0,0,0,-1,0,0,0,0,-1,0,0,0,0,-1,0,0,0,0,-1,0,0,0,0,-1,0,0,0,0,-1,0,0,0,0,-1,0,0,0,0,71,87,103,0,3,14,180
2555,2059,fd,1,164,80,0,4,4,2,1056,0,2,0,0,0,1,0,2,192,84,128,1,64214,3300,3190,1,0,1,0,0,8,0,0,15,64,1,1,0,0,192,130,0,0,0,0,0,0,0,1,0,0,192,177,128,0,0,0,0,0,0,-1,0,0,0,0,-1,0,0,0,0,-1,0,0,0,0,-1,0,0,0,0,-1,0,0,0,0,-1,0,0,0,0,-1,0,0,0,0,-1,0,0,0,0,-1,0,0,0,0,-1,0,0,0,0,-1,0,0,0,0,-1,0,0,0,0,70,86,102,0,3,15,180
2556,2060,fd,1,164,80,0,4,4,2,1056,0,2,0,0,0,1,0,2,192,83,128,1,64213,3300,3189,1,0,1,0,0,8,0,0,14,64,1,1,0,0,192,129,128,0,0,0,0,0,0,1,0,0,192,175,0,0,0,0,0,0,0,-1,0,0,0,0,-1,0,0,0,0,-1,0,0,0,0,-1,0,0,0,0,-1,0,0,0,0,-1,0,0,0,0,-1,0,0,0,0,-1,0,0,0,0,-1,0,0,0,0,-1,0,0,0,0,-1,0,0,0,0,-1,0,0,0,0,69,85,101,0,3,16,180
2557,2061,ed,1,160,80,1,4,4,2,1024,16,2,0,0,0,1,0,4,192,82,128,1,64212,3300,3188,1,0,1,0,0,8,1,0,14,64,1,1,0,0,192,127,0,0,0,0,0,0,0,1,0,0,192,174,128,0,0,0,0,0,0,-1,0,0,0,0,-1,0,0,0,0,-1,0,0,0,0,-1,0,0,0,0,-1,0,0,0,0,-1,0,0,0,0,-1,0,0,0,0,-1,0,0,0,0,-1,0,0,0,0,-1,0,0,0,0,-1,0,0,0,0,-1,0,0,0,0,68,84,100,0,3,17,180
2558,2062,fd,1,157,80,1,4,4,2,992,16,2,0,0,0,1,0,4,192,80,128,1,64211,3300,3187,1,0,1,0,0,8,0,0,14,64,1,1,0,0,192,126,128,0,0,0,0,0,0,1,0,0,192,172,0,0,0,0,0,0,0,-1,0,0,0,0,-1,0,0,0,0,-1,0,0,0,0,-1,0,0,0,0,-1,0,0,0,0,-1,0,0,0,0,-1,0,0,0,0,-1,0,0,0,0,-1,0,0,0,0,-1,0,0,0,0,-1,0,0,0,0,-1,0,0,0,0,67,83,99,0,3,18,180
2559,2063,fd,1,154,80,1,4,4,2,960,0,2,0,0,0,1,0,4,192,78,128,1,64210,3300,3186,1,0,1,0,0,8,0,0,14,64,1,1,0,0,192,124,0,0,0,0,0,0,0,1,0,0,192,171,128,0,0,0,0,0,0,-1,0,0,0,0,-1,0,0,0,0,-1,0,0,0,0,-1,0,0,0,0,-1,0,0,0,0,-1,0,0,0,0,-1,0,0,0,0,-1,0,0,0,0,-1,0,0,0,0,-1,0,0,0,0,-1,0,0,0,0,-1,0,0,0,0,66,82,98,0,3,19,180
2560,2064,fd,1,151,80,1,4,4,2,928,0,2,0,0,0,1,0,4,192,76,128,1,64209,3300,3185,1,0,1,0,0,8,0,0,13,64,1,1,0,0,192,123,128,0,0,0,0,0,0,1,0,0,192,169,0,0,0,0,0,0,0,-1,0,0,0,0,-1,0,0,0,0,-1,0,0,0,0,-1,0,0,0,0,-1,0,0,0,0,-1,0,0,0,0,-1,0,0,0,0,-1,0,0,0,0,-1,0,0,0,0,-1,0,0,0,0,-1,0,0,0,0,-1,0,0,0,0,65,81,97,0,3,20,180
2561,2065,fd,1,148,80,1,4,4,2,896,0,2,0,0,0,1,0,4,192,74,128,1,64208,3300,3184,1,0,1,0,0,8,0,0,13,64,1,1,0,0,192,121,0,0,0,0,0,0,0,1,0,0,192,168,128,0,0,0,0,0,0,-1,0,0,0,0,-1,0,0,0,0,-1,0,0,0,0,-1,0,0,0,0,-1,0,0,0,0,-1,0,0,0,0,-1,0,0,0,0,-1,0,0,0,0,-1,0,0,0,0,-1,0,0,0,0,-1,0,0,0,0,-1,0,0,0,0,64,80,96,0,3,21,180
2562,2066,fd,1,145,80,1,4,4,2,864,0,2,0,0,0,1,0,4,192,72,128,1,64207,3300,3183,1,0,1,0,0,8,0,0,13,64,1,1,0,0,192,120,128,0,0,0,0,0,0,1,0,0,192,166,0,0,0,0,0,0,0,-1,0,0,0,0,-1,0,0,0,0,-1,0,0,0,0,-1,0,0,0,0,-1,0,0,0,0,-1,0,0,0,0,-1,0,0,0,0,-1,0,0,0,0,-1,0,0,0,0,-1,0,0,0,0,-1,0,0,0,0,-1,0,0,0,0,63,79,95,0,3,22,180
2563,2067,fd,1,142,80,1,4,4,2,832,0,2,0,0,0,1,0,4,192,70,128,1,64206,3300,3182,1,0,1,0,0,8,0,0,13,64,1,1,0,0,192,118,0,0,0,0,0,0,0,1,0,0,192,165,128,0,0,0,0,0,0,-1,0,0,0,0,-1,0,0,0,0,-1,0,0,0,0,-1,0,0,0,0,-1,0,0,0,0,-1,0,0,0,0,-1,0,0,0,0,-1,0,0,0,0,-1,0,0,0,0,-1,0,0,0,0,-1,0,0,0,0,-1,0,0,0,0,62,78,94,0,3,23,180
2564,2068,fd,1,139,80,1,4,4,2,800,0,2,0,0,0,1,0,4,192,68,128,1,64205,3300,3181,1,0,1,0,0,8,0,0,12,64,1,1,0,0,192,117,128,0,0,0,0,0,0,1,0,0,192,163,0,0,0,0,0,0,0,-1,0,0,0,0,-1,0,0,0,0,-1,0,0,0,0,-1,0,0,0,0,-1,0,0,0,0,-1,0,0,0,0,-1,0,0,0,0,-1,0,0,0,0,-1,0,0,0,0,-1,0,0,0,0,-1,0,0,0,0,-1,0,0,0,0,61,77,93,0,3,24,180
2565,2069,fd,1,136,80,1,4,4,2,768,0,2,0,0,0,1,0,4,192,66,128,1,64204,3300,3180,1,0,1,0,0,8,0,0,12,64,1,1,0,0,192,115,0,0,0,0,0,0,0,1,0,0,192,162,128,0,0,0,0,0,0,-1,0,0,0,0,-1,0,0,0,0,-1,0,0,0,0,-1,0,0,0,0,-1,0,0,0,0,-1,0,0,0,0,-1,0,0,0,0,-1,0,0,0,0,-1,0,0,0,0,-1,0,0,0,0,-1,0,0,0,0,-1,0,0,0,0,60,76,92,0,3,25,180
2566,2070,fd,1,134,80,1,4,4,2,736,0,2,0,0,0,1,0,4,192,64,128,1,64203,3300,3179,1,0,1,0,0,8,0,0,12,64,1,1,0,0,192,114,128,0,0,0,0,0,0,1,0,0,192,160,0,0,0,0,0,0,0,-1,0,0,0,0,-1,0,0,0,0,-1,0,0,0,0,-1,0,0,0,0,-1,0,0,0,0,-1,0,0,0,0,-1,0,0,0,0,-1,0,0,0,0,-1,0,0,0,0,-1,0,0,0,0,-1,0,0,0,0,-1,0,0,0,0,59,75,91,0,3,26,180
2567,2071,fd,1,132,80,1,4,4,2,704,0,2,0,0,0,1,0,4,192,62,128,1,64202,3300,3178,1,0,1,0,0,8,0,0,12,64,1,1,0,0,192,112,0,0,0,0,0,0,0,1,0,0,192,159,128,0,0,0,0,0,0,-1,0,0,0,0,-1,0,0,0,0,-1,0,0,0,0,-1,0,0,0,0,-1,0,0,0,0,-1,0,0,0,0,-1,0,0,0,0,-1,0,0,0,0,-1,0,0,0,0,-1,0,0,0,0,-1,0,0,0,0,-1,0,0,0,0,58,74,90,0,3,27,180
2568,2072,fd,1,130,80,1,4,4,2,672,0,2,0,0,0,1,0,4,192,60,128,1,64201,3300,3177,1,0,1,0,0,8,0,0,11,64,1,1,0,0,192,111,128,0,0,0,0,0,0,1,0,0,192,157,0,0,0,0,0,0,0,-1,0,0,0,0,-1,0,0,0,0,-1,0,0,0,0,-1,0,0,0,0,-1,0,0,0,0,-1,0,0,0,0,-1,0,0,0,0,-1,0,0,0,0,-1,0,0,0,0,-1,0,0,0,0,-1,0,0,0,0,-1,0,0,0,0,57,73,89,0,3,28,180
2569,2073,fd,1,128,80,1,4,4,2,640,0,2,0,0,0,1,0,4,192,58,128,1,64200,3300,3176,1,0,1,0,0,8,0,0,11,64,1,1,0,0,192,109,0,0,0,0,0,0,0,1,0,0,192,156,128,0,0,0,0,0,0,-1,0,0,0,0,-1,0,0,0,0,-1,0,0,0,0,-1,0,0,0,0,-1,0,0,0,0,-1,0,0,0,0,-1,0,0,0,0,-1,0,0,0,0,-1,0,0,0,0,-1,0,0,0,0,-1,0,0,0,0,-1,0,0,0,0,56,72,88,0,3,29,180
2570,2074,fd,1,126,80,1,4,4,2,608,0,2,0,0,0,1,0,4,192,56,128,1,64199,3300,3175,1,0,1,0,0,8,0,0,11,64,1,1,0,0,192,108,128,0,0,0,0,0,0,1,0,0,192,154,0,0,0,0,0,0,0,-1,0,0,0,0,-1,0,0,0,0,-1,0,0,0,0,-1,0,0,0,0,-1,0,0,0,0,-1,0,0,0,0,-1,0,0,0,0,-1,0,0,0,0,-1,0,0,0,0,-1,0,0,0,0,-1,0,0,0,0,-1,0,0,0,0,55,71,87,0,3,30,180
2571,2075,fd,1,124,80,1,4,4,2,576,0,2,0,0,0,1,0,4,192,54,128,1,64198,3300,3174,1,0,1,0,0,8,0,0,11,64,1,1,0,0,192,106,0,0,0,0,0,0,0,1,0,0,192,153,128,0,0,0,0,0,0,-1,0,0,0,0,-1,0,0,0,0,-1,0,0,0,0,-1,0,0,0,0,-1,0,0,0,0,-1,0,0,0,0,-1,0,0,0,0,-1,0,0,0,0,-1,0,0,0,0,-1,0,0,0,0,-1,0,0,0,0,-1,0,0,0,0,54,70,86,0,3,31,180
2572,2076,fd,1,122,80,1,4,4,2,544,0,2,0,0,0,1,0,4,192,52,128,1,64197,3300,3173,1,0,1,0,0,8,0,0,10,64,1,1,0,0,192,105,128,0,0,0,0,0,0,1,0,0,192,151,0,0,0,0,0,0,0,-1,0,0,0,0,-1,0,0,0,0,-1,0,0,0,0,-1,0,0,0,0,-1,0,0,0,0,-1,0,0,0,0,-1,0,0,0,0,-1,0,0,0,0,-1,0,0,0,0,-1,0,0,0,0,-1,0,0,0,0,-1,0,0,0,0,53,69,85,0,3,32,180
2573,2077,fd,1,120,80,1,4,4,2,512,0,2,0,0,0,1,0,4,192,50,128,1,64196,3300,3172,1,0,1,0,0,8,0,0,10,64,1,1,0,0,192,103,0,0,0,0,0,0,0,1,0,0,192,150,128,0,0,0,0,0,0,-1,0,0,0,0,-1,0,0,0,0,-1,0,0,0,0,-1,0,0,0,0,-1,0,0,0,0,-1,0,0,0,0,-1,0,0,0,0,-1,0,0,0,0,-1,0,0,0,0,-1,0,0,0,0,-1,0,0,0,0,-1,0,0,0,0,52,68,84,0,3,33,180
2574,2078,fd,1,119,80,1,4,4,2,480,0,2,0,0,0,1,0,4,192,48,128,1,64195,3300,3171,1,0,1,0,0,8,0,0,10,64,1,1,0,0,192,102,128,0,0,0,0,0,0,1,0,0,192,148,0,0,0,0,0,0,0,-1,0,0,0,0,-1,0,0,0,0,-1,0,0,0,0,-1,0,0,0,0,-1,0,0,0,0,-1,0,0,0,0,-1,0,0,0,0,-1,0,0,0,0,-1,0,0,0,0,-1,0,0,0,0,-1,0,0,0,0,-1,0,0,0,0,51,67,83,0,3,34,180
2575,2079,fd,1,118,80,1,4,4,2,448,0,2,0,0,0,1,0,4,192,46,128,1,64194,3300,3170,1,0,1,0,0,8,0,0,10,64,1,1,0,0,192,100,0,0,0,0,0,0,0,1,0,0,192,147,128,0,0,0,0,0,0,-1,0,0,0,0,-1,0,0,0,0,-1,0,0,0,0,-1,0,0,0,0,-1,0,0,0,0,-1,0,0,0,0,-1,0,0,0,0,-1,0,0,0,0,-1,0,0,0,0,-1,0,0,0,0,-1,0,0,0,0,-1,0,0,0,0,50,66,82,0,3,35,180
2576,2080,fd,1,117,80,1,4,4,2,416,0,2,0,0,0,1,0,4,192,44,128,1,64193,3300,3169,1,0,1,0,0,8,0,0,9,64,1,1,0,0,192,99,128,0,0,0,0,0,0,1,0,0,192,145,0,0,0,0,0,0,0,-1,0,0,0,0,-1,0,0,0,0,-1,0,0,0,0,-1,0,0,0,0,-1,0,0,0,0,-1,0,0,0,0,-1,0,0,0,0,-1,0,0,0,0,-1,0,0,0,0,-1,0,0,0,0,-1,0,0,0,0,-1,0,0,0,0,49,65,81,0,3,36,180
2577,2081,fd,1,116,80,1,4,4,2,384,0,2,0,0,0,1,0,4,192,42,128,1,64192,3300,3168,1,0,1,0,0,8,0,0,9,64,1,1,0,0,192,97,0,0,0,0,0,0,0,1,0,0,192,144,128,0,0,0,0,0,0,-1,0,0,0,0,-1,0,0,0,0,-1,0,0,0,0,-1,0,0,0,0,-1,0,0,0,0,-1,0,0,0,0,-1,0,0,0,0,-1,0,0,0,0,-1,0,0,0,0,-1,0,0,0,0,-1,0,0,0,0,-1,0,0,0,0,48,64,80,0,3,37,180
2578,2082,fd,1,115,80,1,4,4,2,352,0,2,0,0,0,1,0,4,192,40,128,1,64191,3300,3167,1,0,1,0,0,8,0,0,9,64,1,1,0,0,192,96,128,1,0,0,192,240,128,1,0,0,192,142,0,0,0,0,0,0,0,-1,0,0,0,0,-1,0,0,0,0,-1,0,0,0,0,-1,0,0,0,0,-1,0,0,0,0,-1,0,0,0,0,-1,0,0,0,0,-1,0,0,0,0,-1,0,0,0,0,-1,0,0,0,0,-1,0,0,0,0,-1,0,0,0,0,47,63,79,0,3,38,180
2579,2083,fd,1,114,80,1,4,4,2,320,0,2,0,0,0,1,0,4,192,38,128,1,64190,3300,3166,1,0,1,0,0,8,0,0,9,64,1,1,0,0,192,94,0,1,0,0,192,238,0,1,0,0,192,141,128,0,0,0,0,0,0,-1,0,0,0,0,-1,0,0,0,0,-1,0,0,0,0,-1,0,0,0,0,-1,0,0,0,0,-1,0,0,0,0,-1,0,0,0,0,-1,0,0,0,0,-1,0,0,0,0,-1,0,0,0,0,-1,0,0,0,0,-1,0,0,0,0,46,62,78,0,3,39,180
2580,2084,fd,1,113,80,1,4,4,2,288,0,2,0,0,0,1,0,4,192,36,128,1,64189,3300,3165,1,0,1,0,0,8,0,0,8,64,1,1,0,0,192,93,128,1,0,0,192,237,128,1,0,0,192,139,0,0,0,0,0,0,0,-1,0,0,0,0,-1,0,0,0,0,-1,0,0,0,0,-1,0,0,0,0,-1,0,0,0,0,-1,0,0,0,0,-1,0,0,0,0,-1,0,0,0,0,-1,0,0,0,0,-1,0,0,0,0,-1,0,0,0,0,-1,0,0,0,0,45,61,77,0,3,40,180
2581,2085,fd,1,112,80,1,4,4,2,256,0,2,0,0,0,1,0,4,192,34,128,1,64188,3300,3164,1,0,1,0,0,8,0,0,8,64,1,1,0,0,192,91,0,1,0,0,192,235,0,1,0,0,192,138,128,0,0,0,0,0,0,-1,0,0,0,0,-1,0,0,0,0,-1,0,0,0,0,-1,0,0,0,0,-1,0,0,0,0,-1,0,0,0,0,-1,0,0,0,0,-1,0,0,0,0,-1,0,0,0,0,-1,0,0,0,0,-1,0,0,0,0,-1,0,0,0,0,44,60,76,0,3,41,180
2582,2086,fd,1,112,80,1,4,4,2,224,0,2,0,0,0,1,0,4,192,32,128,1,64187,3300,3163,1,0,1,0,0,8,0,0,8,64,1,1,0,0,192,90,128,1,0,0,192,234,128,1,0,0,192,136,0,0,0,0,0,0,0,-1,0,0,0,0,-1,0,0,0,0,-1,0,0,0,0,-1,0,0,0,0,-1,0,0,0,0,-1,0,0,0,0,-1,0,0,0,0,-1,0,0,0,0,-1,0,0,0,0,-1,0,0,0,0,-1,0,0,0,0,-1,0,0,0,0,43,59,75,0,3,42,180
2583,2087,fd,1,112,80,1,4,4,2,160,0,2,0,0,0,1,0,4,192,30,128,1,64186,3300,3162,1,0,1,0,0,8,0,0,8,64,1,1,0,0,192,88,0,1,0,0,192,232,0,1,0,0,192,135,128,0,0,0,0,0,0,-1,0,0,0,0,-1,0,0,0,0,-1,0,0,0,0,-1,0,0,0,0,-1,0,0,0,0,-1,0,0,0,0,-1,0,0,0,0,-1,0,0,0,0,-1,0,0,0,0,-1,0,0,0,0,-1,0,0,0,0,-1,0,0,0,0,42,58,74,0,3,43,180
2584,2088,fd,1,112,80,1,4,4,2,96,0,2,0,0,0,1,0,4,192,28,128,1,64185,3300,3161,1,0,1,0,0,8,0,0,7,64,1,1,0,0,192,87,128,1,0,0,192,231,128,1,0,0,192,133,0,0,0,0,0,0,0,-1,0,0,0,0,-1,0,0,0,0,-1,0,0,0,0,-1,0,0,0,0,-1,0,0,0,0,-1,0,0,0,0,-1,0,0,0,0,-1,0,0,0,0,-1,0,0,0,0,-1,0,0,0,0,-1,0,0,0,0,-1,0,0,0,0,41,57,73,0,3,44,180
2585,2089,fd,1,112,80,1,4,4,2,32,0,2,0,0,0,1,0,4,192,26,128,1,64184,3300,3160,1,0,1,0,0,8,0,0,7,64,1,1,0,0,192,85,0,1,0,0,192,229,0,1,0,0,192,132,128,0,0,0,0,0,0,-1,0,0,0,0,-1,0,0,0,0,-1,0,0,0,0,-1,0,0,0,0,-1,0,0,0,0,-1,0,0,0,0,-1,0,0,0,0,-1,0,0,0,0,-1,0,0,0,0,-1,0,0,0,0,-1,0,0,0,0,-1,0,0,0,0,40,56,72,0,3,45,180
2586,2090,fd,1,112,80,2,4,4,2,64,0,2,0,0,0,1,0,4,192,24,128,1,64183,3300,3159,1,0,1,0,0,8,0,0,7,64,1,1,0,0,192,84,128,1,0,0,192,228,128,1,0,0,192,130,0,0,0,0,0,0,0,-1,0,0,0,0,-1,0,0,0,0,-1,0,0,0,0,-1,0,0,0,0,-1,0,0,0,0,-1,0,0,0,0,-1,0,0,0,0,-1,0,0,0,0,-1,0,0,0,0,-1,0,0,0,0,-1,0,0,0,0,-1,0,0,0,0,39,55,71,0,3,46,180
2587,2091,fd,1,112,80,2,4,4,2,128,0,2,0,0,0,1,0,4,192,22,128,1,64182,3300,3158,1,0,1,0,0,8,0,0,7,64,1,1,0,0,192,82,0,1,0,0,192,226,0,1,0,0,192,129,128,0,0,0,0,0,0,-1,0,0,0,0,-1,0,0,0,0,-1,0,0,0,0,-1,0,0,0,0,-1,0,0,0,0,-1,0,0,0,0,-1,0,0,0,0,-1,0,0,0,0,-1,0,0,0,0,-1,0,0,0,0,-1,0,0,0,0,-1,0,0,0,0,38,54,70,0,3,47,180
2588,2092,fd,1,112,80,2,4,4,2,192,0,2,0,0,0,1,0,4,192,20,128,1,64181,3300,3157,1,0,1,0,0,8,0,0,6,64,1,1,0,0,192,81,128,1,0,0,192,225,128,1,0,0,192,127,0,0,0,0,0,0,0,-1,0,0,0,0,-1,0,0,0,0,-1,0,0,0,0,-1,0,0,0,0,-1,0,0,0,0,-1,0,0,0,0,-1,0,0,0,0,-1,0,0,0,0,-1,0,0,0,0,-1,0,0,0,0,-1,0,0,0,0,-1,0,0,0,0,37,53,69,0,3,48,180
2589,2093,fd,1,113,80,2,4,4,2,256,0,2,0,0,0,1,0,4,192,18,128,1,64180,3300,3156,1,0,1,0,0,8,0,0,6,64,1,1,0,0,192,79,0,1,0,0,192,223,0,1,0,0,192,126,128,0,0,0,0,0,0,-1,0,0,0,0,-1,0,0,0,0,-1,0,0,0,0,-1,0,0,0,0,-1,0,0,0,0,-1,0,0,0,0,-1,0,0,0,0,-1,0,0,0,0,-1,0,0,0,0,-1,0,0,0,0,-1,0,0,0,0,-1,0,0,0,0,36,52,68,0,3,49,180
2590,2094,fd,1,114,80,2,4,4,2,288,0,2,0,0,0,1,0,4,192,16,128,1,64179,3300,3155,1,0,1,0,0,8,0,0,6,64,1,1,0,0,192,78,128,1,0,0,192,222,128,1,0,0,192,124,0,0,0,0,0,0,0,-1,0,0,0,0,-1,0,0,0,0,-1,0,0,0,0,-1,0,0,0,0,-1,0,0,0,0,-1,0,0,0,0,-1,0,0,0,0,-1,0,0,0,0,-1,0,0,0,0,-1,0,0,0,0,-1,0,0,0,0,-1,0,0,0,0,35,51,67,0,3,50,180
2591,2095,fd,1,115,80,2,4,4,2,320,0,2,0,0,0,1,0,4,192,14,128,1,64178,3300,3154,1,0,1,0,0,8,0,0,6,64,1,1,0,0,192,76,0,1,0,0,192,220,0,1,0,0,192,123,128,0,0,0,0,0,0,-1,0,0,0,0,-1,0,0,0,0,-1,0,0,0,0,-1,0,0,0,0,-1,0,0,0,0,-1,0,0,0,0,-1,0,0,0,0,-1,0,0,0,0,-1,0,0,0,0,-1,0,0,0,0,-1,0,0,0,0,-1,0,0,0,0,34,50,66,0,3,51,180
2592,2096,fd,1,116,80,2,4,4,2,352,0,2,0,0,0,1,0,4,192,12,128,1,64177,3300,3153,1,0,1,0,0,8,0,0,5,64,1,1,0,0,192,75,128,1,0,0,192,219,128,1,0,0,192,121,0,0,0,0,0,0,0,-1,0,0,0,0,-1,0,0,0,0,-1,0,0,0,0,-1,0,0,0,0,-1,0,0,0,0,-1,0,0,0,0,-1,0,0,0,0,-1,0,0,0,0,-1,0,0,0,0,-1,0,0,0,0,-1,0,0,0,0,-1,0,0,0,0,33,49,65,0,3,52,180
2593,2097,fd,1,117,80,2,4,4,2,384,0,2,0,0,0,1,0,4,192,10,128,1,64176,3300,3152,1,0,1,0,0,8,0,0,5,64,1,1,0,0,192,73,0,1,0,0,192,217,0,1,0,0,192,120,128,0,0,0,0,0,0,-1,0,0,0,0,-1,0,0,0,0,-1,0,0,0,0,-1,0,0,0,0,-1,0,0,0,0,-1,0,0,0,0,-1,0,0,0,0,-1,0,0,0,0,-1,0,0,0,0,-1,0,0,0,0,-1,0,0,0,0,-1,0,0,0,0,32,48,64,0,3,53,180
2594,2098,fd,1,118,80,2,4,4,2,416,0,2,0,0,0,1,0,4,192,8,128,1,64175,3300,3151,1,0,1,0,0,8,0,0,5,64,1,1,0,0,192,72,128,1,0,0,192,216,128,1,0,0,192,118,0,0,0,0,0,0,0,-1,0,0,0,0,-1,0,0,0,0,-1,0,0,0,0,-1,0,0,0,0,-1,0,0,0,0,-1,0,0,0,0,-1,0,0,0,0,-1,0,0,0,0,-1,0,0,0,0,-1,0,0,0,0,-1,0,0,0,0,-1,0,0,0,0,31,47,63,0,3,54,180
2595,2099,fd,1,119,80,2,4,4,2,448,0,2,0,0,0,1,0,4,192,6,128,1,64174,3300,3150,1,0,1,0,0,8,0,0,5,64,1,1,0,0,192,70,0,1,0,0,192,214,0,1,0,0,192,117,128,0,0,0,0,0,0,-1,0,0,0,0,-1,0,0,0,0,-1,0,0,0,0,-1,0,0,0,0,-1,0,0,0,0,-1,0,0,0,0,-1,0,0,0,0,-1,0,0,0,0,-1,0,0,0,0,-1,0,0,0,0,-1,0,0,0,0,-1,0,0,0,0,30,46,62,0,3,55,180
2596,2100,fd,1,120,80,2,4,4,2,480,0,2,0,0,0,1,0,4,192,4,128,1,64173,3300,3149,1,0,1,0,0,8,0,0,4,64,1,1,0,0,192,69,128,1,0,0,192,213,128,1,0,0,192,115,0,0,0,0,0,0,0,-1,0,0,0,0,-1,0,0,0,0,-1,0,0,0,0,-1,0,0,0,0,-1,0,0,0,0,-1,0,0,0,0,-1,0,0,0,0,-1,0,0,0,0,-1,0,0,0,0,-1,0,0,0,0,-1,0,0,0,0,-1,0,0,0,0,29,45,61,0,3,56,180
2597,2101,fd,1,122,80,2,4,4,2,512,0,2,0,0,0,1,0,4,192,2,128,1,64172,3300,3148,1,0,1,0,0,8,0,0,4,64,1,1,0,0,192,67,0,1,0,0,192,211,0,1,0,0,192,114,128,0,0,0,0,0,0,-1,0,0,0,0,-1,0,0,0,0,-1,0,0,0,0,-1,0,0,0,0,-1,0,0,0,0,-1,0,0,0,0,-1,0,0,0,0,-1,0,0,0,0,-1,0,0,0,0,-1,0,0,0,0,-1,0,0,0,0,-1,0,0,0,0,28,44,60,0,3,57,180
2598,2102,fd,1,124,80,2,4,4,2,544,0,2,0,0,0,1,0,4,192,0,128,1,64171,3300,3147,1,0,1,0,0,8,0,0,4,64,1,1,0,0,192,66,128,1,0,0,192,210,128,1,0,0,192,112,0,0,0,0,0,0,0,-1,0,0,0,0,-1,0,0,0,0,-1,0,0,0,0,-1,0,0,0,0,-1,0,0,0,0,-1,0,0,0,0,-1,0,0,0,0,-1,0,0,0,0,-1,0,0,0,0,-1,0,0,0,0,-1,0,0,0,0,-1,0,0,0,0,27,43,59,0,3,58,180
2599,2103,fd,1,126,80,2,4,4,2,576,0,2,0,0,0,1,0,4,192,254,128,1,64170,3300,3146,1,0,1,0,0,8,0,0,4,64,1,1,0,0,192,64,0,1,0,0,192,208,0,1,0,0,192,111,128,0,0,0,0,0,0,-1,0,0,0,0,-1,0,0,0,0,-1,0,0,0,0,-1,0,0,0,0,-1,0,0,0,0,-1,0,0,0,0,-1,0,0,0,0,-1,0,0,0,0,-1,0,0,0,0,-1,0,0,0,0,-1,0,0,0,0,-1,0,0,0,0,26,42,58,0,3,59,180
2600,2104,fd,1,128,80,2,4,4,2,608,0,2,0,0,0,1,0,4,192,252,128,1,64169,3300,3145,1,0,1,0,0,8,0,0,3,64,1,1,0,0,192,63,128,1,0,0,192,207,128,1,0,0,192,109,0,0,0,0,0,0,0,-1,0,0,0,0,-1,0,0,0,0,-1,0,0,0,0,-1,0,0,0,0,-1,0,0,0,0,-1,0,0,0,0,-1,0,0,0,0,-1,0,0,0,0,-1,0,0,0,0,-1,0,0,0,0,-1,0,0,0,0,-1,0,0,0,0,25,41,57,0,3,60,180
2601,2105,fd,1,130,80,2,4,4,2,640,0,2,0,0,0,1,0,4,192,250,128,1,64168,3300,3144,1,0,1,0,0,8,0,0,3,64,1,1,0,0,192,61,0,1,0,0,192,205,0,1,0,0,192,108,128,0,0,0,0,0,0,-1,0,0,0,0,-1,0,0,0,0,-1,0,0,0,0,-1,0,0,0,0,-1,0,0,0,0,-1,0,0,0,0,-1,0,0,0,0,-1,0,0,0,0,-1,0,0,0,0,-1,0,0,0,0,-1,0,0,0,0,-1,0,0,0,0,24,40,56,0,3,61,180
2602,2106,fd,1,132,80,2,4,4,2,672,0,2,0,0,0,1,0,4,192,248,128,1,64167,3300,3143,1,0,1,0,0,8,0,0,3,64,1,1,0,0,192,60,128,1,0,0,192,204,128,1,0,0,192,106,0,0,0,0,0,0,0,-1,0,0,0,0,-1,0,0,0,0,-1,0,0,0,0,-1,0,0,0,0,-1,0,0,0,0,-1,0,0,0,0,-1,0,0,0,0,-1,0,0,0,0,-1,0,0,0,0,-1,0,0,0,0,-1,0,0,0,0,-1,0,0,0,0,23,39,55,0,3,62,180
2603,2107,fd,1,134,80,2,4,4,2,704,0,2,0,0,0,1,0,4,192,246,128,1,64166,3300,3142,1,0,1,0,0,8,0,0,3,64,1,1,0,0,192,58,0,1,0,0,192,202,0,1,0,0,192,105,128,0,0,0,0,0,0,-1,0,0,0,0,-1,0,0,0,0,-1,0,0,0,0,-1,0,0,0,0,-1,0,0,0,0,-1,0,0,0,0,-1,0,0,0,0,-1,0,0,0,0,-1,0,0,0,0,-1,0,0,0,0,-1,0,0,0,0,-1,0,0,0,0,22,38,54,0,3,63,180
2604,2108,fd,1,136,80,2,4,4,2,736,0,2,0,0,0,1,0,4,192,244,128,1,64165,3300,3141,1,0,1,0,0,8,0,0,2,64,1,1,0,0,192,57,128,1,0,0,192,201,128,1,0,0,192,103,0,0,0,0,0,0,0,-1,0,0,0,0,-1,0,0,0,0,-1,0,0,0,0,-1,0,0,0,0,-1,0,0,0,0,-1,0,0,0,0,-1,0,0,0,0,-1,0,0,0,0,-1,0,0,0,0,-1,0,0,0,0,-1,0,0,0,0,-1,0,0,0,0,21,37,53,0,3,64,180
2605,2109,fd,1,139,80,2,4,4,2,768,0,2,0,0,0,1,0,4,192,242,128,1,64164,3300,3140,1,0,1,0,0,8,0,0,2,64,1,1,0,0,192,55,0,1,0,0,192,199,0,1,0,0,192,102,128,0,0,0,0,0,0,-1,0,0,0,0,-1,0,0,0,0,-1,0,0,0,0,-1,0,0,0,0,-1,0,0,0,0,-1,0,0,0,0,-1,0,0,0,0,-1,0,0,0,0,-1,0,0,0,0,-1,0,0,0,0,-1,0,0,0,0,-1,0,0,0,0,20,36,52,0,3,65,180
2606,2110,fd,1,142,80,2,4,4,2,800,0,2,0,0,0,0,0,0,0,0,0,0,64163,3300,3139,1,0,1,0,0,8,0,0,2,64,1,1,0,0,192,54,128,1,0,0,192,198,128,1,0,0,192,100,0,0,0,0,0,0,0,-1,0,0,0,0,-1,0,0,0,0,-1,0,0,0,0,-1,0,0,0,0,-1,0,0,0,0,-1,0,0,0,0,-1,0,0,0,0,-1,0,0,0,0,-1,0,0,0,0,-1,0,0,0,0,-1,0,0,0,0,-1,0,0,0,0,19,35,51,0,3,66,180
2607,2111,fd,1,145,80,2,4,4,2,832,0,2,0,0,0,0,0,0,0,0,0,0,64162,3300,3138,1,0,1,0,0,8,0,0,2,64,1,1,0,0,192,52,0,1,0,0,192,196,0,1,0,0,192,99,128,0,0,0,0,0,0,-1,0,0,0,0,-1,0,0,0,0,-1,0,0,0,0,-1,0,0,0,0,-1,0,0,0,0,-1,0,0,0,0,-1,0,0,0,0,-1,0,0,0,0,-1,0,0,0,0,-1,0,0,0,0,-1,0,0,0,0,-1,0,0,0,0,18,34,50,0,3,67,180
2608,2112,fd,1,148,80,2,4,4,2,864,0,2,0,0,0,0,0,0,0,0,0,0,64161,3300,3137,1,0,1,0,0,8,0,0,1,64,1,1,0,0,192,51,128,1,0,0,192,195,128,1,0,0,192,97,0,0,0,0,0,0,0,-1,0,0,0,0,-1,0,0,0,0,-1,0,0,0,0,-1,0,0,0,0,-1,0,0,0,0,-1,0,0,0,0,-1,0,0,0,0,-1,0,0,0,0,-1,0,0,0,0,-1,0,0,0,0,-1,0,0,0,0,-1,0,0,0,0,17,33,49,0,3,68,180
2609,2113,fd,1,151,80,2,4,4,2,896,0,2,0,0,0,0,0,0,0,0,0,0,64160,3300,3136,1,0,1,0,0,8,0,0,1,64,1,1,0,0,192,49,0,1,0,0,192,193,0,1,0,0,192,96,128,0,0,0,0,0,0,-1,0,0,0,0,-1,0,0,0,0,-1,0,0,0,0,-1,0,0,0,0,-1,0,0,0,0,-1,0,0,0,0,-1,0,0,0,0,-1,0,0,0,0,-1,0,0,0,0,-1,0,0,0,0,-1,0,0,0,0,-1,0,0,0,0,16,32,48,0,3,69,180
2610,2114,fd,1,154,80,2,4,4,2,928,0,2,0,0,0,0,0,0,0,0,0,0,64159,3300,3135,1,0,1,0,0,8,0,0,1,64,1,1,0,0,192,48,128,1,0,0,192,192,128,1,0,0,192,94,0,0,0,0,0,0,0,-1,0,0,0,0,-1,0,0,0,0,-1,0,0,0,0,-1,0,0,0,0,-1,0,0,0,0,-1,0,0,0,0,-1,0,0,0,0,-1,0,0,0,0,-1,0,0,0,0,-1,0,0,0,0,-1,0,0,0,0,-1,0,0,0,0,15,31,47,0,3,70,180
2611,2115,fd,1,157,80,2,4,4,2,960,0,2,0,0,0,0,0,0,0,0,0,0,64158,3300,3134,1,0,1,0,0,8,0,0,1,64,1,1,0,0,192,46,0,1,0,0,192,190,0,1,0,0,192,93,128,0,0,0,0,0,0,-1,0,0,0,0,-1,0,0,0,0,-1,0,0,0,0,-1,0,0,0,0,-1,0,0,0,0,-1,0,0,0,0,-1,0,0,0,0,-1,0,0,0,0,-1,0,0,0,0,-1,0,0,0,0,-1,0,0,0,0,-1,0,0,0,0,14,30,46,0,3,71,180
2612,2116,fd,1,160,80,2,4,4,2,992,0,2,0,0,0,0,0,0,0,0,0,0,64157,3300,3133,1,0,1,0,0,8,0,0,0,64,1,1,0,0,192,45,128,1,0,0,192,189,128,1,0,0,192,91,0,0,0,0,0,0,0,-1,0,0,0,0,-1,0,0,0,0,-1,0,0,0,0,-1,0,0,0,0,-1,0,0,0,0,-1,0,0,0,0,-1,0,0,0,0,-1,0,0,0,0,-1,0,0,0,0,-1,0,0,0,0,-1,0,0,0,0,-1,0,0,0,0,13,29,45,0,3,72,180
2613,2117,fd,1,164,80,0,4,4,2,1056,0,2,0,0,0,1,0,2,192,89,128,1,64156,3800,3132,1,0,2,0,0,9,0,0,16,64,1,1,0,0,192,43,0,1,0,0,192,187,0,0,0,0,0,0,0,0,0,0,0,0,0,0,0,184,51,31,0,1,184,66,31,-1,0,0,0,0,-1,0,0,0,0,-1,0,0,0,0,-1,0,0,0,0,-1,0,0,0,0,-1,0,0,0,0,-1,0,0,0,0,-1,0,0,0,0,-1,0,0,0,0,-1,0,0,0,0,12,28,44,0,3,73,180
2614,2118,fd,1,164,80,0,4,4,2,1056,0,2,0,0,0,1,0,2,192,88,128,1,64155,3800,3131,1,0,2,0,0,9,0,0,16,64,1,1,0,0,192,42,128,1,0,0,192,186,128,0,0,0,0,0,0,0,0,0,0,0,0,0,0,184,50,30,0,1,184,65,30,-1,0,0,0,0,-1,0,0,0,0,-1,0,0,0,0,-1,0,0,0,0,-1,0,0,0,0,-1,0,0,0,0,-1,0,0,0,0,-1,0,0,0,0,-1,0,0,0,0,-1,0,0,0,0,11,27,43,0,3,74,180
2615,2119,fd,1,164,80,0,4,4,2,1056,0,2,0,0,0,1,0,2,192,87,128,1,64154,3800,3130,1,0,2,0,0,9,0,0,16,64,1,1,0,0,192,40,0,1,0,0,192,184,0,0,0,0,0,0,0,0,0,0,0,0,0,0,0,184,48,29,0,1,184,63,29,-1,0,0,0,0,-1,0,0,0,0,-1,0,0,0,0,-1,0,0,0,0,-1,0,0,0,0,-1,0,0,0,0,-1,0,0,0,0,-1,0,0,0,0,-1,0,0,0,0,-1,0,0,0,0,10,26,42,0,3,75,180
2616,2120,fd,1,164,80,0,4,4,2,1056,0,2,0,0,0,1,0,2,192,86,128,1,64153,3800,3129,1,0,2,0,0,9,0,0,15,64,1,1,0,0,192,39,128,1,0,0,192,183,128,0,0,0,0,0,0,0,0,0,0,0,0,0,0,184,47,28,0,1,184,62,28,-1,0,0,0,0,-1,0,0,0,0,-1,0,0,0,0,-1,0,0,0,0,-1,0,0,0,0,-1,0,0,0,0,-1,0,0,0,0,-1,0,0,0,0,-1,0,0,0,0,-1,0,0,0,0,9,25,41,0,3,76,180
2617,2121,fd,1,164,80,0,4,4,2,1056,0,2,0,0,0,1,0,2,192,85,128,1,64152,3800,3128,1,0,2,0,0,9,0,0,15,64,1,1,0,0,192,37,0,1,0,0,192,181,0,0,0,0,0,0,0,0,0,0,0,0,0,0,0,184,45,27,0,1,184,60,27,-1,0,0,0,0,-1,0,0,0,0,-1,0,0,0,0,-1,0,0,0,0,-1,0,0,0,0,-1,0,0,0,0,-1,0,0,0,0,-1,0,0,0,0,-1,0,0,0,0,-1,0,0,0,0,8,24,40,0,3,77,180
2618,2122,fd,1,164,80,0,4,4,2,1056,0,2,0,0,0,1,0,2,192,84,128,1,64151,3800,3127,1,0,2,0,0,9,0,0,15,64,1,1,0,0,192,36,128,1,0,0,192,180,128,0,0,0,0,0,0,0,0,0,0,0,0,0,0,184,44,26,0,1,184,59,26,-1,0,0,0,0,-1,0,0,0,0,-1,0,0,0,0,-1,0,0,0,0,-1,0,0,0,0,-1,0,0,0,0,-1,0,0,0,0,-1,0,0,0,0,-1,0,0,0,0,-1,0,0,0,0,7,23,39,0,3,78,180
2619,2123,fd,1,164,80,0,4,4,2,1056,0,2,0,0,0,1,0,2,192,83,128,1,64150,3800,3126,1,0,2,0,0,9,0,0,15,64,1,1,0,0,192,34,0,1,0,0,192,178,0,0,0,0,0,0,0,0,0,0,0,0,0,0,0,184,42,25,0,1,184,57,25,-1,0,0,0,0,-1,0,0,0,0,-1,0,0,0,0,-1,0,0,0,0,-1,0,0,0,0,-1,0,0,0,0,-1,0,0,0,0,-1,0,0,0,0,-1,0,0,0,0,-1,0,0,0,0,6,22,38,0,3,79,180
2620,2124,fd,1,164,80,0,4,4,2,1056,0,2,0,0,0,1,0,2,192,82,128,1,64149,3800,3125,1,0,2,0,0,9,0,0,14,64,1,1,0,0,192,33,128,1,0,0,192,177,128,0,0,0,0,0,0,0,0,0,0,0,0,0,0,184,41,24,0,1,184,56,24,-1,0,0,0,0,-1,0,0,0,0,-1,0,0,0,0,-1,0,0,0,0,-1,0,0,0,0,-1,0,0,0,0,-1,0,0,0,0,-1,0,0,0,0,-1,0,0,0,0,-1,0,0,0,0,5,21,37,0,3,80,180
2621,2125,fd,1,164,80,0,4,4,2,1056,0,2,0,0,0,1,0,2,192,81,128,1,64148,3800,3124,1,0,2,0,0,9,0,0,14,64,1,1,0,0,192,31,0,1,0,0,192,175,0,0,0,0,0,0,0,0,0,0,0,0,0,0,0,184,39,23,0,1,184,54,23,-1,0,0,0,0,-1,0,0,0,0,-1,0,0,0,0,-1,0,0,0,0,-1,0,0,0,0,-1,0,0,0,0,-1,0,0,0,0,-1,0,0,0,0,-1,0,0,0,0,-1,0,0,0,0,4,20,36,0,3,81,180
2622,2126,ed,1,160,80,1,4,4,2,1024,16,2,0,0,0,1,0,4,192,80,128,0,64147,3800,3123,1,0,2,0,0,9,1,0,14,64,1,1,0,0,192,30,128,1,0,0,192,174,128,0,0,0,0,0,0,0,0,0,0,0,0,0,0,184,38,22,0,1,184,53,22,-1,0,0,0,0,-1,0,0,0,0,-1,0,0,0,0,-1,0,0,0,0,-1,0,0,0,0,-1,0,0,0,0,-1,0,0,0,0,-1,0,0,0,0,-1,0,0,0,0,-1,0,0,0,0,3,19,35,0,3,82,180
2623,2127,fd,1,157,80,1,4,4,2,992,16,2,0,0,0,1,0,4,192,78,128,0,64146,3800,3122,1,0,2,0,0,9,0,0,14,64,1,1,0,0,192,28,0,1,0,0,192,172,0,0,0,0,0,0,0,0,0,0,0,0,0,0,0,184,36,21,0,1,184,51,21,-1,0,0,0,0,-1,0,0,0,0,-1,0,0,0,0,-1,0,0,0,0,-1,0,0,0,0,-1,0,0,0,0,-1,0,0,0,0,-1,0,0,0,0,-1,0,0,0,0,-1,0,0,0,0,2,18,34,0,3,83,180
2624,2128,fd,1,154,80,1,4,4,2,960,0,2,0,0,0,1,0,4,192,76,128,0,64145,3800,3121,1,0,2,0,0,9,0,0,13,64,1,1,0,0,192,27,128,1,0,0,192,171,128,0,0,0,0,0,0,0,0,0,0,0,0,0,0,184,35,20,0,1,184,50,20,-1,0,0,0,0,-1,0,0,0,0,-1,0,0,0,0,-1,0,0,0,0,-1,0,0,0,0,-1,0,0,0,0,-1,0,0,0,0,-1,0,0,0,0,-1,0,0,0,0,-1,0,0,0,0,1,17,33,0,3,84,180
2625,2129,fd,1,151,80,1,4,4,2,928,0,2,0,0,0,1,0,4,192,74,128,0,64144,3800,3120,1,0,2,0,0,9,0,0,13,64,1,1,0,0,192,25,0,1,0,0,192,169,0,0,0,0,0,0,0,0,0,0,0,0,0,0,0,184,33,19,0,1,184,48,19,-1,0,0,0,0,-1,0,0,0,0,-1,0,0,0,0,-1,0,0,0,0,-1,0,0,0,0,-1,0,0,0,0,-1,0,0,0,0,-1,0,0,0,0,-1,0,0,0,0,-1,0,0,0,0,0,16,32,0,3,85,180
2626,2130,fd,1,148,80,1,4,4,2,896,0,2,0,0,0,1,0,4,192,72,128,0,64143,3800,3119,1,0,2,0,0,9,0,0,13,64,1,1,0,0,192,24,128,1,0,0,192,168,128,0,0,0,0,0,0,0,0,0,0,0,0,0,0,184,32,18,0,1,184,47,18,-1,0,0,0,0,-1,0,0,0,0,-1,0,0,0,0,-1,0,0,0,0,-1,0,0,0,0,-1,0,0,0,0,-1,0,0,0,0,-1,0,0,0,0,-1,0,0,0,0,-1,0,0,0,0,255,15,31,0,3,86,180
2627,2131,fd,1,145,80,1,4,4,2,864,0,2,0,0,0,1,0,4,192,70,128,0,64142,3800,3118,1,0,2,0,0,9,0,0,13,64,1,1,0,0,192,22,0,1,0,0,192,166,0,0,0,0,0,0,0,0,0,0,0,0,0,0,0,184,30,17,0,1,184,45,17,-1,0,0,0,0,-1,0,0,0,0,-1,0,0,0,0,-1,0,0,0,0,-1,0,0,0,0,-1,0,0,0,0,-1,0,0,0,0,-1,0,0,0,0,-1,0,0,0,0,-1,0,0,0,0,254,14,30,0,3,87,180
2628,2132,fd,1,142,80,1,4,4,2,832,0,2,0,0,0,1,0,4,192,68,128,0,64141,3800,3117,1,0,2,0,0,9,0,0,12,64,1,1,0,0,192,21,128,1,0,0,192,165,128,0,0,0,0,0,0,0,0,0,0,0,0,0,0,184,29,16,0,1,184,44,16,-1,0,0,0,0,-1,0,0,0,0,-1,0,0,0,0,-1,0,0,0,0,-1,0,0,0,0,-1,0,0,0,0,-1,0,0,0,0,-1,0,0,0,0,-1,0,0,0,0,-1,0,0,0,0,253,13,29,0,3,88,180
2629,2133,fd,1,139,80,1,4,4,2,800,0,2,0,0,0,1,0,4,192,66,128,0,64140,3800,3116,1,0,2,0,0,9,0,0,12,64,1,1,0,0,192,19,0,1,0,0,192,163,0,0,0,0,0,0,0,0,0,0,0,0,0,0,0,184,27,15,0,1,184,42,15,-1,0,0,0,0,-1,0,0,0,0,-1,0,0,0,0,-1,0,0,0,0,-1,0,0,0,0,-1,0,0,0,0,-1,0,0,0,0,-1,0,0,0,0,-1,0,0,0,0,-1,0,0,0,0,252,12,28,0,3,89,180
2630,2134,fd,1,136,80,1,4,4,2,768,0,2,0,0,0,1,0,4,192,64,128,0,64139,3800,3115,1,0,2,0,0,9,0,0,12,64,1,1,0,0,192,18,128,1,0,0,192,162,128,0,0,0,0,0,0,0,0,0,0,0,0,0,0,184,26,14,0,1,184,41,14,-1,0,0,0,0,-1,0,0,0,0,-1,0,0,0,0,-1,0,0,0,0,-1,0,0,0,0,-1,0,0,0,0,-1,0,0,0,0,-1,0,0,0,0,-1,0,0,0,0,-1,0,0,0,0,251,11,27,0,3,90,180
2631,2135,fd,1,134,80,1,4,4,2,736,0,2,0,0,0,1,0,4,192,62,128,0,64138,3800,3114,1,0,2,0,0,9,0,0,12,64,1,1,0,0,192,16,0,1,0,0,192,160,0,0,0,0,0,0,0,0,0,0,0,0,0,0,0,184,24,13,0,1,184,39,13,-1,0,0,0,0,-1,0,0,0,0,-1,0,0,0,0,-1,0,0,0,0,-1,0,0,0,0,-1,0,0,0,0,-1,0,0,0,0,-1,0,0,0,0,-1,0,0,0,0,-1,0,0,0,0,250,10,26,0,3,91,180
2632,2136,fd,1,132,80,1,4,4,2,704,0,2,0,0,0,1,0,4,192,60,128,0,64137,3800,3113,1,0,2,0,0,9,0,0,11,64,1,1,0,0,192,15,128,1,0,0,192,159,128,0,0,0,0,0,0,0,0,0,0,0,0,0,0,184,23,12,0,1,184,38,12,-1,0,0,0,0,-1,0,0,0,0,-1,0,0,0,0,-1,0,0,0,0,-1,0,0,0,0,-1,0,0,0,0,-1,0,0,0,0,-1,0,0,0,0,-1,0,0,0,0,-1,0,0,0,0,249,9,25,0,3,92,180
2633,2137,fd,1,130,80,1,4,4,2,672,0,2,0,0,0,1,0,4,192,58,128,0,64136,3800,3112,1,0,2,0,0,9,0,0,11,64,1,1,0,0,192,13,0,1,0,0,192,157,0,0,0,0,0,0,0,0,0,0,0,0,0,0,0,184,21,11,0,1,184,36,11,-1,0,0,0,0,-1,0,0,0,0,-1,0,0,0,0,-1,0,0,0,0,-1,0,0,0,0,-1,0,0,0,0,-1,0,0,0,0,-1,0,0,0,0,-1,0,0,0,0,-1,0,0,0,0,248,8,24,0,3,93,180
2634,2138,fd,1,128,80,1,4,4,2,640,0,2,0,0,0,1,0,4,192,56,128,0,64135,3800,3111,1,0,2,0,0,9,0,0,11,64,1,1,0,0,192,12,128,1,0,0,192,156,128,0,0,0,0,0,0,0,0,0,0,0,0,0,0,184,20,10,0,1,184,35,10,-1,0,0,0,0,-1,0,0,0,0,-1,0,0,0,0,-1,0,0,0,0,-1,0,0,0,0,-1,0,0,0,0,-1,0,0,0,0,-1,0,0,0,0,-1,0,0,0,0,-1,0,0,0,0,247,7,23,0,3,94,180
2635,2139,fd,1,126,80,1,4,4,2,608,0,2,0,0,0,1,0,4,192,54,128,0,64134,3800,3110,1,0,2,0,0,9,0,0,11,64,1,1,0,0,192,10,0,1,0,0,192,154,0,0,0,0,0,0,0,0,0,0,0,0,0,0,0,184,18,9,0,1,184,33,9,-1,0,0,0,0,-1,0,0,0,0,-1,0,0,0,0,-1,0,0,0,0,-1,0,0,0,0,-1,0,0,0,0,-1,0,0,0,0,-1,0,0,0,0,-1,0,0,0,0,-1,0,0,0,0,246,6,22,0,3,95,180
2636,2140,fd,1,124,80,1,4,4,2,576,0,2,0,0,0,1,0,4,192,52,128,0,64133,3800,3109,1,0,2,0,0,9,0,0,10,64,1,1,0,0,192,9,128,1,0,0,192,153,128,0,0,0,0,0,0,0,0,0,0,0,0,0,0,184,17,8,0,1,184,32,8,-1,0,0,0,0,-1,0,0,0,0,-1,0,0,0,0,-1,0,0,0,0,-1,0,0,0,0,-1,0,0,0,0,-1,0,0,0,0,-1,0,0,0,0,-1,0,0,0,0,-1,0,0,0,0,245,5,21,0,3,96,180
2637,2141,fd,1,122,80,1,4,4,2,544,0,2,0,0,0,1,0,4,192,50,128,0,64132,3800,3108,1,0,2,0,0,9,0,0,10,64,1,1,0,0,192,7,0,1,0,0,192,151,0,0,0,0,0,0,0,0,0,0,0,0,0,0,0,184,15,7,0,1,184,30,7,-1,0,0,0,0,-1,0,0,0,0,-1,0,0,0,0,-1,0,0,0,0,-1,0,0,0,0,-1,0,0,0,0,-1,0,0,0,0,-1,0,0,0,0,-1,0,0,0,0,-1,0,0,0,0,244,4,20,0,3,97,180
2638,2142,fd,1,120,80,1,4,4,2,512,0,2,0,0,0,1,0,4,192,48,128,0,64131,3800,3107,1,0,2,0,0,9,0,0,10,64,1,1,0,0,192,6,128,1,0,0,192,150,128,0,0,0,0,0,0,0,0,0,0,0,0,0,0,184,14,6,0,1,184,29,6,-1,0,0,0,0,-1,0,0,0,0,-1,0,0,0,0,-1,0,0,0,0,-1,0,0,0,0,-1,0,0,0,0,-1,0,0,0,0,-1,0,0,0,0,-1,0,0,0,0,-1,0,0,0,0,243,3,19,0,3,98,180
2639,2143,fd,1,119,80,1,4,4,2,480,0,2,0,0,0,1,0,4,192,46,128,0,64130,3800,3106,1,0,2,0,0,9,0,0,10,64,1,1,0,0,192,4,0,1,0,0,192,148,0,0,0,0,0,0,0,0,0,0,0,0,0,0,0,184,12,5,0,1,184,27,5,-1,0,0,0,0,-1,0,0,0,0,-1,0,0,0,0,-1,0,0,0,0,-1,0,0,0,0,-1,0,0,0,0,-1,0,0,0,0,-1,0,0,0,0,-1,0,0,0,0,-1,0,0,0,0,242,2,18,0,3,99,180
2640,2144,fd,1,118,80,1,4,4,2,448,0,2,0,0,0,1,0,4,192,44,128,0,64129,3800,3105,1,0,2,0,0,9,0,0,9,64,1,1,0,0,192,3,128,1,0,0,192,147,128,0,0,0,0,0,0,0,0,0,0,0,0,0,0,184,11,4,0,1,184,26,4,-1,0,0,0,0,-1,0,0,0,0,-1,0,0,0,0,-1,0,0,0,0,-1,0,0,0,0,-1,0,0,0,0,-1,0,0,0,0,-1,0,0,0,0,-1,0,0,0,0,-1,0,0,0,0,241,1,17,0,3,100,180
2641,2145,fd,1,117,80,1,4,4,2,416,0,2,0,0,0,1,0,4,192,42,128,0,64128,3800,3104,1,0,2,0,0,9,0,0,9,64,1,1,0,0,192,1,0,1,0,0,192,145,0,0,0,0,0,0,0,0,0,0,0,0,0,0,0,184,9,3,0,1,184,24,3,-1,0,0,0,0,-1,0,0,0,0,-1,0,0,0,0,-1,0,0,0,0,-1,0,0,0,0,-1,0,0,0,0,-1,0,0,0,0,-1,0,0,0,0,-1,0,0,0,0,-1,0,0,0,0,240,0,16,0,3,101,180
2642,2146,fd,1,116,80,1,4,4,2,384,0,2,0,0,0,1,0,4,192,40,128,0,64127,3800,3103,1,0,2,0,0,9,0,0,9,64,1,1,0,0,192,0,128,1,0,0,192,144,128,0,0,0,0,0,0,0,0,0,0,0,0,0,0,184,8,2,0,1,184,23,2,-1,0,0,0,0,-1,0,0,0,0,-1,0,0,0,0,-1,0,0,0,0,-1,0,0,0,0,-1,0,0,0,0,-1,0,0,0,0,-1,0,0,0,0,-1,0,0,0,0,-1,0,0,0,0,239,255,15,0,3,102,180
2643,2147,fd,1,115,80,1,4,4,2,352,0,2,0,0,0,1,0,4,192,38,128,0,64126,3800,3102,1,0,2,0,0,9,0,0,9,64,1,1,0,0,192,254,0,1,0,0,192,142,0,0,0,0,0,0,0,0,0,0,0,0,0,0,0,184,6,1,0,1,184,21,1,-1,0,0,0,0,-1,0,0,0,0,-1,0,0,0,0,-1,0,0,0,0,-1,0,0,0,0,-1,0,0,0,0,-1,0,0,0,0,-1,0,0,0,0,-1,0,0,0,0,-1,0,0,0,0,238,254,14,0,3,103,180
2644,2148,fd,1,114,80,1,4,4,2,320,0,2,0,0,0,1,0,4,192,36,128,0,64125,3800,3101,1,0,2,0,0,9,0,0,8,64,1,1,0,0,192,253,128,1,0,0,192,141,128,0,0,0,0,0,0,0,0,0,0,0,0,-1,0,0,0,0,-1,0,0,0,0,-1,0,0,0,0,-1,0,0,0,0,-1,0,0,0,0,-1,0,0,0,0,-1,0,0,0,0,-1,0,0,0,0,-1,0,0,0,0,-1,0,0,0,0,-1,0,0,0,0,-1,0,0,0,0,237,253,13,0,3,104,180
2645,2149,fd,1,113,80,1,4,4,2,288,0,2,0,0,0,1,0,4,192,34,128,0,64124,3800,3100,1,0,2,0,0,9,0,0,8,64,1,1,0,0,192,251,0,1,0,0,192,139,0,0,0,0,0,0,0,0,0,0,0,0,0,-1,0,0,0,0,-1,0,0,0,0,-1,0,0,0,0,-1,0,0,0,0,-1,0,0,0,0,-1,0,0,0,0,-1,0,0,0,0,-1,0,0,0,0,-1,0,0,0,0,-1,0,0,0,0,-1,0,0,0,0,-1,0,0,0,0,236,252,12,0,3,105,180
2646,2150,fd,1,112,80,1,4,4,2,256,0,2,0,0,0,1,0,4,192,32,128,0,64123,3800,3099,1,0,2,0,0,9,0,0,8,64,1,1,0,0,192,250,128,1,0,0,192,138,128,0,0,0,0,0,0,0,0,0,0,0,0,-1,0,0,0,0,-1,0,0,0,0,-1,0,0,0,0,-1,0,0,0,0,-1,0,0,0,0,-1,0,0,0,0,-1,0,0,0,0,-1,0,0,0,0,-1,0,0,0,0,-1,0,0,0,0,-1,0,0,0,0,-1,0,0,0,0,235,251,11,0,3,106,180
2647,2151,fd,1,112,80,1,4,4,2,224,0,2,0,0,0,1,0,4,192,30,128,0,64122,3800,3098,1,0,2,0,0,9,0,0,8,64,1,1,0,0,192,248,0,1,0,0,192,136,0,0,0,0,0,0,0,0,0,0,0,0,0,-1,0,0,0,0,-1,0,0,0,0,-1,0,0,0,0,-1,0,0,0,0,-1,0,0,0,0,-1,0,0,0,0,-1,0,0,0,0,-1,0,0,0,0,-1,0,0,0,0,-1,0,0,0,0,-1,0,0,0,0,-1,0,0,0,0,234,250,10,0,3,107,180
2648,2152,fd,1,112,80,1,4,4,2,160,0,2,0,0,0,1,0,4,192,28,128,0,64121,3800,3097,1,0,2,0,0,9,0,0,7,64,1,1,0,0,192,247,128,1,0,0,192,135,128,0,0,0,0,0,0,0,0,0,0,0,0,-1,0,0,0,0,-1,0,0,0,0,-1,0,0,0,0,-1,0,0,0,0,-1,0,0,0,0,-1,0,0,0,0,-1,0,0,0,0,-1,0,0,0,0,-1,0,0,0,0,-1,0,0,0,0,-1,0,0,0,0,-1,0,0,0,0,233,249,9,0,3,108,180
2649,2153,fd,1,112,80,1,4,4,2,96,0,2,0,0,0,1,0,4,192,26,128,0,64120,3800,3096,1,0,2,0,0,9,0,0,7,64,1,1,0,0,192,245,0,1,0,0,192,133,0,0,0,0,0,0,0,0,0,0,0,0,0,-1,0,0,0,0,-1,0,0,0,0,-1,0,0,0,0,-1,0,0,0,0,-1,0,0,0,0,-1,0,0,0,0,-1,0,0,0,0,-1,0,0,0,0,-1,0,0,0,0,-1,0,0,0,0,-1,0,0,0,0,-1,0,0,0,0,232,248,8,0,3,109,180
2650,2154,fd,1,112,80,1,4,4,2,32,0,2,0,0,0,1,0,4,192,24,128,0,64119,3800,3095,1,0,2,0,0,9,0,0,7,64,1,1,0,0,192,244,128,1,0,0,192,132,128,0,0,0,0,0,0,0,0,0,0,0,0,-1,0,0,0,0,-1,0,0,0,0,-1,0,0,0,0,-1,0,0,0,0,-1,0,0,0,0,-1,0,0,0,0,-1,0,0,0,0,-1,0,0,0,0,-1,0,0,0,0,-1,0,0,0,0,-1,0,0,0,0,-1,0,0,0,0,231,247,7,0,3,110,180
2651,2155,fd,1,112,80,2,4,4,2,64,0,2,0,0,0,1,0,4,192,22,128,0,64118,3800,3094,1,0,2,0,0,9,0,0,7,64,1,1,0,2,192,242,0,1,0,0,192,130,0,0,0,0,0,0,0,0,0,0,0,0,0,-1,0,0,0,0,-1,0,0,0,0,-1,0,0,0,0,-1,0,0,0,0,-1,0,0,0,0,-1,0,0,0,0,-1,0,0,0,0,-1,0,0,0,0,-1,0,0,0,0,-1,0,0,0,0,-1,0,0,0,0,-1,0,0,0,0,230,246,6,0,3,111,180
2652,2156,fd,1,112,80,2,4,4,2,128,0,2,0,0,0,1,0,4,192,20,128,0,64117,3800,3093,1,0,2,0,0,9,0,0,6,64,1,0,0,0,0,0,0,1,0,0,192,129,128,0,0,0,0,0,0,0,0,0,0,0,0,-1,0,0,0,0,-1,0,0,0,0,-1,0,0,0,0,-1,0,0,0,0,-1,0,0,0,0,-1,0,0,0,0,-1,0,0,0,0,-1,0,0,0,0,-1,0,0,0,0,-1,0,0,0,0,-1,0,0,0,0,-1,0,0,0,0,229,245,5,0,3,112,180
2653,2157,fd,1,112,80,2,4,4,2,192,0,2,0,0,0,1,0,4,192,18,128,0,64116,3800,3092,1,0,2,0,0,9,0,0,6,64,1,0,0,0,0,0,0,1,0,0,192,127,0,0,0,0,0,0,0,0,0,0,0,0,0,-1,0,0,0,0,-1,0,0,0,0,-1,0,0,0,0,-1,0,0,0,0,-1,0,0,0,0,-1,0,0,0,0,-1,0,0,0,0,-1,0,0,0,0,-1,0,0,0,0,-1,0,0,0,0,-1,0,0,0,0,-1,0,0,0,0,228,244,4,0,3,113,180
2654,2158,fd,1,113,80,2,4,4,2,256,0,2,0,0,0,1,0,4,192,16,128,0,64115,3800,3091,1,0,2,0,0,9,0,0,6,64,1,0,0,0,0,0,0,1,0,0,192,126,128,0,0,0,0,0,0,0,0,0,0,0,0,-1,0,0,0,0,-1,0,0,0,0,-1,0,0,0,0,-1,0,0,0,0,-1,0,0,0,0,-1,0,0,0,0,-1,0,0,0,0,-1,0,0,0,0,-1,0,0,0,0,-1,0,0,0,0,-1,0,0,0,0,-1,0,0,0,0,227,243,3,0,3,114,180
2655,2159,fd,1,114,80,2,4,4,2,288,0,2,0,0,0,1,0,4,192,14,128,0,64114,3800,3090,1,0,2,0,0,9,0,0,6,64,1,0,0,0,0,0,0,1,0,0,192,124,0,0,0,0,0,0,0,0,0,0,0,0,0,-1,0,0,0,0,-1,0,0,0,0,-1,0,0,0,0,-1,0,0,0,0,-1,0,0,0,0,-1,0,0,0,0,-1,0,0,0,0,-1,0,0,0,0,-1,0,0,0,0,-1,0,0,0,0,-1,0,0,0,0,-1,0,0,0,0,226,242,2,0,3,115,180
2656,2160,fd,1,115,80,2,4,4,2,320,0,2,0,0,0,1,0,4,192,12,128,0,64113,3800,3089,1,0,2,0,0,9,0,0,5,64,1,0,0,0,0,0,0,1,0,0,192,123,128,0,0,0,0,0,0,0,0,0,0,0,0,-1,0,0,0,0,-1,0,0,0,0,-1,0,0,0,0,-1,0,0,0,0,-1,0,0,0,0,-1,0,0,0,0,-1,0,0,0,0,-1,0,0,0,0,-1,0,0,0,0,-1,0,0,0,0,-1,0,0,0,0,-1,0,0,0,0,225,241,1,0,3,116,180
2657,2161,fd,1,116,80,2,4,4,2,352,0,2,0,0,0,1,0,4,192,10,128,0,64112,3800,3088,1,0,2,0,0,9,0,0,5,64,1,0,0,0,0,0,0,1,0,0,192,121,0,0,0,0,0,0,0,0,0,0,0,0,0,-1,0,0,0,0,-1,0,0,0,0,-1,0,0,0,0,-1,0,0,0,0,-1,0,0,0,0,-1,0,0,0,0,-1,0,0,0,0,-1,0,0,0,0,-1,0,0,0,0,-1,0,0,0,0,-1,0,0,0,0,-1,0,0,0,0,224,240,0,0,3,117,180
2658,2162,fd,1,117,80,2,4,4,2,384,0,2,0,0,0,1,0,4,192,8,128,0,64111,3800,3087,1,0,2,0,0,9,0,0,5,64,1,0,0,0,0,0,0,1,0,0,192,120,128,0,0,0,0,0,0,0,0,0,0,0,0,-1,0,0,0,0,-1,0,0,0,0,-1,0,0,0,0,-1,0,0,0,0,-1,0,0,0,0,-1,0,0,0,0,-1,0,0,0,0,-1,0,0,0,0,-1,0,0,0,0,-1,0,0,0,0,-1,0,0,0,0,-1,0,0,0,0,223,239,255,0,3,118,180
2659,2163,fd,1,118,80,2,4,4,2,416,0,2,0,0,0,1,0,4,192,6,128,0,64110,3800,3086,1,0,2,0,0,9,0,0,5,64,1,0,0,0,0,0,0,1,0,0,192,118,0,0,0,0,0,0,0,0,0,0,0,0,0,-1,0,0,0,0,-1,0,0,0,0,-1,0,0,0,0,-1,0,0,0,0,-1,0,0,0,0,-1,0,0,0,0,-1,0,0,0,0,-1,0,0,0,0,-1,0,0,0,0,-1,0,0,0,0,-1,0,0,0,0,-1,0,0,0,0,222,238,254,0,3,119,180
2660,2164,fd,1,119,80,2,4,4,2,448,0,2,0,0,0,1,0,4,192,4,128,0,64109,3800,3085,1,0,2,0,0,9,0,0,4,64,1,0,0,0,0,0,0,1,0,0,192,117,128,0,0,0,0,0,0,0,0,0,0,0,0,-1,0,0,0,0,-1,0,0,0,0,-1,0,0,0,0,-1,0,0,0,0,-1,0,0,0,0,-1,0,0,0,0,-1,0,0,0,0,-1,0,0,0,0,-1,0,0,0,0,-1,0,0,0,0,-1,0,0,0,0,-1,0,0,0,0,221,237,253,0,3,120,180
2661,2165,fd,1,120,80,2,4,4,2,480,0,2,0,0,0,1,0,4,192,2,128,0,64108,3800,3084,1,0,2,0,0,9,0,0,4,64,1,0,0,0,0,0,0,1,0,0,192,115,0,0,0,0,0,0,0,0,0,0,0,0,0,-1,0,0,0,0,-1,0,0,0,0,-1,0,0,0,0,-1,0,0,0,0,-1,0,0,0,0,-1,0,0,0,0,-1,0,0,0,0,-1,0,0,0,0,-1,0,0,0,0,-1,0,0,0,0,-1,0,0,0,0,-1,0,0,0,0,220,236,252,0,3,121,180
2662,2166,fd,1,122,80,2,4,4,2,512,0,2,0,0,0,1,0,4,192,0,128,0,64107,3800,3083,1,0,2,0,0,9,0,0,4,64,1,0,0,0,0,0,0,1,0,0,192,114,128,0,0,0,0,0,0,0,0,0,0,0,0,-1,0,0,0,0,-1,0,0,0,0,-1,0,0,0,0,-1,0,0,0,0,-1,0,0,0,0,-1,0,0,0,0,-1,0,0,0,0,-1,0,0,0,0,-1,0,0,0,0,-1,0,0,0,0,-1,0,0,0,0,-1,0,0,0,0,219,235,251,0,3,122,180
2663,2167,fd,1,124,80,2,4,4,2,544,0,2,0,0,0,1,0,4,192,254,128,0,64106,3800,3082,1,0,2,0,0,9,0,0,4,64,1,0,0,0,0,0,0,1,0,0,192,112,0,0,0,0,0,0,0,0,0,0,0,0,0,-1,0,0,0,0,-1,0,0,0,0,-1,0,0,0,0,-1,0,0,0,0,-1,0,0,0,0,-1,0,0,0,0,-1,0,0,0,0,-1,0,0,0,0,-1,0,0,0,0,-1,0,0,0,0,-1,0,0,0,0,-1,0,0,0,0,218,234,250,0,3,123,180
2664,2168,fd,1,126,80,2,4,4,2,576,0,2,0,0,0,1,0,4,192,252,128,0,64105,3800,3081,1,0,2,0,0,9,0,0,3,64,1,0,0,0,0,0,0,1,0,0,192,111,128,0,0,0,0,0,0,0,0,0,0,0,0,-1,0,0,0,0,-1,0,0,0,0,-1,0,0,0,0,-1,0,0,0,0,-1,0,0,0,0,-1,0,0,0,0,-1,0,0,0,0,-1,0,0,0,0,-1,0,0,0,0,-1,0,0,0,0,-1,0,0,0,0,-1,0,0,0,0,217,233,249,0,3,124,180
2665,2169,fd,1,128,80,2,4,4,2,608,0,2,0,0,0,1,0,4,192,250,128,0,64104,3800,3080,1,0,2,0,0,9,0,0,3,64,1,0,0,0,0,0,0,1,0,0,192,109,0,0,0,0,0,0,0,0,0,0,0,0,0,-1,0,0,0,0,-1,0,0,0,0,-1,0,0,0,0,-1,0,0,0,0,-1,0,0,0,0,-1,0,0,0,0,-1,0,0,0,0,-1,0,0,0,0,-1,0,0,0,0,-1,0,0,0,0,-1,0,0,0,0,-1,0,0,0,0,216,232,248,0,3,125,180
2666,2170,fd,1,130,80,2,4,4,2,640,0,2,0,0,0,1,0,4,192,248,128,0,64103,3800,3079,1,0,2,0,0,9,0,0,3,64,1,0,0,0,0,0,0,1,0,0,192,108,128,0,0,0,0,0,0,0,0,0,0,0,0,-1,0,0,0,0,-1,0,0,0,0,-1,0,0,0,0,-1,0,0,0,0,-1,0,0,0,0,-1,0,0,0,0,-1,0,0,0,0,-1,0,0,0,0,-1,0,0,0,0,-1,0,0,0,0,-1,0,0,0,0,-1,0,0,0,0,215,231,247,0,3,126,180
2667,2171,fd,1,132,80,2,4,4,2,672,0,2,0,0,0,1,0,4,192,246,128,0,64102,3800,3078,1,0,2,0,0,9,0,0,3,64,1,0,0,0,0,0,0,1,0,0,192,106,0,0,0,0,0,0,0,0,0,0,0,0,0,-1,0,0,0,0,-1,0,0,0,0,-1,0,0,0,0,-1,0,0,0,0,-1,0,0,0,0,-1,0,0,0,0,-1,0,0,0,0,-1,0,0,0,0,-1,0,0,0,0,-1,0,0,0,0,-1,0,0,0,0,-1,0,0,0,0,214,230,246,0,3,127,180
2668,2172,fd,1,134,80,2,4,4,2,704,0,2,0,0,0,1,0,4,192,244,128,0,64101,3800,3077,1,0,2,0,0,9,0,0,2,64,1,0,0,0,0,0,0,1,0,0,192,105,128,0,0,0,0,0,0,0,0,0,0,0,0,-1,0,0,0,0,-1,0,0,0,0,-1,0,0,0,0,-1,0,0,0,0,-1,0,0,0,0,-1,0,0,0,0,-1,0,0,0,0,-1,0,0,0,0,-1,0,0,0,0,-1,0,0,0,0,-1,0,0,0,0,-1,0,0,0,0,213,229,245,0,3,128,180
2669,2173,fd,1,136,80,2,4,4,2,736,0,2,0,0,0,1,0,4,192,242,128,0,64100,3800,3076,1,0,2,0,0,9,0,0,2,64,1,0,0,0,0,0,0,1,0,0,192,103,0,0,0,0,0,0,0,0,0,0,0,0,0,-1,0,0,0,0,-1,0,0,0,0,-1,0,0,0,0,-1,0,0,0,0,-1,0,0,0,0,-1,0,0,0,0,-1,0,0,0,0,-1,0,0,0,0,-1,0,0,0,0,-1,0,0,0,0,-1,0,0,0,0,-1,0,0,0,0,212,228,244,0,3,129,180
2670,2174,fd,1,139,80,2,4,4,2,768,0,2,0,0,0,0,0,0,0,0,0,0,64099,3800,3075,1,0,2,0,0,9,0,0,2,64,1,0,0,0,0,0,0,1,0,0,192,102,128,0,0,0,0,0,0,0,0,0,0,0,0,-1,0,0,0,0,-1,0,0,0,0,-1,0,0,0,0,-1,0,0,0,0,-1,0,0,0,0,-1,0,0,0,0,-1,0,0,0,0,-1,0,0,0,0,-1,0,0,0,0,-1,0,0,0,0,-1,0,0,0,0,-1,0,0,0,0,211,227,243,0,3,130,180
2671,2175,fd,1,142,80,2,4,4,2,800,0,2,0,0,0,0,0,0,0,0,0,0,64098,3800,3074,1,0,2,0,0,9,0,0,2,64,1,0,0,0,0,0,0,1,0,0,192,100,0,0,0,0,0,0,0,0,0,0,0,0,0,-1,0,0,0,0,-1,0,0,0,0,-1,0,0,0,0,-1,0,0,0,0,-1,0,0,0,0,-1,0,0,0,0,-1,0,0,0,0,-1,0,0,0,0,-1,0,0,0,0,-1,0,0,0,0,-1,0,0,0,0,-1,0,0,0,0,210,226,242,0,3,131,180
2672,2176,fd,1,145,80,2,4,4,2,832,0,2,0,0,0,0,0,0,0,0,0,0,64097,3800,3073,1,0,2,0,0,9,0,0,1,64,1,0,0,0,0,0,0,1,0,0,192,99,128,0,0,0,0,0,0,0,0,0,0,0,0,-1,0,0,0,0,-1,0,0,0,0,-1,0,0,0,0,-1,0,0,0,0,-1,0,0,0,0,-1,0,0,0,0,-1,0,0,0,0,-1,0,0,0,0,-1,0,0,0,0,-1,0,0,0,0,-1,0,0,0,0,-1,0,0,0,0,209,225,241,0,3,132,180
2673,2177,fd,1,148,80,2,4,4,2,864,0,2,0,0,0,0,0,0,0,0,0,0,64096,3800,3072,1,0,2,0,0,9,0,0,1,64,1,0,0,0,0,0,0,1,0,0,192,97,0,0,0,0,0,0,0,0,0,0,0,0,0,-1,0,0,0,0,-1,0,0,0,0,-1,0,0,0,0,-1,0,0,0,0,-1,0,0,0,0,-1,0,0,0,0,-1,0,0,0,0,-1,0,0,0,0,-1,0,0,0,0,-1,0,0,0,0,-1,0,0,0,0,-1,0,0,0,0,208,224,240,0,3,133,180
2674,2178,fd,1,151,80,2,4,4,2,896,0,2,0,0,0,0,0,0,0,0,0,0,64095,3800,3071,1,0,2,0,0,9,0,0,1,64,1,0,0,0,0,0,0,1,0,0,192,96,128,0,0,0,0,0,0,0,0,0,0,0,0,-1,0,0,0,0,-1,0,0,0,0,-1,0,0,0,0,-1,0,0,0,0,-1,0,0,0,0,-1,0,0,0,0,-1,0,0,0,0,-1,0,0,0,0,-1,0,0,0,0,-1,0,0,0,0,-1,0,0,0,0,-1,0,0,0,0,207,223,239,0,3,134,180
2675,2179,fd,1,154,80,2,4,4,2,928,0,2,0,0,0,0,0,0,0,0,0,0,64094,3800,3070,1,0,2,0,0,9,0,0,1,64,1,0,0,0,0,0,0,1,0,0,192,94,0,0,0,0,0,0,0,0,0,0,0,0,0,-1,0,0,0,0,-1,0,0,0,0,-1,0,0,0,0,-1,0,0,0,0,-1,0,0,0,0,-1,0,0,0,0,-1,0,0,0,0,-1,0,0,0,0,-1,0,0,0,0,-1,0,0,0,0,-1,0,0,0,0,-1,0,0,0,0,206,222,238,0,3,135,180
2676,2180,fd,1,157,80,2,4,4,2,960,0,2,0,0,0,0,0,0,0,0,0,0,64093,3800,3069,1,0,2,0,0,9,0,0,0,64,1,0,0,0,0,0,0,1,0,0,192,93,128,0,0,0,0,0,0,0,0,0,0,0,0,-1,0,0,0,0,-1,0,0,0,0,-1,0,0,0,0,-1,0,0,0,0,-1,0,0,0,0,-1,0,0,0,0,-1,0,0,0,0,-1,0,0,0,0,-1,0,0,0,0,-1,0,0,0,0,-1,0,0,0,0,-1,0,0,0,0,205,221,237,0,3,136,180
2677,2181,fd,1,160,80,2,4,4,2,992,0,2,0,0,0,0,0,0,0,0,0,0,64092,3800,3068,1,0,2,0,0,9,0,0,0,64,1,0,0,0,0,0,0,1,0,0,192,91,0,0,0,0,0,0,0,0,0,0,0,0,0,-1,0,0,0,0,-1,0,0,0,0,-1,0,0,0,0,-1,0,0,0,0,-1,0,0,0,0,-1,0,0,0,0,-1,0,0,0,0,-1,0,0,0,0,-1,0,0,0,0,-1,0,0,0,0,-1,0,0,0,0,-1,0,0,0,0,204,220,236,0,3,137,180
2678,2182,fd,1,164,80,0,4,4,2,1056,0,2,0,0,0,1,0,2,192,89,128,1,64091,3900,3067,1,0,2,0,0,10,0,0,16,64,1,0,0,0,0,0,0,0,0,0,0,0,0,0,0,0,0,0,0,0,0,0,0,0,0,-1,0,0,0,0,-1,0,0,0,0,-1,0,0,0,0,-1,0,0,0,0,-1,0,0,0,0,-1,0,0,0,0,-1,0,0,0,0,-1,0,0,0,0,-1,0,0,0,0,-1,0,0,0,0,-1,0,0,0,0,-1,0,0,0,0,203,219,235,0,3,138,180
2679,2183,fd,1,164,80,0,4,4,2,1056,0,2,0,0,0,1,0,2,192,88,128,1,64090,3900,3066,1,0,2,0,0,10,0,0,16,64,1,0,0,0,0,0,0,0,0,0,0,0,0,0,0,0,0,0,0,0,0,0,0,0,0,-1,0,0,0,0,-1,0,0,0,0,-1,0,0,0,0,-1,0,0,0,0,-1,0,0,0,0,-1,0,0,0,0,-1,0,0,0,0,-1,0,0,0,0,-1,0,0,0,0,-1,0,0,0,0,-1,0,0,0,0,-1,0,0,0,0,202,218,234,0,3,139,180
2680,2184,fd,1,164,80,0,4,4,2,1056,0,2,0,0,0,1,0,2,192,87,128,1,64089,3900,3065,1,0,2,0,0,10,0,0,15,64,1,0,0,0,0,0,0,0,0,0,0,0,0,0,0,0,0,0,0,0,0,0,0,0,0,-1,0,0,0,0,-1,0,0,0,0,-1,0,0,0,0,-1,0,0,0,0,-1,0,0,0,0,-1,0,0,0,0,-1,0,0,0,0,-1,0,0,0,0,-1,0,0,0,0,-1,0,0,0,0,-1,0,0,0,0,-1,0,0,0,0,201,217,233,0,3,140,180
2681,2185,fd,1,164,80,0,4,4,2,1056,0,2,0,0,0,1,0,2,192,86,128,1,64088,3900,3064,1,0,2,0,0,10,0,0,15,64,1,0,0,0,0,0,0,0,0,0,0,0,0,0,0,0,0,0,0,0,0,0,0,0,0,-1,0,0,0,0,-1,0,0,0,0,-1,0,0,0,0,-1,0,0,0,0,-1,0,0,0,0,-1,0,0,0,0,-1,0,0,0,0,-1,0,0,0,0,-1,0,0,0,0,-1,0,0,0,0,-1,0,0,0,0,-1,0,0,0,0,200,216,232,0,3,141,180
2682,2186,fd,1,164,80,0,4,4,2,1056,0,2,0,0,0,1,0,2,192,85,128,1,64087,3900,3063,1,0,2,0,0,10,0,0,15,64,1,0,0,0,0,0,0,0,0,0,0,0,0,0,0,0,0,0,0,0,0,0,0,0,0,-1,0,0,0,0,-1,0,0,0,0,-1,0,0,0,0,-1,0,0,0,0,-1,0,0,0,0,-1,0,0,0,0,-1,0,0,0,0,-1,0,0,0,0,-1,0,0,0,0,-1,0,0,0,0,-1,0,0,0,0,-1,0,0,0,0,199,215,231,0,3,142,180
2683,2187,fd,1,164,80,0,4,4,2,1056,0,2,0,0,0,1,0,2,192,84,128,1,64086,3900,3062,1,0,2,0,0,10,0,0,15,64,1,0,0,0,0,0,0,0,0,0,0,0,0,0,0,0,0,0,0,0,0,0,0,0,0,-1,0,0,0,0,-1,0,0,0,0,-1,0,0,0,0,-1,0,0,0,0,-1,0,0,0,0,-1,0,0,0,0,-1,0,0,0,0,-1,0,0,0,0,-1,0,0,0,0,-1,0,0,0,0,-1,0,0,0,0,-1,0,0,0,0,198,214,230,0,3,143,180
2684,2188,fd,1,164,80,0,4,4,2,1056,0,2,0,0,0,1,0,2,192,83,128,1,64085,3900,3061,1,0,2,0,0,10,0,0,14,64,1,0,0,0,0,0,0,0,0,0,0,0,0,0,0,0,0,0,0,0,0,0,0,0,0,-1,0,0,0,0,-1,0,0,0,0,-1,0,0,0,0,-1,0,0,0,0,-1,0,0,0,0,-1,0,0,0,0,-1,0,0,0,0,-1,0,0,0,0,-1,0,0,0,0,-1,0,0,0,0,-1,0,0,0,0,-1,0,0,0,0,197,213,229,0,3,144,180
2685,2189,fd,1,164,80,0,4,4,2,1056,0,2,0,0,0,1,0,2,192,82,128,1,64084,3900,3060,1,0,2,0,0,10,0,0,14,64,1,0,0,0,0,0,0,0,0,0,0,0,0,0,0,0,0,0,0,0,0,0,0,0,0,-1,0,0,0,0,-1,0,0,0,0,-1,0,0,0,0,-1,0,0,0,0,-1,0,0,0,0,-1,0,0,0,0,-1,0,0,0,0,-1,0,0,0,0,-1,0,0,0,0,-1,0,0,0,0,-1,0,0,0,0,-1,0,0,0,0,196,212,228,0,3,145,180
2686,2190,fd,1,164,80,0,4,4,2,1056,0,2,0,0,0,1,0,2,192,81,128,1,64083,3900,3059,1,0,2,0,0,10,0,0,14,64,1,0,0,0,0,0,0,0,0,0,0,0,0,0,0,0,0,0,0,0,0,0,0,0,0,-1,0,0,0,0,-1,0,0,0,0,-1,0,0,0,0,-1,0,0,0,0,-1,0,0,0,0,-1,0,0,0,0,-1,0,0,0,0,-1,0,0,0,0,-1,0,0,0,0,-1,0,0,0,0,-1,0,0,0,0,-1,0,0,0,0,195,211,227,0,3,146,180
2687,2191,fd,1,164,80,0,4,4,2,1056,0,2,0,0,0,1,0,2,192,80,128,0,64082,3900,3058,1,0,2,0,0,10,0,0,14,64,1,0,0,0,0,0,0,0,0,0,0,0,0,0,0,0,0,0,0,0,0,0,0,0,0,-1,0,0,0,0,-1,0,0,0,0,-1,0,0,0,0,-1,0,0,0,0,-1,0,0,0,0,-1,0,0,0,0,-1,0,0,0,0,-1,0,0,0,0,-1,0,0,0,0,-1,0,0,0,0,-1,0,0,0,0,-1,0,0,0,0,194,210,226,0,3,147,180
2688,2192,fd,1,164,80,0,4,4,2,1056,0,2,0,0,0,1,0,2,192,80,128,0,64081,3900,3057,1,0,2,0,0,10,0,0,13,64,1,0,0,0,0,0,0,0,0,0,0,0,0,0,0,0,0,0,0,0,0,0,0,0,0,-1,0,0,0,0,-1,0,0,0,0,-1,0,0,0,0,-1,0,0,0,0,-1,0,0,0,0,-1,0,0,0,0,-1,0,0,0,0,-1,0,0,0,0,-1,0,0,0,0,-1,0,0,0,0,-1,0,0,0,0,-1,0,0,0,0,193,209,225,0,3,148,180
2689,2193,fd,1,164,80,0,4,4,2,1056,0,2,0,0,0,1,0,2,192,80,128,0,64080,3900,3056,1,0,2,0,0,10,0,0,13,64,1,0,0,0,0,0,0,0,0,0,0,0,0,0,0,0,0,0,0,0,0,0,0,0,0,-1,0,0,0,0,-1,0,0,0,0,-1,0,0,0,0,-1,0,0,0,0,-1,0,0,0,0,-1,0,0,0,0,-1,0,0,0,0,-1,0,0,0,0,-1,0,0,0,0,-1,0,0,0,0,-1,0,0,0,0,-1,0,0,0,0,192,208,224,0,3,149,180
2690,2194,fd,1,164,80,0,4,4,2,1056,0,2,0,0,0,1,0,2,192,80,128,0,64079,3900,3055,1,0,2,0,0,10,0,0,13,64,1,0,0,0,0,0,0,0,0,0,0,0,0,0,0,0,0,0,0,0,0,0,0,0,0,-1,0,0,0,0,-1,0,0,0,0,-1,0,0,0,0,-1,0,0,0,0,-1,0,0,0,0,-1,0,0,0,0,-1,0,0,0,0,-1,0,0,0,0,-1,0,0,0,0,-1,0,0,0,0,-1,0,0,0,0,-1,0,0,0,0,191,207,223,0,3,150,180
2691,2195,fd,1,164,80,0,4,4,2,1056,0,2,0,0,0,1,0,2,192,80,128,0,64078,3900,3054,1,0,2,0,0,10,0,0,13,64,1,0,0,0,0,0,0,0,0,0,0,0,0,0,0,0,0,0,0,0,0,0,0,0,0,-1,0,0,0,0,-1,0,0,0,0,-1,0,0,0,0,-1,0,0,0,0,-1,0,0,0,0,-1,0,0,0,0,-1,0,0,0,0,-1,0,0,0,0,-1,0,0,0,0,-1,0,0,0,0,-1,0,0,0,0,-1,0,0,0,0,190,206,222,0,3,151,180
2692,2196,fd,1,164,80,0,4,4,2,1056,0,2,0,0,0,1,0,2,192,80,128,0,64077,3900,3053,1,0,2,0,0,10,0,0,12,64,1,0,0,0,0,0,0,0,0,0,0,0,0,0,0,0,0,0,0,0,0,0,0,0,0,-1,0,0,0,0,-1,0,0,0,0,-1,0,0,0,0,-1,0,0,0,0,-1,0,0,0,0,-1,0,0,0,0,-1,0,0,0,0,-1,0,0,0,0,-1,0,0,0,0,-1,0,0,0,0,-1,0,0,0,0,-1,0,0,0,0,189,205,221,0,3,152,180
2693,2197,fd,1,164,80,0,4,4,2,1056,0,2,0,0,0,1,0,2,192,80,128,0,64076,3900,3052,1,0,2,0,0,10,0,0,12,64,1,0,0,0,0,0,0,0,0,0,0,0,0,0,0,0,0,0,0,0,0,0,0,0,0,-1,0,0,0,0,-1,0,0,0,0,-1,0,0,0,0,-1,0,0,0,0,-1,0,0,0,0,-1,0,0,0,0,-1,0,0,0,0,-1,0,0,0,0,-1,0,0,0,0,-1,0,0,0,0,-1,0,0,0,0,-1,0,0,0,0,188,204,220,0,3,153,180
2694,2198,fd,1,164,80,0,4,4,2,1056,0,2,0,0,0,1,0,2,192,80,128,0,64075,3900,3051,1,0,2,0,0,10,0,0,12,64,1,0,0,0,0,0,0,0,0,0,0,0,0,0,0,0,0,0,0,0,0,0,0,0,0,-1,0,0,0,0,-1,0,0,0,0,-1,0,0,0,0,-1,0,0,0,0,-1,0,0,0,0,-1,0,0,0,0,-1,0,0,0,0,-1,0,0,0,0,-1,0,0,0,0,-1,0,0,0,0,-1,0,0,0,0,-1,0,0,0,0,187,203,219,0,3,154,180
2695,2199,fd,1,164,80,0,4,4,2,1056,0,2,0,0,0,1,0,2,192,80,128,0,64074,3900,3050,1,0,2,0,0,10,0,0,12,64,1,0,0,0,0,0,0,0,0,0,0,0,0,0,0,0,0,0,0,0,0,0,0,0,0,-1,0,0,0,0,-1,0,0,0,0,-1,0,0,0,0,-1,0,0,0,0,-1,0,0,0,0,-1,0,0,0,0,-1,0,0,0,0,-1,0,0,0,0,-1,0,0,0,0,-1,0,0,0,0,-1,0,0,0,0,-1,0,0,0,0,186,202,218,0,3,155,180
2696,2200,fd,1,164,80,0,4,4,2,1056,0,2,0,0,0,1,0,2,192,80,128,0,64073,3900,3049,1,0,2,0,0,10,0,0,11,64,1,0,0,0,0,0,0,0,0,0,0,0,0,0,0,0,0,0,0,0,0,0,0,0,0,-1,0,0,0,0,-1,0,0,0,0,-1,0,0,0,0,-1,0,0,0,0,-1,0,0,0,0,-1,0,0,0,0,-1,0,0,0,0,-1,0,0,0,0,-1,0,0,0,0,-1,0,0,0,0,-1,0,0,0,0,-1,0,0,0,0,185,201,217,0,3,156,180
2697,2201,fd,1,164,80,0,4,4,2,1056,0,2,0,0,0,1,0,2,192,80,128,0,64072,3900,3048,1,0,2,0,0,10,0,0,11,64,1,0,0,0,0,0,0,0,0,0,0,0,0,0,0,0,0,0,0,0,0,0,0,0,0,-1,0,0,0,0,-1,0,0,0,0,-1,0,0,0,0,-1,0,0,0,0,-1,0,0,0,0,-1,0,0,0,0,-1,0,0,0,0,-1,0,0,0,0,-1,0,0,0,0,-1,0,0,0,0,-1,0,0,0,0,-1,0,0,0,0,184,200,216,0,3,157,180
2698,2202,fd,1,164,80,0,4,4,2,1056,0,2,0,0,0,1,0,2,192,80,128,0,64071,3900,3047,1,0,2,0,0,10,0,0,11,64,1,0,0,0,0,0,0,0,0,0,0,0,0,0,0,0,0,0,0,0,0,0,0,0,0,-1,0,0,0,0,-1,0,0,0,0,-1,0,0,0,0,-1,0,0,0,0,-1,0,0,0,0,-1,0,0,0,0,-1,0,0,0,0,-1,0,0,0,0,-1,0,0,0,0,-1,0,0,0,0,-1,0,0,0,0,-1,0,0,0,0,183,199,215,0,3,158,180
2699,2203,fd,1,164,80,0,4,4,2,1056,0,2,0,0,0,1,0,2,192,80,128,0,64070,3900,3046,1,0,2,0,0,10,0,0,11,64,1,0,0,0,0,0,0,0,0,0,0,0,0,0,0,0,0,0,0,0,0,0,0,0,0,-1,0,0,0,0,-1,0,0,0,0,-1,0,0,0,0,-1,0,0,0,0,-1,0,0,0,0,-1,0,0,0,0,-1,0,0,0,0,-1,0,0,0,0,-1,0,0,0,0,-1,0,0,0,0,-1,0,0,0,0,-1,0,0,0,0,182,198,214,0,3,159,180
2700,2204,fd,1,164,80,0,4,4,2,1056,0,2,0,0,0,1,0,2,192,80,128,0,64069,3900,3045,1,0,2,0,0,10,0,0,10,64,1,0,0,0,0,0,0,0,0,0,0,0,0,0,0,0,0,0,0,0,0,0,0,0,0,-1,0,0,0,0,-1,0,0,0,0,-1,0,0,0,0,-1,0,0,0,0,-1,0,0,0,0,-1,0,0,0,0,-1,0,0,0,0,-1,0,0,0,0,-1,0,0,0,0,-1,0,0,0,0,-1,0,0,0,0,-1,0,0,0,0,181,197,213,0,3,160,180
2701,2205,fd,1,164,80,0,4,4,2,1056,0,2,0,0,0,1,0,2,192,80,128,0,64068,3900,3044,1,0,2,0,0,10,0,0,10,64,1,0,0,0,0,0,0,0,0,0,0,0,0,0,0,0,0,0,0,0,0,0,0,0,0,-1,0,0,0,0,-1,0,0,0,0,-1,0,0,0,0,-1,0,0,0,0,-1,0,0,0,0,-1,0,0,0,0,-1,0,0,0,0,-1,0,0,0,0,-1,0,0,0,0,-1,0,0,0,0,-1,0,0,0,0,-1,0,0,0,0,180,196,212,0,3,161,180
2702,2206,fd,1,164,80,0,4,4,2,1056,0,2,0,0,0,1,0,2,192,80,128,0,64067,3900,3043,1,0,2,0,0,10,0,0,10,64,1,0,0,0,0,0,0,0,0,0,0,0,0,0,0,0,0,0,0,0,0,0,0,0,0,-1,0,0,0,0,-1,0,0,0,0,-1,0,0,0,0,-1,0,0,0,0,-1,0,0,0,0,-1,0,0,0,0,-1,0,0,0,0,-1,0,0,0,0,-1,0,0,0,0,-1,0,0,0,0,-1,0,0,0,0,-1,0,0,0,0,179,195,211,0,3,162,180
2703,2207,fd,1,164,80,0,4,4,2,1056,0,2,0,0,0,1,0,2,192,80,128,0,64066,3900,3042,1,0,2,0,0,10,0,0,10,64,1,0,0,0,0,0,0,0,0,0,0,0,0,0,0,0,0,0,0,0,0,0,0,0,0,-1,0,0,0,0,-1,0,0,0,0,-1,0,0,0,0,-1,0,0,0,0,-1,0,0,0,0,-1,0,0,0,0,-1,0,0,0,0,-1,0,0,0,0,-1,0,0,0,0,-1,0,0,0,0,-1,0,0,0,0,-1,0,0,0,0,178,194,210,0,3,163,180
2704,2208,fd,1,164,80,0,4,4,2,1056,0,2,0,0,0,1,0,2,192,80,128,0,64065,3900,3041,1,0,2,0,0,10,0,0,9,64,1,0,0,0,0,0,0,0,0,0,0,0,0,0,0,0,0,0,0,0,0,0,0,0,0,-1,0,0,0,0,-1,0,0,0,0,-1,0,0,0,0,-1,0,0,0,0,-1,0,0,0,0,-1,0,0,0,0,-1,0,0,0,0,-1,0,0,0,0,-1,0,0,0,0,-1,0,0,0,0,-1,0,0,0,0,-1,0,0,0,0,177,193,209,0,3,164,180
2705,2209,fd,1,164,80,0,4,4,2,1056,0,2,0,0,0,1,0,2,192,80,128,0,64064,3900,3040,1,0,2,0,0,10,0,0,9,64,1,0,0,0,0,0,0,0,0,0,0,0,0,0,0,0,0,0,0,0,0,0,0,0,0,-1,0,0,0,0,-1,0,0,0,0,-1,0,0,0,0,-1,0,0,0,0,-1,0,0,0,0,-1,0,0,0,0,-1,0,0,0,0,-1,0,0,0,0,-1,0,0,0,0,-1,0,0,0,0,-1,0,0,0,0,-1,0,0,0,0,176,192,208,0,3,165,180
2706,2210,fd,1,164,80,0,4,4,2,1056,0,2,0,0,0,1,0,2,192,80,128,0,64063,3900,3039,1,0,2,0,0,10,0,0,9,64,1,0,0,0,0,0,0,0,0,0,0,0,0,0,0,0,0,0,0,0,0,0,0,0,0,-1,0,0,0,0,-1,0,0,0,0,-1,0,0,0,0,-1,0,0,0,0,-1,0,0,0,0,-1,0,0,0,0,-1,0,0,0,0,-1,0,0,0,0,-1,0,0,0,0,-1,0,0,0,0,-1,0,0,0,0,-1,0,0,0,0,175,191,207,0,3,166,180
2707,2211,fd,1,164,80,0,4,4,2,1056,0,2,0,0,0,1,0,2,192,80,128,0,64062,3900,3038,1,0,2,0,0,10,0,0,9,64,1,0,0,0,0,0,0,0,0,0,0,0,0,0,0,0,0,0,0,0,0,0,0,0,0,-1,0,0,0,0,-1,0,0,0,0,-1,0,0,0,0,-1,0,0,0,0,-1,0,0,0,0,-1,0,0,0,0,-1,0,0,0,0,-1,0,0,0,0,-1,0,0,0,0,-1,0,0,0,0,-1,0,0,0,0,-1,0,0,0,0,174,190,206,0,3,167,180
2708,2212,fd,1,164,80,0,4,4,2,1056,0,2,0,0,0,1,0,2,192,80,128,0,64061,3900,3037,1,0,2,0,0,10,0,0,8,64,1,0,0,0,0,0,0,0,0,0,0,0,0,0,0,0,0,0,0,0,0,0,0,0,0,-1,0,0,0,0,-1,0,0,0,0,-1,0,0,0,0,-1,0,0,0,0,-1,0,0,0,0,-1,0,0,0,0,-1,0,0,0,0,-1,0,0,0,0,-1,0,0,0,0,-1,0,0,0,0,-1,0,0,0,0,-1,0,0,0,0,173,189,205,0,3,168,180
2709,2213,fd,1,164,80,0,4,4,2,1056,0,2,0,0,0,1,0,2,192,80,128,0,64060,3900,3036,1,0,2,0,0,10,0,0,8,64,1,0,0,0,0,0,0,0,0,0,0,0,0,0,0,0,0,0,0,0,0,0,0,0,0,-1,0,0,0,0,-1,0,0,0,0,-1,0,0,0,0,-1,0,0,0,0,-1,0,0,0,0,-1,0,0,0,0,-1,0,0,0,0,-1,0,0,0,0,-1,0,0,0,0,-1,0,0,0,0,-1,0,0,0,0,-1,0,0,0,0,172,188,204,0,3,169,180
2710,2214,fd,1,164,80,0,4,4,2,1056,0,2,0,0,0,1,0,2,192,80,128,0,64059,3900,3035,1,0,2,0,0,10,0,0,8,64,1,0,0,0,0,0,0,0,0,0,0,0,0,0,0,0,0,0,0,0,0,0,0,0,0,-1,0,0,0,0,-1,0,0,0,0,-1,0,0,0,0,-1,0,0,0,0,-1,0,0,0,0,-1,0,0,0,0,-1,0,0,0,0,-1,0,0,0,0,-1,0,0,0,0,-1,0,0,0,0,-1,0,0,0,0,-1,0,0,0,0,171,187,203,0,3,170,180
2711,2215,fd,1,164,80,0,4,4,2,1056,0,2,0,0,0,1,0,2,192,80,128,0,64058,3900,3034,1,0,2,0,0,10,0,0,8,64,1,0,0,0,0,0,0,0,0,0,0,0,0,0,0,0,0,0,0,0,0,0,0,0,0,-1,0,0,0,0,-1,0,0,0,0,-1,0,0,0,0,-1,0,0,0,0,-1,0,0,0,0,-1,0,0,0,0,-1,0,0,0,0,-1,0,0,0,0,-1,0,0,0,0,-1,0,0,0,0,-1,0,0,0,0,-1,0,0,0,0,170,186,202,0,3,171,180
2712,2216,fd,1,164,80,0,4,4,2,1056,0,2,0,0,0,1,0,2,192,80,128,0,64057,3900,3033,1,0,2,0,0,10,0,0,7,64,1,0,0,0,0,0,0,0,0,0,0,0,0,0,0,0,0,0,0,0,0,0,0,0,0,-1,0,0,0,0,-1,0,0,0,0,-1,0,0,0,0,-1,0,0,0,0,-1,0,0,0,0,-1,0,0,0,0,-1,0,0,0,0,-1,0,0,0,0,-1,0,0,0,0,-1,0,0,0,0,-1,0,0,0,0,-1,0,0,0,0,169,185,201,0,3,172,180
2713,2217,fd,1,164,80,0,4,4,2,1056,0,2,0,0,0,1,0,2,192,80,128,0,64056,3900,3032,1,0,2,0,0,10,0,0,7,64,1,0,0,0,0,0,0,0,0,0,0,0,0,0,0,0,0,0,0,0,0,0,0,0,0,-1,0,0,0,0,-1,0,0,0,0,-1,0,0,0,0,-1,0,0,0,0,-1,0,0,0,0,-1,0,0,0,0,-1,0,0,0,0,-1,0,0,0,0,-1,0,0,0,0,-1,0,0,0,0,-1,0,0,0,0,-1,0,0,0,0,168,184,200,0,3,173,180
2714,2218,fd,1,164,80,0,4,4,2,1056,0,2,0,0,0,1,0,2,192,80,128,0,64055,3900,3031,1,0,2,0,0,10,0,0,7,64,1,0,0,0,0,0,0,0,0,0,0,0,0,0,0,0,0,0,0,0,0,0,0,0,0,-1,0,0,0,0,-1,0,0,0,0,-1,0,0,0,0,-1,0,0,0,0,-1,0,0,0,0,-1,0,0,0,0,-1,0,0,0,0,-1,0,0,0,0,-1,0,0,0,0,-1,0,0,0,0,-1,0,0,0,0,-1,0,0,0,0,167,183,199,0,3,174,180
2715,2219,fd,1,164,80,0,4,4,2,1056,0,2,0,0,0,1,0,2,192,80,128,0,64054,3900,3030,1,0,2,0,0,10,0,0,7,64,1,0,0,0,0,0,0,0,0,0,0,0,0,0,0,0,0,0,0,0,0,0,0,0,0,-1,0,0,0,0,-1,0,0,0,0,-1,0,0,0,0,-1,0,0,0,0,-1,0,0,0,0,-1,0,0,0,0,-1,0,0,0,0,-1,0,0,0,0,-1,0,0,0,0,-1,0,0,0,0,-1,0,0,0,0,-1,0,0,0,0,166,182,198,0,3,175,180
2716,2220,fd,1,164,80,0,4,4,2,1056,0,2,0,0,0,1,0,2,192,80,128,0,64053,3900,3029,1,0,2,0,0,10,0,0,6,64,1,0,0,0,0,0,0,0,0,0,0,0,0,0,0,0,0,0,0,0,0,0,0,0,0,-1,0,0,0,0,-1,0,0,0,0,-1,0,0,0,0,-1,0,0,0,0,-1,0,0,0,0,-1,0,0,0,0,-1,0,0,0,0,-1,0,0,0,0,-1,0,0,0,0,-1,0,0,0,0,-1,0,0,0,0,-1,0,0,0,0,165,181,197,0,3,176,180
2717,2221,fd,1,164,80,0,4,4,2,1056,0,2,0,0,0,1,0,2,192,80,128,0,64052,3900,3028,1,0,2,0,0,10,0,0,6,64,1,0,0,0,0,0,0,0,0,0,0,0,0,0,0,0,0,0,0,0,0,0,0,0,0,-1,0,0,0,0,-1,0,0,0,0,-1,0,0,0,0,-1,0,0,0,0,-1,0,0,0,0,-1,0,0,0,0,-1,0,0,0,0,-1,0,0,0,0,-1,0,0,0,0,-1,0,0,0,0,-1,0,0,0,0,-1,0,0,0,0,164,180,196,0,3,177,180
2718,2222,fd,1,164,80,0,4,4,2,1056,0,2,0,0,0,1,0,2,192,80,128,0,64051,3900,3027,1,0,2,0,0,10,0,0,6,64,1,0,0,0,0,0,0,0,0,0,0,0,0,0,0,0,0,0,0,0,0,0,0,0,0,-1,0,0,0,0,-1,0,0,0,0,-1,0,0,0,0,-1,0,0,0,0,-1,0,0,0,0,-1,0,0,0,0,-1,0,0,0,0,-1,0,0,0,0,-1,0,0,0,0,-1,0,0,0,0,-1,0,0,0,0,-1,0,0,0,0,163,179,195,0,3,178,180
2719,2223,fd,1,164,80,0,4,4,2,1056,0,2,0,0,0,1,0,2,192,80,128,0,64050,3900,3026,1,0,2,0,0,10,0,0,6,64,1,0,0,0,0,0,0,0,0,0,0,0,0,0,0,0,0,0,0,0,0,0,0,0,0,-1,0,0,0,0,-1,0,0,0,0,-1,0,0,0,0,-1,0,0,0,0,-1,0,0,0,0,-1,0,0,0,0,-1,0,0,0,0,-1,0,0,0,0,-1,0,0,0,0,-1,0,0,0,0,-1,0,0,0,0,-1,0,0,0,0,162,178,194,0,3,179,180
2720,2224,fd,1,164,80,0,4,4,2,1056,0,2,0,0,0,1,0,2,192,80,128,0,64049,3900,3025,1,0,2,0,0,10,0,0,5,64,1,0,0,0,0,0,0,0,0,0,0,0,0,0,0,0,0,0,0,0,0,0,0,0,0,-1,0,0,0,0,-1,0,0,0,0,-1,0,0,0,0,-1,0,0,0,0,-1,0,0,0,0,-1,0,0,0,0,-1,0,0,0,0,-1,0,0,0,0,-1,0,0,0,0,-1,0,0,0,0,-1,0,0,0,0,-1,0,0,0,0,161,177,193,0,3,180,180
2721,2225,fd,1,164,80,0,4,4,2,1056,0,2,0,0,0,1,0,2,192,80,128,0,64048,3900,3024,1,0,2,0,0,10,0,0,5,64,1,0,0,0,0,0,0,0,0,0,0,0,0,0,0,0,0,0,0,0,0,0,0,0,0,-1,0,0,0,0,-1,0,0,0,0,-1,0,0,0,0,-1,0,0,0,0,-1,0,0,0,0,-1,0,0,0,0,-1,0,0,0,0,-1,0,0,0,0,-1,0,0,0,0,-1,0,0,0,0,-1,0,0,0,0,-1,0,0,0,0,160,176,192,0,3,181,180
2722,2226,fd,1,164,80,0,4,4,2,1056,0,2,0,0,0,1,0,2,192,80,128,0,64047,3900,3023,1,0,2,0,0,10,0,0,5,64,1,0,0,0,0,0,0,0,0,0,0,0,0,0,0,0,0,0,0,0,0,0,0,0,0,-1,0,0,0,0,-1,0,0,0,0,-1,0,0,0,0,-1,0,0,0,0,-1,0,0,0,0,-1,0,0,0,0,-1,0,0,0,0,-1,0,0,0,0,-1,0,0,0,0,-1,0,0,0,0,-1,0,0,0,0,-1,0,0,0,0,159,175,191,0,3,182,180
2723,2227,fd,1,164,80,0,4,4,2,1056,0,2,0,0,0,1,0,2,192,80,128,0,64046,3900,3022,1,0,2,0,0,10,0,0,5,64,1,0,0,0,0,0,0,0,0,0,0,0,0,0,0,0,0,0,0,0,0,0,0,0,0,-1,0,0,0,0,-1,0,0,0,0,-1,0,0,0,0,-1,0,0,0,0,-1,0,0,0,0,-1,0,0,0,0,-1,0,0,0,0,-1,0,0,0,0,-1,0,0,0,0,-1,0,0,0,0,-1,0,0,0,0,-1,0,0,0,0,158,174,190,0,3,183,180
2724,2228,fd,1,164,80,0,4,4,2,1056,0,2,0,0,0,1,0,2,192,80,128,0,64045,3900,3021,1,0,2,0,0,10,0,0,4,64,1,0,0,0,0,0,0,0,0,0,0,0,0,0,0,0,0,0,0,0,0,0,0,0,0,-1,0,0,0,0,-1,0,0,0,0,-1,0,0,0,0,-1,0,0,0,0,-1,0,0,0,0,-1,0,0,0,0,-1,0,0,0,0,-1,0,0,0,0,-1,0,0,0,0,-1,0,0,0,0,-1,0,0,0,0,-1,0,0,0,0,157,173,189,0,3,184,180
2725,2229,fd,1,164,80,0,4,4,2,1056,0,2,0,0,0,1,0,2,192,80,128,0,64044,3900,3020,1,0,2,0,0,10,0,0,4,64,1,0,0,0,0,0,0,0,0,0,0,0,0,0,0,0,0,0,0,0,0,0,0,0,0,-1,0,0,0,0,-1,0,0,0,0,-1,0,0,0,0,-1,0,0,0,0,-1,0,0,0,0,-1,0,0,0,0,-1,0,0,0,0,-1,0,0,0,0,-1,0,0,0,0,-1,0,0,0,0,-1,0,0,0,0,-1,0,0,0,0,156,172,188,0,3,185,180
2726,2230,fd,1,164,80,0,4,4,2,1056,0,2,0,0,0,1,0,2,192,80,128,0,64043,3900,3019,1,0,2,0,0,10,0,0,4,64,1,0,0,0,0,0,0,0,0,0,0,0,0,0,0,0,0,0,0,0,0,0,0,0,0,-1,0,0,0,0,-1,0,0,0,0,-1,0,0,0,0,-1,0,0,0,0,-1,0,0,0,0,-1,0,0,0,0,-1,0,0,0,0,-1,0,0,0,0,-1,0,0,0,0,-1,0,0,0,0,-1,0,0,0,0,-1,0,0,0,0,155,171,187,0,3,186,180
2727,2231,fd,1,164,80,0,4,4,2,1056,0,2,0,0,0,1,0,2,192,80,128,0,64042,3900,3018,1,0,2,0,0,10,0,0,4,64,1,0,0,0,0,0,0,0,0,0,0,0,0,0,0,0,0,0,0,0,0,0,0,0,0,-1,0,0,0,0,-1,0,0,0,0,-1,0,0,0,0,-1,0,0,0,0,-1,0,0,0,0,-1,0,0,0,0,-1,0,0,0,0,-1,0,0,0,0,-1,0,0,0,0,-1,0,0,0,0,-1,0,0,0,0,-1,0,0,0,0,154,170,186,0,3,187,180
2728,2232,fd,1,164,80,0,4,4,2,1056,0,2,0,0,0,1,0,2,192,80,128,0,64041,3900,3017,1,0,2,0,0,10,0,0,3,64,1,0,0,0,0,0,0,0,0,0,0,0,0,0,0,0,0,0,0,0,0,0,0,0,0,-1,0,0,0,0,-1,0,0,0,0,-1,0,0,0,0,-1,0,0,0,0,-1,0,0,0,0,-1,0,0,0,0,-1,0,0,0,0,-1,0,0,0,0,-1,0,0,0,0,-1,0,0,0,0,-1,0,0,0,0,-1,0,0,0,0,153,169,185,0,3,188,180
2729,2233,fd,1,164,80,0,4,4,2,1056,0,2,0,0,0,1,0,2,192,80,128,0,64040,3900,3016,1,0,2,0,0,10,0,0,3,64,1,0,0,0,0,0,0,0,0,0,0,0,0,0,0,0,0,0,0,0,0,0,0,0,0,-1,0,0,0,0,-1,0,0,0,0,-1,0,0,0,0,-1,0,0,0,0,-1,0,0,0,0,-1,0,0,0,0,-1,0,0,0,0,-1,0,0,0,0,-1,0,0,0,0,-1,0,0,0,0,-1,0,0,0,0,-1,0,0,0,0,152,168,184,0,3,189,180
2730,2234,fd,1,164,80,0,4,4,2,1056,0,2,0,0,0,1,0,2,192,80,128,0,64039,3900,3015,1,0,2,0,0,10,0,0,3,64,1,0,0,0,0,0,0,0,0,0,0,0,0,0,0,0,0,0,0,0,0,0,0,0,0,-1,0,0,0,0,-1,0,0,0,0,-1,0,0,0,0,-1,0,0,0,0,-1,0,0,0,0,-1,0,0,0,0,-1,0,0,0,0,-1,0,0,0,0,-1,0,0,0,0,-1,0,0,0,0,-1,0,0,0,0,-1,0,0,0,0,151,167,183,0,3,190,180
2731,2235,fd,1,164,80,0,4,4,2,1056,0,2,0,0,0,1,0,2,192,80,128,0,64038,3900,3014,1,0,2,0,0,10,0,0,3,64,1,0,0,0,0,0,0,0,0,0,0,0,0,0,0,0,0,0,0,0,0,0,0,0,0,-1,0,0,0,0,-1,0,0,0,0,-1,0,0,0,0,-1,0,0,0,0,-1,0,0,0,0,-1,0,0,0,0,-1,0,0,0,0,-1,0,0,0,0,-1,0,0,0,0,-1,0,0,0,0,-1,0,0,0,0,-1,0,0,0,0,150,166,182,0,3,191,180
2732,2236,fd,1,164,80,0,4,4,2,1056,0,2,0,0,0,1,0,2,192,80,128,0,64037,3900,3013,1,0,2,0,0,10,0,0,2,64,1,0,0,0,0,0,0,0,0,0,0,0,0,0,0,0,0,0,0,0,0,0,0,0,0,-1,0,0,0,0,-1,0,0,0,0,-1,0,0,0,0,-1,0,0,0,0,-1,0,0,0,0,-1,0,0,0,0,-1,0,0,0,0,-1,0,0,0,0,-1,0,0,0,0,-1,0,0,0,0,-1,0,0,0,0,-1,0,0,0,0,149,165,181,0,3,192,180
2733,2237,fd,1,164,80,0,4,4,2,1056,0,2,0,0,0,1,0,2,192,80,128,0,64036,3900,3012,1,0,2,0,0,10,0,0,2,64,1,0,0,0,0,0,0,0,0,0,0,0,0,0,0,0,0,0,0,0,0,0,0,0,0,-1,0,0,0,0,-1,0,0,0,0,-1,0,0,0,0,-1,0,0,0,0,-1,0,0,0,0,-1,0,0,0,0,-1,0,0,0,0,-1,0,0,0,0,-1,0,0,0,0,-1,0,0,0,0,-1,0,0,0,0,-1,0,0,0,0,148,164,180,0,3,193,180
2734,2238,fd,1,164,80,0,4,4,2,1056,0,2,0,0,0,1,0,2,192,80,128,0,64035,3900,3011,1,0,2,0,0,10,0,0,2,64,1,0,0,0,0,0,0,0,0,0,0,0,0,0,0,0,0,0,0,0,0,0,0,0,0,-1,0,0,0,0,-1,0,0,0,0,-1,0,0,0,0,-1,0,0,0,0,-1,0,0,0,0,-1,0,0,0,0,-1,0,0,0,0,-1,0,0,0,0,-1,0,0,0,0,-1,0,0,0,0,-1,0,0,0,0,-1,0,0,0,0,147,163,179,0,3,194,180
2735,2239,fd,1,164,80,0,4,4,2,1056,0,2,0,0,0,1,0,2,192,80,128,0,64034,3900,3010,1,0,2,0,0,10,0,0,2,64,1,0,0,0,0,0,0,0,0,0,0,0,0,0,0,0,0,0,0,0,0,0,0,0,0,-1,0,0,0,0,-1,0,0,0,0,-1,0,0,0,0,-1,0,0,0,0,-1,0,0,0,0,-1,0,0,0,0,-1,0,0,0,0,-1,0,0,0,0,-1,0,0,0,0,-1,0,0,0,0,-1,0,0,0,0,-1,0,0,0,0,146,162,178,0,3,195,180
2736,2240,fd,1,164,80,0,4,4,2,1056,0,2,0,0,0,1,0,2,192,80,128,0,64033,3900,3009,1,0,2,0,0,10,0,0,1,64,1,0,0,0,0,0,0,0,0,0,0,0,0,0,0,0,0,0,0,0,0,0,0,0,0,-1,0,0,0,0,-1,0,0,0,0,-1,0,0,0,0,-1,0,0,0,0,-1,0,0,0,0,-1,0,0,0,0,-1,0,0,0,0,-1,0,0,0,0,-1,0,0,0,0,-1,0,0,0,0,-1,0,0,0,0,-1,0,0,0,0,145,161,177,0,3,196,180
2737,2241,fd,1,164,80,0,4,4,2,1056,0,2,0,0,0,1,0,2,192,80,128,0,64032,3900,3008,1,0,2,0,0,10,0,0,1,64,1,0,0,0,0,0,0,0,0,0,0,0,0,0,0,0,0,0,0,0,0,0,0,0,0,-1,0,0,0,0,-1,0,0,0,0,-1,0,0,0,0,-1,0,0,0,0,-1,0,0,0,0,-1,0,0,0,0,-1,0,0,0,0,-1,0,0,0,0,-1,0,0,0,0,-1,0,0,0,0,-1,0,0,0,0,-1,0,0,0,0,144,160,176,0,3,197,180
2738,2242,fd,1,164,80,0,4,4,2,1056,0,2,0,0,0,1,0,2,192,80,128,0,64031,3900,3007,1,0,2,0,0,10,0,0,1,64,1,1,0,0,192,240,128,0,0,0,0,0,0,0,0,0,0,0,0,0,0,0,0,0,0,-1,0,0,0,0,-1,0,0,0,0,-1,0,0,0,0,-1,0,0,0,0,-1,0,0,0,0,-1,0,0,0,0,-1,0,0,0,0,-1,0,0,0,0,-1,0,0,0,0,-1,0,0,0,0,-1,0,0,0,0,-1,0,0,0,0,143,159,175,0,3,198,180
2739,2243,fd,1,164,80,0,4,4,2,1056,0,2,0,0,0,1,0,2,192,80,128,0,64030,3900,3006,1,0,2,0,0,10,0,0,1,64,1,1,0,0,192,238,0,0,0,0,0,0,0,0,0,0,0,0,0,0,0,0,0,0,0,-1,0,0,0,0,-1,0,0,0,0,-1,0,0,0,0,-1,0,0,0,0,-1,0,0,0,0,-1,0,0,0,0,-1,0,0,0,0,-1,0,0,0,0,-1,0,0,0,0,-1,0,0,0,0,-1,0,0,0,0,-1,0,0,0,0,142,158,174,0,3,199,180
2740,2244,fd,1,164,80,0,4,4,2,1056,0,2,0,0,0,1,0,2,192,80,128,0,64029,3900,3005,1,0,2,0,0,10,0,0,0,64,1,1,0,0,192,237,128,0,0,0,0,0,0,0,0,0,0,0,0,0,0,0,0,0,0,-1,0,0,0,0,-1,0,0,0,0,-1,0,0,0,0,-1,0,0,0,0,-1,0,0,0,0,-1,0,0,0,0,-1,0,0,0,0,-1,0,0,0,0,-1,0,0,0,0,-1,0,0,0,0,-1,0,0,0,0,-1,0,0,0,0,141,157,173,0,3,200,180
2741,2245,fd,1,164,80,0,4,4,2,1056,0,2,0,0,0,1,0,2,192,80,128,0,64028,3900,3004,1,0,2,0,0,10,0,0,0,64,1,1,0,0,192,235,0,0,0,0,0,0,0,0,0,0,0,0,0,0,0,0,0,0,0,-1,0,0,0,0,-1,0,0,0,0,-1,0,0,0,0,-1,0,0,0,0,-1,0,0,0,0,-1,0,0,0,0,-1,0,0,0,0,-1,0,0,0,0,-1,0,0,0,0,-1,0,0,0,0,-1,0,0,0,0,-1,0,0,0,0,140,156,172,0,3,201,180
2742,2246,fd,1,164,80,0,4,4,2,1056,0,2,0,0,0,1,0,2,192,80,128,0,64027,3900,3003,1,0,2,0,0,10,0,0,0,64,1,1,0,0,192,234,128,0,0,0,0,0,0,0,0,0,0,0,0,0,0,0,0,0,0,-1,0,0,0,0,-1,0,0,0,0,-1,0,0,0,0,-1,0,0,0,0,-1,0,0,0,0,-1,0,0,0,0,-1,0,0,0,0,-1,0,0,0,0,-1,0,0,0,0,-1,0,0,0,0,-1,0,0,0,0,-1,0,0,0,0,139,155,171,0,3,202,180
2743,2247,fd,1,164,80,0,4,4,2,1056,0,2,0,0,0,1,0,2,192,80,128,0,64026,3900,3002,1,0,2,0,0,10,0,0,0,64,1,1,0,0,192,232,0,0,0,0,0,0,0,0,0,0,0,0,0,0,0,0,0,0,0,-1,0,0,0,0,-1,0,0,0,0,-1,0,0,0,0,-1,0,0,0,0,-1,0,0,0,0,-1,0,0,0,0,-1,0,0,0,0,-1,0,0,0,0,-1,0,0,0,0,-1,0,0,0,0,-1,0,0,0,0,-1,0,0,0,0,138,154,170,0,3,203,180
2744,2248,fd,1,164,80,0,4,4,2,1056,0,2,0,0,0,1,0,2,192,80,128,0,64025,3900,3001,1,0,2,0,0,10,0,0,0,64,1,1,0,0,192,231,128,0,0,0,0,0,0,0,0,0,0,0,0,0,0,0,0,0,0,-1,0,0,0,0,-1,0,0,0,0,-1,0,0,0,0,-1,0,0,0,0,-1,0,0,0,0,-1,0,0,0,0,-1,0,0,0,0,-1,0,0,0,0,-1,0,0,0,0,-1,0,0,0,0,-1,0,0,0,0,-1,0,0,0,0,137,153,169,0,3,204,180
2745,2249,fd,1,164,80,0,4,4,2,1056,0,2,0,0,0,1,0,2,192,80,128,0,64024,3900,3000,1,0,2,0,0,10,0,0,0,64,1,1,0,0,192,229,0,0,0,0,0,0,0,0,0,0,0,0,0,0,0,0,0,0,0,-1,0,0,0,0,-1,0,0,0,0,-1,0,0,0,0,-1,0,0,0,0,-1,0,0,0,0,-1,0,0,0,0,-1,0,0,0,0,-1,0,0,0,0,-1,0,0,0,0,-1,0,0,0,0,-1,0,0,0,0,-1,0,0,0,0,136,152,168,0,3,205,180
2746,2250,fd,1,164,80,0,4,4,2,1056,0,2,0,0,0,1,0,2,192,80,128,0,64023,3900,2999,1,0,2,0,0,10,0,0,0,64,1,1,0,0,192,228,128,0,0,0,0,0,0,0,0,0,0,0,0,0,0,0,0,0,0,-1,0,0,0,0,-1,0,0,0,0,-1,0,0,0,0,-1,0,0,0,0,-1,0,0,0,0,-1,0,0,0,0,-1,0,0,0,0,-1,0,0,0,0,-1,0,0,0,0,-1,0,0,0,0,-1,0,0,0,0,-1,0,0,0,0,135,151,167,0,3,206,180
2747,2251,fd,1,164,80,0,4,4,2,1056,0,2,0,0,0,1,0,2,192,80,128,0,64022,3900,2998,1,0,2,0,0,10,0,0,0,64,1,1,0,0,192,226,0,0,0,0,0,0,0,0,0,0,0,0,0,0,0,0,0,0,0,-1,0,0,0,0,-1,0,0,0,0,-1,0,0,0,0,-1,0,0,0,0,-1,0,0,0,0,-1,0,0,0,0,-1,0,0,0,0,-1,0,0,0,0,-1,0,0,0,0,-1,0,0,0,0,-1,0,0,0,0,-1,0,0,0,0,134,150,166,0,3,207,180
2748,2252,fd,1,164,80,0,4,4,2,1056,0,2,0,0,0,1,0,2,192,80,128,0,64021,3900,2997,1,0,2,0,0,10,0,0,0,64,1,1,0,0,192,225,128,0,0,0,0,0,0,0,0,0,0,0,0,0,0,0,0,0,0,-1,0,0,0,0,-1,0,0,0,0,-1,0,0,0,0,-1,0,0,0,0,-1,0,0,0,0,-1,0,0,0,0,-1,0,0,0,0,-1,0,0,0,0,-1,0,0,0,0,-1,0,0,0,0,-1,0,0,0,0,-1,0,0,0,0,133,149,165,0,3,208,180
2749,2253,fd,1,164,80,0,4,4,2,1056,0,2,0,0,0,1,0,2,192,80,128,0,64020,3900,2996,1,0,2,0,0,10,0,0,0,64,1,1,0,0,192,223,0,0,0,0,0,0,0,0,0,0,0,0,0,0,0,0,0,0,0,-1,0,0,0,0,-1,0,0,0,0,-1,0,0,0,0,-1,0,0,0,0,-1,0,0,0,0,-1,0,0,0,0,-1,0,0,0,0,-1,0,0,0,0,-1,0,0,0,0,-1,0,0,0,0,-1,0,0,0,0,-1,0,0,0,0,132,148,164,0,3,209,180
2750,2254,fd,1,164,80,0,4,4,2,1056,0,2,0,0,0,1,0,2,192,80,128,0,64019,3900,2995,1,0,2,0,0,10,0,0,0,64,1,1,0,0,192,222,128,0,0,0,0,0,0,0,0,0,0,0,0,0,0,0,0,0,0,-1,0,0,0,0,-1,0,0,0,0,-1,0,0,0,0,-1,0,0,0,0,-1,0,0,0,0,-1,0,0,0,0,-1,0,0,0,0,-1,0,0,0,0,-1,0,0,0,0,-1,0,0,0,0,-1,0,0,0,0,-1,0,0,0,0,131,147,163,0,3,210,180
2751,2255,fd,1,164,80,0,4,4,2,1056,0,2,0,0,0,1,0,2,192,80,128,0,64018,3900,2994,1,0,2,0,0,10,0,0,0,64,1,1,0,0,192,220,0,0,0,0,0,0,0,0,0,0,0,0,0,0,0,0,0,0,0,-1,0,0,0,0,-1,0,0,0,0,-1,0,0,0,0,-1,0,0,0,0,-1,0,0,0,0,-1,0,0,0,0,-1,0,0,0,0,-1,0,0,0,0,-1,0,0,0,0,-1,0,0,0,0,-1,0,0,0,0,-1,0,0,0,0,130,146,162,0,3,211,180
2752,2256,fd,1,164,80,0,4,4,2,1056,0,2,0,0,0,1,0,2,192,80,128,0,64017,3900,2993,1,0,2,0,0,10,0,0,0,64,1,1,0,0,192,219,128,0,0,0,0,0,0,0,0,0,0,0,0,0,0,0,0,0,0,-1,0,0,0,0,-1,0,0,0,0,-1,0,0,0,0,-1,0,0,0,0,-1,0,0,0,0,-1,0,0,0,0,-1,0,0,0,0,-1,0,0,0,0,-1,0,0,0,0,-1,0,0,0,0,-1,0,0,0,0,-1,0,0,0,0,129,145,161,0,3,212,180
2753,2257,fd,1,164,80,0,4,4,2,1056,0,2,0,0,0,1,0,2,192,80,128,0,64016,3900,2992,1,0,2,0,0,10,0,0,0,64,1,1,0,0,192,217,0,0,0,0,0,0,0,0,0,0,0,0,0,0,0,0,0,0,0,-1,0,0,0,0,-1,0,0,0,0,-1,0,0,0,0,-1,0,0,0,0,-1,0,0,0,0,-1,0,0,0,0,-1,0,0,0,0,-1,0,0,0,0,-1,0,0,0,0,-1,0,0,0,0,-1,0,0,0,0,-1,0,0,0,0,128,144,160,0,3,213,180
2754,2258,fd,1,164,80,0,4,4,2,1056,0,2,0,0,0,1,0,2,192,80,128,0,64015,3900,2991,1,0,2,0,0,10,0,0,0,64,1,1,0,0,192,216,128,0,0,0,0,0,0,0,0,0,0,0,0,0,0,0,0,0,0,-1,0,0,0,0,-1,0,0,0,0,-1,0,0,0,0,-1,0,0,0,0,-1,0,0,0,0,-1,0,0,0,0,-1,0,0,0,0,-1,0,0,0,0,-1,0,0,0,0,-1,0,0,0,0,-1,0,0,0,0,-1,0,0,0,0,127,143,159,0,3,214,180
2755,2259,fd,1,164,80,0,4,4,2,1056,0,2,0,0,0,1,0,2,192,80,128,0,64014,3900,2990,1,0,2,0,0,10,0,0,0,64,1,1,0,0,192,214,0,0,0,0,0,0,0,0,0,0,0,0,0,0,0,0,0,0,0,-1,0,0,0,0,-1,0,0,0,0,-1,0,0,0,0,-1,0,0,0,0,-1,0,0,0,0,-1,0,0,0,0,-1,0,0,0,0,-1,0,0,0,0,-1,0,0,0,0,-1,0,0,0,0,-1,0,0,0,0,-1,0,0,0,0,126,142,158,0,3,215,180
2756,2260,fd,1,164,80,0,4,4,2,1056,0,2,0,0,0,1,0,2,192,80,128,0,64013,3900,2989,1,0,2,0,0,10,0,0,0,64,1,1,0,0,192,213,128,0,0,0,0,0,0,0,0,0,0,0,0,0,0,0,0,0,0,-1,0,0,0,0,-1,0,0,0,0,-1,0,0,0,0,-1,0,0,0,0,-1,0,0,0,0,-1,0,0,0,0,-1,0,0,0,0,-1,0,0,0,0,-1,0,0,0,0,-1,0,0,0,0,-1,0,0,0,0,-1,0,0,0,0,125,141,157,0,3,216,180
2757,2261,fd,1,164,80,0,4,4,2,1056,0,2,0,0,0,1,0,2,192,80,128,0,64012,3900,2988,1,0,2,0,0,10,0,0,0,64,1,1,0,0,192,211,0,0,0,0,0,0,0,0,0,0,0,0,0,0,0,0,0,0,0,-1,0,0,0,0,-1,0,0,0,0,-1,0,0,0,0,-1,0,0,0,0,-1,0,0,0,0,-1,0,0,0,0,-1,0,0,0,0,-1,0,0,0,0,-1,0,0,0,0,-1,0,0,0,0,-1,0,0,0,0,-1,0,0,0,0,124,140,156,0,3,217,180
2758,2262,fd,1,164,80,0,4,4,2,1056,0,2,0,0,0,1,0,2,192,80,128,0,64011,3900,2987,1,0,2,0,0,10,0,0,0,64,1,1,0,0,192,210,128,0,0,0,0,0,0,0,0,0,0,0,0,0,0,0,0,0,0,-1,0,0,0,0,-1,0,0,0,0,-1,0,0,0,0,-1,0,0,0,0,-1,0,0,0,0,-1,0,0,0,0,-1,0,0,0,0,-1,0,0,0,0,-1,0,0,0,0,-1,0,0,0,0,-1,0,0,0,0,-1,0,0,0,0,123,139,155,0,3,218,180
2759,2263,fd,1,164,80,0,4,4,2,1056,0,2,0,0,0,1,0,2,192,80,128,0,64010,3900,2986,1,0,2,0,0,10,0,0,0,64,1,1,0,0,192,208,0,0,0,0,0,0,0,0,0,0,0,0,0,0,0,0,0,0,0,-1,0,0,0,0,-1,0,0,0,0,-1,0,0,0,0,-1,0,0,0,0,-1,0,0,0,0,-1,0,0,0,0,-1,0,0,0,0,-1,0,0,0,0,-1,0,0,0,0,-1,0,0,0,0,-1,0,0,0,0,-1,0,0,0,0,122,138,154,0,3,219,180
2760,2264,fd,1,164,80,0,4,4,2,1056,0,2,0,0,0,1,0,2,192,80,128,0,64009,3900,2985,1,0,2,0,0,10,0,0,0,64,1,1,0,0,192,207,128,0,0,0,0,0,0,0,0,0,0,0,0,0,0,0,0,0,0,-1,0,0,0,0,-1,0,0,0,0,-1,0,0,0,0,-1,0,0,0,0,-1,0,0,0,0,-1,0,0,0,0,-1,0,0,0,0,-1,0,0,0,0,-1,0,0,0,0,-1,0,0,0,0,-1,0,0,0,0,-1,0,0,0,0,121,137,153,0,3,220,180
2761,2265,fd,1,164,80,0,4,4,2,1056,0,2,0,0,0,1,0,2,192,80,128,0,64008,3900,2984,1,0,2,0,0,10,0,0,0,64,1,1,0,0,192,205,0,0,0,0,0,0,0,0,0,0,0,0,0,0,0,0,0,0,0,-1,0,0,0,0,-1,0,0,0,0,-1,0,0,0,0,-1,0,0,0,0,-1,0,0,0,0,-1,0,0,0,0,-1,0,0,0,0,-1,0,0,0,0,-1,0,0,0,0,-1,0,0,0,0,-1,0,0,0,0,-1,0,0,0,0,120,136,152,0,3,221,180
2762,2266,fd,1,164,80,0,4,4,2,1056,0,2,0,0,0,1,0,2,192,80,128,0,64007,3900,2983,1,0,2,0,0,10,0,0,0,64,1,1,0,0,192,204,128,0,0,0,0,0,0,0,0,0,0,0,0,0,0,0,0,0,0,-1,0,0,0,0,-1,0,0,0,0,-1,0,0,0,0,-1,0,0,0,0,-1,0,0,0,0,-1,0,0,0,0,-1,0,0,0,0,-1,0,0,0,0,-1,0,0,0,0,-1,0,0,0,0,-1,0,0,0,0,-1,0,0,0,0,119,135,151,0,3,222,180
2763,2267,fd,1,164,80,0,4,4,2,1056,0,2,0,0,0,1,0,2,192,80,128,0,64006,3900,2982,1,0,2,0,0,10,0,0,0,64,1,1,0,0,192,202,0,0,0,0,0,0,0,0,0,0,0,0,0,0,0,0,0,0,0,-1,0,0,0,0,-1,0,0,0,0,-1,0,0,0,0,-1,0,0,0,0,-1,0,0,0,0,-1,0,0,0,0,-1,0,0,0,0,-1,0,0,0,0,-1,0,0,0,0,-1,0,0,0,0,-1,0,0,0,0,-1,0,0,0,0,118,134,150,0,3,223,180
2764,2268,fd,1,164,80,0,4,4,2,1056,0,2,0,0,0,1,0,2,192,80,128,0,64005,3900,2981,1,0,2,0,0,10,0,0,0,64,1,1,0,0,192,201,128,0,0,0,0,0,0,0,0,0,0,0,0,0,0,0,0,0,0,-1,0,0,0,0,-1,0,0,0,0,-1,0,0,0,0,-1,0,0,0,0,-1,0,0,0,0,-1,0,0,0,0,-1,0,0,0,0,-1,0,0,0,0,-1,0,0,0,0,-1,0,0,0,0,-1,0,0,0,0,-1,0,0,0,0,117,133,149,0,3,224,180
2765,2269,fd,1,164,80,0,4,4,2,1056,0,2,0,0,0,1,0,2,192,80,128,0,64004,3900,2980,1,0,2,0,0,10,0,0,0,64,1,1,0,0,192,199,0,0,0,0,0,0,0,0,0,0,0,0,0,0,0,0,0,0,0,-1,0,0,0,0,-1,0,0,0,0,-1,0,0,0,0,-1,0,0,0,0,-1,0,0,0,0,-1,0,0,0,0,-1,0,0,0,0,-1,0,0,0,0,-1,0,0,0,0,-1,0,0,0,0,-1,0,0,0,0,-1,0,0,0,0,116,132,148,0,3,225,180
2766,2270,fd,1,164,80,0,4,4,2,1056,0,2,0,0,0,1,0,2,192,80,128,0,64003,3900,2979,1,0,2,0,0,10,0,0,0,64,1,1,0,0,192,198,128,0,0,0,0,0,0,0,0,0,0,0,0,0,0,0,0,0,0,-1,0,0,0,0,-1,0,0,0,0,-1,0,0,0,0,-1,0,0,0,0,-1,0,0,0,0,-1,0,0,0,0,-1,0,0,0,0,-1,0,0,0,0,-1,0,0,0,0,-1,0,0,0,0,-1,0,0,0,0,-1,0,0,0,0,115,131,147,0,3,226,180
2767,2271,fd,1,164,80,0,4,4,2,1056,0,2,0,0,0,1,0,2,192,80,128,0,64002,3900,2978,1,0,2,0,0,10,0,0,0,64,1,1,0,0,192,196,0,0,0,0,0,0,0,0,0,0,0,0,0,0,0,0,0,0,0,-1,0,0,0,0,-1,0,0,0,0,-1,0,0,0,0,-1,0,0,0,0,-1,0,0,0,0,-1,0,0,0,0,-1,0,0,0,0,-1,0,0,0,0,-1,0,0,0,0,-1,0,0,0,0,-1,0,0,0,0,-1,0,0,0,0,114,130,146,0,3,227,180
2768,2272,fd,1,164,80,0,4,4,2,1056,0,2,0,0,0,1,0,2,192,80,128,0,64001,3900,2977,1,0,2,0,0,10,0,0,0,64,1,1,0,0,192,195,128,0,0,0,0,0,0,0,0,0,0,0,0,0,0,0,0,0,0,-1,0,0,0,0,-1,0,0,0,0,-1,0,0,0,0,-1,0,0,0,0,-1,0,0,0,0,-1,0,0,0,0,-1,0,0,0,0,-1,0,0,0,0,-1,0,0,0,0,-1,0,0,0,0,-1,0,0,0,0,-1,0,0,0,0,113,129,145,0,3,228,180
2769,2273,fd,1,164,80,0,4,4,2,1056,0,2,0,0,0,1,0,2,192,80,128,0,64000,3900,2976,1,0,2,0,0,10,0,0,0,64,1,1,0,0,192,193,0,0,0,0,0,0,0,0,0,0,0,0,0,0,0,0,0,0,0,-1,0,0,0,0,-1,0,0,0,0,-1,0,0,0,0,-1,0,0,0,0,-1,0,0,0,0,-1,0,0,0,0,-1,0,0,0,0,-1,0,0,0,0,-1,0,0,0,0,-1,0,0,0,0,-1,0,0,0,0,-1,0,0,0,0,112,128,144,0,3,229,180
2770,2274,fd,1,164,80,0,4,4,2,1056,0,2,0,0,0,1,0,2,192,80,128,0,63999,3900,2975,1,0,2,0,0,10,0,0,0,64,1,1,0,0,192,192,128,0,0,0,0,0,0,0,0,0,0,0,0,0,0,0,0,0,0,-1,0,0,0,0,-1,0,0,0,0,-1,0,0,0,0,-1,0,0,0,0,-1,0,0,0,0,-1,0,0,0,0,-1,0,0,0,0,-1,0,0,0,0,-1,0,0,0,0,-1,0,0,0,0,-1,0,0,0,0,-1,0,0,0,0,111,127,143,0,3,230,180
2771,2275,fd,1,164,80,0,4,4,2,1056,0,2,0,0,0,1,0,2,192,80,128,0,63998,3900,2974,1,0,2,0,0,10,0,0,0,64,1,1,0,0,192,190,0,0,0,0,0,0,0,0,0,0,0,0,0,0,0,0,0,0,0,-1,0,0,0,0,-1,0,0,0,0,-1,0,0,0,0,-1,0,0,0,0,-1,0,0,0,0,-1,0,0,0,0,-1,0,0,0,0,-1,0,0,0,0,-1,0,0,0,0,-1,0,0,0,0,-1,0,0,0,0,-1,0,0,0,0,110,126,142,0,3,231,180
2772,2276,fd,1,164,80,0,4,4,2,1056,0,2,0,0,0,1,0,2,192,80,128,0,63997,3900,2973,1,0,2,0,0,10,0,0,0,64,1,1,0,0,192,189,128,0,0,0,0,0,0,0,0,0,0,0,0,0,0,0,0,0,0,-1,0,0,0,0,-1,0,0,0,0,-1,0,0,0,0,-1,0,0,0,0,-1,0,0,0,0,-1,0,0,0,0,-1,0,0,0,0,-1,0,0,0,0,-1,0,0,0,0,-1,0,0,0,0,-1,0,0,0,0,-1,0,0,0,0,109,125,141,0,3,232,180
2773,2277,fd,1,164,80,0,4,4,2,1056,0,2,0,0,0,1,0,2,192,80,128,0,63996,3900,2972,1,0,2,0,0,10,0,0,0,64,1,1,0,0,192,187,0,0,0,0,0,0,0,0,0,0,0,0,0,0,0,0,0,0,0,-1,0,0,0,0,-1,0,0,0,0,-1,0,0,0,0,-1,0,0,0,0,-1,0,0,0,0,-1,0,0,0,0,-1,0,0,0,0,-1,0,0,0,0,-1,0,0,0,0,-1,0,0,0,0,-1,0,0,0,0,-1,0,0,0,0,108,124,140,0,3,233,180
2774,2278,fd,1,164,80,0,4,4,2,1056,0,2,0,0,0,1,0,2,192,80,128,0,63995,3900,2971,1,0,2,0,0,10,0,0,0,64,1,1,0,0,192,186,128,0,0,0,0,0,0,0,0,0,0,0,0,0,0,0,0,0,0,-1,0,0,0,0,-1,0,0,0,0,-1,0,0,0,0,-1,0,0,0,0,-1,0,0,0,0,-1,0,0,0,0,-1,0,0,0,0,-1,0,0,0,0,-1,0,0,0,0,-1,0,0,0,0,-1,0,0,0,0,-1,0,0,0,0,107,123,139,0,3,234,180
2775,2279,fd,1,164,80,0,4,4,2,1056,0,2,0,0,0,1,0,2,192,80,128,0,63994,3900,2970,1,0,2,0,0,10,0,0,0,64,1,1,0,0,192,184,0,0,0,0,0,0,0,0,0,0,0,0,0,0,0,0,0,0,0,-1,0,0,0,0,-1,0,0,0,0,-1,0,0,0,0,-1,0,0,0,0,-1,0,0,0,0,-1,0,0,0,0,-1,0,0,0,0,-1,0,0,0,0,-1,0,0,0,0,-1,0,0,0,0,-1,0,0,0,0,-1,0,0,0,0,106,122,138,0,3,235,180
2776,2280,fd,1,164,80,0,4,4,2,1056,0,2,0,0,0,1,0,2,192,80,128,0,63993,3900,2969,1,0,2,0,0,10,0,0,0,64,1,1,0,0,192,183,128,0,0,0,0,0,0,0,0,0,0,0,0,0,0,0,0,0,0,-1,0,0,0,0,-1,0,0,0,0,-1,0,0,0,0,-1,0,0,0,0,-1,0,0,0,0,-1,0,0,0,0,-1,0,0,0,0,-1,0,0,0,0,-1,0,0,0,0,-1,0,0,0,0,-1,0,0,0,0,-1,0,0,0,0,105,121,137,0,3,236,180
2777,2281,fd,1,164,80,0,4,4,2,1056,0,2,0,0,0,1,0,2,192,80,128,0,63992,3900,2968,1,0,2,0,0,10,0,0,0,64,1,1,0,0,192,181,0,0,0,0,0,0,0,0,0,0,0,0,0,0,0,0,0,0,0,-1,0,0,0,0,-1,0,0,0,0,-1,0,0,0,0,-1,0,0,0,0,-1,0,0,0,0,-1,0,0,0,0,-1,0,0,0,0,-1,0,0,0,0,-1,0,0,0,0,-1,0,0,0,0,-1,0,0,0,0,-1,0,0,0,0,104,120,136,0,3,237,180
2778,2282,fd,1,164,80,0,4,4,2,1056,0,2,0,0,0,1,0,2,192,80,128,0,63991,3900,2967,1,0,2,0,0,10,0,0,0,64,1,1,0,0,192,180,128,0,0,0,0,0,0,0,0,0,0,0,0,0,0,0,0,0,0,-1,0,0,0,0,-1,0,0,0,0,-1,0,0,0,0,-1,0,0,0,0,-1,0,0,0,0,-1,0,0,0,0,-1,0,0,0,0,-1,0,0,0,0,-1,0,0,0,0,-1,0,0,0,0,-1,0,0,0,0,-1,0,0,0,0,103,119,135,0,3,238,180
2779,2283,fd,1,164,80,0,4,4,2,1056,0,2,0,0,0,1,0,2,192,80,128,0,63990,3900,2966,1,0,2,0,0,10,0,0,0,64,1,1,0,0,192,178,0,0,0,0,0,0,0,0,0,0,0,0,0,0,0,0,0,0,0,-1,0,0,0,0,-1,0,0,0,0,-1,0,0,0,0,-1,0,0,0,0,-1,0,0,0,0,-1,0,0,0,0,-1,0,0,0,0,-1,0,0,0,0,-1,0,0,0,0,-1,0,0,0,0,-1,0,0,0,0,-1,0,0,0,0,102,118,134,0,3,239,180
2780,2284,fd,1,164,80,0,4,4,2,1056,0,2,0,0,0,1,0,2,192,80,128,0,63989,3900,2965,1,0,2,0,0,10,0,0,0,64,1,1,0,0,192,177,128,0,0,0,0,0,0,0,0,0,0,0,0,0,0,0,0,0,0,-1,0,0,0,0,-1,0,0,0,0,-1,0,0,0,0,-1,0,0,0,0,-1,0,0,0,0,-1,0,0,0,0,-1,0,0,0,0,-1,0,0,0,0,-1,0,0,0,0,-1,0,0,0,0,-1,0,0,0,0,-1,0,0,0,0,101,117,133,0,3,240,180
2781,2285,fd,1,164,80,0,4,4,2,1056,0,2,0,0,0,1,0,2,192,80,128,0,63988,3900,2964,1,0,2,0,0,10,0,0,0,64,1,1,0,0,192,175,0,0,0,0,0,0,0,0,0,0,0,0,0,0,0,0,0,0,0,-1,0,0,0,0,-1,0,0,0,0,-1,0,0,0,0,-1,0,0,0,0,-1,0,0,0,0,-1,0,0,0,0,-1,0,0,0,0,-1,0,0,0,0,-1,0,0,0,0,-1,0,0,0,0,-1,0,0,0,0,-1,0,0,0,0,100,116,132,0,3,241,180
2782,2286,ed,1,160,80,1,4,4,2,1024,16,2,0,0,0,1,0,4,192,80,128,0,63987,3900,2963,1,0,2,0,0,10,1,0,0,64,1,1,0,0,192,174,128,0,0,0,0,0,0,0,0,0,0,0,0,0,0,0,0,0,0,-1,0,0,0,0,-1,0,0,0,0,-1,0,0,0,0,-1,0,0,0,0,-1,0,0,0,0,-1,0,0,0,0,-1,0,0,0,0,-1,0,0,0,0,-1,0,0,0,0,-1,0,0,0,0,-1,0,0,0,0,-1,0,0,0,0,99,115,131,0,3,242,180
2783,2287,fd,1,157,80,1,4,4,2,992,16,2,0,0,0,1,0,4,192,78,128,0,63986,3900,2962,1,0,2,0,0,10,0,0,0,64,1,1,0,0,192,172,0,0,0,0,0,0,0,0,0,0,0,0,0,0,0,0,0,0,0,-1,0,0,0,0,-1,0,0,0,0,-1,0,0,0,0,-1,0,0,0,0,-1,0,0,0,0,-1,0,0,0,0,-1,0,0,0,0,-1,0,0,0,0,-1,0,0,0,0,-1,0,0,0,0,-1,0,0,0,0,-1,0,0,0,0,98,114,130,0,3,243,180
2784,2288,fd,1,154,80,1,4,4,2,960,0,2,0,0,0,1,0,4,192,76,128,0,63985,3900,2961,1,0,2,0,0,10,0,0,0,64,1,1,0,0,192,171,128,0,0,0,0,0,0,0,0,0,0,0,0,0,0,0,0,0,0,-1,0,0,0,0,-1,0,0,0,0,-1,0,0,0,0,-1,0,0,0,0,-1,0,0,0,0,-1,0,0,0,0,-1,0,0,0,0,-1,0,0,0,0,-1,0,0,0,0,-1,0,0,0,0,-1,0,0,0,0,-1,0,0,0,0,97,113,129,0,3,244,180
2785,2289,fd,1,151,80,1,4,4,2,928,0,2,0,0,0,1,0,4,192,74,128,0,63984,3900,2960,1,0,2,0,0,10,0,0,0,64,1,1,0,0,192,169,0,0,0,0,0,0,0,0,0,0,0,0,0,0,0,0,0,0,0,-1,0,0,0,0,-1,0,0,0,0,-1,0,0,0,0,-1,0,0,0,0,-1,0,0,0,0,-1,0,0,0,0,-1,0,0,0,0,-1,0,0,0,0,-1,0,0,0,0,-1,0,0,0,0,-1,0,0,0,0,-1,0,0,0,0,96,112,128,0,3,245,180
2786,2290,fd,1,148,80,1,4,4,2,896,0,2,0,0,0,1,0,4,192,72,128,0,63983,3900,2959,1,0,2,0,0,10,0,0,0,64,1,1,0,0,192,168,128,0,0,0,0,0,0,0,0,0,0,0,0,0,0,0,0,0,0,-1,0,0,0,0,-1,0,0,0,0,-1,0,0,0,0,-1,0,0,0,0,-1,0,0,0,0,-1,0,0,0,0,-1,0,0,0,0,-1,0,0,0,0,-1,0,0,0,0,-1,0,0,0,0,-1,0,0,0,0,-1,0,0,0,0,95,111,127,0,3,246,180
2787,2291,fd,1,145,80,1,4,4,2,864,0,2,0,0,0,1,0,4,192,70,128,0,63982,3900,2958,1,0,2,0,0,10,0,0,0,64,1,1,0,0,192,166,0,0,0,0,0,0,0,0,0,0,0,0,0,0,0,0,0,0,0,-1,0,0,0,0,-1,0,0,0,0,-1,0,0,0,0,-1,0,0,0,0,-1,0,0,0,0,-1,0,0,0,0,-1,0,0,0,0,-1,0,0,0,0,-1,0,0,0,0,-1,0,0,0,0,-1,0,0,0,0,-1,0,0,0,0,94,110,126,0,3,247,180
2788,2292,fd,1,142,80,1,4,4,2,832,0,2,0,0,0,1,0,4,192,68,128,0,63981,3900,2957,1,0,2,0,0,10,0,0,0,64,1,1,0,0,192,165,128,0,0,0,0,0,0,0,0,0,0,0,0,0,0,0,0,0,0,-1,0,0,0,0,-1,0,0,0,0,-1,0,0,0,0,-1,0,0,0,0,-1,0,0,0,0,-1,0,0,0,0,-1,0,0,0,0,-1,0,0,0,0,-1,0,0,0,0,-1,0,0,0,0,-1,0,0,0,0,-1,0,0,0,0,93,109,125,0,3,248,180
2789,2293,fd,1,139,80,1,4,4,2,800,0,2,0,0,0,1,0,4,192,66,128,0,63980,3900,2956,1,0,2,0,0,10,0,0,0,64,1,1,0,0,192,163,0,0,0,0,0,0,0,0,0,0,0,0,0,0,0,0,0,0,0,-1,0,0,0,0,-1,0,0,0,0,-1,0,0,0,0,-1,0,0,0,0,-1,0,0,0,0,-1,0,0,0,0,-1,0,0,0,0,-1,0,0,0,0,-1,0,0,0,0,-1,0,0,0,0,-1,0,0,0,0,-1,0,0,0,0,92,108,124,0,3,249,180
2790,2294,fd,1,136,80,1,4,4,2,768,0,2,0,0,0,1,0,4,192,64,128,0,63979,3900,2955,1,0,2,0,0,10,0,0,0,64,1,1,0,0,192,162,128,0,0,0,0,0,0,0,0,0,0,0,0,0,0,0,0,0,0,-1,0,0,0,0,-1,0,0,0,0,-1,0,0,0,0,-1,0,0,0,0,-1,0,0,0,0,-1,0,0,0,0,-1,0,0,0,0,-1,0,0,0,0,-1,0,0,0,0,-1,0,0,0,0,-1,0,0,0,0,-1,0,0,0,0,91,107,123,0,3,250,180
2791,2295,fd,1,134,80,1,4,4,2,736,0,2,0,0,0,1,0,4,192,62,128,0,63978,3900,2954,1,0,2,0,0,10,0,0,0,64,1,1,0,0,192,160,0,0,0,0,0,0,0,0,0,0,0,0,0,0,0,0,0,0,0,-1,0,0,0,0,-1,0,0,0,0,-1,0,0,0,0,-1,0,0,0,0,-1,0,0,0,0,-1,0,0,0,0,-1,0,0,0,0,-1,0,0,0,0,-1,0,0,0,0,-1,0,0,0,0,-1,0,0,0,0,-1,0,0,0,0,90,106,122,0,3,251,180
2792,2296,fd,1,132,80,1,4,4,2,704,0,2,0,0,0,1,0,4,192,60,128,0,63977,3900,2953,1,0,2,0,0,10,0,0,0,64,1,1,0,0,192,159,128,0,0,0,0,0,0,0,0,0,0,0,0,0,0,0,0,0,0,-1,0,0,0,0,-1,0,0,0,0,-1,0,0,0,0,-1,0,0,0,0,-1,0,0,0,0,-1,0,0,0,0,-1,0,0,0,0,-1,0,0,0,0,-1,0,0,0,0,-1,0,0,0,0,-1,0,0,0,0,-1,0,0,0,0,89,105,121,0,3,252,180
2793,2297,fd,1,130,80,1,4,4,2,672,0,2,0,0,0,1,0,4,192,58,128,0,63976,3900,2952,1,0,2,0,0,10,0,0,0,64,1,1,0,0,192,157,0,0,0,0,0,0,0,0,0,0,0,0,0,0,0,0,0,0,0,-1,0,0,0,0,-1,0,0,0,0,-1,0,0,0,0,-1,0,0,0,0,-1,0,0,0,0,-1,0,0,0,0,-1,0,0,0,0,-1,0,0,0,0,-1,0,0,0,0,-1,0,0,0,0,-1,0,0,0,0,-1,0,0,0,0,88,104,120,0,3,253,180
2794,2298,fd,1,128,80,1,4,4,2,640,0,2,0,0,0,1,0,4,192,56,128,0,63975,3900,2951,1,0,2,0,0,10,0,0,0,64,1,1,0,0,192,156,128,0,0,0,0,0,0,0,0,0,0,0,0,0,0,0,0,0,0,-1,0,0,0,0,-1,0,0,0,0,-1,0,0,0,0,-1,0,0,0,0,-1,0,0,0,0,-1,0,0,0,0,-1,0,0,0,0,-1,0,0,0,0,-1,0,0,0,0,-1,0,0,0,0,-1,0,0,0,0,-1,0,0,0,0,87,103,119,0,3,254,180
2795,2299,fd,1,126,80,1,4,4,2,608,0,2,0,0,0,1,0,4,192,54,128,0,63974,3900,2950,1,0,2,0,0,10,0,0,0,64,1,1,0,0,192,154,0,0,0,0,0,0,0,0,0,0,0,0,0,0,0,0,0,0,0,-1,0,0,0,0,-1,0,0,0,0,-1,0,0,0,0,-1,0,0,0,0,-1,0,0,0,0,-1,0,0,0,0,-1,0,0,0,0,-1,0,0,0,0,-1,0,0,0,0,-1,0,0,0,0,-1,0,0,0,0,-1,0,0,0,0,86,102,118,0,3,255,180
2796,2300,fd,1,124,80,1,4,4,2,576,0,2,0,0,0,1,0,4,192,52,128,0,63973,3900,2949,1,0,2,0,0,10,0,0,0,64,1,1,0,0,192,153,128,0,0,0,0,0,0,0,0,0,0,0,0,0,0,0,0,0,0,-1,0,0,0,0,-1,0,0,0,0,-1,0,0,0,0,-1,0,0,0,0,-1,0,0,0,0,-1,0,0,0,0,-1,0,0,0,0,-1,0,0,0,0,-1,0,0,0,0,-1,0,0,0,0,-1,0,0,0,0,-1,0,0,0,0,85,101,117,0,3,0,180
2797,2301,fd,1,122,80,1,4,4,2,544,0,2,0,0,0,1,0,4,192,50,128,0,63972,3900,2948,1,0,2,0,0,10,0,0,0,64,1,1,0,0,192,151,0,0,0,0,0,0,0,0,0,0,0,0,0,0,0,0,0,0,0,-1,0,0,0,0,-1,0,0,0,0,-1,0,0,0,0,-1,0,0,0,0,-1,0,0,0,0,-1,0,0,0,0,-1,0,0,0,0,-1,0,0,0,0,-1,0,0,0,0,-1,0,0,0,0,-1,0,0,0,0,-1,0,0,0,0,84,100,116,0,3,1,180
2798,2302,fd,1,120,80,1,4,4,2,512,0,2,0,0,0,1,0,4,192,48,128,0,63971,3900,2947,1,0,2,0,0,10,0,0,0,64,1,1,0,0,192,150,128,0,0,0,0,0,0,0,0,0,0,0,0,0,0,0,0,0,0,-1,0,0,0,0,-1,0,0,0,0,-1,0,0,0,0,-1,0,0,0,0,-1,0,0,0,0,-1,0,0,0,0,-1,0,0,0,0,-1,0,0,0,0,-1,0,0,0,0,-1,0,0,0,0,-1,0,0,0,0,-1,0,0,0,0,83,99,115,0,3,2,180
2799,2303,fd,1,119,80,1,4,4,2,480,0,2,0,0,0,1,0,4,192,46,128,0,63970,3900,2946,1,0,2,0,0,10,0,0,0,64,1,1,0,0,192,148,0,0,0,0,0,0,0,0,0,0,0,0,0,0,0,0,0,0,0,-1,0,0,0,0,-1,0,0,0,0,-1,0,0,0,0,-1,0,0,0,0,-1,0,0,0,0,-1,0,0,0,0,-1,0,0,0,0,-1,0,0,0,0,-1,0,0,0,0,-1,0,0,0,0,-1,0,0,0,0,-1,0,0,0,0,82,98,114,0,3,3,180
2800,2304,fd,1,118,80,1,4,4,2,448,0,2,0,0,0,1,0,4,192,44,128,0,63969,3900,2945,1,0,2,0,0,10,0,0,0,64,1,1,0,0,192,147,128,0,0,0,0,0,0,0,0,0,0,0,0,0,0,0,0,0,0,-1,0,0,0,0,-1,0,0,0,0,-1,0,0,0,0,-1,0,0,0,0,-1,0,0,0,0,-1,0,0,0,0,-1,0,0,0,0,-1,0,0,0,0,-1,0,0,0,0,-1,0,0,0,0,-1,0,0,0,0,-1,0,0,0,0,81,97,113,0,3,4,180
2801,2305,fd,1,117,80,1,4,4,2,416,0,2,0,0,0,1,0,4,192,42,128,0,63968,3900,2944,1,0,2,0,0,10,0,0,0,64,1,1,0,0,192,145,0,0,0,0,0,0,0,0,0,0,0,0,0,0,0,0,0,0,0,-1,0,0,0,0,-1,0,0,0,0,-1,0,0,0,0,-1,0,0,0,0,-1,0,0,0,0,-1,0,0,0,0,-1,0,0,0,0,-1,0,0,0,0,-1,0,0,0,0,-1,0,0,0,0,-1,0,0,0,0,-1,0,0,0,0,80,96,112,0,3,5,180
2802,2306,fd,1,116,80,1,4,4,2,384,0,2,0,0,0,1,0,4,192,40,128,0,63967,3900,2943,1,0,2,0,0,10,0,0,0,64,1,1,0,0,192,144,128,0,0,0,0,0,0,0,0,0,0,0,0,0,0,0,0,0,0,-1,0,0,0,0,-1,0,0,0,0,-1,0,0,0,0,-1,0,0,0,0,-1,0,0,0,0,-1,0,0,0,0,-1,0,0,0,0,-1,0,0,0,0,-1,0,0,0,0,-1,0,0,0,0,-1,0,0,0,0,-1,0,0,0,0,79,95,111,0,3,6,180
2803,2307,fd,1,115,80,1,4,4,2,352,0,2,0,0,0,1,0,4,192,38,128,0,63966,3900,2942,1,0,2,0,0,10,0,0,0,64,1,1,0,0,192,142,0,0,0,0,0,0,0,0,0,0,0,0,0,0,0,0,0,0,0,-1,0,0,0,0,-1,0,0,0,0,-1,0,0,0,0,-1,0,0,0,0,-1,0,0,0,0,-1,0,0,0,0,-1,0,0,0,0,-1,0,0,0,0,-1,0,0,0,0,-1,0,0,0,0,-1,0,0,0,0,-1,0,0,0,0,78,94,110,0,3,7,180
2804,2308,fd,1,114,80,1,4,4,2,320,0,2,0,0,0,1,0,4,192,36,128,0,63965,3900,2941,1,0,2,0,0,10,0,0,0,64,1,1,0,0,192,141,128,0,0,0,0,0,0,0,0,0,0,0,0,0,0,0,0,0,0,-1,0,0,0,0,-1,0,0,0,0,-1,0,0,0,0,-1,0,0,0,0,-1,0,0,0,0,-1,0,0,0,0,-1,0,0,0,0,-1,0,0,0,0,-1,0,0,0,0,-1,0,0,0,0,-1,0,0,0,0,-1,0,0,0,0,77,93,109,0,3,8,180
2805,2309,fd,1,113,80,1,4,4,2,288,0,2,0,0,0,1,0,4,192,34,128,0,63964,3900,2940,1,0,2,0,0,10,0,0,0,64,1,1,0,0,192,139,0,0,0,0,0,0,0,0,0,0,0,0,0,0,0,0,0,0,0,-1,0,0,0,0,-1,0,0,0,0,-1,0,0,0,0,-1,0,0,0,0,-1,0,0,0,0,-1,0,0,0,0,-1,0,0,0,0,-1,0,0,0,0,-1,0,0,0,0,-1,0,0,0,0,-1,0,0,0,0,-1,0,0,0,0,76,92,108,0,3,9,180
2806,2310,fd,1,112,80,1,4,4,2,256,0,2,0,0,0,1,0,4,192,32,128,0,63963,3900,2939,1,0,2,0,0,10,0,0,0,64,1,1,0,0,192,138,128,0,0,0,0,0,0,0,0,0,0,0,0,0,0,0,0,0,0,-1,0,0,0,0,-1,0,0,0,0,-1,0,0,0,0,-1,0,0,0,0,-1,0,0,0,0,-1,0,0,0,0,-1,0,0,0,0,-1,0,0,0,0,-1,0,0,0,0,-1,0,0,0,0,-1,0,0,0,0,-1,0,0,0,0,75,91,107,0,3,10,180
2807,2311,fd,1,112,80,1,4,4,2,224,0,2,0,0,0,1,0,4,192,30,128,0,63962,3900,2938,1,0,2,0,0,10,0,0,0,64,1,1,0,0,192,136,0,0,0,0,0,0,0,0,0,0,0,0,0,0,0,0,0,0,0,-1,0,0,0,0,-1,0,0,0,0,-1,0,0,0,0,-1,0,0,0,0,-1,0,0,0,0,-1,0,0,0,0,-1,0,0,0,0,-1,0,0,0,0,-1,0,0,0,0,-1,0,0,0,0,-1,0,0,0,0,-1,0,0,0,0,74,90,106,0,3,11,180
2808,2312,fd,1,112,80,1,4,4,2,160,0,2,0,0,0,1,0,4,192,28,128,0,63961,3900,2937,1,0,2,0,0,10,0,0,0,64,1,1,0,0,192,135,128,0,0,0,0,0,0,0,0,0,0,0,0,0,0,0,0,0,0,-1,0,0,0,0,-1,0,0,0,0,-1,0,0,0,0,-1,0,0,0,0,-1,0,0,0,0,-1,0,0,0,0,-1,0,0,0,0,-1,0,0,0,0,-1,0,0,0,0,-1,0,0,0,0,-1,0,0,0,0,-1,0,0,0,0,73,89,105,0,3,12,180
2809,2313,fd,1,112,80,1,4,4,2,96,0,2,0,0,0,1,0,4,192,26,128,0,63960,3900,2936,1,0,2,0,0,10,0,0,0,64,1,1,0,0,192,133,0,0,0,0,0,0,0,0,0,0,0,0,0,0,0,0,0,0,0,-1,0,0,0,0,-1,0,0,0,0,-1,0,0,0,0,-1,0,0,0,0,-1,0,0,0,0,-1,0,0,0,0,-1,0,0,0,0,-1,0,0,0,0,-1,0,0,0,0,-1,0,0,0,0,-1,0,0,0,0,-1,0,0,0,0,72,88,104,0,3,13,180
2810,2314,fd,1,112,80,1,4,4,2,32,0,2,0,0,0,1,0,4,192,24,128,0,63959,3900,2935,1,0,2,0,0,10,0,0,0,64,1,1,0,0,192,132,128,0,0,0,0,0,0,0,0,0,0,0,0,0,0,0,0,0,0,-1,0,0,0,0,-1,0,0,0,0,-1,0,0,0,0,-1,0,0,0,0,-1,0,0,0,0,-1,0,0,0,0,-1,0,0,0,0,-1,0,0,0,0,-1,0,0,0,0,-1,0,0,0,0,-1,0,0,0,0,-1,0,0,0,0,71,87,103,0,3,14,180
2811,2315,fd,1,112,80,2,4,4,2,64,0,2,0,0,0,1,0,4,192,22,128,0,63958,3900,2934,1,0,2,0,0,10,0,0,0,64,1,1,0,0,192,130,0,0,0,0,0,0,0,0,0,0,0,0,0,0,0,0,0,0,0,-1,0,0,0,0,-1,0,0,0,0,-1,0,0,0,0,-1,0,0,0,0,-1,0,0,0,0,-1,0,0,0,0,-1,0,0,0,0,-1,0,0,0,0,-1,0,0,0,0,-1,0,0,0,0,-1,0,0,0,0,-1,0,0,0,0,70,86,102,0,3,15,180
2812,2316,fd,1,112,80,2,4,4,2,128,0,2,0,0,0,1,0,4,192,20,128,0,63957,3900,2933,1,0,2,0,0,10,0,0,0,64,1,1,0,0,192,129,128,0,0,0,0,0,0,0,0,0,0,0,0,0,0,0,0,0,0,-1,0,0,0,0,-1,0,0,0,0,-1,0,0,0,0,-1,0,0,0,0,-1,0,0,0,0,-1,0,0,0,0,-1,0,0,0,0,-1,0,0,0,0,-1,0,0,0,0,-1,0,0,0,0,-1,0,0,0,0,-1,0,0,0,0,69,85,101,0,3,16,180
2813,2317,fd,1,112,80,2,4,4,2,192,0,2,0,0,0,1,0,4,192,18,128,0,63956,3900,2932,1,0,2,0,0,10,0,0,0,64,1,1,0,0,192,127,0,0,0,0,0,0,0,0,0,0,0,0,0,0,0,0,0,0,0,-1,0,0,0,0,-1,0,0,0,0,-1,0,0,0,0,-1,0,0,0,0,-1,0,0,0,0,-1,0,0,0,0,-1,0,0,0,0,-1,0,0,0,0,-1,0,0,0,0,-1,0,0,0,0,-1,0,0,0,0,-1,0,0,0,0,68,84,100,0,3,17,180
2814,2318,fd,1,113,80,2,4,4,2,256,0,2,0,0,0,1,0,4,192,16,128,0,63955,3900,2931,1,0,2,0,0,10,0,0,0,64,1,1,0,0,192,126,128,0,0,0,0,0,0,0,0,0,0,0,0,0,0,0,0,0,0,-1,0,0,0,0,-1,0,0,0,0,-1,0,0,0,0,-1,0,0,0,0,-1,0,0,0,0,-1,0,0,0,0,-1,0,0,0,0,-1,0,0,0,0,-1,0,0,0,0,-1,0,0,0,0,-1,0,0,0,0,-1,0,0,0,0,67,83,99,0,3,18,180
2815,2319,fd,1,114,80,2,4,4,2,288,0,2,0,0,0,1,0,4,192,14,128,0,63954,3900,2930,1,0,2,0,0,10,0,0,0,64,1,1,0,0,192,124,0,0,0,0,0,0,0,0,0,0,0,0,0,0,0,0,0,0,0,-1,0,0,0,0,-1,0,0,0,0,-1,0,0,0,0,-1,0,0,0,0,-1,0,0,0,0,-1,0,0,0,0,-1,0,0,0,0,-1,0,0,0,0,-1,0,0,0,0,-1,0,0,0,0,-1,0,0,0,0,-1,0,0,0,0,66,82,98,0,3,19,180
2816,2320,fd,1,115,80,2,4,4,2,320,0,2,0,0,0,1,0,4,192,12,128,0,63953,3900,2929,1,0,2,0,0,10,0,0,0,64,1,1,0,0,192,123,128,0,0,0,0,0,0,0,0,0,0,0,0,0,0,0,0,0,0,-1,0,0,0,0,-1,0,0,0,0,-1,0,0,0,0,-1,0,0,0,0,-1,0,0,0,0,-1,0,0,0,0,-1,0,0,0,0,-1,0,0,0,0,-1,0,0,0,0,-1,0,0,0,0,-1,0,0,0,0,-1,0,0,0,0,65,81,97,0,3,20,180
2817,2321,fd,1,116,80,2,4,4,2,352,0,2,0,0,0,1,0,4,192,10,128,0,63952,3900,2928,1,0,2,0,0,10,0,0,0,64,1,1,0,0,192,121,0,0,0,0,0,0,0,0,0,0,0,0,0,0,0,0,0,0,0,-1,0,0,0,0,-1,0,0,0,0,-1,0,0,0,0,-1,0,0,0,0,-1,0,0,0,0,-1,0,0,0,0,-1,0,0,0,0,-1,0,0,0,0,-1,0,0,0,0,-1,0,0,0,0,-1,0,0,0,0,-1,0,0,0,0,64,80,96,0,3,21,180
2818,2322,fd,1,117,80,2,4,4,2,384,0,2,0,0,0,1,0,4,192,8,128,0,63951,3900,2927,1,0,2,0,0,10,0,0,0,64,1,1,0,0,192,120,128,0,0,0,0,0,0,0,0,0,0,0,0,0,0,0,0,0,0,-1,0,0,0,0,-1,0,0,0,0,-1,0,0,0,0,-1,0,0,0,0,-1,0,0,0,0,-1,0,0,0,0,-1,0,0,0,0,-1,0,0,0,0,-1,0,0,0,0,-1,0,0,0,0,-1,0,0,0,0,-1,0,0,0,0,63,79,95,0,3,22,180
2819,2323,fd,1,118,80,2,4,4,2,416,0,2,0,0,0,1,0,4,192,6,128,0,63950,3900,2926,1,0,2,0,0,10,0,0,0,64,1,1,0,0,192,118,0,0,0,0,0,0,0,0,0,0,0,0,0,0,0,0,0,0,0,-1,0,0,0,0,-1,0,0,0,0,-1,0,0,0,0,-1,0,0,0,0,-1,0,0,0,0,-1,0,0,0,0,-1,0,0,0,0,-1,0,0,0,0,-1,0,0,0,0,-1,0,0,0,0,-1,0,0,0,0,-1,0,0,0,0,62,78,94,0,3,23,180
2820,2324,fd,1,119,80,2,4,4,2,448,0,2,0,0,0,1,0,4,192,4,128,0,63949,3900,2925,1,0,2,0,0,10,0,0,0,64,1,1,0,0,192,117,128,0,0,0,0,0,0,0,0,0,0,0,0,0,0,0,0,0,0,-1,0,0,0,0,-1,0,0,0,0,-1,0,0,0,0,-1,0,0,0,0,-1,0,0,0,0,-1,0,0,0,0,-1,0,0,0,0,-1,0,0,0,0,-1,0,0,0,0,-1,0,0,0,0,-1,0,0,0,0,-1,0,0,0,0,61,77,93,0,3,24,180
2821,2325,fd,1,120,80,2,4,4,2,480,0,2,0,0,0,1,0,4,192,2,128,0,63948,3900,2924,1,0,2,0,0,10,0,0,0,64,1,1,0,0,192,115,0,0,0,0,0,0,0,0,0,0,0,0,0,0,0,0,0,0,0,-1,0,0,0,0,-1,0,0,0,0,-1,0,0,0,0,-1,0,0,0,0,-1,0,0,0,0,-1,0,0,0,0,-1,0,0,0,0,-1,0,0,0,0,-1,0,0,0,0,-1,0,0,0,0,-1,0,0,0,0,-1,0,0,0,0,60,76,92,0,3,25,180
2822,2326,fd,1,122,80,2,4,4,2,512,0,2,0,0,0,1,0,4,192,0,128,0,63947,3900,2923,1,0,2,0,0,10,0,0,0,64,1,1,0,0,192,114,128,0,0,0,0,0,0,0,0,0,0,0,0,0,0,0,0,0,0,-1,0,0,0,0,-1,0,0,0,0,-1,0,0,0,0,-1,0,0,0,0,-1,0,0,0,0,-1,0,0,0,0,-1,0,0,0,0,-1,0,0,0,0,-1,0,0,0,0,-1,0,0,0,0,-1,0,0,0,0,-1,0,0,0,0,59,75,91,0,3,26,180
2823,2327,fd,1,124,80,2,4,4,2,544,0,2,0,0,0,1,0,4,192,254,128,0,63946,3900,2922,1,0,2,0,0,10,0,0,0,64,1,1,0,0,192,112,0,0,0,0,0,0,0,0,0,0,0,0,0,0,0,0,0,0,0,-1,0,0,0,0,-1,0,0,0,0,-1,0,0,0,0,-1,0,0,0,0,-1,0,0,0,0,-1,0,0,0,0,-1,0,0,0,0,-1,0,0,0,0,-1,0,0,0,0,-1,0,0,0,0,-1,0,0,0,0,-1,0,0,0,0,58,74,90,0,3,27,180
2824,2328,fd,1,126,80,2,4,4,2,576,0,2,0,0,0,1,0,4,192,252,128,0,63945,3900,2921,1,0,2,0,0,10,0,0,0,64,1,1,0,0,192,111,128,0,0,0,0,0,0,0,0,0,0,0,0,0,0,0,0,0,0,-1,0,0,0,0,-1,0,0,0,0,-1,0,0,0,0,-1,0,0,0,0,-1,0,0,0,0,-1,0,0,0,0,-1,0,0,0,0,-1,0,0,0,0,-1,0,0,0,0,-1,0,0,0,0,-1,0,0,0,0,-1,0,0,0,0,57,73,89,0,3,28,180
2825,2329,fd,1,128,80,2,4,4,2,608,0,2,0,0,0,1,0,4,192,250,128,0,63944,3900,2920,1,0,2,0,0,10,0,0,0,64,1,1,0,0,192,109,0,0,0,0,0,0,0,0,0,0,0,0,0,0,0,0,0,0,0,-1,0,0,0,0,-1,0,0,0,0,-1,0,0,0,0,-1,0,0,0,0,-1,0,0,0,0,-1,0,0,0,0,-1,0,0,0,0,-1,0,0,0,0,-1,0,0,0,0,-1,0,0,0,0,-1,0,0,0,0,-1,0,0,0,0,56,72,88,0,3,29,180
2826,2330,fd,1,130,80,2,4,4,2,640,0,2,0,0,0,1,0,4,192,248,128,0,63943,3900,2919,1,0,2,0,0,10,0,0,0,64,1,1,0,0,192,108,128,0,0,0,0,0,0,0,0,0,0,0,0,0,0,0,0,0,0,-1,0,0,0,0,-1,0,0,0,0,-1,0,0,0,0,-1,0,0,0,0,-1,0,0,0,0,-1,0,0,0,0,-1,0,0,0,0,-1,0,0,0,0,-1,0,0,0,0,-1,0,0,0,0,-1,0,0,0,0,-1,0,0,0,0,55,71,87,0,3,30,180
2827,2331,fd,1,132,80,2,4,4,2,672,0,2,0,0,0,1,0,4,192,246,128,0,63942,3900,2918,1,0,2,0,0,10,0,0,0,64,1,1,0,0,192,106,0,0,0,0,0,0,0,0,0,0,0,0,0,0,0,0,0,0,0,-1,0,0,0,0,-1,0,0,0,0,-1,0,0,0,0,-1,0,0,0,0,-1,0,0,0,0,-1,0,0,0,0,-1,0,0,0,0,-1,0,0,0,0,-1,0,0,0,0,-1,0,0,0,0,-1,0,0,0,0,-1,0,0,0,0,54,70,86,0,3,31,180
2828,2332,fd,1,134,80,2,4,4,2,704,0,2,0,0,0,1,0,4,192,244,128,0,63941,3900,2917,1,0,2,0,0,10,0,0,0,64,1,1,0,0,192,105,128,0,0,0,0,0,0,0,0,0,0,0,0,0,0,0,0,0,0,-1,0,0,0,0,-1,0,0,0,0,-1,0,0,0,0,-1,0,0,0,0,-1,0,0,0,0,-1,0,0,0,0,-1,0,0,0,0,-1,0,0,0,0,-1,0,0,0,0,-1,0,0,0,0,-1,0,0,0,0,-1,0,0,0,0,53,69,85,0,3,32,180
2829,2333,fd,1,136,80,2,4,4,2,736,0,2,0,0,0,1,0,4,192,242,128,0,63940,3900,2916,1,0,2,0,0,10,0,0,0,64,1,1,0,0,192,103,0,0,0,0,0,0,0,0,0,0,0,0,0,0,0,0,0,0,0,-1,0,0,0,0,-1,0,0,0,0,-1,0,0,0,0,-1,0,0,0,0,-1,0,0,0,0,-1,0,0,0,0,-1,0,0,0,0,-1,0,0,0,0,-1,0,0,0,0,-1,0,0,0,0,-1,0,0,0,0,-1,0,0,0,0,52,68,84,0,3,33,180
2830,2334,fd,1,139,80,2,4,4,2,768,0,2,0,0,0,0,0,0,0,0,0,0,63939,3900,2915,1,0,2,0,0,10,0,0,0,64,1,1,0,0,192,102,128,0,0,0,0,0,0,0,0,0,0,0,0,0,0,0,0,0,0,-1,0,0,0,0,-1,0,0,0,0,-1,0,0,0,0,-1,0,0,0,0,-1,0,0,0,0,-1,0,0,0,0,-1,0,0,0,0,-1,0,0,0,0,-1,0,0,0,0,-1,0,0,0,0,-1,0,0,0,0,-1,0,0,0,0,51,67,83,0,3,34,180
2831,2335,fd,1,142,80,2,4,4,2,800,0,2,0,0,0,0,0,0,0,0,0,0,63938,3900,2914,1,0,2,0,0,10,0,0,0,64,1,1,0,0,192,100,0,0,0,0,0,0,0,0,0,0,0,0,0,0,0,0,0,0,0,-1,0,0,0,0,-1,0,0,0,0,-1,0,0,0,0,-1,0,0,0,0,-1,0,0,0,0,-1,0,0,0,0,-1,0,0,0,0,-1,0,0,0,0,-1,0,0,0,0,-1,0,0,0,0,-1,0,0,0,0,-1,0,0,0,0,50,66,82,0,3,35,180
2832,2336,fd,1,145,80,2,4,4,2,832,0,2,0,0,0,0,0,0,0,0,0,0,63937,3900,2913,1,0,2,0,0,10,0,0,0,64,1,1,0,0,192,99,128,0,0,0,0,0,0,0,0,0,0,0,0,0,0,0,0,0,0,-1,0,0,0,0,-1,0,0,0,0,-1,0,0,0,0,-1,0,0,0,0,-1,0,0,0,0,-1,0,0,0,0,-1,0,0,0,0,-1,0,0,0,0,-1,0,0,0,0,-1,0,0,0,0,-1,0,0,0,0,-1,0,0,0,0,49,65,81,0,3,36,180
2833,2337,fd,1,148,80,2,4,4,2,864,0,2,0,0,0,0,0,0,0,0,0,0,63936,3900,2912,1,0,2,0,0,10,0,0,0,64,1,1,0,0,192,97,0,0,0,0,0,0,0,0,0,0,0,0,0,0,0,0,0,0,0,-1,0,0,0,0,-1,0,0,0,0,-1,0,0,0,0,-1,0,0,0,0,-1,0,0,0,0,-1,0,0,0,0,-1,0,0,0,0,-1,0,0,0,0,-1,0,0,0,0,-1,0,0,0,0,-1,0,0,0,0,-1,0,0,0,0,48,64,80,0,3,37,180
2834,2338,fd,1,151,80,2,4,4,2,896,0,2,0,0,0,0,0,0,0,0,0,0,63935,3900,2911,1,0,2,0,0,10,0,0,0,64,1,1,0,0,192,96,128,1,0,0,192,240,128,0,0,0,0,0,0,0,0,0,0,0,0,-1,0,0,0,0,-1,0,0,0,0,-1,0,0,0,0,-1,0,0,0,0,-1,0,0,0,0,-1,0,0,0,0,-1,0,0,0,0,-1,0,0,0,0,-1,0,0,0,0,-1,0,0,0,0,-1,0,0,0,0,-1,0,0,0,0,47,63,79,0,3,38,180
2835,2339,fd,1,154,80,2,4,4,2,928,0,2,0,0,0,0,0,0,0,0,0,0,63934,3900,2910,1,0,2,0,0,10,0,0,0,64,1,1,0,0,192,94,0,1,0,0,192,238,0,0,0,0,0,0,0,0,0,0,0,0,0,-1,0,0,0,0,-1,0,0,0,0,-1,0,0,0,0,-1,0,0,0,0,-1,0,0,0,0,-1,0,0,0,0,-1,0,0,0,0,-1,0,0,0,0,-1,0,0,0,0,-1,0,0,0,0,-1,0,0,0,0,-1,0,0,0,0,46,62,78,0,3,39,180
2836,2340,fd,1,157,80,2,4,4,2,960,0,2,0,0,0,0,0,0,0,0,0,0,63933,3900,2909,1,0,2,0,0,10,0,0,0,64,1,1,0,0,192,93,128,1,0,0,192,237,128,0,0,0,0,0,0,0,0,0,0,0,0,-1,0,0,0,0,-1,0,0,0,0,-1,0,0,0,0,-1,0,0,0,0,-1,0,0,0,0,-1,0,0,0,0,-1,0,0,0,0,-1,0,0,0,0,-1,0,0,0,0,-1,0,0,0,0,-1,0,0,0,0,-1,0,0,0,0,45,61,77,0,3,40,180
2837,2341,fd,1,160,80,2,4,4,2,992,0,2,0,0,0,0,0,0,0,0,0,0,63932,3900,2908,1,0,2,0,0,10,0,0,0,64,1,1,0,0,192,91,0,1,0,0,192,235,0,0,0,0,0,0,0,0,0,0,0,0,0,-1,0,0,0,0,-1,0,0,0,0,-1,0,0,0,0,-1,0,0,0,0,-1,0,0,0,0,-1,0,0,0,0,-1,0,0,0,0,-1,0,0,0,0,-1,0,0,0,0,-1,0,0,0,0,-1,0,0,0,0,-1,0,0,0,0,44,60,76,0,3,41,180
2838,2342,fd,1,164,80,0,4,4,2,1056,0,2,0,0,0,1,0,2,192,89,128,1,63931,4000,2907,1,0,2,0,0,11,0,0,16,64,1,0,0,0,0,0,0,1,0,0,192,234,128,0,0,0,0,0,0,0,0,0,0,0,0,-1,0,0,0,0,-1,0,0,0,0,-1,0,0,0,0,-1,0,0,0,0,-1,0,0,0,0,-1,0,0,0,0,-1,0,0,0,0,-1,0,0,0,0,-1,0,0,0,0,-1,0,0,0,0,-1,0,0,0,0,-1,0,0,0,0,43,59,75,0,3,42,180
2839,2343,fd,1,164,80,0,4,4,2,1056,0,2,0,0,0,1,0,2,192,88,128,1,63930,4000,2906,1,0,2,0,0,11,0,0,16,64,1,0,0,0,0,0,0,1,0,0,192,232,0,0,0,0,0,0,0,0,0,0,0,0,0,-1,0,0,0,0,-1,0,0,0,0,-1,0,0,0,0,-1,0,0,0,0,-1,0,0,0,0,-1,0,0,0,0,-1,0,0,0,0,-1,0,0,0,0,-1,0,0,0,0,-1,0,0,0,0,-1,0,0,0,0,-1,0,0,0,0,42,58,74,0,3,43,180
2840,2344,fd,1,164,80,0,4,4,2,1056,0,2,0,0,0,1,0,2,192,87,128,1,63929,4000,2905,1,0,2,0,0,11,0,0,15,64,1,0,0,0,0,0,0,1,0,0,192,231,128,0,0,0,0,0,0,0,0,0,0,0,0,-1,0,0,0,0,-1,0,0,0,0,-1,0,0,0,0,-1,0,0,0,0,-1,0,0,0,0,-1,0,0,0,0,-1,0,0,0,0,-1,0,0,0,0,-1,0,0,0,0,-1,0,0,0,0,-1,0,0,0,0,-1,0,0,0,0,41,57,73,0,3,44,180
2841,2345,fd,1,164,80,0,4,4,2,1056,0,2,0,0,0,1,0,2,192,86,128,1,63928,4000,2904,1,0,2,0,0,11,0,0,15,64,1,0,0,0,0,0,0,1,0,0,192,229,0,0,0,0,0,0,0,0,0,0,0,0,0,-1,0,0,0,0,-1,0,0,0,0,-1,0,0,0,0,-1,0,0,0,0,-1,0,0,0,0,-1,0,0,0,0,-1,0,0,0,0,-1,0,0,0,0,-1,0,0,0,0,-1,0,0,0,0,-1,0,0,0,0,-1,0,0,0,0,40,56,72,0,3,45,180
2842,2346,fd,1,164,80,0,4,4,2,1056,0,2,0,0,0,1,0,2,192,85,128,1,63927,4000,2903,1,0,2,0,0,11,0,0,15,64,1,0,0,0,0,0,0,1,0,0,192,228,128,0,0,0,0,0,0,0,0,0,0,0,0,-1,0,0,0,0,-1,0,0,0,0,-1,0,0,0,0,-1,0,0,0,0,-1,0,0,0,0,-1,0,0,0,0,-1,0,0,0,0,-1,0,0,0,0,-1,0,0,0,0,-1,0,0,0,0,-1,0,0,0,0,-1,0,0,0,0,39,55,71,0,3,46,180
2843,2347,fd,1,164,80,0,4,4,2,1056,0,2,0,0,0,1,0,2,192,84,128,1,63926,4000,2902,1,0,2,0,0,11,0,0,15,64,1,0,0,0,0,0,0,1,0,0,192,226,0,0,0,0,0,0,0,0,0,0,0,0,0,-1,0,0,0,0,-1,0,0,0,0,-1,0,0,0,0,-1,0,0,0,0,-1,0,0,0,0,-1,0,0,0,0,-1,0,0,0,0,-1,0,0,0,0,-1,0,0,0,0,-1,0,0,0,0,-1,0,0,0,0,-1,0,0,0,0,38,54,70,0,3,47,180
2844,2348,fd,1,164,80,0,4,4,2,1056,0,2,0,0,0,1,0,2,192,83,128,1,63925,4000,2901,1,0,2,0,0,11,0,0,14,64,1,0,0,0,0,0,0,1,0,0,192,225,128,0,0,0,0,0,0,0,0,0,0,0,0,-1,0,0,0,0,-1,0,0,0,0,-1,0,0,0,0,-1,0,0,0,0,-1,0,0,0,0,-1,0,0,0,0,-1,0,0,0,0,-1,0,0,0,0,-1,0,0,0,0,-1,0,0,0,0,-1,0,0,0,0,-1,0,0,0,0,37,53,69,0,3,48,180
2845,2349,fd,1,164,80,0,4,4,2,1056,0,2,0,0,0,1,0,2,192,82,128,1,63924,4000,2900,1,0,2,0,0,11,0,0,14,64,1,0,0,0,0,0,0,1,0,0,192,223,0,0,0,0,0,0,0,0,0,0,0,0,0,-1,0,0,0,0,-1,0,0,0,0,-1,0,0,0,0,-1,0,0,0,0,-1,0,0,0,0,-1,0,0,0,0,-1,0,0,0,0,-1,0,0,0,0,-1,0,0,0,0,-1,0,0,0,0,-1,0,0,0,0,-1,0,0,0,0,36,52,68,0,3,49,180
2846,2350,fd,1,164,80,0,4,4,2,1056,0,2,0,0,0,1,0,2,192,81,128,1,63923,4000,2899,1,0,2,0,0,11,0,0,14,64,1,0,0,0,0,0,0,1,0,0,192,222,128,0,0,0,0,0,0,0,0,0,0,0,0,-1,0,0,0,0,-1,0,0,0,0,-1,0,0,0,0,-1,0,0,0,0,-1,0,0,0,0,-1,0,0,0,0,-1,0,0,0,0,-1,0,0,0,0,-1,0,0,0,0,-1,0,0,0,0,-1,0,0,0,0,-1,0,0,0,0,35,51,67,0,3,50,180
2847,2351,fd,1,164,80,0,4,4,2,1056,0,2,0,0,0,1,0,2,192,80,128,0,63922,4000,2898,1,0,2,0,0,11,0,0,14,64,1,0,0,0,0,0,0,1,0,0,192,220,0,0,0,0,0,0,0,0,0,0,0,0,0,-1,0,0,0,0,-1,0,0,0,0,-1,0,0,0,0,-1,0,0,0,0,-1,0,0,0,0,-1,0,0,0,0,-1,0,0,0,0,-1,0,0,0,0,-1,0,0,0,0,-1,0,0,0,0,-1,0,0,0,0,-1,0,0,0,0,34,50,66,0,3,51,180
2848,2352,fd,1,164,80,0,4,4,2,1056,0,2,0,0,0,1,0,2,192,80,128,0,63921,4000,2897,1,0,2,0,0,11,0,0,13,64,1,0,0,0,0,0,0,1,0,0,192,219,128,0,0,0,0,0,0,0,0,0,0,0,0,-1,0,0,0,0,-1,0,0,0,0,-1,0,0,0,0,-1,0,0,0,0,-1,0,0,0,0,-1,0,0,0,0,-1,0,0,0,0,-1,0,0,0,0,-1,0,0,0,0,-1,0,0,0,0,-1,0,0,0,0,-1,0,0,0,0,33,49,65,0,3,52,180
2849,2353,fd,1,164,80,0,4,4,2,1056,0,2,0,0,0,1,0,2,192,80,128,0,63920,4000,2896,1,0,2,0,0,11,0,0,13,64,1,0,0,0,0,0,0,1,0,0,192,217,0,0,0,0,0,0,0,0,0,0,0,0,0,-1,0,0,0,0,-1,0,0,0,0,-1,0,0,0,0,-1,0,0,0,0,-1,0,0,0,0,-1,0,0,0,0,-1,0,0,0,0,-1,0,0,0,0,-1,0,0,0,0,-1,0,0,0,0,-1,0,0,0,0,-1,0,0,0,0,32,48,64,0,3,53,180
2850,2354,fd,1,164,80,0,4,4,2,1056,0,2,0,0,0,1,0,2,192,80,128,0,63919,4000,2895,1,0,2,0,0,11,0,0,13,64,1,0,0,0,0,0,0,1,0,0,192,216,128,0,0,0,0,0,0,0,0,0,0,0,0,-1,0,0,0,0,-1,0,0,0,0,-1,0,0,0,0,-1,0,0,0,0,-1,0,0,0,0,-1,0,0,0,0,-1,0,0,0,0,-1,0,0,0,0,-1,0,0,0,0,-1,0,0,0,0,-1,0,0,0,0,-1,0,0,0,0,31,47,63,0,3,54,180
2851,2355,fd,1,164,80,0,4,4,2,1056,0,2,0,0,0,1,0,2,192,80,128,0,63918,4000,2894,1,0,2,0,0,11,0,0,13,64,1,0,0,0,0,0,0,1,0,0,192,214,0,0,0,0,0,0,0,0,0,0,0,0,0,-1,0,0,0,0,-1,0,0,0,0,-1,0,0,0,0,-1,0,0,0,0,-1,0,0,0,0,-1,0,0,0,0,-1,0,0,0,0,-1,0,0,0,0,-1,0,0,0,0,-1,0,0,0,0,-1,0,0,0,0,-1,0,0,0,0,30,46,62,0,3,55,180
2852,2356,fd,1,164,80,0,4,4,2,1056,0,2,0,0,0,1,0,2,192,80,128,0,63917,4000,2893,1,0,2,0,0,11,0,0,12,64,1,0,0,0,0,0,0,1,0,0,192,213,128,0,0,0,0,0,0,0,0,0,0,0,0,-1,0,0,0,0,-1,0,0,0,0,-1,0,0,0,0,-1,0,0,0,0,-1,0,0,0,0,-1,0,0,0,0,-1,0,0,0,0,-1,0,0,0,0,-1,0,0,0,0,-1,0,0,0,0,-1,0,0,0,0,-1,0,0,0,0,29,45,61,0,3,56,180
2853,2357,fd,1,164,80,0,4,4,2,1056,0,2,0,0,0,1,0,2,192,80,128,0,63916,4000,2892,1,0,2,0,0,11,0,0,12,64,1,0,0,0,0,0,0,1,0,0,192,211,0,0,0,0,0,0,0,0,0,0,0,0,0,-1,0,0,0,0,-1,0,0,0,0,-1,0,0,0,0,-1,0,0,0,0,-1,0,0,0,0,-1,0,0,0,0,-1,0,0,0,0,-1,0,0,0,0,-1,0,0,0,0,-1,0,0,0,0,-1,0,0,0,0,-1,0,0,0,0,28,44,60,0,3,57,180
2854,2358,fd,1,164,80,0,4,4,2,1056,0,2,0,0,0,1,0,2,192,80,128,0,63915,4000,2891,1,0,2,0,0,11,0,0,12,64,1,0,0,0,0,0,0,1,0,0,192,210,128,0,0,0,0,0,0,0,0,0,0,0,0,-1,0,0,0,0,-1,0,0,0,0,-1,0,0,0,0,-1,0,0,0,0,-1,0,0,0,0,-1,0,0,0,0,-1,0,0,0,0,-1,0,0,0,0,-1,0,0,0,0,-1,0,0,0,0,-1,0,0,0,0,-1,0,0,0,0,27,43,59,0,3,58,180
2855,2359,fd,1,164,80,0,4,4,2,1056,0,2,0,0,0,1,0,2,192,80,128,0,63914,4000,2890,1,0,2,0,0,11,0,0,12,64,1,0,0,0,0,0,0,1,0,0,192,208,0,0,0,0,0,0,0,0,0,0,0,0,0,-1,0,0,0,0,-1,0,0,0,0,-1,0,0,0,0,-1,0,0,0,0,-1,0,0,0,0,-1,0,0,0,0,-1,0,0,0,0,-1,0,0,0,0,-1,0,0,0,0,-1,0,0,0,0,-1,0,0,0,0,-1,0,0,0,0,26,42,58,0,3,59,180
2856,2360,fd,1,164,80,0,4,4,2,1056,0,2,0,0,0,1,0,2,192,80,128,0,63913,4000,2889,1,0,2,0,0,11,0,0,11,64,1,0,0,0,0,0,0,1,0,0,192,207,128,0,0,0,0,0,0,0,0,0,0,0,0,-1,0,0,0,0,-1,0,0,0,0,-1,0,0,0,0,-1,0,0,0,0,-1,0,0,0,0,-1,0,0,0,0,-1,0,0,0,0,-1,0,0,0,0,-1,0,0,0,0,-1,0,0,0,0,-1,0,0,0,0,-1,0,0,0,0,25,41,57,0,3,60,180
2857,2361,fd,1,164,80,0,4,4,2,1056,0,2,0,0,0,1,0,2,192,80,128,0,63912,4000,2888,1,0,2,0,0,11,0,0,11,64,1,0,0,0,0,0,0,1,0,0,192,205,0,0,0,0,0,0,0,0,0,0,0,0,0,-1,0,0,0,0,-1,0,0,0,0,-1,0,0,0,0,-1,0,0,0,0,-1,0,0,0,0,-1,0,0,0,0,-1,0,0,0,0,-1,0,0,0,0,-1,0,0,0,0,-1,0,0,0,0,-1,0,0,0,0,-1,0,0,0,0,24,40,56,0,3,61,180
2858,2362,fd,1,164,80,0,4,4,2,1056,0,2,0,0,0,1,0,2,192,80,128,0,63911,4000,2887,1,0,2,0,0,11,0,0,11,64,1,0,0,0,0,0,0,1,0,0,192,204,128,0,0,0,0,0,0,0,0,0,0,0,0,-1,0,0,0,0,-1,0,0,0,0,-1,0,0,0,0,-1,0,0,0,0,-1,0,0,0,0,-1,0,0,0,0,-1,0,0,0,0,-1,0,0,0,0,-1,0,0,0,0,-1,0,0,0,0,-1,0,0,0,0,-1,0,0,0,0,23,39,55,0,3,62,180
2859,2363,fd,1,164,80,0,4,4,2,1056,0,2,0,0,0,1,0,2,192,80,128,0,63910,4000,2886,1,0,2,0,0,11,0,0,11,64,1,0,0,0,0,0,0,1,0,0,192,202,0,0,0,0,0,0,0,0,0,0,0,0,0,-1,0,0,0,0,-1,0,0,0,0,-1,0,0,0,0,-1,0,0,0,0,-1,0,0,0,0,-1,0,0,0,0,-1,0,0,0,0,-1,0,0,0,0,-1,0,0,0,0,-1,0,0,0,0,-1,0,0,0,0,-1,0,0,0,0,22,38,54,0,3,63,180
2860,2364,fd,1,164,80,0,4,4,2,1056,0,2,0,0,0,1,0,2,192,80,128,0,63909,4000,2885,1,0,2,0,0,11,0,0,10,64,1,0,0,0,0,0,0,1,0,0,192,201,128,0,0,0,0,0,0,0,0,0,0,0,0,-1,0,0,0,0,-1,0,0,0,0,-1,0,0,0,0,-1,0,0,0,0,-1,0,0,0,0,-1,0,0,0,0,-1,0,0,0,0,-1,0,0,0,0,-1,0,0,0,0,-1,0,0,0,0,-1,0,0,0,0,-1,0,0,0,0,21,37,53,0,3,64,180
2861,2365,fd,1,164,80,0,4,4,2,1056,0,2,0,0,0,1,0,2,192,80,128,0,63908,4000,2884,1,0,2,0,0,11,0,0,10,64,1,0,0,0,0,0,0,1,0,0,192,199,0,0,0,0,0,0,0,0,0,0,0,0,0,-1,0,0,0,0,-1,0,0,0,0,-1,0,0,0,0,-1,0,0,0,0,-1,0,0,0,0,-1,0,0,0,0,-1,0,0,0,0,-1,0,0,0,0,-1,0,0,0,0,-1,0,0,0,0,-1,0,0,0,0,-1,0,0,0,0,20,36,52,0,3,65,180
2862,2366,fd,1,164,80,0,4,4,2,1056,0,2,0,0,0,1,0,2,192,80,128,0,63907,4000,2883,1,0,2,0,0,11,0,0,10,64,1,0,0,0,0,0,0,1,0,0,192,198,128,0,0,0,0,0,0,0,0,0,0,0,0,-1,0,0,0,0,-1,0,0,0,0,-1,0,0,0,0,-1,0,0,0,0,-1,0,0,0,0,-1,0,0,0,0,-1,0,0,0,0,-1,0,0,0,0,-1,0,0,0,0,-1,0,0,0,0,-1,0,0,0,0,-1,0,0,0,0,19,35,51,0,3,66,180
2863,2367,fd,1,164,80,0,4,4,2,1056,0,2,0,0,0,1,0,2,192,80,128,0,63906,4000,2882,1,0,2,0,0,11,0,0,10,64,1,0,0,0,0,0,0,1,0,0,192,196,0,0,0,0,0,0,0,0,0,0,0,0,0,-1,0,0,0,0,-1,0,0,0,0,-1,0,0,0,0,-1,0,0,0,0,-1,0,0,0,0,-1,0,0,0,0,-1,0,0,0,0,-1,0,0,0,0,-1,0,0,0,0,-1,0,0,0,0,-1,0,0,0,0,-1,0,0,0,0,18,34,50,0,3,67,180
2864,2368,fd,1,164,80,0,4,4,2,1056,0,2,0,0,0,1,0,2,192,80,128,0,63905,4000,2881,1,0,2,0,0,11,0,0,9,64,1,0,0,0,0,0,0,1,0,0,192,195,128,0,0,0,0,0,0,0,0,0,0,0,0,-1,0,0,0,0,-1,0,0,0,0,-1,0,0,0,0,-1,0,0,0,0,-1,0,0,0,0,-1,0,0,0,0,-1,0,0,0,0,-1,0,0,0,0,-1,0,0,0,0,-1,0,0,0,0,-1,0,0,0,0,-1,0,0,0,0,17,33,49,0,3,68,180
2865,2369,fd,1,164,80,0,4,4,2,1056,0,2,0,0,0,1,0,2,192,80,128,0,63904,4000,2880,1,0,2,0,0,11,0,0,9,64,1,0,0,0,0,0,0,1,0,0,192,193,0,0,0,0,0,0,0,0,0,0,0,0,0,-1,0,0,0,0,-1,0,0,0,0,-1,0,0,0,0,-1,0,0,0,0,-1,0,0,0,0,-1,0,0,0,0,-1,0,0,0,0,-1,0,0,0,0,-1,0,0,0,0,-1,0,0,0,0,-1,0,0,0,0,-1,0,0,0,0,16,32,48,0,3,69,180
2866,2370,fd,1,164,80,0,4,4,2,1056,0,2,0,0,0,1,0,2,192,80,128,0,63903,4000,2879,1,0,2,0,0,11,0,0,9,64,1,1,0,0,192,240,128,1,0,0,192,192,128,0,0,0,0,0,0,0,0,0,0,0,0,-1,0,0,0,0,-1,0,0,0,0,-1,0,0,0,0,-1,0,0,0,0,-1,0,0,0,0,-1,0,0,0,0,-1,0,0,0,0,-1,0,0,0,0,-1,0,0,0,0,-1,0,0,0,0,-1,0,0,0,0,-1,0,0,0,0,15,31,47,0,3,70,180
2867,2371,fd,1,164,80,0,4,4,2,1056,0,2,0,0,0,1,0,2,192,80,128,0,63902,4000,2878,1,0,2,0,0,11,0,0,9,64,1,1,0,0,192,238,0,1,0,0,192,190,0,0,0,0,0,0,0,0,0,0,0,0,0,-1,0,0,0,0,-1,0,0,0,0,-1,0,0,0,0,-1,0,0,0,0,-1,0,0,0,0,-1,0,0,0,0,-1,0,0,0,0,-1,0,0,0,0,-1,0,0,0,0,-1,0,0,0,0,-1,0,0,0,0,-1,0,0,0,0,14,30,46,0,3,71,180
2868,2372,fd,1,164,80,0,4,4,2,1056,0,2,0,0,0,1,0,2,192,80,128,0,63901,4000,2877,1,0,2,0,0,11,0,0,8,64,1,1,0,0,192,237,128,1,0,0,192,189,128,0,0,0,0,0,0,0,0,0,0,0,0,-1,0,0,0,0,-1,0,0,0,0,-1,0,0,0,0,-1,0,0,0,0,-1,0,0,0,0,-1,0,0,0,0,-1,0,0,0,0,-1,0,0,0,0,-1,0,0,0,0,-1,0,0,0,0,-1,0,0,0,0,-1,0,0,0,0,13,29,45,0,3,72,180
2869,2373,fd,1,164,80,0,4,4,2,1056,0,2,0,0,0,1,0,2,192,80,128,0,63900,4000,2876,1,0,2,0,0,11,0,0,8,64,1,1,0,0,192,235,0,1,0,0,192,187,0,0,0,0,0,0,0,0,0,0,0,0,0,-1,0,0,0,0,-1,0,0,0,0,-1,0,0,0,0,-1,0,0,0,0,-1,0,0,0,0,-1,0,0,0,0,-1,0,0,0,0,-1,0,0,0,0,-1,0,0,0,0,-1,0,0,0,0,-1,0,0,0,0,-1,0,0,0,0,12,28,44,0,3,73,180
2870,2374,fd,1,164,80,0,4,4,2,1056,0,2,0,0,0,1,0,2,192,80,128,0,63899,4000,2875,1,0,2,0,0,11,0,0,8,64,1,1,0,0,192,234,128,1,0,0,192,186,128,0,0,0,0,0,0,0,0,0,0,0,0,-1,0,0,0,0,-1,0,0,0,0,-1,0,0,0,0,-1,0,0,0,0,-1,0,0,0,0,-1,0,0,0,0,-1,0,0,0,0,-1,0,0,0,0,-1,0,0,0,0,-1,0,0,0,0,-1,0,0,0,0,-1,0,0,0,0,11,27,43,0,3,74,180
2871,2375,fd,1,164,80,0,4,4,2,1056,0,2,0,0,0,1,0,2,192,80,128,0,63898,4000,2874,1,0,2,0,0,11,0,0,8,64,1,1,0,0,192,232,0,1,0,0,192,184,0,0,0,0,0,0,0,0,0,0,0,0,0,-1,0,0,0,0,-1,0,0,0,0,-1,0,0,0,0,-1,0,0,0,0,-1,0,0,0,0,-1,0,0,0,0,-1,0,0,0,0,-1,0,0,0,0,-1,0,0,0,0,-1,0,0,0,0,-1,0,0,0,0,-1,0,0,0,0,10,26,42,0,3,75,180
2872,2376,fd,1,164,80,0,4,4,2,1056,0,2,0,0,0,1,0,2,192,80,128,0,63897,4000,2873,1,0,2,0,0,11,0,0,7,64,1,1,0,0,192,231,128,1,0,0,192,183,128,0,0,0,0,0,0,0,0,0,0,0,0,-1,0,0,0,0,-1,0,0,0,0,-1,0,0,0,0,-1,0,0,0,0,-1,0,0,0,0,-1,0,0,0,0,-1,0,0,0,0,-1,0,0,0,0,-1,0,0,0,0,-1,0,0,0,0,-1,0,0,0,0,-1,0,0,0,0,9,25,41,0,3,76,180
2873,2377,fd,1,164,80,0,4,4,2,1056,0,2,0,0,0,1,0,2,192,80,128,0,63896,4000,2872,1,0,2,0,0,11,0,0,7,64,1,1,0,0,192,229,0,1,0,0,192,181,0,0,0,0,0,0,0,0,0,0,0,0,0,-1,0,0,0,0,-1,0,0,0,0,-1,0,0,0,0,-1,0,0,0,0,-1,0,0,0,0,-1,0,0,0,0,-1,0,0,0,0,-1,0,0,0,0,-1,0,0,0,0,-1,0,0,0,0,-1,0,0,0,0,-1,0,0,0,0,8,24,40,0,3,77,180
2874,2378,fd,1,164,80,0,4,4,2,1056,0,2,0,0,0,1,0,2,192,80,128,0,63895,4000,2871,1,0,2,0,0,11,0,0,7,64,1,1,0,0,192,228,128,1,0,0,192,180,128,0,0,0,0,0,0,0,0,0,0,0,0,-1,0,0,0,0,-1,0,0,0,0,-1,0,0,0,0,-1,0,0,0,0,-1,0,0,0,0,-1,0,0,0,0,-1,0,0,0,0,-1,0,0,0,0,-1,0,0,0,0,-1,0,0,0,0,-1,0,0,0,0,-1,0,0,0,0,7,23,39,0,3,78,180
2875,2379,fd,1,164,80,0,4,4,2,1056,0,2,0,0,0,1,0,2,192,80,128,0,63894,4000,2870,1,0,2,0,0,11,0,0,7,64,1,1,0,0,192,226,0,1,0,0,192,178,0,0,0,0,0,0,0,0,0,0,0,0,0,-1,0,0,0,0,-1,0,0,0,0,-1,0,0,0,0,-1,0,0,0,0,-1,0,0,0,0,-1,0,0,0,0,-1,0,0,0,0,-1,0,0,0,0,-1,0,0,0,0,-1,0,0,0,0,-1,0,0,0,0,-1,0,0,0,0,6,22,38,0,3,79,180
2876,2380,fd,1,164,80,0,4,4,2,1056,0,2,0,0,0,1,0,2,192,80,128,0,63893,4000,2869,1,0,2,0,0,11,0,0,6,64,1,1,0,0,192,225,128,1,0,0,192,177,128,0,0,0,0,0,0,0,0,0,0,0,0,-1,0,0,0,0,-1,0,0,0,0,-1,0,0,0,0,-1,0,0,0,0,-1,0,0,0,0,-1,0,0,0,0,-1,0,0,0,0,-1,0,0,0,0,-1,0,0,0,0,-1,0,0,0,0,-1,0,0,0,0,-1,0,0,0,0,5,21,37,0,3,80,180
2877,2381,fd,1,164,80,0,4,4,2,1056,0,2,0,0,0,1,0,2,192,80,128,0,63892,4000,2868,1,0,2,0,0,11,0,0,6,64,1,1,0,0,192,223,0,1,0,0,192,175,0,0,0,0,0,0,0,0,0,0,0,0,0,-1,0,0,0,0,-1,0,0,0,0,-1,0,0,0,0,-1,0,0,0,0,-1,0,0,0,0,-1,0,0,0,0,-1,0,0,0,0,-1,0,0,0,0,-1,0,0,0,0,-1,0,0,0,0,-1,0,0,0,0,-1,0,0,0,0,4,20,36,0,3,81,180
2878,2382,ed,1,160,80,1,4,4,2,1024,16,2,0,0,0,1,0,4,192,80,128,0,63891,4000,2867,1,0,2,0,0,11,1,0,6,64,1,1,0,0,192,222,128,1,0,0,192,174,128,0,0,0,0,0,0,0,0,0,0,0,0,-1,0,0,0,0,-1,0,0,0,0,-1,0,0,0,0,-1,0,0,0,0,-1,0,0,0,0,-1,0,0,0,0,-1,0,0,0,0,-1,0,0,0,0,-1,0,0,0,0,-1,0,0,0,0,-1,0,0,0,0,-1,0,0,0,0,3,19,35,0,3,82,180
2879,2383,fd,1,157,80,1,4,4,2,992,16,2,0,0,0,1,0,4,192,78,128,0,63890,4000,2866,1,0,2,0,0,11,0,0,6,64,1,1,0,0,192,220,0,1,0,0,192,172,0,0,0,0,0,0,0,0,0,0,0,0,0,-1,0,0,0,0,-1,0,0,0,0,-1,0,0,0,0,-1,0,0,0,0,-1,0,0,0,0,-1,0,0,0,0,-1,0,0,0,0,-1,0,0,0,0,-1,0,0,0,0,-1,0,0,0,0,-1,0,0,0,0,-1,0,0,0,0,2,18,34,0,3,83,180
2880,2384,fd,1,154,80,1,4,4,2,960,0,2,0,0,0,1,0,4,192,76,128,0,63889,4000,2865,1,0,2,0,0,11,0,0,5,64,1,1,0,0,192,219,128,1,0,0,192,171,128,0,0,0,0,0,0,0,0,0,0,0,0,-1,0,0,0,0,-1,0,0,0,0,-1,0,0,0,0,-1,0,0,0,0,-1,0,0,0,0,-1,0,0,0,0,-1,0,0,0,0,-1,0,0,0,0,-1,0,0,0,0,-1,0,0,0,0,-1,0,0,0,0,-1,0,0,0,0,1,17,33,0,3,84,180
2881,2385,fd,1,151,80,1,4,4,2,928,0,2,0,0,0,1,0,4,192,74,128,0,63888,4000,2864,1,0,2,0,0,11,0,0,5,64,1,1,0,0,192,217,0,1,0,0,192,169,0,0,0,0,0,0,0,0,0,0,0,0,0,-1,0,0,0,0,-1,0,0,0,0,-1,0,0,0,0,-1,0,0,0,0,-1,0,0,0,0,-1,0,0,0,0,-1,0,0,0,0,-1,0,0,0,0,-1,0,0,0,0,-1,0,0,0,0,-1,0,0,0,0,-1,0,0,0,0,0,16,32,0,3,85,180
2882,2386,fd,1,148,80,1,4,4,2,896,0,2,0,0,0,1,0,4,192,72,128,0,63887,4000,2863,1,0,2,0,0,11,0,0,5,64,1,1,0,0,192,216,128,1,0,0,192,168,128,0,0,0,0,0,0,0,0,0,0,0,0,-1,0,0,0,0,-1,0,0,0,0,-1,0,0,0,0,-1,0,0,0,0,-1,0,0,0,0,-1,0,0,0,0,-1,0,0,0,0,-1,0,0,0,0,-1,0,0,0,0,-1,0,0,0,0,-1,0,0,0,0,-1,0,0,0,0,255,15,31,0,3,86,180
2883,2387,fd,1,145,80,1,4,4,2,864,0,2,0,0,0,1,0,4,192,70,128,0,63886,4000,2862,1,0,2,0,0,11,0,0,5,64,1,1,0,0,192,214,0,1,0,0,192,166,0,0,0,0,0,0,0,0,0,0,0,0,0,-1,0,0,0,0,-1,0,0,0,0,-1,0,0,0,0,-1,0,0,0,0,-1,0,0,0,0,-1,0,0,0,0,-1,0,0,0,0,-1,0,0,0,0,-1,0,0,0,0,-1,0,0,0,0,-1,0,0,0,0,-1,0,0,0,0,254,14,30,0,3,87,180
2884,2388,fd,1,142,80,1,4,4,2,832,0,2,0,0,0,1,0,4,192,68,128,0,63885,4000,2861,1,0,2,0,0,11,0,0,4,64,1,1,0,0,192,213,128,1,0,0,192,165,128,0,0,0,0,0,0,0,0,0,0,0,0,-1,0,0,0,0,-1,0,0,0,0,-1,0,0,0,0,-1,0,0,0,0,-1,0,0,0,0,-1,0,0,0,0,-1,0,0,0,0,-1,0,0,0,0,-1,0,0,0,0,-1,0,0,0,0,-1,0,0,0,0,-1,0,0,0,0,253,13,29,0,3,88,180
2885,2389,fd,1,139,80,1,4,4,2,800,0,2,0,0,0,1,0,4,192,66,128,0,63884,4000,2860,1,0,2,0,0,11,0,0,4,64,1,1,0,0,192,211,0,1,0,0,192,163,0,0,0,0,0,0,0,0,0,0,0,0,0,-1,0,0,0,0,-1,0,0,0,0,-1,0,0,0,0,-1,0,0,0,0,-1,0,0,0,0,-1,0,0,0,0,-1,0,0,0,0,-1,0,0,0,0,-1,0,0,0,0,-1,0,0,0,0,-1,0,0,0,0,-1,0,0,0,0,252,12,28,0,3,89,180
2886,2390,fd,1,136,80,1,4,4,2,768,0,2,0,0,0,1,0,4,192,64,128,0,63883,4000,2859,1,0,2,0,0,11,0,0,4,64,1,1,0,0,192,210,128,1,0,0,192,162,128,0,0,0,0,0,0,0,0,0,0,0,0,-1,0,0,0,0,-1,0,0,0,0,-1,0,0,0,0,-1,0,0,0,0,-1,0,0,0,0,-1,0,0,0,0,-1,0,0,0,0,-1,0,0,0,0,-1,0,0,0,0,-1,0,0,0,0,-1,0,0,0,0,-1,0,0,0,0,251,11,27,0,3,90,180
2887,2391,fd,1,134,80,1,4,4,2,736,0,2,0,0,0,1,0,4,192,62,128,0,63882,4000,2858,1,0,2,0,0,11,0,0,4,64,1,1,0,0,192,208,0,1,0,0,192,160,0,0,0,0,0,0,0,0,0,0,0,0,0,-1,0,0,0,0,-1,0,0,0,0,-1,0,0,0,0,-1,0,0,0,0,-1,0,0,0,0,-1,0,0,0,0,-1,0,0,0,0,-1,0,0,0,0,-1,0,0,0,0,-1,0,0,0,0,-1,0,0,0,0,-1,0,0,0,0,250,10,26,0,3,91,180
2888,2392,fd,1,132,80,1,4,4,2,704,0,2,0,0,0,1,0,4,192,60,128,0,63881,4000,2857,1,0,2,0,0,11,0,0,3,64,1,1,0,0,192,207,128,1,0,0,192,159,128,0,0,0,0,0,0,0,0,0,0,0,0,-1,0,0,0,0,-1,0,0,0,0,-1,0,0,0,0,-1,0,0,0,0,-1,0,0,0,0,-1,0,0,0,0,-1,0,0,0,0,-1,0,0,0,0,-1,0,0,0,0,-1,0,0,0,0,-1,0,0,0,0,-1,0,0,0,0,249,9,25,0,3,92,180
2889,2393,fd,1,130,80,1,4,4,2,672,0,2,0,0,0,1,0,4,192,58,128,0,63880,4000,2856,1,0,2,0,0,11,0,0,3,64,1,1,0,0,192,205,0,1,0,0,192,157,0,0,0,0,0,0,0,0,0,0,0,0,0,-1,0,0,0,0,-1,0,0,0,0,-1,0,0,0,0,-1,0,0,0,0,-1,0,0,0,0,-1,0,0,0,0,-1,0,0,0,0,-1,0,0,0,0,-1,0,0,0,0,-1,0,0,0,0,-1,0,0,0,0,-1,0,0,0,0,248,8,24,0,3,93,180
2890,2394,fd,1,128,80,1,4,4,2,640,0,2,0,0,0,1,0,4,192,56,128,0,63879,4000,2855,1,0,2,0,0,11,0,0,3,64,1,1,0,0,192,204,128,1,0,0,192,156,128,0,0,0,0,0,0,0,0,0,0,0,0,-1,0,0,0,0,-1,0,0,0,0,-1,0,0,0,0,-1,0,0,0,0,-1,0,0,0,0,-1,0,0,0,0,-1,0,0,0,0,-1,0,0,0,0,-1,0,0,0,0,-1,0,0,0,0,-1,0,0,0,0,-1,0,0,0,0,247,7,23,0,3,94,180
2891,2395,fd,1,126,80,1,4,4,2,608,0,2,0,0,0,1,0,4,192,54,128,0,63878,4000,2854,1,0,2,0,0,11,0,0,3,64,1,1,0,0,192,202,0,1,0,0,192,154,0,0,0,0,0,0,0,0,0,0,0,0,0,-1,0,0,0,0,-1,0,0,0,0,-1,0,0,0,0,-1,0,0,0,0,-1,0,0,0,0,-1,0,0,0,0,-1,0,0,0,0,-1,0,0,0,0,-1,0,0,0,0,-1,0,0,0,0,-1,0,0,0,0,-1,0,0,0,0,246,6,22,0,3,95,180
2892,2396,fd,1,124,80,1,4,4,2,576,0,2,0,0,0,1,0,4,192,52,128,0,63877,4000,2853,1,0,2,0,0,11,0,0,2,64,1,1,0,0,192,201,128,1,0,0,192,153,128,0,0,0,0,0,0,0,0,0,0,0,0,-1,0,0,0,0,-1,0,0,0,0,-1,0,0,0,0,-1,0,0,0,0,-1,0,0,0,0,-1,0,0,0,0,-1,0,0,0,0,-1,0,0,0,0,-1,0,0,0,0,-1,0,0,0,0,-1,0,0,0,0,-1,0,0,0,0,245,5,21,0,3,96,180
2893,2397,fd,1,122,80,1,4,4,2,544,0,2,0,0,0,1,0,4,192,50,128,0,63876,4000,2852,1,0,2,0,0,11,0,0,2,64,1,1,0,0,192,199,0,1,0,0,192,151,0,0,0,0,0,0,0,0,0,0,0,0,0,-1,0,0,0,0,-1,0,0,0,0,-1,0,0,0,0,-1,0,0,0,0,-1,0,0,0,0,-1,0,0,0,0,-1,0,0,0,0,-1,0,0,0,0,-1,0,0,0,0,-1,0,0,0,0,-1,0,0,0,0,-1,0,0,0,0,244,4,20,0,3,97,180
2894,2398,fd,1,120,80,1,4,4,2,512,0,2,0,0,0,1,0,4,192,48,128,0,63875,4000,2851,1,0,2,0,0,11,0,0,2,64,1,1,0,0,192,198,128,1,0,0,192,150,128,0,0,0,0,0,0,0,0,0,0,0,0,-1,0,0,0,0,-1,0,0,0,0,-1,0,0,0,0,-1,0,0,0,0,-1,0,0,0,0,-1,0,0,0,0,-1,0,0,0,0,-1,0,0,0,0,-1,0,0,0,0,-1,0,0,0,0,-1,0,0,0,0,-1,0,0,0,0,243,3,19,0,3,98,180
2895,2399,fd,1,119,80,1,4,4,2,480,0,2,0,0,0,1,0,4,192,46,128,0,63874,4000,2850,1,0,2,0,0,11,0,0,2,64,1,1,0,0,192,196,0,1,0,0,192,148,0,0,0,0,0,0,0,0,0,0,0,0,0,-1,0,0,0,0,-1,0,0,0,0,-1,0,0,0,0,-1,0,0,0,0,-1,0,0,0,0,-1,0,0,0,0,-1,0,0,0,0,-1,0,0,0,0,-1,0,0,0,0,-1,0,0,0,0,-1,0,0,0,0,-1,0,0,0,0,242,2,18,0,3,99,180
2896,2400,fd,1,118,80,1,4,4,2,448,0,2,0,0,0,1,0,4,192,44,128,0,63873,4000,2849,1,0,2,0,0,11,0,0,1,64,1,1,0,0,192,195,128,1,0,0,192,147,128,0,0,0,0,0,0,0,0,0,0,0,0,-1,0,0,0,0,-1,0,0,0,0,-1,0,0,0,0,-1,0,0,0,0,-1,0,0,0,0,-1,0,0,0,0,-1,0,0,0,0,-1,0,0,0,0,-1,0,0,0,0,-1,0,0,0,0,-1,0,0,0,0,-1,0,0,0,0,241,1,17,0,3,100,180
2897,2401,fd,1,117,80,1,4,4,2,416,0,2,0,0,0,1,0,4,192,42,128,0,63872,4000,2848,1,0,2,0,0,11,0,0,1,64,1,1,0,0,192,193,0,1,0,0,192,145,0,0,0,0,0,0,0,0,0,0,0,0,0,-1,0,0,0,0,-1,0,0,0,0,-1,0,0,0,0,-1,0,0,0,0,-1,0,0,0,0,-1,0,0,0,0,-1,0,0,0,0,-1,0,0,0,0,-1,0,0,0,0,-1,0,0,0,0,-1,0,0,0,0,-1,0,0,0,0,240,0,16,0,3,101,180
2898,2402,fd,1,116,80,1,4,4,2,384,0,2,0,0,0,1,0,4,192,40,128,0,63871,4000,2847,1,0,2,0,0,11,0,0,1,64,1,1,0,0,192,192,128,1,0,0,192,144,128,1,0,0,192,240,128,0,0,0,0,0,0,-1,0,0,0,0,-1,0,0,0,0,-1,0,0,0,0,-1,0,0,0,0,-1,0,0,0,0,-1,0,0,0,0,-1,0,0,0,0,-1,0,0,0,0,-1,0,0,0,0,-1,0,0,0,0,-1,0,0,0,0,-1,0,0,0,0,239,255,15,0,3,102,180
2899,2403,fd,1,115,80,1,4,4,2,352,0,2,0,0,0,1,0,4,192,38,128,0,63870,4000,2846,1,0,2,0,0,11,0,0,1,64,1,1,0,0,192,190,0,1,0,0,192,142,0,1,0,0,192,238,0,0,0,0,0,0,0,-1,0,0,0,0,-1,0,0,0,0,-1,0,0,0,0,-1,0,0,0,0,-1,0,0,0,0,-1,0,0,0,0,-1,0,0,0,0,-1,0,0,0,0,-1,0,0,0,0,-1,0,0,0,0,-1,0,0,0,0,-1,0,0,0,0,238,254,14,0,3,103,180
2900,2404,fd,1,114,80,1,4,4,2,320,0,2,0,0,0,1,0,4,192,36,128,0,63869,4000,2845,1,0,2,0,0,11,0,0,0,64,1,1,0,0,192,189,128,1,0,0,192,141,128,1,0,0,192,237,128,0,0,0,0,0,0,-1,0,0,0,0,-1,0,0,0,0,-1,0,0,0,0,-1,0,0,0,0,-1,0,0,0,0,-1,0,0,0,0,-1,0,0,0,0,-1,0,0,0,0,-1,0,0,0,0,-1,0,0,0,0,-1,0,0,0,0,-1,0,0,0,0,237,253,13,0,3,104,180
2901,2405,fd,1,113,80,1,4,4,2,288,0,2,0,0,0,1,0,4,192,34,128,0,63868,4000,2844,1,0,2,0,0,11,0,0,0,64,1,1,0,0,192,187,0,1,0,0,192,139,0,1,0,0,192,235,0,0,0,0,0,0,0,-1,0,0,0,0,-1,0,0,0,0,-1,0,0,0,0,-1,0,0,0,0,-1,0,0,0,0,-1,0,0,0,0,-1,0,0,0,0,-1,0,0,0,0,-1,0,0,0,0,-1,0,0,0,0,-1,0,0,0,0,-1,0,0,0,0,236,252,12,0,3,105,180
2902,2406,fd,1,112,80,1,4,4,2,256,0,2,0,0,0,1,0,4,192,32,128,0,63867,4000,2843,1,0,2,0,0,11,0,0,0,64,1,1,0,0,192,186,128,1,0,0,192,138,128,1,0,0,192,234,128,0,0,0,0,0,0,-1,0,0,0,0,-1,0,0,0,0,-1,0,0,0,0,-1,0,0,0,0,-1,0,0,0,0,-1,0,0,0,0,-1,0,0,0,0,-1,0,0,0,0,-1,0,0,0,0,-1,0,0,0,0,-1,0,0,0,0,-1,0,0,0,0,235,251,11,0,3,106,180
2903,2407,fd,1,112,80,1,4,4,2,224,0,2,0,0,0,1,0,4,192,30,128,0,63866,4000,2842,1,0,2,0,0,11,0,0,0,64,1,1,0,0,192,184,0,1,0,0,192,136,0,1,0,0,192,232,0,0,0,0,0,0,0,-1,0,0,0,0,-1,0,0,0,0,-1,0,0,0,0,-1,0,0,0,0,-1,0,0,0,0,-1,0,0,0,0,-1,0,0,0,0,-1,0,0,0,0,-1,0,0,0,0,-1,0,0,0,0,-1,0,0,0,0,-1,0,0,0,0,234,250,10,0,3,107,180
2904,2408,fd,1,112,80,1,4,4,2,160,0,2,0,0,0,1,0,4,192,28,128,0,63865,4000,2841,1,0,2,0,0,11,0,0,0,64,1,1,0,0,192,183,128,1,0,0,192,135,128,1,0,0,192,231,128,0,0,0,0,0,0,-1,0,0,0,0,-1,0,0,0,0,-1,0,0,0,0,-1,0,0,0,0,-1,0,0,0,0,-1,0,0,0,0,-1,0,0,0,0,-1,0,0,0,0,-1,0,0,0,0,-1,0,0,0,0,-1,0,0,0,0,-1,0,0,0,0,233,249,9,0,3,108,180
2905,2409,fd,1,112,80,1,4,4,2,96,0,2,0,0,0,1,0,4,192,26,128,0,63864,4000,2840,1,0,2,0,0,11,0,0,0,64,1,1,0,0,192,181,0,1,0,0,192,133,0,1,0,0,192,229,0,0,0,0,0,0,0,-1,0,0,0,0,-1,0,0,0,0,-1,0,0,0,0,-1,0,0,0,0,-1,0,0,0,0,-1,0,0,0,0,-1,0,0,0,0,-1,0,0,0,0,-1,0,0,0,0,-1,0,0,0,0,-1,0,0,0,0,-1,0,0,0,0,232,248,8,0,3,109,180
2906,2410,fd,1,112,80,1,4,4,2,32,0,2,0,0,0,1,0,4,192,24,128,0,63863,4000,2839,1,0,2,0,0,11,0,0,0,64,1,1,0,0,192,180,128,1,0,0,192,132,128,1,0,0,192,228,128,0,0,0,0,0,0,-1,0,0,0,0,-1,0,0,0,0,-1,0,0,0,0,-1,0,0,0,0,-1,0,0,0,0,-1,0,0,0,0,-1,0,0,0,0,-1,0,0,0,0,-1,0,0,0,0,-1,0,0,0,0,-1,0,0,0,0,-1,0,0,0,0,231,247,7,0,3,110,180
2907,2411,fd,1,112,80,2,4,4,2,64,0,2,0,0,0,1,0,4,192,22,128,0,63862,4000,2838,1,0,2,0,0,11,0,0,0,64,1,1,0,0,192,178,0,1,0,0,192,130,0,1,0,0,192,226,0,0,0,0,0,0,0,-1,0,0,0,0,-1,0,0,0,0,-1,0,0,0,0,-1,0,0,0,0,-1,0,0,0,0,-1,0,0,0,0,-1,0,0,0,0,-1,0,0,0,0,-1,0,0,0,0,-1,0,0,0,0,-1,0,0,0,0,-1,0,0,0,0,230,246,6,0,3,111,180
2908,2412,fd,1,112,80,2,4,4,2,128,0,2,0,0,0,1,0,4,192,20,128,0,63861,4000,2837,1,0,2,0,0,11,0,0,0,64,1,1,0,0,192,177,128,1,0,0,192,129,128,1,0,0,192,225,128,0,0,0,0,0,0,-1,0,0,0,0,-1,0,0,0,0,-1,0,0,0,0,-1,0,0,0,0,-1,0,0,0,0,-1,0,0,0,0,-1,0,0,0,0,-1,0,0,0,0,-1,0,0,0,0,-1,0,0,0,0,-1,0,0,0,0,-1,0,0,0,0,229,245,5,0,3,112,180
2909,2413,fd,1,112,80,2,4,4,2,192,0,2,0,0,0,1,0,4,192,18,128,0,63860,4000,2836,1,0,2,0,0,11,0,0,0,64,1,1,0,0,192,175,0,1,0,0,192,127,0,1,0,0,192,223,0,0,0,0,0,0,0,-1,0,0,0,0,-1,0,0,0,0,-1,0,0,0,0,-1,0,0,0,0,-1,0,0,0,0,-1,0,0,0,0,-1,0,0,0,0,-1,0,0,0,0,-1,0,0,0,0,-1,0,0,0,0,-1,0,0,0,0,-1,0,0,0,0,228,244,4,0,3,113,180
2910,2414,fd,1,113,80,2,4,4,2,256,0,2,0,0,0,1,0,4,192,16,128,0,63859,4000,2835,1,0,2,0,0,11,0,0,0,64,1,1,0,0,192,174,128,1,0,0,192,126,128,1,0,0,192,222,128,0,0,0,0,0,0,-1,0,0,0,0,-1,0,0,0,0,-1,0,0,0,0,-1,0,0,0,0,-1,0,0,0,0,-1,0,0,0,0,-1,0,0,0,0,-1,0,0,0,0,-1,0,0,0,0,-1,0,0,0,0,-1,0,0,0,0,-1,0,0,0,0,227,243,3,0,3,114,180
2911,2415,fd,1,114,80,2,4,4,2,288,0,2,0,0,0,1,0,4,192,14,128,0,63858,4000,2834,1,0,2,0,0,11,0,0,0,64,1,1,0,0,192,172,0,1,0,0,192,124,0,1,0,0,192,220,0,0,0,0,0,0,0,-1,0,0,0,0,-1,0,0,0,0,-1,0,0,0,0,-1,0,0,0,0,-1,0,0,0,0,-1,0,0,0,0,-1,0,0,0,0,-1,0,0,0,0,-1,0,0,0,0,-1,0,0,0,0,-1,0,0,0,0,-1,0,0,0,0,226,242,2,0,3,115,180
2912,2416,fd,1,115,80,2,4,4,2,320,0,2,0,0,0,1,0,4,192,12,128,0,63857,4000,2833,1,0,2,0,0,11,0,0,0,64,1,1,0,0,192,171,128,1,0,0,192,123,128,1,0,0,192,219,128,0,0,0,0,0,0,-1,0,0,0,0,-1,0,0,0,0,-1,0,0,0,0,-1,0,0,0,0,-1,0,0,0,0,-1,0,0,0,0,-1,0,0,0,0,-1,0,0,0,0,-1,0,0,0,0,-1,0,0,0,0,-1,0,0,0,0,-1,0,0,0,0,225,241,1,0,3,116,180
2913,2417,fd,1,116,80,2,4,4,2,352,0,2,0,0,0,1,0,4,192,10,128,0,63856,4000,2832,1,0,2,0,0,11,0,0,0,64,1,1,0,0,192,169,0,1,0,0,192,121,0,1,0,0,192,217,0,0,0,0,0,0,0,-1,0,0,0,0,-1,0,0,0,0,-1,0,0,0,0,-1,0,0,0,0,-1,0,0,0,0,-1,0,0,0,0,-1,0,0,0,0,-1,0,0,0,0,-1,0,0,0,0,-1,0,0,0,0,-1,0,0,0,0,-1,0,0,0,0,224,240,0,0,3,117,180
2914,2418,fd,1,117,80,2,4,4,2,384,0,2,0,0,0,1,0,4,192,8,128,0,63855,4000,2831,1,0,2,0,0,11,0,0,0,64,1,1,0,0,192,168,128,1,0,0,192,120,128,1,0,0,192,216,128,0,0,0,0,0,0,-1,0,0,0,0,-1,0,0,0,0,-1,0,0,0,0,-1,0,0,0,0,-1,0,0,0,0,-1,0,0,0,0,-1,0,0,0,0,-1,0,0,0,0,-1,0,0,0,0,-1,0,0,0,0,-1,0,0,0,0,-1,0,0,0,0,223,239,255,0,3,118,180
2915,2419,fd,1,118,80,2,4,4,2,416,0,2,0,0,0,1,0,4,192,6,128,0,63854,4000,2830,1,0,2,0,0,11,0,0,0,64,1,1,0,0,192,166,0,1,0,0,192,118,0,1,0,0,192,214,0,0,0,0,0,0,0,-1,0,0,0,0,-1,0,0,0,0,-1,0,0,0,0,-1,0,0,0,0,-1,0,0,0,0,-1,0,0,0,0,-1,0,0,0,0,-1,0,0,0,0,-1,0,0,0,0,-1,0,0,0,0,-1,0,0,0,0,-1,0,0,0,0,222,238,254,0,3,119,180
2916,2420,fd,1,119,80,2,4,4,2,448,0,2,0,0,0,1,0,4,192,4,128,0,63853,4000,2829,1,0,2,0,0,11,0,0,0,64,1,1,0,0,192,165,128,1,0,0,192,117,128,1,0,0,192,213,128,0,0,0,0,0,0,-1,0,0,0,0,-1,0,0,0,0,-1,0,0,0,0,-1,0,0,0,0,-1,0,0,0,0,-1,0,0,0,0,-1,0,0,0,0,-1,0,0,0,0,-1,0,0,0,0,-1,0,0,0,0,-1,0,0,0,0,-1,0,0,0,0,221,237,253,0,3,120,180
2917,2421,fd,1,120,80,2,4,4,2,480,0,2,0,0,0,1,0,4,192,2,128,0,63852,4000,2828,1,0,2,0,0,11,0,0,0,64,1,1,0,0,192,163,0,1,0,0,192,115,0,1,0,0,192,211,0,0,0,0,0,0,0,-1,0,0,0,0,-1,0,0,0,0,-1,0,0,0,0,-1,0,0,0,0,-1,0,0,0,0,-1,0,0,0,0,-1,0,0,0,0,-1,0,0,0,0,-1,0,0,0,0,-1,0,0,0,0,-1,0,0,0,0,-1,0,0,0,0,220,236,252,0,3,121,180
2918,2422,fd,1,122,80,2,4,4,2,512,0,2,0,0,0,1,0,4,192,0,128,0,63851,4000,2827,1,0,2,0,0,11,0,0,0,64,1,1,0,0,192,162,128,1,0,0,192,114,128,1,0,0,192,210,128,0,0,0,0,0,0,-1,0,0,0,0,-1,0,0,0,0,-1,0,0,0,0,-1,0,0,0,0,-1,0,0,0,0,-1,0,0,0,0,-1,0,0,0,0,-1,0,0,0,0,-1,0,0,0,0,-1,0,0,0,0,-1,0,0,0,0,-1,0,0,0,0,219,235,251,0,3,122,180
2919,2423,fd,1,124,80,2,4,4,2,544,0,2,0,0,0,1,0,4,192,254,128,0,63850,4000,2826,1,0,2,0,0,11,0,0,0,64,1,1,0,0,192,160,0,1,0,0,192,112,0,1,0,0,192,208,0,0,0,0,0,0,0,-1,0,0,0,0,-1,0,0,0,0,-1,0,0,0,0,-1,0,0,0,0,-1,0,0,0,0,-1,0,0,0,0,-1,0,0,0,0,-1,0,0,0,0,-1,0,0,0,0,-1,0,0,0,0,-1,0,0,0,0,-1,0,0,0,0,218,234,250,0,3,123,180
2920,2424,fd,1,126,80,2,4,4,2,576,0,2,0,0,0,1,0,4,192,252,128,0,63849,4000,2825,1,0,2,0,0,11,0,0,0,64,1,1,0,0,192,159,128,1,0,0,192,111,128,1,0,0,192,207,128,0,0,0,0,0,0,-1,0,0,0,0,-1,0,0,0,0,-1,0,0,0,0,-1,0,0,0,0,-1,0,0,0,0,-1,0,0,0,0,-1,0,0,0,0,-1,0,0,0,0,-1,0,0,0,0,-1,0,0,0,0,-1,0,0,0,0,-1,0,0,0,0,217,233,249,0,3,124,180
2921,2425,fd,1,128,80,2,4,4,2,608,0,2,0,0,0,1,0,4,192,250,128,0,63848,4000,2824,1,0,2,0,0,11,0,0,0,64,1,1,0,0,192,157,0,1,0,0,192,109,0,1,0,0,192,205,0,0,0,0,0,0,0,-1,0,0,0,0,-1,0,0,0,0,-1,0,0,0,0,-1,0,0,0,0,-1,0,0,0,0,-1,0,0,0,0,-1,0,0,0,0,-1,0,0,0,0,-1,0,0,0,0,-1,0,0,0,0,-1,0,0,0,0,-1,0,0,0,0,216,232,248,0,3,125,180
2922,2426,fd,1,130,80,2,4,4,2,640,0,2,0,0,0,1,0,4,192,248,128,0,63847,4000,2823,1,0,2,0,0,11,0,0,0,64,1,1,0,0,192,156,128,1,0,0,192,108,128,1,0,0,192,204,128,0,0,0,0,0,0,-1,0,0,0,0,-1,0,0,0,0,-1,0,0,0,0,-1,0,0,0,0,-1,0,0,0,0,-1,0,0,0,0,-1,0,0,0,0,-1,0,0,0,0,-1,0,0,0,0,-1,0,0,0,0,-1,0,0,0,0,-1,0,0,0,0,215,231,247,0,3,126,180
2923,2427,fd,1,132,80,2,4,4,2,672,0,2,0,0,0,1,0,4,192,246,128,0,63846,4000,2822,1,0,2,0,0,11,0,0,0,64,1,1,0,0,192,154,0,1,0,0,192,106,0,1,0,0,192,202,0,0,0,0,0,0,0,-1,0,0,0,0,-1,0,0,0,0,-1,0,0,0,0,-1,0,0,0,0,-1,0,0,0,0,-1,0,0,0,0,-1,0,0,0,0,-1,0,0,0,0,-1,0,0,0,0,-1,0,0,0,0,-1,0,0,0,0,-1,0,0,0,0,214,230,246,0,3,127,180
2924,2428,fd,1,134,80,2,4,4,2,704,0,2,0,0,0,1,0,4,192,244,128,0,63845,4000,2821,1,0,2,0,0,11,0,0,0,64,1,1,0,0,192,153,128,1,0,0,192,105,128,1,0,0,192,201,128,0,0,0,0,0,0,-1,0,0,0,0,-1,0,0,0,0,-1,0,0,0,0,-1,0,0,0,0,-1,0,0,0,0,-1,0,0,0,0,-1,0,0,0,0,-1,0,0,0,0,-1,0,0,0,0,-1,0,0,0,0,-1,0,0,0,0,-1,0,0,0,0,213,229,245,0,3,128,180
2925,2429,fd,1,136,80,2,4,4,2,736,0,2,0,0,0,1,0,4,192,242,128,0,63844,4000,2820,1,0,2,0,0,11,0,0,0,64,1,1,0,0,192,151,0,1,0,0,192,103,0,1,0,0,192,199,0,0,0,0,0,0,0,-1,0,0,0,0,-1,0,0,0,0,-1,0,0,0,0,-1,0,0,0,0,-1,0,0,0,0,-1,0,0,0,0,-1,0,0,0,0,-1,0,0,0,0,-1,0,0,0,0,-1,0,0,0,0,-1,0,0,0,0,-1,0,0,0,0,212,228,244,0,3,129,180
2926,2430,fd,1,139,80,2,4,4,2,768,0,2,0,0,0,0,0,0,0,0,0,0,63843,4000,2819,1,0,2,0,0,11,0,0,0,64,1,1,0,0,192,150,128,1,0,0,192,102,128,1,0,0,192,198,128,0,0,0,0,0,0,-1,0,0,0,0,-1,0,0,0,0,-1,0,0,0,0,-1,0,0,0,0,-1,0,0,0,0,-1,0,0,0,0,-1,0,0,0,0,-1,0,0,0,0,-1,0,0,0,0,-1,0,0,0,0,-1,0,0,0,0,-1,0,0,0,0,211,227,243,0,3,130,180
2927,2431,fd,1,142,80,2,4,4,2,800,0,2,0,0,0,0,0,0,0,0,0,0,63842,4000,2818,1,0,2,0,0,11,0,0,0,64,1,1,0,0,192,148,0,1,0,0,192,100,0,1,0,0,192,196,0,0,0,0,0,0,0,-1,0,0,0,0,-1,0,0,0,0,-1,0,0,0,0,-1,0,0,0,0,-1,0,0,0,0,-1,0,0,0,0,-1,0,0,0,0,-1,0,0,0,0,-1,0,0,0,0,-1,0,0,0,0,-1,0,0,0,0,-1,0,0,0,0,210,226,242,0,3,131,180
2928,2432,fd,1,145,80,2,4,4,2,832,0,2,0,0,0,0,0,0,0,0,0,0,63841,4000,2817,1,0,2,0,0,11,0,0,0,64,1,1,0,0,192,147,128,1,0,0,192,99,128,1,0,0,192,195,128,0,0,0,0,0,0,-1,0,0,0,0,-1,0,0,0,0,-1,0,0,0,0,-1,0,0,0,0,-1,0,0,0,0,-1,0,0,0,0,-1,0,0,0,0,-1,0,0,0,0,-1,0,0,0,0,-1,0,0,0,0,-1,0,0,0,0,-1,0,0,0,0,209,225,241,0,3,132,180
2929,2433,fd,1,148,80,2,4,4,2,864,0,2,0,0,0,0,0,0,0,0,0,0,63840,4000,2816,1,0,2,0,0,11,0,0,0,64,1,1,0,0,192,145,0,1,0,0,192,97,0,1,0,0,192,193,0,0,0,0,0,0,0,-1,0,0,0,0,-1,0,0,0,0,-1,0,0,0,0,-1,0,0,0,0,-1,0,0,0,0,-1,0,0,0,0,-1,0,0,0,0,-1,0,0,0,0,-1,0,0,0,0,-1,0,0,0,0,-1,0,0,0,0,-1,0,0,0,0,208,224,240,0,3,133,180
2930,2434,fd,1,151,80,2,4,4,2,896,0,2,0,0,0,0,0,0,0,0,0,0,63839,4000,2815,1,0,2,0,0,11,0,0,0,64,1,1,0,0,192,144,128,1,0,0,192,96,128,1,0,0,192,192,128,1,0,0,192,240,128,-1,0,0,0,0,-1,0,0,0,0,-1,0,0,0,0,-1,0,0,0,0,-1,0,0,0,0,-1,0,0,0,0,-1,0,0,0,0,-1,0,0,0,0,-1,0,0,0,0,-1,0,0,0,0,-1,0,0,0,0,-1,0,0,0,0,207,223,239,0,3,134,180
2931,2435,fd,1,154,80,2,4,4,2,928,0,2,0,0,0,0,0,0,0,0,0,0,63838,4000,2814,1,0,2,0,0,11,0,0,0,64,1,1,0,0,192,142,0,1,0,0,192,94,0,1,0,0,192,190,0,1,0,0,192,238,0,-1,0,0,0,0,-1,0,0,0,0,-1,0,0,0,0,-1,0,0,0,0,-1,0,0,0,0,-1,0,0,0,0,-1,0,0,0,0,-1,0,0,0,0,-1,0,0,0,0,-1,0,0,0,0,-1,0,0,0,0,-1,0,0,0,0,206,222,238,0,3,135,180
2932,2436,fd,1,157,80,2,4,4,2,960,0,2,0,0,0,0,0,0,0,0,0,0,63837,4000,2813,1,0,2,0,0,11,0,0,0,64,1,1,0,0,192,141,128,1,0,0,192,93,128,1,0,0,192,189,128,1,0,0,192,237,128,-1,0,0,0,0,-1,0,0,0,0,-1,0,0,0,0,-1,0,0,0,0,-1,0,0,0,0,-1,0,0,0,0,-1,0,0,0,0,-1,0,0,0,0,-1,0,0,0,0,-1,0,0,0,0,-1,0,0,0,0,-1,0,0,0,0,205,221,237,0,3,136,180
2933,2437,fd,1,160,80,2,4,4,2,992,0,2,0,0,0,0,0,0,0,0,0,0,63836,4000,2812,1,0,2,0,0,11,0,0,0,64,1,1,0,0,192,139,0,1,0,0,192,91,0,1,0,0,192,187,0,1,0,0,192,235,0,-1,0,0,0,0,-1,0,0,0,0,-1,0,0,0,0,-1,0,0,0,0,-1,0,0,0,0,-1,0,0,0,0,-1,0,0,0,0,-1,0,0,0,0,-1,0,0,0,0,-1,0,0,0,0,-1,0,0,0,0,-1,0,0,0,0,204,220,236,0,3,137,180
2934,2438,fd,1,164,80,0,4,4,2,1056,0,2,0,0,0,1,0,2,192,89,128,1,63835,4100,2811,1,0,2,0,0,12,0,0,16,64,1,1,0,0,192,138,128,0,0,0,0,0,0,1,0,0,192,186,128,1,0,0,192,234,128,-1,0,0,0,0,-1,0,0,0,0,-1,0,0,0,0,-1,0,0,0,0,-1,0,0,0,0,-1,0,0,0,0,-1,0,0,0,0,-1,0,0,0,0,-1,0,0,0,0,-1,0,0,0,0,-1,0,0,0,0,-1,0,0,0,0,203,219,235,0,3,138,180
2935,2439,fd,1,164,80,0,4,4,2,1056,0,2,0,0,0,1,0,2,192,88,128,1,63834,4100,2810,1,0,2,0,0,12,0,0,16,64,1,1,0,0,192,136,0,0,0,0,0,0,0,1,0,0,192,184,0,1,0,0,192,232,0,-1,0,0,0,0,-1,0,0,0,0,-1,0,0,0,0,-1,0,0,0,0,-1,0,0,0,0,-1,0,0,0,0,-1,0,0,0,0,-1,0,0,0,0,-1,0,0,0,0,-1,0,0,0,0,-1,0,0,0,0,-1,0,0,0,0,202,218,234,0,3,139,180
2936,2440,fd,1,164,80,0,4,4,2,1056,0,2,0,0,0,1,0,2,192,87,128,1,63833,4100,2809,1,0,2,0,0,12,0,0,15,64,1,1,0,0,192,135,128,0,0,0,0,0,0,1,0,0,192,183,128,1,0,0,192,231,128,-1,0,0,0,0,-1,0,0,0,0,-1,0,0,0,0,-1,0,0,0,0,-1,0,0,0,0,-1,0,0,0,0,-1,0,0,0,0,-1,0,0,0,0,-1,0,0,0,0,-1,0,0,0,0,-1,0,0,0,0,-1,0,0,0,0,201,217,233,0,3,140,180
2937,2441,fd,1,164,80,0,4,4,2,1056,0,2,0,0,0,1,0,2,192,86,128,1,63832,4100,2808,1,0,2,0,0,12,0,0,15,64,1,1,0,0,192,133,0,0,0,0,0,0,0,1,0,0,192,181,0,1,0,0,192,229,0,-1,0,0,0,0,-1,0,0,0,0,-1,0,0,0,0,-1,0,0,0,0,-1,0,0,0,0,-1,0,0,0,0,-1,0,0,0,0,-1,0,0,0,0,-1,0,0,0,0,-1,0,0,0,0,-1,0,0,0,0,-1,0,0,0,0,200,216,232,0,3,141,180
2938,2442,fd,1,164,80,0,4,4,2,1056,0,2,0,0,0,1,0,2,192,85,128,1,63831,4100,2807,1,0,2,0,0,12,0,0,15,64,1,1,0,0,192,132,128,0,0,0,0,0,0,1,0,0,192,180,128,1,0,0,192,228,128,-1,0,0,0,0,-1,0,0,0,0,-1,0,0,0,0,-1,0,0,0,0,-1,0,0,0,0,-1,0,0,0,0,-1,0,0,0,0,-1,0,0,0,0,-1,0,0,0,0,-1,0,0,0,0,-1,0,0,0,0,-1,0,0,0,0,199,215,231,0,3,142,180
2939,2443,fd,1,164,80,0,4,4,2,1056,0,2,0,0,0,1,0,2,192,84,128,1,63830,4100,2806,1,0,2,0,0,12,0,0,15,64,1,1,0,0,192,130,0,0,0,0,0,0,0,1,0,0,192,178,0,1,0,0,192,226,0,-1,0,0,0,0,-1,0,0,0,0,-1,0,0,0,0,-1,0,0,0,0,-1,0,0,0,0,-1,0,0,0,0,-1,0,0,0,0,-1,0,0,0,0,-1,0,0,0,0,-1,0,0,0,0,-1,0,0,0,0,-1,0,0,0,0,198,214,230,0,3,143,180
2940,2444,fd,1,164,80,0,4,4,2,1056,0,2,0,0,0,1,0,2,192,83,128,1,63829,4100,2805,1,0,2,0,0,12,0,0,14,64,1,1,0,0,192,129,128,0,0,0,0,0,0,1,0,0,192,177,128,1,0,0,192,225,128,-1,0,0,0,0,-1,0,0,0,0,-1,0,0,0,0,-1,0,0,0,0,-1,0,0,0,0,-1,0,0,0,0,-1,0,0,0,0,-1,0,0,0,0,-1,0,0,0,0,-1,0,0,0,0,-1,0,0,0,0,-1,0,0,0,0,197,213,229,0,3,144,180
2941,2445,fd,1,164,80,0,4,4,2,1056,0,2,0,0,0,1,0,2,192,82,128,1,63828,4100,2804,1,0,2,0,0,12,0,0,14,64,1,1,0,0,192,127,0,0,0,0,0,0,0,1,0,0,192,175,0,1,0,0,192,223,0,-1,0,0,0,0,-1,0,0,0,0,-1,0,0,0,0,-1,0,0,0,0,-1,0,0,0,0,-1,0,0,0,0,-1,0,0,0,0,-1,0,0,0,0,-1,0,0,0,0,-1,0,0,0,0,-1,0,0,0,0,-1,0,0,0,0,196,212,228,0,3,145,180
2942,2446,ed,1,160,80,1,4,4,2,1024,16,2,0,0,0,1,0,4,192,81,128,1,63827,4100,2803,1,0,2,0,0,12,1,0,14,64,1,1,0,0,192,126,128,0,0,0,0,0,0,1,0,0,192,174,128,1,0,0,192,222,128,-1,0,0,0,0,-1,0,0,0,0,-1,0,0,0,0,-1,0,0,0,0,-1,0,0,0,0,-1,0,0,0,0,-1,0,0,0,0,-1,0,0,0,0,-1,0,0,0,0,-1,0,0,0,0,-1,0,0,0,0,-1,0,0,0,0,195,211,227,0,3,146,180
2943,2447,fd,1,157,80,1,4,4,2,992,16,2,0,0,0,1,0,4,192,79,128,1,63826,4100,2802,1,0,2,0,0,12,0,0,14,64,1,1,0,0,192,124,0,0,0,0,0,0,0,1,0,0,192,172,0,1,0,0,192,220,0,-1,0,0,0,0,-1,0,0,0,0,-1,0,0,0,0,-1,0,0,0,0,-1,0,0,0,0,-1,0,0,0,0,-1,0,0,0,0,-1,0,0,0,0,-1,0,0,0,0,-1,0,0,0,0,-1,0,0,0,0,-1,0,0,0,0,194,210,226,0,3,147,180
2944,2448,fd,1,154,80,1,4,4,2,960,0,2,0,0,0,1,0,4,192,77,128,1,63825,4100,2801,1,0,2,0,0,12,0,0,13,64,1,1,0,0,192,123,128,0,0,0,0,0,0,1,0,0,192,171,128,1,0,0,192,219,128,-1,0,0,0,0,-1,0,0,0,0,-1,0,0,0,0,-1,0,0,0,0,-1,0,0,0,0,-1,0,0,0,0,-1,0,0,0,0,-1,0,0,0,0,-1,0,0,0,0,-1,0,0,0,0,-1,0,0,0,0,-1,0,0,0,0,193,209,225,0,3,148,180
2945,2449,fd,1,151,80,1,4,4,2,928,0,2,0,0,0,1,0,4,192,75,128,1,63824,4100,2800,1,0,2,0,0,12,0,0,13,64,1,1,0,0,192,121,0,0,0,0,0,0,0,1,0,0,192,169,0,1,0,0,192,217,0,-1,0,0,0,0,-1,0,0,0,0,-1,0,0,0,0,-1,0,0,0,0,-1,0,0,0,0,-1,0,0,0,0,-1,0,0,0,0,-1,0,0,0,0,-1,0,0,0,0,-1,0,0,0,0,-1,0,0,0,0,-1,0,0,0,0,192,208,224,0,3,149,180
2946,2450,fd,1,148,80,1,4,4,2,896,0,2,0,0,0,1,0,4,192,73,128,1,63823,4100,2799,1,0,2,0,0,12,0,0,13,64,1,1,0,0,192,120,128,0,0,0,0,0,0,1,0,0,192,168,128,1,0,0,192,216,128,-1,0,0,0,0,-1,0,0,0,0,-1,0,0,0,0,-1,0,0,0,0,-1,0,0,0,0,-1,0,0,0,0,-1,0,0,0,0,-1,0,0,0,0,-1,0,0,0,0,-1,0,0,0,0,-1,0,0,0,0,-1,0,0,0,0,191,207,223,0,3,150,180
2947,2451,fd,1,145,80,1,4,4,2,864,0,2,0,0,0,1,0,4,192,71,128,1,63822,4100,2798,1,0,2,0,0,12,0,0,13,64,1,1,0,0,192,118,0,0,0,0,0,0,0,1,0,0,192,166,0,1,0,0,192,214,0,-1,0,0,0,0,-1,0,0,0,0,-1,0,0,0,0,-1,0,0,0,0,-1,0,0,0,0,-1,0,0,0,0,-1,0,0,0,0,-1,0,0,0,0,-1,0,0,0,0,-1,0,0,0,0,-1,0,0,0,0,-1,0,0,0,0,190,206,222,0,3,151,180
2948,2452,fd,1,142,80,1,4,4,2,832,0,2,0,0,0,1,0,4,192,69,128,1,63821,4100,2797,1,0,2,0,0,12,0,0,12,64,1,1,0,0,192,117,128,0,0,0,0,0,0,1,0,0,192,165,128,1,0,0,192,213,128,-1,0,0,0,0,-1,0,0,0,0,-1,0,0,0,0,-1,0,0,0,0,-1,0,0,0,0,-1,0,0,0,0,-1,0,0,0,0,-1,0,0,0,0,-1,0,0,0,0,-1,0,0,0,0,-1,0,0,0,0,-1,0,0,0,0,189,205,221,0,3,152,180
2949,2453,fd,1,139,80,1,4,4,2,800,0,2,0,0,0,1,0,4,192,67,128,1,63820,4100,2796,1,0,2,0,0,12,0,0,12,64,1,1,0,0,192,115,0,0,0,0,0,0,0,1,0,0,192,163,0,1,0,0,192,211,0,-1,0,0,0,0,-1,0,0,0,0,-1,0,0,0,0,-1,0,0,0,0,-1,0,0,0,0,-1,0,0,0,0,-1,0,0,0,0,-1,0,0,0,0,-1,0,0,0,0,-1,0,0,0,0,-1,0,0,0,0,-1,0,0,0,0,188,204,220,0,3,153,180
2950,2454,fd,1,136,80,1,4,4,2,768,0,2,0,0,0,1,0,4,192,65,128,1,63819,4100,2795,1,0,2,0,0,12,0,0,12,64,1,1,0,0,192,114,128,0,0,0,0,0,0,1,0,0,192,162,128,1,0,0,192,210,128,-1,0,0,0,0,-1,0,0,0,0,-1,0,0,0,0,-1,0,0,0,0,-1,0,0,0,0,-1,0,0,0,0,-1,0,0,0,0,-1,0,0,0,0,-1,0,0,0,0,-1,0,0,0,0,-1,0,0,0,0,-1,0,0,0,0,187,203,219,0,3,154,180
2951,2455,fd,1,134,80,1,4,4,2,736,0,2,0,0,0,1,0,4,192,63,128,1,63818,4100,2794,1,0,2,0,0,12,0,0,12,64,1,1,0,0,192,112,0,0,0,0,0,0,0,1,0,0,192,160,0,1,0,0,192,208,0,-1,0,0,0,0,-1,0,0,0,0,-1,0,0,0,0,-1,0,0,0,0,-1,0,0,0,0,-1,0,0,0,0,-1,0,0,0,0,-1,0,0,0,0,-1,0,0,0,0,-1,0,0,0,0,-1,0,0,0,0,-1,0,0,0,0,186,202,218,0,3,155,180
2952,2456,fd,1,132,80,1,4,4,2,704,0,2,0,0,0,1,0,4,192,61,128,1,63817,4100,2793,1,0,2,0,0,12,0,0,11,64,1,1,0,0,192,111,128,0,0,0,0,0,0,1,0,0,192,159,128,1,0,0,192,207,128,-1,0,0,0,0,-1,0,0,0,0,-1,0,0,0,0,-1,0,0,0,0,-1,0,0,0,0,-1,0,0,0,0,-1,0,0,0,0,-1,0,0,0,0,-1,0,0,0,0,-1,0,0,0,0,-1,0,0,0,0,-1,0,0,0,0,185,201,217,0,3,156,180
2953,2457,fd,1,130,80,1,4,4,2,672,0,2,0,0,0,1,0,4,192,59,128,1,63816,4100,2792,1,0,2,0,0,12,0,0,11,64,1,1,0,0,192,109,0,0,0,0,0,0,0,1,0,0,192,157,0,1,0,0,192,205,0,-1,0,0,0,0,-1,0,0,0,0,-1,0,0,0,0,-1,0,0,0,0,-1,0,0,0,0,-1,0,0,0,0,-1,0,0,0,0,-1,0,0,0,0,-1,0,0,0,0,-1,0,0,0,0,-1,0,0,0,0,-1,0,0,0,0,184,200,216,0,3,157,180
2954,2458,fd,1,128,80,1,4,4,2,640,0,2,0,0,0,1,0,4,192,57,128,1,63815,4100,2791,1,0,2,0,0,12,0,0,11,64,1,1,0,0,192,108,128,0,0,0,0,0,0,1,0,0,192,156,128,1,0,0,192,204,128,-1,0,0,0,0,-1,0,0,0,0,-1,0,0,0,0,-1,0,0,0,0,-1,0,0,0,0,-1,0,0,0,0,-1,0,0,0,0,-1,0,0,0,0,-1,0,0,0,0,-1,0,0,0,0,-1,0,0,0,0,-1,0,0,0,0,183,199,215,0,3,158,180
2955,2459,fd,1,126,80,1,4,4,2,608,0,2,0,0,0,1,0,4,192,55,128,1,63814,4100,2790,1,0,2,0,0,12,0,0,11,64,1,1,0,0,192,106,0,0,0,0,0,0,0,1,0,0,192,154,0,1,0,0,192,202,0,-1,0,0,0,0,-1,0,0,0,0,-1,0,0,0,0,-1,0,0,0,0,-1,0,0,0,0,-1,0,0,0,0,-1,0,0,0,0,-1,0,0,0,0,-1,0,0,0,0,-1,0,0,0,0,-1,0,0,0,0,-1,0,0,0,0,182,198,214,0,3,159,180
2956,2460,fd,1,124,80,1,4,4,2,576,0,2,0,0,0,1,0,4,192,53,128,1,63813,4100,2789,1,0,2,0,0,12,0,0,10,64,1,1,0,0,192,105,128,0,0,0,0,0,0,1,0,0,192,153,128,1,0,0,192,201,128,-1,0,0,0,0,-1,0,0,0,0,-1,0,0,0,0,-1,0,0,0,0,-1,0,0,0,0,-1,0,0,0,0,-1,0,0,0,0,-1,0,0,0,0,-1,0,0,0,0,-1,0,0,0,0,-1,0,0,0,0,-1,0,0,0,0,181,197,213,0,3,160,180
2957,2461,fd,1,122,80,1,4,4,2,544,0,2,0,0,0,1,0,4,192,51,128,1,63812,4100,2788,1,0,2,0,0,12,0,0,10,64,1,1,0,0,192,103,0,0,0,0,0,0,0,1,0,0,192,151,0,1,0,0,192,199,0,-1,0,0,0,0,-1,0,0,0,0,-1,0,0,0,0,-1,0,0,0,0,-1,0,0,0,0,-1,0,0,0,0,-1,0,0,0,0,-1,0,0,0,0,-1,0,0,0,0,-1,0,0,0,0,-1,0,0,0,0,-1,0,0,0,0,180,196,212,0,3,161,180
2958,2462,fd,1,120,80,1,4,4,2,512,0,2,0,0,0,1,0,4,192,49,128,1,63811,4100,2787,1,0,2,0,0,12,0,0,10,64,1,1,0,0,192,102,128,0,0,0,0,0,0,1,0,0,192,150,128,1,0,0,192,198,128,-1,0,0,0,0,-1,0,0,0,0,-1,0,0,0,0,-1,0,0,0,0,-1,0,0,0,0,-1,0,0,0,0,-1,0,0,0,0,-1,0,0,0,0,-1,0,0,0,0,-1,0,0,0,0,-1,0,0,0,0,-1,0,0,0,0,179,195,211,0,3,162,180
2959,2463,fd,1,119,80,1,4,4,2,480,0,2,0,0,0,1,0,4,192,47,128,1,63810,4100,2786,1,0,2,0,0,12,0,0,10,64,1,1,0,0,192,100,0,0,0,0,0,0,0,1,0,0,192,148,0,1,0,0,192,196,0,-1,0,0,0,0,-1,0,0,0,0,-1,0,0,0,0,-1,0,0,0,0,-1,0,0,0,0,-1,0,0,0,0,-1,0,0,0,0,-1,0,0,0,0,-1,0,0,0,0,-1,0,0,0,0,-1,0,0,0,0,-1,0,0,0,0,178,194,210,0,3,163,180
2960,2464,fd,1,118,80,1,4,4,2,448,0,2,0,0,0,1,0,4,192,45,128,1,63809,4100,2785,1,0,2,0,0,12,0,0,9,64,1,1,0,0,192,99,128,0,0,0,0,0,0,1,0,0,192,147,128,1,0,0,192,195,128,-1,0,0,0,0,-1,0,0,0,0,-1,0,0,0,0,-1,0,0,0,0,-1,0,0,0,0,-1,0,0,0,0,-1,0,0,0,0,-1,0,0,0,0,-1,0,0,0,0,-1,0,0,0,0,-1,0,0,0,0,-1,0,0,0,0,177,193,209,0,3,164,180
2961,2465,fd,1,117,80,1,4,4,2,416,0,2,0,0,0,1,0,4,192,43,128,1,63808,4100,2784,1,0,2,0,0,12,0,0,9,64,1,1,0,0,192,97,0,0,0,0,0,0,0,1,0,0,192,145,0,1,0,0,192,193,0,-1,0,0,0,0,-1,0,0,0,0,-1,0,0,0,0,-1,0,0,0,0,-1,0,0,0,0,-1,0,0,0,0,-1,0,0,0,0,-1,0,0,0,0,-1,0,0,0,0,-1,0,0,0,0,-1,0,0,0,0,-1,0,0,0,0,176,192,208,0,3,165,180
2962,2466,fd,1,116,80,1,4,4,2,384,0,2,0,0,0,1,0,4,192,41,128,1,63807,4100,2783,1,0,2,0,0,12,0,0,9,64,1,1,0,0,192,96,128,1,0,0,192,240,128,1,0,0,192,144,128,1,0,0,192,192,128,-1,0,0,0,0,-1,0,0,0,0,-1,0,0,0,0,-1,0,0,0,0,-1,0,0,0,0,-1,0,0,0,0,-1,0,0,0,0,-1,0,0,0,0,-1,0,0,0,0,-1,0,0,0,0,-1,0,0,0,0,-1,0,0,0,0,175,191,207,0,3,166,180
2963,2467,fd,1,115,80,1,4,4,2,352,0,2,0,0,0,1,0,4,192,39,128,1,63806,4100,2782,1,0,2,0,0,12,0,0,9,64,1,1,0,0,192,94,0,1,0,0,192,238,0,1,0,0,192,142,0,1,0,0,192,190,0,-1,0,0,0,0,-1,0,0,0,0,-1,0,0,0,0,-1,0,0,0,0,-1,0,0,0,0,-1,0,0,0,0,-1,0,0,0,0,-1,0,0,0,0,-1,0,0,0,0,-1,0,0,0,0,-1,0,0,0,0,-1,0,0,0,0,174,190,206,0,3,167,180
2964,2468,fd,1,114,80,1,4,4,2,320,0,2,0,0,0,1,0,4,192,37,128,1,63805,4100,2781,1,0,2,0,0,12,0,0,8,64,1,1,0,0,192,93,128,1,0,0,192,237,128,1,0,0,192,141,128,1,0,0,192,189,128,-1,0,0,0,0,-1,0,0,0,0,-1,0,0,0,0,-1,0,0,0,0,-1,0,0,0,0,-1,0,0,0,0,-1,0,0,0,0,-1,0,0,0,0,-1,0,0,0,0,-1,0,0,0,0,-1,0,0,0,0,-1,0,0,0,0,173,189,205,0,3,168,180
2965,2469,fd,1,113,80,1,4,4,2,288,0,2,0,0,0,1,0,4,192,35,128,1,63804,4100,2780,1,0,2,0,0,12,0,0,8,64,1,1,0,0,192,91,0,1,0,0,192,235,0,1,0,0,192,139,0,1,0,0,192,187,0,-1,0,0,0,0,-1,0,0,0,0,-1,0,0,0,0,-1,0,0,0,0,-1,0,0,0,0,-1,0,0,0,0,-1,0,0,0,0,-1,0,0,0,0,-1,0,0,0,0,-1,0,0,0,0,-1,0,0,0,0,-1,0,0,0,0,172,188,204,0,3,169,180
2966,2470,fd,1,112,80,1,4,4,2,256,0,2,0,0,0,1,0,4,192,33,128,1,63803,4100,2779,1,0,2,0,0,12,0,0,8,64,1,1,0,0,192,90,128,1,0,0,192,234,128,1,0,0,192,138,128,1,0,0,192,186,128,-1,0,0,0,0,-1,0,0,0,0,-1,0,0,0,0,-1,0,0,0,0,-1,0,0,0,0,-1,0,0,0,0,-1,0,0,0,0,-1,0,0,0,0,-1,0,0,0,0,-1,0,0,0,0,-1,0,0,0,0,-1,0,0,0,0,171,187,203,0,3,170,180
2967,2471,fd,1,112,80,1,4,4,2,224,0,2,0,0,0,1,0,4,192,31,128,1,63802,4100,2778,1,0,2,0,0,12,0,0,8,64,1,1,0,0,192,88,0,1,0,0,192,232,0,1,0,0,192,136,0,1,0,0,192,184,0,-1,0,0,0,0,-1,0,0,0,0,-1,0,0,0,0,-1,0,0,0,0,-1,0,0,0,0,-1,0,0,0,0,-1,0,0,0,0,-1,0,0,0,0,-1,0,0,0,0,-1,0,0,0,0,-1,0,0,0,0,-1,0,0,0,0,170,186,202,0,3,171,180
2968,2472,fd,1,112,80,1,4,4,2,160,0,2,0,0,0,1,0,4,192,29,128,1,63801,4100,2777,1,0,2,0,0,12,0,0,7,64,1,1,0,0,192,87,128,1,0,0,192,231,128,1,0,0,192,135,128,1,0,0,192,183,128,-1,0,0,0,0,-1,0,0,0,0,-1,0,0,0,0,-1,0,0,0,0,-1,0,0,0,0,-1,0,0,0,0,-1,0,0,0,0,-1,0,0,0,0,-1,0,0,0,0,-1,0,0,0,0,-1,0,0,0,0,-1,0,0,0,0,169,185,201,0,3,172,180
2969,2473,fd,1,112,80,1,4,4,2,96,0,2,0,0,0,1,0,4,192,27,128,1,63800,4100,2776,1,0,2,0,0,12,0,0,7,64,1,1,0,0,192,85,0,1,0,0,192,229,0,1,0,0,192,133,0,1,0,0,192,181,0,-1,0,0,0,0,-1,0,0,0,0,-1,0,0,0,0,-1,0,0,0,0,-1,0,0,0,0,-1,0,0,0,0,-1,0,0,0,0,-1,0,0,0,0,-1,0,0,0,0,-1,0,0,0,0,-1,0,0,0,0,-1,0,0,0,0,168,184,200,0,3,173,180
2970,2474,fd,1,112,80,1,4,4,2,32,0,2,0,0,0,1,0,4,192,25,128,1,63799,4100,2775,1,0,2,0,0,12,0,0,7,64,1,1,0,0,192,84,128,1,0,0,192,228,128,1,0,0,192,132,128,1,0,0,192,180,128,-1,0,0,0,0,-1,0,0,0,0,-1,0,0,0,0,-1,0,0,0,0,-1,0,0,0,0,-1,0,0,0,0,-1,0,0,0,0,-1,0,0,0,0,-1,0,0,0,0,-1,0,0,0,0,-1,0,0,0,0,-1,0,0,0,0,167,183,199,0,3,174,180
2971,2475,fd,1,112,80,2,4,4,2,64,0,2,0,0,0,1,0,4,192,23,128,1,63798,4100,2774,1,0,2,0,0,12,0,0,7,64,1,1,0,0,192,82,0,1,0,0,192,226,0,1,0,0,192,130,0,1,0,0,192,178,0,-1,0,0,0,0,-1,0,0,0,0,-1,0,0,0,0,-1,0,0,0,0,-1,0,0,0,0,-1,0,0,0,0,-1,0,0,0,0,-1,0,0,0,0,-1,0,0,0,0,-1,0,0,0,0,-1,0,0,0,0,-1,0,0,0,0,166,182,198,0,3,175,180
2972,2476,fd,1,112,80,2,4,4,2,128,0,2,0,0,0,1,0,4,192,21,128,1,63797,4100,2773,1,0,2,0,0,12,0,0,6,64,1,1,0,0,192,81,128,1,0,0,192,225,128,1,0,0,192,129,128,1,0,0,192,177,128,-1,0,0,0,0,-1,0,0,0,0,-1,0,0,0,0,-1,0,0,0,0,-1,0,0,0,0,-1,0,0,0,0,-1,0,0,0,0,-1,0,0,0,0,-1,0,0,0,0,-1,0,0,0,0,-1,0,0,0,0,-1,0,0,0,0,165,181,197,0,3,176,180
2973,2477,fd,1,112,80,2,4,4,2,192,0,2,0,0,0,1,0,4,192,19,128,1,63796,4100,2772,1,0,2,0,0,12,0,0,6,64,1,1,0,0,192,79,0,1,0,0,192,223,0,1,0,0,192,127,0,1,0,0,192,175,0,-1,0,0,0,0,-1,0,0,0,0,-1,0,0,0,0,-1,0,0,0,0,-1,0,0,0,0,-1,0,0,0,0,-1,0,0,0,0,-1,0,0,0,0,-1,0,0,0,0,-1,0,0,0,0,-1,0,0,0,0,-1,0,0,0,0,164,180,196,0,3,177,180
2974,2478,fd,1,113,80,2,4,4,2,256,0,2,0,0,0,1,0,4,192,17,128,1,63795,4100,2771,1,0,2,0,0,12,0,0,6,64,1,1,0,0,192,78,128,1,0,0,192,222,128,1,0,0,192,126,128,1,0,0,192,174,128,-1,0,0,0,0,-1,0,0,0,0,-1,0,0,0,0,-1,0,0,0,0,-1,0,0,0,0,-1,0,0,0,0,-1,0,0,0,0,-1,0,0,0,0,-1,0,0,0,0,-1,0,0,0,0,-1,0,0,0,0,-1,0,0,0,0,163,179,195,0,3,178,180
2975,2479,fd,1,114,80,2,4,4,2,288,0,2,0,0,0,1,0,4,192,15,128,1,63794,4100,2770,1,0,2,0,0,12,0,0,6,64,1,1,0,0,192,76,0,1,0,0,192,220,0,1,0,0,192,124,0,1,0,0,192,172,0,-1,0,0,0,0,-1,0,0,0,0,-1,0,0,0,0,-1,0,0,0,0,-1,0,0,0,0,-1,0,0,0,0,-1,0,0,0,0,-1,0,0,0,0,-1,0,0,0,0,-1,0,0,0,0,-1,0,0,0,0,-1,0,0,0,0,162,178,194,0,3,179,180
2976,2480,fd,1,115,80,2,4,4,2,320,0,2,0,0,0,1,0,4,192,13,128,1,63793,4100,2769,1,0,2,0,0,12,0,0,5,64,1,1,0,0,192,75,128,1,0,0,192,219,128,1,0,0,192,123,128,1,0,0,192,171,128,-1,0,0,0,0,-1,0,0,0,0,-1,0,0,0,0,-1,0,0,0,0,-1,0,0,0,0,-1,0,0,0,0,-1,0,0,0,0,-1,0,0,0,0,-1,0,0,0,0,-1,0,0,0,0,-1,0,0,0,0,-1,0,0,0,0,161,177,193,0,3,180,180
2977,2481,fd,1,116,80,2,4,4,2,352,0,2,0,0,0,1,0,4,192,11,128,1,63792,4100,2768,1,0,2,0,0,12,0,0,5,64,1,1,0,0,192,73,0,1,0,0,192,217,0,1,0,0,192,121,0,1,0,0,192,169,0,-1,0,0,0,0,-1,0,0,0,0,-1,0,0,0,0,-1,0,0,0,0,-1,0,0,0,0,-1,0,0,0,0,-1,0,0,0,0,-1,0,0,0,0,-1,0,0,0,0,-1,0,0,0,0,-1,0,0,0,0,-1,0,0,0,0,160,176,192,0,3,181,180
2978,2482,fd,1,117,80,2,4,4,2,384,0,2,0,0,0,1,0,4,192,9,128,1,63791,4100,2767,1,0,2,0,0,12,0,0,5,64,1,1,0,0,192,72,128,1,0,0,192,216,128,1,0,0,192,120,128,1,0,0,192,168,128,-1,0,0,0,0,-1,0,0,0,0,-1,0,0,0,0,-1,0,0,0,0,-1,0,0,0,0,-1,0,0,0,0,-1,0,0,0,0,-1,0,0,0,0,-1,0,0,0,0,-1,0,0,0,0,-1,0,0,0,0,-1,0,0,0,0,159,175,191,0,3,182,180
2979,2483,fd,1,118,80,2,4,4,2,416,0,2,0,0,0,1,0,4,192,7,128,1,63790,4100,2766,1,0,2,0,0,12,0,0,5,64,1,1,0,0,192,70,0,1,0,0,192,214,0,1,0,0,192,118,0,1,0,0,192,166,0,-1,0,0,0,0,-1,0,0,0,0,-1,0,0,0,0,-1,0,0,0,0,-1,0,0,0,0,-1,0,0,0,0,-1,0,0,0,0,-1,0,0,0,0,-1,0,0,0,0,-1,0,0,0,0,-1,0,0,0,0,-1,0,0,0,0,158,174,190,0,3,183,180
2980,2484,fd,1,119,80,2,4,4,2,448,0,2,0,0,0,1,0,4,192,5,128,1,63789,4100,2765,1,0,2,0,0,12,0,0,4,64,1,1,0,0,192,69,128,1,0,0,192,213,128,1,0,0,192,117,128,1,0,0,192,165,128,-1,0,0,0,0,-1,0,0,0,0,-1,0,0,0,0,-1,0,0,0,0,-1,0,0,0,0,-1,0,0,0,0,-1,0,0,0,0,-1,0,0,0,0,-1,0,0,0,0,-1,0,0,0,0,-1,0,0,0,0,-1,0,0,0,0,157,173,189,0,3,184,180
2981,2485,fd,1,120,80,2,4,4,2,480,0,2,0,0,0,1,0,4,192,3,128,1,63788,4100,2764,1,0,2,0,0,12,0,0,4,64,1,1,0,0,192,67,0,1,0,0,192,211,0,1,0,0,192,115,0,1,0,0,192,163,0,-1,0,0,0,0,-1,0,0,0,0,-1,0,0,0,0,-1,0,0,0,0,-1,0,0,0,0,-1,0,0,0,0,-1,0,0,0,0,-1,0,0,0,0,-1,0,0,0,0,-1,0,0,0,0,-1,0,0,0,0,-1,0,0,0,0,156,172,188,0,3,185,180
2982,2486,fd,1,122,80,2,4,4,2,512,0,2,0,0,0,1,0,4,192,1,128,1,63787,4100,2763,1,0,2,0,0,12,0,0,4,64,1,1,0,0,192,66,128,1,0,0,192,210,128,1,0,0,192,114,128,1,0,0,192,162,128,-1,0,0,0,0,-1,0,0,0,0,-1,0,0,0,0,-1,0,0,0,0,-1,0,0,0,0,-1,0,0,0,0,-1,0,0,0,0,-1,0,0,0,0,-1,0,0,0,0,-1,0,0,0,0,-1,0,0,0,0,-1,0,0,0,0,155,171,187,0,3,186,180
2983,2487,fd,1,124,80,2,4,4,2,544,0,2,0,0,0,1,0,4,192,255,128,1,63786,4100,2762,1,0,2,0,0,12,0,0,4,64,1,1,0,0,192,64,0,1,0,0,192,208,0,1,0,0,192,112,0,1,0,0,192,160,0,-1,0,0,0,0,-1,0,0,0,0,-1,0,0,0,0,-1,0,0,0,0,-1,0,0,0,0,-1,0,0,0,0,-1,0,0,0,0,-1,0,0,0,0,-1,0,0,0,0,-1,0,0,0,0,-1,0,0,0,0,-1,0,0,0,0,154,170,186,0,3,187,180
2984,2488,fd,1,126,80,2,4,4,2,576,0,2,0,0,0,1,0,4,192,253,128,1,63785,4100,2761,1,0,2,0,0,12,0,0,3,64,1,1,0,0,192,63,128,1,0,0,192,207,128,1,0,0,192,111,128,1,0,0,192,159,128,-1,0,0,0,0,-1,0,0,0,0,-1,0,0,0,0,-1,0,0,0,0,-1,0,0,0,0,-1,0,0,0,0,-1,0,0,0,0,-1,0,0,0,0,-1,0,0,0,0,-1,0,0,0,0,-1,0,0,0,0,-1,0,0,0,0,153,169,185,0,3,188,180
2985,2489,fd,1,128,80,2,4,4,2,608,0,2,0,0,0,1,0,4,192,251,128,1,63784,4100,2760,1,0,2,0,0,12,0,0,3,64,1,1,0,0,192,61,0,1,0,0,192,205,0,1,0,0,192,109,0,1,0,0,192,157,0,-1,0,0,0,0,-1,0,0,0,0,-1,0,0,0,0,-1,0,0,0,0,-1,0,0,0,0,-1,0,0,0,0,-1,0,0,0,0,-1,0,0,0,0,-1,0,0,0,0,-1,0,0,0,0,-1,0,0,0,0,-1,0,0,0,0,152,168,184,0,3,189,180
2986,2490,fd,1,130,80,2,4,4,2,640,0,2,0,0,0,1,0,4,192,249,128,1,63783,4100,2759,1,0,2,0,0,12,0,0,3,64,1,1,0,0,192,60,128,1,0,0,192,204,128,1,0,0,192,108,128,1,0,0,192,156,128,-1,0,0,0,0,-1,0,0,0,0,-1,0,0,0,0,-1,0,0,0,0,-1,0,0,0,0,-1,0,0,0,0,-1,0,0,0,0,-1,0,0,0,0,-1,0,0,0,0,-1,0,0,0,0,-1,0,0,0,0,-1,0,0,0,0,151,167,183,0,3,190,180
2987,2491,fd,1,132,80,2,4,4,2,672,0,2,0,0,0,1,0,4,192,247,128,1,63782,4100,2758,1,0,2,0,0,12,0,0,3,64,1,1,0,0,192,58,0,1,0,0,192,202,0,1,0,0,192,106,0,1,0,0,192,154,0,-1,0,0,0,0,-1,0,0,0,0,-1,0,0,0,0,-1,0,0,0,0,-1,0,0,0,0,-1,0,0,0,0,-1,0,0,0,0,-1,0,0,0,0,-1,0,0,0,0,-1,0,0,0,0,-1,0,0,0,0,-1,0,0,0,0,150,166,182,0,3,191,180
2988,2492,fd,1,134,80,2,4,4,2,704,0,2,0,0,0,1,0,4,192,245,128,1,63781,4100,2757,1,0,2,0,0,12,0,0,2,64,1,1,0,0,192,57,128,1,0,0,192,201,128,1,0,0,192,105,128,1,0,0,192,153,128,-1,0,0,0,0,-1,0,0,0,0,-1,0,0,0,0,-1,0,0,0,0,-1,0,0,0,0,-1,0,0,0,0,-1,0,0,0,0,-1,0,0,0,0,-1,0,0,0,0,-1,0,0,0,0,-1,0,0,0,0,-1,0,0,0,0,149,165,181,0,3,192,180
2989,2493,fd,1,136,80,2,4,4,2,736,0,2,0,0,0,1,0,4,192,243,128,1,63780,4100,2756,1,0,2,0,0,12,0,0,2,64,1,1,0,0,192,55,0,1,0,0,192,199,0,1,0,0,192,103,0,1,0,0,192,151,0,-1,0,0,0,0,-1,0,0,0,0,-1,0,0,0,0,-1,0,0,0,0,-1,0,0,0,0,-1,0,0,0,0,-1,0,0,0,0,-1,0,0,0,0,-1,0,0,0,0,-1,0,0,0,0,-1,0,0,0,0,-1,0,0,0,0,148,164,180,0,3,193,180
2990,2494,fd,1,139,80,2,4,4,2,768,0,2,0,0,0,0,0,0,0,0,0,0,63779,4100,2755,1,0,2,0,0,12,0,0,2,64,1,1,0,0,192,54,128,1,0,0,192,198,128,1,0,0,192,102,128,1,0,0,192,150,128,-1,0,0,0,0,-1,0,0,0,0,-1,0,0,0,0,-1,0,0,0,0,-1,0,0,0,0,-1,0,0,0,0,-1,0,0,0,0,-1,0,0,0,0,-1,0,0,0,0,-1,0,0,0,0,-1,0,0,0,0,-1,0,0,0,0,147,163,179,0,3,194,180
2991,2495,fd,1,142,80,2,4,4,2,800,0,2,0,0,0,0,0,0,0,0,0,0,63778,4100,2754,1,0,2,0,0,12,0,0,2,64,1,1,0,0,192,52,0,1,0,0,192,196,0,1,0,0,192,100,0,1,0,0,192,148,0,-1,0,0,0,0,-1,0,0,0,0,-1,0,0,0,0,-1,0,0,0,0,-1,0,0,0,0,-1,0,0,0,0,-1,0,0,0,0,-1,0,0,0,0,-1,0,0,0,0,-1,0,0,0,0,-1,0,0,0,0,-1,0,0,0,0,146,162,178,0,3,195,180
2992,2496,fd,1,145,80,2,4,4,2,832,0,2,0,0,0,0,0,0,0,0,0,0,63777,4100,2753,1,0,2,0,0,12,0,0,1,64,1,1,0,0,192,51,128,1,0,0,192,195,128,1,0,0,192,99,128,1,0,0,192,147,128,-1,0,0,0,0,-1,0,0,0,0,-1,0,0,0,0,-1,0,0,0,0,-1,0,0,0,0,-1,0,0,0,0,-1,0,0,0,0,-1,0,0,0,0,-1,0,0,0,0,-1,0,0,0,0,-1,0,0,0,0,-1,0,0,0,0,145,161,177,0,3,196,180
2993,2497,fd,1,148,80,2,4,4,2,864,0,2,0,0,0,0,0,0,0,0,0,0,63776,4100,2752,1,0,2,0,0,12,0,0,1,64,1,1,0,0,192,49,0,1,0,0,192,193,0,1,0,0,192,97,0,1,0,0,192,145,0,-1,0,0,0,0,-1,0,0,0,0,-1,0,0,0,0,-1,0,0,0,0,-1,0,0,0,0,-1,0,0,0,0,-1,0,0,0,0,-1,0,0,0,0,-1,0,0,0,0,-1,0,0,0,0,-1,0,0,0,0,-1,0,0,0,0,144,160,176,0,3,197,180
2994,2498,fd,1,151,80,2,4,4,2,896,0,2,0,0,0,0,0,0,0,0,0,0,63775,4100,2751,1,0,2,0,0,12,0,0,1,64,1,1,0,0,192,48,128,1,0,0,192,192,128,1,0,0,192,96,128,1,0,0,192,144,128,-1,0,0,0,0,-1,0,0,0,0,-1,0,0,0,0,-1,0,0,0,0,-1,0,0,0,0,-1,0,0,0,0,-1,0,0,0,0,-1,0,0,0,0,-1,0,0,0,0,-1,0,0,0,0,-1,0,0,0,0,-1,0,0,0,0,143,159,175,0,3,198,180
2995,2499,fd,1,154,80,2,4,4,2,928,0,2,0,0,0,0,0,0,0,0,0,0,63774,4100,2750,1,0,2,0,0,12,0,0,1,64,1,1,0,0,192,46,0,1,0,0,192,190,0,1,0,0,192,94,0,1,0,0,192,142,0,-1,0,0,0,0,-1,0,0,0,0,-1,0,0,0,0,-1,0,0,0,0,-1,0,0,0,0,-1,0,0,0,0,-1,0,0,0,0,-1,0,0,0,0,-1,0,0,0,0,-1,0,0,0,0,-1,0,0,0,0,-1,0,0,0,0,142,158,174,0,3,199,180
2996,2500,fd,1,157,80,2,4,4,2,960,0,2,0,0,0,0,0,0,0,0,0,0,63773,4100,2749,1,0,2,0,0,12,0,0,0,64,1,1,0,0,192,45,128,1,0,0,192,189,128,1,0,0,192,93,128,1,0,0,192,141,128,-1,0,0,0,0,-1,0,0,0,0,-1,0,0,0,0,-1,0,0,0,0,-1,0,0,0,0,-1,0,0,0,0,-1,0,0,0,0,-1,0,0,0,0,-1,0,0,0,0,-1,0,0,0,0,-1,0,0,0,0,-1,0,0,0,0,141,157,173,0,3,200,180
2997,2501,fd,1,160,80,2,4,4,2,992,0,2,0,0,0,0,0,0,0,0,0,0,63772,4100,2748,1,0,2,0,0,12,0,0,0,64,1,1,0,0,192,43,0,1,0,0,192,187,0,1,0,0,192,91,0,1,0,0,192,139,0,-1,0,0,0,0,-1,0,0,0,0,-1,0,0,0,0,-1,0,0,0,0,-1,0,0,0,0,-1,0,0,0,0,-1,0,0,0,0,-1,0,0,0,0,-1,0,0,0,0,-1,0,0,0,0,-1,0,0,0,0,-1,0,0,0,0,140,156,172,0,3,201,180
2998,2502,fd,1,164,80,0,4,4,2,1056,0,2,0,0,0,1,0,2,192,89,128,1,63771,4600,2747,1,0,3,0,0,13,0,0,16,64,1,1,0,0,192,42,128,1,0,0,192,186,128,0,0,0,0,0,0,1,0,0,192,138,128,0,0,184,50,31,0,1,184,65,31,-1,0,0,0,0,-1,0,0,0,0,-1,0,0,0,0,-1,0,0,0,0,-1,0,0,0,0,-1,0,0,0,0,-1,0,0,0,0,-1,0,0,0,0,-1,0,0,0,0,-1,0,0,0,0,139,155,171,0,3,202,180
2999,2503,fd,1,164,80,0,4,4,2,1056,0,2,0,0,0,1,0,2,192,88,128,1,63770,4600,2746,1,0,3,0,0,13,0,0,16,64,1,1,0,0,192,40,0,1,0,0,192,184,0,0,0,0,0,0,0,1,0,0,192,136,0,0,0,184,48,30,0,1,184,63,30,-1,0,0,0,0,-1,0,0,0,0,-1,0,0,0,0,-1,0,0,0,0,-1,0,0,0,0,-1,0,0,0,0,-1,0,0,0,0,-1,0,0,0,0,-1,0,0,0,0,-1,0,0,0,0,138,154,170,0,3,203,180
3000,2504,fd,1,164,80,0,4,4,2,1056,0,2,0,0,0,1,0,2,192,87,128,1,63769,4600,2745,1,0,3,0,0,13,0,0,15,64,1,1,0,0,192,39,128,1,0,0,192,183,128,0,0,0,0,0,0,1,0,0,192,135,128,0,0,184,47,29,0,1,184,62,29,-1,0,0,0,0,-1,0,0,0,0,-1,0,0,0,0,-1,0,0,0,0,-1,0,0,0,0,-1,0,0,0,0,-1,0,0,0,0,-1,0,0,0,0,-1,0,0,0,0,-1,0,0,0,0,137,153,169,0,3,204,180
