frame,rel,input,state,y,x,phase,vel,target,bnc,dir,stick,scroll,score,missed,bagidx,bagtot,tile,perf0_active,perf0_x,perf0_timer,perf0_rem,perf0_type,perf1_active,perf1_x,perf1_timer,perf1_rem,perf1_type,perf2_active,perf2_x,perf2_timer,perf2_rem,perf2_type,perf3_active,perf3_x,perf3_timer,perf3_rem,perf3_type,flame0_state,flame0_y,flame0_x,flame0_vel,flame0_apex,flame0_hold,flame1_state,flame1_y,flame1_x,flame1_vel,flame1_apex,flame1_hold,flame2_state,flame2_y,flame2_x,flame2_vel,flame2_apex,flame2_hold,knife0_state,knife0_y,knife0_x,knife0_vel,knife0_apex,knife0_sway,knife0_hold,knife1_state,knife1_y,knife1_x,knife1_vel,knife1_apex,knife1_sway,knife1_hold,knife2_state,knife2_y,knife2_x,knife2_vel,knife2_apex,knife2_sway,knife2_hold,knife3_state,knife3_y,knife3_x,knife3_vel,knife3_apex,knife3_sway,knife3_hold,bag0_state,bag0_x,bag0_key,bag0_timer,bag1_state,bag1_x,bag1_key,bag1_timer,bag2_state,bag2_x,bag2_key,bag2_timer,bird_state,bird_x,bird_bagx,coin0_y,coin0_x,coin1_y,coin1_x,coin2_y,coin2_x,coin3_y,coin3_x,coin4_y,coin4_x,coin5_y,coin5_x,coin6_y,coin6_x,coin7_y,coin7_x,coin8_y,coin8_x,coin9_y,coin9_x,coin10_y,coin10_x,coin11_y,coin11_x,coin12_y,coin12_x,coinidx,coincount,bonus,lives,phase05,phase06,frame_byte
1,-1,ff,0,0,0,0,0,0,0,0,0,0,0,0,0,0,0,0,0,0,0,0,0,0,0,0,0,0,0,0,0,0,0,0,0,0,0,-1,0,0,0,0,0,-1,0,0,0,0,0,-1,0,0,0,0,0,-1,0,0,0,0,0,0,-1,0,0,0,0,0,0,-1,0,0,0,0,0,0,-1,0,0,0,0,0,0,-1,0,0,0,-1,0,0,0,-1,0,0,0,-1,0,0,-1,0,-1,0,-1,0,-1,0,-1,0,-1,0,-1,0,-1,0,-1,0,-1,0,-1,0,-1,0,-1,0,0,0,0,0,0,0,0
2,-1,ff,0,0,0,0,0,0,0,0,0,0,0,0,0,0,0,0,0,0,0,0,0,0,0,0,0,0,0,0,0,0,0,0,0,0,0,-1,0,0,0,0,0,-1,0,0,0,0,0,-1,0,0,0,0,0,-1,0,0,0,0,0,0,-1,0,0,0,0,0,0,-1,0,0,0,0,0,0,-1,0,0,0,0,0,0,-1,0,0,0,-1,0,0,0,-1,0,0,0,-1,0,0,-1,0,-1,0,-1,0,-1,0,-1,0,-1,0,-1,0,-1,0,-1,0,-1,0,-1,0,-1,0,-1,0,0,0,0,0,0,0,0
3,-1,ff,0,0,0,0,0,0,0,0,0,0,0,0,0,0,0,0,0,0,0,0,0,0,0,0,0,0,0,0,0,0,0,0,0,0,0,-1,0,0,0,0,0,-1,0,0,0,0,0,-1,0,0,0,0,0,-1,0,0,0,0,0,0,-1,0,0,0,0,0,0,-1,0,0,0,0,0,0,-1,0,0,0,0,0,0,-1,0,0,0,-1,0,0,0,-1,0,0,0,-1,0,0,-1,0,-1,0,-1,0,-1,0,-1,0,-1,0,-1,0,-1,0,-1,0,-1,0,-1,0,-1,0,-1,0,0,0,0,0,0,0,0
4,-1,ff,0,0,0,0,0,0,0,0,0,0,0,0,0,0,0,0,0,0,0,0,0,0,0,0,0,0,0,0,0,0,0,0,0,0,0,-1,0,0,0,0,0,-1,0,0,0,0,0,-1,0,0,0,0,0,-1,0,0,0,0,0,0,-1,0,0,0,0,0,0,-1,0,0,0,0,0,0,-1,0,0,0,0,0,0,-1,0,0,0,-1,0,0,0,-1,0,0,0,-1,0,0,-1,0,-1,0,-1,0,-1,0,-1,0,-1,0,-1,0,-1,0,-1,0,-1,0,-1,0,-1,0,-1,0,0,0,0,0,0,0,0
5,-1,ff,0,0,0,0,0,0,0,0,0,0,0,0,0,0,0,0,0,0,0,0,0,0,0,0,0,0,0,0,0,0,0,0,0,0,0,-1,0,0,0,0,0,-1,0,0,0,0,0,-1,0,0,0,0,0,-1,0,0,0,0,0,0,-1,0,0,0,0,0,0,-1,0,0,0,0,0,0,-1,0,0,0,0,0,0,-1,0,0,0,-1,0,0,0,-1,0,0,0,-1,0,0,-1,0,-1,0,-1,0,-1,0,-1,0,-1,0,-1,0,-1,0,-1,0,-1,0,-1,0,-1,0,-1,0,0,0,0,0,0,0,0
6,-1,ff,0,0,0,0,0,0,0,0,0,0,0,0,0,0,0,0,0,0,0,0,0,0,0,0,0,0,0,0,0,0,0,0,0,0,0,-1,0,0,0,0,0,-1,0,0,0,0,0,-1,0,0,0,0,0,-1,0,0,0,0,0,0,-1,0,0,0,0,0,0,-1,0,0,0,0,0,0,-1,0,0,0,0,0,0,-1,0,0,0,-1,0,0,0,-1,0,0,0,-1,0,0,-1,0,-1,0,-1,0,-1,0,-1,0,-1,0,-1,0,-1,0,-1,0,-1,0,-1,0,-1,0,-1,0,0,0,0,0,0,0,0
7,-1,ff,0,0,0,0,0,0,0,0,0,0,0,0,0,0,0,0,0,0,0,0,0,0,0,0,0,0,0,0,0,0,0,0,0,0,0,-1,0,0,0,0,0,-1,0,0,0,0,0,-1,0,0,0,0,0,-1,0,0,0,0,0,0,-1,0,0,0,0,0,0,-1,0,0,0,0,0,0,-1,0,0,0,0,0,0,-1,0,0,0,-1,0,0,0,-1,0,0,0,-1,0,0,-1,0,-1,0,-1,0,-1,0,-1,0,-1,0,-1,0,-1,0,-1,0,-1,0,-1,0,-1,0,-1,0,0,0,0,0,0,0,0
8,-1,ff,0,0,0,0,0,0,0,0,0,0,0,0,0,0,0,0,0,0,0,0,0,0,0,0,0,0,0,0,0,0,0,0,0,0,0,-1,0,0,0,0,0,-1,0,0,0,0,0,-1,0,0,0,0,0,-1,0,0,0,0,0,0,-1,0,0,0,0,0,0,-1,0,0,0,0,0,0,-1,0,0,0,0,0,0,-1,0,0,0,-1,0,0,0,-1,0,0,0,-1,0,0,-1,0,-1,0,-1,0,-1,0,-1,0,-1,0,-1,0,-1,0,-1,0,-1,0,-1,0,-1,0,-1,0,0,0,0,0,0,0,0
9,-1,ff,0,0,0,0,0,0,0,0,0,0,0,0,0,0,0,0,0,0,0,0,0,0,0,0,0,0,0,0,0,0,0,0,0,0,0,-1,0,0,0,0,0,-1,0,0,0,0,0,-1,0,0,0,0,0,-1,0,0,0,0,0,0,-1,0,0,0,0,0,0,-1,0,0,0,0,0,0,-1,0,0,0,0,0,0,-1,0,0,0,-1,0,0,0,-1,0,0,0,-1,0,0,-1,0,-1,0,-1,0,-1,0,-1,0,-1,0,-1,0,-1,0,-1,0,-1,0,-1,0,-1,0,-1,0,0,0,0,0,0,0,0
10,-1,ff,0,0,0,0,0,0,0,0,0,0,0,0,0,0,0,0,0,0,0,0,0,0,0,0,0,0,0,0,0,0,0,0,0,0,0,-1,0,0,0,0,0,-1,0,0,0,0,0,-1,0,0,0,0,0,-1,0,0,0,0,0,0,-1,0,0,0,0,0,0,-1,0,0,0,0,0,0,-1,0,0,0,0,0,0,-1,0,0,0,-1,0,0,0,-1,0,0,0,-1,0,0,-1,0,-1,0,-1,0,-1,0,-1,0,-1,0,-1,0,-1,0,-1,0,-1,0,-1,0,-1,0,-1,0,0,0,0,0,0,0,0
11,-1,ff,0,0,0,0,0,0,0,0,0,0,0,0,0,0,0,0,0,0,0,0,0,0,0,0,0,0,0,0,0,0,0,0,0,0,0,-1,0,0,0,0,0,-1,0,0,0,0,0,-1,0,0,0,0,0,-1,0,0,0,0,0,0,-1,0,0,0,0,0,0,-1,0,0,0,0,0,0,-1,0,0,0,0,0,0,-1,0,0,0,-1,0,0,0,-1,0,0,0,-1,0,0,-1,0,-1,0,-1,0,-1,0,-1,0,-1,0,-1,0,-1,0,-1,0,-1,0,-1,0,-1,0,-1,0,0,0,0,0,0,0,0
12,-1,ff,0,0,0,0,0,0,0,0,0,0,0,0,0,0,0,0,0,0,0,0,0,0,0,0,0,0,0,0,0,0,0,0,0,0,0,-1,0,0,0,0,0,-1,0,0,0,0,0,-1,0,0,0,0,0,-1,0,0,0,0,0,0,-1,0,0,0,0,0,0,-1,0,0,0,0,0,0,-1,0,0,0,0,0,0,-1,0,0,0,-1,0,0,0,-1,0,0,0,-1,0,0,-1,0,-1,0,-1,0,-1,0,-1,0,-1,0,-1,0,-1,0,-1,0,-1,0,-1,0,-1,0,-1,0,0,0,0,0,0,0,0
13,-1,ff,0,0,0,0,0,0,0,0,0,0,0,0,0,0,0,0,0,0,0,0,0,0,0,0,0,0,0,0,0,0,0,0,0,0,0,-1,0,0,0,0,0,-1,0,0,0,0,0,-1,0,0,0,0,0,-1,0,0,0,0,0,0,-1,0,0,0,0,0,0,-1,0,0,0,0,0,0,-1,0,0,0,0,0,0,-1,0,0,0,-1,0,0,0,-1,0,0,0,-1,0,0,-1,0,-1,0,-1,0,-1,0,-1,0,-1,0,-1,0,-1,0,-1,0,-1,0,-1,0,-1,0,-1,0,0,0,0,0,0,0,0
14,-1,ff,0,0,0,0,0,0,0,0,0,0,0,0,0,0,0,0,0,0,0,0,0,0,0,0,0,0,0,0,0,0,0,0,0,0,0,-1,0,0,0,0,0,-1,0,0,0,0,0,-1,0,0,0,0,0,-1,0,0,0,0,0,0,-1,0,0,0,0,0,0,-1,0,0,0,0,0,0,-1,0,0,0,0,0,0,-1,0,0,0,-1,0,0,0,-1,0,0,0,-1,0,0,-1,0,-1,0,-1,0,-1,0,-1,0,-1,0,-1,0,-1,0,-1,0,-1,0,-1,0,-1,0,-1,0,0,0,0,0,0,0,0
15,-1,ff,0,0,0,0,0,0,0,0,0,0,0,0,0,0,0,0,0,0,0,0,0,0,0,0,0,0,0,0,0,0,0,0,0,0,0,-1,0,0,0,0,0,-1,0,0,0,0,0,-1,0,0,0,0,0,-1,0,0,0,0,0,0,-1,0,0,0,0,0,0,-1,0,0,0,0,0,0,-1,0,0,0,0,0,0,-1,0,0,0,-1,0,0,0,-1,0,0,0,-1,0,0,-1,0,-1,0,-1,0,-1,0,-1,0,-1,0,-1,0,-1,0,-1,0,-1,0,-1,0,-1,0,-1,0,0,0,0,0,0,0,0
16,-1,ff,0,0,0,0,0,0,0,0,0,0,0,0,0,0,0,0,0,0,0,0,0,0,0,0,0,0,0,0,0,0,0,0,0,0,0,-1,0,0,0,0,0,-1,0,0,0,0,0,-1,0,0,0,0,0,-1,0,0,0,0,0,0,-1,0,0,0,0,0,0,-1,0,0,0,0,0,0,-1,0,0,0,0,0,0,-1,0,0,0,-1,0,0,0,-1,0,0,0,-1,0,0,-1,0,-1,0,-1,0,-1,0,-1,0,-1,0,-1,0,-1,0,-1,0,-1,0,-1,0,-1,0,-1,0,0,0,0,0,0,0,0
17,-1,ff,0,0,0,0,0,0,0,0,0,0,0,0,0,0,0,0,0,0,0,0,0,0,0,0,0,0,0,0,0,0,0,0,0,0,0,-1,0,0,0,0,0,-1,0,0,0,0,0,-1,0,0,0,0,0,-1,0,0,0,0,0,0,-1,0,0,0,0,0,0,-1,0,0,0,0,0,0,-1,0,0,0,0,0,0,-1,0,0,0,-1,0,0,0,-1,0,0,0,-1,0,0,-1,0,-1,0,-1,0,-1,0,-1,0,-1,0,-1,0,-1,0,-1,0,-1,0,-1,0,-1,0,-1,0,0,0,0,0,0,0,0
18,-1,ff,0,0,0,0,0,0,0,0,0,0,0,0,0,0,0,0,0,0,0,0,0,0,0,0,0,0,0,0,0,0,0,0,0,0,0,-1,0,0,0,0,0,-1,0,0,0,0,0,-1,0,0,0,0,0,-1,0,0,0,0,0,0,-1,0,0,0,0,0,0,-1,0,0,0,0,0,0,-1,0,0,0,0,0,0,-1,0,0,0,-1,0,0,0,-1,0,0,0,-1,0,0,-1,0,-1,0,-1,0,-1,0,-1,0,-1,0,-1,0,-1,0,-1,0,-1,0,-1,0,-1,0,-1,0,0,0,0,0,0,0,0
19,-1,ff,0,0,0,0,0,0,0,0,0,0,0,0,0,0,0,0,0,0,0,0,0,0,0,0,0,0,0,0,0,0,0,0,0,0,0,-1,0,0,0,0,0,-1,0,0,0,0,0,-1,0,0,0,0,0,-1,0,0,0,0,0,0,-1,0,0,0,0,0,0,-1,0,0,0,0,0,0,-1,0,0,0,0,0,0,-1,0,0,0,-1,0,0,0,-1,0,0,0,-1,0,0,-1,0,-1,0,-1,0,-1,0,-1,0,-1,0,-1,0,-1,0,-1,0,-1,0,-1,0,-1,0,-1,0,0,0,0,0,0,0,0
20,-1,ff,0,0,0,0,0,0,0,0,0,0,0,0,0,0,0,0,0,0,0,0,0,0,0,0,0,0,0,0,0,0,0,0,0,0,0,-1,0,0,0,0,0,-1,0,0,0,0,0,-1,0,0,0,0,0,-1,0,0,0,0,0,0,-1,0,0,0,0,0,0,-1,0,0,0,0,0,0,-1,0,0,0,0,0,0,-1,0,0,0,-1,0,0,0,-1,0,0,0,-1,0,0,-1,0,-1,0,-1,0,-1,0,-1,0,-1,0,-1,0,-1,0,-1,0,-1,0,-1,0,-1,0,-1,0,0,0,0,0,0,0,0
21,-1,ff,0,0,0,0,0,0,0,0,0,0,0,0,0,0,0,0,0,0,0,0,0,0,0,0,0,0,0,0,0,0,0,0,0,0,0,-1,0,0,0,0,0,-1,0,0,0,0,0,-1,0,0,0,0,0,-1,0,0,0,0,0,0,-1,0,0,0,0,0,0,-1,0,0,0,0,0,0,-1,0,0,0,0,0,0,-1,0,0,0,-1,0,0,0,-1,0,0,0,-1,0,0,-1,0,-1,0,-1,0,-1,0,-1,0,-1,0,-1,0,-1,0,-1,0,-1,0,-1,0,-1,0,-1,0,0,0,0,0,0,0,0
22,-1,ff,0,0,0,0,0,0,0,0,0,0,0,0,0,0,0,0,0,0,0,0,0,0,0,0,0,0,0,0,0,0,0,0,0,0,0,-1,0,0,0,0,0,-1,0,0,0,0,0,-1,0,0,0,0,0,-1,0,0,0,0,0,0,-1,0,0,0,0,0,0,-1,0,0,0,0,0,0,-1,0,0,0,0,0,0,-1,0,0,0,-1,0,0,0,-1,0,0,0,-1,0,0,-1,0,-1,0,-1,0,-1,0,-1,0,-1,0,-1,0,-1,0,-1,0,-1,0,-1,0,-1,0,-1,0,0,0,0,0,0,0,0
23,-1,ff,0,0,0,0,0,0,0,0,0,0,0,0,0,0,0,0,0,0,0,0,0,0,0,0,0,0,0,0,0,0,0,0,0,0,0,-1,0,0,0,0,0,-1,0,0,0,0,0,-1,0,0,0,0,0,-1,0,0,0,0,0,0,-1,0,0,0,0,0,0,-1,0,0,0,0,0,0,-1,0,0,0,0,0,0,-1,0,0,0,-1,0,0,0,-1,0,0,0,-1,0,0,-1,0,-1,0,-1,0,-1,0,-1,0,-1,0,-1,0,-1,0,-1,0,-1,0,-1,0,-1,0,-1,0,0,0,0,0,0,0,0
24,-1,ff,0,0,0,0,0,0,0,0,0,0,0,0,0,0,0,0,0,0,0,0,0,0,0,0,0,0,0,0,0,0,0,0,0,0,0,-1,0,0,0,0,0,-1,0,0,0,0,0,-1,0,0,0,0,0,-1,0,0,0,0,0,0,-1,0,0,0,0,0,0,-1,0,0,0,0,0,0,-1,0,0,0,0,0,0,-1,0,0,0,-1,0,0,0,-1,0,0,0,-1,0,0,-1,0,-1,0,-1,0,-1,0,-1,0,-1,0,-1,0,-1,0,-1,0,-1,0,-1,0,-1,0,-1,0,0,0,0,0,0,0,0
25,-1,ff,0,0,0,0,0,0,0,0,0,0,0,0,0,0,0,0,0,0,0,0,0,0,0,0,0,0,0,0,0,0,0,0,0,0,0,-1,0,0,0,0,0,-1,0,0,0,0,0,-1,0,0,0,0,0,-1,0,0,0,0,0,0,-1,0,0,0,0,0,0,-1,0,0,0,0,0,0,-1,0,0,0,0,0,0,-1,0,0,0,-1,0,0,0,-1,0,0,0,-1,0,0,-1,0,-1,0,-1,0,-1,0,-1,0,-1,0,-1,0,-1,0,-1,0,-1,0,-1,0,-1,0,-1,0,0,0,0,0,0,0,0
26,-1,ff,0,0,0,0,0,0,0,0,0,0,0,0,0,0,0,0,0,0,0,0,0,0,0,0,0,0,0,0,0,0,0,0,0,0,0,-1,0,0,0,0,0,-1,0,0,0,0,0,-1,0,0,0,0,0,-1,0,0,0,0,0,0,-1,0,0,0,0,0,0,-1,0,0,0,0,0,0,-1,0,0,0,0,0,0,-1,0,0,0,-1,0,0,0,-1,0,0,0,-1,0,0,-1,0,-1,0,-1,0,-1,0,-1,0,-1,0,-1,0,-1,0,-1,0,-1,0,-1,0,-1,0,-1,0,0,0,0,0,0,0,0
27,-1,ff,0,0,0,0,0,0,0,0,0,0,0,0,0,0,0,0,0,0,0,0,0,0,0,0,0,0,0,0,0,0,0,0,0,0,0,-1,0,0,0,0,0,-1,0,0,0,0,0,-1,0,0,0,0,0,-1,0,0,0,0,0,0,-1,0,0,0,0,0,0,-1,0,0,0,0,0,0,-1,0,0,0,0,0,0,-1,0,0,0,-1,0,0,0,-1,0,0,0,-1,0,0,-1,0,-1,0,-1,0,-1,0,-1,0,-1,0,-1,0,-1,0,-1,0,-1,0,-1,0,-1,0,-1,0,0,0,0,0,0,0,0
28,-1,ff,0,0,0,0,0,0,0,0,0,0,0,0,0,0,0,0,0,0,0,0,0,0,0,0,0,0,0,0,0,0,0,0,0,0,0,-1,0,0,0,0,0,-1,0,0,0,0,0,-1,0,0,0,0,0,-1,0,0,0,0,0,0,-1,0,0,0,0,0,0,-1,0,0,0,0,0,0,-1,0,0,0,0,0,0,-1,0,0,0,-1,0,0,0,-1,0,0,0,-1,0,0,-1,0,-1,0,-1,0,-1,0,-1,0,-1,0,-1,0,-1,0,-1,0,-1,0,-1,0,-1,0,-1,0,0,0,0,0,0,0,0
29,-1,ff,0,0,0,0,0,0,0,0,0,0,0,0,0,0,0,0,0,0,0,0,0,0,0,0,0,0,0,0,0,0,0,0,0,0,0,-1,0,0,0,0,0,-1,0,0,0,0,0,-1,0,0,0,0,0,-1,0,0,0,0,0,0,-1,0,0,0,0,0,0,-1,0,0,0,0,0,0,-1,0,0,0,0,0,0,-1,0,0,0,-1,0,0,0,-1,0,0,0,-1,0,0,-1,0,-1,0,-1,0,-1,0,-1,0,-1,0,-1,0,-1,0,-1,0,-1,0,-1,0,-1,0,-1,0,0,0,0,0,0,0,0
30,-1,ff,0,0,0,0,0,0,0,0,0,0,0,0,0,0,0,0,0,0,0,0,0,0,0,0,0,0,0,0,0,0,0,0,0,0,0,-1,0,0,0,0,0,-1,0,0,0,0,0,-1,0,0,0,0,0,-1,0,0,0,0,0,0,-1,0,0,0,0,0,0,-1,0,0,0,0,0,0,-1,0,0,0,0,0,0,-1,0,0,0,-1,0,0,0,-1,0,0,0,-1,0,0,-1,0,-1,0,-1,0,-1,0,-1,0,-1,0,-1,0,-1,0,-1,0,-1,0,-1,0,-1,0,-1,0,0,0,0,0,0,0,0
31,-1,ff,0,0,0,0,0,0,0,0,0,0,0,0,0,0,0,0,0,0,0,0,0,0,0,0,0,0,0,0,0,0,0,0,0,0,0,-1,0,0,0,0,0,-1,0,0,0,0,0,-1,0,0,0,0,0,-1,0,0,0,0,0,0,-1,0,0,0,0,0,0,-1,0,0,0,0,0,0,-1,0,0,0,0,0,0,-1,0,0,0,-1,0,0,0,-1,0,0,0,-1,0,0,-1,0,-1,0,-1,0,-1,0,-1,0,-1,0,-1,0,-1,0,-1,0,-1,0,-1,0,-1,0,-1,0,0,0,0,0,0,0,0
32,-1,ff,0,0,0,0,0,0,0,0,0,0,0,0,0,0,0,0,0,0,0,0,0,0,0,0,0,0,0,0,0,0,0,0,0,0,0,-1,0,0,0,0,0,-1,0,0,0,0,0,-1,0,0,0,0,0,-1,0,0,0,0,0,0,-1,0,0,0,0,0,0,-1,0,0,0,0,0,0,-1,0,0,0,0,0,0,-1,0,0,0,-1,0,0,0,-1,0,0,0,-1,0,0,-1,0,-1,0,-1,0,-1,0,-1,0,-1,0,-1,0,-1,0,-1,0,-1,0,-1,0,-1,0,-1,0,0,0,0,0,0,0,0
33,-1,ff,0,0,0,0,0,0,0,0,0,0,0,0,0,0,0,0,0,0,0,0,0,0,0,0,0,0,0,0,0,0,0,0,0,0,0,-1,0,0,0,0,0,-1,0,0,0,0,0,-1,0,0,0,0,0,-1,0,0,0,0,0,0,-1,0,0,0,0,0,0,-1,0,0,0,0,0,0,-1,0,0,0,0,0,0,-1,0,0,0,-1,0,0,0,-1,0,0,0,-1,0,0,-1,0,-1,0,-1,0,-1,0,-1,0,-1,0,-1,0,-1,0,-1,0,-1,0,-1,0,-1,0,-1,0,0,0,0,0,0,0,0
34,-1,ff,0,0,0,0,0,0,0,0,0,0,0,0,0,0,0,0,0,0,0,0,0,0,0,0,0,0,0,0,0,0,0,0,0,0,0,-1,0,0,0,0,0,-1,0,0,0,0,0,-1,0,0,0,0,0,-1,0,0,0,0,0,0,-1,0,0,0,0,0,0,-1,0,0,0,0,0,0,-1,0,0,0,0,0,0,-1,0,0,0,-1,0,0,0,-1,0,0,0,-1,0,0,-1,0,-1,0,-1,0,-1,0,-1,0,-1,0,-1,0,-1,0,-1,0,-1,0,-1,0,-1,0,-1,0,0,0,0,0,0,0,0
35,-1,ff,0,0,0,0,0,0,0,0,0,0,0,0,0,0,0,0,0,0,0,0,0,0,0,0,0,0,0,0,0,0,0,0,0,0,0,-1,0,0,0,0,0,-1,0,0,0,0,0,-1,0,0,0,0,0,-1,0,0,0,0,0,0,-1,0,0,0,0,0,0,-1,0,0,0,0,0,0,-1,0,0,0,0,0,0,-1,0,0,0,-1,0,0,0,-1,0,0,0,-1,0,0,-1,0,-1,0,-1,0,-1,0,-1,0,-1,0,-1,0,-1,0,-1,0,-1,0,-1,0,-1,0,-1,0,0,0,0,0,0,0,0
36,-1,ff,0,0,0,0,0,0,0,0,0,0,0,0,0,0,0,0,0,0,0,0,0,0,0,0,0,0,0,0,0,0,0,0,0,0,0,-1,0,0,0,0,0,-1,0,0,0,0,0,-1,0,0,0,0,0,-1,0,0,0,0,0,0,-1,0,0,0,0,0,0,-1,0,0,0,0,0,0,-1,0,0,0,0,0,0,-1,0,0,0,-1,0,0,0,-1,0,0,0,-1,0,0,-1,0,-1,0,-1,0,-1,0,-1,0,-1,0,-1,0,-1,0,-1,0,-1,0,-1,0,-1,0,-1,0,0,0,0,0,0,0,0
37,-1,ff,0,0,0,0,0,0,0,0,0,0,0,0,0,0,0,0,0,0,0,0,0,0,0,0,0,0,0,0,0,0,0,0,0,0,0,-1,0,0,0,0,0,-1,0,0,0,0,0,-1,0,0,0,0,0,-1,0,0,0,0,0,0,-1,0,0,0,0,0,0,-1,0,0,0,0,0,0,-1,0,0,0,0,0,0,-1,0,0,0,-1,0,0,0,-1,0,0,0,-1,0,0,-1,0,-1,0,-1,0,-1,0,-1,0,-1,0,-1,0,-1,0,-1,0,-1,0,-1,0,-1,0,-1,0,0,0,0,0,0,0,0
38,-1,ff,0,0,0,0,0,0,0,0,0,0,0,0,0,0,0,0,0,0,0,0,0,0,0,0,0,0,0,0,0,0,0,0,0,0,0,-1,0,0,0,0,0,-1,0,0,0,0,0,-1,0,0,0,0,0,-1,0,0,0,0,0,0,-1,0,0,0,0,0,0,-1,0,0,0,0,0,0,-1,0,0,0,0,0,0,-1,0,0,0,-1,0,0,0,-1,0,0,0,-1,0,0,-1,0,-1,0,-1,0,-1,0,-1,0,-1,0,-1,0,-1,0,-1,0,-1,0,-1,0,-1,0,-1,0,0,0,0,0,0,0,0
39,-1,ff,0,0,0,0,0,0,0,0,0,0,0,0,0,0,0,0,0,0,0,0,0,0,0,0,0,0,0,0,0,0,0,0,0,0,0,-1,0,0,0,0,0,-1,0,0,0,0,0,-1,0,0,0,0,0,-1,0,0,0,0,0,0,-1,0,0,0,0,0,0,-1,0,0,0,0,0,0,-1,0,0,0,0,0,0,-1,0,0,0,-1,0,0,0,-1,0,0,0,-1,0,0,-1,0,-1,0,-1,0,-1,0,-1,0,-1,0,-1,0,-1,0,-1,0,-1,0,-1,0,-1,0,-1,0,0,0,0,0,0,0,0
40,-1,ff,0,0,0,0,0,0,0,0,0,0,0,0,0,0,0,0,0,0,0,0,0,0,0,0,0,0,0,0,0,0,0,0,0,0,0,-1,0,0,0,0,0,-1,0,0,0,0,0,-1,0,0,0,0,0,-1,0,0,0,0,0,0,-1,0,0,0,0,0,0,-1,0,0,0,0,0,0,-1,0,0,0,0,0,0,-1,0,0,0,-1,0,0,0,-1,0,0,0,-1,0,0,-1,0,-1,0,-1,0,-1,0,-1,0,-1,0,-1,0,-1,0,-1,0,-1,0,-1,0,-1,0,-1,0,0,0,0,0,0,0,0
41,-1,ff,0,0,0,0,0,0,0,0,0,0,0,0,0,0,0,0,0,0,0,0,0,0,0,0,0,0,0,0,0,0,0,0,0,0,0,-1,0,0,0,0,0,-1,0,0,0,0,0,-1,0,0,0,0,0,-1,0,0,0,0,0,0,-1,0,0,0,0,0,0,-1,0,0,0,0,0,0,-1,0,0,0,0,0,0,-1,0,0,0,-1,0,0,0,-1,0,0,0,-1,0,0,-1,0,-1,0,-1,0,-1,0,-1,0,-1,0,-1,0,-1,0,-1,0,-1,0,-1,0,-1,0,-1,0,0,0,0,0,0,0,0
42,-1,ff,0,0,0,0,0,0,0,0,0,0,0,0,0,0,0,0,0,0,0,0,0,0,0,0,0,0,0,0,0,0,0,0,0,0,0,-1,0,0,0,0,0,-1,0,0,0,0,0,-1,0,0,0,0,0,-1,0,0,0,0,0,0,-1,0,0,0,0,0,0,-1,0,0,0,0,0,0,-1,0,0,0,0,0,0,-1,0,0,0,-1,0,0,0,-1,0,0,0,-1,0,0,-1,0,-1,0,-1,0,-1,0,-1,0,-1,0,-1,0,-1,0,-1,0,-1,0,-1,0,-1,0,-1,0,0,0,0,0,0,0,0
43,-1,ff,0,0,0,0,0,0,0,0,0,0,0,0,0,0,0,0,0,0,0,0,0,0,0,0,0,0,0,0,0,0,0,0,0,0,0,-1,0,0,0,0,0,-1,0,0,0,0,0,-1,0,0,0,0,0,-1,0,0,0,0,0,0,-1,0,0,0,0,0,0,-1,0,0,0,0,0,0,-1,0,0,0,0,0,0,-1,0,0,0,-1,0,0,0,-1,0,0,0,-1,0,0,-1,0,-1,0,-1,0,-1,0,-1,0,-1,0,-1,0,-1,0,-1,0,-1,0,-1,0,-1,0,-1,0,0,0,0,0,0,0,0
44,-1,ff,0,0,0,0,0,0,0,0,0,0,0,0,0,0,0,0,0,0,0,0,0,0,0,0,0,0,0,0,0,0,0,0,0,0,0,-1,0,0,0,0,0,-1,0,0,0,0,0,-1,0,0,0,0,0,-1,0,0,0,0,0,0,-1,0,0,0,0,0,0,-1,0,0,0,0,0,0,-1,0,0,0,0,0,0,-1,0,0,0,-1,0,0,0,-1,0,0,0,-1,0,0,-1,0,-1,0,-1,0,-1,0,-1,0,-1,0,-1,0,-1,0,-1,0,-1,0,-1,0,-1,0,-1,0,0,0,0,0,0,0,0
45,-1,ff,0,0,0,0,0,0,0,0,0,0,0,0,0,0,0,0,0,0,0,0,0,0,0,0,0,0,0,0,0,0,0,0,0,0,0,-1,0,0,0,0,0,-1,0,0,0,0,0,-1,0,0,0,0,0,-1,0,0,0,0,0,0,-1,0,0,0,0,0,0,-1,0,0,0,0,0,0,-1,0,0,0,0,0,0,-1,0,0,0,-1,0,0,0,-1,0,0,0,-1,0,0,-1,0,-1,0,-1,0,-1,0,-1,0,-1,0,-1,0,-1,0,-1,0,-1,0,-1,0,-1,0,-1,0,0,0,0,0,0,0,0
46,-1,ff,0,0,0,0,0,0,0,0,0,0,0,0,0,0,0,0,0,0,0,0,0,0,0,0,0,0,0,0,0,0,0,0,0,0,0,-1,0,0,0,0,0,-1,0,0,0,0,0,-1,0,0,0,0,0,-1,0,0,0,0,0,0,-1,0,0,0,0,0,0,-1,0,0,0,0,0,0,-1,0,0,0,0,0,0,-1,0,0,0,-1,0,0,0,-1,0,0,0,-1,0,0,-1,0,-1,0,-1,0,-1,0,-1,0,-1,0,-1,0,-1,0,-1,0,-1,0,-1,0,-1,0,-1,0,0,0,0,0,0,0,0
47,-1,ff,0,0,0,0,0,0,0,0,0,0,0,0,0,0,0,0,0,0,0,0,0,0,0,0,0,0,0,0,0,0,0,0,0,0,0,-1,0,0,0,0,0,-1,0,0,0,0,0,-1,0,0,0,0,0,-1,0,0,0,0,0,0,-1,0,0,0,0,0,0,-1,0,0,0,0,0,0,-1,0,0,0,0,0,0,-1,0,0,0,-1,0,0,0,-1,0,0,0,-1,0,0,-1,0,-1,0,-1,0,-1,0,-1,0,-1,0,-1,0,-1,0,-1,0,-1,0,-1,0,-1,0,-1,0,0,0,0,0,0,0,0
48,-1,ff,0,0,0,0,0,0,0,0,0,0,0,0,0,0,0,0,0,0,0,0,0,0,0,0,0,0,0,0,0,0,0,0,0,0,0,-1,0,0,0,0,0,-1,0,0,0,0,0,-1,0,0,0,0,0,-1,0,0,0,0,0,0,-1,0,0,0,0,0,0,-1,0,0,0,0,0,0,-1,0,0,0,0,0,0,-1,0,0,0,-1,0,0,0,-1,0,0,0,-1,0,0,-1,0,-1,0,-1,0,-1,0,-1,0,-1,0,-1,0,-1,0,-1,0,-1,0,-1,0,-1,0,-1,0,0,0,0,0,0,0,0
49,-1,ff,0,0,0,0,0,0,0,0,0,0,0,0,0,0,0,0,0,0,0,0,0,0,0,0,0,0,0,0,0,0,0,0,0,0,0,-1,0,0,0,0,0,-1,0,0,0,0,0,-1,0,0,0,0,0,-1,0,0,0,0,0,0,-1,0,0,0,0,0,0,-1,0,0,0,0,0,0,-1,0,0,0,0,0,0,-1,0,0,0,-1,0,0,0,-1,0,0,0,-1,0,0,-1,0,-1,0,-1,0,-1,0,-1,0,-1,0,-1,0,-1,0,-1,0,-1,0,-1,0,-1,0,-1,0,0,0,0,0,0,0,0
50,-1,ff,0,0,0,0,0,0,0,0,0,0,0,0,0,0,0,0,0,0,0,0,0,0,0,0,0,0,0,0,0,0,0,0,0,0,0,-1,0,0,0,0,0,-1,0,0,0,0,0,-1,0,0,0,0,0,-1,0,0,0,0,0,0,-1,0,0,0,0,0,0,-1,0,0,0,0,0,0,-1,0,0,0,0,0,0,-1,0,0,0,-1,0,0,0,-1,0,0,0,-1,0,0,-1,0,-1,0,-1,0,-1,0,-1,0,-1,0,-1,0,-1,0,-1,0,-1,0,-1,0,-1,0,-1,0,0,0,0,0,0,0,0
51,-1,ff,0,0,0,0,0,0,0,0,0,0,0,0,0,0,0,0,0,0,0,0,0,0,0,0,0,0,0,0,0,0,0,0,0,0,0,-1,0,0,0,0,0,-1,0,0,0,0,0,-1,0,0,0,0,0,-1,0,0,0,0,0,0,-1,0,0,0,0,0,0,-1,0,0,0,0,0,0,-1,0,0,0,0,0,0,-1,0,0,0,-1,0,0,0,-1,0,0,0,-1,0,0,-1,0,-1,0,-1,0,-1,0,-1,0,-1,0,-1,0,-1,0,-1,0,-1,0,-1,0,-1,0,-1,0,0,0,0,0,0,0,0
52,-1,ff,0,0,0,0,0,0,0,0,0,21845,555555,85,0,0,0,0,0,0,0,0,0,0,0,0,0,0,0,0,0,0,0,0,0,0,0,-1,0,0,0,0,0,-1,0,0,0,0,0,-1,0,0,0,0,0,-1,0,0,0,0,0,0,-1,0,0,0,0,0,0,-1,0,0,0,0,0,0,-1,0,0,0,0,0,0,-1,0,0,0,-1,0,0,0,-1,0,0,0,-1,0,0,-1,0,-1,0,-1,0,-1,0,-1,0,-1,0,-1,0,-1,0,-1,0,-1,0,-1,0,-1,0,-1,0,0,0,94435,85,85,85,85
53,-1,ff,85,85,85,85,21845,21845,85,85,85,21845,555555,85,0,0,0,1,85,85,85,85,1,85,85,85,85,1,85,85,85,85,1,85,85,85,85,85,85,85,21845,85,85,85,85,85,21845,85,85,85,85,85,21845,85,85,85,85,85,21845,85,85,85,85,85,85,21845,85,85,85,85,85,85,21845,85,85,85,85,85,85,21845,85,85,85,85,85,85,85,85,85,85,85,85,85,85,85,85,85,85,85,85,85,85,85,85,85,85,85,85,85,85,85,85,85,85,85,85,85,85,85,85,85,85,85,85,85,85,94435,85,85,85,85
54,-1,ff,85,85,85,85,21845,21845,85,85,85,21845,555555,85,85,85,85,1,85,85,85,85,1,85,85,85,85,1,85,85,85,85,1,85,85,85,85,85,85,85,21845,85,85,85,85,85,21845,85,85,85,85,85,21845,85,85,85,85,85,21845,85,85,85,85,85,85,21845,85,85,85,85,85,85,21845,85,85,85,85,85,85,21845,85,85,85,85,85,85,85,85,85,85,85,85,85,85,85,85,85,85,85,85,85,85,85,85,85,85,85,85,85,85,85,85,85,85,85,85,85,85,85,85,85,85,85,85,85,85,94435,85,85,85,85
55,-1,ff,85,85,85,85,21845,21845,85,85,85,21845,555555,85,85,85,85,1,85,85,85,85,1,85,85,85,85,1,85,85,85,85,1,85,85,85,85,85,85,85,21845,85,85,85,85,85,21845,85,85,85,85,85,21845,85,85,85,85,85,21845,85,85,85,85,85,85,21845,85,85,85,85,85,85,21845,85,85,85,85,85,85,21845,85,85,85,85,85,85,85,85,85,85,85,85,85,85,85,85,85,85,85,85,85,85,85,85,85,85,85,85,85,85,85,85,85,85,85,85,85,85,85,85,85,85,85,85,85,85,94435,85,85,85,85
56,-1,ff,85,85,85,85,21845,21845,85,85,85,21845,555555,85,85,85,85,1,85,85,85,85,1,85,85,85,85,1,85,85,85,85,1,85,85,85,85,85,85,85,21845,85,85,85,85,85,21845,85,85,85,85,85,21845,85,85,85,85,85,21845,85,85,85,85,85,85,21845,85,85,85,85,85,85,21845,85,85,85,85,85,85,21845,85,85,85,85,85,85,85,85,85,85,85,85,85,85,85,85,85,85,85,85,85,85,85,85,85,85,85,85,85,85,85,85,85,85,85,85,85,85,85,85,85,85,85,85,85,85,94435,85,85,85,85
57,-1,ff,85,85,85,85,21845,21845,85,85,85,43690,nil,170,85,85,85,1,85,85,85,85,1,85,85,85,85,1,85,85,85,85,1,85,85,85,85,85,85,85,21845,85,85,85,85,85,21845,85,85,85,85,85,21845,85,85,85,85,85,21845,85,85,85,85,85,85,21845,85,85,85,85,85,85,21845,85,85,85,85,85,85,21845,85,85,85,85,85,85,85,85,85,85,85,85,85,85,85,85,85,85,85,85,85,85,85,85,85,85,85,85,85,85,85,85,85,85,85,85,85,85,85,85,85,85,85,85,85,85,94435,170,170,170,170
58,-1,ff,170,170,170,170,43690,43690,170,170,170,43690,nil,170,85,85,85,1,170,170,170,170,1,170,170,170,170,1,170,170,170,170,1,170,170,170,170,170,170,170,43690,170,170,170,170,170,43690,170,170,170,170,170,43690,170,170,170,170,170,43690,170,170,170,170,170,170,43690,170,170,170,170,170,170,43690,170,170,170,170,170,170,43690,170,170,170,170,170,170,170,170,170,170,170,170,170,170,170,170,170,170,170,170,170,170,170,170,170,170,170,170,170,170,85,85,85,85,85,85,85,85,85,85,85,85,85,85,85,85,188870,170,170,170,170
59,-1,ff,170,170,170,170,43690,43690,170,170,170,43690,nil,170,170,170,170,1,170,170,170,170,1,170,170,170,170,1,170,170,170,170,1,170,170,170,170,170,170,170,43690,170,170,170,170,170,43690,170,170,170,170,170,43690,170,170,170,170,170,43690,170,170,170,170,170,170,43690,170,170,170,170,170,170,43690,170,170,170,170,170,170,43690,170,170,170,170,170,170,170,170,170,170,170,170,170,170,170,170,170,170,170,170,170,170,170,170,170,170,170,170,170,170,170,170,170,170,170,170,170,170,170,170,170,170,170,170,170,170,188870,170,170,170,170
60,-1,ff,170,170,170,170,43690,43690,170,170,170,43690,nil,170,170,170,170,1,170,170,170,170,1,170,170,170,170,1,170,170,170,170,1,170,170,170,170,170,170,170,43690,170,170,170,170,170,43690,170,170,170,170,170,43690,170,170,170,170,170,43690,170,170,170,170,170,170,43690,170,170,170,170,170,170,43690,170,170,170,170,170,170,43690,170,170,170,170,170,170,170,170,170,170,170,170,170,170,170,170,170,170,170,170,170,170,170,170,170,170,170,170,170,170,170,170,170,170,170,170,170,170,170,170,170,170,170,170,170,170,188870,170,170,170,170
61,-1,ff,170,170,170,170,43690,43690,170,170,170,43690,nil,170,170,170,170,1,170,170,170,170,1,170,170,170,170,1,170,170,170,170,1,170,170,170,170,170,170,170,43690,170,170,170,170,170,43690,170,170,170,170,170,43690,170,170,170,170,170,43690,170,170,170,170,170,170,43690,170,170,170,170,170,170,43690,170,170,170,170,170,170,43690,170,170,170,170,170,170,170,170,170,170,170,170,170,170,170,170,170,170,170,170,170,170,170,170,170,170,170,170,170,170,170,170,170,170,170,170,170,170,170,170,170,170,170,170,170,170,188870,170,170,170,170
62,-1,ff,170,170,170,170,43690,43690,170,170,170,43690,nil,170,170,170,170,1,170,170,170,170,1,170,170,170,170,1,170,170,170,170,1,170,170,170,170,170,170,170,43690,170,170,170,170,170,43690,170,170,170,170,170,43690,170,170,170,170,170,43690,170,170,170,170,170,170,43690,170,170,170,170,170,170,43690,170,170,170,170,170,170,43690,170,170,170,170,170,170,170,170,170,170,170,170,170,170,170,170,170,170,170,170,170,170,170,170,170,170,170,170,170,170,170,170,170,170,170,170,170,170,170,170,170,170,170,170,170,170,188870,170,255,255,255
63,-1,ff,255,255,255,255,65535,65535,255,255,255,65535,nil,255,170,170,170,1,255,255,255,255,1,255,255,255,255,1,255,255,255,255,1,255,255,255,255,255,255,255,65535,255,255,255,255,255,65535,255,255,255,255,255,65535,255,255,255,255,255,65535,255,255,255,255,255,255,65535,255,255,255,255,255,255,65535,255,255,255,255,255,255,65535,255,255,255,170,170,170,170,170,170,170,170,170,170,170,170,170,170,170,170,170,170,170,170,170,170,170,170,170,170,170,170,170,170,170,170,170,170,170,170,170,170,170,170,170,170,170,283305,255,255,255,255
64,-1,ff,255,255,255,255,65535,65535,255,255,255,65535,nil,255,255,255,255,1,255,255,255,255,1,255,255,255,255,1,255,255,255,255,1,255,255,255,255,255,255,255,65535,255,255,255,255,255,65535,255,255,255,255,255,65535,255,255,255,255,255,65535,255,255,255,255,255,255,65535,255,255,255,255,255,255,65535,255,255,255,255,255,255,65535,255,255,255,255,255,255,255,255,255,255,255,255,255,255,255,255,255,255,255,255,255,255,255,255,255,255,255,255,255,255,255,255,255,255,255,255,255,255,255,255,255,255,255,255,255,255,283305,255,255,255,255
65,-1,ff,255,255,255,255,65535,65535,255,255,255,65535,nil,255,255,255,255,1,255,255,255,255,1,255,255,255,255,1,255,255,255,255,1,255,255,255,255,255,255,255,65535,255,255,255,255,255,65535,255,255,255,255,255,65535,255,255,255,255,255,65535,255,255,255,255,255,255,65535,255,255,255,255,255,255,65535,255,255,255,255,255,255,65535,255,255,255,255,255,255,255,255,255,255,255,255,255,255,255,255,255,255,255,255,255,255,255,255,255,255,255,255,255,255,255,255,255,255,255,255,255,255,255,255,255,255,255,255,255,255,283305,255,255,255,255
66,-1,ff,255,255,255,255,65535,65535,255,255,255,65535,nil,255,255,255,255,1,255,255,255,255,1,255,255,255,255,1,255,255,255,255,1,255,255,255,255,255,255,255,65535,255,255,255,255,255,65535,255,255,255,255,255,65535,255,255,255,255,255,65535,255,255,255,255,255,255,65535,255,255,255,255,255,255,65535,255,255,255,255,255,255,65535,255,255,255,255,255,255,255,255,255,255,255,255,255,255,255,255,255,255,255,255,255,255,255,255,255,255,255,255,255,255,255,255,255,255,255,255,255,255,255,255,255,255,255,255,255,255,283305,255,255,255,255
67,-1,ff,255,255,255,255,65535,65535,255,255,255,65535,nil,255,255,255,255,1,255,255,255,255,1,255,255,255,255,1,255,255,255,255,1,255,255,255,255,255,255,255,65535,255,255,255,255,255,65535,255,255,255,255,255,65535,255,255,255,255,255,65535,255,255,255,255,255,255,65535,255,255,255,255,255,255,65535,255,255,255,255,255,255,65535,255,255,255,255,255,255,255,255,255,255,255,255,255,255,255,255,255,255,255,255,255,255,255,255,255,255,255,255,255,255,255,255,255,255,255,255,255,255,255,255,255,255,255,255,255,255,283305,255,255,255,255
68,-1,ff,255,255,255,255,65535,65535,255,255,255,65535,nil,255,255,255,255,1,255,255,255,255,1,255,255,255,255,1,255,255,255,255,1,255,255,255,255,255,255,255,65535,255,255,255,255,255,65535,255,255,255,255,255,65535,255,255,255,255,255,65535,255,255,255,255,255,255,65535,255,255,255,255,255,255,65535,255,255,255,255,255,255,65535,255,255,255,255,255,255,255,255,255,255,255,255,255,255,255,255,255,255,255,255,255,255,255,255,255,255,255,255,255,255,255,255,255,255,255,255,255,255,255,255,255,255,255,255,255,255,283305,255,255,255,255
69,-1,ff,255,255,255,255,65535,65535,255,255,255,65535,nil,255,255,255,255,1,255,255,255,255,1,255,255,255,255,1,255,255,255,255,1,255,255,255,255,255,255,255,65535,255,255,255,255,255,65535,255,255,255,255,255,65535,255,255,255,255,255,65535,255,255,255,255,255,255,65535,255,255,255,255,255,255,65535,255,255,255,255,255,255,65535,255,255,255,255,255,255,255,255,255,255,255,255,255,255,255,255,255,255,255,255,255,255,255,255,255,255,255,255,255,255,255,255,255,255,255,255,255,255,255,255,255,255,255,255,255,255,283305,255,255,255,255
70,-1,ff,255,255,255,255,65535,65535,255,255,255,65535,nil,255,255,255,255,1,255,255,255,255,1,255,255,255,255,1,255,255,255,255,1,255,255,255,255,255,255,255,65535,255,255,255,255,255,65535,255,255,255,255,255,65535,255,255,255,255,255,65535,255,255,255,255,255,255,65535,255,255,255,255,255,255,65535,255,255,255,255,255,255,65535,255,255,255,255,255,255,255,255,255,255,255,255,255,255,255,255,255,255,255,255,255,255,255,255,255,255,255,255,255,255,255,255,255,255,255,255,255,255,255,255,255,255,255,255,255,255,283305,255,255,255,255
71,-1,ff,255,255,255,255,65535,65535,255,255,255,65535,nil,255,255,255,255,1,255,255,255,255,1,255,255,255,255,1,255,255,255,255,1,255,255,255,255,255,255,255,65535,255,255,255,255,255,65535,255,255,255,255,255,65535,255,255,255,255,255,65535,255,255,255,255,255,255,65535,255,255,255,255,255,255,65535,255,255,255,255,255,255,65535,255,255,255,255,255,255,255,255,255,255,255,255,255,255,255,255,255,255,255,255,255,255,255,255,255,255,255,255,255,255,255,255,255,255,255,255,255,255,255,255,255,255,255,255,255,255,283305,255,255,255,255
72,-1,ff,255,255,255,255,65535,65535,255,255,255,65535,nil,255,118,117,115,1,255,255,255,255,1,255,255,255,255,1,255,255,255,255,1,255,255,255,255,255,255,255,65535,255,255,255,255,255,65535,255,255,255,255,255,65535,255,255,255,255,255,65535,255,255,255,255,255,255,65535,255,255,255,255,255,255,65535,255,255,255,255,255,255,65535,255,255,255,255,255,255,255,255,255,255,255,255,255,255,255,255,255,255,255,255,255,255,255,255,255,255,255,255,228,226,212,210,196,194,180,178,164,162,148,146,132,130,116,114,139,138,283305,255,255,255,255
73,-1,ff,106,104,102,101,21844,25650,53,98,81,65535,nil,255,118,117,115,1,38,242,243,239,1,229,178,179,175,1,165,114,115,111,1,101,50,51,47,232,230,228,58338,225,231,200,198,196,50114,193,199,168,166,164,41890,161,167,41,39,37,9251,34,33,40,25,23,21,5139,18,17,24,9,7,5,1027,2,1,8,248,246,244,62450,241,240,247,215,211,208,207,199,195,192,191,183,179,176,175,103,99,67,53,51,37,35,21,19,5,3,244,242,228,226,212,210,196,194,180,178,164,162,148,146,132,130,116,114,139,138,283305,255,255,255,255
74,-1,ff,106,104,102,101,21844,25650,53,98,81,0,0,0,118,117,115,1,38,242,243,239,1,229,178,179,175,1,165,114,115,111,1,101,50,51,47,232,230,228,58338,225,231,200,198,196,50114,193,199,168,166,164,41890,161,167,41,39,37,9251,34,33,40,25,23,21,5139,18,17,24,9,7,5,1027,2,1,8,248,246,244,62450,241,240,247,215,211,208,207,199,195,192,191,183,179,176,175,103,99,67,53,51,37,35,21,19,5,3,244,242,228,226,212,210,196,194,180,178,164,162,148,146,132,130,116,114,139,138,0,0,0,0,0
75,-1,ff,0,0,0,0,0,0,0,0,0,0,0,0,0,0,0,0,0,0,0,0,0,0,0,0,0,0,0,0,0,0,0,0,0,0,0,-1,0,0,0,0,0,-1,0,0,0,0,0,-1,0,0,0,0,0,-1,0,0,0,0,0,0,-1,0,0,0,0,0,0,-1,0,0,0,0,0,0,-1,0,0,0,0,0,0,-1,0,0,0,-1,0,0,0,-1,0,0,0,-1,0,0,-1,0,-1,0,-1,0,-1,0,-1,0,-1,0,-1,0,-1,0,-1,0,-1,0,-1,0,-1,0,-1,0,0,0,0,0,0,0,0
76,-1,ff,0,0,0,0,0,0,0,0,0,0,0,0,0,0,0,0,0,0,0,0,0,0,0,0,0,0,0,0,0,0,0,0,0,0,0,-1,0,0,0,0,0,-1,0,0,0,0,0,-1,0,0,0,0,0,-1,0,0,0,0,0,0,-1,0,0,0,0,0,0,-1,0,0,0,0,0,0,-1,0,0,0,0,0,0,-1,0,0,0,-1,0,0,0,-1,0,0,0,-1,0,0,-1,0,-1,0,-1,0,-1,0,-1,0,-1,0,-1,0,-1,0,-1,0,-1,0,-1,0,-1,0,-1,0,0,0,0,0,0,0,0
77,-1,ff,0,0,0,0,0,0,0,0,0,0,0,0,0,0,0,0,0,0,0,0,0,0,0,0,0,0,0,0,0,0,0,0,0,0,0,-1,0,0,0,0,0,-1,0,0,0,0,0,-1,0,0,0,0,0,-1,0,0,0,0,0,0,-1,0,0,0,0,0,0,-1,0,0,0,0,0,0,-1,0,0,0,0,0,0,-1,0,0,0,-1,0,0,0,-1,0,0,0,-1,0,0,-1,0,-1,0,-1,0,-1,0,-1,0,-1,0,-1,0,-1,0,-1,0,-1,0,-1,0,-1,0,-1,0,0,0,0,0,0,0,0
78,-1,ff,0,0,0,0,0,0,0,0,0,0,0,0,0,0,0,0,0,0,0,0,0,0,0,0,0,0,0,0,0,0,0,0,0,0,0,-1,0,0,0,0,0,-1,0,0,0,0,0,-1,0,0,0,0,0,-1,0,0,0,0,0,0,-1,0,0,0,0,0,0,-1,0,0,0,0,0,0,-1,0,0,0,0,0,0,-1,0,0,0,-1,0,0,0,-1,0,0,0,-1,0,0,-1,0,-1,0,-1,0,-1,0,-1,0,-1,0,-1,0,-1,0,-1,0,-1,0,-1,0,-1,0,-1,0,0,0,0,0,0,0,0
79,-1,ff,0,0,0,0,0,0,0,0,0,0,0,0,0,0,0,0,0,0,0,0,0,0,0,0,0,0,0,0,0,0,0,0,0,0,0,-1,0,0,0,0,0,-1,0,0,0,0,0,-1,0,0,0,0,0,-1,0,0,0,0,0,0,-1,0,0,0,0,0,0,-1,0,0,0,0,0,0,-1,0,0,0,0,0,0,-1,0,0,0,-1,0,0,0,-1,0,0,0,-1,0,0,-1,0,-1,0,-1,0,-1,0,-1,0,-1,0,-1,0,-1,0,-1,0,-1,0,-1,0,-1,0,-1,0,0,0,0,0,0,0,0
80,-1,ff,0,0,0,0,0,0,0,0,0,0,0,0,0,0,0,0,0,0,0,0,0,0,0,0,0,0,0,0,0,0,0,0,0,0,0,-1,0,0,0,0,0,-1,0,0,0,0,0,-1,0,0,0,0,0,-1,0,0,0,0,0,0,-1,0,0,0,0,0,0,-1,0,0,0,0,0,0,-1,0,0,0,0,0,0,-1,0,0,0,-1,0,0,0,-1,0,0,0,-1,0,0,-1,0,-1,0,-1,0,-1,0,-1,0,-1,0,-1,0,-1,0,-1,0,-1,0,-1,0,-1,0,-1,0,0,0,0,0,0,0,0
81,-1,ff,0,0,0,0,0,0,0,0,0,0,0,0,0,0,0,0,0,0,0,0,0,0,0,0,0,0,0,0,0,0,0,0,0,0,0,-1,0,0,0,0,0,-1,0,0,0,0,0,-1,0,0,0,0,0,-1,0,0,0,0,0,0,-1,0,0,0,0,0,0,-1,0,0,0,0,0,0,-1,0,0,0,0,0,0,-1,0,0,0,-1,0,0,0,-1,0,0,0,-1,0,0,-1,0,-1,0,-1,0,-1,0,-1,0,-1,0,-1,0,-1,0,-1,0,-1,0,-1,0,-1,0,-1,0,0,0,0,0,0,0,0
82,-1,ff,0,0,0,0,0,0,0,0,0,0,0,0,0,0,0,0,0,0,0,0,0,0,0,0,0,0,0,0,0,0,0,0,0,0,0,-1,0,0,0,0,0,-1,0,0,0,0,0,-1,0,0,0,0,0,-1,0,0,0,0,0,0,-1,0,0,0,0,0,0,-1,0,0,0,0,0,0,-1,0,0,0,0,0,0,-1,0,0,0,-1,0,0,0,-1,0,0,0,-1,0,0,-1,0,-1,0,-1,0,-1,0,-1,0,-1,0,-1,0,-1,0,-1,0,-1,0,-1,0,-1,0,-1,0,0,0,0,0,0,0,0
83,-1,ff,0,0,0,0,0,0,0,0,0,0,0,0,0,0,0,0,0,0,0,0,0,0,0,0,0,0,0,0,0,0,0,0,0,0,0,-1,0,0,0,0,0,-1,0,0,0,0,0,-1,0,0,0,0,0,-1,0,0,0,0,0,0,-1,0,0,0,0,0,0,-1,0,0,0,0,0,0,-1,0,0,0,0,0,0,-1,0,0,0,-1,0,0,0,-1,0,0,0,-1,0,0,-1,0,-1,0,-1,0,-1,0,-1,0,-1,0,-1,0,-1,0,-1,0,-1,0,-1,0,-1,0,-1,0,0,0,0,0,0,0,0
84,-1,ff,0,0,0,0,0,0,0,0,0,0,0,0,0,0,0,0,0,0,0,0,0,0,0,0,0,0,0,0,0,0,0,0,0,0,0,-1,0,0,0,0,0,-1,0,0,0,0,0,-1,0,0,0,0,0,-1,0,0,0,0,0,0,-1,0,0,0,0,0,0,-1,0,0,0,0,0,0,-1,0,0,0,0,0,0,-1,0,0,0,-1,0,0,0,-1,0,0,0,-1,0,0,-1,0,-1,0,-1,0,-1,0,-1,0,-1,0,-1,0,-1,0,-1,0,-1,0,-1,0,-1,0,-1,0,0,0,0,0,0,0,0
85,-1,ff,0,0,0,0,0,0,0,0,0,0,0,0,0,0,0,0,0,0,0,0,0,0,0,0,0,0,0,0,0,0,0,0,0,0,0,-1,0,0,0,0,0,-1,0,0,0,0,0,-1,0,0,0,0,0,-1,0,0,0,0,0,0,-1,0,0,0,0,0,0,-1,0,0,0,0,0,0,-1,0,0,0,0,0,0,-1,0,0,0,-1,0,0,0,-1,0,0,0,-1,0,0,-1,0,-1,0,-1,0,-1,0,-1,0,-1,0,-1,0,-1,0,-1,0,-1,0,-1,0,-1,0,-1,0,0,0,0,0,0,0,0
86,-1,ff,0,0,0,0,0,0,0,0,0,0,0,0,0,0,0,0,0,0,0,0,0,0,0,0,0,0,0,0,0,0,0,0,0,0,0,-1,0,0,0,0,0,-1,0,0,0,0,0,-1,0,0,0,0,0,-1,0,0,0,0,0,0,-1,0,0,0,0,0,0,-1,0,0,0,0,0,0,-1,0,0,0,0,0,0,-1,0,0,0,-1,0,0,0,-1,0,0,0,-1,0,0,-1,0,-1,0,-1,0,-1,0,-1,0,-1,0,-1,0,-1,0,-1,0,-1,0,-1,0,-1,0,-1,0,0,0,0,0,0,0,0
87,-1,ff,0,0,0,0,0,0,0,0,0,0,0,0,0,0,0,0,0,0,0,0,0,0,0,0,0,0,0,0,0,0,0,0,0,0,0,-1,0,0,0,0,0,-1,0,0,0,0,0,-1,0,0,0,0,0,-1,0,0,0,0,0,0,-1,0,0,0,0,0,0,-1,0,0,0,0,0,0,-1,0,0,0,0,0,0,-1,0,0,0,-1,0,0,0,-1,0,0,0,-1,0,0,-1,0,-1,0,-1,0,-1,0,-1,0,-1,0,-1,0,-1,0,-1,0,-1,0,-1,0,-1,0,-1,0,0,0,0,0,0,0,0
88,-1,ff,0,0,0,0,0,0,0,0,0,0,0,0,0,0,0,0,0,0,0,0,0,0,0,0,0,0,0,0,0,0,0,0,0,0,0,-1,0,0,0,0,0,-1,0,0,0,0,0,-1,0,0,0,0,0,-1,0,0,0,0,0,0,-1,0,0,0,0,0,0,-1,0,0,0,0,0,0,-1,0,0,0,0,0,0,-1,0,0,0,-1,0,0,0,-1,0,0,0,-1,0,0,-1,0,-1,0,-1,0,-1,0,-1,0,-1,0,-1,0,-1,0,-1,0,-1,0,-1,0,-1,0,-1,0,0,0,0,0,0,0,0
89,-1,ff,0,0,0,0,0,0,0,0,0,0,0,0,0,0,0,0,0,0,0,0,0,0,0,0,0,0,0,0,0,0,0,0,0,0,0,-1,0,0,0,0,0,-1,0,0,0,0,0,-1,0,0,0,0,0,-1,0,0,0,0,0,0,-1,0,0,0,0,0,0,-1,0,0,0,0,0,0,-1,0,0,0,0,0,0,-1,0,0,0,-1,0,0,0,-1,0,0,0,-1,0,0,-1,0,-1,0,-1,0,-1,0,-1,0,-1,0,-1,0,-1,0,-1,0,-1,0,-1,0,-1,0,-1,0,0,0,0,0,0,0,0
90,-1,ff,0,0,0,0,0,0,0,0,0,0,0,0,0,0,0,0,0,0,0,0,0,0,0,0,0,0,0,0,0,0,0,0,0,0,0,-1,0,0,0,0,0,-1,0,0,0,0,0,-1,0,0,0,0,0,-1,0,0,0,0,0,0,-1,0,0,0,0,0,0,-1,0,0,0,0,0,0,-1,0,0,0,0,0,0,-1,0,0,0,-1,0,0,0,-1,0,0,0,-1,0,0,-1,0,-1,0,-1,0,-1,0,-1,0,-1,0,-1,0,-1,0,-1,0,-1,0,-1,0,-1,0,-1,0,0,0,0,0,0,0,0
91,-1,ff,0,0,0,0,0,0,0,0,0,0,0,0,0,0,0,0,0,0,0,0,0,0,0,0,0,0,0,0,0,0,0,0,0,0,0,-1,0,0,0,0,0,-1,0,0,0,0,0,-1,0,0,0,0,0,-1,0,0,0,0,0,0,-1,0,0,0,0,0,0,-1,0,0,0,0,0,0,-1,0,0,0,0,0,0,-1,0,0,0,-1,0,0,0,-1,0,0,0,-1,0,0,-1,0,-1,0,-1,0,-1,0,-1,0,-1,0,-1,0,-1,0,-1,0,-1,0,-1,0,-1,0,-1,0,0,0,0,0,0,0,0
92,-1,ff,0,0,0,0,0,0,0,0,0,0,0,0,0,0,0,0,0,0,0,0,0,0,0,0,0,0,0,0,0,0,0,0,0,0,0,-1,0,0,0,0,0,-1,0,0,0,0,0,-1,0,0,0,0,0,-1,0,0,0,0,0,0,-1,0,0,0,0,0,0,-1,0,0,0,0,0,0,-1,0,0,0,0,0,0,-1,0,0,0,-1,0,0,0,-1,0,0,0,-1,0,0,-1,0,-1,0,-1,0,-1,0,-1,0,-1,0,-1,0,-1,0,-1,0,-1,0,-1,0,-1,0,-1,0,0,0,0,0,0,0,0
93,-1,ff,0,0,0,0,0,0,0,0,0,0,0,0,0,0,0,0,0,0,0,0,0,0,0,0,0,0,0,0,0,0,0,0,0,0,0,-1,0,0,0,0,0,-1,0,0,0,0,0,-1,0,0,0,0,0,-1,0,0,0,0,0,0,-1,0,0,0,0,0,0,-1,0,0,0,0,0,0,-1,0,0,0,0,0,0,-1,0,0,0,-1,0,0,0,-1,0,0,0,-1,0,0,-1,0,-1,0,-1,0,-1,0,-1,0,-1,0,-1,0,-1,0,-1,0,-1,0,-1,0,-1,0,-1,0,0,0,0,0,0,0,0
94,-1,ff,0,0,0,0,0,0,0,0,0,0,0,0,0,0,0,0,0,0,0,0,0,0,0,0,0,0,0,0,0,0,0,0,0,0,0,-1,0,0,0,0,0,-1,0,0,0,0,0,-1,0,0,0,0,0,-1,0,0,0,0,0,0,-1,0,0,0,0,0,0,-1,0,0,0,0,0,0,-1,0,0,0,0,0,0,-1,0,0,0,-1,0,0,0,-1,0,0,0,-1,0,0,-1,0,-1,0,-1,0,-1,0,-1,0,-1,0,-1,0,-1,0,-1,0,-1,0,-1,0,-1,0,-1,0,0,0,0,0,0,0,0
95,-1,ff,0,0,0,0,0,0,0,0,0,0,0,0,0,0,0,0,0,0,0,0,0,0,0,0,0,0,0,0,0,0,0,0,0,0,0,-1,0,0,0,0,0,-1,0,0,0,0,0,-1,0,0,0,0,0,-1,0,0,0,0,0,0,-1,0,0,0,0,0,0,-1,0,0,0,0,0,0,-1,0,0,0,0,0,0,-1,0,0,0,-1,0,0,0,-1,0,0,0,-1,0,0,-1,0,-1,0,-1,0,-1,0,-1,0,-1,0,-1,0,-1,0,-1,0,-1,0,-1,0,-1,0,-1,0,0,0,0,0,0,0,0
96,-1,ff,0,0,0,0,0,0,0,0,0,0,0,0,0,0,0,0,0,0,0,0,0,0,0,0,0,0,0,0,0,0,0,0,0,0,0,-1,0,0,0,0,0,-1,0,0,0,0,0,-1,0,0,0,0,0,-1,0,0,0,0,0,0,-1,0,0,0,0,0,0,-1,0,0,0,0,0,0,-1,0,0,0,0,0,0,-1,0,0,0,-1,0,0,0,-1,0,0,0,-1,0,0,-1,0,-1,0,-1,0,-1,0,-1,0,-1,0,-1,0,-1,0,-1,0,-1,0,-1,0,-1,0,-1,0,0,0,0,0,0,0,0
97,-1,ff,0,0,0,0,0,0,0,0,0,0,0,0,0,0,0,0,0,0,0,0,0,0,0,0,0,0,0,0,0,0,0,0,0,0,0,-1,0,0,0,0,0,-1,0,0,0,0,0,-1,0,0,0,0,0,-1,0,0,0,0,0,0,-1,0,0,0,0,0,0,-1,0,0,0,0,0,0,-1,0,0,0,0,0,0,-1,0,0,0,-1,0,0,0,-1,0,0,0,-1,0,0,-1,0,-1,0,-1,0,-1,0,-1,0,-1,0,-1,0,-1,0,-1,0,-1,0,-1,0,-1,0,-1,0,0,0,0,0,0,0,0
98,-1,ff,0,0,0,0,0,0,0,0,0,0,0,0,0,0,0,0,0,0,0,0,0,0,0,0,0,0,0,0,0,0,0,0,0,0,0,-1,0,0,0,0,0,-1,0,0,0,0,0,-1,0,0,0,0,0,-1,0,0,0,0,0,0,-1,0,0,0,0,0,0,-1,0,0,0,0,0,0,-1,0,0,0,0,0,0,-1,0,0,0,-1,0,0,0,-1,0,0,0,-1,0,0,-1,0,-1,0,-1,0,-1,0,-1,0,-1,0,-1,0,-1,0,-1,0,-1,0,-1,0,-1,0,-1,0,0,0,0,0,0,0,0
99,-1,ff,0,0,0,0,0,0,0,0,0,0,0,0,0,0,0,0,0,0,0,0,0,0,0,0,0,0,0,0,0,0,0,0,0,0,0,-1,0,0,0,0,0,-1,0,0,0,0,0,-1,0,0,0,0,0,-1,0,0,0,0,0,0,-1,0,0,0,0,0,0,-1,0,0,0,0,0,0,-1,0,0,0,0,0,0,-1,0,0,0,-1,0,0,0,-1,0,0,0,-1,0,0,-1,0,-1,0,-1,0,-1,0,-1,0,-1,0,-1,0,-1,0,-1,0,-1,0,-1,0,-1,0,-1,0,0,0,0,0,0,0,0
100,-1,ff,0,0,0,0,0,0,0,0,0,0,0,0,0,0,0,0,0,0,0,0,0,0,0,0,0,0,0,0,0,0,0,0,0,0,0,-1,0,0,0,0,0,-1,0,0,0,0,0,-1,0,0,0,0,0,-1,0,0,0,0,0,0,-1,0,0,0,0,0,0,-1,0,0,0,0,0,0,-1,0,0,0,0,0,0,-1,0,0,0,-1,0,0,0,-1,0,0,0,-1,0,0,-1,0,-1,0,-1,0,-1,0,-1,0,-1,0,-1,0,-1,0,-1,0,-1,0,-1,0,-1,0,-1,0,0,0,0,0,0,0,0
101,-1,ff,0,0,0,0,0,0,0,0,0,0,0,0,0,0,0,0,0,0,0,0,0,0,0,0,0,0,0,0,0,0,0,0,0,0,0,-1,0,0,0,0,0,-1,0,0,0,0,0,-1,0,0,0,0,0,-1,0,0,0,0,0,0,-1,0,0,0,0,0,0,-1,0,0,0,0,0,0,-1,0,0,0,0,0,0,-1,0,0,0,-1,0,0,0,-1,0,0,0,-1,0,0,-1,0,-1,0,-1,0,-1,0,-1,0,-1,0,-1,0,-1,0,-1,0,-1,0,-1,0,-1,0,-1,0,0,0,0,0,0,0,0
102,-1,ff,0,0,0,0,0,0,0,0,0,0,0,0,0,0,0,0,0,0,0,0,0,0,0,0,0,0,0,0,0,0,0,0,0,0,0,-1,0,0,0,0,0,-1,0,0,0,0,0,-1,0,0,0,0,0,-1,0,0,0,0,0,0,-1,0,0,0,0,0,0,-1,0,0,0,0,0,0,-1,0,0,0,0,0,0,-1,0,0,0,-1,0,0,0,-1,0,0,0,-1,0,0,-1,0,-1,0,-1,0,-1,0,-1,0,-1,0,-1,0,-1,0,-1,0,-1,0,-1,0,-1,0,-1,0,0,0,0,0,0,0,0
103,-1,ff,0,0,0,0,0,0,0,0,0,0,0,0,0,0,0,0,0,0,0,0,0,0,0,0,0,0,0,0,0,0,0,0,0,0,0,-1,0,0,0,0,0,-1,0,0,0,0,0,-1,0,0,0,0,0,-1,0,0,0,0,0,0,-1,0,0,0,0,0,0,-1,0,0,0,0,0,0,-1,0,0,0,0,0,0,-1,0,0,0,-1,0,0,0,-1,0,0,0,-1,0,0,-1,0,-1,0,-1,0,-1,0,-1,0,-1,0,-1,0,-1,0,-1,0,-1,0,-1,0,-1,0,-1,0,0,0,0,0,0,0,0
104,-1,ff,0,0,0,0,0,0,0,0,0,0,0,0,0,0,0,0,0,0,0,0,0,0,0,0,0,0,0,0,0,0,0,0,0,0,0,-1,0,0,0,0,0,-1,0,0,0,0,0,-1,0,0,0,0,0,-1,0,0,0,0,0,0,-1,0,0,0,0,0,0,-1,0,0,0,0,0,0,-1,0,0,0,0,0,0,-1,0,0,0,-1,0,0,0,-1,0,0,0,-1,0,0,-1,0,-1,0,-1,0,-1,0,-1,0,-1,0,-1,0,-1,0,-1,0,-1,0,-1,0,-1,0,-1,0,0,0,0,0,0,0,0
105,-1,ff,0,0,0,0,0,0,0,0,0,0,0,0,0,0,0,0,0,0,0,0,0,0,0,0,0,0,0,0,0,0,0,0,0,0,0,-1,0,0,0,0,0,-1,0,0,0,0,0,-1,0,0,0,0,0,-1,0,0,0,0,0,0,-1,0,0,0,0,0,0,-1,0,0,0,0,0,0,-1,0,0,0,0,0,0,-1,0,0,0,-1,0,0,0,-1,0,0,0,-1,0,0,-1,0,-1,0,-1,0,-1,0,-1,0,-1,0,-1,0,-1,0,-1,0,-1,0,-1,0,-1,0,-1,0,0,0,0,0,0,0,0
106,-1,ff,0,0,0,0,0,0,0,0,0,0,0,0,0,0,0,0,0,0,0,0,0,0,0,0,0,0,0,0,0,0,0,0,0,0,0,-1,0,0,0,0,0,-1,0,0,0,0,0,-1,0,0,0,0,0,-1,0,0,0,0,0,0,-1,0,0,0,0,0,0,-1,0,0,0,0,0,0,-1,0,0,0,0,0,0,-1,0,0,0,-1,0,0,0,-1,0,0,0,-1,0,0,-1,0,-1,0,-1,0,-1,0,-1,0,-1,0,-1,0,-1,0,-1,0,-1,0,-1,0,-1,0,-1,0,0,0,0,0,0,0,0
107,-1,ff,0,0,0,0,0,0,0,0,0,0,0,0,0,0,0,0,0,0,0,0,0,0,0,0,0,0,0,0,0,0,0,0,0,0,0,-1,0,0,0,0,0,-1,0,0,0,0,0,-1,0,0,0,0,0,-1,0,0,0,0,0,0,-1,0,0,0,0,0,0,-1,0,0,0,0,0,0,-1,0,0,0,0,0,0,-1,0,0,0,-1,0,0,0,-1,0,0,0,-1,0,0,-1,0,-1,0,-1,0,-1,0,-1,0,-1,0,-1,0,-1,0,-1,0,-1,0,-1,0,-1,0,-1,0,0,0,0,0,0,0,0
108,-1,ff,0,0,0,0,0,0,0,0,0,0,0,0,0,0,0,0,0,0,0,0,0,0,0,0,0,0,0,0,0,0,0,0,0,0,0,-1,0,0,0,0,0,-1,0,0,0,0,0,-1,0,0,0,0,0,-1,0,0,0,0,0,0,-1,0,0,0,0,0,0,-1,0,0,0,0,0,0,-1,0,0,0,0,0,0,-1,0,0,0,-1,0,0,0,-1,0,0,0,-1,0,0,-1,0,-1,0,-1,0,-1,0,-1,0,-1,0,-1,0,-1,0,-1,0,-1,0,-1,0,-1,0,-1,0,0,0,0,0,0,0,0
109,-1,ff,0,0,0,0,0,0,0,0,0,0,0,0,0,0,0,0,0,0,0,0,0,0,0,0,0,0,0,0,0,0,0,0,0,0,0,-1,0,0,0,0,0,-1,0,0,0,0,0,-1,0,0,0,0,0,-1,0,0,0,0,0,0,-1,0,0,0,0,0,0,-1,0,0,0,0,0,0,-1,0,0,0,0,0,0,-1,0,0,0,-1,0,0,0,-1,0,0,0,-1,0,0,-1,0,-1,0,-1,0,-1,0,-1,0,-1,0,-1,0,-1,0,-1,0,-1,0,-1,0,-1,0,-1,0,0,0,0,0,0,0,0
110,-1,ff,0,0,0,0,0,0,0,0,0,0,0,0,0,0,0,0,0,0,0,0,0,0,0,0,0,0,0,0,0,0,0,0,0,0,0,-1,0,0,0,0,0,-1,0,0,0,0,0,-1,0,0,0,0,0,-1,0,0,0,0,0,0,-1,0,0,0,0,0,0,-1,0,0,0,0,0,0,-1,0,0,0,0,0,0,-1,0,0,0,-1,0,0,0,-1,0,0,0,-1,0,0,-1,0,-1,0,-1,0,-1,0,-1,0,-1,0,-1,0,-1,0,-1,0,-1,0,-1,0,-1,0,-1,0,0,0,0,0,0,0,0
111,-1,ff,0,0,0,0,0,0,0,0,0,0,0,0,0,0,0,0,0,0,0,0,0,0,0,0,0,0,0,0,0,0,0,0,0,0,0,-1,0,0,0,0,0,-1,0,0,0,0,0,-1,0,0,0,0,0,-1,0,0,0,0,0,0,-1,0,0,0,0,0,0,-1,0,0,0,0,0,0,-1,0,0,0,0,0,0,-1,0,0,0,-1,0,0,0,-1,0,0,0,-1,0,0,-1,0,-1,0,-1,0,-1,0,-1,0,-1,0,-1,0,-1,0,-1,0,-1,0,-1,0,-1,0,-1,0,0,0,0,0,0,0,0
112,-1,ff,0,0,0,0,0,0,0,0,0,0,0,0,0,0,0,0,0,0,0,0,0,0,0,0,0,0,0,0,0,0,0,0,0,0,0,-1,0,0,0,0,0,-1,0,0,0,0,0,-1,0,0,0,0,0,-1,0,0,0,0,0,0,-1,0,0,0,0,0,0,-1,0,0,0,0,0,0,-1,0,0,0,0,0,0,-1,0,0,0,-1,0,0,0,-1,0,0,0,-1,0,0,-1,0,-1,0,-1,0,-1,0,-1,0,-1,0,-1,0,-1,0,-1,0,-1,0,-1,0,-1,0,-1,0,0,0,0,0,0,0,0
113,-1,ff,0,0,0,0,0,0,0,0,0,0,0,0,0,0,0,0,0,0,0,0,0,0,0,0,0,0,0,0,0,0,0,0,0,0,0,-1,0,0,0,0,0,-1,0,0,0,0,0,-1,0,0,0,0,0,-1,0,0,0,0,0,0,-1,0,0,0,0,0,0,-1,0,0,0,0,0,0,-1,0,0,0,0,0,0,-1,0,0,0,-1,0,0,0,-1,0,0,0,-1,0,0,-1,0,-1,0,-1,0,-1,0,-1,0,-1,0,-1,0,-1,0,-1,0,-1,0,-1,0,-1,0,-1,0,0,0,0,0,0,0,0
114,-1,ff,0,0,0,0,0,0,0,0,0,0,0,0,0,0,0,0,0,0,0,0,0,0,0,0,0,0,0,0,0,0,0,0,0,0,0,-1,0,0,0,0,0,-1,0,0,0,0,0,-1,0,0,0,0,0,-1,0,0,0,0,0,0,-1,0,0,0,0,0,0,-1,0,0,0,0,0,0,-1,0,0,0,0,0,0,-1,0,0,0,-1,0,0,0,-1,0,0,0,-1,0,0,-1,0,-1,0,-1,0,-1,0,-1,0,-1,0,-1,0,-1,0,-1,0,-1,0,-1,0,-1,0,-1,0,0,0,0,0,0,0,0
115,-1,ff,0,0,0,0,0,0,0,0,0,0,0,0,0,0,0,0,0,0,0,0,0,0,0,0,0,0,0,0,0,0,0,0,0,0,0,-1,0,0,0,0,0,-1,0,0,0,0,0,-1,0,0,0,0,0,-1,0,0,0,0,0,0,-1,0,0,0,0,0,0,-1,0,0,0,0,0,0,-1,0,0,0,0,0,0,-1,0,0,0,-1,0,0,0,-1,0,0,0,-1,0,0,-1,0,-1,0,-1,0,-1,0,-1,0,-1,0,-1,0,-1,0,-1,0,-1,0,-1,0,-1,0,-1,0,0,0,0,0,0,0,0
116,-1,ff,0,0,0,0,0,0,0,0,0,0,0,0,0,0,0,0,0,0,0,0,0,0,0,0,0,0,0,0,0,0,0,0,0,0,0,-1,0,0,0,0,0,-1,0,0,0,0,0,-1,0,0,0,0,0,-1,0,0,0,0,0,0,-1,0,0,0,0,0,0,-1,0,0,0,0,0,0,-1,0,0,0,0,0,0,-1,0,0,0,-1,0,0,0,-1,0,0,0,-1,0,0,-1,0,-1,0,-1,0,-1,0,-1,0,-1,0,-1,0,-1,0,-1,0,-1,0,-1,0,-1,0,-1,0,0,0,0,0,0,0,0
117,-1,ff,0,0,0,0,0,0,0,0,0,0,0,0,0,0,0,0,0,0,0,0,0,0,0,0,0,0,0,0,0,0,0,0,0,0,0,-1,0,0,0,0,0,-1,0,0,0,0,0,-1,0,0,0,0,0,-1,0,0,0,0,0,0,-1,0,0,0,0,0,0,-1,0,0,0,0,0,0,-1,0,0,0,0,0,0,-1,0,0,0,-1,0,0,0,-1,0,0,0,-1,0,0,-1,0,-1,0,-1,0,-1,0,-1,0,-1,0,-1,0,-1,0,-1,0,-1,0,-1,0,-1,0,-1,0,0,0,0,0,0,0,0
118,-1,ff,0,0,0,0,0,0,0,0,0,0,0,0,0,0,0,0,0,0,0,0,0,0,0,0,0,0,0,0,0,0,0,0,0,0,0,-1,0,0,0,0,0,-1,0,0,0,0,0,-1,0,0,0,0,0,-1,0,0,0,0,0,0,-1,0,0,0,0,0,0,-1,0,0,0,0,0,0,-1,0,0,0,0,0,0,-1,0,0,0,-1,0,0,0,-1,0,0,0,-1,0,0,-1,0,-1,0,-1,0,-1,0,-1,0,-1,0,-1,0,-1,0,-1,0,-1,0,-1,0,-1,0,-1,0,0,0,0,0,0,0,0
119,-1,ff,0,0,0,0,0,0,0,0,0,0,0,0,0,0,0,0,0,0,0,0,0,0,0,0,0,0,0,0,0,0,0,0,0,0,0,-1,0,0,0,0,0,-1,0,0,0,0,0,-1,0,0,0,0,0,-1,0,0,0,0,0,0,-1,0,0,0,0,0,0,-1,0,0,0,0,0,0,-1,0,0,0,0,0,0,-1,0,0,0,-1,0,0,0,-1,0,0,0,-1,0,0,-1,0,-1,0,-1,0,-1,0,-1,0,-1,0,-1,0,-1,0,-1,0,-1,0,-1,0,-1,0,-1,0,0,0,0,0,0,0,0
120,-1,ff,0,0,0,0,0,0,0,0,0,0,0,0,0,0,0,0,0,0,0,0,0,0,0,0,0,0,0,0,0,0,0,0,0,0,0,-1,0,0,0,0,0,-1,0,0,0,0,0,-1,0,0,0,0,0,-1,0,0,0,0,0,0,-1,0,0,0,0,0,0,-1,0,0,0,0,0,0,-1,0,0,0,0,0,0,-1,0,0,0,-1,0,0,0,-1,0,0,0,-1,0,0,-1,0,-1,0,-1,0,-1,0,-1,0,-1,0,-1,0,-1,0,-1,0,-1,0,-1,0,-1,0,-1,0,0,0,0,0,0,0,0
121,-1,ff,0,0,0,0,0,0,0,0,0,0,0,0,0,0,0,0,0,0,0,0,0,0,0,0,0,0,0,0,0,0,0,0,0,0,0,-1,0,0,0,0,0,-1,0,0,0,0,0,-1,0,0,0,0,0,-1,0,0,0,0,0,0,-1,0,0,0,0,0,0,-1,0,0,0,0,0,0,-1,0,0,0,0,0,0,-1,0,0,0,-1,0,0,0,-1,0,0,0,-1,0,0,-1,0,-1,0,-1,0,-1,0,-1,0,-1,0,-1,0,-1,0,-1,0,-1,0,-1,0,-1,0,-1,0,0,0,0,0,0,0,0
122,-1,ff,0,0,0,0,0,0,0,0,0,0,0,0,0,0,0,0,0,0,0,0,0,0,0,0,0,0,0,0,0,0,0,0,0,0,0,-1,0,0,0,0,0,-1,0,0,0,0,0,-1,0,0,0,0,0,-1,0,0,0,0,0,0,-1,0,0,0,0,0,0,-1,0,0,0,0,0,0,-1,0,0,0,0,0,0,-1,0,0,0,-1,0,0,0,-1,0,0,0,-1,0,0,-1,0,-1,0,-1,0,-1,0,-1,0,-1,0,-1,0,-1,0,-1,0,-1,0,-1,0,-1,0,-1,0,0,0,0,0,0,0,0
123,-1,ff,0,0,0,0,0,0,0,0,0,0,0,0,0,0,0,0,0,0,0,0,0,0,0,0,0,0,0,0,0,0,0,0,0,0,0,-1,0,0,0,0,0,-1,0,0,0,0,0,-1,0,0,0,0,0,-1,0,0,0,0,0,0,-1,0,0,0,0,0,0,-1,0,0,0,0,0,0,-1,0,0,0,0,0,0,-1,0,0,0,-1,0,0,0,-1,0,0,0,-1,0,0,-1,0,-1,0,-1,0,-1,0,-1,0,-1,0,-1,0,-1,0,-1,0,-1,0,-1,0,-1,0,-1,0,0,0,0,0,0,0,0
124,-1,ff,0,0,0,0,0,0,0,0,0,0,0,0,0,0,0,0,0,0,0,0,0,0,0,0,0,0,0,0,0,0,0,0,0,0,0,-1,0,0,0,0,0,-1,0,0,0,0,0,-1,0,0,0,0,0,-1,0,0,0,0,0,0,-1,0,0,0,0,0,0,-1,0,0,0,0,0,0,-1,0,0,0,0,0,0,-1,0,0,0,-1,0,0,0,-1,0,0,0,-1,0,0,-1,0,-1,0,-1,0,-1,0,-1,0,-1,0,-1,0,-1,0,-1,0,-1,0,-1,0,-1,0,-1,0,0,0,0,0,0,0,0
125,-1,ff,0,0,0,0,0,0,0,0,0,0,0,0,0,0,0,0,0,0,0,0,0,0,0,0,0,0,0,0,0,0,0,0,0,0,0,-1,0,0,0,0,0,-1,0,0,0,0,0,-1,0,0,0,0,0,-1,0,0,0,0,0,0,-1,0,0,0,0,0,0,-1,0,0,0,0,0,0,-1,0,0,0,0,0,0,-1,0,0,0,-1,0,0,0,-1,0,0,0,-1,0,0,-1,0,-1,0,-1,0,-1,0,-1,0,-1,0,-1,0,-1,0,-1,0,-1,0,-1,0,-1,0,-1,0,0,0,0,0,0,0,0
126,-1,ff,0,0,0,0,0,0,0,0,0,0,0,0,0,0,0,0,0,0,0,0,0,0,0,0,0,0,0,0,0,0,0,0,0,0,0,-1,0,0,0,0,0,-1,0,0,0,0,0,-1,0,0,0,0,0,-1,0,0,0,0,0,0,-1,0,0,0,0,0,0,-1,0,0,0,0,0,0,-1,0,0,0,0,0,0,-1,0,0,0,-1,0,0,0,-1,0,0,0,-1,0,0,-1,0,-1,0,-1,0,-1,0,-1,0,-1,0,-1,0,-1,0,-1,0,-1,0,-1,0,-1,0,-1,0,0,0,0,0,0,0,0
127,-1,ff,0,0,0,0,0,0,0,0,0,0,0,0,0,0,0,0,0,0,0,0,0,0,0,0,0,0,0,0,0,0,0,0,0,0,0,-1,0,0,0,0,0,-1,0,0,0,0,0,-1,0,0,0,0,0,-1,0,0,0,0,0,0,-1,0,0,0,0,0,0,-1,0,0,0,0,0,0,-1,0,0,0,0,0,0,-1,0,0,0,-1,0,0,0,-1,0,0,0,-1,0,0,-1,0,-1,0,-1,0,-1,0,-1,0,-1,0,-1,0,-1,0,-1,0,-1,0,-1,0,-1,0,-1,0,0,0,0,0,0,0,0
128,-1,ff,0,0,0,0,0,0,0,0,0,0,0,0,0,0,0,0,0,0,0,0,0,0,0,0,0,0,0,0,0,0,0,0,0,0,0,-1,0,0,0,0,0,-1,0,0,0,0,0,-1,0,0,0,0,0,-1,0,0,0,0,0,0,-1,0,0,0,0,0,0,-1,0,0,0,0,0,0,-1,0,0,0,0,0,0,-1,0,0,0,-1,0,0,0,-1,0,0,0,-1,0,0,-1,0,-1,0,-1,0,-1,0,-1,0,-1,0,-1,0,-1,0,-1,0,-1,0,-1,0,-1,0,-1,0,0,0,0,0,0,0,0
129,-1,ff,0,0,0,0,0,0,0,0,0,0,0,0,0,0,0,0,0,0,0,0,0,0,0,0,0,0,0,0,0,0,0,0,0,0,0,-1,0,0,0,0,0,-1,0,0,0,0,0,-1,0,0,0,0,0,-1,0,0,0,0,0,0,-1,0,0,0,0,0,0,-1,0,0,0,0,0,0,-1,0,0,0,0,0,0,-1,0,0,0,-1,0,0,0,-1,0,0,0,-1,0,0,-1,0,-1,0,-1,0,-1,0,-1,0,-1,0,-1,0,-1,0,-1,0,-1,0,-1,0,-1,0,-1,0,0,0,0,0,0,0,0
130,-1,ff,0,0,0,0,0,0,0,0,0,0,0,0,0,0,0,0,0,0,0,0,0,0,0,0,0,0,0,0,0,0,0,0,0,0,0,-1,0,0,0,0,0,-1,0,0,0,0,0,-1,0,0,0,0,0,-1,0,0,0,0,0,0,-1,0,0,0,0,0,0,-1,0,0,0,0,0,0,-1,0,0,0,0,0,0,-1,0,0,0,-1,0,0,0,-1,0,0,0,-1,0,0,-1,0,-1,0,-1,0,-1,0,-1,0,-1,0,-1,0,-1,0,-1,0,-1,0,-1,0,-1,0,-1,0,0,0,0,0,0,0,0
131,-1,ff,0,0,0,0,0,0,0,0,0,0,0,0,0,0,0,0,0,0,0,0,0,0,0,0,0,0,0,0,0,0,0,0,0,0,0,-1,0,0,0,0,0,-1,0,0,0,0,0,-1,0,0,0,0,0,-1,0,0,0,0,0,0,-1,0,0,0,0,0,0,-1,0,0,0,0,0,0,-1,0,0,0,0,0,0,-1,0,0,0,-1,0,0,0,-1,0,0,0,-1,0,0,-1,0,-1,0,-1,0,-1,0,-1,0,-1,0,-1,0,-1,0,-1,0,-1,0,-1,0,-1,0,-1,0,0,0,0,0,0,0,0
132,-1,ff,0,0,0,0,0,0,0,0,0,0,0,0,0,0,0,0,0,0,0,0,0,0,0,0,0,0,0,0,0,0,0,0,0,0,0,-1,0,0,0,0,0,-1,0,0,0,0,0,-1,0,0,0,0,0,-1,0,0,0,0,0,0,-1,0,0,0,0,0,0,-1,0,0,0,0,0,0,-1,0,0,0,0,0,0,-1,0,0,0,-1,0,0,0,-1,0,0,0,-1,0,0,-1,0,-1,0,-1,0,-1,0,-1,0,-1,0,-1,0,-1,0,-1,0,-1,0,-1,0,-1,0,-1,0,0,0,0,0,0,0,0
133,-1,ff,0,0,0,0,0,0,0,0,0,0,0,0,0,0,0,0,0,0,0,0,0,0,0,0,0,0,0,0,0,0,0,0,0,0,0,-1,0,0,0,0,0,-1,0,0,0,0,0,-1,0,0,0,0,0,-1,0,0,0,0,0,0,-1,0,0,0,0,0,0,-1,0,0,0,0,0,0,-1,0,0,0,0,0,0,-1,0,0,0,-1,0,0,0,-1,0,0,0,-1,0,0,-1,0,-1,0,-1,0,-1,0,-1,0,-1,0,-1,0,-1,0,-1,0,-1,0,-1,0,-1,0,-1,0,0,0,0,0,0,0,0
134,-1,ff,0,0,0,0,0,0,0,0,0,0,0,0,0,0,0,0,0,0,0,0,0,0,0,0,0,0,0,0,0,0,0,0,0,0,0,-1,0,0,0,0,0,-1,0,0,0,0,0,-1,0,0,0,0,0,-1,0,0,0,0,0,0,-1,0,0,0,0,0,0,-1,0,0,0,0,0,0,-1,0,0,0,0,0,0,-1,0,0,0,-1,0,0,0,-1,0,0,0,-1,0,0,-1,0,-1,0,-1,0,-1,0,-1,0,-1,0,-1,0,-1,0,-1,0,-1,0,-1,0,-1,0,-1,0,0,0,0,0,0,0,0
135,-1,ff,0,0,0,0,0,0,0,0,0,0,0,0,0,0,0,0,0,0,0,0,0,0,0,0,0,0,0,0,0,0,0,0,0,0,0,-1,0,0,0,0,0,-1,0,0,0,0,0,-1,0,0,0,0,0,-1,0,0,0,0,0,0,-1,0,0,0,0,0,0,-1,0,0,0,0,0,0,-1,0,0,0,0,0,0,-1,0,0,0,-1,0,0,0,-1,0,0,0,-1,0,0,-1,0,-1,0,-1,0,-1,0,-1,0,-1,0,-1,0,-1,0,-1,0,-1,0,-1,0,-1,0,-1,0,0,0,0,0,0,0,0
136,-1,ff,0,0,0,0,0,0,0,0,0,0,0,0,0,0,0,0,0,0,0,0,0,0,0,0,0,0,0,0,0,0,0,0,0,0,0,-1,0,0,0,0,0,-1,0,0,0,0,0,-1,0,0,0,0,0,-1,0,0,0,0,0,0,-1,0,0,0,0,0,0,-1,0,0,0,0,0,0,-1,0,0,0,0,0,0,-1,0,0,0,-1,0,0,0,-1,0,0,0,-1,0,0,-1,0,-1,0,-1,0,-1,0,-1,0,-1,0,-1,0,-1,0,-1,0,-1,0,-1,0,-1,0,-1,0,0,0,0,0,0,0,0
137,-1,ff,0,0,0,0,0,0,0,0,0,0,0,0,0,0,0,0,0,0,0,0,0,0,0,0,0,0,0,0,0,0,0,0,0,0,0,-1,0,0,0,0,0,-1,0,0,0,0,0,-1,0,0,0,0,0,-1,0,0,0,0,0,0,-1,0,0,0,0,0,0,-1,0,0,0,0,0,0,-1,0,0,0,0,0,0,-1,0,0,0,-1,0,0,0,-1,0,0,0,-1,0,0,-1,0,-1,0,-1,0,-1,0,-1,0,-1,0,-1,0,-1,0,-1,0,-1,0,-1,0,-1,0,-1,0,0,0,0,0,0,0,0
138,-1,ff,0,0,0,0,0,0,0,0,0,0,0,0,0,0,0,0,0,0,0,0,0,0,0,0,0,0,0,0,0,0,0,0,0,0,0,-1,0,0,0,0,0,-1,0,0,0,0,0,-1,0,0,0,0,0,-1,0,0,0,0,0,0,-1,0,0,0,0,0,0,-1,0,0,0,0,0,0,-1,0,0,0,0,0,0,-1,0,0,0,-1,0,0,0,-1,0,0,0,-1,0,0,-1,0,-1,0,-1,0,-1,0,-1,0,-1,0,-1,0,-1,0,-1,0,-1,0,-1,0,-1,0,-1,0,0,0,0,0,0,0,0
139,-1,ff,0,0,0,0,0,0,0,0,0,0,0,0,0,0,0,0,0,0,0,0,0,0,0,0,0,0,0,0,0,0,0,0,0,0,0,-1,0,0,0,0,0,-1,0,0,0,0,0,-1,0,0,0,0,0,-1,0,0,0,0,0,0,-1,0,0,0,0,0,0,-1,0,0,0,0,0,0,-1,0,0,0,0,0,0,-1,0,0,0,-1,0,0,0,-1,0,0,0,-1,0,0,-1,0,-1,0,-1,0,-1,0,-1,0,-1,0,-1,0,-1,0,-1,0,-1,0,-1,0,-1,0,-1,0,0,0,0,0,0,0,0
140,-1,ff,0,0,0,0,0,0,0,0,0,0,0,0,0,0,0,0,0,0,0,0,0,0,0,0,0,0,0,0,0,0,0,0,0,0,0,-1,0,0,0,0,0,-1,0,0,0,0,0,-1,0,0,0,0,0,-1,0,0,0,0,0,0,-1,0,0,0,0,0,0,-1,0,0,0,0,0,0,-1,0,0,0,0,0,0,-1,0,0,0,-1,0,0,0,-1,0,0,0,-1,0,0,-1,0,-1,0,-1,0,-1,0,-1,0,-1,0,-1,0,-1,0,-1,0,-1,0,-1,0,-1,0,-1,0,0,0,0,0,0,0,0
141,-1,ff,0,0,0,0,0,0,0,0,0,0,0,0,0,0,0,0,0,0,0,0,0,0,0,0,0,0,0,0,0,0,0,0,0,0,0,-1,0,0,0,0,0,-1,0,0,0,0,0,-1,0,0,0,0,0,-1,0,0,0,0,0,0,-1,0,0,0,0,0,0,-1,0,0,0,0,0,0,-1,0,0,0,0,0,0,-1,0,0,0,-1,0,0,0,-1,0,0,0,-1,0,0,-1,0,-1,0,-1,0,-1,0,-1,0,-1,0,-1,0,-1,0,-1,0,-1,0,-1,0,-1,0,-1,0,0,0,0,0,0,0,0
142,-1,ff,0,0,0,0,0,0,0,0,0,0,0,0,0,0,0,0,0,0,0,0,0,0,0,0,0,0,0,0,0,0,0,0,0,0,0,-1,0,0,0,0,0,-1,0,0,0,0,0,-1,0,0,0,0,0,-1,0,0,0,0,0,0,-1,0,0,0,0,0,0,-1,0,0,0,0,0,0,-1,0,0,0,0,0,0,-1,0,0,0,-1,0,0,0,-1,0,0,0,-1,0,0,-1,0,-1,0,-1,0,-1,0,-1,0,-1,0,-1,0,-1,0,-1,0,-1,0,-1,0,-1,0,-1,0,0,0,0,0,0,0,0
143,-1,ff,0,0,0,0,0,0,0,0,0,0,0,0,0,0,0,0,0,0,0,0,0,0,0,0,0,0,0,0,0,0,0,0,0,0,0,-1,0,0,0,0,0,-1,0,0,0,0,0,-1,0,0,0,0,0,-1,0,0,0,0,0,0,-1,0,0,0,0,0,0,-1,0,0,0,0,0,0,-1,0,0,0,0,0,0,-1,0,0,0,-1,0,0,0,-1,0,0,0,-1,0,0,-1,0,-1,0,-1,0,-1,0,-1,0,-1,0,-1,0,-1,0,-1,0,-1,0,-1,0,-1,0,-1,0,0,0,0,0,0,0,0
144,-1,ff,0,0,0,0,0,0,0,0,0,0,0,0,0,0,0,0,0,0,0,0,0,0,0,0,0,0,0,0,0,0,0,0,0,0,0,-1,0,0,0,0,0,-1,0,0,0,0,0,-1,0,0,0,0,0,-1,0,0,0,0,0,0,-1,0,0,0,0,0,0,-1,0,0,0,0,0,0,-1,0,0,0,0,0,0,-1,0,0,0,-1,0,0,0,-1,0,0,0,-1,0,0,-1,0,-1,0,-1,0,-1,0,-1,0,-1,0,-1,0,-1,0,-1,0,-1,0,-1,0,-1,0,-1,0,0,0,0,0,0,0,0
145,-1,ff,0,0,0,0,0,0,0,0,0,0,0,0,0,0,0,0,0,0,0,0,0,0,0,0,0,0,0,0,0,0,0,0,0,0,0,-1,0,0,0,0,0,-1,0,0,0,0,0,-1,0,0,0,0,0,-1,0,0,0,0,0,0,-1,0,0,0,0,0,0,-1,0,0,0,0,0,0,-1,0,0,0,0,0,0,-1,0,0,0,-1,0,0,0,-1,0,0,0,-1,0,0,-1,0,-1,0,-1,0,-1,0,-1,0,-1,0,-1,0,-1,0,-1,0,-1,0,-1,0,-1,0,-1,0,0,0,0,0,0,0,0
146,-1,ff,0,0,0,0,0,0,0,0,0,0,0,0,0,0,0,0,0,0,0,0,0,0,0,0,0,0,0,0,0,0,0,0,0,0,0,-1,0,0,0,0,0,-1,0,0,0,0,0,-1,0,0,0,0,0,-1,0,0,0,0,0,0,-1,0,0,0,0,0,0,-1,0,0,0,0,0,0,-1,0,0,0,0,0,0,-1,0,0,0,-1,0,0,0,-1,0,0,0,-1,0,0,-1,0,-1,0,-1,0,-1,0,-1,0,-1,0,-1,0,-1,0,-1,0,-1,0,-1,0,-1,0,-1,0,0,0,0,0,0,0,0
147,-1,ff,0,0,0,0,0,0,0,0,0,0,0,0,0,0,0,0,0,0,0,0,0,0,0,0,0,0,0,0,0,0,0,0,0,0,0,-1,0,0,0,0,0,-1,0,0,0,0,0,-1,0,0,0,0,0,-1,0,0,0,0,0,0,-1,0,0,0,0,0,0,-1,0,0,0,0,0,0,-1,0,0,0,0,0,0,-1,0,0,0,-1,0,0,0,-1,0,0,0,-1,0,0,-1,0,-1,0,-1,0,-1,0,-1,0,-1,0,-1,0,-1,0,-1,0,-1,0,-1,0,-1,0,-1,0,0,0,0,0,0,0,0
148,-1,ff,0,0,0,0,0,0,0,0,0,0,0,0,0,0,0,0,0,0,0,0,0,0,0,0,0,0,0,0,0,0,0,0,0,0,0,-1,0,0,0,0,0,-1,0,0,0,0,0,-1,0,0,0,0,0,-1,0,0,0,0,0,0,-1,0,0,0,0,0,0,-1,0,0,0,0,0,0,-1,0,0,0,0,0,0,-1,0,0,0,-1,0,0,0,-1,0,0,0,-1,0,0,-1,0,-1,0,-1,0,-1,0,-1,0,-1,0,-1,0,-1,0,-1,0,-1,0,-1,0,-1,0,-1,0,0,0,0,0,0,0,0
149,-1,ff,0,0,0,0,0,0,0,0,0,0,0,0,0,0,0,0,0,0,0,0,0,0,0,0,0,0,0,0,0,0,0,0,0,0,0,-1,0,0,0,0,0,-1,0,0,0,0,0,-1,0,0,0,0,0,-1,0,0,0,0,0,0,-1,0,0,0,0,0,0,-1,0,0,0,0,0,0,-1,0,0,0,0,0,0,-1,0,0,0,-1,0,0,0,-1,0,0,0,-1,0,0,-1,0,-1,0,-1,0,-1,0,-1,0,-1,0,-1,0,-1,0,-1,0,-1,0,-1,0,-1,0,-1,0,0,0,0,0,0,0,0
150,-1,ff,0,0,0,0,0,0,0,0,0,0,0,0,0,0,0,0,0,0,0,0,0,0,0,0,0,0,0,0,0,0,0,0,0,0,0,-1,0,0,0,0,0,-1,0,0,0,0,0,-1,0,0,0,0,0,-1,0,0,0,0,0,0,-1,0,0,0,0,0,0,-1,0,0,0,0,0,0,-1,0,0,0,0,0,0,-1,0,0,0,-1,0,0,0,-1,0,0,0,-1,0,0,-1,0,-1,0,-1,0,-1,0,-1,0,-1,0,-1,0,-1,0,-1,0,-1,0,-1,0,-1,0,-1,0,0,0,0,0,0,0,0
151,-1,ff,0,0,0,0,0,0,0,0,0,0,0,0,0,0,0,0,0,0,0,0,0,0,0,0,0,0,0,0,0,0,0,0,0,0,0,-1,0,0,0,0,0,-1,0,0,0,0,0,-1,0,0,0,0,0,-1,0,0,0,0,0,0,-1,0,0,0,0,0,0,-1,0,0,0,0,0,0,-1,0,0,0,0,0,0,-1,0,0,0,-1,0,0,0,-1,0,0,0,-1,0,0,-1,0,-1,0,-1,0,-1,0,-1,0,-1,0,-1,0,-1,0,-1,0,-1,0,-1,0,-1,0,-1,0,0,0,0,0,0,0,0
152,-1,ff,0,0,0,0,0,0,0,0,0,0,0,0,0,0,0,0,0,0,0,0,0,0,0,0,0,0,0,0,0,0,0,0,0,0,0,-1,0,0,0,0,0,-1,0,0,0,0,0,-1,0,0,0,0,0,-1,0,0,0,0,0,0,-1,0,0,0,0,0,0,-1,0,0,0,0,0,0,-1,0,0,0,0,0,0,-1,0,0,0,-1,0,0,0,-1,0,0,0,-1,0,0,-1,0,-1,0,-1,0,-1,0,-1,0,-1,0,-1,0,-1,0,-1,0,-1,0,-1,0,-1,0,-1,0,0,0,0,0,0,0,0
153,-1,ff,0,0,0,0,0,0,0,0,0,0,0,0,0,0,0,0,0,0,0,0,0,0,0,0,0,0,0,0,0,0,0,0,0,0,0,-1,0,0,0,0,0,-1,0,0,0,0,0,-1,0,0,0,0,0,-1,0,0,0,0,0,0,-1,0,0,0,0,0,0,-1,0,0,0,0,0,0,-1,0,0,0,0,0,0,-1,0,0,0,-1,0,0,0,-1,0,0,0,-1,0,0,-1,0,-1,0,-1,0,-1,0,-1,0,-1,0,-1,0,-1,0,-1,0,-1,0,-1,0,-1,0,-1,0,0,0,0,0,0,0,0
154,-1,ff,0,0,0,0,0,0,0,0,0,0,0,0,0,0,0,0,0,0,0,0,0,0,0,0,0,0,0,0,0,0,0,0,0,0,0,-1,0,0,0,0,0,-1,0,0,0,0,0,-1,0,0,0,0,0,-1,0,0,0,0,0,0,-1,0,0,0,0,0,0,-1,0,0,0,0,0,0,-1,0,0,0,0,0,0,-1,0,0,0,-1,0,0,0,-1,0,0,0,-1,0,0,-1,0,-1,0,-1,0,-1,0,-1,0,-1,0,-1,0,-1,0,-1,0,-1,0,-1,0,-1,0,-1,0,0,0,0,0,0,0,0
155,-1,ff,0,0,0,0,0,0,0,0,0,0,0,0,0,0,0,0,0,0,0,0,0,0,0,0,0,0,0,0,0,0,0,0,0,0,0,-1,0,0,0,0,0,-1,0,0,0,0,0,-1,0,0,0,0,0,-1,0,0,0,0,0,0,-1,0,0,0,0,0,0,-1,0,0,0,0,0,0,-1,0,0,0,0,0,0,-1,0,0,0,-1,0,0,0,-1,0,0,0,-1,0,0,-1,0,-1,0,-1,0,-1,0,-1,0,-1,0,-1,0,-1,0,-1,0,-1,0,-1,0,-1,0,-1,0,0,0,0,0,0,0,0
156,-1,ff,0,0,0,0,0,0,0,0,0,0,0,0,0,0,0,0,0,0,0,0,0,0,0,0,0,0,0,0,0,0,0,0,0,0,0,-1,0,0,0,0,0,-1,0,0,0,0,0,-1,0,0,0,0,0,-1,0,0,0,0,0,0,-1,0,0,0,0,0,0,-1,0,0,0,0,0,0,-1,0,0,0,0,0,0,-1,0,0,0,-1,0,0,0,-1,0,0,0,-1,0,0,-1,0,-1,0,-1,0,-1,0,-1,0,-1,0,-1,0,-1,0,-1,0,-1,0,-1,0,-1,0,-1,0,0,0,0,0,0,0,0
157,-1,ff,0,0,0,0,0,0,0,0,0,0,0,0,0,0,0,0,0,0,0,0,0,0,0,0,0,0,0,0,0,0,0,0,0,0,0,-1,0,0,0,0,0,-1,0,0,0,0,0,-1,0,0,0,0,0,-1,0,0,0,0,0,0,-1,0,0,0,0,0,0,-1,0,0,0,0,0,0,-1,0,0,0,0,0,0,-1,0,0,0,-1,0,0,0,-1,0,0,0,-1,0,0,-1,0,-1,0,-1,0,-1,0,-1,0,-1,0,-1,0,-1,0,-1,0,-1,0,-1,0,-1,0,-1,0,0,0,0,0,0,0,0
158,-1,ff,0,0,0,0,0,0,0,0,0,0,0,0,0,0,0,0,0,0,0,0,0,0,0,0,0,0,0,0,0,0,0,0,0,0,0,-1,0,0,0,0,0,-1,0,0,0,0,0,-1,0,0,0,0,0,-1,0,0,0,0,0,0,-1,0,0,0,0,0,0,-1,0,0,0,0,0,0,-1,0,0,0,0,0,0,-1,0,0,0,-1,0,0,0,-1,0,0,0,-1,0,0,-1,0,-1,0,-1,0,-1,0,-1,0,-1,0,-1,0,-1,0,-1,0,-1,0,-1,0,-1,0,-1,0,0,0,0,0,0,0,0
159,-1,ff,0,0,0,0,0,0,0,0,0,0,0,0,0,0,0,0,0,0,0,0,0,0,0,0,0,0,0,0,0,0,0,0,0,0,0,-1,0,0,0,0,0,-1,0,0,0,0,0,-1,0,0,0,0,0,-1,0,0,0,0,0,0,-1,0,0,0,0,0,0,-1,0,0,0,0,0,0,-1,0,0,0,0,0,0,-1,0,0,0,-1,0,0,0,-1,0,0,0,-1,0,0,-1,0,-1,0,-1,0,-1,0,-1,0,-1,0,-1,0,-1,0,-1,0,-1,0,-1,0,-1,0,-1,0,0,0,0,0,0,0,0
160,-1,ff,0,0,0,0,0,0,0,0,0,0,0,0,0,0,0,0,0,0,0,0,0,0,0,0,0,0,0,0,0,0,0,0,0,0,0,-1,0,0,0,0,0,-1,0,0,0,0,0,-1,0,0,0,0,0,-1,0,0,0,0,0,0,-1,0,0,0,0,0,0,-1,0,0,0,0,0,0,-1,0,0,0,0,0,0,-1,0,0,0,-1,0,0,0,-1,0,0,0,-1,0,0,-1,0,-1,0,-1,0,-1,0,-1,0,-1,0,-1,0,-1,0,-1,0,-1,0,-1,0,-1,0,-1,0,0,0,0,0,0,0,0
161,-1,ff,0,0,0,0,0,0,0,0,0,0,0,0,0,0,0,0,0,0,0,0,0,0,0,0,0,0,0,0,0,0,0,0,0,0,0,-1,0,0,0,0,0,-1,0,0,0,0,0,-1,0,0,0,0,0,-1,0,0,0,0,0,0,-1,0,0,0,0,0,0,-1,0,0,0,0,0,0,-1,0,0,0,0,0,0,-1,0,0,0,-1,0,0,0,-1,0,0,0,-1,0,0,-1,0,-1,0,-1,0,-1,0,-1,0,-1,0,-1,0,-1,0,-1,0,-1,0,-1,0,-1,0,-1,0,0,0,0,0,0,0,0
162,-1,ff,0,0,0,0,0,0,0,0,0,0,0,0,0,0,0,0,0,0,0,0,0,0,0,0,0,0,0,0,0,0,0,0,0,0,0,-1,0,0,0,0,0,-1,0,0,0,0,0,-1,0,0,0,0,0,-1,0,0,0,0,0,0,-1,0,0,0,0,0,0,-1,0,0,0,0,0,0,-1,0,0,0,0,0,0,-1,0,0,0,-1,0,0,0,-1,0,0,0,-1,0,0,-1,0,-1,0,-1,0,-1,0,-1,0,-1,0,-1,0,-1,0,-1,0,-1,0,-1,0,-1,0,-1,0,0,0,0,0,0,0,0
163,-1,ff,0,0,0,0,0,0,0,0,0,0,0,0,0,0,0,0,0,0,0,0,0,0,0,0,0,0,0,0,0,0,0,0,0,0,0,-1,0,0,0,0,0,-1,0,0,0,0,0,-1,0,0,0,0,0,-1,0,0,0,0,0,0,-1,0,0,0,0,0,0,-1,0,0,0,0,0,0,-1,0,0,0,0,0,0,-1,0,0,0,-1,0,0,0,-1,0,0,0,-1,0,0,-1,0,-1,0,-1,0,-1,0,-1,0,-1,0,-1,0,-1,0,-1,0,-1,0,-1,0,-1,0,-1,0,0,0,0,0,0,0,0
164,-1,ff,0,0,0,0,0,0,0,0,0,0,0,0,0,0,0,0,0,0,0,0,0,0,0,0,0,0,0,0,0,0,0,0,0,0,0,-1,0,0,0,0,0,-1,0,0,0,0,0,-1,0,0,0,0,0,-1,0,0,0,0,0,0,-1,0,0,0,0,0,0,-1,0,0,0,0,0,0,-1,0,0,0,0,0,0,-1,0,0,0,-1,0,0,0,-1,0,0,0,-1,0,0,-1,0,-1,0,-1,0,-1,0,-1,0,-1,0,-1,0,-1,0,-1,0,-1,0,-1,0,-1,0,-1,0,0,0,0,0,0,0,0
165,-1,ff,0,0,0,0,0,0,0,0,0,0,0,0,0,0,0,0,0,0,0,0,0,0,0,0,0,0,0,0,0,0,0,0,0,0,0,-1,0,0,0,0,0,-1,0,0,0,0,0,-1,0,0,0,0,0,-1,0,0,0,0,0,0,-1,0,0,0,0,0,0,-1,0,0,0,0,0,0,-1,0,0,0,0,0,0,-1,0,0,0,-1,0,0,0,-1,0,0,0,-1,0,0,-1,0,-1,0,-1,0,-1,0,-1,0,-1,0,-1,0,-1,0,-1,0,-1,0,-1,0,-1,0,-1,0,0,0,0,0,0,0,0
166,-1,ff,0,0,0,0,0,0,0,0,0,0,0,0,0,0,0,0,0,0,0,0,0,0,0,0,0,0,0,0,0,0,0,0,0,0,0,-1,0,0,0,0,0,-1,0,0,0,0,0,-1,0,0,0,0,0,-1,0,0,0,0,0,0,-1,0,0,0,0,0,0,-1,0,0,0,0,0,0,-1,0,0,0,0,0,0,-1,0,0,0,-1,0,0,0,-1,0,0,0,-1,0,0,-1,0,-1,0,-1,0,-1,0,-1,0,-1,0,-1,0,-1,0,-1,0,-1,0,-1,0,-1,0,-1,0,0,0,0,0,0,0,0
167,-1,ff,0,0,0,0,0,0,0,0,0,0,0,0,0,0,0,0,0,0,0,0,0,0,0,0,0,0,0,0,0,0,0,0,0,0,0,-1,0,0,0,0,0,-1,0,0,0,0,0,-1,0,0,0,0,0,-1,0,0,0,0,0,0,-1,0,0,0,0,0,0,-1,0,0,0,0,0,0,-1,0,0,0,0,0,0,-1,0,0,0,-1,0,0,0,-1,0,0,0,-1,0,0,-1,0,-1,0,-1,0,-1,0,-1,0,-1,0,-1,0,-1,0,-1,0,-1,0,-1,0,-1,0,-1,0,0,0,0,0,0,0,0
168,-1,ff,0,0,0,0,0,0,0,0,0,0,0,0,0,0,0,0,0,0,0,0,0,0,0,0,0,0,0,0,0,0,0,0,0,0,0,-1,0,0,0,0,0,-1,0,0,0,0,0,-1,0,0,0,0,0,-1,0,0,0,0,0,0,-1,0,0,0,0,0,0,-1,0,0,0,0,0,0,-1,0,0,0,0,0,0,-1,0,0,0,-1,0,0,0,-1,0,0,0,-1,0,0,-1,0,-1,0,-1,0,-1,0,-1,0,-1,0,-1,0,-1,0,-1,0,-1,0,-1,0,-1,0,-1,0,0,0,0,0,0,0,0
169,-1,ff,0,0,0,0,0,0,0,0,0,0,0,0,0,0,0,0,0,0,0,0,0,0,0,0,0,0,0,0,0,0,0,0,0,0,0,-1,0,0,0,0,0,-1,0,0,0,0,0,-1,0,0,0,0,0,-1,0,0,0,0,0,0,-1,0,0,0,0,0,0,-1,0,0,0,0,0,0,-1,0,0,0,0,0,0,-1,0,0,0,-1,0,0,0,-1,0,0,0,-1,0,0,-1,0,-1,0,-1,0,-1,0,-1,0,-1,0,-1,0,-1,0,-1,0,-1,0,-1,0,-1,0,-1,0,0,0,0,0,0,0,0
170,-1,ff,0,0,0,0,0,0,0,0,0,0,0,0,0,0,0,0,0,0,0,0,0,0,0,0,0,0,0,0,0,0,0,0,0,0,0,-1,0,0,0,0,0,-1,0,0,0,0,0,-1,0,0,0,0,0,-1,0,0,0,0,0,0,-1,0,0,0,0,0,0,-1,0,0,0,0,0,0,-1,0,0,0,0,0,0,-1,0,0,0,-1,0,0,0,-1,0,0,0,-1,0,0,-1,0,-1,0,-1,0,-1,0,-1,0,-1,0,-1,0,-1,0,-1,0,-1,0,-1,0,-1,0,-1,0,0,0,0,0,0,0,0
171,-1,ff,0,0,0,0,0,0,0,0,0,0,0,0,0,0,0,0,0,0,0,0,0,0,0,0,0,0,0,0,0,0,0,0,0,0,0,-1,0,0,0,0,0,-1,0,0,0,0,0,-1,0,0,0,0,0,-1,0,0,0,0,0,0,-1,0,0,0,0,0,0,-1,0,0,0,0,0,0,-1,0,0,0,0,0,0,-1,0,0,0,-1,0,0,0,-1,0,0,0,-1,0,0,-1,0,-1,0,-1,0,-1,0,-1,0,-1,0,-1,0,-1,0,-1,0,-1,0,-1,0,-1,0,-1,0,0,0,0,0,0,0,0
172,-1,ff,0,0,0,0,0,0,0,0,0,0,0,0,0,0,0,0,0,0,0,0,0,0,0,0,0,0,0,0,0,0,0,0,0,0,0,-1,0,0,0,0,0,-1,0,0,0,0,0,-1,0,0,0,0,0,-1,0,0,0,0,0,0,-1,0,0,0,0,0,0,-1,0,0,0,0,0,0,-1,0,0,0,0,0,0,-1,0,0,0,-1,0,0,0,-1,0,0,0,-1,0,0,-1,0,-1,0,-1,0,-1,0,-1,0,-1,0,-1,0,-1,0,-1,0,-1,0,-1,0,-1,0,-1,0,0,0,0,0,0,0,0
173,-1,ff,0,0,0,0,0,0,0,0,0,0,0,0,0,0,0,0,0,0,0,0,0,0,0,0,0,0,0,0,0,0,0,0,0,0,0,-1,0,0,0,0,0,-1,0,0,0,0,0,-1,0,0,0,0,0,-1,0,0,0,0,0,0,-1,0,0,0,0,0,0,-1,0,0,0,0,0,0,-1,0,0,0,0,0,0,-1,0,0,0,-1,0,0,0,-1,0,0,0,-1,0,0,-1,0,-1,0,-1,0,-1,0,-1,0,-1,0,-1,0,-1,0,-1,0,-1,0,-1,0,-1,0,-1,0,0,0,0,0,0,0,0
174,-1,ff,0,0,0,0,0,0,0,0,0,0,0,0,0,0,0,0,0,0,0,0,0,0,0,0,0,0,0,0,0,0,0,0,0,0,0,-1,0,0,0,0,0,-1,0,0,0,0,0,-1,0,0,0,0,0,-1,0,0,0,0,0,0,-1,0,0,0,0,0,0,-1,0,0,0,0,0,0,-1,0,0,0,0,0,0,-1,0,0,0,-1,0,0,0,-1,0,0,0,-1,0,0,-1,0,-1,0,-1,0,-1,0,-1,0,-1,0,-1,0,-1,0,-1,0,-1,0,-1,0,-1,0,-1,0,0,0,0,0,0,0,0
175,-1,ff,0,0,0,0,0,0,0,0,0,0,0,0,0,0,0,0,0,0,0,0,0,0,0,0,0,0,0,0,0,0,0,0,0,0,0,-1,0,0,0,0,0,-1,0,0,0,0,0,-1,0,0,0,0,0,-1,0,0,0,0,0,0,-1,0,0,0,0,0,0,-1,0,0,0,0,0,0,-1,0,0,0,0,0,0,-1,0,0,0,-1,0,0,0,-1,0,0,0,-1,0,0,-1,0,-1,0,-1,0,-1,0,-1,0,-1,0,-1,0,-1,0,-1,0,-1,0,-1,0,-1,0,-1,0,0,0,0,0,0,0,0
176,-1,ff,0,0,0,0,0,0,0,0,0,0,0,0,0,0,0,0,0,0,0,0,0,0,0,0,0,0,0,0,0,0,0,0,0,0,0,-1,0,0,0,0,0,-1,0,0,0,0,0,-1,0,0,0,0,0,-1,0,0,0,0,0,0,-1,0,0,0,0,0,0,-1,0,0,0,0,0,0,-1,0,0,0,0,0,0,-1,0,0,0,-1,0,0,0,-1,0,0,0,-1,0,0,-1,0,-1,0,-1,0,-1,0,-1,0,-1,0,-1,0,-1,0,-1,0,-1,0,-1,0,-1,0,-1,0,0,0,0,0,0,0,0
177,-1,ff,0,0,0,0,0,0,0,0,0,0,0,0,0,0,0,0,0,0,0,0,0,0,0,0,0,0,0,0,0,0,0,0,0,0,0,-1,0,0,0,0,0,-1,0,0,0,0,0,-1,0,0,0,0,0,-1,0,0,0,0,0,0,-1,0,0,0,0,0,0,-1,0,0,0,0,0,0,-1,0,0,0,0,0,0,-1,0,0,0,-1,0,0,0,-1,0,0,0,-1,0,0,-1,0,-1,0,-1,0,-1,0,-1,0,-1,0,-1,0,-1,0,-1,0,-1,0,-1,0,-1,0,-1,0,0,0,0,0,0,0,0
178,-1,ff,0,0,0,0,0,0,0,0,0,0,0,0,0,0,0,0,0,0,0,0,0,0,0,0,0,0,0,0,0,0,0,0,0,0,0,-1,0,0,0,0,0,-1,0,0,0,0,0,-1,0,0,0,0,0,-1,0,0,0,0,0,0,-1,0,0,0,0,0,0,-1,0,0,0,0,0,0,-1,0,0,0,0,0,0,-1,0,0,0,-1,0,0,0,-1,0,0,0,-1,0,0,-1,0,-1,0,-1,0,-1,0,-1,0,-1,0,-1,0,-1,0,-1,0,-1,0,-1,0,-1,0,-1,0,0,0,0,0,0,0,0
179,-1,ff,0,0,0,0,0,0,0,0,0,0,0,0,0,0,0,0,0,0,0,0,0,0,0,0,0,0,0,0,0,0,0,0,0,0,0,-1,0,0,0,0,0,-1,0,0,0,0,0,-1,0,0,0,0,0,-1,0,0,0,0,0,0,-1,0,0,0,0,0,0,-1,0,0,0,0,0,0,-1,0,0,0,0,0,0,-1,0,0,0,-1,0,0,0,-1,0,0,0,-1,0,0,-1,0,-1,0,-1,0,-1,0,-1,0,-1,0,-1,0,-1,0,-1,0,-1,0,-1,0,-1,0,-1,0,0,0,0,0,0,0,0
180,-1,ff,0,0,0,0,0,0,0,0,0,0,0,0,0,0,0,0,0,0,0,0,0,0,0,0,0,0,0,0,0,0,0,0,0,0,0,-1,0,0,0,0,0,-1,0,0,0,0,0,-1,0,0,0,0,0,-1,0,0,0,0,0,0,-1,0,0,0,0,0,0,-1,0,0,0,0,0,0,-1,0,0,0,0,0,0,-1,0,0,0,-1,0,0,0,-1,0,0,0,-1,0,0,-1,0,-1,0,-1,0,-1,0,-1,0,-1,0,-1,0,-1,0,-1,0,-1,0,-1,0,-1,0,-1,0,0,0,0,0,0,0,0
181,-1,ff,0,0,0,0,0,0,0,0,0,0,0,0,0,0,0,0,0,0,0,0,0,0,0,0,0,0,0,0,0,0,0,0,0,0,0,-1,0,0,0,0,0,-1,0,0,0,0,0,-1,0,0,0,0,0,-1,0,0,0,0,0,0,-1,0,0,0,0,0,0,-1,0,0,0,0,0,0,-1,0,0,0,0,0,0,-1,0,0,0,-1,0,0,0,-1,0,0,0,-1,0,0,-1,0,-1,0,-1,0,-1,0,-1,0,-1,0,-1,0,-1,0,-1,0,-1,0,-1,0,-1,0,-1,0,0,0,0,0,0,0,0
182,-1,ff,0,0,0,0,0,0,0,0,0,0,0,0,0,0,0,0,0,0,0,0,0,0,0,0,0,0,0,0,0,0,0,0,0,0,0,-1,0,0,0,0,0,-1,0,0,0,0,0,-1,0,0,0,0,0,-1,0,0,0,0,0,0,-1,0,0,0,0,0,0,-1,0,0,0,0,0,0,-1,0,0,0,0,0,0,-1,0,0,0,-1,0,0,0,-1,0,0,0,-1,0,0,-1,0,-1,0,-1,0,-1,0,-1,0,-1,0,-1,0,-1,0,-1,0,-1,0,-1,0,-1,0,-1,0,0,0,0,0,0,0,0
183,-1,ff,0,0,0,0,0,0,0,0,0,0,0,0,0,0,0,0,0,0,0,0,0,0,0,0,0,0,0,0,0,0,0,0,0,0,0,-1,0,0,0,0,0,-1,0,0,0,0,0,-1,0,0,0,0,0,-1,0,0,0,0,0,0,-1,0,0,0,0,0,0,-1,0,0,0,0,0,0,-1,0,0,0,0,0,0,-1,0,0,0,-1,0,0,0,-1,0,0,0,-1,0,0,-1,0,-1,0,-1,0,-1,0,-1,0,-1,0,-1,0,-1,0,-1,0,-1,0,-1,0,-1,0,-1,0,0,0,0,0,0,0,0
184,-1,ff,0,0,0,0,0,0,0,0,0,0,0,0,0,0,0,0,0,0,0,0,0,0,0,0,0,0,0,0,0,0,0,0,0,0,0,-1,0,0,0,0,0,-1,0,0,0,0,0,-1,0,0,0,0,0,-1,0,0,0,0,0,0,-1,0,0,0,0,0,0,-1,0,0,0,0,0,0,-1,0,0,0,0,0,0,-1,0,0,0,-1,0,0,0,-1,0,0,0,-1,0,0,-1,0,-1,0,-1,0,-1,0,-1,0,-1,0,-1,0,-1,0,-1,0,-1,0,-1,0,-1,0,-1,0,0,0,0,0,0,0,0
185,-1,ff,0,0,0,0,0,0,0,0,0,0,0,0,0,0,0,0,0,0,0,0,0,0,0,0,0,0,0,0,0,0,0,0,0,0,0,-1,0,0,0,0,0,-1,0,0,0,0,0,-1,0,0,0,0,0,-1,0,0,0,0,0,0,-1,0,0,0,0,0,0,-1,0,0,0,0,0,0,-1,0,0,0,0,0,0,-1,0,0,0,-1,0,0,0,-1,0,0,0,-1,0,0,-1,0,-1,0,-1,0,-1,0,-1,0,-1,0,-1,0,-1,0,-1,0,-1,0,-1,0,-1,0,-1,0,0,0,0,0,0,0,0
186,-1,ff,0,0,0,0,0,0,0,0,0,0,0,0,0,0,0,0,0,0,0,0,0,0,0,0,0,0,0,0,0,0,0,0,0,0,0,-1,0,0,0,0,0,-1,0,0,0,0,0,-1,0,0,0,0,0,-1,0,0,0,0,0,0,-1,0,0,0,0,0,0,-1,0,0,0,0,0,0,-1,0,0,0,0,0,0,-1,0,0,0,-1,0,0,0,-1,0,0,0,-1,0,0,-1,0,-1,0,-1,0,-1,0,-1,0,-1,0,-1,0,-1,0,-1,0,-1,0,-1,0,-1,0,-1,0,0,0,0,0,0,0,0
187,-1,ff,0,0,0,0,0,0,0,0,0,0,0,0,0,0,0,0,0,0,0,0,0,0,0,0,0,0,0,0,0,0,0,0,0,0,0,-1,0,0,0,0,0,-1,0,0,0,0,0,-1,0,0,0,0,0,-1,0,0,0,0,0,0,-1,0,0,0,0,0,0,-1,0,0,0,0,0,0,-1,0,0,0,0,0,0,-1,0,0,0,-1,0,0,0,-1,0,0,0,-1,0,0,-1,0,-1,0,-1,0,-1,0,-1,0,-1,0,-1,0,-1,0,-1,0,-1,0,-1,0,-1,0,-1,0,0,0,0,0,0,0,0
188,-1,ff,0,0,0,0,0,0,0,0,0,0,0,0,0,0,0,0,0,0,0,0,0,0,0,0,0,0,0,0,0,0,0,0,0,0,0,-1,0,0,0,0,0,-1,0,0,0,0,0,-1,0,0,0,0,0,-1,0,0,0,0,0,0,-1,0,0,0,0,0,0,-1,0,0,0,0,0,0,-1,0,0,0,0,0,0,-1,0,0,0,-1,0,0,0,-1,0,0,0,-1,0,0,-1,0,-1,0,-1,0,-1,0,-1,0,-1,0,-1,0,-1,0,-1,0,-1,0,-1,0,-1,0,-1,0,0,0,0,0,0,0,0
189,-1,ff,0,0,0,0,0,0,0,0,0,0,0,0,0,0,0,0,0,0,0,0,0,0,0,0,0,0,0,0,0,0,0,0,0,0,0,-1,0,0,0,0,0,-1,0,0,0,0,0,-1,0,0,0,0,0,-1,0,0,0,0,0,0,-1,0,0,0,0,0,0,-1,0,0,0,0,0,0,-1,0,0,0,0,0,0,-1,0,0,0,-1,0,0,0,-1,0,0,0,-1,0,0,-1,0,-1,0,-1,0,-1,0,-1,0,-1,0,-1,0,-1,0,-1,0,-1,0,-1,0,-1,0,-1,0,0,0,0,0,0,0,0
190,-1,ff,0,0,0,0,0,0,0,0,0,0,0,0,0,0,0,0,0,0,0,0,0,0,0,0,0,0,0,0,0,0,0,0,0,0,0,-1,0,0,0,0,0,-1,0,0,0,0,0,-1,0,0,0,0,0,-1,0,0,0,0,0,0,-1,0,0,0,0,0,0,-1,0,0,0,0,0,0,-1,0,0,0,0,0,0,-1,0,0,0,-1,0,0,0,-1,0,0,0,-1,0,0,-1,0,-1,0,-1,0,-1,0,-1,0,-1,0,-1,0,-1,0,-1,0,-1,0,-1,0,-1,0,-1,0,0,0,0,0,0,0,0
191,-1,ff,0,0,0,0,0,0,0,0,0,0,0,0,0,0,0,0,0,0,0,0,0,0,0,0,0,0,0,0,0,0,0,0,0,0,0,-1,0,0,0,0,0,-1,0,0,0,0,0,-1,0,0,0,0,0,-1,0,0,0,0,0,0,-1,0,0,0,0,0,0,-1,0,0,0,0,0,0,-1,0,0,0,0,0,0,-1,0,0,0,-1,0,0,0,-1,0,0,0,-1,0,0,-1,0,-1,0,-1,0,-1,0,-1,0,-1,0,-1,0,-1,0,-1,0,-1,0,-1,0,-1,0,-1,0,0,0,0,0,0,0,0
192,-1,ff,0,0,0,0,0,0,0,0,0,0,0,0,0,0,0,0,0,0,0,0,0,0,0,0,0,0,0,0,0,0,0,0,0,0,0,-1,0,0,0,0,0,-1,0,0,0,0,0,-1,0,0,0,0,0,-1,0,0,0,0,0,0,-1,0,0,0,0,0,0,-1,0,0,0,0,0,0,-1,0,0,0,0,0,0,-1,0,0,0,-1,0,0,0,-1,0,0,0,-1,0,0,-1,0,-1,0,-1,0,-1,0,-1,0,-1,0,-1,0,-1,0,-1,0,-1,0,-1,0,-1,0,-1,0,0,0,0,0,0,0,0
193,-1,ff,0,0,0,0,0,0,0,0,0,0,0,0,0,0,0,0,0,0,0,0,0,0,0,0,0,0,0,0,0,0,0,0,0,0,0,-1,0,0,0,0,0,-1,0,0,0,0,0,-1,0,0,0,0,0,-1,0,0,0,0,0,0,-1,0,0,0,0,0,0,-1,0,0,0,0,0,0,-1,0,0,0,0,0,0,-1,0,0,0,-1,0,0,0,-1,0,0,0,-1,0,0,-1,0,-1,0,-1,0,-1,0,-1,0,-1,0,-1,0,-1,0,-1,0,-1,0,-1,0,-1,0,-1,0,0,0,0,0,0,0,0
194,-1,ff,0,0,0,0,0,0,0,0,0,0,0,0,0,0,0,0,0,0,0,0,0,0,0,0,0,0,0,0,0,0,0,0,0,0,0,-1,0,0,0,0,0,-1,0,0,0,0,0,-1,0,0,0,0,0,-1,0,0,0,0,0,0,-1,0,0,0,0,0,0,-1,0,0,0,0,0,0,-1,0,0,0,0,0,0,-1,0,0,0,-1,0,0,0,-1,0,0,0,-1,0,0,-1,0,-1,0,-1,0,-1,0,-1,0,-1,0,-1,0,-1,0,-1,0,-1,0,-1,0,-1,0,-1,0,0,0,0,0,0,0,0
195,-1,ff,0,0,0,0,0,0,0,0,0,0,0,0,0,0,0,0,0,0,0,0,0,0,0,0,0,0,0,0,0,0,0,0,0,0,0,-1,0,0,0,0,0,-1,0,0,0,0,0,-1,0,0,0,0,0,-1,0,0,0,0,0,0,-1,0,0,0,0,0,0,-1,0,0,0,0,0,0,-1,0,0,0,0,0,0,-1,0,0,0,-1,0,0,0,-1,0,0,0,-1,0,0,-1,0,-1,0,-1,0,-1,0,-1,0,-1,0,-1,0,-1,0,-1,0,-1,0,-1,0,-1,0,-1,0,0,0,0,0,0,0,0
196,-1,ff,0,0,0,0,0,0,0,0,0,0,0,0,0,0,0,0,0,0,0,0,0,0,0,0,0,0,0,0,0,0,0,0,0,0,0,-1,0,0,0,0,0,-1,0,0,0,0,0,-1,0,0,0,0,0,-1,0,0,0,0,0,0,-1,0,0,0,0,0,0,-1,0,0,0,0,0,0,-1,0,0,0,0,0,0,-1,0,0,0,-1,0,0,0,-1,0,0,0,-1,0,0,-1,0,-1,0,-1,0,-1,0,-1,0,-1,0,-1,0,-1,0,-1,0,-1,0,-1,0,-1,0,-1,0,0,0,0,0,0,0,0
197,-1,ff,0,0,0,0,0,0,0,0,0,0,0,0,0,0,0,0,0,0,0,0,0,0,0,0,0,0,0,0,0,0,0,0,0,0,0,-1,0,0,0,0,0,-1,0,0,0,0,0,-1,0,0,0,0,0,-1,0,0,0,0,0,0,-1,0,0,0,0,0,0,-1,0,0,0,0,0,0,-1,0,0,0,0,0,0,-1,0,0,0,-1,0,0,0,-1,0,0,0,-1,0,0,-1,0,-1,0,-1,0,-1,0,-1,0,-1,0,-1,0,-1,0,-1,0,-1,0,-1,0,-1,0,-1,0,0,0,0,0,0,0,0
198,-1,ff,0,0,0,0,0,0,0,0,0,0,0,0,0,0,0,0,0,0,0,0,0,0,0,0,0,0,0,0,0,0,0,0,0,0,0,-1,0,0,0,0,0,-1,0,0,0,0,0,-1,0,0,0,0,0,-1,0,0,0,0,0,0,-1,0,0,0,0,0,0,-1,0,0,0,0,0,0,-1,0,0,0,0,0,0,-1,0,0,0,-1,0,0,0,-1,0,0,0,-1,0,0,-1,0,-1,0,-1,0,-1,0,-1,0,-1,0,-1,0,-1,0,-1,0,-1,0,-1,0,-1,0,-1,0,0,0,0,0,0,0,0
199,-1,ff,0,0,0,0,0,0,0,0,0,0,0,0,0,0,0,0,0,0,0,0,0,0,0,0,0,0,0,0,0,0,0,0,0,0,0,-1,0,0,0,0,0,-1,0,0,0,0,0,-1,0,0,0,0,0,-1,0,0,0,0,0,0,-1,0,0,0,0,0,0,-1,0,0,0,0,0,0,-1,0,0,0,0,0,0,-1,0,0,0,-1,0,0,0,-1,0,0,0,-1,0,0,-1,0,-1,0,-1,0,-1,0,-1,0,-1,0,-1,0,-1,0,-1,0,-1,0,-1,0,-1,0,-1,0,0,0,0,0,0,0,0
200,-1,ff,0,0,0,0,0,0,0,0,0,0,0,0,0,0,0,0,0,0,0,0,0,0,0,0,0,0,0,0,0,0,0,0,0,0,0,-1,0,0,0,0,0,-1,0,0,0,0,0,-1,0,0,0,0,0,-1,0,0,0,0,0,0,-1,0,0,0,0,0,0,-1,0,0,0,0,0,0,-1,0,0,0,0,0,0,-1,0,0,0,-1,0,0,0,-1,0,0,0,-1,0,0,-1,0,-1,0,-1,0,-1,0,-1,0,-1,0,-1,0,-1,0,-1,0,-1,0,-1,0,-1,0,-1,0,0,0,0,0,0,0,0
201,-1,ff,0,0,0,0,0,0,0,0,0,0,0,0,0,0,0,0,0,0,0,0,0,0,0,0,0,0,0,0,0,0,0,0,0,0,0,-1,0,0,0,0,0,-1,0,0,0,0,0,-1,0,0,0,0,0,-1,0,0,0,0,0,0,-1,0,0,0,0,0,0,-1,0,0,0,0,0,0,-1,0,0,0,0,0,0,-1,0,0,0,-1,0,0,0,-1,0,0,0,-1,0,0,-1,0,-1,0,-1,0,-1,0,-1,0,-1,0,-1,0,-1,0,-1,0,-1,0,-1,0,-1,0,-1,0,0,0,0,0,0,0,0
202,-1,ff,0,0,0,0,0,0,0,0,0,0,0,0,0,0,0,0,0,0,0,0,0,0,0,0,0,0,0,0,0,0,0,0,0,0,0,-1,0,0,0,0,0,-1,0,0,0,0,0,-1,0,0,0,0,0,-1,0,0,0,0,0,0,-1,0,0,0,0,0,0,-1,0,0,0,0,0,0,-1,0,0,0,0,0,0,-1,0,0,0,-1,0,0,0,-1,0,0,0,-1,0,0,-1,0,-1,0,-1,0,-1,0,-1,0,-1,0,-1,0,-1,0,-1,0,-1,0,-1,0,-1,0,-1,0,0,0,0,0,0,0,0
203,-1,ff,0,0,0,0,0,0,0,0,0,0,0,0,0,0,0,0,0,0,0,0,0,0,0,0,0,0,0,0,0,0,0,0,0,0,0,-1,0,0,0,0,0,-1,0,0,0,0,0,-1,0,0,0,0,0,-1,0,0,0,0,0,0,-1,0,0,0,0,0,0,-1,0,0,0,0,0,0,-1,0,0,0,0,0,0,-1,0,0,0,-1,0,0,0,-1,0,0,0,-1,0,0,-1,0,-1,0,-1,0,-1,0,-1,0,-1,0,-1,0,-1,0,-1,0,-1,0,-1,0,-1,0,-1,0,0,0,0,0,0,0,0
204,-1,ff,0,0,0,0,0,0,0,0,0,0,0,0,0,0,0,0,0,0,0,0,0,0,0,0,0,0,0,0,0,0,0,0,0,0,0,-1,0,0,0,0,0,-1,0,0,0,0,0,-1,0,0,0,0,0,-1,0,0,0,0,0,0,-1,0,0,0,0,0,0,-1,0,0,0,0,0,0,-1,0,0,0,0,0,0,-1,0,0,0,-1,0,0,0,-1,0,0,0,-1,0,0,-1,0,-1,0,-1,0,-1,0,-1,0,-1,0,-1,0,-1,0,-1,0,-1,0,-1,0,-1,0,-1,0,0,0,0,0,0,0,0
205,-1,ff,0,0,0,0,0,0,0,0,0,0,0,0,0,0,0,0,0,0,0,0,0,0,0,0,0,0,0,0,0,0,0,0,0,0,0,-1,0,0,0,0,0,-1,0,0,0,0,0,-1,0,0,0,0,0,-1,0,0,0,0,0,0,-1,0,0,0,0,0,0,-1,0,0,0,0,0,0,-1,0,0,0,0,0,0,-1,0,0,0,-1,0,0,0,-1,0,0,0,-1,0,0,-1,0,-1,0,-1,0,-1,0,-1,0,-1,0,-1,0,-1,0,-1,0,-1,0,-1,0,-1,0,-1,0,0,0,0,0,0,0,0
206,-1,ff,0,0,0,0,0,0,0,0,0,0,0,0,0,0,0,0,0,0,0,0,0,0,0,0,0,0,0,0,0,0,0,0,0,0,0,-1,0,0,0,0,0,-1,0,0,0,0,0,-1,0,0,0,0,0,-1,0,0,0,0,0,0,-1,0,0,0,0,0,0,-1,0,0,0,0,0,0,-1,0,0,0,0,0,0,-1,0,0,0,-1,0,0,0,-1,0,0,0,-1,0,0,-1,0,-1,0,-1,0,-1,0,-1,0,-1,0,-1,0,-1,0,-1,0,-1,0,-1,0,-1,0,-1,0,0,0,0,0,0,0,0
207,-1,ff,0,0,0,0,0,0,0,0,0,0,0,0,0,0,0,0,0,0,0,0,0,0,0,0,0,0,0,0,0,0,0,0,0,0,0,-1,0,0,0,0,0,-1,0,0,0,0,0,-1,0,0,0,0,0,-1,0,0,0,0,0,0,-1,0,0,0,0,0,0,-1,0,0,0,0,0,0,-1,0,0,0,0,0,0,-1,0,0,0,-1,0,0,0,-1,0,0,0,-1,0,0,-1,0,-1,0,-1,0,-1,0,-1,0,-1,0,-1,0,-1,0,-1,0,-1,0,-1,0,-1,0,-1,0,0,0,0,0,0,0,0
208,-1,ff,0,0,0,0,0,0,0,0,0,0,0,0,0,0,0,0,0,0,0,0,0,0,0,0,0,0,0,0,0,0,0,0,0,0,0,-1,0,0,0,0,0,-1,0,0,0,0,0,-1,0,0,0,0,0,-1,0,0,0,0,0,0,-1,0,0,0,0,0,0,-1,0,0,0,0,0,0,-1,0,0,0,0,0,0,-1,0,0,0,-1,0,0,0,-1,0,0,0,-1,0,0,-1,0,-1,0,-1,0,-1,0,-1,0,-1,0,-1,0,-1,0,-1,0,-1,0,-1,0,-1,0,-1,0,0,0,0,0,0,0,0
209,-1,ff,0,0,0,0,0,0,0,0,0,0,0,0,0,0,0,0,0,0,0,0,0,0,0,0,0,0,0,0,0,0,0,0,0,0,0,-1,0,0,0,0,0,-1,0,0,0,0,0,-1,0,0,0,0,0,-1,0,0,0,0,0,0,-1,0,0,0,0,0,0,-1,0,0,0,0,0,0,-1,0,0,0,0,0,0,-1,0,0,0,-1,0,0,0,-1,0,0,0,-1,0,0,-1,0,-1,0,-1,0,-1,0,-1,0,-1,0,-1,0,-1,0,-1,0,-1,0,-1,0,-1,0,-1,0,0,0,0,0,0,0,0
210,-1,ff,0,0,0,0,0,0,0,0,0,0,0,0,0,0,0,0,0,0,0,0,0,0,0,0,0,0,0,0,0,0,0,0,0,0,0,-1,0,0,0,0,0,-1,0,0,0,0,0,-1,0,0,0,0,0,-1,0,0,0,0,0,0,-1,0,0,0,0,0,0,-1,0,0,0,0,0,0,-1,0,0,0,0,0,0,-1,0,0,0,-1,0,0,0,-1,0,0,0,-1,0,0,-1,0,-1,0,-1,0,-1,0,-1,0,-1,0,-1,0,-1,0,-1,0,-1,0,-1,0,-1,0,-1,0,0,0,0,0,0,0,0
211,-1,ff,0,0,0,0,0,0,0,0,0,0,0,0,0,0,0,0,0,0,0,0,0,0,0,0,0,0,0,0,0,0,0,0,0,0,0,-1,0,0,0,0,0,-1,0,0,0,0,0,-1,0,0,0,0,0,-1,0,0,0,0,0,0,-1,0,0,0,0,0,0,-1,0,0,0,0,0,0,-1,0,0,0,0,0,0,-1,0,0,0,-1,0,0,0,-1,0,0,0,-1,0,0,-1,0,-1,0,-1,0,-1,0,-1,0,-1,0,-1,0,-1,0,-1,0,-1,0,-1,0,-1,0,-1,0,0,0,0,0,0,0,0
212,-1,ff,0,0,0,0,0,0,0,0,0,0,0,0,0,0,0,0,0,0,0,0,0,0,0,0,0,0,0,0,0,0,0,0,0,0,0,-1,0,0,0,0,0,-1,0,0,0,0,0,-1,0,0,0,0,0,-1,0,0,0,0,0,0,-1,0,0,0,0,0,0,-1,0,0,0,0,0,0,-1,0,0,0,0,0,0,-1,0,0,0,-1,0,0,0,-1,0,0,0,-1,0,0,-1,0,-1,0,-1,0,-1,0,-1,0,-1,0,-1,0,-1,0,-1,0,-1,0,-1,0,-1,0,-1,0,0,0,0,0,0,0,0
213,-1,ff,0,0,0,0,0,0,0,0,0,0,0,0,0,0,0,0,0,0,0,0,0,0,0,0,0,0,0,0,0,0,0,0,0,0,0,-1,0,0,0,0,0,-1,0,0,0,0,0,-1,0,0,0,0,0,-1,0,0,0,0,0,0,-1,0,0,0,0,0,0,-1,0,0,0,0,0,0,-1,0,0,0,0,0,0,-1,0,0,0,-1,0,0,0,-1,0,0,0,-1,0,0,-1,0,-1,0,-1,0,-1,0,-1,0,-1,0,-1,0,-1,0,-1,0,-1,0,-1,0,-1,0,-1,0,0,0,0,0,0,0,0
214,-1,ff,0,0,0,0,0,0,0,0,0,0,0,0,0,0,0,0,0,0,0,0,0,0,0,0,0,0,0,0,0,0,0,0,0,0,0,-1,0,0,0,0,0,-1,0,0,0,0,0,-1,0,0,0,0,0,-1,0,0,0,0,0,0,-1,0,0,0,0,0,0,-1,0,0,0,0,0,0,-1,0,0,0,0,0,0,-1,0,0,0,-1,0,0,0,-1,0,0,0,-1,0,0,-1,0,-1,0,-1,0,-1,0,-1,0,-1,0,-1,0,-1,0,-1,0,-1,0,-1,0,-1,0,-1,0,0,0,0,0,0,0,0
215,-1,ff,0,0,0,0,0,0,0,0,0,0,0,0,0,0,0,0,0,0,0,0,0,0,0,0,0,0,0,0,0,0,0,0,0,0,0,-1,0,0,0,0,0,-1,0,0,0,0,0,-1,0,0,0,0,0,-1,0,0,0,0,0,0,-1,0,0,0,0,0,0,-1,0,0,0,0,0,0,-1,0,0,0,0,0,0,-1,0,0,0,-1,0,0,0,-1,0,0,0,-1,0,0,-1,0,-1,0,-1,0,-1,0,-1,0,-1,0,-1,0,-1,0,-1,0,-1,0,-1,0,-1,0,-1,0,0,0,0,0,0,0,0
216,-1,ff,0,0,0,0,0,0,0,0,0,0,0,0,0,0,0,0,0,0,0,0,0,0,0,0,0,0,0,0,0,0,0,0,0,0,0,-1,0,0,0,0,0,-1,0,0,0,0,0,-1,0,0,0,0,0,-1,0,0,0,0,0,0,-1,0,0,0,0,0,0,-1,0,0,0,0,0,0,-1,0,0,0,0,0,0,-1,0,0,0,-1,0,0,0,-1,0,0,0,-1,0,0,-1,0,-1,0,-1,0,-1,0,-1,0,-1,0,-1,0,-1,0,-1,0,-1,0,-1,0,-1,0,-1,0,0,0,0,0,0,0,0
217,-1,ff,0,0,0,0,0,0,0,0,0,0,0,0,0,0,0,0,0,0,0,0,0,0,0,0,0,0,0,0,0,0,0,0,0,0,0,-1,0,0,0,0,0,-1,0,0,0,0,0,-1,0,0,0,0,0,-1,0,0,0,0,0,0,-1,0,0,0,0,0,0,-1,0,0,0,0,0,0,-1,0,0,0,0,0,0,-1,0,0,0,-1,0,0,0,-1,0,0,0,-1,0,0,-1,0,-1,0,-1,0,-1,0,-1,0,-1,0,-1,0,-1,0,-1,0,-1,0,-1,0,-1,0,-1,0,0,0,0,0,0,0,0
218,-1,ff,0,0,0,0,0,0,0,0,0,0,0,0,0,0,0,0,0,0,0,0,0,0,0,0,0,0,0,0,0,0,0,0,0,0,0,-1,0,0,0,0,0,-1,0,0,0,0,0,-1,0,0,0,0,0,-1,0,0,0,0,0,0,-1,0,0,0,0,0,0,-1,0,0,0,0,0,0,-1,0,0,0,0,0,0,-1,0,0,0,-1,0,0,0,-1,0,0,0,-1,0,0,-1,0,-1,0,-1,0,-1,0,-1,0,-1,0,-1,0,-1,0,-1,0,-1,0,-1,0,-1,0,-1,0,0,0,0,0,0,0,0
219,-1,ff,0,0,0,0,0,0,0,0,0,0,0,0,0,0,0,0,0,0,0,0,0,0,0,0,0,0,0,0,0,0,0,0,0,0,0,-1,0,0,0,0,0,-1,0,0,0,0,0,-1,0,0,0,0,0,-1,0,0,0,0,0,0,-1,0,0,0,0,0,0,-1,0,0,0,0,0,0,-1,0,0,0,0,0,0,-1,0,0,0,-1,0,0,0,-1,0,0,0,-1,0,0,-1,0,-1,0,-1,0,-1,0,-1,0,-1,0,-1,0,-1,0,-1,0,-1,0,-1,0,-1,0,-1,0,0,0,0,0,0,0,0
220,-1,ff,0,0,0,0,0,0,0,0,0,0,0,0,0,0,0,0,0,0,0,0,0,0,0,0,0,0,0,0,0,0,0,0,0,0,0,-1,0,0,0,0,0,-1,0,0,0,0,0,-1,0,0,0,0,0,-1,0,0,0,0,0,0,-1,0,0,0,0,0,0,-1,0,0,0,0,0,0,-1,0,0,0,0,0,0,-1,0,0,0,-1,0,0,0,-1,0,0,0,-1,0,0,-1,0,-1,0,-1,0,-1,0,-1,0,-1,0,-1,0,-1,0,-1,0,-1,0,-1,0,-1,0,-1,0,0,0,0,0,0,0,0
221,-1,ff,0,0,0,0,0,0,0,0,0,0,0,0,0,0,0,0,0,0,0,0,0,0,0,0,0,0,0,0,0,0,0,0,0,0,0,-1,0,0,0,0,0,-1,0,0,0,0,0,-1,0,0,0,0,0,-1,0,0,0,0,0,0,-1,0,0,0,0,0,0,-1,0,0,0,0,0,0,-1,0,0,0,0,0,0,-1,0,0,0,-1,0,0,0,-1,0,0,0,-1,0,0,-1,0,-1,0,-1,0,-1,0,-1,0,-1,0,-1,0,-1,0,-1,0,-1,0,-1,0,-1,0,-1,0,0,0,0,0,0,0,0
222,-1,ff,0,0,0,0,0,0,0,0,0,0,0,0,0,0,0,0,0,0,0,0,0,0,0,0,0,0,0,0,0,0,0,0,0,0,0,-1,0,0,0,0,0,-1,0,0,0,0,0,-1,0,0,0,0,0,-1,0,0,0,0,0,0,-1,0,0,0,0,0,0,-1,0,0,0,0,0,0,-1,0,0,0,0,0,0,-1,0,0,0,-1,0,0,0,-1,0,0,0,-1,0,0,-1,0,-1,0,-1,0,-1,0,-1,0,-1,0,-1,0,-1,0,-1,0,-1,0,-1,0,-1,0,-1,0,0,0,0,0,0,0,0
223,-1,ff,0,0,0,0,0,0,0,0,0,0,0,0,0,0,0,0,0,0,0,0,0,0,0,0,0,0,0,0,0,0,0,0,0,0,0,-1,0,0,0,0,0,-1,0,0,0,0,0,-1,0,0,0,0,0,-1,0,0,0,0,0,0,-1,0,0,0,0,0,0,-1,0,0,0,0,0,0,-1,0,0,0,0,0,0,-1,0,0,0,-1,0,0,0,-1,0,0,0,-1,0,0,-1,0,-1,0,-1,0,-1,0,-1,0,-1,0,-1,0,-1,0,-1,0,-1,0,-1,0,-1,0,-1,0,0,0,0,0,0,0,0
224,-1,ff,0,0,0,0,0,0,0,0,0,0,0,0,0,0,0,0,0,0,0,0,0,0,0,0,0,0,0,0,0,0,0,0,0,0,0,-1,0,0,0,0,0,-1,0,0,0,0,0,-1,0,0,0,0,0,-1,0,0,0,0,0,0,-1,0,0,0,0,0,0,-1,0,0,0,0,0,0,-1,0,0,0,0,0,0,-1,0,0,0,-1,0,0,0,-1,0,0,0,-1,0,0,-1,0,-1,0,-1,0,-1,0,-1,0,-1,0,-1,0,-1,0,-1,0,-1,0,-1,0,-1,0,-1,0,0,0,0,0,0,0,0
225,-1,ff,0,0,0,0,0,0,0,0,0,0,0,0,0,0,0,0,0,0,0,0,0,0,0,0,0,0,0,0,0,0,0,0,0,0,0,-1,0,0,0,0,0,-1,0,0,0,0,0,-1,0,0,0,0,0,-1,0,0,0,0,0,0,-1,0,0,0,0,0,0,-1,0,0,0,0,0,0,-1,0,0,0,0,0,0,-1,0,0,0,-1,0,0,0,-1,0,0,0,-1,0,0,-1,0,-1,0,-1,0,-1,0,-1,0,-1,0,-1,0,-1,0,-1,0,-1,0,-1,0,-1,0,-1,0,0,0,0,0,0,0,0
226,-1,ff,0,0,0,0,0,0,0,0,0,0,0,0,0,0,0,0,0,0,0,0,0,0,0,0,0,0,0,0,0,0,0,0,0,0,0,-1,0,0,0,0,0,-1,0,0,0,0,0,-1,0,0,0,0,0,-1,0,0,0,0,0,0,-1,0,0,0,0,0,0,-1,0,0,0,0,0,0,-1,0,0,0,0,0,0,-1,0,0,0,-1,0,0,0,-1,0,0,0,-1,0,0,-1,0,-1,0,-1,0,-1,0,-1,0,-1,0,-1,0,-1,0,-1,0,-1,0,-1,0,-1,0,-1,0,0,0,0,0,0,0,0
227,-1,ff,0,0,0,0,0,0,0,0,0,0,0,0,0,0,0,0,0,0,0,0,0,0,0,0,0,0,0,0,0,0,0,0,0,0,0,-1,0,0,0,0,0,-1,0,0,0,0,0,-1,0,0,0,0,0,-1,0,0,0,0,0,0,-1,0,0,0,0,0,0,-1,0,0,0,0,0,0,-1,0,0,0,0,0,0,-1,0,0,0,-1,0,0,0,-1,0,0,0,-1,0,0,-1,0,-1,0,-1,0,-1,0,-1,0,-1,0,-1,0,-1,0,-1,0,-1,0,-1,0,-1,0,-1,0,0,0,0,0,0,0,0
228,-1,ff,0,0,0,0,0,0,0,0,0,0,0,0,0,0,0,0,0,0,0,0,0,0,0,0,0,0,0,0,0,0,0,0,0,0,0,-1,0,0,0,0,0,-1,0,0,0,0,0,-1,0,0,0,0,0,-1,0,0,0,0,0,0,-1,0,0,0,0,0,0,-1,0,0,0,0,0,0,-1,0,0,0,0,0,0,-1,0,0,0,-1,0,0,0,-1,0,0,0,-1,0,0,-1,0,-1,0,-1,0,-1,0,-1,0,-1,0,-1,0,-1,0,-1,0,-1,0,-1,0,-1,0,-1,0,0,0,0,0,0,0,0
229,-1,ff,0,0,0,0,0,0,0,0,0,0,0,0,0,0,0,0,0,0,0,0,0,0,0,0,0,0,0,0,0,0,0,0,0,0,0,-1,0,0,0,0,0,-1,0,0,0,0,0,-1,0,0,0,0,0,-1,0,0,0,0,0,0,-1,0,0,0,0,0,0,-1,0,0,0,0,0,0,-1,0,0,0,0,0,0,-1,0,0,0,-1,0,0,0,-1,0,0,0,-1,0,0,-1,0,-1,0,-1,0,-1,0,-1,0,-1,0,-1,0,-1,0,-1,0,-1,0,-1,0,-1,0,-1,0,0,0,0,0,0,0,0
230,-1,ff,0,0,0,0,0,0,0,0,0,0,0,0,0,0,0,0,0,0,0,0,0,0,0,0,0,0,0,0,0,0,0,0,0,0,0,-1,0,0,0,0,0,-1,0,0,0,0,0,-1,0,0,0,0,0,-1,0,0,0,0,0,0,-1,0,0,0,0,0,0,-1,0,0,0,0,0,0,-1,0,0,0,0,0,0,-1,0,0,0,-1,0,0,0,-1,0,0,0,-1,0,0,-1,0,-1,0,-1,0,-1,0,-1,0,-1,0,-1,0,-1,0,-1,0,-1,0,-1,0,-1,0,-1,0,0,0,0,0,0,0,0
231,-1,ff,0,0,0,0,0,0,0,0,0,0,0,0,0,0,0,0,0,0,0,0,0,0,0,0,0,0,0,0,0,0,0,0,0,0,0,-1,0,0,0,0,0,-1,0,0,0,0,0,-1,0,0,0,0,0,-1,0,0,0,0,0,0,-1,0,0,0,0,0,0,-1,0,0,0,0,0,0,-1,0,0,0,0,0,0,-1,0,0,0,-1,0,0,0,-1,0,0,0,-1,0,0,-1,0,-1,0,-1,0,-1,0,-1,0,-1,0,-1,0,-1,0,-1,0,-1,0,-1,0,-1,0,-1,0,0,0,0,0,0,0,0
232,-1,ff,0,0,0,0,0,0,0,0,0,0,0,0,0,0,0,0,0,0,0,0,0,0,0,0,0,0,0,0,0,0,0,0,0,0,0,-1,0,0,0,0,0,-1,0,0,0,0,0,-1,0,0,0,0,0,-1,0,0,0,0,0,0,-1,0,0,0,0,0,0,-1,0,0,0,0,0,0,-1,0,0,0,0,0,0,-1,0,0,0,-1,0,0,0,-1,0,0,0,-1,0,0,-1,0,-1,0,-1,0,-1,0,-1,0,-1,0,-1,0,-1,0,-1,0,-1,0,-1,0,-1,0,-1,0,0,0,0,0,0,0,0
233,-1,ff,0,0,0,0,0,0,0,0,0,0,0,0,0,0,0,0,0,0,0,0,0,0,0,0,0,0,0,0,0,0,0,0,0,0,0,-1,0,0,0,0,0,-1,0,0,0,0,0,-1,0,0,0,0,0,-1,0,0,0,0,0,0,-1,0,0,0,0,0,0,-1,0,0,0,0,0,0,-1,0,0,0,0,0,0,-1,0,0,0,-1,0,0,0,-1,0,0,0,-1,0,0,-1,0,-1,0,-1,0,-1,0,-1,0,-1,0,-1,0,-1,0,-1,0,-1,0,-1,0,-1,0,-1,0,0,0,0,0,0,0,0
234,-1,ff,0,0,0,0,0,0,0,0,0,0,0,0,0,0,0,0,0,0,0,0,0,0,0,0,0,0,0,0,0,0,0,0,0,0,0,-1,0,0,0,0,0,-1,0,0,0,0,0,-1,0,0,0,0,0,-1,0,0,0,0,0,0,-1,0,0,0,0,0,0,-1,0,0,0,0,0,0,-1,0,0,0,0,0,0,-1,0,0,0,-1,0,0,0,-1,0,0,0,-1,0,0,-1,0,-1,0,-1,0,-1,0,-1,0,-1,0,-1,0,-1,0,-1,0,-1,0,-1,0,-1,0,-1,0,0,0,0,0,0,0,0
235,-1,ff,0,0,0,0,0,0,0,0,0,0,0,0,0,0,0,0,0,0,0,0,0,0,0,0,0,0,0,0,0,0,0,0,0,0,0,-1,0,0,0,0,0,-1,0,0,0,0,0,-1,0,0,0,0,0,-1,0,0,0,0,0,0,-1,0,0,0,0,0,0,-1,0,0,0,0,0,0,-1,0,0,0,0,0,0,-1,0,0,0,-1,0,0,0,-1,0,0,0,-1,0,0,-1,0,-1,0,-1,0,-1,0,-1,0,-1,0,-1,0,-1,0,-1,0,-1,0,-1,0,-1,0,-1,0,0,0,0,0,0,0,0
236,-1,ff,0,0,0,0,0,0,0,0,0,0,0,0,0,0,0,0,0,0,0,0,0,0,0,0,0,0,0,0,0,0,0,0,0,0,0,-1,0,0,0,0,0,-1,0,0,0,0,0,-1,0,0,0,0,0,-1,0,0,0,0,0,0,-1,0,0,0,0,0,0,-1,0,0,0,0,0,0,-1,0,0,0,0,0,0,-1,0,0,0,-1,0,0,0,-1,0,0,0,-1,0,0,-1,0,-1,0,-1,0,-1,0,-1,0,-1,0,-1,0,-1,0,-1,0,-1,0,-1,0,-1,0,-1,0,0,0,0,0,1,0,1
237,-1,ff,0,0,0,0,0,0,0,0,0,0,0,0,0,0,0,0,0,0,0,0,0,0,0,0,0,0,0,0,0,0,0,0,0,0,0,-1,0,0,0,0,0,-1,0,0,0,0,0,-1,0,0,0,0,0,-1,0,0,0,0,0,0,-1,0,0,0,0,0,0,-1,0,0,0,0,0,0,-1,0,0,0,0,0,0,-1,0,0,0,-1,0,0,0,-1,0,0,0,-1,0,0,-1,0,-1,0,-1,0,-1,0,-1,0,-1,0,-1,0,-1,0,-1,0,-1,0,-1,0,-1,0,-1,0,0,0,0,0,1,0,2
238,-1,ff,0,0,0,0,0,0,0,0,0,0,0,0,0,0,0,0,0,0,0,0,0,0,0,0,0,0,0,0,0,0,0,0,0,0,0,-1,0,0,0,0,0,-1,0,0,0,0,0,-1,0,0,0,0,0,-1,0,0,0,0,0,0,-1,0,0,0,0,0,0,-1,0,0,0,0,0,0,-1,0,0,0,0,0,0,-1,0,0,0,-1,0,0,0,-1,0,0,0,-1,0,0,-1,0,-1,0,-1,0,-1,0,-1,0,-1,0,-1,0,-1,0,-1,0,-1,0,-1,0,-1,0,-1,0,0,0,0,0,1,0,3
239,-1,ff,0,0,0,0,0,0,0,0,0,0,0,0,0,0,0,0,0,0,0,0,0,0,0,0,0,0,0,0,0,0,0,0,0,0,0,-1,0,0,0,0,0,-1,0,0,0,0,0,-1,0,0,0,0,0,-1,0,0,0,0,0,0,-1,0,0,0,0,0,0,-1,0,0,0,0,0,0,-1,0,0,0,0,0,0,-1,0,0,0,-1,0,0,0,-1,0,0,0,-1,0,0,-1,0,-1,0,-1,0,-1,0,-1,0,-1,0,-1,0,-1,0,-1,0,-1,0,-1,0,-1,0,-1,0,0,0,0,0,1,0,4
240,-1,ff,0,0,0,0,0,0,0,0,0,0,0,0,0,0,0,0,0,0,0,0,0,0,0,0,0,0,0,0,0,0,0,0,0,0,0,-1,0,0,0,0,0,-1,0,0,0,0,0,-1,0,0,0,0,0,-1,0,0,0,0,0,0,-1,0,0,0,0,0,0,-1,0,0,0,0,0,0,-1,0,0,0,0,0,0,-1,0,0,0,-1,0,0,0,-1,0,0,0,-1,0,0,-1,0,-1,0,-1,0,-1,0,-1,0,-1,0,-1,0,-1,0,-1,0,-1,0,-1,0,-1,0,-1,0,0,0,0,0,1,0,5
241,-1,ff,0,0,0,0,0,0,0,0,0,0,0,0,0,0,0,0,0,0,0,0,0,0,0,0,0,0,0,0,0,0,0,0,0,0,0,-1,0,0,0,0,0,-1,0,0,0,0,0,-1,0,0,0,0,0,-1,0,0,0,0,0,0,-1,0,0,0,0,0,0,-1,0,0,0,0,0,0,-1,0,0,0,0,0,0,-1,0,0,0,-1,0,0,0,-1,0,0,0,-1,0,0,-1,0,-1,0,-1,0,-1,0,-1,0,-1,0,-1,0,-1,0,-1,0,-1,0,-1,0,-1,0,-1,0,0,0,0,0,1,0,6
242,-1,ff,0,0,0,0,0,0,0,0,0,0,0,0,0,0,0,0,0,0,0,0,0,0,0,0,0,0,0,0,0,0,0,0,0,0,0,-1,0,0,0,0,0,-1,0,0,0,0,0,-1,0,0,0,0,0,-1,0,0,0,0,0,0,-1,0,0,0,0,0,0,-1,0,0,0,0,0,0,-1,0,0,0,0,0,0,-1,0,0,0,-1,0,0,0,-1,0,0,0,-1,0,0,-1,0,-1,0,-1,0,-1,0,-1,0,-1,0,-1,0,-1,0,-1,0,-1,0,-1,0,-1,0,-1,0,0,0,0,0,1,0,7
243,-1,ff,0,0,0,0,0,0,0,0,0,0,0,0,0,0,0,0,0,0,0,0,0,0,0,0,0,0,0,0,0,0,0,0,0,0,0,-1,0,0,0,0,0,-1,0,0,0,0,0,-1,0,0,0,0,0,-1,0,0,0,0,0,0,-1,0,0,0,0,0,0,-1,0,0,0,0,0,0,-1,0,0,0,0,0,0,-1,0,0,0,-1,0,0,0,-1,0,0,0,-1,0,0,-1,0,-1,0,-1,0,-1,0,-1,0,-1,0,-1,0,-1,0,-1,0,-1,0,-1,0,-1,0,-1,0,0,0,0,0,1,0,8
244,-1,ff,0,0,0,0,0,0,0,0,0,0,0,0,0,0,0,0,0,0,0,0,0,0,0,0,0,0,0,0,0,0,0,0,0,0,0,-1,0,0,0,0,0,-1,0,0,0,0,0,-1,0,0,0,0,0,-1,0,0,0,0,0,0,-1,0,0,0,0,0,0,-1,0,0,0,0,0,0,-1,0,0,0,0,0,0,-1,0,0,0,-1,0,0,0,-1,0,0,0,-1,0,0,-1,0,-1,0,-1,0,-1,0,-1,0,-1,0,-1,0,-1,0,-1,0,-1,0,-1,0,-1,0,-1,0,0,0,0,0,1,0,9
245,-1,ff,0,0,0,0,0,0,0,0,0,0,0,0,0,0,0,0,0,0,0,0,0,0,0,0,0,0,0,0,0,0,0,0,0,0,0,-1,0,0,0,0,0,-1,0,0,0,0,0,-1,0,0,0,0,0,-1,0,0,0,0,0,0,-1,0,0,0,0,0,0,-1,0,0,0,0,0,0,-1,0,0,0,0,0,0,-1,0,0,0,-1,0,0,0,-1,0,0,0,-1,0,0,-1,0,-1,0,-1,0,-1,0,-1,0,-1,0,-1,0,-1,0,-1,0,-1,0,-1,0,-1,0,-1,0,0,0,0,0,1,0,10
246,-1,ff,0,0,0,0,0,0,0,0,0,0,0,0,0,0,0,0,0,0,0,0,0,0,0,0,0,0,0,0,0,0,0,0,0,0,0,-1,0,0,0,0,0,-1,0,0,0,0,0,-1,0,0,0,0,0,-1,0,0,0,0,0,0,-1,0,0,0,0,0,0,-1,0,0,0,0,0,0,-1,0,0,0,0,0,0,-1,0,0,0,-1,0,0,0,-1,0,0,0,-1,0,0,-1,0,-1,0,-1,0,-1,0,-1,0,-1,0,-1,0,-1,0,-1,0,-1,0,-1,0,-1,0,-1,0,0,0,0,0,1,0,11
247,-1,ff,0,0,0,0,0,0,0,0,0,0,0,0,0,0,0,0,0,0,0,0,0,0,0,0,0,0,0,0,0,0,0,0,0,0,0,-1,0,0,0,0,0,-1,0,0,0,0,0,-1,0,0,0,0,0,-1,0,0,0,0,0,0,-1,0,0,0,0,0,0,-1,0,0,0,0,0,0,-1,0,0,0,0,0,0,-1,0,0,0,-1,0,0,0,-1,0,0,0,-1,0,0,-1,0,-1,0,-1,0,-1,0,-1,0,-1,0,-1,0,-1,0,-1,0,-1,0,-1,0,-1,0,-1,0,0,0,0,0,1,0,12
248,-1,ff,0,0,0,0,0,0,0,0,0,0,0,0,0,0,0,0,0,0,0,0,0,0,0,0,0,0,0,0,0,0,0,0,0,0,0,-1,0,0,0,0,0,-1,0,0,0,0,0,-1,0,0,0,0,0,-1,0,0,0,0,0,0,-1,0,0,0,0,0,0,-1,0,0,0,0,0,0,-1,0,0,0,0,0,0,-1,0,0,0,-1,0,0,0,-1,0,0,0,-1,0,0,-1,0,-1,0,-1,0,-1,0,-1,0,-1,0,-1,0,-1,0,-1,0,-1,0,-1,0,-1,0,-1,0,0,0,0,0,1,0,13
249,-1,ff,0,0,0,0,0,0,0,0,0,0,0,0,0,0,0,0,0,0,0,0,0,0,0,0,0,0,0,0,0,0,0,0,0,0,0,-1,0,0,0,0,0,-1,0,0,0,0,0,-1,0,0,0,0,0,-1,0,0,0,0,0,0,-1,0,0,0,0,0,0,-1,0,0,0,0,0,0,-1,0,0,0,0,0,0,-1,0,0,0,-1,0,0,0,-1,0,0,0,-1,0,0,-1,0,-1,0,-1,0,-1,0,-1,0,-1,0,-1,0,-1,0,-1,0,-1,0,-1,0,-1,0,-1,0,0,0,0,0,1,0,14
250,-1,ff,0,0,0,0,0,0,0,0,0,0,0,0,0,0,0,0,0,0,0,0,0,0,0,0,0,0,0,0,0,0,0,0,0,0,0,-1,0,0,0,0,0,-1,0,0,0,0,0,-1,0,0,0,0,0,-1,0,0,0,0,0,0,-1,0,0,0,0,0,0,-1,0,0,0,0,0,0,-1,0,0,0,0,0,0,-1,0,0,0,-1,0,0,0,-1,0,0,0,-1,0,0,-1,0,-1,0,-1,0,-1,0,-1,0,-1,0,-1,0,-1,0,-1,0,-1,0,-1,0,-1,0,-1,0,0,0,0,0,1,0,15
251,-1,ff,0,0,0,0,0,0,0,0,0,0,0,0,0,0,0,0,0,0,0,0,0,0,0,0,0,0,0,0,0,0,0,0,0,0,0,-1,0,0,0,0,0,-1,0,0,0,0,0,-1,0,0,0,0,0,-1,0,0,0,0,0,0,-1,0,0,0,0,0,0,-1,0,0,0,0,0,0,-1,0,0,0,0,0,0,-1,0,0,0,-1,0,0,0,-1,0,0,0,-1,0,0,-1,0,-1,0,-1,0,-1,0,-1,0,-1,0,-1,0,-1,0,-1,0,-1,0,-1,0,-1,0,-1,0,0,0,0,0,1,0,16
252,-1,ff,0,0,0,0,0,0,0,0,0,0,0,0,0,0,0,0,0,0,0,0,0,0,0,0,0,0,0,0,0,0,0,0,0,0,0,-1,0,0,0,0,0,-1,0,0,0,0,0,-1,0,0,0,0,0,-1,0,0,0,0,0,0,-1,0,0,0,0,0,0,-1,0,0,0,0,0,0,-1,0,0,0,0,0,0,-1,0,0,0,-1,0,0,0,-1,0,0,0,-1,0,0,-1,0,-1,0,-1,0,-1,0,-1,0,-1,0,-1,0,-1,0,-1,0,-1,0,-1,0,-1,0,-1,0,0,0,0,0,1,0,17
253,-1,ff,0,0,0,0,0,0,0,0,0,0,0,0,0,0,0,0,0,0,0,0,0,0,0,0,0,0,0,0,0,0,0,0,0,0,0,-1,0,0,0,0,0,-1,0,0,0,0,0,-1,0,0,0,0,0,-1,0,0,0,0,0,0,-1,0,0,0,0,0,0,-1,0,0,0,0,0,0,-1,0,0,0,0,0,0,-1,0,0,0,-1,0,0,0,-1,0,0,0,-1,0,0,-1,0,-1,0,-1,0,-1,0,-1,0,-1,0,-1,0,-1,0,-1,0,-1,0,-1,0,-1,0,-1,0,0,0,0,0,1,0,18
254,-1,ff,0,0,0,0,0,0,0,0,0,0,0,0,0,0,0,0,0,0,0,0,0,0,0,0,0,0,0,0,0,0,0,0,0,0,0,-1,0,0,0,0,0,-1,0,0,0,0,0,-1,0,0,0,0,0,-1,0,0,0,0,0,0,-1,0,0,0,0,0,0,-1,0,0,0,0,0,0,-1,0,0,0,0,0,0,-1,0,0,0,-1,0,0,0,-1,0,0,0,-1,0,0,-1,0,-1,0,-1,0,-1,0,-1,0,-1,0,-1,0,-1,0,-1,0,-1,0,-1,0,-1,0,-1,0,0,0,0,0,1,0,19
255,-1,ff,0,0,0,0,0,0,0,0,0,0,0,0,0,0,0,0,0,0,0,0,0,0,0,0,0,0,0,0,0,0,0,0,0,0,0,-1,0,0,0,0,0,-1,0,0,0,0,0,-1,0,0,0,0,0,-1,0,0,0,0,0,0,-1,0,0,0,0,0,0,-1,0,0,0,0,0,0,-1,0,0,0,0,0,0,-1,0,0,0,-1,0,0,0,-1,0,0,0,-1,0,0,-1,0,-1,0,-1,0,-1,0,-1,0,-1,0,-1,0,-1,0,-1,0,-1,0,-1,0,-1,0,-1,0,0,0,0,0,1,0,20
256,-1,ff,0,0,0,0,0,0,0,0,0,0,0,0,0,0,0,0,0,0,0,0,0,0,0,0,0,0,0,0,0,0,0,0,0,0,0,-1,0,0,0,0,0,-1,0,0,0,0,0,-1,0,0,0,0,0,-1,0,0,0,0,0,0,-1,0,0,0,0,0,0,-1,0,0,0,0,0,0,-1,0,0,0,0,0,0,-1,0,0,0,-1,0,0,0,-1,0,0,0,-1,0,0,-1,0,-1,0,-1,0,-1,0,-1,0,-1,0,-1,0,-1,0,-1,0,-1,0,-1,0,-1,0,-1,0,0,0,0,0,1,0,21
257,-1,ff,0,0,0,0,0,0,0,0,0,0,0,0,0,0,0,0,0,0,0,0,0,0,0,0,0,0,0,0,0,0,0,0,0,0,0,-1,0,0,0,0,0,-1,0,0,0,0,0,-1,0,0,0,0,0,-1,0,0,0,0,0,0,-1,0,0,0,0,0,0,-1,0,0,0,0,0,0,-1,0,0,0,0,0,0,-1,0,0,0,-1,0,0,0,-1,0,0,0,-1,0,0,-1,0,-1,0,-1,0,-1,0,-1,0,-1,0,-1,0,-1,0,-1,0,-1,0,-1,0,-1,0,-1,0,0,0,0,0,1,0,22
258,-1,ff,0,0,0,0,0,0,0,0,0,0,0,0,0,0,0,0,0,0,0,0,0,0,0,0,0,0,0,0,0,0,0,0,0,0,0,-1,0,0,0,0,0,-1,0,0,0,0,0,-1,0,0,0,0,0,-1,0,0,0,0,0,0,-1,0,0,0,0,0,0,-1,0,0,0,0,0,0,-1,0,0,0,0,0,0,-1,0,0,0,-1,0,0,0,-1,0,0,0,-1,0,0,-1,0,-1,0,-1,0,-1,0,-1,0,-1,0,-1,0,-1,0,-1,0,-1,0,-1,0,-1,0,-1,0,0,0,0,0,1,0,23
259,-1,ff,0,0,0,0,0,0,0,0,0,0,0,0,0,0,0,0,0,0,0,0,0,0,0,0,0,0,0,0,0,0,0,0,0,0,0,-1,0,0,0,0,0,-1,0,0,0,0,0,-1,0,0,0,0,0,-1,0,0,0,0,0,0,-1,0,0,0,0,0,0,-1,0,0,0,0,0,0,-1,0,0,0,0,0,0,-1,0,0,0,-1,0,0,0,-1,0,0,0,-1,0,0,-1,0,-1,0,-1,0,-1,0,-1,0,-1,0,-1,0,-1,0,-1,0,-1,0,-1,0,-1,0,-1,0,0,0,0,0,1,0,24
260,-1,ff,254,100,120,0,0,0,0,0,0,0,0,0,0,0,0,1,120,0,0,0,1,120,0,0,0,0,0,0,0,0,1,120,0,0,0,0,100,120,0,0,232,2,100,120,0,0,144,254,100,120,0,0,84,0,100,120,0,0,0,16,253,100,120,0,0,0,21,255,100,120,0,0,0,64,-1,0,0,0,0,0,0,254,120,0,0,3,120,0,0,-1,0,0,0,0,120,120,100,120,100,120,100,120,100,120,100,120,100,120,100,120,-1,0,100,120,100,120,100,120,100,120,100,120,0,0,0,0,2,0,25
261,-1,ff,254,99,118,70,14848,0,219,0,0,0,0,0,0,0,0,1,121,0,0,0,1,119,0,0,0,0,0,0,0,0,1,118,0,0,0,0,98,120,59392,0,232,2,96,122,36864,0,144,254,101,118,21504,0,84,0,101,120,4096,0,0,16,253,99,117,5376,0,0,21,255,103,119,16384,0,0,64,-1,0,0,0,0,0,0,254,118,0,0,3,123,0,0,-1,0,0,0,0,120,122,99,119,101,118,97,118,96,118,99,120,101,120,102,119,-1,0,99,120,99,118,97,119,97,116,99,119,0,0,0,0,2,0,26
262,-1,ff,254,98,116,140,29696,0,182,0,0,0,0,0,0,0,0,1,122,0,0,0,1,119,0,0,0,0,0,0,0,0,1,117,0,0,0,0,96,121,53248,0,232,2,93,125,8192,0,144,254,102,116,43008,0,84,0,103,120,8192,0,0,16,253,98,114,10752,0,0,21,255,107,118,32768,0,0,64,-1,0,0,0,0,0,0,254,116,0,0,3,127,0,0,-1,0,0,0,0,121,124,98,118,102,116,94,116,92,116,98,120,103,120,105,119,-1,0,98,120,98,116,94,118,95,113,98,118,0,0,0,0,2,0,27
263,-1,ff,254,97,114,210,44544,0,145,0,0,0,0,0,0,0,0,1,123,0,0,0,1,119,0,0,0,0,0,0,0,0,1,116,0,0,0,0,94,122,47104,0,232,2,90,127,45056,0,144,254,103,114,64512,0,84,0,105,120,12288,0,0,16,253,97,111,16128,0,0,21,255,111,117,49152,0,0,64,-1,0,0,0,0,0,0,254,115,0,0,3,131,0,0,-1,0,0,0,0,122,127,97,117,103,115,92,115,88,115,97,121,105,120,108,119,-1,0,97,120,97,114,91,117,92,110,97,117,0,0,0,0,2,0,28
264,-1,ff,254,96,113,24,59392,0,108,0,0,0,0,0,0,0,0,1,124,0,0,0,1,119,0,0,0,0,0,0,0,0,1,115,0,0,0,0,92,123,40960,0,232,2,87,130,16384,0,144,254,104,113,20480,0,84,0,107,120,16384,0,0,16,253,97,108,21504,0,0,21,255,115,117,0,0,0,64,-1,0,0,0,0,0,0,254,113,0,0,3,134,0,0,-1,0,0,0,0,123,129,97,117,104,113,89,113,85,113,96,121,107,120,111,119,-1,0,96,120,96,112,88,116,90,107,97,117,0,0,0,0,2,0,29
265,-1,ff,254,95,111,94,8704,0,71,0,0,0,0,0,0,0,0,1,125,0,0,0,1,119,0,0,0,0,0,0,0,0,1,114,0,0,0,0,91,124,34816,0,232,2,84,132,53248,0,144,254,105,111,41984,0,84,0,109,120,20480,0,0,16,253,96,105,26880,0,0,21,255,119,116,16384,0,0,64,-1,0,0,0,0,0,0,254,112,0,0,3,138,0,0,-1,0,0,0,0,124,132,96,116,105,111,87,112,81,112,95,122,109,121,114,119,-1,0,95,121,96,110,85,116,88,103,96,116,0,0,0,0,2,0,30
266,-1,ff,254,94,109,164,23552,0,34,0,0,0,0,0,0,0,0,1,126,0,0,0,1,119,0,0,0,0,0,0,0,0,1,113,0,0,0,0,89,125,28672,0,232,2,81,135,24576,0,144,254,106,109,63488,0,84,0,111,120,24576,0,0,16,253,95,102,32256,0,0,21,255,123,115,32768,0,0,64,-1,0,0,0,0,0,0,254,110,0,0,3,142,0,0,-1,0,0,0,0,124,134,95,115,107,110,84,110,77,110,94,122,111,121,117,119,-1,0,94,121,95,108,82,115,85,100,95,115,0,0,0,0,2,0,31
267,-1,ff,254,93,107,234,38400,0,253,0,0,0,0,0,0,0,0,1,127,0,0,0,1,119,0,0,0,0,0,0,0,0,1,112,0,0,0,0,87,126,22528,0,232,2,78,137,61440,0,144,254,107,108,19456,0,84,0,113,120,28672,0,0,16,253,95,99,37632,0,0,21,255,127,114,49152,0,0,64,-1,0,0,0,0,0,0,254,108,0,0,3,145,0,0,-1,0,0,0,0,125,136,94,115,108,108,82,108,74,109,93,123,113,121,120,119,-1,0,93,121,94,107,79,114,83,97,95,115,0,0,0,0,2,0,32
268,-1,ff,254,92,106,48,53248,0,216,0,0,0,0,0,0,0,0,1,128,0,0,0,1,119,0,0,0,0,0,0,0,0,1,111,0,0,0,0,85,127,16384,0,232,2,75,140,32768,0,144,254,108,106,40960,0,84,0,115,120,32768,0,0,16,253,94,96,43008,0,0,21,255,131,114,0,0,0,64,-1,0,0,0,0,0,0,254,107,0,0,3,149,0,0,-1,0,0,0,0,126,139,94,114,109,107,79,107,70,107,92,123,115,121,123,119,-1,0,92,121,93,105,76,113,81,94,94,114,0,0,0,0,2,0,33
269,-1,ff,254,91,104,118,2560,0,179,0,0,0,0,0,0,0,0,1,129,0,0,0,1,119,0,0,0,0,0,0,0,0,1,110,0,0,0,0,83,128,10240,0,232,2,72,143,4096,0,144,254,109,104,62464,0,84,0,117,120,36864,0,0,16,253,93,93,48384,0,0,21,255,135,113,16384,0,0,64,-1,0,0,0,0,0,0,254,105,0,0,3,153,0,0,-1,0,0,0,0,127,141,93,113,110,105,77,105,66,105,92,124,117,121,126,119,-1,0,91,122,92,103,73,113,78,90,93,113,0,0,0,0,2,0,34
270,-1,ff,254,90,102,188,17408,0,142,0,0,0,0,0,0,0,0,1,130,0,0,0,1,119,0,0,0,0,0,0,0,0,1,109,0,0,0,0,82,129,4096,0,232,2,69,145,40960,0,144,254,110,103,18432,0,84,0,119,120,40960,0,0,16,253,93,90,53760,0,0,21,255,139,112,32768,0,0,64,-1,0,0,0,0,0,0,254,104,0,0,3,157,0,0,-1,0,0,0,0,128,144,92,113,111,103,74,104,63,104,91,124,119,122,129,119,-1,0,90,122,92,101,71,112,76,87,92,112,0,0,0,0,2,0,35
271,-1,ff,254,89,101,2,32256,0,105,0,0,0,0,0,0,0,0,1,131,0,0,0,1,119,0,0,0,0,0,0,0,0,1,108,0,0,0,0,80,129,63488,0,232,2,66,148,12288,0,144,254,111,101,39936,0,84,0,121,120,45056,0,0,16,253,92,87,59136,0,0,21,255,143,111,49152,0,0,64,-1,0,0,0,0,0,0,254,102,0,0,3,160,0,0,-1,0,0,0,0,128,146,91,112,112,102,72,102,59,102,90,125,121,122,132,118,-1,0,89,122,91,99,68,111,74,84,92,112,0,0,0,0,2,0,36
272,-1,ff,254,88,99,72,47104,0,68,0,0,0,0,0,0,0,0,1,132,0,0,0,1,119,0,0,0,0,0,0,0,0,1,107,0,0,0,0,78,130,57344,0,232,2,63,150,49152,0,144,254,113,99,61440,0,84,0,123,120,49152,0,0,16,253,91,84,64512,0,0,21,255,147,111,0,0,0,64,-1,0,0,0,0,0,0,254,101,0,0,3,164,0,0,-1,0,0,0,0,129,148,91,111,114,100,69,101,55,101,89,125,123,122,135,118,-1,0,88,122,90,97,65,110,71,81,91,111,0,0,0,0,2,0,37
273,-1,ff,254,87,97,142,61952,0,31,0,0,0,0,0,0,0,0,1,133,0,0,0,1,119,0,0,0,0,0,0,0,0,1,106,0,0,0,0,76,131,51200,0,232,2,60,153,20480,0,144,254,114,98,17408,0,84,0,125,120,53248,0,0,16,253,91,82,4352,0,0,21,255,150,110,16384,0,0,64,-1,0,0,0,0,0,0,254,99,0,0,3,168,0,0,-1,0,0,0,0,130,151,90,111,115,98,66,99,52,99,88,126,125,122,138,118,-1,0,87,123,89,96,62,109,69,77,90,110,0,0,0,0,2,0,38
274,-1,ff,254,86,95,212,11264,0,250,0,0,0,0,0,0,0,0,1,134,0,0,0,1,119,0,0,0,0,0,0,0,0,1,105,0,0,0,0,75,132,45056,0,232,2,57,155,57344,0,144,254,115,96,38912,0,84,0,127,120,57344,0,0,16,253,90,79,9728,0,0,21,255,154,109,32768,0,0,64,-1,0,0,0,0,0,0,254,97,0,0,3,171,0,0,-1,0,0,0,0,131,153,89,110,116,97,64,97,48,98,87,126,127,122,141,118,-1,0,86,123,89,94,59,109,67,74,90,110,0,0,0,0,2,0,39
275,-1,ff,254,85,94,26,26112,0,213,0,0,0,0,0,0,0,0,1,135,0,0,0,1,119,0,0,0,0,0,0,0,0,1,104,0,0,0,0,73,133,38912,0,232,2,54,158,28672,0,144,254,116,94,60416,0,84,0,129,120,61440,0,0,16,253,89,76,15104,0,0,21,255,158,108,49152,0,0,64,-1,0,0,0,0,0,0,254,96,0,0,3,175,0,0,-1,0,0,0,0,132,156,88,109,117,95,61,96,44,96,86,127,129,123,144,118,-1,0,85,123,88,92,56,108,64,71,89,109,0,0,0,0,2,0,40
276,-1,ff,254,84,92,96,40960,0,176,0,0,0,0,0,0,0,0,1,136,0,0,0,1,119,0,0,0,0,0,0,0,0,1,103,0,0,0,0,71,134,32768,0,232,2,51,161,0,0,144,254,117,93,16384,0,84,0,131,121,0,0,0,16,253,89,73,20480,0,0,21,255,162,108,0,0,0,64,-1,0,0,0,0,0,0,254,94,0,0,3,179,0,0,-1,0,0,0,0,133,158,88,109,118,94,59,94,41,95,85,127,131,123,147,118,-1,0,84,123,87,90,53,107,62,68,88,108,0,0,0,0,2,0,41
277,-1,ff,254,83,90,166,55808,0,139,0,0,0,0,0,0,0,0,1,137,0,0,0,1,119,0,0,0,0,0,0,0,0,1,102,0,0,0,0,69,135,26624,0,232,2,47,163,36864,0,144,254,118,91,37888,0,84,0,133,121,4096,0,0,16,253,88,70,25856,0,0,21,255,166,107,16384,0,0,64,-1,0,0,0,0,0,0,254,93,0,0,3,182,0,0,-1,0,0,0,0,133,160,87,108,119,92,56,93,37,93,84,127,133,123,150,118,-1,0,83,124,86,88,50,106,60,65,87,107,0,0,0,0,2,0,42
278,-1,ff,254,82,88,236,5120,0,102,0,0,0,0,0,0,0,0,1,138,0,0,0,1,119,0,0,0,0,0,0,0,0,1,101,0,0,0,0,67,136,20480,0,232,2,44,166,8192,0,144,254,119,89,59392,0,84,0,135,121,8192,0,0,16,253,87,67,31232,0,0,21,255,170,106,32768,0,0,64,-1,0,0,0,0,0,0,254,91,0,0,3,186,0,0,-1,0,0,0,0,134,163,86,107,121,90,54,91,33,91,84,128,135,123,153,118,-1,0,82,124,85,86,47,106,57,61,87,107,0,0,0,0,2,0,43
279,-1,ff,254,81,87,50,19968,0,65,0,0,0,0,0,0,0,0,1,139,0,0,0,1,119,0,0,0,0,0,0,0,0,1,99,0,0,0,0,66,137,14336,0,232,2,41,168,45056,0,144,254,120,88,15360,0,84,0,137,121,12288,0,0,16,253,87,64,36608,0,0,21,255,174,105,49152,0,0,64,-1,0,0,0,0,0,0,254,89,0,0,3,190,0,0,-1,0,0,0,0,135,165,85,107,122,89,51,89,30,90,83,128,137,123,156,118,-1,0,81,124,85,85,45,105,55,58,86,106,0,0,0,0,2,0,44
280,-1,ff,254,80,85,120,34816,0,28,0,0,0,0,0,0,0,0,1,140,0,0,0,1,119,0,0,0,0,0,0,0,0,1,98,0,0,0,0,64,138,8192,0,232,2,38,171,16384,0,144,254,121,86,36864,0,84,0,139,121,16384,0,0,16,253,86,61,41984,0,0,21,255,178,105,0,0,0,64,-1,0,0,0,0,0,0,254,88,0,0,3,194,0,0,-1,0,0,0,0,136,168,85,106,123,87,49,88,26,88,82,129,139,124,159,118,-1,0,80,124,84,83,42,104,53,55,85,105,0,0,0,0,2,0,45
281,-1,ff,254,79,83,190,49664,0,247,0,0,0,0,0,0,0,0,1,141,0,0,0,1,119,0,0,0,0,0,0,0,0,1,97,0,0,0,0,62,139,2048,0,232,2,35,173,53248,0,144,254,122,84,58368,0,84,0,141,121,20480,0,0,16,253,85,58,47360,0,0,21,255,182,104,16384,0,0,64,-1,0,0,0,0,0,0,254,86,0,0,3,197,0,0,-1,0,0,0,0,137,170,84,105,124,86,46,86,22,87,81,129,141,124,162,118,-1,0,79,125,83,81,39,103,50,52,85,105,0,0,0,0,2,0,46
282,-1,ff,254,78,82,4,64512,0,210,0,0,0,0,0,0,0,0,1,142,0,0,0,1,119,0,0,0,0,0,0,0,0,1,96,0,0,0,0,60,139,61440,0,232,2,32,176,24576,0,144,254,123,83,14336,0,84,0,143,121,24576,0,0,16,253,85,55,52736,0,0,21,255,186,103,32768,0,0,64,-1,0,0,0,0,0,0,254,85,0,0,3,201,0,0,-1,0,0,0,0,137,172,83,105,125,84,44,85,19,85,80,130,143,124,165,117,-1,0,78,125,82,79,36,102,48,48,84,104,0,0,0,0,2,0,47
283,-1,ff,254,77,80,74,13824,0,173,0,0,0,0,0,0,0,0,1,143,0,0,0,1,119,0,0,0,0,0,0,0,0,1,95,0,0,0,0,59,140,55296,0,232,2,29,178,61440,0,144,254,124,81,35840,0,84,0,145,121,28672,0,0,16,253,84,52,58112,0,0,21,255,190,102,49152,0,0,64,-1,0,0,0,0,0,0,254,83,0,0,3,205,0,0,-1,0,0,0,0,138,175,82,104,126,82,41,83,100,120,79,130,145,124,168,117,-1,0,77,125,82,77,33,102,46,45,83,103,0,0,0,0,2,0,48
284,-1,ff,254,76,78,144,28672,0,136,0,0,0,0,0,0,0,0,1,144,0,0,0,1,119,0,0,0,0,0,0,0,0,1,94,0,0,0,0,57,141,49152,0,232,2,26,181,32768,0,144,254,126,79,57344,0,84,0,147,121,32768,0,0,16,253,83,49,63488,0,0,21,255,194,102,0,0,0,64,-1,0,0,0,0,0,0,254,82,0,0,3,208,0,0,-1,0,0,0,0,139,177,82,103,128,81,38,82,96,119,78,131,147,124,171,117,-1,0,76,125,81,75,30,101,43,42,83,103,0,0,0,0,2,0,49
285,-1,ff,254,75,76,214,43520,0,99,0,0,0,0,0,0,0,0,1,145,0,0,0,1,119,0,0,0,0,0,0,0,0,1,93,0,0,0,0,55,142,43008,0,232,2,23,184,4096,0,144,254,127,78,13312,0,84,0,149,121,36864,0,0,16,253,83,47,3328,0,0,21,255,198,101,16384,0,0,64,-1,0,0,0,0,0,0,254,80,0,0,3,212,0,0,-1,0,0,0,0,140,180,81,103,129,79,36,80,93,117,77,131,149,125,174,117,-1,0,75,125,80,74,27,100,41,39,82,102,0,0,0,0,2,0,50
286,-1,ff,254,74,75,28,58368,0,62,0,0,0,0,0,0,0,0,1,146,0,0,0,1,119,0,0,0,0,0,0,0,0,1,92,0,0,0,0,53,143,36864,0,232,2,20,186,40960,0,144,254,128,76,34816,0,84,0,151,121,40960,0,0,16,253,82,44,8704,0,0,21,255,201,100,32768,0,0,64,-1,0,0,0,0,0,0,254,78,0,0,3,216,0,0,-1,0,0,0,0,141,182,80,102,130,77,33,78,89,115,77,132,151,125,177,117,-1,0,74,126,79,72,24,99,39,35,81,101,0,0,0,0,2,0,51
287,-1,ff,254,73,73,98,7680,0,25,0,0,0,0,0,0,0,0,1,147,0,0,0,1,119,0,0,0,0,0,0,0,0,1,91,0,0,0,0,51,144,30720,0,232,2,17,189,12288,0,144,254,129,74,56320,0,84,0,153,121,45056,0,0,16,253,81,41,14080,0,0,21,255,205,99,49152,0,0,64,-1,0,0,0,0,0,0,254,77,0,0,3,219,0,0,-1,0,0,0,0,141,120,79,101,131,76,31,77,85,114,76,132,153,125,180,117,-1,0,73,126,78,70,21,99,36,32,80,100,0,0,0,0,2,0,52
288,-1,ff,254,72,71,168,22528,0,244,0,0,0,0,0,0,0,0,1,148,0,0,0,1,119,0,0,0,0,0,0,0,0,1,90,0,0,0,0,50,145,24576,0,232,2,100,120,12288,0,144,254,130,73,12288,0,84,0,155,121,49152,0,0,16,253,81,38,19456,0,0,21,255,209,99,0,0,0,64,-1,0,0,0,0,0,0,254,75,0,0,3,223,0,0,-1,0,0,0,0,142,122,79,101,132,74,28,75,82,112,75,133,155,125,183,117,-1,0,72,126,78,68,18,98,34,29,80,100,0,0,0,0,2,0,53
289,-1,ff,254,71,69,238,37376,0,207,0,0,0,0,0,0,0,0,1,149,0,0,0,1,119,0,0,0,0,0,0,0,0,1,89,0,0,0,0,48,146,18432,0,232,2,97,122,49152,0,144,254,131,71,33792,0,84,0,157,121,53248,0,0,16,253,80,35,24832,0,0,21,255,213,98,16384,0,0,64,-1,0,0,0,0,0,0,254,74,0,0,3,227,0,0,-1,0,0,0,0,143,125,78,100,133,73,26,74,78,111,74,133,157,125,186,117,-1,0,71,126,77,66,16,97,32,26,79,99,0,0,0,0,2,0,54
290,-1,ff,254,70,68,52,37376,0,170,0,0,0,0,0,0,0,0,1,150,0,0,0,1,119,0,0,0,0,0,0,0,0,1,88,0,0,0,0,46,147,12288,0,232,2,94,125,20480,0,144,254,132,69,55296,0,84,0,159,121,57344,0,0,16,253,79,32,30208,0,0,21,255,217,97,32768,0,0,64,-1,0,0,0,0,0,0,254,72,0,0,3,231,0,0,-1,0,0,0,0,144,127,77,99,135,71,23,72,74,109,73,134,159,126,189,117,-1,0,70,127,76,64,100,120,29,22,78,98,0,0,0,0,2,0,55
291,-1,ff,254,69,66,122,52224,0,133,0,0,0,0,0,0,0,0,1,151,0,0,0,1,119,0,0,0,0,0,0,0,0,1,87,0,0,0,0,44,148,6144,0,232,2,91,127,57344,0,144,254,133,68,11264,0,84,0,161,121,61440,0,0,16,253,79,29,35584,0,0,21,255,221,96,49152,0,0,64,-1,0,0,0,0,0,0,254,70,0,0,3,234,0,0,-1,0,0,0,0,145,130,76,99,136,69,21,70,71,108,72,134,161,126,192,117,-1,0,69,127,75,63,97,119,27,19,78,98,0,0,0,0,2,0,56
292,-1,ff,254,68,64,192,1536,0,96,0,0,0,0,0,0,0,0,1,152,0,0,0,1,119,0,0,0,0,0,0,0,0,1,86,0,0,0,0,43,149,0,0,232,2,88,130,28672,0,144,254,134,66,32768,0,84,0,163,122,0,0,0,16,253,78,26,40960,0,0,21,255,225,96,0,0,0,64,-1,0,0,0,0,0,0,254,69,0,0,3,238,0,0,-1,0,0,0,0,146,132,76,98,137,68,18,69,67,106,71,135,163,126,195,117,-1,0,69,127,75,61,94,119,25,16,77,97,0,0,0,0,2,0,57
293,-1,ff,254,67,63,6,16384,0,59,0,0,0,0,0,0,0,0,1,153,0,0,0,1,118,0,0,0,0,0,0,0,0,1,85,0,0,0,0,41,149,59392,0,232,2,84,133,0,0,144,254,135,64,54272,0,84,0,165,122,4096,0,0,16,253,77,23,46336,0,0,21,255,229,95,16384,0,0,64,-1,0,0,0,0,0,0,254,67,0,0,3,120,0,0,-1,0,0,0,0,146,135,75,97,138,66,16,67,63,105,70,135,165,126,198,116,-1,0,68,127,74,59,91,118,22,13,76,96,0,0,0,0,2,0,58
294,-1,ff,254,66,61,76,31232,0,22,0,0,0,0,0,0,0,0,1,154,0,0,0,1,118,0,0,0,0,0,0,0,0,1,84,0,0,0,0,39,150,53248,0,232,2,81,135,36864,0,144,254,136,63,10240,0,84,0,167,122,8192,0,0,16,253,77,20,51712,0,0,21,255,233,94,32768,0,0,64,-1,0,0,0,0,0,0,254,120,0,0,3,123,0,0,-1,0,0,0,0,147,137,74,97,139,65,100,120,60,103,69,135,167,126,201,116,-1,0,67,128,73,57,88,117,20,10,75,95,0,0,0,0,2,0,59
295,-1,ff,254,65,59,146,46080,0,241,0,0,0,0,0,0,0,0,1,155,0,0,0,1,118,0,0,0,0,0,0,0,0,1,83,0,0,0,0,37,151,47104,0,232,2,78,138,8192,0,144,254,138,61,31744,0,84,0,169,122,12288,0,0,16,253,76,17,57088,0,0,21,255,237,93,49152,0,0,64,-1,0,0,0,0,0,0,254,119,0,0,3,127,0,0,-1,0,0,0,0,148,139,74,96,141,63,97,119,56,101,69,136,169,127,204,116,-1,0,66,128,72,55,85,116,17,6,75,95,0,0,0,0,2,0,60
296,-1,ff,254,64,57,216,60928,0,204,0,0,0,0,0,0,0,0,1,156,0,0,0,1,118,0,0,0,0,0,0,0,0,1,82,0,0,0,0,35,152,40960,0,232,2,75,140,45056,0,144,254,139,59,53248,0,84,0,171,122,16384,0,0,16,253,75,14,62464,0,0,21,255,241,93,0,0,0,64,-1,0,0,0,0,0,0,254,117,0,0,3,131,0,0,-1,0,0,0,0,149,142,73,95,142,61,95,117,52,100,68,136,171,127,207,116,-1,0,65,128,71,53,82,115,100,120,74,94,0,0,0,0,2,0,61
297,-1,ff,254,63,56,30,10240,0,167,0,0,0,0,0,0,0,0,1,157,0,0,0,1,118,0,0,0,0,0,0,0,0,1,80,0,0,0,0,34,153,34816,0,232,2,72,143,16384,0,144,254,140,58,9216,0,84,0,173,122,20480,0,0,16,253,75,12,2304,0,0,21,255,245,92,16384,0,0,64,-1,0,0,0,0,0,0,254,116,0,0,3,135,0,0,-1,0,0,0,0,150,144,72,95,143,60,92,116,49,98,67,137,173,127,210,116,-1,0,64,128,71,52,79,115,98,117,73,93,0,0,0,0,2,0,62
298,-1,ff,254,62,54,100,25088,0,130,0,0,0,0,0,0,0,0,1,158,0,0,0,1,118,0,0,0,0,0,0,0,0,1,79,0,0,0,0,32,154,28672,0,232,2,69,145,53248,0,144,254,141,56,30720,0,84,0,175,122,24576,0,0,16,253,74,9,7680,0,0,21,255,249,91,32768,0,0,64,-1,0,0,0,0,0,0,254,114,0,0,3,138,0,0,-1,0,0,0,0,150,147,71,94,144,58,90,114,45,97,66,137,175,127,213,116,-1,0,63,129,70,50,77,114,95,114,73,93,0,0,0,0,2,0,63
299,-1,ff,254,61,52,170,39936,0,93,0,0,0,0,0,0,0,0,1,159,0,0,0,1,118,0,0,0,0,0,0,0,0,1,78,0,0,0,0,30,155,22528,0,232,2,66,148,24576,0,144,254,142,54,52224,0,84,0,177,122,28672,0,0,16,253,73,6,13056,0,0,21,255,252,90,49152,0,0,64,-1,0,0,0,0,0,0,254,112,0,0,3,142,0,0,-1,0,0,0,0,151,149,71,93,145,56,87,112,41,95,65,138,177,127,216,116,-1,0,62,129,69,48,74,113,93,111,72,92,0,0,0,0,2,0,64
300,-1,ff,254,60,50,240,54784,0,56,0,0,0,0,0,0,0,0,1,160,0,0,0,1,118,0,0,0,0,0,0,0,0,1,77,0,0,0,0,28,156,16384,0,232,2,63,150,61440,0,144,254,143,53,8192,0,84,0,179,122,32768,0,0,16,253,73,3,18432,0,0,21,255,100,120,49152,0,0,64,-1,0,0,0,0,0,0,254,111,0,0,3,146,0,0,-1,0,0,0,0,152,151,70,93,146,55,85,111,38,94,64,138,179,128,219,116,-1,0,61,129,68,46,71,112,91,107,71,91,0,0,0,0,2,0,65
301,-1,ff,254,59,49,54,4096,0,19,0,0,0,0,0,0,0,0,1,161,0,0,0,1,118,0,0,0,0,0,0,0,0,1,76,0,0,0,0,26,157,10240,0,232,2,60,153,32768,0,144,254,144,51,29696,0,84,0,181,122,36864,0,0,16,253,72,0,23808,0,0,21,255,104,120,0,0,0,64,-1,0,0,0,0,0,0,254,109,0,0,3,149,0,0,-1,0,0,0,0,153,154,69,92,148,53,82,109,34,92,63,139,181,128,222,116,-1,0,60,129,67,44,68,112,88,104,71,91,0,0,0,0,2,0,66
302,-1,ff,254,58,47,124,18944,0,238,0,0,0,0,0,0,0,0,1,162,0,0,0,1,118,0,0,0,0,0,0,0,0,1,75,0,0,0,0,25,158,4096,0,232,2,57,156,4096,0,144,254,145,49,51200,0,84,0,183,122,40960,0,0,16,253,100,120,29184,0,0,21,255,108,119,16384,0,0,64,-1,0,0,0,0,0,0,254,108,0,0,3,153,0,0,-1,0,0,0,0,154,156,68,91,149,52,80,108,30,90,62,139,183,128,225,116,-1,0,59,130,67,42,65,111,86,101,70,90,0,0,0,0,2,0,67
303,-1,ff,254,57,45,194,33792,0,201,0,0,0,0,0,0,0,0,1,163,0,0,0,1,120,0,0,0,0,0,0,0,0,1,74,0,0,0,0,23,158,63488,0,232,2,54,158,40960,0,144,254,146,48,7168,0,84,0,185,122,45056,0,0,16,253,100,117,34560,0,0,21,255,112,118,32768,0,0,64,-1,0,0,0,0,0,0,254,106,0,0,3,157,0,0,-1,0,0,0,0,154,159,68,91,150,50,77,106,27,89,62,140,185,128,228,115,-1,0,58,130,66,41,62,110,84,98,69,89,0,0,0,0,2,0,68
304,-1,ff,254,56,44,8,48640,0,164,0,0,0,0,0,0,0,0,1,164,0,0,0,1,120,0,0,0,0,0,0,0,0,1,73,0,0,0,0,21,159,57344,0,232,2,51,161,12288,0,144,254,147,46,28672,0,84,0,187,122,49152,0,0,16,253,99,114,39936,0,0,21,255,116,117,49152,0,0,64,-1,0,0,0,0,0,0,254,104,0,0,3,160,0,0,-1,0,0,0,0,155,161,67,90,151,48,75,104,23,87,61,140,187,128,231,115,-1,0,57,130,65,39,59,109,81,94,68,88,0,0,0,0,2,0,69
305,-1,ff,254,55,42,78,63488,0,127,0,0,0,0,0,0,0,0,1,165,0,0,0,1,120,0,0,0,0,0,0,0,0,1,72,0,0,0,0,19,160,51200,0,232,2,48,163,49152,0,144,254,148,44,50176,0,84,0,189,122,53248,0,0,16,253,98,111,45312,0,0,21,255,120,117,0,0,0,64,-1,0,0,0,0,0,0,254,103,0,0,3,164,0,0,-1,0,0,0,0,156,163,66,89,152,47,72,103,19,86,60,141,189,129,234,115,-1,0,56,130,64,37,56,108,79,91,68,88,0,0,0,0,2,0,70
306,-1,ff,254,54,40,148,12800,0,90,0,0,0,0,0,0,0,0,1,166,0,0,0,1,120,0,0,0,0,0,0,0,0,1,71,0,0,0,0,18,161,45056,0,232,2,45,166,20480,0,144,254,149,43,6144,0,84,0,191,122,57344,0,0,16,253,98,108,50688,0,0,21,255,124,116,16384,0,0,64,-1,0,0,0,0,0,0,254,101,0,0,3,168,0,0,-1,0,0,0,0,157,166,65,89,153,45,70,101,16,84,59,141,191,129,237,115,-1,0,55,130,64,35,53,108,77,88,67,87,0,0,0,0,2,0,71
307,-1,ff,254,53,38,218,27648,0,53,0,0,0,0,0,0,0,0,1,167,0,0,0,1,120,0,0,0,0,0,0,0,0,1,70,0,0,0,0,16,162,38912,0,232,2,42,168,57344,0,144,254,151,41,27648,0,84,0,193,122,61440,0,0,16,253,97,105,56064,0,0,21,255,128,115,32768,0,0,64,-1,0,0,0,0,0,0,254,100,0,0,3,172,0,0,-1,0,0,0,0,120,168,65,88,155,43,67,100,100,120,58,142,193,129,240,115,-1,0,54,131,63,33,50,107,74,85,66,86,0,0,0,0,2,0,72
308,-1,ff,254,0,0,218,27648,0,53,0,0,0,0,0,0,0,0,1,0,0,0,0,1,0,0,0,0,0,0,0,0,0,1,0,0,0,0,0,0,0,38912,0,232,2,0,0,57344,0,144,254,0,0,27648,0,84,0,0,0,61440,0,0,16,253,0,0,56064,0,0,21,255,0,0,32768,0,0,64,-1,0,0,0,0,0,0,254,0,0,0,3,0,0,0,-1,0,0,0,0,0,0,0,0,0,0,0,0,0,0,0,0,0,0,0,0,-1,0,0,0,0,0,0,0,0,0,0,0,0,0,0,0,1,0,73
309,-1,ff,0,0,0,0,0,0,0,0,0,0,0,0,0,0,0,0,0,0,0,0,0,0,0,0,0,0,0,0,0,0,0,0,0,0,0,-1,0,0,0,0,0,-1,0,0,0,0,0,-1,0,0,0,0,0,-1,0,0,0,0,0,0,-1,0,0,0,0,0,0,-1,0,0,0,0,0,0,-1,0,0,0,0,0,0,-1,0,0,0,-1,0,0,0,-1,0,0,0,-1,0,0,-1,0,-1,0,-1,0,-1,0,-1,0,-1,0,-1,0,-1,0,-1,0,-1,0,-1,0,-1,0,-1,0,0,0,0,0,1,0,74
310,-1,ff,0,0,0,0,0,0,0,0,0,0,0,0,0,0,0,0,0,0,0,0,0,0,0,0,0,0,0,0,0,0,0,0,0,0,0,-1,0,0,0,0,0,-1,0,0,0,0,0,-1,0,0,0,0,0,-1,0,0,0,0,0,0,-1,0,0,0,0,0,0,-1,0,0,0,0,0,0,-1,0,0,0,0,0,0,-1,0,0,0,-1,0,0,0,-1,0,0,0,-1,0,0,-1,0,-1,0,-1,0,-1,0,-1,0,-1,0,-1,0,-1,0,-1,0,-1,0,-1,0,-1,0,-1,0,0,0,0,0,1,0,75
311,-1,ff,0,0,0,0,0,0,0,0,0,0,0,0,0,0,0,0,0,0,0,0,0,0,0,0,0,0,0,0,0,0,0,0,0,0,0,-1,0,0,0,0,0,-1,0,0,0,0,0,-1,0,0,0,0,0,-1,0,0,0,0,0,0,-1,0,0,0,0,0,0,-1,0,0,0,0,0,0,-1,0,0,0,0,0,0,-1,0,0,0,-1,0,0,0,-1,0,0,0,-1,0,0,-1,0,-1,0,-1,0,-1,0,-1,0,-1,0,-1,0,-1,0,-1,0,-1,0,-1,0,-1,0,-1,0,0,0,0,0,1,0,76
312,-1,ff,0,0,0,0,0,0,0,0,0,0,0,0,0,0,0,0,0,0,0,0,0,0,0,0,0,0,0,0,0,0,0,0,0,0,0,-1,0,0,0,0,0,-1,0,0,0,0,0,-1,0,0,0,0,0,-1,0,0,0,0,0,0,-1,0,0,0,0,0,0,-1,0,0,0,0,0,0,-1,0,0,0,0,0,0,-1,0,0,0,-1,0,0,0,-1,0,0,0,-1,0,0,-1,0,-1,0,-1,0,-1,0,-1,0,-1,0,-1,0,-1,0,-1,0,-1,0,-1,0,-1,0,-1,0,0,0,0,0,1,0,77
313,-1,ff,0,0,0,0,0,0,0,0,0,0,0,0,0,0,0,0,0,0,0,0,0,0,0,0,0,0,0,0,0,0,0,0,0,0,0,-1,0,0,0,0,0,-1,0,0,0,0,0,-1,0,0,0,0,0,-1,0,0,0,0,0,0,-1,0,0,0,0,0,0,-1,0,0,0,0,0,0,-1,0,0,0,0,0,0,-1,0,0,0,-1,0,0,0,-1,0,0,0,-1,0,0,-1,0,-1,0,-1,0,-1,0,-1,0,-1,0,-1,0,-1,0,-1,0,-1,0,-1,0,-1,0,-1,0,0,0,0,0,1,0,78
314,-1,ff,0,0,0,0,0,0,0,0,0,0,0,0,0,0,0,0,0,0,0,0,0,0,0,0,0,0,0,0,0,0,0,0,0,0,0,-1,0,0,0,0,0,-1,0,0,0,0,0,-1,0,0,0,0,0,-1,0,0,0,0,0,0,-1,0,0,0,0,0,0,-1,0,0,0,0,0,0,-1,0,0,0,0,0,0,-1,0,0,0,-1,0,0,0,-1,0,0,0,-1,0,0,-1,0,-1,0,-1,0,-1,0,-1,0,-1,0,-1,0,-1,0,-1,0,-1,0,-1,0,-1,0,-1,0,0,0,0,0,1,0,79
315,-1,ff,0,0,0,0,0,0,0,0,0,0,0,0,0,0,0,0,0,0,0,0,0,0,0,0,0,0,0,0,0,0,0,0,0,0,0,-1,0,0,0,0,0,-1,0,0,0,0,0,-1,0,0,0,0,0,-1,0,0,0,0,0,0,-1,0,0,0,0,0,0,-1,0,0,0,0,0,0,-1,0,0,0,0,0,0,-1,0,0,0,-1,0,0,0,-1,0,0,0,-1,0,0,-1,0,-1,0,-1,0,-1,0,-1,0,-1,0,-1,0,-1,0,-1,0,-1,0,-1,0,-1,0,-1,0,0,0,0,0,1,0,80
316,-1,ff,0,0,0,0,0,0,0,0,0,0,0,0,0,0,0,0,0,0,0,0,0,0,0,0,0,0,0,0,0,0,0,0,0,0,0,-1,0,0,0,0,0,-1,0,0,0,0,0,-1,0,0,0,0,0,-1,0,0,0,0,0,0,-1,0,0,0,0,0,0,-1,0,0,0,0,0,0,-1,0,0,0,0,0,0,-1,0,0,0,-1,0,0,0,-1,0,0,0,-1,0,0,-1,0,-1,0,-1,0,-1,0,-1,0,-1,0,-1,0,-1,0,-1,0,-1,0,-1,0,-1,0,-1,0,0,0,0,0,1,0,81
317,-1,ff,0,0,0,0,0,0,0,0,0,0,0,0,0,0,0,0,0,0,0,0,0,0,0,0,0,0,0,0,0,0,0,0,0,0,0,-1,0,0,0,0,0,-1,0,0,0,0,0,-1,0,0,0,0,0,-1,0,0,0,0,0,0,-1,0,0,0,0,0,0,-1,0,0,0,0,0,0,-1,0,0,0,0,0,0,-1,0,0,0,-1,0,0,0,-1,0,0,0,-1,0,0,-1,0,-1,0,-1,0,-1,0,-1,0,-1,0,-1,0,-1,0,-1,0,-1,0,-1,0,-1,0,-1,0,0,0,0,0,1,0,82
318,-1,ff,0,0,0,0,0,0,0,0,0,0,0,0,0,0,0,0,0,0,0,0,0,0,0,0,0,0,0,0,0,0,0,0,0,0,0,-1,0,0,0,0,0,-1,0,0,0,0,0,-1,0,0,0,0,0,-1,0,0,0,0,0,0,-1,0,0,0,0,0,0,-1,0,0,0,0,0,0,-1,0,0,0,0,0,0,-1,0,0,0,-1,0,0,0,-1,0,0,0,-1,0,0,-1,0,-1,0,-1,0,-1,0,-1,0,-1,0,-1,0,-1,0,-1,0,-1,0,-1,0,-1,0,-1,0,0,0,0,0,1,0,83
319,-1,ff,0,0,0,0,0,0,0,0,0,0,0,0,0,0,0,0,0,0,0,0,0,0,0,0,0,0,0,0,0,0,0,0,0,0,0,-1,0,0,0,0,0,-1,0,0,0,0,0,-1,0,0,0,0,0,-1,0,0,0,0,0,0,-1,0,0,0,0,0,0,-1,0,0,0,0,0,0,-1,0,0,0,0,0,0,-1,0,0,0,-1,0,0,0,-1,0,0,0,-1,0,0,-1,0,-1,0,-1,0,-1,0,-1,0,-1,0,-1,0,-1,0,-1,0,-1,0,-1,0,-1,0,-1,0,0,0,0,0,1,0,84
320,-1,ff,0,0,0,0,0,0,0,0,0,0,0,0,0,0,0,0,0,0,0,0,0,0,0,0,0,0,0,0,0,0,0,0,0,0,0,-1,0,0,0,0,0,-1,0,0,0,0,0,-1,0,0,0,0,0,-1,0,0,0,0,0,0,-1,0,0,0,0,0,0,-1,0,0,0,0,0,0,-1,0,0,0,0,0,0,-1,0,0,0,-1,0,0,0,-1,0,0,0,-1,0,0,-1,0,-1,0,-1,0,-1,0,-1,0,-1,0,-1,0,-1,0,-1,0,-1,0,-1,0,-1,0,-1,0,0,0,0,0,1,0,85
321,-1,ff,0,0,0,0,0,0,0,0,0,0,0,0,0,0,0,0,0,0,0,0,0,0,0,0,0,0,0,0,0,0,0,0,0,0,0,-1,0,0,0,0,0,-1,0,0,0,0,0,-1,0,0,0,0,0,-1,0,0,0,0,0,0,-1,0,0,0,0,0,0,-1,0,0,0,0,0,0,-1,0,0,0,0,0,0,-1,0,0,0,-1,0,0,0,-1,0,0,0,-1,0,0,-1,0,-1,0,-1,0,-1,0,-1,0,-1,0,-1,0,-1,0,-1,0,-1,0,-1,0,-1,0,-1,0,0,0,0,0,1,0,86
322,-1,ff,0,0,0,0,0,0,0,0,0,0,0,0,0,0,0,0,0,0,0,0,0,0,0,0,0,0,0,0,0,0,0,0,0,0,0,-1,0,0,0,0,0,-1,0,0,0,0,0,-1,0,0,0,0,0,-1,0,0,0,0,0,0,-1,0,0,0,0,0,0,-1,0,0,0,0,0,0,-1,0,0,0,0,0,0,-1,0,0,0,-1,0,0,0,-1,0,0,0,-1,0,0,-1,0,-1,0,-1,0,-1,0,-1,0,-1,0,-1,0,-1,0,-1,0,-1,0,-1,0,-1,0,-1,0,0,0,0,0,1,0,87
323,-1,ff,0,0,0,0,0,0,0,0,0,0,0,0,0,0,0,0,0,0,0,0,0,0,0,0,0,0,0,0,0,0,0,0,0,0,0,-1,0,0,0,0,0,-1,0,0,0,0,0,-1,0,0,0,0,0,-1,0,0,0,0,0,0,-1,0,0,0,0,0,0,-1,0,0,0,0,0,0,-1,0,0,0,0,0,0,-1,0,0,0,-1,0,0,0,-1,0,0,0,-1,0,0,-1,0,-1,0,-1,0,-1,0,-1,0,-1,0,-1,0,-1,0,-1,0,-1,0,-1,0,-1,0,-1,0,0,0,0,0,1,0,88
324,-1,ff,0,0,0,0,0,0,0,0,0,0,0,0,0,0,0,0,0,0,0,0,0,0,0,0,0,0,0,0,0,0,0,0,0,0,0,-1,0,0,0,0,0,-1,0,0,0,0,0,-1,0,0,0,0,0,-1,0,0,0,0,0,0,-1,0,0,0,0,0,0,-1,0,0,0,0,0,0,-1,0,0,0,0,0,0,-1,0,0,0,-1,0,0,0,-1,0,0,0,-1,0,0,-1,0,-1,0,-1,0,-1,0,-1,0,-1,0,-1,0,-1,0,-1,0,-1,0,-1,0,-1,0,-1,0,0,0,0,0,1,0,89
325,-1,ff,0,0,0,0,0,0,0,0,0,0,0,0,0,0,0,0,0,0,0,0,0,0,0,0,0,0,0,0,0,0,0,0,0,0,0,-1,0,0,0,0,0,-1,0,0,0,0,0,-1,0,0,0,0,0,-1,0,0,0,0,0,0,-1,0,0,0,0,0,0,-1,0,0,0,0,0,0,-1,0,0,0,0,0,0,-1,0,0,0,-1,0,0,0,-1,0,0,0,-1,0,0,-1,0,-1,0,-1,0,-1,0,-1,0,-1,0,-1,0,-1,0,-1,0,-1,0,-1,0,-1,0,-1,0,0,0,0,0,1,0,90
326,-1,ff,0,0,0,0,0,0,0,0,0,0,0,0,0,0,0,0,0,0,0,0,0,0,0,0,0,0,0,0,0,0,0,0,0,0,0,-1,0,0,0,0,0,-1,0,0,0,0,0,-1,0,0,0,0,0,-1,0,0,0,0,0,0,-1,0,0,0,0,0,0,-1,0,0,0,0,0,0,-1,0,0,0,0,0,0,-1,0,0,0,-1,0,0,0,-1,0,0,0,-1,0,0,-1,0,-1,0,-1,0,-1,0,-1,0,-1,0,-1,0,-1,0,-1,0,-1,0,-1,0,-1,0,-1,0,0,0,0,0,1,0,91
327,-1,ff,0,0,0,0,0,0,0,0,0,0,0,0,0,0,0,0,0,0,0,0,0,0,0,0,0,0,0,0,0,0,0,0,0,0,0,-1,0,0,0,0,0,-1,0,0,0,0,0,-1,0,0,0,0,0,-1,0,0,0,0,0,0,-1,0,0,0,0,0,0,-1,0,0,0,0,0,0,-1,0,0,0,0,0,0,-1,0,0,0,-1,0,0,0,-1,0,0,0,-1,0,0,-1,0,-1,0,-1,0,-1,0,-1,0,-1,0,-1,0,-1,0,-1,0,-1,0,-1,0,-1,0,-1,0,0,0,0,0,1,0,92
328,-1,ff,0,0,0,0,0,0,0,0,0,0,0,0,0,0,0,0,0,0,0,0,0,0,0,0,0,0,0,0,0,0,0,0,0,0,0,-1,0,0,0,0,0,-1,0,0,0,0,0,-1,0,0,0,0,0,-1,0,0,0,0,0,0,-1,0,0,0,0,0,0,-1,0,0,0,0,0,0,-1,0,0,0,0,0,0,-1,0,0,0,-1,0,0,0,-1,0,0,0,-1,0,0,-1,0,-1,0,-1,0,-1,0,-1,0,-1,0,-1,0,-1,0,-1,0,-1,0,-1,0,-1,0,-1,0,0,0,0,0,1,0,93
329,-1,ff,0,0,0,0,0,0,0,0,0,0,0,0,0,0,0,0,0,0,0,0,0,0,0,0,0,0,0,0,0,0,0,0,0,0,0,-1,0,0,0,0,0,-1,0,0,0,0,0,-1,0,0,0,0,0,-1,0,0,0,0,0,0,-1,0,0,0,0,0,0,-1,0,0,0,0,0,0,-1,0,0,0,0,0,0,-1,0,0,0,-1,0,0,0,-1,0,0,0,-1,0,0,-1,0,-1,0,-1,0,-1,0,-1,0,-1,0,-1,0,-1,0,-1,0,-1,0,-1,0,-1,0,-1,0,0,0,0,0,1,0,94
330,-1,ff,0,0,0,0,0,0,0,0,0,0,0,0,0,0,0,0,0,0,0,0,0,0,0,0,0,0,0,0,0,0,0,0,0,0,0,-1,0,0,0,0,0,-1,0,0,0,0,0,-1,0,0,0,0,0,-1,0,0,0,0,0,0,-1,0,0,0,0,0,0,-1,0,0,0,0,0,0,-1,0,0,0,0,0,0,-1,0,0,0,-1,0,0,0,-1,0,0,0,-1,0,0,-1,0,-1,0,-1,0,-1,0,-1,0,-1,0,-1,0,-1,0,-1,0,-1,0,-1,0,-1,0,-1,0,0,0,0,0,1,0,95
331,-1,ff,0,0,0,0,0,0,0,0,0,0,0,0,0,0,0,0,0,0,0,0,0,0,0,0,0,0,0,0,0,0,0,0,0,0,0,-1,0,0,0,0,0,-1,0,0,0,0,0,-1,0,0,0,0,0,-1,0,0,0,0,0,0,-1,0,0,0,0,0,0,-1,0,0,0,0,0,0,-1,0,0,0,0,0,0,-1,0,0,0,-1,0,0,0,-1,0,0,0,-1,0,0,-1,0,-1,0,-1,0,-1,0,-1,0,-1,0,-1,0,-1,0,-1,0,-1,0,-1,0,-1,0,-1,0,0,0,0,0,1,0,96
332,-1,ff,0,0,0,0,0,0,0,0,0,0,0,0,0,0,0,0,0,0,0,0,0,0,0,0,0,0,0,0,0,0,0,0,0,0,0,-1,0,0,0,0,0,-1,0,0,0,0,0,-1,0,0,0,0,0,-1,0,0,0,0,0,0,-1,0,0,0,0,0,0,-1,0,0,0,0,0,0,-1,0,0,0,0,0,0,-1,0,0,0,-1,0,0,0,-1,0,0,0,-1,0,0,-1,0,-1,0,-1,0,-1,0,-1,0,-1,0,-1,0,-1,0,-1,0,-1,0,-1,0,-1,0,-1,0,0,0,0,0,1,0,97
333,-1,ff,0,0,0,0,0,0,0,0,0,0,0,0,0,0,0,0,0,0,0,0,0,0,0,0,0,0,0,0,0,0,0,0,0,0,0,-1,0,0,0,0,0,-1,0,0,0,0,0,-1,0,0,0,0,0,-1,0,0,0,0,0,0,-1,0,0,0,0,0,0,-1,0,0,0,0,0,0,-1,0,0,0,0,0,0,-1,0,0,0,-1,0,0,0,-1,0,0,0,-1,0,0,-1,0,-1,0,-1,0,-1,0,-1,0,-1,0,-1,0,-1,0,-1,0,-1,0,-1,0,-1,0,-1,0,0,0,0,0,1,0,98
334,-1,ff,0,0,0,0,0,0,0,0,0,0,0,0,0,0,0,0,0,0,0,0,0,0,0,0,0,0,0,0,0,0,0,0,0,0,0,-1,0,0,0,0,0,-1,0,0,0,0,0,-1,0,0,0,0,0,-1,0,0,0,0,0,0,-1,0,0,0,0,0,0,-1,0,0,0,0,0,0,-1,0,0,0,0,0,0,-1,0,0,0,-1,0,0,0,-1,0,0,0,-1,0,0,-1,0,-1,0,-1,0,-1,0,-1,0,-1,0,-1,0,-1,0,-1,0,-1,0,-1,0,-1,0,-1,0,0,0,0,0,1,0,99
335,-1,ff,0,0,0,0,0,0,0,0,0,0,0,0,0,0,0,0,0,0,0,0,0,0,0,0,0,0,0,0,0,0,0,0,0,0,0,-1,0,0,0,0,0,-1,0,0,0,0,0,-1,0,0,0,0,0,-1,0,0,0,0,0,0,-1,0,0,0,0,0,0,-1,0,0,0,0,0,0,-1,0,0,0,0,0,0,-1,0,0,0,-1,0,0,0,-1,0,0,0,-1,0,0,-1,0,-1,0,-1,0,-1,0,-1,0,-1,0,-1,0,-1,0,-1,0,-1,0,-1,0,-1,0,-1,0,0,0,0,0,1,0,100
336,-1,ff,0,0,0,0,0,0,0,0,0,0,0,0,0,0,0,0,0,0,0,0,0,0,0,0,0,0,0,0,0,0,0,0,0,0,0,-1,0,0,0,0,0,-1,0,0,0,0,0,-1,0,0,0,0,0,-1,0,0,0,0,0,0,-1,0,0,0,0,0,0,-1,0,0,0,0,0,0,-1,0,0,0,0,0,0,-1,0,0,0,-1,0,0,0,-1,0,0,0,-1,0,0,-1,0,-1,0,-1,0,-1,0,-1,0,-1,0,-1,0,-1,0,-1,0,-1,0,-1,0,-1,0,-1,0,0,0,0,0,1,0,101
337,-1,ff,0,0,0,0,0,0,0,0,0,0,0,0,0,0,0,0,0,0,0,0,0,0,0,0,0,0,0,0,0,0,0,0,0,0,0,-1,0,0,0,0,0,-1,0,0,0,0,0,-1,0,0,0,0,0,-1,0,0,0,0,0,0,-1,0,0,0,0,0,0,-1,0,0,0,0,0,0,-1,0,0,0,0,0,0,-1,0,0,0,-1,0,0,0,-1,0,0,0,-1,0,0,-1,0,-1,0,-1,0,-1,0,-1,0,-1,0,-1,0,-1,0,-1,0,-1,0,-1,0,-1,0,-1,0,0,0,0,0,1,0,102
338,-1,ff,0,0,0,0,0,0,0,0,0,0,0,0,0,0,0,0,0,0,0,0,0,0,0,0,0,0,0,0,0,0,0,0,0,0,0,-1,0,0,0,0,0,-1,0,0,0,0,0,-1,0,0,0,0,0,-1,0,0,0,0,0,0,-1,0,0,0,0,0,0,-1,0,0,0,0,0,0,-1,0,0,0,0,0,0,-1,0,0,0,-1,0,0,0,-1,0,0,0,-1,0,0,-1,0,-1,0,-1,0,-1,0,-1,0,-1,0,-1,0,-1,0,-1,0,-1,0,-1,0,-1,0,-1,0,0,0,0,0,1,0,103
339,-1,ff,0,0,0,0,0,0,0,0,0,0,0,0,0,0,0,0,0,0,0,0,0,0,0,0,0,0,0,0,0,0,0,0,0,0,0,-1,0,0,0,0,0,-1,0,0,0,0,0,-1,0,0,0,0,0,-1,0,0,0,0,0,0,-1,0,0,0,0,0,0,-1,0,0,0,0,0,0,-1,0,0,0,0,0,0,-1,0,0,0,-1,0,0,0,-1,0,0,0,-1,0,0,-1,0,-1,0,-1,0,-1,0,-1,0,-1,0,-1,0,-1,0,-1,0,-1,0,-1,0,-1,0,-1,0,0,0,0,0,1,0,104
340,-1,ff,0,0,0,0,0,0,0,0,0,0,0,0,0,0,0,0,0,0,0,0,0,0,0,0,0,0,0,0,0,0,0,0,0,0,0,-1,0,0,0,0,0,-1,0,0,0,0,0,-1,0,0,0,0,0,-1,0,0,0,0,0,0,-1,0,0,0,0,0,0,-1,0,0,0,0,0,0,-1,0,0,0,0,0,0,-1,0,0,0,-1,0,0,0,-1,0,0,0,-1,0,0,-1,0,-1,0,-1,0,-1,0,-1,0,-1,0,-1,0,-1,0,-1,0,-1,0,-1,0,-1,0,-1,0,0,0,0,0,1,0,105
341,-1,ff,0,0,0,0,0,0,0,0,0,0,0,0,0,0,0,0,0,0,0,0,0,0,0,0,0,0,0,0,0,0,0,0,0,0,0,-1,0,0,0,0,0,-1,0,0,0,0,0,-1,0,0,0,0,0,-1,0,0,0,0,0,0,-1,0,0,0,0,0,0,-1,0,0,0,0,0,0,-1,0,0,0,0,0,0,-1,0,0,0,-1,0,0,0,-1,0,0,0,-1,0,0,-1,0,-1,0,-1,0,-1,0,-1,0,-1,0,-1,0,-1,0,-1,0,-1,0,-1,0,-1,0,-1,0,0,0,0,0,1,0,106
342,-1,ff,0,0,0,0,0,0,0,0,0,0,0,0,0,0,0,0,0,0,0,0,0,0,0,0,0,0,0,0,0,0,0,0,0,0,0,-1,0,0,0,0,0,-1,0,0,0,0,0,-1,0,0,0,0,0,-1,0,0,0,0,0,0,-1,0,0,0,0,0,0,-1,0,0,0,0,0,0,-1,0,0,0,0,0,0,-1,0,0,0,-1,0,0,0,-1,0,0,0,-1,0,0,-1,0,-1,0,-1,0,-1,0,-1,0,-1,0,-1,0,-1,0,-1,0,-1,0,-1,0,-1,0,-1,0,0,0,0,0,1,0,107
343,-1,ff,0,0,0,0,0,0,0,0,0,0,0,0,0,0,0,0,0,0,0,0,0,0,0,0,0,0,0,0,0,0,0,0,0,0,0,-1,0,0,0,0,0,-1,0,0,0,0,0,-1,0,0,0,0,0,-1,0,0,0,0,0,0,-1,0,0,0,0,0,0,-1,0,0,0,0,0,0,-1,0,0,0,0,0,0,-1,0,0,0,-1,0,0,0,-1,0,0,0,-1,0,0,-1,0,-1,0,-1,0,-1,0,-1,0,-1,0,-1,0,-1,0,-1,0,-1,0,-1,0,-1,0,-1,0,0,0,0,0,1,0,108
344,-1,ff,0,0,0,0,0,0,0,0,0,0,0,0,0,0,0,0,0,0,0,0,0,0,0,0,0,0,0,0,0,0,0,0,0,0,0,-1,0,0,0,0,0,-1,0,0,0,0,0,-1,0,0,0,0,0,-1,0,0,0,0,0,0,-1,0,0,0,0,0,0,-1,0,0,0,0,0,0,-1,0,0,0,0,0,0,-1,0,0,0,-1,0,0,0,-1,0,0,0,-1,0,0,-1,0,-1,0,-1,0,-1,0,-1,0,-1,0,-1,0,-1,0,-1,0,-1,0,-1,0,-1,0,-1,0,0,0,0,0,1,0,109
345,-1,ff,0,0,0,0,0,0,0,0,0,0,0,0,0,0,0,0,0,0,0,0,0,0,0,0,0,0,0,0,0,0,0,0,0,0,0,-1,0,0,0,0,0,-1,0,0,0,0,0,-1,0,0,0,0,0,-1,0,0,0,0,0,0,-1,0,0,0,0,0,0,-1,0,0,0,0,0,0,-1,0,0,0,0,0,0,-1,0,0,0,-1,0,0,0,-1,0,0,0,-1,0,0,-1,0,-1,0,-1,0,-1,0,-1,0,-1,0,-1,0,-1,0,-1,0,-1,0,-1,0,-1,0,-1,0,0,0,0,0,1,0,110
346,-1,ff,0,0,0,0,0,0,0,0,0,0,0,0,0,0,0,0,0,0,0,0,0,0,0,0,0,0,0,0,0,0,0,0,0,0,0,-1,0,0,0,0,0,-1,0,0,0,0,0,-1,0,0,0,0,0,-1,0,0,0,0,0,0,-1,0,0,0,0,0,0,-1,0,0,0,0,0,0,-1,0,0,0,0,0,0,-1,0,0,0,-1,0,0,0,-1,0,0,0,-1,0,0,-1,0,-1,0,-1,0,-1,0,-1,0,-1,0,-1,0,-1,0,-1,0,-1,0,-1,0,-1,0,-1,0,0,0,0,0,1,0,111
347,-1,ff,0,0,0,0,0,0,0,0,0,0,0,0,0,0,0,0,0,0,0,0,0,0,0,0,0,0,0,0,0,0,0,0,0,0,0,-1,0,0,0,0,0,-1,0,0,0,0,0,-1,0,0,0,0,0,-1,0,0,0,0,0,0,-1,0,0,0,0,0,0,-1,0,0,0,0,0,0,-1,0,0,0,0,0,0,-1,0,0,0,-1,0,0,0,-1,0,0,0,-1,0,0,-1,0,-1,0,-1,0,-1,0,-1,0,-1,0,-1,0,-1,0,-1,0,-1,0,-1,0,-1,0,-1,0,0,0,0,0,1,0,112
348,-1,ff,0,0,0,0,0,0,0,0,0,0,0,0,0,0,0,0,0,0,0,0,0,0,0,0,0,0,0,0,0,0,0,0,0,0,0,-1,0,0,0,0,0,-1,0,0,0,0,0,-1,0,0,0,0,0,-1,0,0,0,0,0,0,-1,0,0,0,0,0,0,-1,0,0,0,0,0,0,-1,0,0,0,0,0,0,-1,0,0,0,-1,0,0,0,-1,0,0,0,-1,0,0,-1,0,-1,0,-1,0,-1,0,-1,0,-1,0,-1,0,-1,0,-1,0,-1,0,-1,0,-1,0,-1,0,0,0,0,0,1,0,113
349,-1,ff,0,0,0,0,0,0,0,0,0,0,0,0,0,0,0,0,0,0,0,0,0,0,0,0,0,0,0,0,0,0,0,0,0,0,0,-1,0,0,0,0,0,-1,0,0,0,0,0,-1,0,0,0,0,0,-1,0,0,0,0,0,0,-1,0,0,0,0,0,0,-1,0,0,0,0,0,0,-1,0,0,0,0,0,0,-1,0,0,0,-1,0,0,0,-1,0,0,0,-1,0,0,-1,0,-1,0,-1,0,-1,0,-1,0,-1,0,-1,0,-1,0,-1,0,-1,0,-1,0,-1,0,-1,0,0,0,0,0,1,0,114
350,-1,ff,0,0,0,0,0,0,0,0,0,0,0,0,0,0,0,0,0,0,0,0,0,0,0,0,0,0,0,0,0,0,0,0,0,0,0,-1,0,0,0,0,0,-1,0,0,0,0,0,-1,0,0,0,0,0,-1,0,0,0,0,0,0,-1,0,0,0,0,0,0,-1,0,0,0,0,0,0,-1,0,0,0,0,0,0,-1,0,0,0,-1,0,0,0,-1,0,0,0,-1,0,0,-1,0,-1,0,-1,0,-1,0,-1,0,-1,0,-1,0,-1,0,-1,0,-1,0,-1,0,-1,0,-1,0,0,0,0,0,1,0,115
351,-1,ff,0,0,0,0,0,0,0,0,0,0,0,0,0,0,0,0,0,0,0,0,0,0,0,0,0,0,0,0,0,0,0,0,0,0,0,-1,0,0,0,0,0,-1,0,0,0,0,0,-1,0,0,0,0,0,-1,0,0,0,0,0,0,-1,0,0,0,0,0,0,-1,0,0,0,0,0,0,-1,0,0,0,0,0,0,-1,0,0,0,-1,0,0,0,-1,0,0,0,-1,0,0,-1,0,-1,0,-1,0,-1,0,-1,0,-1,0,-1,0,-1,0,-1,0,-1,0,-1,0,-1,0,-1,0,0,0,0,0,1,0,116
352,-1,ff,0,0,0,0,0,0,0,0,0,0,0,0,0,0,0,0,0,0,0,0,0,0,0,0,0,0,0,0,0,0,0,0,0,0,0,-1,0,0,0,0,0,-1,0,0,0,0,0,-1,0,0,0,0,0,-1,0,0,0,0,0,0,-1,0,0,0,0,0,0,-1,0,0,0,0,0,0,-1,0,0,0,0,0,0,-1,0,0,0,-1,0,0,0,-1,0,0,0,-1,0,0,-1,0,-1,0,-1,0,-1,0,-1,0,-1,0,-1,0,-1,0,-1,0,-1,0,-1,0,-1,0,-1,0,0,0,0,0,1,0,117
353,-1,ff,0,0,0,0,0,0,0,0,0,0,0,0,0,0,0,0,0,0,0,0,0,0,0,0,0,0,0,0,0,0,0,0,0,0,0,-1,0,0,0,0,0,-1,0,0,0,0,0,-1,0,0,0,0,0,-1,0,0,0,0,0,0,-1,0,0,0,0,0,0,-1,0,0,0,0,0,0,-1,0,0,0,0,0,0,-1,0,0,0,-1,0,0,0,-1,0,0,0,-1,0,0,-1,0,-1,0,-1,0,-1,0,-1,0,-1,0,-1,0,-1,0,-1,0,-1,0,-1,0,-1,0,-1,0,0,0,0,0,1,0,118
354,-1,ff,0,0,0,0,0,0,0,0,0,0,0,0,0,0,0,0,0,0,0,0,0,0,0,0,0,0,0,0,0,0,0,0,0,0,0,-1,0,0,0,0,0,-1,0,0,0,0,0,-1,0,0,0,0,0,-1,0,0,0,0,0,0,-1,0,0,0,0,0,0,-1,0,0,0,0,0,0,-1,0,0,0,0,0,0,-1,0,0,0,-1,0,0,0,-1,0,0,0,-1,0,0,-1,0,-1,0,-1,0,-1,0,-1,0,-1,0,-1,0,-1,0,-1,0,-1,0,-1,0,-1,0,-1,0,0,0,0,0,1,0,119
355,-1,ff,0,0,0,0,0,0,0,0,0,0,0,0,0,0,0,0,0,0,0,0,0,0,0,0,0,0,0,0,0,0,0,0,0,0,0,-1,0,0,0,0,0,-1,0,0,0,0,0,-1,0,0,0,0,0,-1,0,0,0,0,0,0,-1,0,0,0,0,0,0,-1,0,0,0,0,0,0,-1,0,0,0,0,0,0,-1,0,0,0,-1,0,0,0,-1,0,0,0,-1,0,0,-1,0,-1,0,-1,0,-1,0,-1,0,-1,0,-1,0,-1,0,-1,0,-1,0,-1,0,-1,0,-1,0,0,0,0,0,1,0,120
356,-1,ff,0,0,0,0,0,0,0,0,0,0,0,0,0,0,0,0,0,0,0,0,0,0,0,0,0,0,0,0,0,0,0,0,0,0,0,-1,0,0,0,0,0,-1,0,0,0,0,0,-1,0,0,0,0,0,-1,0,0,0,0,0,0,-1,0,0,0,0,0,0,-1,0,0,0,0,0,0,-1,0,0,0,0,0,0,-1,0,0,0,-1,0,0,0,-1,0,0,0,-1,0,0,-1,0,-1,0,-1,0,-1,0,-1,0,-1,0,-1,0,-1,0,-1,0,-1,0,-1,0,-1,0,-1,0,0,0,0,0,1,0,121
357,-1,ff,0,0,0,0,0,0,0,0,0,0,0,0,0,0,0,0,0,0,0,0,0,0,0,0,0,0,0,0,0,0,0,0,0,0,0,-1,0,0,0,0,0,-1,0,0,0,0,0,-1,0,0,0,0,0,-1,0,0,0,0,0,0,-1,0,0,0,0,0,0,-1,0,0,0,0,0,0,-1,0,0,0,0,0,0,-1,0,0,0,-1,0,0,0,-1,0,0,0,-1,0,0,-1,0,-1,0,-1,0,-1,0,-1,0,-1,0,-1,0,-1,0,-1,0,-1,0,-1,0,-1,0,-1,0,0,0,0,0,1,0,122
358,-1,ff,0,0,0,0,0,0,0,0,0,0,0,0,0,0,0,0,0,0,0,0,0,0,0,0,0,0,0,0,0,0,0,0,0,0,0,-1,0,0,0,0,0,-1,0,0,0,0,0,-1,0,0,0,0,0,-1,0,0,0,0,0,0,-1,0,0,0,0,0,0,-1,0,0,0,0,0,0,-1,0,0,0,0,0,0,-1,0,0,0,-1,0,0,0,-1,0,0,0,-1,0,0,-1,0,-1,0,-1,0,-1,0,-1,0,-1,0,-1,0,-1,0,-1,0,-1,0,-1,0,-1,0,-1,0,0,0,0,0,1,0,123
359,-1,ff,0,0,0,0,0,0,0,0,0,0,0,0,0,0,0,0,0,0,0,0,0,0,0,0,0,0,0,0,0,0,0,0,0,0,0,-1,0,0,0,0,0,-1,0,0,0,0,0,-1,0,0,0,0,0,-1,0,0,0,0,0,0,-1,0,0,0,0,0,0,-1,0,0,0,0,0,0,-1,0,0,0,0,0,0,-1,0,0,0,-1,0,0,0,-1,0,0,0,-1,0,0,-1,0,-1,0,-1,0,-1,0,-1,0,-1,0,-1,0,-1,0,-1,0,-1,0,-1,0,-1,0,-1,0,0,0,0,0,1,0,124
360,-1,ff,0,0,0,0,0,0,0,0,0,0,0,0,0,0,0,0,0,0,0,0,0,0,0,0,0,0,0,0,0,0,0,0,0,0,0,-1,0,0,0,0,0,-1,0,0,0,0,0,-1,0,0,0,0,0,-1,0,0,0,0,0,0,-1,0,0,0,0,0,0,-1,0,0,0,0,0,0,-1,0,0,0,0,0,0,-1,0,0,0,-1,0,0,0,-1,0,0,0,-1,0,0,-1,0,-1,0,-1,0,-1,0,-1,0,-1,0,-1,0,-1,0,-1,0,-1,0,-1,0,-1,0,-1,0,0,0,0,0,1,0,125
361,-1,ff,0,0,0,0,0,0,0,0,0,0,0,0,0,0,0,0,0,0,0,0,0,0,0,0,0,0,0,0,0,0,0,0,0,0,0,-1,0,0,0,0,0,-1,0,0,0,0,0,-1,0,0,0,0,0,-1,0,0,0,0,0,0,-1,0,0,0,0,0,0,-1,0,0,0,0,0,0,-1,0,0,0,0,0,0,-1,0,0,0,-1,0,0,0,-1,0,0,0,-1,0,0,-1,0,-1,0,-1,0,-1,0,-1,0,-1,0,-1,0,-1,0,-1,0,-1,0,-1,0,-1,0,-1,0,0,0,0,0,1,0,126
362,-1,ff,0,0,0,0,0,0,0,0,0,0,0,0,0,0,0,0,0,0,0,0,0,0,0,0,0,0,0,0,0,0,0,0,0,0,0,-1,0,0,0,0,0,-1,0,0,0,0,0,-1,0,0,0,0,0,-1,0,0,0,0,0,0,-1,0,0,0,0,0,0,-1,0,0,0,0,0,0,-1,0,0,0,0,0,0,-1,0,0,0,-1,0,0,0,-1,0,0,0,-1,0,0,-1,0,-1,0,-1,0,-1,0,-1,0,-1,0,-1,0,-1,0,-1,0,-1,0,-1,0,-1,0,-1,0,0,0,0,0,1,0,127
363,-1,ff,0,0,0,0,0,0,0,0,0,0,0,0,0,0,0,0,0,0,0,0,0,0,0,0,0,0,0,0,0,0,0,0,0,0,0,-1,0,0,0,0,0,-1,0,0,0,0,0,-1,0,0,0,0,0,-1,0,0,0,0,0,0,-1,0,0,0,0,0,0,-1,0,0,0,0,0,0,-1,0,0,0,0,0,0,-1,0,0,0,-1,0,0,0,-1,0,0,0,-1,0,0,-1,0,-1,0,-1,0,-1,0,-1,0,-1,0,-1,0,-1,0,-1,0,-1,0,-1,0,-1,0,-1,0,0,0,0,0,1,0,128
364,-1,ff,0,0,0,0,0,0,0,0,0,0,0,0,0,0,0,0,0,0,0,0,0,0,0,0,0,0,0,0,0,0,0,0,0,0,0,-1,0,0,0,0,0,-1,0,0,0,0,0,-1,0,0,0,0,0,-1,0,0,0,0,0,0,-1,0,0,0,0,0,0,-1,0,0,0,0,0,0,-1,0,0,0,0,0,0,-1,0,0,0,-1,0,0,0,-1,0,0,0,-1,0,0,-1,0,-1,0,-1,0,-1,0,-1,0,-1,0,-1,0,-1,0,-1,0,-1,0,-1,0,-1,0,-1,0,0,0,0,0,1,0,129
365,-1,ff,0,0,0,0,0,0,0,0,0,0,0,0,0,0,0,0,0,0,0,0,0,0,0,0,0,0,0,0,0,0,0,0,0,0,0,-1,0,0,0,0,0,-1,0,0,0,0,0,-1,0,0,0,0,0,-1,0,0,0,0,0,0,-1,0,0,0,0,0,0,-1,0,0,0,0,0,0,-1,0,0,0,0,0,0,-1,0,0,0,-1,0,0,0,-1,0,0,0,-1,0,0,-1,0,-1,0,-1,0,-1,0,-1,0,-1,0,-1,0,-1,0,-1,0,-1,0,-1,0,-1,0,-1,0,0,0,0,0,1,0,130
366,-1,ff,0,0,0,0,0,0,0,0,0,0,0,0,0,0,0,0,0,0,0,0,0,0,0,0,0,0,0,0,0,0,0,0,0,0,0,-1,0,0,0,0,0,-1,0,0,0,0,0,-1,0,0,0,0,0,-1,0,0,0,0,0,0,-1,0,0,0,0,0,0,-1,0,0,0,0,0,0,-1,0,0,0,0,0,0,-1,0,0,0,-1,0,0,0,-1,0,0,0,-1,0,0,-1,0,-1,0,-1,0,-1,0,-1,0,-1,0,-1,0,-1,0,-1,0,-1,0,-1,0,-1,0,-1,0,0,0,0,0,1,0,131
367,-1,ff,0,0,0,0,0,0,0,0,0,0,0,0,0,0,0,0,0,0,0,0,0,0,0,0,0,0,0,0,0,0,0,0,0,0,0,-1,0,0,0,0,0,-1,0,0,0,0,0,-1,0,0,0,0,0,-1,0,0,0,0,0,0,-1,0,0,0,0,0,0,-1,0,0,0,0,0,0,-1,0,0,0,0,0,0,-1,0,0,0,-1,0,0,0,-1,0,0,0,-1,0,0,-1,0,-1,0,-1,0,-1,0,-1,0,-1,0,-1,0,-1,0,-1,0,-1,0,-1,0,-1,0,-1,0,0,0,0,0,1,0,132
368,-1,ff,0,0,0,0,0,0,0,0,0,0,0,0,0,0,0,0,0,0,0,0,0,0,0,0,0,0,0,0,0,0,0,0,0,0,0,-1,0,0,0,0,0,-1,0,0,0,0,0,-1,0,0,0,0,0,-1,0,0,0,0,0,0,-1,0,0,0,0,0,0,-1,0,0,0,0,0,0,-1,0,0,0,0,0,0,-1,0,0,0,-1,0,0,0,-1,0,0,0,-1,0,0,-1,0,-1,0,-1,0,-1,0,-1,0,-1,0,-1,0,-1,0,-1,0,-1,0,-1,0,-1,0,-1,0,0,0,0,0,1,0,133
369,-1,ff,0,0,0,0,0,0,0,0,0,0,0,0,0,0,0,0,0,0,0,0,0,0,0,0,0,0,0,0,0,0,0,0,0,0,0,-1,0,0,0,0,0,-1,0,0,0,0,0,-1,0,0,0,0,0,-1,0,0,0,0,0,0,-1,0,0,0,0,0,0,-1,0,0,0,0,0,0,-1,0,0,0,0,0,0,-1,0,0,0,-1,0,0,0,-1,0,0,0,-1,0,0,-1,0,-1,0,-1,0,-1,0,-1,0,-1,0,-1,0,-1,0,-1,0,-1,0,-1,0,-1,0,-1,0,0,0,0,0,1,0,134
370,-1,ff,0,0,0,0,0,0,0,0,0,0,0,0,0,0,0,0,0,0,0,0,0,0,0,0,0,0,0,0,0,0,0,0,0,0,0,-1,0,0,0,0,0,-1,0,0,0,0,0,-1,0,0,0,0,0,-1,0,0,0,0,0,0,-1,0,0,0,0,0,0,-1,0,0,0,0,0,0,-1,0,0,0,0,0,0,-1,0,0,0,-1,0,0,0,-1,0,0,0,-1,0,0,-1,0,-1,0,-1,0,-1,0,-1,0,-1,0,-1,0,-1,0,-1,0,-1,0,-1,0,-1,0,-1,0,0,0,0,0,1,0,135
371,-1,ff,0,0,0,0,0,0,0,0,0,0,0,0,0,0,0,0,0,0,0,0,0,0,0,0,0,0,0,0,0,0,0,0,0,0,0,-1,0,0,0,0,0,-1,0,0,0,0,0,-1,0,0,0,0,0,-1,0,0,0,0,0,0,-1,0,0,0,0,0,0,-1,0,0,0,0,0,0,-1,0,0,0,0,0,0,-1,0,0,0,-1,0,0,0,-1,0,0,0,-1,0,0,-1,0,-1,0,-1,0,-1,0,-1,0,-1,0,-1,0,-1,0,-1,0,-1,0,-1,0,-1,0,-1,0,0,0,0,0,1,0,136
372,-1,ff,0,0,0,0,0,0,0,0,0,0,0,0,0,0,0,0,0,0,0,0,0,0,0,0,0,0,0,0,0,0,0,0,0,0,0,-1,0,0,0,0,0,-1,0,0,0,0,0,-1,0,0,0,0,0,-1,0,0,0,0,0,0,-1,0,0,0,0,0,0,-1,0,0,0,0,0,0,-1,0,0,0,0,0,0,-1,0,0,0,-1,0,0,0,-1,0,0,0,-1,0,0,-1,0,-1,0,-1,0,-1,0,-1,0,-1,0,-1,0,-1,0,-1,0,-1,0,-1,0,-1,0,-1,0,0,0,0,0,1,0,137
373,-1,ff,0,0,0,0,0,0,0,0,0,0,0,0,0,0,0,0,0,0,0,0,0,0,0,0,0,0,0,0,0,0,0,0,0,0,0,-1,0,0,0,0,0,-1,0,0,0,0,0,-1,0,0,0,0,0,-1,0,0,0,0,0,0,-1,0,0,0,0,0,0,-1,0,0,0,0,0,0,-1,0,0,0,0,0,0,-1,0,0,0,-1,0,0,0,-1,0,0,0,-1,0,0,-1,0,-1,0,-1,0,-1,0,-1,0,-1,0,-1,0,-1,0,-1,0,-1,0,-1,0,-1,0,-1,0,0,0,0,0,1,0,138
374,-1,ff,0,0,0,0,0,0,0,0,0,0,0,0,0,0,0,0,0,0,0,0,0,0,0,0,0,0,0,0,0,0,0,0,0,0,0,-1,0,0,0,0,0,-1,0,0,0,0,0,-1,0,0,0,0,0,-1,0,0,0,0,0,0,-1,0,0,0,0,0,0,-1,0,0,0,0,0,0,-1,0,0,0,0,0,0,-1,0,0,0,-1,0,0,0,-1,0,0,0,-1,0,0,-1,0,-1,0,-1,0,-1,0,-1,0,-1,0,-1,0,-1,0,-1,0,-1,0,-1,0,-1,0,-1,0,0,0,0,0,1,0,139
375,-1,ff,0,0,0,0,0,0,0,0,0,0,0,0,0,0,0,0,0,0,0,0,0,0,0,0,0,0,0,0,0,0,0,0,0,0,0,-1,0,0,0,0,0,-1,0,0,0,0,0,-1,0,0,0,0,0,-1,0,0,0,0,0,0,-1,0,0,0,0,0,0,-1,0,0,0,0,0,0,-1,0,0,0,0,0,0,-1,0,0,0,-1,0,0,0,-1,0,0,0,-1,0,0,-1,0,-1,0,-1,0,-1,0,-1,0,-1,0,-1,0,-1,0,-1,0,-1,0,-1,0,-1,0,-1,0,0,0,0,0,1,0,140
376,-1,ff,0,0,0,0,0,0,0,0,0,0,0,0,0,0,0,0,0,0,0,0,0,0,0,0,0,0,0,0,0,0,0,0,0,0,0,-1,0,0,0,0,0,-1,0,0,0,0,0,-1,0,0,0,0,0,-1,0,0,0,0,0,0,-1,0,0,0,0,0,0,-1,0,0,0,0,0,0,-1,0,0,0,0,0,0,-1,0,0,0,-1,0,0,0,-1,0,0,0,-1,0,0,-1,0,-1,0,-1,0,-1,0,-1,0,-1,0,-1,0,-1,0,-1,0,-1,0,-1,0,-1,0,-1,0,0,0,0,0,1,0,141
377,-1,ff,0,0,0,0,0,0,0,0,0,0,0,0,0,0,0,0,0,0,0,0,0,0,0,0,0,0,0,0,0,0,0,0,0,0,0,-1,0,0,0,0,0,-1,0,0,0,0,0,-1,0,0,0,0,0,-1,0,0,0,0,0,0,-1,0,0,0,0,0,0,-1,0,0,0,0,0,0,-1,0,0,0,0,0,0,-1,0,0,0,-1,0,0,0,-1,0,0,0,-1,0,0,-1,0,-1,0,-1,0,-1,0,-1,0,-1,0,-1,0,-1,0,-1,0,-1,0,-1,0,-1,0,-1,0,0,0,0,0,1,0,142
378,-1,ff,0,0,0,0,0,0,0,0,0,0,0,0,0,0,0,0,0,0,0,0,0,0,0,0,0,0,0,0,0,0,0,0,0,0,0,-1,0,0,0,0,0,-1,0,0,0,0,0,-1,0,0,0,0,0,-1,0,0,0,0,0,0,-1,0,0,0,0,0,0,-1,0,0,0,0,0,0,-1,0,0,0,0,0,0,-1,0,0,0,-1,0,0,0,-1,0,0,0,-1,0,0,-1,0,-1,0,-1,0,-1,0,-1,0,-1,0,-1,0,-1,0,-1,0,-1,0,-1,0,-1,0,-1,0,0,0,0,0,1,0,143
379,-1,ff,0,0,0,0,0,0,0,0,0,0,0,0,0,0,0,0,0,0,0,0,0,0,0,0,0,0,0,0,0,0,0,0,0,0,0,-1,0,0,0,0,0,-1,0,0,0,0,0,-1,0,0,0,0,0,-1,0,0,0,0,0,0,-1,0,0,0,0,0,0,-1,0,0,0,0,0,0,-1,0,0,0,0,0,0,-1,0,0,0,-1,0,0,0,-1,0,0,0,-1,0,0,-1,0,-1,0,-1,0,-1,0,-1,0,-1,0,-1,0,-1,0,-1,0,-1,0,-1,0,-1,0,-1,0,0,0,0,0,1,0,144
380,-1,ff,0,0,0,0,0,0,0,0,0,0,0,0,0,0,0,0,0,0,0,0,0,0,0,0,0,0,0,0,0,0,0,0,0,0,0,-1,0,0,0,0,0,-1,0,0,0,0,0,-1,0,0,0,0,0,-1,0,0,0,0,0,0,-1,0,0,0,0,0,0,-1,0,0,0,0,0,0,-1,0,0,0,0,0,0,-1,0,0,0,-1,0,0,0,-1,0,0,0,-1,0,0,-1,0,-1,0,-1,0,-1,0,-1,0,-1,0,-1,0,-1,0,-1,0,-1,0,-1,0,-1,0,-1,0,0,0,0,0,1,0,145
381,-1,ff,0,0,0,0,0,0,0,0,0,0,0,0,0,0,0,0,0,0,0,0,0,0,0,0,0,0,0,0,0,0,0,0,0,0,0,-1,0,0,0,0,0,-1,0,0,0,0,0,-1,0,0,0,0,0,-1,0,0,0,0,0,0,-1,0,0,0,0,0,0,-1,0,0,0,0,0,0,-1,0,0,0,0,0,0,-1,0,0,0,-1,0,0,0,-1,0,0,0,-1,0,0,-1,0,-1,0,-1,0,-1,0,-1,0,-1,0,-1,0,-1,0,-1,0,-1,0,-1,0,-1,0,-1,0,0,0,0,0,1,0,146
382,-1,ff,0,0,0,0,0,0,0,0,0,0,0,0,0,0,0,0,0,0,0,0,0,0,0,0,0,0,0,0,0,0,0,0,0,0,0,-1,0,0,0,0,0,-1,0,0,0,0,0,-1,0,0,0,0,0,-1,0,0,0,0,0,0,-1,0,0,0,0,0,0,-1,0,0,0,0,0,0,-1,0,0,0,0,0,0,-1,0,0,0,-1,0,0,0,-1,0,0,0,-1,0,0,-1,0,-1,0,-1,0,-1,0,-1,0,-1,0,-1,0,-1,0,-1,0,-1,0,-1,0,-1,0,-1,0,0,0,0,0,1,0,147
383,-1,ff,0,0,0,0,0,0,0,0,0,0,0,0,0,0,0,0,0,0,0,0,0,0,0,0,0,0,0,0,0,0,0,0,0,0,0,-1,0,0,0,0,0,-1,0,0,0,0,0,-1,0,0,0,0,0,-1,0,0,0,0,0,0,-1,0,0,0,0,0,0,-1,0,0,0,0,0,0,-1,0,0,0,0,0,0,-1,0,0,0,-1,0,0,0,-1,0,0,0,-1,0,0,-1,0,-1,0,-1,0,-1,0,-1,0,-1,0,-1,0,-1,0,-1,0,-1,0,-1,0,-1,0,-1,0,0,0,0,0,1,0,148
384,-1,ff,0,0,0,0,0,0,0,0,0,0,0,0,0,0,0,0,0,0,0,0,0,0,0,0,0,0,0,0,0,0,0,0,0,0,0,-1,0,0,0,0,0,-1,0,0,0,0,0,-1,0,0,0,0,0,-1,0,0,0,0,0,0,-1,0,0,0,0,0,0,-1,0,0,0,0,0,0,-1,0,0,0,0,0,0,-1,0,0,0,-1,0,0,0,-1,0,0,0,-1,0,0,-1,0,-1,0,-1,0,-1,0,-1,0,-1,0,-1,0,-1,0,-1,0,-1,0,-1,0,-1,0,-1,0,0,0,0,0,1,0,149
385,-1,ff,0,0,0,0,0,0,0,0,0,0,0,0,0,0,0,0,0,0,0,0,0,0,0,0,0,0,0,0,0,0,0,0,0,0,0,-1,0,0,0,0,0,-1,0,0,0,0,0,-1,0,0,0,0,0,-1,0,0,0,0,0,0,-1,0,0,0,0,0,0,-1,0,0,0,0,0,0,-1,0,0,0,0,0,0,-1,0,0,0,-1,0,0,0,-1,0,0,0,-1,0,0,-1,0,-1,0,-1,0,-1,0,-1,0,-1,0,-1,0,-1,0,-1,0,-1,0,-1,0,-1,0,-1,0,0,0,0,0,1,0,150
386,-1,ff,0,0,0,0,0,0,0,0,0,0,0,0,0,0,0,0,0,0,0,0,0,0,0,0,0,0,0,0,0,0,0,0,0,0,0,-1,0,0,0,0,0,-1,0,0,0,0,0,-1,0,0,0,0,0,-1,0,0,0,0,0,0,-1,0,0,0,0,0,0,-1,0,0,0,0,0,0,-1,0,0,0,0,0,0,-1,0,0,0,-1,0,0,0,-1,0,0,0,-1,0,0,-1,0,-1,0,-1,0,-1,0,-1,0,-1,0,-1,0,-1,0,-1,0,-1,0,-1,0,-1,0,-1,0,0,0,0,0,1,0,151
387,-1,ff,0,0,0,0,0,0,0,0,0,0,0,0,0,0,0,0,0,0,0,0,0,0,0,0,0,0,0,0,0,0,0,0,0,0,0,-1,0,0,0,0,0,-1,0,0,0,0,0,-1,0,0,0,0,0,-1,0,0,0,0,0,0,-1,0,0,0,0,0,0,-1,0,0,0,0,0,0,-1,0,0,0,0,0,0,-1,0,0,0,-1,0,0,0,-1,0,0,0,-1,0,0,-1,0,-1,0,-1,0,-1,0,-1,0,-1,0,-1,0,-1,0,-1,0,-1,0,-1,0,-1,0,-1,0,0,0,0,0,1,0,152
388,-1,ff,0,0,0,0,0,0,0,0,0,0,0,0,0,0,0,0,0,0,0,0,0,0,0,0,0,0,0,0,0,0,0,0,0,0,0,-1,0,0,0,0,0,-1,0,0,0,0,0,-1,0,0,0,0,0,-1,0,0,0,0,0,0,-1,0,0,0,0,0,0,-1,0,0,0,0,0,0,-1,0,0,0,0,0,0,-1,0,0,0,-1,0,0,0,-1,0,0,0,-1,0,0,-1,0,-1,0,-1,0,-1,0,-1,0,-1,0,-1,0,-1,0,-1,0,-1,0,-1,0,-1,0,-1,0,0,0,0,0,1,0,153
389,-1,ff,0,0,0,0,0,0,0,0,0,0,0,0,0,0,0,0,0,0,0,0,0,0,0,0,0,0,0,0,0,0,0,0,0,0,0,-1,0,0,0,0,0,-1,0,0,0,0,0,-1,0,0,0,0,0,-1,0,0,0,0,0,0,-1,0,0,0,0,0,0,-1,0,0,0,0,0,0,-1,0,0,0,0,0,0,-1,0,0,0,-1,0,0,0,-1,0,0,0,-1,0,0,-1,0,-1,0,-1,0,-1,0,-1,0,-1,0,-1,0,-1,0,-1,0,-1,0,-1,0,-1,0,-1,0,0,0,0,0,1,0,154
390,-1,ff,0,0,0,0,0,0,0,0,0,0,0,0,0,0,0,0,0,0,0,0,0,0,0,0,0,0,0,0,0,0,0,0,0,0,0,-1,0,0,0,0,0,-1,0,0,0,0,0,-1,0,0,0,0,0,-1,0,0,0,0,0,0,-1,0,0,0,0,0,0,-1,0,0,0,0,0,0,-1,0,0,0,0,0,0,-1,0,0,0,-1,0,0,0,-1,0,0,0,-1,0,0,-1,0,-1,0,-1,0,-1,0,-1,0,-1,0,-1,0,-1,0,-1,0,-1,0,-1,0,-1,0,-1,0,0,0,0,0,1,0,155
391,-1,ff,0,0,0,0,0,0,0,0,0,0,0,0,0,0,0,0,0,0,0,0,0,0,0,0,0,0,0,0,0,0,0,0,0,0,0,-1,0,0,0,0,0,-1,0,0,0,0,0,-1,0,0,0,0,0,-1,0,0,0,0,0,0,-1,0,0,0,0,0,0,-1,0,0,0,0,0,0,-1,0,0,0,0,0,0,-1,0,0,0,-1,0,0,0,-1,0,0,0,-1,0,0,-1,0,-1,0,-1,0,-1,0,-1,0,-1,0,-1,0,-1,0,-1,0,-1,0,-1,0,-1,0,-1,0,0,0,0,0,1,0,156
392,-1,ff,0,0,0,0,0,0,0,0,0,0,0,0,0,0,0,0,0,0,0,0,0,0,0,0,0,0,0,0,0,0,0,0,0,0,0,-1,0,0,0,0,0,-1,0,0,0,0,0,-1,0,0,0,0,0,-1,0,0,0,0,0,0,-1,0,0,0,0,0,0,-1,0,0,0,0,0,0,-1,0,0,0,0,0,0,-1,0,0,0,-1,0,0,0,-1,0,0,0,-1,0,0,-1,0,-1,0,-1,0,-1,0,-1,0,-1,0,-1,0,-1,0,-1,0,-1,0,-1,0,-1,0,-1,0,0,0,0,0,1,0,157
393,-1,ff,0,0,0,0,0,0,0,0,0,0,0,0,0,0,0,0,0,0,0,0,0,0,0,0,0,0,0,0,0,0,0,0,0,0,0,-1,0,0,0,0,0,-1,0,0,0,0,0,-1,0,0,0,0,0,-1,0,0,0,0,0,0,-1,0,0,0,0,0,0,-1,0,0,0,0,0,0,-1,0,0,0,0,0,0,-1,0,0,0,-1,0,0,0,-1,0,0,0,-1,0,0,-1,0,-1,0,-1,0,-1,0,-1,0,-1,0,-1,0,-1,0,-1,0,-1,0,-1,0,-1,0,-1,0,0,0,0,0,1,0,158
394,-1,ff,0,0,0,0,0,0,0,0,0,0,0,0,0,0,0,0,0,0,0,0,0,0,0,0,0,0,0,0,0,0,0,0,0,0,0,-1,0,0,0,0,0,-1,0,0,0,0,0,-1,0,0,0,0,0,-1,0,0,0,0,0,0,-1,0,0,0,0,0,0,-1,0,0,0,0,0,0,-1,0,0,0,0,0,0,-1,0,0,0,-1,0,0,0,-1,0,0,0,-1,0,0,-1,0,-1,0,-1,0,-1,0,-1,0,-1,0,-1,0,-1,0,-1,0,-1,0,-1,0,-1,0,-1,0,0,0,0,0,1,0,159
395,-1,ff,0,0,0,0,0,0,0,0,0,0,0,0,0,0,0,0,0,0,0,0,0,0,0,0,0,0,0,0,0,0,0,0,0,0,0,-1,0,0,0,0,0,-1,0,0,0,0,0,-1,0,0,0,0,0,-1,0,0,0,0,0,0,-1,0,0,0,0,0,0,-1,0,0,0,0,0,0,-1,0,0,0,0,0,0,-1,0,0,0,-1,0,0,0,-1,0,0,0,-1,0,0,-1,0,-1,0,-1,0,-1,0,-1,0,-1,0,-1,0,-1,0,-1,0,-1,0,-1,0,-1,0,-1,0,0,0,0,0,1,0,160
396,-1,ff,0,0,0,0,0,0,0,0,0,0,0,0,0,0,0,0,0,0,0,0,0,0,0,0,0,0,0,0,0,0,0,0,0,0,0,-1,0,0,0,0,0,-1,0,0,0,0,0,-1,0,0,0,0,0,-1,0,0,0,0,0,0,-1,0,0,0,0,0,0,-1,0,0,0,0,0,0,-1,0,0,0,0,0,0,-1,0,0,0,-1,0,0,0,-1,0,0,0,-1,0,0,-1,0,-1,0,-1,0,-1,0,-1,0,-1,0,-1,0,-1,0,-1,0,-1,0,-1,0,-1,0,-1,0,0,0,0,0,1,0,161
397,-1,ff,0,0,0,0,0,0,0,0,0,0,0,0,0,0,0,0,0,0,0,0,0,0,0,0,0,0,0,0,0,0,0,0,0,0,0,-1,0,0,0,0,0,-1,0,0,0,0,0,-1,0,0,0,0,0,-1,0,0,0,0,0,0,-1,0,0,0,0,0,0,-1,0,0,0,0,0,0,-1,0,0,0,0,0,0,-1,0,0,0,-1,0,0,0,-1,0,0,0,-1,0,0,-1,0,-1,0,-1,0,-1,0,-1,0,-1,0,-1,0,-1,0,-1,0,-1,0,-1,0,-1,0,-1,0,0,0,0,0,1,0,162
398,-1,ff,0,0,0,0,0,0,0,0,0,0,0,0,0,0,0,0,0,0,0,0,0,0,0,0,0,0,0,0,0,0,0,0,0,0,0,-1,0,0,0,0,0,-1,0,0,0,0,0,-1,0,0,0,0,0,-1,0,0,0,0,0,0,-1,0,0,0,0,0,0,-1,0,0,0,0,0,0,-1,0,0,0,0,0,0,-1,0,0,0,-1,0,0,0,-1,0,0,0,-1,0,0,-1,0,-1,0,-1,0,-1,0,-1,0,-1,0,-1,0,-1,0,-1,0,-1,0,-1,0,-1,0,-1,0,0,0,0,0,1,0,163
399,-1,ff,0,0,0,0,0,0,0,0,0,0,0,0,0,0,0,0,0,0,0,0,0,0,0,0,0,0,0,0,0,0,0,0,0,0,0,-1,0,0,0,0,0,-1,0,0,0,0,0,-1,0,0,0,0,0,-1,0,0,0,0,0,0,-1,0,0,0,0,0,0,-1,0,0,0,0,0,0,-1,0,0,0,0,0,0,-1,0,0,0,-1,0,0,0,-1,0,0,0,-1,0,0,-1,0,-1,0,-1,0,-1,0,-1,0,-1,0,-1,0,-1,0,-1,0,-1,0,-1,0,-1,0,-1,0,0,0,0,0,1,0,164
400,-1,ff,0,0,0,0,0,0,0,0,0,0,0,0,0,0,0,0,0,0,0,0,0,0,0,0,0,0,0,0,0,0,0,0,0,0,0,-1,0,0,0,0,0,-1,0,0,0,0,0,-1,0,0,0,0,0,-1,0,0,0,0,0,0,-1,0,0,0,0,0,0,-1,0,0,0,0,0,0,-1,0,0,0,0,0,0,-1,0,0,0,-1,0,0,0,-1,0,0,0,-1,0,0,-1,0,-1,0,-1,0,-1,0,-1,0,-1,0,-1,0,-1,0,-1,0,-1,0,-1,0,-1,0,-1,0,0,0,0,0,1,0,165
401,-1,ff,0,0,0,0,0,0,0,0,0,0,0,0,0,0,0,0,0,0,0,0,0,0,0,0,0,0,0,0,0,0,0,0,0,0,0,-1,0,0,0,0,0,-1,0,0,0,0,0,-1,0,0,0,0,0,-1,0,0,0,0,0,0,-1,0,0,0,0,0,0,-1,0,0,0,0,0,0,-1,0,0,0,0,0,0,-1,0,0,0,-1,0,0,0,-1,0,0,0,-1,0,0,-1,0,-1,0,-1,0,-1,0,-1,0,-1,0,-1,0,-1,0,-1,0,-1,0,-1,0,-1,0,-1,0,0,0,0,0,1,0,166
402,-1,ff,0,0,0,0,0,0,0,0,0,0,0,0,0,0,0,0,0,0,0,0,0,0,0,0,0,0,0,0,0,0,0,0,0,0,0,-1,0,0,0,0,0,-1,0,0,0,0,0,-1,0,0,0,0,0,-1,0,0,0,0,0,0,-1,0,0,0,0,0,0,-1,0,0,0,0,0,0,-1,0,0,0,0,0,0,-1,0,0,0,-1,0,0,0,-1,0,0,0,-1,0,0,-1,0,-1,0,-1,0,-1,0,-1,0,-1,0,-1,0,-1,0,-1,0,-1,0,-1,0,-1,0,-1,0,0,0,0,3,0,0,166
403,-1,ff,0,0,0,0,0,0,0,0,0,0,0,0,0,0,0,0,0,0,0,0,0,0,0,0,0,0,0,0,0,0,0,0,0,0,0,-1,0,0,0,0,0,-1,0,0,0,0,0,-1,0,0,0,0,0,-1,0,0,0,0,0,0,-1,0,0,0,0,0,0,-1,0,0,0,0,0,0,-1,0,0,0,0,0,0,-1,0,0,0,-1,0,0,0,-1,0,0,0,-1,0,0,-1,0,-1,0,-1,0,-1,0,-1,0,-1,0,-1,0,-1,0,-1,0,-1,0,-1,0,-1,0,-1,0,0,0,0,3,1,0,167
404,-1,ff,0,0,0,0,0,0,0,0,0,0,0,0,0,0,0,0,0,0,0,0,0,0,0,0,0,0,0,0,0,0,0,0,0,0,0,-1,0,0,0,0,0,-1,0,0,0,0,0,-1,0,0,0,0,0,-1,0,0,0,0,0,0,-1,0,0,0,0,0,0,-1,0,0,0,0,0,0,-1,0,0,0,0,0,0,-1,0,0,0,-1,0,0,0,-1,0,0,0,-1,0,0,-1,0,-1,0,-1,0,-1,0,-1,0,-1,0,-1,0,-1,0,-1,0,-1,0,-1,0,-1,0,-1,0,0,0,0,3,1,0,168
405,-1,ff,0,0,0,0,0,0,0,0,0,0,0,0,0,0,0,0,0,0,0,0,0,0,0,0,0,0,0,0,0,0,0,0,0,0,0,-1,0,0,0,0,0,-1,0,0,0,0,0,-1,0,0,0,0,0,-1,0,0,0,0,0,0,-1,0,0,0,0,0,0,-1,0,0,0,0,0,0,-1,0,0,0,0,0,0,-1,0,0,0,-1,0,0,0,-1,0,0,0,-1,0,0,-1,0,-1,0,-1,0,-1,0,-1,0,-1,0,-1,0,-1,0,-1,0,-1,0,-1,0,-1,0,-1,0,0,0,0,3,1,0,169
406,-1,ff,0,0,0,0,0,0,0,0,0,0,0,0,0,0,0,0,0,0,0,0,0,0,0,0,0,0,0,0,0,0,0,0,0,0,0,-1,0,0,0,0,0,-1,0,0,0,0,0,-1,0,0,0,0,0,-1,0,0,0,0,0,0,-1,0,0,0,0,0,0,-1,0,0,0,0,0,0,-1,0,0,0,0,0,0,-1,0,0,0,-1,0,0,0,-1,0,0,0,-1,0,0,-1,0,-1,0,-1,0,-1,0,-1,0,-1,0,-1,0,-1,0,-1,0,-1,0,-1,0,-1,0,-1,0,0,0,0,3,1,0,170
407,-1,ff,0,0,0,0,0,0,0,0,0,0,0,0,0,0,0,0,0,0,0,0,0,0,0,0,0,0,0,0,0,0,0,0,0,0,0,-1,0,0,0,0,0,-1,0,0,0,0,0,-1,0,0,0,0,0,-1,0,0,0,0,0,0,-1,0,0,0,0,0,0,-1,0,0,0,0,0,0,-1,0,0,0,0,0,0,-1,0,0,0,-1,0,0,0,-1,0,0,0,-1,0,0,-1,0,-1,0,-1,0,-1,0,-1,0,-1,0,-1,0,-1,0,-1,0,-1,0,-1,0,-1,0,-1,0,0,0,0,3,1,0,171
408,-1,ff,0,0,0,0,0,0,0,0,0,0,0,0,0,0,0,0,0,0,0,0,0,0,0,0,0,0,0,0,0,0,0,0,0,0,0,-1,0,0,0,0,0,-1,0,0,0,0,0,-1,0,0,0,0,0,-1,0,0,0,0,0,0,-1,0,0,0,0,0,0,-1,0,0,0,0,0,0,-1,0,0,0,0,0,0,-1,0,0,0,-1,0,0,0,-1,0,0,0,-1,0,0,-1,0,-1,0,-1,0,-1,0,-1,0,-1,0,-1,0,-1,0,-1,0,-1,0,-1,0,-1,0,-1,0,0,0,0,3,1,0,172
409,-1,ff,0,0,0,0,0,0,0,0,0,0,0,0,0,0,0,0,0,0,0,0,0,0,0,0,0,0,0,0,0,0,0,0,0,0,0,-1,0,0,0,0,0,-1,0,0,0,0,0,-1,0,0,0,0,0,-1,0,0,0,0,0,0,-1,0,0,0,0,0,0,-1,0,0,0,0,0,0,-1,0,0,0,0,0,0,-1,0,0,0,-1,0,0,0,-1,0,0,0,-1,0,0,-1,0,-1,0,-1,0,-1,0,-1,0,-1,0,-1,0,-1,0,-1,0,-1,0,-1,0,-1,0,-1,0,0,0,0,3,1,0,173
410,-1,ff,0,0,0,0,0,0,0,0,0,0,0,0,0,0,0,0,0,0,0,0,0,0,0,0,0,0,0,0,0,0,0,0,0,0,0,-1,0,0,0,0,0,-1,0,0,0,0,0,-1,0,0,0,0,0,-1,0,0,0,0,0,0,-1,0,0,0,0,0,0,-1,0,0,0,0,0,0,-1,0,0,0,0,0,0,-1,0,0,0,-1,0,0,0,-1,0,0,0,-1,0,0,-1,0,-1,0,-1,0,-1,0,-1,0,-1,0,-1,0,-1,0,-1,0,-1,0,-1,0,-1,0,-1,0,0,0,0,3,1,0,174
411,-1,ff,0,0,0,0,0,0,0,0,0,0,0,0,0,0,0,0,0,0,0,0,0,0,0,0,0,0,0,0,0,0,0,0,0,0,0,-1,0,0,0,0,0,-1,0,0,0,0,0,-1,0,0,0,0,0,-1,0,0,0,0,0,0,-1,0,0,0,0,0,0,-1,0,0,0,0,0,0,-1,0,0,0,0,0,0,-1,0,0,0,-1,0,0,0,-1,0,0,0,-1,0,0,-1,0,-1,0,-1,0,-1,0,-1,0,-1,0,-1,0,-1,0,-1,0,-1,0,-1,0,-1,0,-1,0,0,0,0,3,1,0,175
412,-1,ff,0,0,0,0,0,0,0,0,0,0,0,0,0,0,0,0,0,0,0,0,0,0,0,0,0,0,0,0,0,0,0,0,0,0,0,-1,0,0,0,0,0,-1,0,0,0,0,0,-1,0,0,0,0,0,-1,0,0,0,0,0,0,-1,0,0,0,0,0,0,-1,0,0,0,0,0,0,-1,0,0,0,0,0,0,-1,0,0,0,-1,0,0,0,-1,0,0,0,-1,0,0,-1,0,-1,0,-1,0,-1,0,-1,0,-1,0,-1,0,-1,0,-1,0,-1,0,-1,0,-1,0,-1,0,0,0,0,3,1,0,176
413,-1,ff,0,0,0,0,0,0,0,0,0,0,0,0,0,0,0,0,0,0,0,0,0,0,0,0,0,0,0,0,0,0,0,0,0,0,0,-1,0,0,0,0,0,-1,0,0,0,0,0,-1,0,0,0,0,0,-1,0,0,0,0,0,0,-1,0,0,0,0,0,0,-1,0,0,0,0,0,0,-1,0,0,0,0,0,0,-1,0,0,0,-1,0,0,0,-1,0,0,0,-1,0,0,-1,0,-1,0,-1,0,-1,0,-1,0,-1,0,-1,0,-1,0,-1,0,-1,0,-1,0,-1,0,-1,0,0,0,0,3,1,0,177
414,-1,ff,0,0,0,0,0,0,0,0,0,0,0,0,0,0,0,0,0,0,0,0,0,0,0,0,0,0,0,0,0,0,0,0,0,0,0,-1,0,0,0,0,0,-1,0,0,0,0,0,-1,0,0,0,0,0,-1,0,0,0,0,0,0,-1,0,0,0,0,0,0,-1,0,0,0,0,0,0,-1,0,0,0,0,0,0,-1,0,0,0,-1,0,0,0,-1,0,0,0,-1,0,0,-1,0,-1,0,-1,0,-1,0,-1,0,-1,0,-1,0,-1,0,-1,0,-1,0,-1,0,-1,0,-1,0,0,0,0,3,1,0,178
415,-1,ff,0,0,0,0,0,0,0,0,0,0,0,0,0,0,0,0,0,0,0,0,0,0,0,0,0,0,0,0,0,0,0,0,0,0,0,-1,0,0,0,0,0,-1,0,0,0,0,0,-1,0,0,0,0,0,-1,0,0,0,0,0,0,-1,0,0,0,0,0,0,-1,0,0,0,0,0,0,-1,0,0,0,0,0,0,-1,0,0,0,-1,0,0,0,-1,0,0,0,-1,0,0,-1,0,-1,0,-1,0,-1,0,-1,0,-1,0,-1,0,-1,0,-1,0,-1,0,-1,0,-1,0,-1,0,0,0,0,3,1,0,179
416,-1,ff,0,0,0,0,0,0,0,0,0,0,0,0,0,0,0,0,0,0,0,0,0,0,0,0,0,0,0,0,0,0,0,0,0,0,0,-1,0,0,0,0,0,-1,0,0,0,0,0,-1,0,0,0,0,0,-1,0,0,0,0,0,0,-1,0,0,0,0,0,0,-1,0,0,0,0,0,0,-1,0,0,0,0,0,0,-1,0,0,0,-1,0,0,0,-1,0,0,0,-1,0,0,-1,0,-1,0,-1,0,-1,0,-1,0,-1,0,-1,0,-1,0,-1,0,-1,0,-1,0,-1,0,-1,0,0,0,0,3,1,0,180
417,-1,ff,0,0,0,0,0,0,0,0,0,0,0,0,0,0,0,0,0,0,0,0,0,0,0,0,0,0,0,0,0,0,0,0,0,0,0,-1,0,0,0,0,0,-1,0,0,0,0,0,-1,0,0,0,0,0,-1,0,0,0,0,0,0,-1,0,0,0,0,0,0,-1,0,0,0,0,0,0,-1,0,0,0,0,0,0,-1,0,0,0,-1,0,0,0,-1,0,0,0,-1,0,0,-1,0,-1,0,-1,0,-1,0,-1,0,-1,0,-1,0,-1,0,-1,0,-1,0,-1,0,-1,0,-1,0,0,0,0,3,1,0,181
418,-1,ff,0,0,0,0,0,0,0,0,0,0,0,0,0,0,0,0,0,0,0,0,0,0,0,0,0,0,0,0,0,0,0,0,0,0,0,-1,0,0,0,0,0,-1,0,0,0,0,0,-1,0,0,0,0,0,-1,0,0,0,0,0,0,-1,0,0,0,0,0,0,-1,0,0,0,0,0,0,-1,0,0,0,0,0,0,-1,0,0,0,-1,0,0,0,-1,0,0,0,-1,0,0,-1,0,-1,0,-1,0,-1,0,-1,0,-1,0,-1,0,-1,0,-1,0,-1,0,-1,0,-1,0,-1,0,0,0,0,3,1,0,182
419,-1,ff,0,0,0,0,0,0,0,0,0,0,0,0,0,0,0,0,0,0,0,0,0,0,0,0,0,0,0,0,0,0,0,0,0,0,0,-1,0,0,0,0,0,-1,0,0,0,0,0,-1,0,0,0,0,0,-1,0,0,0,0,0,0,-1,0,0,0,0,0,0,-1,0,0,0,0,0,0,-1,0,0,0,0,0,0,-1,0,0,0,-1,0,0,0,-1,0,0,0,-1,0,0,-1,0,-1,0,-1,0,-1,0,-1,0,-1,0,-1,0,-1,0,-1,0,-1,0,-1,0,-1,0,-1,0,0,0,0,3,1,0,183
420,-1,ff,0,0,0,0,0,0,0,0,0,0,0,0,0,0,0,0,0,0,0,0,0,0,0,0,0,0,0,0,0,0,0,0,0,0,0,-1,0,0,0,0,0,-1,0,0,0,0,0,-1,0,0,0,0,0,-1,0,0,0,0,0,0,-1,0,0,0,0,0,0,-1,0,0,0,0,0,0,-1,0,0,0,0,0,0,-1,0,0,0,-1,0,0,0,-1,0,0,0,-1,0,0,-1,0,-1,0,-1,0,-1,0,-1,0,-1,0,-1,0,-1,0,-1,0,-1,0,-1,0,-1,0,-1,0,0,0,0,3,1,0,184
421,-1,ff,0,0,0,0,0,0,0,0,0,0,0,0,0,0,0,0,0,0,0,0,0,0,0,0,0,0,0,0,0,0,0,0,0,0,0,-1,0,0,0,0,0,-1,0,0,0,0,0,-1,0,0,0,0,0,-1,0,0,0,0,0,0,-1,0,0,0,0,0,0,-1,0,0,0,0,0,0,-1,0,0,0,0,0,0,-1,0,0,0,-1,0,0,0,-1,0,0,0,-1,0,0,-1,0,-1,0,-1,0,-1,0,-1,0,-1,0,-1,0,-1,0,-1,0,-1,0,-1,0,-1,0,-1,0,0,0,0,3,1,0,185
422,-1,ff,0,0,0,0,0,0,0,0,0,0,0,0,0,0,0,0,0,0,0,0,0,0,0,0,0,0,0,0,0,0,0,0,0,0,0,-1,0,0,0,0,0,-1,0,0,0,0,0,-1,0,0,0,0,0,-1,0,0,0,0,0,0,-1,0,0,0,0,0,0,-1,0,0,0,0,0,0,-1,0,0,0,0,0,0,-1,0,0,0,-1,0,0,0,-1,0,0,0,-1,0,0,-1,0,-1,0,-1,0,-1,0,-1,0,-1,0,-1,0,-1,0,-1,0,-1,0,-1,0,-1,0,-1,0,0,0,0,3,1,0,186
423,-1,ff,0,0,0,0,0,0,0,0,0,0,0,0,0,0,0,0,0,0,0,0,0,0,0,0,0,0,0,0,0,0,0,0,0,0,0,-1,0,0,0,0,0,-1,0,0,0,0,0,-1,0,0,0,0,0,-1,0,0,0,0,0,0,-1,0,0,0,0,0,0,-1,0,0,0,0,0,0,-1,0,0,0,0,0,0,-1,0,0,0,-1,0,0,0,-1,0,0,0,-1,0,0,-1,0,-1,0,-1,0,-1,0,-1,0,-1,0,-1,0,-1,0,-1,0,-1,0,-1,0,-1,0,-1,0,0,0,0,3,1,0,187
424,-1,ff,0,0,0,0,0,0,0,0,0,0,0,0,0,0,0,0,0,0,0,0,0,0,0,0,0,0,0,0,0,0,0,0,0,0,0,-1,0,0,0,0,0,-1,0,0,0,0,0,-1,0,0,0,0,0,-1,0,0,0,0,0,0,-1,0,0,0,0,0,0,-1,0,0,0,0,0,0,-1,0,0,0,0,0,0,-1,0,0,0,-1,0,0,0,-1,0,0,0,-1,0,0,-1,0,-1,0,-1,0,-1,0,-1,0,-1,0,-1,0,-1,0,-1,0,-1,0,-1,0,-1,0,-1,0,0,0,0,3,1,0,188
425,-1,ff,0,0,0,0,0,0,0,0,0,0,0,0,0,0,0,0,0,0,0,0,0,0,0,0,0,0,0,0,0,0,0,0,0,0,0,-1,0,0,0,0,0,-1,0,0,0,0,0,-1,0,0,0,0,0,-1,0,0,0,0,0,0,-1,0,0,0,0,0,0,-1,0,0,0,0,0,0,-1,0,0,0,0,0,0,-1,0,0,0,-1,0,0,0,-1,0,0,0,-1,0,0,-1,0,-1,0,-1,0,-1,0,-1,0,-1,0,-1,0,-1,0,-1,0,-1,0,-1,0,-1,0,-1,0,0,0,0,3,1,0,189
426,-1,ff,0,0,0,0,0,0,0,0,0,0,0,0,0,0,0,0,0,0,0,0,0,0,0,0,0,0,0,0,0,0,0,0,0,0,0,-1,0,0,0,0,0,-1,0,0,0,0,0,-1,0,0,0,0,0,-1,0,0,0,0,0,0,-1,0,0,0,0,0,0,-1,0,0,0,0,0,0,-1,0,0,0,0,0,0,-1,0,0,0,-1,0,0,0,-1,0,0,0,-1,0,0,-1,0,-1,0,-1,0,-1,0,-1,0,-1,0,-1,0,-1,0,-1,0,-1,0,-1,0,-1,0,-1,0,0,0,0,3,0,1,190
427,-1,ff,0,0,0,0,0,0,0,0,0,0,0,0,0,0,0,0,0,0,0,0,0,0,0,0,0,0,0,0,0,0,0,0,0,0,0,-1,0,0,0,0,0,-1,0,0,0,0,0,-1,0,0,0,0,0,-1,0,0,0,0,0,0,-1,0,0,0,0,0,0,-1,0,0,0,0,0,0,-1,0,0,0,0,0,0,-1,0,0,0,-1,0,0,0,-1,0,0,0,-1,0,0,-1,0,-1,0,-1,0,-1,0,-1,0,-1,0,-1,0,-1,0,-1,0,-1,0,-1,0,-1,0,-1,0,0,0,0,3,2,1,191
428,-1,ff,0,0,0,0,0,0,0,0,0,0,0,0,0,0,0,0,0,0,0,0,0,0,0,0,0,0,0,0,0,0,0,0,0,0,0,-1,0,0,0,0,0,-1,0,0,0,0,0,-1,0,0,0,0,0,-1,0,0,0,0,0,0,-1,0,0,0,0,0,0,-1,0,0,0,0,0,0,-1,0,0,0,0,0,0,-1,0,0,0,-1,0,0,0,-1,0,0,0,-1,0,0,-1,0,-1,0,-1,0,-1,0,-1,0,-1,0,-1,0,-1,0,-1,0,-1,0,-1,0,-1,0,-1,0,0,0,0,3,0,2,192
429,-1,ff,0,0,0,0,0,0,0,0,0,0,0,0,0,0,0,0,0,0,0,0,0,0,0,0,0,0,0,0,0,0,0,0,0,0,0,-1,0,0,0,0,0,-1,0,0,0,0,0,-1,0,0,0,0,0,-1,0,0,0,0,0,0,-1,0,0,0,0,0,0,-1,0,0,0,0,0,0,-1,0,0,0,0,0,0,-1,0,0,0,-1,0,0,0,-1,0,0,0,-1,0,0,-1,0,-1,0,-1,0,-1,0,-1,0,-1,0,-1,0,-1,0,-1,0,-1,0,-1,0,-1,0,-1,0,0,0,0,3,2,2,193
430,-1,ff,0,0,0,0,0,0,0,0,0,0,0,0,0,0,0,0,0,0,0,0,0,0,0,0,0,0,0,0,0,0,0,0,0,0,0,-1,0,0,0,0,0,-1,0,0,0,0,0,-1,0,0,0,0,0,-1,0,0,0,0,0,0,-1,0,0,0,0,0,0,-1,0,0,0,0,0,0,-1,0,0,0,0,0,0,-1,0,0,0,-1,0,0,0,-1,0,0,0,-1,0,0,-1,0,-1,0,-1,0,-1,0,-1,0,-1,0,-1,0,-1,0,-1,0,-1,0,-1,0,-1,0,-1,0,0,0,0,3,1,2,194
431,-1,ff,0,0,0,0,0,0,0,0,0,0,0,0,0,0,0,0,0,0,0,0,0,0,0,0,0,0,0,0,0,0,0,0,0,0,0,-1,0,0,0,0,0,-1,0,0,0,0,0,-1,0,0,0,0,0,-1,0,0,0,0,0,0,-1,0,0,0,0,0,0,-1,0,0,0,0,0,0,-1,0,0,0,0,0,0,-1,0,0,0,-1,0,0,0,-1,0,0,0,-1,0,0,-1,0,-1,0,-1,0,-1,0,-1,0,-1,0,-1,0,-1,0,-1,0,-1,0,-1,0,-1,0,-1,0,0,0,0,3,2,2,195
432,-1,ff,0,0,0,0,0,0,0,0,0,0,0,0,0,0,0,0,0,0,0,0,0,0,0,0,0,0,0,0,0,0,0,0,0,0,0,-1,0,0,0,0,0,-1,0,0,0,0,0,-1,0,0,0,0,0,-1,0,0,0,0,0,0,-1,0,0,0,0,0,0,-1,0,0,0,0,0,0,-1,0,0,0,0,0,0,-1,0,0,0,-1,0,0,0,-1,0,0,0,-1,0,0,-1,0,-1,0,-1,0,-1,0,-1,0,-1,0,-1,0,-1,0,-1,0,-1,0,-1,0,-1,0,-1,0,0,0,0,3,1,2,196
433,-1,ff,0,0,0,0,0,0,0,0,0,0,0,0,0,0,0,0,0,0,0,0,0,0,0,0,0,0,0,0,0,0,0,0,0,0,0,-1,0,0,0,0,0,-1,0,0,0,0,0,-1,0,0,0,0,0,-1,0,0,0,0,0,0,-1,0,0,0,0,0,0,-1,0,0,0,0,0,0,-1,0,0,0,0,0,0,-1,0,0,0,-1,0,0,0,-1,0,0,0,-1,0,0,-1,0,-1,0,-1,0,-1,0,-1,0,-1,0,-1,0,-1,0,-1,0,-1,0,-1,0,-1,0,-1,0,0,0,0,3,2,2,197
434,-1,ff,0,0,0,0,0,0,0,0,0,0,0,0,0,0,0,0,0,0,0,0,0,0,0,0,0,0,0,0,0,0,0,0,0,0,0,-1,0,0,0,0,0,-1,0,0,0,0,0,-1,0,0,0,0,0,-1,0,0,0,0,0,0,-1,0,0,0,0,0,0,-1,0,0,0,0,0,0,-1,0,0,0,0,0,0,-1,0,0,0,-1,0,0,0,-1,0,0,0,-1,0,0,-1,0,-1,0,-1,0,-1,0,-1,0,-1,0,-1,0,-1,0,-1,0,-1,0,-1,0,-1,0,-1,0,0,0,0,3,1,2,198
435,-1,ff,0,0,0,0,0,0,0,0,0,0,0,0,0,0,0,0,0,0,0,0,0,0,0,0,0,0,0,0,0,0,0,0,0,0,0,-1,0,0,0,0,0,-1,0,0,0,0,0,-1,0,0,0,0,0,-1,0,0,0,0,0,0,-1,0,0,0,0,0,0,-1,0,0,0,0,0,0,-1,0,0,0,0,0,0,-1,0,0,0,-1,0,0,0,-1,0,0,0,-1,0,0,-1,0,-1,0,-1,0,-1,0,-1,0,-1,0,-1,0,-1,0,-1,0,-1,0,-1,0,-1,0,-1,0,0,0,0,3,2,2,199
436,-1,ff,0,0,0,0,0,0,0,0,0,0,0,0,0,0,0,0,0,0,0,0,0,0,0,0,0,0,0,0,0,0,0,0,0,0,0,-1,0,0,0,0,0,-1,0,0,0,0,0,-1,0,0,0,0,0,-1,0,0,0,0,0,0,-1,0,0,0,0,0,0,-1,0,0,0,0,0,0,-1,0,0,0,0,0,0,-1,0,0,0,-1,0,0,0,-1,0,0,0,-1,0,0,-1,0,-1,0,-1,0,-1,0,-1,0,-1,0,-1,0,-1,0,-1,0,-1,0,-1,0,-1,0,-1,0,0,0,0,3,1,2,200
437,-1,ff,0,0,0,0,0,0,0,0,0,0,0,0,0,0,0,0,0,0,0,0,0,0,0,0,0,0,0,0,0,0,0,0,0,0,0,-1,0,0,0,0,0,-1,0,0,0,0,0,-1,0,0,0,0,0,-1,0,0,0,0,0,0,-1,0,0,0,0,0,0,-1,0,0,0,0,0,0,-1,0,0,0,0,0,0,-1,0,0,0,-1,0,0,0,-1,0,0,0,-1,0,0,-1,0,-1,0,-1,0,-1,0,-1,0,-1,0,-1,0,-1,0,-1,0,-1,0,-1,0,-1,0,-1,0,0,0,0,3,2,2,201
438,-1,ff,0,0,0,0,0,0,0,0,0,0,0,0,0,0,0,0,0,0,0,0,0,0,0,0,0,0,0,0,0,0,0,0,0,0,0,-1,0,0,0,0,0,-1,0,0,0,0,0,-1,0,0,0,0,0,-1,0,0,0,0,0,0,-1,0,0,0,0,0,0,-1,0,0,0,0,0,0,-1,0,0,0,0,0,0,-1,0,0,0,-1,0,0,0,-1,0,0,0,-1,0,0,-1,0,-1,0,-1,0,-1,0,-1,0,-1,0,-1,0,-1,0,-1,0,-1,0,-1,0,-1,0,-1,0,0,0,0,3,1,2,202
439,-1,ff,0,0,0,0,0,0,0,0,0,0,0,0,0,0,0,0,0,0,0,0,0,0,0,0,0,0,0,0,0,0,0,0,0,0,0,-1,0,0,0,0,0,-1,0,0,0,0,0,-1,0,0,0,0,0,-1,0,0,0,0,0,0,-1,0,0,0,0,0,0,-1,0,0,0,0,0,0,-1,0,0,0,0,0,0,-1,0,0,0,-1,0,0,0,-1,0,0,0,-1,0,0,-1,0,-1,0,-1,0,-1,0,-1,0,-1,0,-1,0,-1,0,-1,0,-1,0,-1,0,-1,0,-1,0,0,0,0,3,2,2,203
440,-1,ff,0,0,0,0,0,0,0,0,0,0,0,0,0,0,0,0,0,0,0,0,0,0,0,0,0,0,0,0,0,0,0,0,0,0,0,-1,0,0,0,0,0,-1,0,0,0,0,0,-1,0,0,0,0,0,-1,0,0,0,0,0,0,-1,0,0,0,0,0,0,-1,0,0,0,0,0,0,-1,0,0,0,0,0,0,-1,0,0,0,-1,0,0,0,-1,0,0,0,-1,0,0,-1,0,-1,0,-1,0,-1,0,-1,0,-1,0,-1,0,-1,0,-1,0,-1,0,-1,0,-1,0,-1,0,0,0,0,3,1,2,204
441,-1,ff,0,0,0,0,0,0,0,0,0,0,0,0,0,0,0,0,0,0,0,0,0,0,0,0,0,0,0,0,0,0,0,0,0,0,0,-1,0,0,0,0,0,-1,0,0,0,0,0,-1,0,0,0,0,0,-1,0,0,0,0,0,0,-1,0,0,0,0,0,0,-1,0,0,0,0,0,0,-1,0,0,0,0,0,0,-1,0,0,0,-1,0,0,0,-1,0,0,0,-1,0,0,-1,0,-1,0,-1,0,-1,0,-1,0,-1,0,-1,0,-1,0,-1,0,-1,0,-1,0,-1,0,-1,0,0,0,0,3,2,2,205
442,-1,ff,0,0,0,0,0,0,0,0,0,0,0,0,0,0,0,0,0,0,0,0,0,0,0,0,0,0,0,0,0,0,0,0,0,0,0,-1,0,0,0,0,0,-1,0,0,0,0,0,-1,0,0,0,0,0,-1,0,0,0,0,0,0,-1,0,0,0,0,0,0,-1,0,0,0,0,0,0,-1,0,0,0,0,0,0,-1,0,0,0,-1,0,0,0,-1,0,0,0,-1,0,0,-1,0,-1,0,-1,0,-1,0,-1,0,-1,0,-1,0,-1,0,-1,0,-1,0,-1,0,-1,0,-1,0,0,0,0,3,1,2,206
443,-1,ff,0,0,0,0,0,0,0,0,0,0,0,0,0,0,0,0,0,0,0,0,0,0,0,0,0,0,0,0,0,0,0,0,0,0,0,-1,0,0,0,0,0,-1,0,0,0,0,0,-1,0,0,0,0,0,-1,0,0,0,0,0,0,-1,0,0,0,0,0,0,-1,0,0,0,0,0,0,-1,0,0,0,0,0,0,-1,0,0,0,-1,0,0,0,-1,0,0,0,-1,0,0,-1,0,-1,0,-1,0,-1,0,-1,0,-1,0,-1,0,-1,0,-1,0,-1,0,-1,0,-1,0,-1,0,0,0,0,3,2,2,207
444,-1,ff,0,0,0,0,0,0,0,0,0,0,0,0,0,0,0,0,0,0,0,0,0,0,0,0,0,0,0,0,0,0,0,0,0,0,0,-1,0,0,0,0,0,-1,0,0,0,0,0,-1,0,0,0,0,0,-1,0,0,0,0,0,0,-1,0,0,0,0,0,0,-1,0,0,0,0,0,0,-1,0,0,0,0,0,0,-1,0,0,0,-1,0,0,0,-1,0,0,0,-1,0,0,-1,0,-1,0,-1,0,-1,0,-1,0,-1,0,-1,0,-1,0,-1,0,-1,0,-1,0,-1,0,-1,0,0,0,0,3,1,2,208
445,-1,ff,0,0,0,0,0,0,0,0,0,0,0,0,0,0,0,0,0,0,0,0,0,0,0,0,0,0,0,0,0,0,0,0,0,0,0,-1,0,0,0,0,0,-1,0,0,0,0,0,-1,0,0,0,0,0,-1,0,0,0,0,0,0,-1,0,0,0,0,0,0,-1,0,0,0,0,0,0,-1,0,0,0,0,0,0,-1,0,0,0,-1,0,0,0,-1,0,0,0,-1,0,0,-1,0,-1,0,-1,0,-1,0,-1,0,-1,0,-1,0,-1,0,-1,0,-1,0,-1,0,-1,0,-1,0,0,0,0,3,2,2,209
446,-1,ff,0,0,0,0,0,0,0,0,0,0,0,0,0,0,0,0,0,0,0,0,0,0,0,0,0,0,0,0,0,0,0,0,0,0,0,-1,0,0,0,0,0,-1,0,0,0,0,0,-1,0,0,0,0,0,-1,0,0,0,0,0,0,-1,0,0,0,0,0,0,-1,0,0,0,0,0,0,-1,0,0,0,0,0,0,-1,0,0,0,-1,0,0,0,-1,0,0,0,-1,0,0,-1,0,-1,0,-1,0,-1,0,-1,0,-1,0,-1,0,-1,0,-1,0,-1,0,-1,0,-1,0,-1,0,0,0,0,3,1,2,210
447,-1,ff,0,0,0,0,0,0,0,0,0,0,0,0,0,0,0,0,0,0,0,0,0,0,0,0,0,0,0,0,0,0,0,0,0,0,0,-1,0,0,0,0,0,-1,0,0,0,0,0,-1,0,0,0,0,0,-1,0,0,0,0,0,0,-1,0,0,0,0,0,0,-1,0,0,0,0,0,0,-1,0,0,0,0,0,0,-1,0,0,0,-1,0,0,0,-1,0,0,0,-1,0,0,-1,0,-1,0,-1,0,-1,0,-1,0,-1,0,-1,0,-1,0,-1,0,-1,0,-1,0,-1,0,-1,0,0,0,0,3,2,2,211
448,-1,ff,0,0,0,0,0,0,0,0,0,0,0,0,0,0,0,0,0,0,0,0,0,0,0,0,0,0,0,0,0,0,0,0,0,0,0,-1,0,0,0,0,0,-1,0,0,0,0,0,-1,0,0,0,0,0,-1,0,0,0,0,0,0,-1,0,0,0,0,0,0,-1,0,0,0,0,0,0,-1,0,0,0,0,0,0,-1,0,0,0,-1,0,0,0,-1,0,0,0,-1,0,0,-1,0,-1,0,-1,0,-1,0,-1,0,-1,0,-1,0,-1,0,-1,0,-1,0,-1,0,-1,0,-1,0,0,0,0,3,1,2,212
449,-1,ff,0,0,0,0,0,0,0,0,0,0,0,0,0,0,0,0,0,0,0,0,0,0,0,0,0,0,0,0,0,0,0,0,0,0,0,-1,0,0,0,0,0,-1,0,0,0,0,0,-1,0,0,0,0,0,-1,0,0,0,0,0,0,-1,0,0,0,0,0,0,-1,0,0,0,0,0,0,-1,0,0,0,0,0,0,-1,0,0,0,-1,0,0,0,-1,0,0,0,-1,0,0,-1,0,-1,0,-1,0,-1,0,-1,0,-1,0,-1,0,-1,0,-1,0,-1,0,-1,0,-1,0,-1,0,0,0,0,3,2,2,213
450,-1,ff,0,0,0,0,0,0,0,0,0,0,0,0,0,0,0,0,0,0,0,0,0,0,0,0,0,0,0,0,0,0,0,0,0,0,0,-1,0,0,0,0,0,-1,0,0,0,0,0,-1,0,0,0,0,0,-1,0,0,0,0,0,0,-1,0,0,0,0,0,0,-1,0,0,0,0,0,0,-1,0,0,0,0,0,0,-1,0,0,0,-1,0,0,0,-1,0,0,0,-1,0,0,-1,0,-1,0,-1,0,-1,0,-1,0,-1,0,-1,0,-1,0,-1,0,-1,0,-1,0,-1,0,-1,0,0,0,0,3,1,2,214
451,-1,ff,0,0,0,0,0,0,0,0,0,0,0,0,0,0,0,0,0,0,0,0,0,0,0,0,0,0,0,0,0,0,0,0,0,0,0,-1,0,0,0,0,0,-1,0,0,0,0,0,-1,0,0,0,0,0,-1,0,0,0,0,0,0,-1,0,0,0,0,0,0,-1,0,0,0,0,0,0,-1,0,0,0,0,0,0,-1,0,0,0,-1,0,0,0,-1,0,0,0,-1,0,0,-1,0,-1,0,-1,0,-1,0,-1,0,-1,0,-1,0,-1,0,-1,0,-1,0,-1,0,-1,0,-1,0,0,0,0,3,2,2,215
452,-1,ff,0,0,0,0,0,0,0,0,0,0,0,0,0,0,0,0,0,0,0,0,0,0,0,0,0,0,0,0,0,0,0,0,0,0,0,-1,0,0,0,0,0,-1,0,0,0,0,0,-1,0,0,0,0,0,-1,0,0,0,0,0,0,-1,0,0,0,0,0,0,-1,0,0,0,0,0,0,-1,0,0,0,0,0,0,-1,0,0,0,-1,0,0,0,-1,0,0,0,-1,0,0,-1,0,-1,0,-1,0,-1,0,-1,0,-1,0,-1,0,-1,0,-1,0,-1,0,-1,0,-1,0,-1,0,0,0,0,3,1,2,216
453,-1,ff,0,0,0,0,0,0,0,0,0,0,0,0,0,0,0,0,0,0,0,0,0,0,0,0,0,0,0,0,0,0,0,0,0,0,0,-1,0,0,0,0,0,-1,0,0,0,0,0,-1,0,0,0,0,0,-1,0,0,0,0,0,0,-1,0,0,0,0,0,0,-1,0,0,0,0,0,0,-1,0,0,0,0,0,0,-1,0,0,0,-1,0,0,0,-1,0,0,0,-1,0,0,-1,0,-1,0,-1,0,-1,0,-1,0,-1,0,-1,0,-1,0,-1,0,-1,0,-1,0,-1,0,-1,0,0,0,0,3,2,2,217
454,-1,ff,0,0,0,0,0,0,0,0,0,0,0,0,0,0,0,0,0,0,0,0,0,0,0,0,0,0,0,0,0,0,0,0,0,0,0,-1,0,0,0,0,0,-1,0,0,0,0,0,-1,0,0,0,0,0,-1,0,0,0,0,0,0,-1,0,0,0,0,0,0,-1,0,0,0,0,0,0,-1,0,0,0,0,0,0,-1,0,0,0,-1,0,0,0,-1,0,0,0,-1,0,0,-1,0,-1,0,-1,0,-1,0,-1,0,-1,0,-1,0,-1,0,-1,0,-1,0,-1,0,-1,0,-1,0,0,0,0,3,1,2,218
455,-1,ff,0,0,0,0,0,0,0,0,0,0,0,0,0,0,0,0,0,0,0,0,0,0,0,0,0,0,0,0,0,0,0,0,0,0,0,-1,0,0,0,0,0,-1,0,0,0,0,0,-1,0,0,0,0,0,-1,0,0,0,0,0,0,-1,0,0,0,0,0,0,-1,0,0,0,0,0,0,-1,0,0,0,0,0,0,-1,0,0,0,-1,0,0,0,-1,0,0,0,-1,0,0,-1,0,-1,0,-1,0,-1,0,-1,0,-1,0,-1,0,-1,0,-1,0,-1,0,-1,0,-1,0,-1,0,0,0,0,3,2,2,219
456,-1,ff,0,0,0,0,0,0,0,0,0,0,0,0,0,0,0,0,0,0,0,0,0,0,0,0,0,0,0,0,0,0,0,0,0,0,0,-1,0,0,0,0,0,-1,0,0,0,0,0,-1,0,0,0,0,0,-1,0,0,0,0,0,0,-1,0,0,0,0,0,0,-1,0,0,0,0,0,0,-1,0,0,0,0,0,0,-1,0,0,0,-1,0,0,0,-1,0,0,0,-1,0,0,-1,0,-1,0,-1,0,-1,0,-1,0,-1,0,-1,0,-1,0,-1,0,-1,0,-1,0,-1,0,-1,0,0,0,0,3,1,2,220
457,-1,ff,0,0,0,0,0,0,0,0,0,0,0,0,0,0,0,0,0,0,0,0,0,0,0,0,0,0,0,0,0,0,0,0,0,0,0,-1,0,0,0,0,0,-1,0,0,0,0,0,-1,0,0,0,0,0,-1,0,0,0,0,0,0,-1,0,0,0,0,0,0,-1,0,0,0,0,0,0,-1,0,0,0,0,0,0,-1,0,0,0,-1,0,0,0,-1,0,0,0,-1,0,0,-1,0,-1,0,-1,0,-1,0,-1,0,-1,0,-1,0,-1,0,-1,0,-1,0,-1,0,-1,0,-1,0,0,0,0,3,2,2,221
458,-1,ff,0,0,0,0,0,0,0,0,0,0,0,0,0,0,0,0,0,0,0,0,0,0,0,0,0,0,0,0,0,0,0,0,0,0,0,-1,0,0,0,0,0,-1,0,0,0,0,0,-1,0,0,0,0,0,-1,0,0,0,0,0,0,-1,0,0,0,0,0,0,-1,0,0,0,0,0,0,-1,0,0,0,0,0,0,-1,0,0,0,-1,0,0,0,-1,0,0,0,-1,0,0,-1,0,-1,0,-1,0,-1,0,-1,0,-1,0,-1,0,-1,0,-1,0,-1,0,-1,0,-1,0,-1,0,0,0,0,3,1,2,222
459,-1,ff,0,0,0,0,0,0,0,0,0,0,0,0,0,0,0,0,0,0,0,0,0,0,0,0,0,0,0,0,0,0,0,0,0,0,0,-1,0,0,0,0,0,-1,0,0,0,0,0,-1,0,0,0,0,0,-1,0,0,0,0,0,0,-1,0,0,0,0,0,0,-1,0,0,0,0,0,0,-1,0,0,0,0,0,0,-1,0,0,0,-1,0,0,0,-1,0,0,0,-1,0,0,-1,0,-1,0,-1,0,-1,0,-1,0,-1,0,-1,0,-1,0,-1,0,-1,0,-1,0,-1,0,-1,0,0,0,0,3,2,2,223
460,-1,ff,0,0,0,0,0,0,0,0,0,0,0,0,0,0,0,0,0,0,0,0,0,0,0,0,0,0,0,0,0,0,0,0,0,0,0,-1,0,0,0,0,0,-1,0,0,0,0,0,-1,0,0,0,0,0,-1,0,0,0,0,0,0,-1,0,0,0,0,0,0,-1,0,0,0,0,0,0,-1,0,0,0,0,0,0,-1,0,0,0,-1,0,0,0,-1,0,0,0,-1,0,0,-1,0,-1,0,-1,0,-1,0,-1,0,-1,0,-1,0,-1,0,-1,0,-1,0,-1,0,-1,0,-1,0,0,0,0,3,1,2,224
461,-1,ff,0,0,0,0,0,0,0,0,0,0,0,0,0,0,0,0,0,0,0,0,0,0,0,0,0,0,0,0,0,0,0,0,0,0,0,-1,0,0,0,0,0,-1,0,0,0,0,0,-1,0,0,0,0,0,-1,0,0,0,0,0,0,-1,0,0,0,0,0,0,-1,0,0,0,0,0,0,-1,0,0,0,0,0,0,-1,0,0,0,-1,0,0,0,-1,0,0,0,-1,0,0,-1,0,-1,0,-1,0,-1,0,-1,0,-1,0,-1,0,-1,0,-1,0,-1,0,-1,0,-1,0,-1,0,0,0,0,3,2,2,225
462,-1,ff,0,0,0,0,0,0,0,0,0,0,0,0,0,0,0,0,0,0,0,0,0,0,0,0,0,0,0,0,0,0,0,0,0,0,0,-1,0,0,0,0,0,-1,0,0,0,0,0,-1,0,0,0,0,0,-1,0,0,0,0,0,0,-1,0,0,0,0,0,0,-1,0,0,0,0,0,0,-1,0,0,0,0,0,0,-1,0,0,0,-1,0,0,0,-1,0,0,0,-1,0,0,-1,0,-1,0,-1,0,-1,0,-1,0,-1,0,-1,0,-1,0,-1,0,-1,0,-1,0,-1,0,-1,0,0,0,0,3,1,2,226
463,-1,ff,0,0,0,0,0,0,0,0,0,0,0,0,0,0,0,0,0,0,0,0,0,0,0,0,0,0,0,0,0,0,0,0,0,0,0,-1,0,0,0,0,0,-1,0,0,0,0,0,-1,0,0,0,0,0,-1,0,0,0,0,0,0,-1,0,0,0,0,0,0,-1,0,0,0,0,0,0,-1,0,0,0,0,0,0,-1,0,0,0,-1,0,0,0,-1,0,0,0,-1,0,0,-1,0,-1,0,-1,0,-1,0,-1,0,-1,0,-1,0,-1,0,-1,0,-1,0,-1,0,-1,0,-1,0,0,0,0,3,2,2,227
464,-1,ff,0,0,0,0,0,0,0,0,0,0,0,0,0,0,0,0,0,0,0,0,0,0,0,0,0,0,0,0,0,0,0,0,0,0,0,-1,0,0,0,0,0,-1,0,0,0,0,0,-1,0,0,0,0,0,-1,0,0,0,0,0,0,-1,0,0,0,0,0,0,-1,0,0,0,0,0,0,-1,0,0,0,0,0,0,-1,0,0,0,-1,0,0,0,-1,0,0,0,-1,0,0,-1,0,-1,0,-1,0,-1,0,-1,0,-1,0,-1,0,-1,0,-1,0,-1,0,-1,0,-1,0,-1,0,0,0,0,3,1,2,228
465,-1,ff,0,0,0,0,0,0,0,0,0,0,0,0,0,0,0,0,0,0,0,0,0,0,0,0,0,0,0,0,0,0,0,0,0,0,0,-1,0,0,0,0,0,-1,0,0,0,0,0,-1,0,0,0,0,0,-1,0,0,0,0,0,0,-1,0,0,0,0,0,0,-1,0,0,0,0,0,0,-1,0,0,0,0,0,0,-1,0,0,0,-1,0,0,0,-1,0,0,0,-1,0,0,-1,0,-1,0,-1,0,-1,0,-1,0,-1,0,-1,0,-1,0,-1,0,-1,0,-1,0,-1,0,-1,0,0,0,0,3,2,2,229
466,-1,ff,0,0,0,0,0,0,0,0,0,0,0,0,0,0,0,0,0,0,0,0,0,0,0,0,0,0,0,0,0,0,0,0,0,0,0,-1,0,0,0,0,0,-1,0,0,0,0,0,-1,0,0,0,0,0,-1,0,0,0,0,0,0,-1,0,0,0,0,0,0,-1,0,0,0,0,0,0,-1,0,0,0,0,0,0,-1,0,0,0,-1,0,0,0,-1,0,0,0,-1,0,0,-1,0,-1,0,-1,0,-1,0,-1,0,-1,0,-1,0,-1,0,-1,0,-1,0,-1,0,-1,0,-1,0,0,0,0,3,1,2,230
467,-1,ff,0,0,0,0,0,0,0,0,0,0,0,0,0,0,0,0,0,0,0,0,0,0,0,0,0,0,0,0,0,0,0,0,0,0,0,-1,0,0,0,0,0,-1,0,0,0,0,0,-1,0,0,0,0,0,-1,0,0,0,0,0,0,-1,0,0,0,0,0,0,-1,0,0,0,0,0,0,-1,0,0,0,0,0,0,-1,0,0,0,-1,0,0,0,-1,0,0,0,-1,0,0,-1,0,-1,0,-1,0,-1,0,-1,0,-1,0,-1,0,-1,0,-1,0,-1,0,-1,0,-1,0,-1,0,0,0,0,3,2,2,231
468,-1,ff,0,0,0,0,0,0,0,0,0,0,0,0,0,0,0,0,0,0,0,0,0,0,0,0,0,0,0,0,0,0,0,0,0,0,0,-1,0,0,0,0,0,-1,0,0,0,0,0,-1,0,0,0,0,0,-1,0,0,0,0,0,0,-1,0,0,0,0,0,0,-1,0,0,0,0,0,0,-1,0,0,0,0,0,0,-1,0,0,0,-1,0,0,0,-1,0,0,0,-1,0,0,-1,0,-1,0,-1,0,-1,0,-1,0,-1,0,-1,0,-1,0,-1,0,-1,0,-1,0,-1,0,-1,0,0,0,0,3,1,2,232
469,-1,ff,0,0,0,0,0,0,0,0,0,0,0,0,0,0,0,0,0,0,0,0,0,0,0,0,0,0,0,0,0,0,0,0,0,0,0,-1,0,0,0,0,0,-1,0,0,0,0,0,-1,0,0,0,0,0,-1,0,0,0,0,0,0,-1,0,0,0,0,0,0,-1,0,0,0,0,0,0,-1,0,0,0,0,0,0,-1,0,0,0,-1,0,0,0,-1,0,0,0,-1,0,0,-1,0,-1,0,-1,0,-1,0,-1,0,-1,0,-1,0,-1,0,-1,0,-1,0,-1,0,-1,0,-1,0,0,0,0,3,2,2,233
470,-1,ff,0,0,0,0,0,0,0,0,0,0,0,0,0,0,0,0,0,0,0,0,0,0,0,0,0,0,0,0,0,0,0,0,0,0,0,-1,0,0,0,0,0,-1,0,0,0,0,0,-1,0,0,0,0,0,-1,0,0,0,0,0,0,-1,0,0,0,0,0,0,-1,0,0,0,0,0,0,-1,0,0,0,0,0,0,-1,0,0,0,-1,0,0,0,-1,0,0,0,-1,0,0,-1,0,-1,0,-1,0,-1,0,-1,0,-1,0,-1,0,-1,0,-1,0,-1,0,-1,0,-1,0,-1,0,0,0,0,3,1,2,234
471,-1,ff,0,0,0,0,0,0,0,0,0,0,0,0,0,0,0,0,0,0,0,0,0,0,0,0,0,0,0,0,0,0,0,0,0,0,0,-1,0,0,0,0,0,-1,0,0,0,0,0,-1,0,0,0,0,0,-1,0,0,0,0,0,0,-1,0,0,0,0,0,0,-1,0,0,0,0,0,0,-1,0,0,0,0,0,0,-1,0,0,0,-1,0,0,0,-1,0,0,0,-1,0,0,-1,0,-1,0,-1,0,-1,0,-1,0,-1,0,-1,0,-1,0,-1,0,-1,0,-1,0,-1,0,-1,0,0,0,0,3,2,2,235
472,-1,ff,0,0,0,0,0,0,0,0,0,0,0,0,0,0,0,0,0,0,0,0,0,0,0,0,0,0,0,0,0,0,0,0,0,0,0,-1,0,0,0,0,0,-1,0,0,0,0,0,-1,0,0,0,0,0,-1,0,0,0,0,0,0,-1,0,0,0,0,0,0,-1,0,0,0,0,0,0,-1,0,0,0,0,0,0,-1,0,0,0,-1,0,0,0,-1,0,0,0,-1,0,0,-1,0,-1,0,-1,0,-1,0,-1,0,-1,0,-1,0,-1,0,-1,0,-1,0,-1,0,-1,0,-1,0,0,0,0,3,1,2,236
473,-1,ff,0,0,0,0,0,0,0,0,0,0,0,0,0,0,0,0,0,0,0,0,0,0,0,0,0,0,0,0,0,0,0,0,0,0,0,-1,0,0,0,0,0,-1,0,0,0,0,0,-1,0,0,0,0,0,-1,0,0,0,0,0,0,-1,0,0,0,0,0,0,-1,0,0,0,0,0,0,-1,0,0,0,0,0,0,-1,0,0,0,-1,0,0,0,-1,0,0,0,-1,0,0,-1,0,-1,0,-1,0,-1,0,-1,0,-1,0,-1,0,-1,0,-1,0,-1,0,-1,0,-1,0,-1,0,0,0,0,3,2,2,237
474,-1,ff,0,0,0,0,0,0,0,0,0,0,0,0,0,0,0,0,0,0,0,0,0,0,0,0,0,0,0,0,0,0,0,0,0,0,0,-1,0,0,0,0,0,-1,0,0,0,0,0,-1,0,0,0,0,0,-1,0,0,0,0,0,0,-1,0,0,0,0,0,0,-1,0,0,0,0,0,0,-1,0,0,0,0,0,0,-1,0,0,0,-1,0,0,0,-1,0,0,0,-1,0,0,-1,0,-1,0,-1,0,-1,0,-1,0,-1,0,-1,0,-1,0,-1,0,-1,0,-1,0,-1,0,-1,0,0,0,0,3,1,2,238
475,-1,ff,0,0,0,0,0,0,0,0,0,0,0,0,0,0,0,0,0,0,0,0,0,0,0,0,0,0,0,0,0,0,0,0,0,0,0,-1,0,0,0,0,0,-1,0,0,0,0,0,-1,0,0,0,0,0,-1,0,0,0,0,0,0,-1,0,0,0,0,0,0,-1,0,0,0,0,0,0,-1,0,0,0,0,0,0,-1,0,0,0,-1,0,0,0,-1,0,0,0,-1,0,0,-1,0,-1,0,-1,0,-1,0,-1,0,-1,0,-1,0,-1,0,-1,0,-1,0,-1,0,-1,0,-1,0,0,0,0,3,2,2,239
476,-1,ff,0,0,0,0,0,0,0,0,0,0,0,0,0,0,0,0,0,0,0,0,0,0,0,0,0,0,0,0,0,0,0,0,0,0,0,-1,0,0,0,0,0,-1,0,0,0,0,0,-1,0,0,0,0,0,-1,0,0,0,0,0,0,-1,0,0,0,0,0,0,-1,0,0,0,0,0,0,-1,0,0,0,0,0,0,-1,0,0,0,-1,0,0,0,-1,0,0,0,-1,0,0,-1,0,-1,0,-1,0,-1,0,-1,0,-1,0,-1,0,-1,0,-1,0,-1,0,-1,0,-1,0,-1,0,0,0,0,3,1,2,240
477,-1,ff,0,0,0,0,0,0,0,0,0,0,0,0,0,0,0,0,0,0,0,0,0,0,0,0,0,0,0,0,0,0,0,0,0,0,0,-1,0,0,0,0,0,-1,0,0,0,0,0,-1,0,0,0,0,0,-1,0,0,0,0,0,0,-1,0,0,0,0,0,0,-1,0,0,0,0,0,0,-1,0,0,0,0,0,0,-1,0,0,0,-1,0,0,0,-1,0,0,0,-1,0,0,-1,0,-1,0,-1,0,-1,0,-1,0,-1,0,-1,0,-1,0,-1,0,-1,0,-1,0,-1,0,-1,0,0,0,0,3,2,2,241
478,-1,ff,0,0,0,0,0,0,0,0,0,0,0,0,0,0,0,0,0,0,0,0,0,0,0,0,0,0,0,0,0,0,0,0,0,0,0,-1,0,0,0,0,0,-1,0,0,0,0,0,-1,0,0,0,0,0,-1,0,0,0,0,0,0,-1,0,0,0,0,0,0,-1,0,0,0,0,0,0,-1,0,0,0,0,0,0,-1,0,0,0,-1,0,0,0,-1,0,0,0,-1,0,0,-1,0,-1,0,-1,0,-1,0,-1,0,-1,0,-1,0,-1,0,-1,0,-1,0,-1,0,-1,0,-1,0,0,0,0,3,1,2,242
479,-1,ff,0,0,0,0,0,0,0,0,0,0,0,0,0,0,0,0,0,0,0,0,0,0,0,0,0,0,0,0,0,0,0,0,0,0,0,-1,0,0,0,0,0,-1,0,0,0,0,0,-1,0,0,0,0,0,-1,0,0,0,0,0,0,-1,0,0,0,0,0,0,-1,0,0,0,0,0,0,-1,0,0,0,0,0,0,-1,0,0,0,-1,0,0,0,-1,0,0,0,-1,0,0,-1,0,-1,0,-1,0,-1,0,-1,0,-1,0,-1,0,-1,0,-1,0,-1,0,-1,0,-1,0,-1,0,0,0,0,3,2,2,243
480,-1,ff,0,0,0,0,0,0,0,0,0,0,0,0,0,0,0,0,0,0,0,0,0,0,0,0,0,0,0,0,0,0,0,0,0,0,0,-1,0,0,0,0,0,-1,0,0,0,0,0,-1,0,0,0,0,0,-1,0,0,0,0,0,0,-1,0,0,0,0,0,0,-1,0,0,0,0,0,0,-1,0,0,0,0,0,0,-1,0,0,0,-1,0,0,0,-1,0,0,0,-1,0,0,-1,0,-1,0,-1,0,-1,0,-1,0,-1,0,-1,0,-1,0,-1,0,-1,0,-1,0,-1,0,-1,0,0,0,0,3,1,2,244
481,-1,ff,0,0,0,0,0,0,0,0,0,0,0,0,0,0,0,0,0,0,0,0,0,0,0,0,0,0,0,0,0,0,0,0,0,0,0,-1,0,0,0,0,0,-1,0,0,0,0,0,-1,0,0,0,0,0,-1,0,0,0,0,0,0,-1,0,0,0,0,0,0,-1,0,0,0,0,0,0,-1,0,0,0,0,0,0,-1,0,0,0,-1,0,0,0,-1,0,0,0,-1,0,0,-1,0,-1,0,-1,0,-1,0,-1,0,-1,0,-1,0,-1,0,-1,0,-1,0,-1,0,-1,0,-1,0,0,0,0,3,2,2,245
482,-1,ff,0,0,0,0,0,0,0,0,0,0,0,0,0,0,0,0,0,0,0,0,0,0,0,0,0,0,0,0,0,0,0,0,0,0,0,-1,0,0,0,0,0,-1,0,0,0,0,0,-1,0,0,0,0,0,-1,0,0,0,0,0,0,-1,0,0,0,0,0,0,-1,0,0,0,0,0,0,-1,0,0,0,0,0,0,-1,0,0,0,-1,0,0,0,-1,0,0,0,-1,0,0,-1,0,-1,0,-1,0,-1,0,-1,0,-1,0,-1,0,-1,0,-1,0,-1,0,-1,0,-1,0,-1,0,0,0,0,3,1,2,246
483,-1,ff,0,0,0,0,0,0,0,0,0,0,0,0,0,0,0,0,0,0,0,0,0,0,0,0,0,0,0,0,0,0,0,0,0,0,0,-1,0,0,0,0,0,-1,0,0,0,0,0,-1,0,0,0,0,0,-1,0,0,0,0,0,0,-1,0,0,0,0,0,0,-1,0,0,0,0,0,0,-1,0,0,0,0,0,0,-1,0,0,0,-1,0,0,0,-1,0,0,0,-1,0,0,-1,0,-1,0,-1,0,-1,0,-1,0,-1,0,-1,0,-1,0,-1,0,-1,0,-1,0,-1,0,-1,0,0,0,0,3,2,2,247
484,-1,ff,0,0,0,0,0,0,0,0,0,0,0,0,0,0,0,0,0,0,0,0,0,0,0,0,0,0,0,0,0,0,0,0,0,0,0,-1,0,0,0,0,0,-1,0,0,0,0,0,-1,0,0,0,0,0,-1,0,0,0,0,0,0,-1,0,0,0,0,0,0,-1,0,0,0,0,0,0,-1,0,0,0,0,0,0,-1,0,0,0,-1,0,0,0,-1,0,0,0,-1,0,0,-1,0,-1,0,-1,0,-1,0,-1,0,-1,0,-1,0,-1,0,-1,0,-1,0,-1,0,-1,0,-1,0,0,0,0,3,1,2,248
485,-1,ff,0,0,0,0,0,0,0,0,0,0,0,0,0,0,0,0,0,0,0,0,0,0,0,0,0,0,0,0,0,0,0,0,0,0,0,-1,0,0,0,0,0,-1,0,0,0,0,0,-1,0,0,0,0,0,-1,0,0,0,0,0,0,-1,0,0,0,0,0,0,-1,0,0,0,0,0,0,-1,0,0,0,0,0,0,-1,0,0,0,-1,0,0,0,-1,0,0,0,-1,0,0,-1,0,-1,0,-1,0,-1,0,-1,0,-1,0,-1,0,-1,0,-1,0,-1,0,-1,0,-1,0,-1,0,0,0,0,3,2,2,249
486,-1,ff,0,0,0,0,0,0,0,0,0,0,0,0,0,0,0,0,0,0,0,0,0,0,0,0,0,0,0,0,0,0,0,0,0,0,0,-1,0,0,0,0,0,-1,0,0,0,0,0,-1,0,0,0,0,0,-1,0,0,0,0,0,0,-1,0,0,0,0,0,0,-1,0,0,0,0,0,0,-1,0,0,0,0,0,0,-1,0,0,0,-1,0,0,0,-1,0,0,0,-1,0,0,-1,0,-1,0,-1,0,-1,0,-1,0,-1,0,-1,0,-1,0,-1,0,-1,0,-1,0,-1,0,-1,0,0,0,0,3,1,2,250
487,-1,ff,0,0,0,0,0,0,0,0,0,0,0,0,0,0,0,0,0,0,0,0,0,0,0,0,0,0,0,0,0,0,0,0,0,0,0,-1,0,0,0,0,0,-1,0,0,0,0,0,-1,0,0,0,0,0,-1,0,0,0,0,0,0,-1,0,0,0,0,0,0,-1,0,0,0,0,0,0,-1,0,0,0,0,0,0,-1,0,0,0,-1,0,0,0,-1,0,0,0,-1,0,0,-1,0,-1,0,-1,0,-1,0,-1,0,-1,0,-1,0,-1,0,-1,0,-1,0,-1,0,-1,0,-1,0,0,0,0,3,2,2,251
488,-1,ff,0,0,0,0,0,0,0,0,0,0,0,0,0,0,0,0,0,0,0,0,0,0,0,0,0,0,0,0,0,0,0,0,0,0,0,-1,0,0,0,0,0,-1,0,0,0,0,0,-1,0,0,0,0,0,-1,0,0,0,0,0,0,-1,0,0,0,0,0,0,-1,0,0,0,0,0,0,-1,0,0,0,0,0,0,-1,0,0,0,-1,0,0,0,-1,0,0,0,-1,0,0,-1,0,-1,0,-1,0,-1,0,-1,0,-1,0,-1,0,-1,0,-1,0,-1,0,-1,0,-1,0,-1,0,0,0,0,3,1,2,252
489,-1,ff,0,0,0,0,0,0,0,0,0,0,0,0,0,0,0,0,0,0,0,0,0,0,0,0,0,0,0,0,0,0,0,0,0,0,0,-1,0,0,0,0,0,-1,0,0,0,0,0,-1,0,0,0,0,0,-1,0,0,0,0,0,0,-1,0,0,0,0,0,0,-1,0,0,0,0,0,0,-1,0,0,0,0,0,0,-1,0,0,0,-1,0,0,0,-1,0,0,0,-1,0,0,-1,0,-1,0,-1,0,-1,0,-1,0,-1,0,-1,0,-1,0,-1,0,-1,0,-1,0,-1,0,-1,0,0,0,0,3,2,2,253
490,-1,ff,0,0,0,0,0,0,0,0,0,0,0,0,0,0,0,0,0,0,0,0,0,0,0,0,0,0,0,0,0,0,0,0,0,0,0,-1,0,0,0,0,0,-1,0,0,0,0,0,-1,0,0,0,0,0,-1,0,0,0,0,0,0,-1,0,0,0,0,0,0,-1,0,0,0,0,0,0,-1,0,0,0,0,0,0,-1,0,0,0,-1,0,0,0,-1,0,0,0,-1,0,0,-1,0,-1,0,-1,0,-1,0,-1,0,-1,0,-1,0,-1,0,-1,0,-1,0,-1,0,-1,0,-1,0,0,0,0,3,1,2,254
491,-1,ff,0,0,0,0,0,0,0,0,0,0,0,0,0,0,0,0,0,0,0,0,0,0,0,0,0,0,0,0,0,0,0,0,0,0,0,-1,0,0,0,0,0,-1,0,0,0,0,0,-1,0,0,0,0,0,-1,0,0,0,0,0,0,-1,0,0,0,0,0,0,-1,0,0,0,0,0,0,-1,0,0,0,0,0,0,-1,0,0,0,-1,0,0,0,-1,0,0,0,-1,0,0,-1,0,-1,0,-1,0,-1,0,-1,0,-1,0,-1,0,-1,0,-1,0,-1,0,-1,0,-1,0,-1,0,0,0,0,3,2,2,255
492,-1,ff,0,0,0,0,0,0,0,0,0,0,0,0,0,0,0,0,0,0,0,0,0,0,0,0,0,0,0,0,0,0,0,0,0,0,0,-1,0,0,0,0,0,-1,0,0,0,0,0,-1,0,0,0,0,0,-1,0,0,0,0,0,0,-1,0,0,0,0,0,0,-1,0,0,0,0,0,0,-1,0,0,0,0,0,0,-1,0,0,0,-1,0,0,0,-1,0,0,0,-1,0,0,-1,0,-1,0,-1,0,-1,0,-1,0,-1,0,-1,0,-1,0,-1,0,-1,0,-1,0,-1,0,-1,0,0,0,0,3,1,2,0
493,-1,ff,0,0,0,0,0,0,0,0,0,0,0,0,0,0,0,0,0,0,0,0,0,0,0,0,0,0,0,0,0,0,0,0,0,0,0,-1,0,0,0,0,0,-1,0,0,0,0,0,-1,0,0,0,0,0,-1,0,0,0,0,0,0,-1,0,0,0,0,0,0,-1,0,0,0,0,0,0,-1,0,0,0,0,0,0,-1,0,0,0,-1,0,0,0,-1,0,0,0,-1,0,0,-1,0,-1,0,-1,0,-1,0,-1,0,-1,0,-1,0,-1,0,-1,0,-1,0,-1,0,-1,0,-1,0,0,0,0,3,2,2,1
494,-1,ff,0,0,0,0,0,0,0,0,0,0,0,0,0,0,0,0,0,0,0,0,0,0,0,0,0,0,0,0,0,0,0,0,0,0,0,-1,0,0,0,0,0,-1,0,0,0,0,0,-1,0,0,0,0,0,-1,0,0,0,0,0,0,-1,0,0,0,0,0,0,-1,0,0,0,0,0,0,-1,0,0,0,0,0,0,-1,0,0,0,-1,0,0,0,-1,0,0,0,-1,0,0,-1,0,-1,0,-1,0,-1,0,-1,0,-1,0,-1,0,-1,0,-1,0,-1,0,-1,0,-1,0,-1,0,0,0,0,3,3,2,2
495,-1,ff,0,0,0,0,0,0,0,0,0,0,0,0,0,0,0,0,0,0,0,0,0,0,0,0,0,0,0,0,0,0,0,0,0,0,0,-1,0,0,0,0,0,-1,0,0,0,0,0,-1,0,0,0,0,0,-1,0,0,0,0,0,0,-1,0,0,0,0,0,0,-1,0,0,0,0,0,0,-1,0,0,0,0,0,0,-1,0,0,0,-1,0,0,0,-1,0,0,0,-1,0,0,-1,0,-1,0,-1,0,-1,0,-1,0,-1,0,-1,0,-1,0,-1,0,-1,0,-1,0,-1,0,-1,0,0,0,0,3,0,3,3
496,0,ff,1,176,80,1,1008,1056,0,0,0,0,0,0,0,0,0,0,0,0,0,0,0,0,0,0,0,0,0,0,0,0,0,0,0,0,0,-1,0,0,0,0,0,-1,0,0,0,0,0,-1,0,0,0,0,0,-1,0,0,0,0,0,0,-1,0,0,0,0,0,0,-1,0,0,0,0,0,0,-1,0,0,0,0,0,0,-1,0,0,0,-1,0,0,0,-1,0,0,0,-1,0,0,-1,0,-1,0,-1,0,-1,0,-1,0,-1,0,-1,0,-1,0,-1,0,-1,0,-1,0,-1,0,-1,0,0,0,5829,3,0,3,4
497,1,fd,1,173,80,1,960,1056,0,0,2,0,0,0,0,0,0,0,0,0,0,0,0,0,0,0,0,0,0,0,0,0,0,0,0,0,0,-1,0,0,0,0,0,-1,0,0,0,0,0,-1,0,0,0,0,0,-1,0,0,0,0,0,0,-1,0,0,0,0,0,0,-1,0,0,0,0,0,0,-1,0,0,0,0,0,0,-1,0,0,0,-1,0,0,0,-1,0,0,0,-1,0,0,-1,0,-1,0,-1,0,-1,0,-1,0,-1,0,-1,0,-1,0,-1,0,-1,0,-1,0,-1,0,-1,0,0,0,5828,3,0,3,5
498,2,fd,1,170,80,1,912,1056,0,0,2,0,0,0,0,0,0,0,0,0,0,0,0,0,0,0,0,0,0,0,0,0,0,0,0,0,0,-1,0,0,0,0,0,-1,0,0,0,0,0,-1,0,0,0,0,0,-1,0,0,0,0,0,0,-1,0,0,0,0,0,0,-1,0,0,0,0,0,0,-1,0,0,0,0,0,0,-1,0,0,0,-1,0,0,0,-1,0,0,0,-1,0,0,-1,0,-1,0,-1,0,-1,0,-1,0,-1,0,-1,0,-1,0,-1,0,-1,0,-1,0,-1,0,-1,0,0,0,5827,3,0,3,6
499,3,fd,1,167,80,1,864,1056,0,0,2,0,0,0,0,0,0,0,0,0,0,0,0,0,0,0,0,0,0,0,0,0,0,0,0,0,0,-1,0,0,0,0,0,-1,0,0,0,0,0,-1,0,0,0,0,0,-1,0,0,0,0,0,0,-1,0,0,0,0,0,0,-1,0,0,0,0,0,0,-1,0,0,0,0,0,0,-1,0,0,0,-1,0,0,0,-1,0,0,0,-1,0,0,-1,0,-1,0,-1,0,-1,0,-1,0,-1,0,-1,0,-1,0,-1,0,-1,0,-1,0,-1,0,-1,0,0,0,5826,3,0,3,7
500,4,fd,1,164,80,1,816,1056,0,0,2,0,0,0,0,0,0,0,0,0,0,0,0,0,0,0,0,0,0,0,0,0,0,0,0,0,0,-1,0,0,0,0,0,-1,0,0,0,0,0,-1,0,0,0,0,0,-1,0,0,0,0,0,0,-1,0,0,0,0,0,0,-1,0,0,0,0,0,0,-1,0,0,0,0,0,0,-1,0,0,0,-1,0,0,0,-1,0,0,0,-1,0,0,-1,0,-1,0,-1,0,-1,0,-1,0,-1,0,-1,0,-1,0,-1,0,-1,0,-1,0,-1,0,-1,0,0,0,5825,3,0,3,8
501,5,fd,1,161,80,1,768,1056,0,0,2,0,0,0,0,0,0,0,0,0,0,0,0,0,0,0,0,0,0,0,0,0,0,0,0,0,0,-1,0,0,0,0,0,-1,0,0,0,0,0,-1,0,0,0,0,0,-1,0,0,0,0,0,0,-1,0,0,0,0,0,0,-1,0,0,0,0,0,0,-1,0,0,0,0,0,0,-1,0,0,0,-1,0,0,0,-1,0,0,0,-1,0,0,-1,0,-1,0,-1,0,-1,0,-1,0,-1,0,-1,0,-1,0,-1,0,-1,0,-1,0,-1,0,-1,0,0,0,5824,3,0,3,9
502,6,fd,1,158,80,1,720,1056,0,0,2,0,0,0,0,0,0,0,0,0,0,0,0,0,0,0,0,0,0,0,0,0,0,0,0,0,0,-1,0,0,0,0,0,-1,0,0,0,0,0,-1,0,0,0,0,0,-1,0,0,0,0,0,0,-1,0,0,0,0,0,0,-1,0,0,0,0,0,0,-1,0,0,0,0,0,0,-1,0,0,0,-1,0,0,0,-1,0,0,0,-1,0,0,-1,0,-1,0,-1,0,-1,0,-1,0,-1,0,-1,0,-1,0,-1,0,-1,0,-1,0,-1,0,-1,0,0,0,5823,3,0,3,10
503,7,fd,1,156,80,1,672,1056,0,0,2,0,0,0,0,0,0,0,0,0,0,0,0,0,0,0,0,0,0,0,0,0,0,0,0,0,0,-1,0,0,0,0,0,-1,0,0,0,0,0,-1,0,0,0,0,0,-1,0,0,0,0,0,0,-1,0,0,0,0,0,0,-1,0,0,0,0,0,0,-1,0,0,0,0,0,0,-1,0,0,0,-1,0,0,0,-1,0,0,0,-1,0,0,-1,0,-1,0,-1,0,-1,0,-1,0,-1,0,-1,0,-1,0,-1,0,-1,0,-1,0,-1,0,-1,0,0,0,5822,3,0,3,11
504,8,fd,1,154,80,1,624,1056,0,0,2,0,0,0,0,0,0,0,0,0,0,0,0,0,0,0,0,0,0,0,0,0,0,0,0,0,0,-1,0,0,0,0,0,-1,0,0,0,0,0,-1,0,0,0,0,0,-1,0,0,0,0,0,0,-1,0,0,0,0,0,0,-1,0,0,0,0,0,0,-1,0,0,0,0,0,0,-1,0,0,0,-1,0,0,0,-1,0,0,0,-1,0,0,-1,0,-1,0,-1,0,-1,0,-1,0,-1,0,-1,0,-1,0,-1,0,-1,0,-1,0,-1,0,-1,0,0,0,5821,3,0,3,12
505,9,fd,1,152,80,1,576,1056,0,0,2,0,0,0,0,0,0,0,0,0,0,0,0,0,0,0,0,0,0,0,0,0,0,0,0,0,0,-1,0,0,0,0,0,-1,0,0,0,0,0,-1,0,0,0,0,0,-1,0,0,0,0,0,0,-1,0,0,0,0,0,0,-1,0,0,0,0,0,0,-1,0,0,0,0,0,0,-1,0,0,0,-1,0,0,0,-1,0,0,0,-1,0,0,-1,0,-1,0,-1,0,-1,0,-1,0,-1,0,-1,0,-1,0,-1,0,-1,0,-1,0,-1,0,-1,0,0,0,5820,3,0,3,13
506,10,fd,1,150,80,1,528,1056,0,0,2,0,0,0,0,0,0,0,0,0,0,0,0,0,0,0,0,0,0,0,0,0,0,0,0,0,0,-1,0,0,0,0,0,-1,0,0,0,0,0,-1,0,0,0,0,0,-1,0,0,0,0,0,0,-1,0,0,0,0,0,0,-1,0,0,0,0,0,0,-1,0,0,0,0,0,0,-1,0,0,0,-1,0,0,0,-1,0,0,0,-1,0,0,-1,0,-1,0,-1,0,-1,0,-1,0,-1,0,-1,0,-1,0,-1,0,-1,0,-1,0,-1,0,-1,0,0,0,5819,3,0,3,14
507,11,fd,1,148,80,1,480,1056,0,0,2,0,0,0,0,0,0,0,0,0,0,0,0,0,0,0,0,0,0,0,0,0,0,0,0,0,0,-1,0,0,0,0,0,-1,0,0,0,0,0,-1,0,0,0,0,0,-1,0,0,0,0,0,0,-1,0,0,0,0,0,0,-1,0,0,0,0,0,0,-1,0,0,0,0,0,0,-1,0,0,0,-1,0,0,0,-1,0,0,0,-1,0,0,-1,0,-1,0,-1,0,-1,0,-1,0,-1,0,-1,0,-1,0,-1,0,-1,0,-1,0,-1,0,-1,0,0,0,5818,3,0,3,15
508,12,fd,1,147,80,1,432,1056,0,0,2,0,0,0,0,0,0,0,0,0,0,0,0,0,0,0,0,0,0,0,0,0,0,0,0,0,0,-1,0,0,0,0,0,-1,0,0,0,0,0,-1,0,0,0,0,0,-1,0,0,0,0,0,0,-1,0,0,0,0,0,0,-1,0,0,0,0,0,0,-1,0,0,0,0,0,0,-1,0,0,0,-1,0,0,0,-1,0,0,0,-1,0,0,-1,0,-1,0,-1,0,-1,0,-1,0,-1,0,-1,0,-1,0,-1,0,-1,0,-1,0,-1,0,-1,0,0,0,5817,3,0,3,16
509,13,fd,1,146,80,1,384,1056,0,0,2,0,0,0,0,0,0,0,0,0,0,0,0,0,0,0,0,0,0,0,0,0,0,0,0,0,0,-1,0,0,0,0,0,-1,0,0,0,0,0,-1,0,0,0,0,0,-1,0,0,0,0,0,0,-1,0,0,0,0,0,0,-1,0,0,0,0,0,0,-1,0,0,0,0,0,0,-1,0,0,0,-1,0,0,0,-1,0,0,0,-1,0,0,-1,0,-1,0,-1,0,-1,0,-1,0,-1,0,-1,0,-1,0,-1,0,-1,0,-1,0,-1,0,-1,0,0,0,5816,3,0,3,17
510,14,fd,1,145,80,1,336,1056,0,0,2,0,0,0,0,0,0,0,0,0,0,0,0,0,0,0,0,0,0,0,0,0,0,0,0,0,0,-1,0,0,0,0,0,-1,0,0,0,0,0,-1,0,0,0,0,0,-1,0,0,0,0,0,0,-1,0,0,0,0,0,0,-1,0,0,0,0,0,0,-1,0,0,0,0,0,0,-1,0,0,0,-1,0,0,0,-1,0,0,0,-1,0,0,-1,0,-1,0,-1,0,-1,0,-1,0,-1,0,-1,0,-1,0,-1,0,-1,0,-1,0,-1,0,-1,0,0,0,5815,3,0,3,18
511,15,fd,1,144,80,1,288,1056,0,0,2,0,0,0,0,0,0,0,0,0,0,0,0,0,0,0,0,0,0,0,0,0,0,0,0,0,0,-1,0,0,0,0,0,-1,0,0,0,0,0,-1,0,0,0,0,0,-1,0,0,0,0,0,0,-1,0,0,0,0,0,0,-1,0,0,0,0,0,0,-1,0,0,0,0,0,0,-1,0,0,0,-1,0,0,0,-1,0,0,0,-1,0,0,-1,0,-1,0,-1,0,-1,0,-1,0,-1,0,-1,0,-1,0,-1,0,-1,0,-1,0,-1,0,-1,0,0,0,5814,3,0,3,19
512,16,fd,1,143,80,1,240,1056,0,0,2,0,0,0,0,0,0,0,0,0,0,0,0,0,0,0,0,0,0,0,0,0,0,0,0,0,0,-1,0,0,0,0,0,-1,0,0,0,0,0,-1,0,0,0,0,0,-1,0,0,0,0,0,0,-1,0,0,0,0,0,0,-1,0,0,0,0,0,0,-1,0,0,0,0,0,0,-1,0,0,0,-1,0,0,0,-1,0,0,0,-1,0,0,-1,0,-1,0,-1,0,-1,0,-1,0,-1,0,-1,0,-1,0,-1,0,-1,0,-1,0,-1,0,-1,0,0,0,5813,3,0,3,20
513,17,fd,1,143,80,1,192,1056,0,0,2,0,0,0,0,0,0,0,0,0,0,0,0,0,0,0,0,0,0,0,0,0,0,0,0,0,0,-1,0,0,0,0,0,-1,0,0,0,0,0,-1,0,0,0,0,0,-1,0,0,0,0,0,0,-1,0,0,0,0,0,0,-1,0,0,0,0,0,0,-1,0,0,0,0,0,0,-1,0,0,0,-1,0,0,0,-1,0,0,0,-1,0,0,-1,0,-1,0,-1,0,-1,0,-1,0,-1,0,-1,0,-1,0,-1,0,-1,0,-1,0,-1,0,-1,0,0,0,5812,3,0,3,21
514,18,fd,1,143,80,1,144,1056,0,0,2,0,0,0,0,0,0,0,0,0,0,0,0,0,0,0,0,0,0,0,0,0,0,0,0,0,0,-1,0,0,0,0,0,-1,0,0,0,0,0,-1,0,0,0,0,0,-1,0,0,0,0,0,0,-1,0,0,0,0,0,0,-1,0,0,0,0,0,0,-1,0,0,0,0,0,0,-1,0,0,0,-1,0,0,0,-1,0,0,0,-1,0,0,-1,0,-1,0,-1,0,-1,0,-1,0,-1,0,-1,0,-1,0,-1,0,-1,0,-1,0,-1,0,-1,0,0,0,5811,3,0,3,22
515,19,fd,1,143,80,1,96,1056,0,0,2,0,0,0,0,0,0,0,0,0,0,0,0,0,0,0,0,0,0,0,0,0,0,0,0,0,0,-1,0,0,0,0,0,-1,0,0,0,0,0,-1,0,0,0,0,0,-1,0,0,0,0,0,0,-1,0,0,0,0,0,0,-1,0,0,0,0,0,0,-1,0,0,0,0,0,0,-1,0,0,0,-1,0,0,0,-1,0,0,0,-1,0,0,-1,0,-1,0,-1,0,-1,0,-1,0,-1,0,-1,0,-1,0,-1,0,-1,0,-1,0,-1,0,-1,0,0,0,5810,3,0,3,23
516,20,fd,1,143,80,1,48,1056,0,0,2,0,0,0,0,0,0,0,0,0,0,0,0,0,0,0,0,0,0,0,0,0,0,0,0,0,0,-1,0,0,0,0,0,-1,0,0,0,0,0,-1,0,0,0,0,0,-1,0,0,0,0,0,0,-1,0,0,0,0,0,0,-1,0,0,0,0,0,0,-1,0,0,0,0,0,0,-1,0,0,0,-1,0,0,0,-1,0,0,0,-1,0,0,-1,0,-1,0,-1,0,-1,0,-1,0,-1,0,-1,0,-1,0,-1,0,-1,0,-1,0,-1,0,-1,0,0,0,5809,3,0,3,24
517,21,fd,1,143,80,2,0,1056,0,0,2,0,0,0,0,0,0,0,0,0,0,0,0,0,0,0,0,0,0,0,0,0,0,0,0,0,0,-1,0,0,0,0,0,-1,0,0,0,0,0,-1,0,0,0,0,0,-1,0,0,0,0,0,0,-1,0,0,0,0,0,0,-1,0,0,0,0,0,0,-1,0,0,0,0,0,0,-1,0,0,0,-1,0,0,0,-1,0,0,0,-1,0,0,-1,0,-1,0,-1,0,-1,0,-1,0,-1,0,-1,0,-1,0,-1,0,-1,0,-1,0,-1,0,-1,0,0,0,5808,3,0,3,25
518,22,fd,1,143,80,2,48,1056,0,0,2,0,0,0,0,0,0,0,0,0,0,0,0,0,0,0,0,0,0,0,0,0,0,0,0,0,0,-1,0,0,0,0,0,-1,0,0,0,0,0,-1,0,0,0,0,0,-1,0,0,0,0,0,0,-1,0,0,0,0,0,0,-1,0,0,0,0,0,0,-1,0,0,0,0,0,0,-1,0,0,0,-1,0,0,0,-1,0,0,0,-1,0,0,-1,0,-1,0,-1,0,-1,0,-1,0,-1,0,-1,0,-1,0,-1,0,-1,0,-1,0,-1,0,-1,0,0,0,5807,3,0,3,26
519,23,fd,1,143,80,2,96,1056,0,0,2,0,0,0,0,0,0,0,0,0,0,0,0,0,0,0,0,0,0,0,0,0,0,0,0,0,0,-1,0,0,0,0,0,-1,0,0,0,0,0,-1,0,0,0,0,0,-1,0,0,0,0,0,0,-1,0,0,0,0,0,0,-1,0,0,0,0,0,0,-1,0,0,0,0,0,0,-1,0,0,0,-1,0,0,0,-1,0,0,0,-1,0,0,-1,0,-1,0,-1,0,-1,0,-1,0,-1,0,-1,0,-1,0,-1,0,-1,0,-1,0,-1,0,-1,0,0,0,5806,3,0,3,27
520,24,fd,1,143,80,2,144,1056,0,0,2,0,0,0,0,0,0,0,0,0,0,0,0,0,0,0,0,0,0,0,0,0,0,0,0,0,0,-1,0,0,0,0,0,-1,0,0,0,0,0,-1,0,0,0,0,0,-1,0,0,0,0,0,0,-1,0,0,0,0,0,0,-1,0,0,0,0,0,0,-1,0,0,0,0,0,0,-1,0,0,0,-1,0,0,0,-1,0,0,0,-1,0,0,-1,0,-1,0,-1,0,-1,0,-1,0,-1,0,-1,0,-1,0,-1,0,-1,0,-1,0,-1,0,-1,0,0,0,5805,3,0,3,28
521,25,fd,1,143,80,2,192,1056,0,0,2,0,0,0,0,0,0,0,0,0,0,0,0,0,0,0,0,0,0,0,0,0,0,0,0,0,0,-1,0,0,0,0,0,-1,0,0,0,0,0,-1,0,0,0,0,0,-1,0,0,0,0,0,0,-1,0,0,0,0,0,0,-1,0,0,0,0,0,0,-1,0,0,0,0,0,0,-1,0,0,0,-1,0,0,0,-1,0,0,0,-1,0,0,-1,0,-1,0,-1,0,-1,0,-1,0,-1,0,-1,0,-1,0,-1,0,-1,0,-1,0,-1,0,-1,0,0,0,5804,3,0,3,29
522,26,fd,1,143,80,2,240,1056,0,0,2,0,0,0,0,0,0,0,0,0,0,0,0,0,0,0,0,0,0,0,0,0,0,0,0,0,0,-1,0,0,0,0,0,-1,0,0,0,0,0,-1,0,0,0,0,0,-1,0,0,0,0,0,0,-1,0,0,0,0,0,0,-1,0,0,0,0,0,0,-1,0,0,0,0,0,0,-1,0,0,0,-1,0,0,0,-1,0,0,0,-1,0,0,-1,0,-1,0,-1,0,-1,0,-1,0,-1,0,-1,0,-1,0,-1,0,-1,0,-1,0,-1,0,-1,0,0,0,5803,3,0,3,30
523,27,fd,1,143,80,2,288,1056,0,0,2,0,0,0,0,0,0,0,0,0,0,0,0,0,0,0,0,0,0,0,0,0,0,0,0,0,0,-1,0,0,0,0,0,-1,0,0,0,0,0,-1,0,0,0,0,0,-1,0,0,0,0,0,0,-1,0,0,0,0,0,0,-1,0,0,0,0,0,0,-1,0,0,0,0,0,0,-1,0,0,0,-1,0,0,0,-1,0,0,0,-1,0,0,-1,0,-1,0,-1,0,-1,0,-1,0,-1,0,-1,0,-1,0,-1,0,-1,0,-1,0,-1,0,-1,0,0,0,5802,3,0,3,31
524,28,fd,1,144,80,2,336,1056,0,0,2,0,0,0,0,0,0,0,0,0,0,0,0,0,0,0,0,0,0,0,0,0,0,0,0,0,0,-1,0,0,0,0,0,-1,0,0,0,0,0,-1,0,0,0,0,0,-1,0,0,0,0,0,0,-1,0,0,0,0,0,0,-1,0,0,0,0,0,0,-1,0,0,0,0,0,0,-1,0,0,0,-1,0,0,0,-1,0,0,0,-1,0,0,-1,0,-1,0,-1,0,-1,0,-1,0,-1,0,-1,0,-1,0,-1,0,-1,0,-1,0,-1,0,-1,0,0,0,5801,3,0,3,32
525,29,fd,1,145,80,2,384,1056,0,0,2,0,0,0,0,0,0,0,0,0,0,0,0,0,0,0,0,0,0,0,0,0,0,0,0,0,0,-1,0,0,0,0,0,-1,0,0,0,0,0,-1,0,0,0,0,0,-1,0,0,0,0,0,0,-1,0,0,0,0,0,0,-1,0,0,0,0,0,0,-1,0,0,0,0,0,0,-1,0,0,0,-1,0,0,0,-1,0,0,0,-1,0,0,-1,0,-1,0,-1,0,-1,0,-1,0,-1,0,-1,0,-1,0,-1,0,-1,0,-1,0,-1,0,-1,0,0,0,5800,3,0,3,33
526,30,fd,1,146,80,2,432,1056,0,0,2,0,0,0,0,0,0,0,0,0,0,0,0,0,0,0,0,0,0,0,0,0,0,0,0,0,0,-1,0,0,0,0,0,-1,0,0,0,0,0,-1,0,0,0,0,0,-1,0,0,0,0,0,0,-1,0,0,0,0,0,0,-1,0,0,0,0,0,0,-1,0,0,0,0,0,0,-1,0,0,0,-1,0,0,0,-1,0,0,0,-1,0,0,-1,0,-1,0,-1,0,-1,0,-1,0,-1,0,-1,0,-1,0,-1,0,-1,0,-1,0,-1,0,-1,0,0,0,5799,3,0,3,34
527,31,fd,1,147,80,2,480,1056,0,0,2,0,0,0,0,0,0,0,0,0,0,0,0,0,0,0,0,0,0,0,0,0,0,0,0,0,0,-1,0,0,0,0,0,-1,0,0,0,0,0,-1,0,0,0,0,0,-1,0,0,0,0,0,0,-1,0,0,0,0,0,0,-1,0,0,0,0,0,0,-1,0,0,0,0,0,0,-1,0,0,0,-1,0,0,0,-1,0,0,0,-1,0,0,-1,0,-1,0,-1,0,-1,0,-1,0,-1,0,-1,0,-1,0,-1,0,-1,0,-1,0,-1,0,-1,0,0,0,5798,3,0,3,35
528,32,fd,1,148,80,2,528,1056,0,0,2,0,0,0,0,0,0,0,0,0,0,0,0,0,0,0,0,0,0,0,0,0,0,0,0,0,0,-1,0,0,0,0,0,-1,0,0,0,0,0,-1,0,0,0,0,0,-1,0,0,0,0,0,0,-1,0,0,0,0,0,0,-1,0,0,0,0,0,0,-1,0,0,0,0,0,0,-1,0,0,0,-1,0,0,0,-1,0,0,0,-1,0,0,-1,0,-1,0,-1,0,-1,0,-1,0,-1,0,-1,0,-1,0,-1,0,-1,0,-1,0,-1,0,-1,0,0,0,5797,3,0,3,36
529,33,fd,1,150,80,2,576,1056,0,0,2,0,0,0,0,0,0,0,0,0,0,0,0,0,0,0,0,0,0,0,0,0,0,0,0,0,0,-1,0,0,0,0,0,-1,0,0,0,0,0,-1,0,0,0,0,0,-1,0,0,0,0,0,0,-1,0,0,0,0,0,0,-1,0,0,0,0,0,0,-1,0,0,0,0,0,0,-1,0,0,0,-1,0,0,0,-1,0,0,0,-1,0,0,-1,0,-1,0,-1,0,-1,0,-1,0,-1,0,-1,0,-1,0,-1,0,-1,0,-1,0,-1,0,-1,0,0,0,5796,3,0,3,37
530,34,fd,1,152,80,2,624,1056,0,0,2,0,0,0,0,0,0,0,0,0,0,0,0,0,0,0,0,0,0,0,0,0,0,0,0,0,0,-1,0,0,0,0,0,-1,0,0,0,0,0,-1,0,0,0,0,0,-1,0,0,0,0,0,0,-1,0,0,0,0,0,0,-1,0,0,0,0,0,0,-1,0,0,0,0,0,0,-1,0,0,0,-1,0,0,0,-1,0,0,0,-1,0,0,-1,0,-1,0,-1,0,-1,0,-1,0,-1,0,-1,0,-1,0,-1,0,-1,0,-1,0,-1,0,-1,0,0,0,5795,3,0,3,38
531,35,fd,1,154,80,2,672,1056,0,0,2,0,0,0,0,0,0,0,0,0,0,0,0,0,0,0,0,0,0,0,0,0,0,0,0,0,0,-1,0,0,0,0,0,-1,0,0,0,0,0,-1,0,0,0,0,0,-1,0,0,0,0,0,0,-1,0,0,0,0,0,0,-1,0,0,0,0,0,0,-1,0,0,0,0,0,0,-1,0,0,0,-1,0,0,0,-1,0,0,0,-1,0,0,-1,0,-1,0,-1,0,-1,0,-1,0,-1,0,-1,0,-1,0,-1,0,-1,0,-1,0,-1,0,-1,0,0,0,5794,3,0,3,39
532,36,fd,1,156,80,2,720,1056,0,0,2,0,0,0,0,0,0,0,0,0,0,0,0,0,0,0,0,0,0,0,0,0,0,0,0,0,0,-1,0,0,0,0,0,-1,0,0,0,0,0,-1,0,0,0,0,0,-1,0,0,0,0,0,0,-1,0,0,0,0,0,0,-1,0,0,0,0,0,0,-1,0,0,0,0,0,0,-1,0,0,0,-1,0,0,0,-1,0,0,0,-1,0,0,-1,0,-1,0,-1,0,-1,0,-1,0,-1,0,-1,0,-1,0,-1,0,-1,0,-1,0,-1,0,-1,0,0,0,5793,3,0,3,40
533,37,fd,1,158,80,2,768,1056,0,0,2,0,0,0,0,0,0,0,0,0,0,0,0,0,0,0,0,0,0,0,0,0,0,0,0,0,0,-1,0,0,0,0,0,-1,0,0,0,0,0,-1,0,0,0,0,0,-1,0,0,0,0,0,0,-1,0,0,0,0,0,0,-1,0,0,0,0,0,0,-1,0,0,0,0,0,0,-1,0,0,0,-1,0,0,0,-1,0,0,0,-1,0,0,-1,0,-1,0,-1,0,-1,0,-1,0,-1,0,-1,0,-1,0,-1,0,-1,0,-1,0,-1,0,-1,0,0,0,5792,3,0,3,41
534,38,fd,1,161,80,2,816,1056,0,0,2,0,0,0,0,0,0,0,0,0,0,0,0,0,0,0,0,0,0,0,0,0,0,0,0,0,0,-1,0,0,0,0,0,-1,0,0,0,0,0,-1,0,0,0,0,0,-1,0,0,0,0,0,0,-1,0,0,0,0,0,0,-1,0,0,0,0,0,0,-1,0,0,0,0,0,0,-1,0,0,0,-1,0,0,0,-1,0,0,0,-1,0,0,-1,0,-1,0,-1,0,-1,0,-1,0,-1,0,-1,0,-1,0,-1,0,-1,0,-1,0,-1,0,-1,0,0,0,5791,3,0,3,42
535,39,fd,1,164,80,2,864,1056,0,0,2,0,0,0,0,0,0,0,0,0,0,0,0,0,0,0,0,0,0,0,0,0,0,0,0,0,0,-1,0,0,0,0,0,-1,0,0,0,0,0,-1,0,0,0,0,0,-1,0,0,0,0,0,0,-1,0,0,0,0,0,0,-1,0,0,0,0,0,0,-1,0,0,0,0,0,0,-1,0,0,0,-1,0,0,0,-1,0,0,0,-1,0,0,-1,0,-1,0,-1,0,-1,0,-1,0,-1,0,-1,0,-1,0,-1,0,-1,0,-1,0,-1,0,-1,0,0,0,5790,3,0,3,43
536,40,fd,1,167,80,2,912,1056,0,0,2,0,0,0,0,0,0,0,0,0,0,0,0,0,0,0,0,0,0,0,0,0,0,0,0,0,0,-1,0,0,0,0,0,-1,0,0,0,0,0,-1,0,0,0,0,0,-1,0,0,0,0,0,0,-1,0,0,0,0,0,0,-1,0,0,0,0,0,0,-1,0,0,0,0,0,0,-1,0,0,0,-1,0,0,0,-1,0,0,0,-1,0,0,-1,0,-1,0,-1,0,-1,0,-1,0,-1,0,-1,0,-1,0,-1,0,-1,0,-1,0,-1,0,-1,0,0,0,5789,3,0,3,44
537,41,fd,1,170,80,2,960,1056,0,0,2,0,0,0,0,0,0,0,0,0,0,0,0,0,0,0,0,0,0,0,0,0,0,0,0,0,0,-1,0,0,0,0,0,-1,0,0,0,0,0,-1,0,0,0,0,0,-1,0,0,0,0,0,0,-1,0,0,0,0,0,0,-1,0,0,0,0,0,0,-1,0,0,0,0,0,0,-1,0,0,0,-1,0,0,0,-1,0,0,0,-1,0,0,-1,0,-1,0,-1,0,-1,0,-1,0,-1,0,-1,0,-1,0,-1,0,-1,0,-1,0,-1,0,-1,0,0,0,5788,3,0,3,45
538,42,fd,1,173,80,2,1008,1056,0,0,2,0,0,0,0,0,0,0,0,0,0,0,0,0,0,0,0,0,0,0,0,0,0,0,0,0,0,-1,0,0,0,0,0,-1,0,0,0,0,0,-1,0,0,0,0,0,-1,0,0,0,0,0,0,-1,0,0,0,0,0,0,-1,0,0,0,0,0,0,-1,0,0,0,0,0,0,-1,0,0,0,-1,0,0,0,-1,0,0,0,-1,0,0,-1,0,-1,0,-1,0,-1,0,-1,0,-1,0,-1,0,-1,0,-1,0,-1,0,-1,0,-1,0,-1,0,0,0,5787,3,0,3,46
539,43,fd,1,180,80,1,1056,1056,0,2,2,0,0,0,0,0,8,0,0,0,0,0,0,0,0,0,0,0,0,0,0,0,0,0,0,0,0,-1,0,0,0,0,0,-1,0,0,0,0,0,-1,0,0,0,0,0,-1,0,0,0,0,0,0,-1,0,0,0,0,0,0,-1,0,0,0,0,0,0,-1,0,0,0,0,0,0,-1,0,0,0,-1,0,0,0,-1,0,0,0,-1,0,0,-1,0,-1,0,-1,0,-1,0,-1,0,-1,0,-1,0,-1,0,-1,0,-1,0,-1,0,-1,0,-1,0,0,0,5786,3,0,3,47
540,44,fd,1,176,80,1,1008,1056,0,2,2,65534,0,0,0,0,7,0,0,0,0,0,0,0,0,0,0,0,0,0,0,0,0,0,0,0,0,-1,0,0,0,0,0,-1,0,0,0,0,0,-1,0,0,0,0,0,-1,0,0,0,0,0,0,-1,0,0,0,0,0,0,-1,0,0,0,0,0,0,-1,0,0,0,0,0,0,-1,0,0,0,-1,0,0,0,-1,0,0,0,-1,0,0,-1,0,-1,0,-1,0,-1,0,-1,0,-1,0,-1,0,-1,0,-1,0,-1,0,-1,0,-1,0,-1,0,0,0,5785,3,0,3,48
541,45,fd,1,173,80,1,960,1056,0,2,2,65532,0,0,0,0,6,0,0,0,0,0,0,0,0,0,0,0,0,0,0,0,0,0,0,0,0,-1,0,0,0,0,0,-1,0,0,0,0,0,-1,0,0,0,0,0,-1,0,0,0,0,0,0,-1,0,0,0,0,0,0,-1,0,0,0,0,0,0,-1,0,0,0,0,0,0,-1,0,0,0,-1,0,0,0,-1,0,0,0,-1,0,0,-1,0,-1,0,-1,0,-1,0,-1,0,-1,0,-1,0,-1,0,-1,0,-1,0,-1,0,-1,0,-1,0,0,0,5784,3,0,3,49
542,46,fd,1,170,80,1,912,1056,0,2,2,65530,0,0,0,0,5,0,0,0,0,0,0,0,0,0,0,0,0,0,0,0,0,0,0,0,0,-1,0,0,0,0,0,-1,0,0,0,0,0,-1,0,0,0,0,0,-1,0,0,0,0,0,0,-1,0,0,0,0,0,0,-1,0,0,0,0,0,0,-1,0,0,0,0,0,0,-1,0,0,0,-1,0,0,0,-1,0,0,0,-1,0,0,-1,0,-1,0,-1,0,-1,0,-1,0,-1,0,-1,0,-1,0,-1,0,-1,0,-1,0,-1,0,-1,0,0,0,5783,3,0,3,50
543,47,fd,1,167,80,1,864,1056,0,2,2,65528,0,0,0,0,4,0,0,0,0,0,0,0,0,0,0,0,0,0,0,0,0,0,0,0,0,-1,0,0,0,0,0,-1,0,0,0,0,0,-1,0,0,0,0,0,-1,0,0,0,0,0,0,-1,0,0,0,0,0,0,-1,0,0,0,0,0,0,-1,0,0,0,0,0,0,-1,0,0,0,-1,0,0,0,-1,0,0,0,-1,0,0,-1,0,-1,0,-1,0,-1,0,-1,0,-1,0,-1,0,-1,0,-1,0,-1,0,-1,0,-1,0,-1,0,0,0,5782,3,0,3,51
544,48,fd,1,164,80,1,816,1056,0,2,2,65526,0,0,0,0,3,0,0,0,0,0,0,0,0,0,0,0,0,0,0,0,0,0,0,0,0,-1,0,0,0,0,0,-1,0,0,0,0,0,-1,0,0,0,0,0,-1,0,0,0,0,0,0,-1,0,0,0,0,0,0,-1,0,0,0,0,0,0,-1,0,0,0,0,0,0,-1,0,0,0,-1,0,0,0,-1,0,0,0,-1,0,0,-1,0,-1,0,-1,0,-1,0,-1,0,-1,0,-1,0,-1,0,-1,0,-1,0,-1,0,-1,0,-1,0,0,0,5781,3,0,3,52
545,49,fd,1,161,80,1,768,1056,0,2,2,65524,0,0,0,0,2,0,0,0,0,0,0,0,0,0,0,0,0,0,0,0,0,0,0,0,0,-1,0,0,0,0,0,-1,0,0,0,0,0,-1,0,0,0,0,0,-1,0,0,0,0,0,0,-1,0,0,0,0,0,0,-1,0,0,0,0,0,0,-1,0,0,0,0,0,0,-1,0,0,0,-1,0,0,0,-1,0,0,0,-1,0,0,-1,0,-1,0,-1,0,-1,0,-1,0,-1,0,-1,0,-1,0,-1,0,-1,0,-1,0,-1,0,-1,0,0,0,5780,3,0,3,53
546,50,fd,1,158,80,1,720,1056,0,2,2,65522,0,0,0,0,1,0,0,0,0,0,0,0,0,0,0,0,0,0,0,0,0,0,0,0,0,-1,0,0,0,0,0,-1,0,0,0,0,0,-1,0,0,0,0,0,-1,0,0,0,0,0,0,-1,0,0,0,0,0,0,-1,0,0,0,0,0,0,-1,0,0,0,0,0,0,-1,0,0,0,-1,0,0,0,-1,0,0,0,-1,0,0,-1,0,-1,0,-1,0,-1,0,-1,0,-1,0,-1,0,-1,0,-1,0,-1,0,-1,0,-1,0,-1,0,0,0,5779,3,0,3,54
547,51,fd,1,156,80,1,672,1056,0,2,2,65520,0,0,0,0,0,0,0,0,0,0,0,0,0,0,0,0,0,0,0,0,0,0,0,0,0,-1,0,0,0,0,0,-1,0,0,0,0,0,-1,0,0,0,0,0,-1,0,0,0,0,0,0,-1,0,0,0,0,0,0,-1,0,0,0,0,0,0,-1,0,0,0,0,0,0,-1,0,0,0,-1,0,0,0,-1,0,0,0,-1,0,0,-1,0,-1,0,-1,0,-1,0,-1,0,-1,0,-1,0,-1,0,-1,0,-1,0,-1,0,-1,0,-1,0,0,0,5778,3,0,3,55
548,52,fd,1,154,80,1,624,1056,0,2,2,65518,0,0,0,0,0,0,0,0,0,0,0,0,0,0,0,0,0,0,0,0,0,0,0,0,0,-1,0,0,0,0,0,-1,0,0,0,0,0,-1,0,0,0,0,0,-1,0,0,0,0,0,0,-1,0,0,0,0,0,0,-1,0,0,0,0,0,0,-1,0,0,0,0,0,0,-1,0,0,0,-1,0,0,0,-1,0,0,0,-1,0,0,-1,0,-1,0,-1,0,-1,0,-1,0,-1,0,-1,0,-1,0,-1,0,-1,0,-1,0,-1,0,-1,0,0,0,5777,3,0,3,56
549,53,fd,1,152,80,1,576,1056,0,2,2,65516,0,0,0,0,0,0,0,0,0,0,0,0,0,0,0,0,0,0,0,0,0,0,0,0,0,-1,0,0,0,0,0,-1,0,0,0,0,0,-1,0,0,0,0,0,-1,0,0,0,0,0,0,-1,0,0,0,0,0,0,-1,0,0,0,0,0,0,-1,0,0,0,0,0,0,-1,0,0,0,-1,0,0,0,-1,0,0,0,-1,0,0,-1,0,-1,0,-1,0,-1,0,-1,0,-1,0,-1,0,-1,0,-1,0,-1,0,-1,0,-1,0,-1,0,0,0,5776,3,0,3,57
550,54,fd,1,150,80,1,528,1056,0,2,2,65514,0,0,0,0,0,0,0,0,0,0,0,0,0,0,0,0,0,0,0,0,0,0,0,0,0,-1,0,0,0,0,0,-1,0,0,0,0,0,-1,0,0,0,0,0,-1,0,0,0,0,0,0,-1,0,0,0,0,0,0,-1,0,0,0,0,0,0,-1,0,0,0,0,0,0,-1,0,0,0,-1,0,0,0,-1,0,0,0,-1,0,0,-1,0,-1,0,-1,0,-1,0,-1,0,-1,0,-1,0,-1,0,-1,0,-1,0,-1,0,-1,0,-1,0,0,0,5775,3,0,3,58
551,55,fd,1,148,80,1,480,1056,0,2,2,65512,0,0,0,0,0,0,0,0,0,0,0,0,0,0,0,0,0,0,0,0,0,0,0,0,0,-1,0,0,0,0,0,-1,0,0,0,0,0,-1,0,0,0,0,0,-1,0,0,0,0,0,0,-1,0,0,0,0,0,0,-1,0,0,0,0,0,0,-1,0,0,0,0,0,0,-1,0,0,0,-1,0,0,0,-1,0,0,0,-1,0,0,-1,0,-1,0,-1,0,-1,0,-1,0,-1,0,-1,0,-1,0,-1,0,-1,0,-1,0,-1,0,-1,0,0,0,5774,3,0,3,59
552,56,fd,1,147,80,1,432,1056,0,2,2,65510,0,0,0,0,0,0,0,0,0,0,0,0,0,0,0,0,0,0,0,0,0,0,0,0,0,-1,0,0,0,0,0,-1,0,0,0,0,0,-1,0,0,0,0,0,-1,0,0,0,0,0,0,-1,0,0,0,0,0,0,-1,0,0,0,0,0,0,-1,0,0,0,0,0,0,-1,0,0,0,-1,0,0,0,-1,0,0,0,-1,0,0,-1,0,-1,0,-1,0,-1,0,-1,0,-1,0,-1,0,-1,0,-1,0,-1,0,-1,0,-1,0,-1,0,0,0,5773,3,0,3,60
553,57,fd,1,146,80,1,384,1056,0,2,2,65508,0,0,0,0,0,0,0,0,0,0,0,0,0,0,0,0,0,0,0,0,0,0,0,0,0,-1,0,0,0,0,0,-1,0,0,0,0,0,-1,0,0,0,0,0,-1,0,0,0,0,0,0,-1,0,0,0,0,0,0,-1,0,0,0,0,0,0,-1,0,0,0,0,0,0,-1,0,0,0,-1,0,0,0,-1,0,0,0,-1,0,0,-1,0,-1,0,-1,0,-1,0,-1,0,-1,0,-1,0,-1,0,-1,0,-1,0,-1,0,-1,0,-1,0,0,0,5772,3,0,3,61
554,58,fd,1,145,80,1,336,1056,0,2,2,65506,0,0,0,0,0,0,0,0,0,0,0,0,0,0,0,0,0,0,0,0,0,0,0,0,0,-1,0,0,0,0,0,-1,0,0,0,0,0,-1,0,0,0,0,0,-1,0,0,0,0,0,0,-1,0,0,0,0,0,0,-1,0,0,0,0,0,0,-1,0,0,0,0,0,0,-1,0,0,0,-1,0,0,0,-1,0,0,0,-1,0,0,-1,0,-1,0,-1,0,-1,0,-1,0,-1,0,-1,0,-1,0,-1,0,-1,0,-1,0,-1,0,-1,0,0,0,5771,3,0,3,62
555,59,fd,1,144,80,1,288,1056,0,2,2,65504,0,0,0,0,0,0,0,0,0,0,0,0,0,0,0,0,0,0,0,0,0,0,0,0,0,-1,0,0,0,0,0,-1,0,0,0,0,0,-1,0,0,0,0,0,-1,0,0,0,0,0,0,-1,0,0,0,0,0,0,-1,0,0,0,0,0,0,-1,0,0,0,0,0,0,-1,0,0,0,-1,0,0,0,-1,0,0,0,-1,0,0,-1,0,-1,0,-1,0,-1,0,-1,0,-1,0,-1,0,-1,0,-1,0,-1,0,-1,0,-1,0,-1,0,0,0,5770,3,0,3,63
556,60,fd,1,143,80,1,240,1056,0,2,2,65502,0,0,0,0,0,0,0,0,0,0,0,0,0,0,0,0,0,0,0,0,0,0,0,0,0,-1,0,0,0,0,0,-1,0,0,0,0,0,-1,0,0,0,0,0,-1,0,0,0,0,0,0,-1,0,0,0,0,0,0,-1,0,0,0,0,0,0,-1,0,0,0,0,0,0,-1,0,0,0,-1,0,0,0,-1,0,0,0,-1,0,0,-1,0,-1,0,-1,0,-1,0,-1,0,-1,0,-1,0,-1,0,-1,0,-1,0,-1,0,-1,0,-1,0,0,0,5769,3,0,3,64
557,61,fd,1,143,80,1,192,1056,0,2,2,65500,0,0,0,0,0,0,0,0,0,0,0,0,0,0,0,0,0,0,0,0,0,0,0,0,0,-1,0,0,0,0,0,-1,0,0,0,0,0,-1,0,0,0,0,0,-1,0,0,0,0,0,0,-1,0,0,0,0,0,0,-1,0,0,0,0,0,0,-1,0,0,0,0,0,0,-1,0,0,0,-1,0,0,0,-1,0,0,0,-1,0,0,-1,0,-1,0,-1,0,-1,0,-1,0,-1,0,-1,0,-1,0,-1,0,-1,0,-1,0,-1,0,-1,0,0,0,5768,3,0,3,65
558,62,fd,1,143,80,1,144,1056,0,2,2,65498,0,0,0,0,0,0,0,0,0,0,0,0,0,0,0,0,0,0,0,0,0,0,0,0,0,-1,0,0,0,0,0,-1,0,0,0,0,0,-1,0,0,0,0,0,-1,0,0,0,0,0,0,-1,0,0,0,0,0,0,-1,0,0,0,0,0,0,-1,0,0,0,0,0,0,-1,0,0,0,-1,0,0,0,-1,0,0,0,-1,0,0,-1,0,-1,0,-1,0,-1,0,-1,0,-1,0,-1,0,-1,0,-1,0,-1,0,-1,0,-1,0,-1,0,0,0,5767,3,0,3,66
559,63,fd,1,143,80,1,96,1056,0,2,2,65496,0,0,0,0,0,0,0,0,0,0,0,0,0,0,0,0,0,0,0,0,0,0,0,0,0,-1,0,0,0,0,0,-1,0,0,0,0,0,-1,0,0,0,0,0,-1,0,0,0,0,0,0,-1,0,0,0,0,0,0,-1,0,0,0,0,0,0,-1,0,0,0,0,0,0,-1,0,0,0,-1,0,0,0,-1,0,0,0,-1,0,0,-1,0,-1,0,-1,0,-1,0,-1,0,-1,0,-1,0,-1,0,-1,0,-1,0,-1,0,-1,0,-1,0,0,0,5766,3,0,3,67
560,64,fd,1,143,80,1,48,1056,0,2,2,65494,0,0,0,0,0,0,0,0,0,0,0,0,0,0,0,0,0,0,0,0,0,0,0,0,0,-1,0,0,0,0,0,-1,0,0,0,0,0,-1,0,0,0,0,0,-1,0,0,0,0,0,0,-1,0,0,0,0,0,0,-1,0,0,0,0,0,0,-1,0,0,0,0,0,0,-1,0,0,0,-1,0,0,0,-1,0,0,0,-1,0,0,-1,0,-1,0,-1,0,-1,0,-1,0,-1,0,-1,0,-1,0,-1,0,-1,0,-1,0,-1,0,-1,0,0,0,5765,3,0,3,68
561,65,fd,1,143,80,2,0,1056,0,2,2,65492,0,0,0,0,0,0,0,0,0,0,0,0,0,0,0,0,0,0,0,0,0,0,0,0,0,-1,0,0,0,0,0,-1,0,0,0,0,0,-1,0,0,0,0,0,-1,0,0,0,0,0,0,-1,0,0,0,0,0,0,-1,0,0,0,0,0,0,-1,0,0,0,0,0,0,-1,0,0,0,-1,0,0,0,-1,0,0,0,-1,0,0,-1,0,-1,0,-1,0,-1,0,-1,0,-1,0,-1,0,-1,0,-1,0,-1,0,-1,0,-1,0,-1,0,0,0,5764,3,0,3,69
562,66,fd,1,143,80,2,48,1056,0,2,2,65490,0,0,0,0,0,0,0,0,0,0,0,0,0,0,0,0,0,0,0,0,0,0,0,0,0,-1,0,0,0,0,0,-1,0,0,0,0,0,-1,0,0,0,0,0,-1,0,0,0,0,0,0,-1,0,0,0,0,0,0,-1,0,0,0,0,0,0,-1,0,0,0,0,0,0,-1,0,0,0,-1,0,0,0,-1,0,0,0,-1,0,0,-1,0,-1,0,-1,0,-1,0,-1,0,-1,0,-1,0,-1,0,-1,0,-1,0,-1,0,-1,0,-1,0,0,0,5763,3,0,3,70
563,67,fd,1,143,80,2,96,1056,0,2,2,65488,0,0,0,0,0,0,0,0,0,0,0,0,0,0,0,0,0,0,0,0,0,0,0,0,0,-1,0,0,0,0,0,-1,0,0,0,0,0,-1,0,0,0,0,0,-1,0,0,0,0,0,0,-1,0,0,0,0,0,0,-1,0,0,0,0,0,0,-1,0,0,0,0,0,0,-1,0,0,0,-1,0,0,0,-1,0,0,0,-1,0,0,-1,0,-1,0,-1,0,-1,0,-1,0,-1,0,-1,0,-1,0,-1,0,-1,0,-1,0,-1,0,-1,0,0,0,5762,3,0,3,71
564,68,fd,1,143,80,2,144,1056,0,2,2,65486,0,0,0,0,0,0,0,0,0,0,0,0,0,0,0,0,0,0,0,0,0,0,0,0,0,-1,0,0,0,0,0,-1,0,0,0,0,0,-1,0,0,0,0,0,-1,0,0,0,0,0,0,-1,0,0,0,0,0,0,-1,0,0,0,0,0,0,-1,0,0,0,0,0,0,-1,0,0,0,-1,0,0,0,-1,0,0,0,-1,0,0,-1,0,-1,0,-1,0,-1,0,-1,0,-1,0,-1,0,-1,0,-1,0,-1,0,-1,0,-1,0,-1,0,0,0,5761,3,0,3,72
565,69,fd,1,143,80,2,192,1056,0,2,2,65484,0,0,0,0,0,0,0,0,0,0,0,0,0,0,0,0,0,0,0,0,0,0,0,0,0,-1,0,0,0,0,0,-1,0,0,0,0,0,-1,0,0,0,0,0,-1,0,0,0,0,0,0,-1,0,0,0,0,0,0,-1,0,0,0,0,0,0,-1,0,0,0,0,0,0,-1,0,0,0,-1,0,0,0,-1,0,0,0,-1,0,0,-1,0,-1,0,-1,0,-1,0,-1,0,-1,0,-1,0,-1,0,-1,0,-1,0,-1,0,-1,0,-1,0,0,0,5760,3,0,3,73
566,70,fd,1,143,80,2,240,1056,0,2,2,65482,0,0,0,0,0,0,0,0,0,0,0,0,0,0,0,0,0,0,0,0,0,0,0,0,0,-1,0,0,0,0,0,-1,0,0,0,0,0,-1,0,0,0,0,0,-1,0,0,0,0,0,0,-1,0,0,0,0,0,0,-1,0,0,0,0,0,0,-1,0,0,0,0,0,0,-1,0,0,0,-1,0,0,0,-1,0,0,0,-1,0,0,-1,0,-1,0,-1,0,-1,0,-1,0,-1,0,-1,0,-1,0,-1,0,-1,0,-1,0,-1,0,-1,0,0,0,5759,3,0,3,74
567,71,fd,1,143,80,2,288,1056,0,2,2,65480,0,0,0,0,0,0,0,0,0,0,0,0,0,0,0,0,0,0,0,0,0,0,0,0,0,-1,0,0,0,0,0,-1,0,0,0,0,0,-1,0,0,0,0,0,-1,0,0,0,0,0,0,-1,0,0,0,0,0,0,-1,0,0,0,0,0,0,-1,0,0,0,0,0,0,-1,0,0,0,-1,0,0,0,-1,0,0,0,-1,0,0,-1,0,-1,0,-1,0,-1,0,-1,0,-1,0,-1,0,-1,0,-1,0,-1,0,-1,0,-1,0,-1,0,0,0,5758,3,0,3,75
568,72,fd,1,144,80,2,336,1056,0,2,2,65478,0,0,0,0,0,0,0,0,0,0,0,0,0,0,0,0,0,0,0,0,0,0,0,0,0,-1,0,0,0,0,0,-1,0,0,0,0,0,-1,0,0,0,0,0,-1,0,0,0,0,0,0,-1,0,0,0,0,0,0,-1,0,0,0,0,0,0,-1,0,0,0,0,0,0,-1,0,0,0,-1,0,0,0,-1,0,0,0,-1,0,0,-1,0,-1,0,-1,0,-1,0,-1,0,-1,0,-1,0,-1,0,-1,0,-1,0,-1,0,-1,0,-1,0,0,0,5757,3,0,3,76
569,73,fd,1,145,80,2,384,1056,0,2,2,65476,0,0,0,0,0,0,0,0,0,0,0,0,0,0,0,0,0,0,0,0,0,0,0,0,0,-1,0,0,0,0,0,-1,0,0,0,0,0,-1,0,0,0,0,0,-1,0,0,0,0,0,0,-1,0,0,0,0,0,0,-1,0,0,0,0,0,0,-1,0,0,0,0,0,0,-1,0,0,0,-1,0,0,0,-1,0,0,0,-1,0,0,-1,0,-1,0,-1,0,-1,0,-1,0,-1,0,-1,0,-1,0,-1,0,-1,0,-1,0,-1,0,-1,0,0,0,5756,3,0,3,77
570,74,fd,1,146,80,2,432,1056,0,2,2,65474,0,0,0,0,0,0,0,0,0,0,0,0,0,0,0,0,0,0,0,0,0,0,0,0,0,-1,0,0,0,0,0,-1,0,0,0,0,0,-1,0,0,0,0,0,-1,0,0,0,0,0,0,-1,0,0,0,0,0,0,-1,0,0,0,0,0,0,-1,0,0,0,0,0,0,-1,0,0,0,-1,0,0,0,-1,0,0,0,-1,0,0,-1,0,-1,0,-1,0,-1,0,-1,0,-1,0,-1,0,-1,0,-1,0,-1,0,-1,0,-1,0,-1,0,0,0,5755,3,0,3,78
571,75,fd,1,147,80,2,480,1056,0,2,2,65472,0,0,0,0,0,0,0,0,0,0,0,0,0,0,0,0,0,0,0,0,0,0,0,0,0,-1,0,0,0,0,0,-1,0,0,0,0,0,-1,0,0,0,0,0,-1,0,0,0,0,0,0,-1,0,0,0,0,0,0,-1,0,0,0,0,0,0,-1,0,0,0,0,0,0,-1,0,0,0,-1,0,0,0,-1,0,0,0,-1,0,0,-1,0,-1,0,-1,0,-1,0,-1,0,-1,0,-1,0,-1,0,-1,0,-1,0,-1,0,-1,0,-1,0,0,0,5754,3,0,3,79
572,76,fd,1,148,80,2,528,1056,0,2,2,65470,0,0,0,0,0,0,0,0,0,0,0,0,0,0,0,0,0,0,0,0,0,0,0,0,0,-1,0,0,0,0,0,-1,0,0,0,0,0,-1,0,0,0,0,0,-1,0,0,0,0,0,0,-1,0,0,0,0,0,0,-1,0,0,0,0,0,0,-1,0,0,0,0,0,0,-1,0,0,0,-1,0,0,0,-1,0,0,0,-1,0,0,-1,0,-1,0,-1,0,-1,0,-1,0,-1,0,-1,0,-1,0,-1,0,-1,0,-1,0,-1,0,-1,0,0,0,5753,3,0,3,80
573,77,fd,1,150,80,2,576,1056,0,2,2,65468,0,0,0,0,0,0,0,0,0,0,0,0,0,0,0,0,0,0,0,0,0,0,0,0,0,-1,0,0,0,0,0,-1,0,0,0,0,0,-1,0,0,0,0,0,-1,0,0,0,0,0,0,-1,0,0,0,0,0,0,-1,0,0,0,0,0,0,-1,0,0,0,0,0,0,-1,0,0,0,-1,0,0,0,-1,0,0,0,-1,0,0,-1,0,-1,0,-1,0,-1,0,-1,0,-1,0,-1,0,-1,0,-1,0,-1,0,-1,0,-1,0,-1,0,0,0,5752,3,0,3,81
574,78,fd,1,152,80,2,624,1056,0,2,2,65466,0,0,0,0,0,0,0,0,0,0,0,0,0,0,0,0,0,0,0,0,0,0,0,0,0,-1,0,0,0,0,0,-1,0,0,0,0,0,-1,0,0,0,0,0,-1,0,0,0,0,0,0,-1,0,0,0,0,0,0,-1,0,0,0,0,0,0,-1,0,0,0,0,0,0,-1,0,0,0,-1,0,0,0,-1,0,0,0,-1,0,0,-1,0,-1,0,-1,0,-1,0,-1,0,-1,0,-1,0,-1,0,-1,0,-1,0,-1,0,-1,0,-1,0,0,0,5751,3,0,3,82
575,79,fd,1,154,80,2,672,1056,0,2,2,65464,0,0,0,0,0,0,0,0,0,0,0,0,0,0,0,0,0,0,0,0,0,0,0,0,0,-1,0,0,0,0,0,-1,0,0,0,0,0,-1,0,0,0,0,0,-1,0,0,0,0,0,0,-1,0,0,0,0,0,0,-1,0,0,0,0,0,0,-1,0,0,0,0,0,0,-1,0,0,0,-1,0,0,0,-1,0,0,0,-1,0,0,-1,0,-1,0,-1,0,-1,0,-1,0,-1,0,-1,0,-1,0,-1,0,-1,0,-1,0,-1,0,-1,0,0,0,5750,3,0,3,83
576,80,fd,1,156,80,2,720,1056,0,2,2,65462,0,0,0,0,0,0,0,0,0,0,0,0,0,0,0,0,0,0,0,0,0,0,0,0,0,-1,0,0,0,0,0,-1,0,0,0,0,0,-1,0,0,0,0,0,-1,0,0,0,0,0,0,-1,0,0,0,0,0,0,-1,0,0,0,0,0,0,-1,0,0,0,0,0,0,-1,0,0,0,-1,0,0,0,-1,0,0,0,-1,0,0,-1,0,-1,0,-1,0,-1,0,-1,0,-1,0,-1,0,-1,0,-1,0,-1,0,-1,0,-1,0,-1,0,0,0,5749,3,0,3,84
577,81,fd,1,158,80,2,768,1056,0,2,2,65460,0,0,0,0,0,0,0,0,0,0,0,0,0,0,0,0,0,0,0,0,0,0,0,0,0,-1,0,0,0,0,0,-1,0,0,0,0,0,-1,0,0,0,0,0,-1,0,0,0,0,0,0,-1,0,0,0,0,0,0,-1,0,0,0,0,0,0,-1,0,0,0,0,0,0,-1,0,0,0,-1,0,0,0,-1,0,0,0,-1,0,0,-1,0,-1,0,-1,0,-1,0,-1,0,-1,0,-1,0,-1,0,-1,0,-1,0,-1,0,-1,0,-1,0,0,0,5748,3,0,3,85
578,82,fd,1,161,80,2,816,1056,0,2,2,65458,0,0,0,0,0,0,0,0,0,0,0,0,0,0,0,0,0,0,0,0,0,0,0,0,0,-1,0,0,0,0,0,-1,0,0,0,0,0,-1,0,0,0,0,0,-1,0,0,0,0,0,0,-1,0,0,0,0,0,0,-1,0,0,0,0,0,0,-1,0,0,0,0,0,0,-1,0,0,0,-1,0,0,0,-1,0,0,0,-1,0,0,-1,0,-1,0,-1,0,-1,0,-1,0,-1,0,-1,0,-1,0,-1,0,-1,0,-1,0,-1,0,-1,0,0,0,5747,3,0,3,86
579,83,fd,1,164,80,2,864,1056,0,2,2,65456,0,0,0,0,0,0,0,0,0,0,0,0,0,0,0,0,0,0,0,0,0,0,0,0,0,-1,0,0,0,0,0,-1,0,0,0,0,0,-1,0,0,0,0,0,-1,0,0,0,0,0,0,-1,0,0,0,0,0,0,-1,0,0,0,0,0,0,-1,0,0,0,0,0,0,-1,0,0,0,-1,0,0,0,-1,0,0,0,-1,0,0,-1,0,-1,0,-1,0,-1,0,-1,0,-1,0,-1,0,-1,0,-1,0,-1,0,-1,0,-1,0,-1,0,0,0,5746,3,0,3,87
580,84,fd,1,167,80,2,912,1056,0,2,2,65454,0,0,0,0,0,0,0,0,0,0,0,0,0,0,0,0,0,0,0,0,0,0,0,0,0,-1,0,0,0,0,0,-1,0,0,0,0,0,-1,0,0,0,0,0,-1,0,0,0,0,0,0,-1,0,0,0,0,0,0,-1,0,0,0,0,0,0,-1,0,0,0,0,0,0,-1,0,0,0,-1,0,0,0,-1,0,0,0,-1,0,0,-1,0,-1,0,-1,0,-1,0,-1,0,-1,0,-1,0,-1,0,-1,0,-1,0,-1,0,-1,0,-1,0,0,0,5745,3,0,3,88
581,85,fd,1,170,80,2,960,1056,0,2,2,65452,0,0,0,0,0,0,0,0,0,0,0,0,0,0,0,0,0,0,0,0,0,0,0,0,0,-1,0,0,0,0,0,-1,0,0,0,0,0,-1,0,0,0,0,0,-1,0,0,0,0,0,0,-1,0,0,0,0,0,0,-1,0,0,0,0,0,0,-1,0,0,0,0,0,0,-1,0,0,0,-1,0,0,0,-1,0,0,0,-1,0,0,-1,0,-1,0,-1,0,-1,0,-1,0,-1,0,-1,0,-1,0,-1,0,-1,0,-1,0,-1,0,-1,0,0,0,5744,3,0,3,89
582,86,fd,1,173,80,2,1008,1056,0,2,2,65450,0,0,0,0,0,0,0,0,0,0,0,0,0,0,0,0,0,0,0,0,0,0,0,0,0,-1,0,0,0,0,0,-1,0,0,0,0,0,-1,0,0,0,0,0,-1,0,0,0,0,0,0,-1,0,0,0,0,0,0,-1,0,0,0,0,0,0,-1,0,0,0,0,0,0,-1,0,0,0,-1,0,0,0,-1,0,0,0,-1,0,0,-1,0,-1,0,-1,0,-1,0,-1,0,-1,0,-1,0,-1,0,-1,0,-1,0,-1,0,-1,0,-1,0,0,0,5743,3,0,3,90
583,87,fd,1,180,80,1,1056,1056,0,2,2,65448,20,0,0,0,8,0,0,0,0,0,0,0,0,0,0,0,0,0,0,0,0,0,0,0,0,-1,0,0,0,0,0,-1,0,0,0,0,0,-1,0,0,0,0,0,-1,0,0,0,0,0,0,-1,0,0,0,0,0,0,-1,0,0,0,0,0,0,-1,0,0,0,0,0,0,-1,0,0,0,-1,0,0,0,-1,0,0,0,-1,0,0,-1,0,-1,0,-1,0,-1,0,-1,0,-1,0,-1,0,-1,0,-1,0,-1,0,-1,0,-1,0,-1,0,0,0,5742,3,0,3,91
584,88,fd,1,176,80,1,1008,1056,0,2,2,65446,20,0,0,0,7,0,0,0,0,0,0,0,0,0,0,0,0,0,0,0,0,0,0,0,0,-1,0,0,0,0,0,-1,0,0,0,0,0,-1,0,0,0,0,0,-1,0,0,0,0,0,0,-1,0,0,0,0,0,0,-1,0,0,0,0,0,0,-1,0,0,0,0,0,0,-1,0,0,0,-1,0,0,0,-1,0,0,0,-1,0,0,-1,0,-1,0,-1,0,-1,0,-1,0,-1,0,-1,0,-1,0,-1,0,-1,0,-1,0,-1,0,-1,0,0,0,5741,3,0,3,92
585,89,fd,1,173,80,1,960,1056,0,2,2,65444,20,0,0,0,6,0,0,0,0,0,0,0,0,0,0,0,0,0,0,0,0,0,0,0,0,-1,0,0,0,0,0,-1,0,0,0,0,0,-1,0,0,0,0,0,-1,0,0,0,0,0,0,-1,0,0,0,0,0,0,-1,0,0,0,0,0,0,-1,0,0,0,0,0,0,-1,0,0,0,-1,0,0,0,-1,0,0,0,-1,0,0,-1,0,-1,0,-1,0,-1,0,-1,0,-1,0,-1,0,-1,0,-1,0,-1,0,-1,0,-1,0,-1,0,0,0,5740,3,0,3,93
586,90,fd,1,170,80,1,912,1056,0,2,2,65442,20,0,0,0,5,0,0,0,0,0,0,0,0,0,0,0,0,0,0,0,0,0,0,0,0,-1,0,0,0,0,0,-1,0,0,0,0,0,-1,0,0,0,0,0,-1,0,0,0,0,0,0,-1,0,0,0,0,0,0,-1,0,0,0,0,0,0,-1,0,0,0,0,0,0,-1,0,0,0,-1,0,0,0,-1,0,0,0,-1,0,0,-1,0,-1,0,-1,0,-1,0,-1,0,-1,0,-1,0,-1,0,-1,0,-1,0,-1,0,-1,0,-1,0,0,0,5739,3,0,3,94
587,91,fd,1,167,80,1,864,1056,0,2,2,65440,20,0,0,0,4,0,0,0,0,0,0,0,0,0,0,0,0,0,0,0,0,0,0,0,0,-1,0,0,0,0,0,-1,0,0,0,0,0,-1,0,0,0,0,0,-1,0,0,0,0,0,0,-1,0,0,0,0,0,0,-1,0,0,0,0,0,0,-1,0,0,0,0,0,0,-1,0,0,0,-1,0,0,0,-1,0,0,0,-1,0,0,-1,0,-1,0,-1,0,-1,0,-1,0,-1,0,-1,0,-1,0,-1,0,-1,0,-1,0,-1,0,-1,0,0,0,5738,3,0,3,95
588,92,fd,1,164,80,1,816,1056,0,2,2,65438,20,0,0,0,3,0,0,0,0,0,0,0,0,0,0,0,0,0,0,0,0,0,0,0,0,-1,0,0,0,0,0,-1,0,0,0,0,0,-1,0,0,0,0,0,-1,0,0,0,0,0,0,-1,0,0,0,0,0,0,-1,0,0,0,0,0,0,-1,0,0,0,0,0,0,-1,0,0,0,-1,0,0,0,-1,0,0,0,-1,0,0,-1,0,-1,0,-1,0,-1,0,-1,0,-1,0,-1,0,-1,0,-1,0,-1,0,-1,0,-1,0,-1,0,0,0,5737,3,0,3,96
589,93,fd,1,161,80,1,768,1056,0,2,2,65436,20,0,0,0,2,0,0,0,0,0,0,0,0,0,0,0,0,0,0,0,0,0,0,0,0,-1,0,0,0,0,0,-1,0,0,0,0,0,-1,0,0,0,0,0,-1,0,0,0,0,0,0,-1,0,0,0,0,0,0,-1,0,0,0,0,0,0,-1,0,0,0,0,0,0,-1,0,0,0,-1,0,0,0,-1,0,0,0,-1,0,0,-1,0,-1,0,-1,0,-1,0,-1,0,-1,0,-1,0,-1,0,-1,0,-1,0,-1,0,-1,0,-1,0,0,0,5736,3,0,3,97
590,94,fd,1,158,80,1,720,1056,0,2,2,65434,20,0,0,0,1,0,0,0,0,0,0,0,0,0,0,0,0,0,0,0,0,0,0,0,0,-1,0,0,0,0,0,-1,0,0,0,0,0,-1,0,0,0,0,0,-1,0,0,0,0,0,0,-1,0,0,0,0,0,0,-1,0,0,0,0,0,0,-1,0,0,0,0,0,0,-1,0,0,0,-1,0,0,0,-1,0,0,0,-1,0,0,-1,0,-1,0,-1,0,-1,0,-1,0,-1,0,-1,0,-1,0,-1,0,-1,0,-1,0,-1,0,-1,0,0,0,5735,3,0,3,98
591,95,fd,1,156,80,1,672,1056,0,2,2,65432,20,0,0,0,0,0,0,0,0,0,0,0,0,0,0,0,0,0,0,0,0,0,0,0,0,-1,0,0,0,0,0,-1,0,0,0,0,0,-1,0,0,0,0,0,-1,0,0,0,0,0,0,-1,0,0,0,0,0,0,-1,0,0,0,0,0,0,-1,0,0,0,0,0,0,-1,0,0,0,-1,0,0,0,-1,0,0,0,-1,0,0,-1,0,-1,0,-1,0,-1,0,-1,0,-1,0,-1,0,-1,0,-1,0,-1,0,-1,0,-1,0,-1,0,0,0,5734,3,0,3,99
592,96,fd,1,154,80,1,624,1056,0,2,2,65430,20,0,0,0,0,0,0,0,0,0,0,0,0,0,0,0,0,0,0,0,0,0,0,0,0,-1,0,0,0,0,0,-1,0,0,0,0,0,-1,0,0,0,0,0,-1,0,0,0,0,0,0,-1,0,0,0,0,0,0,-1,0,0,0,0,0,0,-1,0,0,0,0,0,0,-1,0,0,0,-1,0,0,0,-1,0,0,0,-1,0,0,-1,0,-1,0,-1,0,-1,0,-1,0,-1,0,-1,0,-1,0,-1,0,-1,0,-1,0,-1,0,-1,0,0,0,5733,3,0,3,100
593,97,fd,1,152,80,1,576,1056,0,2,2,65428,20,0,0,0,0,0,0,0,0,0,0,0,0,0,0,0,0,0,0,0,0,0,0,0,0,-1,0,0,0,0,0,-1,0,0,0,0,0,-1,0,0,0,0,0,-1,0,0,0,0,0,0,-1,0,0,0,0,0,0,-1,0,0,0,0,0,0,-1,0,0,0,0,0,0,-1,0,0,0,-1,0,0,0,-1,0,0,0,-1,0,0,-1,0,-1,0,-1,0,-1,0,-1,0,-1,0,-1,0,-1,0,-1,0,-1,0,-1,0,-1,0,-1,0,0,0,5732,3,0,3,101
594,98,fd,1,150,80,1,528,1056,0,2,2,65426,20,0,0,0,0,0,0,0,0,0,0,0,0,0,0,0,0,0,0,0,0,0,0,0,0,-1,0,0,0,0,0,-1,0,0,0,0,0,-1,0,0,0,0,0,-1,0,0,0,0,0,0,-1,0,0,0,0,0,0,-1,0,0,0,0,0,0,-1,0,0,0,0,0,0,-1,0,0,0,-1,0,0,0,-1,0,0,0,-1,0,0,-1,0,-1,0,-1,0,-1,0,-1,0,-1,0,-1,0,-1,0,-1,0,-1,0,-1,0,-1,0,-1,0,0,0,5731,3,0,3,102
595,99,fd,1,148,80,1,480,1056,0,2,2,65424,20,0,0,0,0,0,0,0,0,0,0,0,0,0,0,0,0,0,0,0,0,0,0,0,0,-1,0,0,0,0,0,-1,0,0,0,0,0,-1,0,0,0,0,0,-1,0,0,0,0,0,0,-1,0,0,0,0,0,0,-1,0,0,0,0,0,0,-1,0,0,0,0,0,0,-1,0,0,0,-1,0,0,0,-1,0,0,0,-1,0,0,-1,0,-1,0,-1,0,-1,0,-1,0,-1,0,-1,0,-1,0,-1,0,-1,0,-1,0,-1,0,-1,0,0,0,5730,3,0,3,103
596,100,fd,1,147,80,1,432,1056,0,2,2,65422,20,0,0,0,0,0,0,0,0,0,0,0,0,0,0,0,0,0,0,0,0,0,0,0,0,-1,0,0,0,0,0,-1,0,0,0,0,0,-1,0,0,0,0,0,-1,0,0,0,0,0,0,-1,0,0,0,0,0,0,-1,0,0,0,0,0,0,-1,0,0,0,0,0,0,-1,0,0,0,-1,0,0,0,-1,0,0,0,-1,0,0,-1,0,-1,0,-1,0,-1,0,-1,0,-1,0,-1,0,-1,0,-1,0,-1,0,-1,0,-1,0,-1,0,0,0,5729,3,0,3,104
597,101,fd,1,146,80,1,384,1056,0,2,2,65420,20,0,0,0,0,0,0,0,0,0,0,0,0,0,0,0,0,0,0,0,0,0,0,0,0,-1,0,0,0,0,0,-1,0,0,0,0,0,-1,0,0,0,0,0,-1,0,0,0,0,0,0,-1,0,0,0,0,0,0,-1,0,0,0,0,0,0,-1,0,0,0,0,0,0,-1,0,0,0,-1,0,0,0,-1,0,0,0,-1,0,0,-1,0,-1,0,-1,0,-1,0,-1,0,-1,0,-1,0,-1,0,-1,0,-1,0,-1,0,-1,0,-1,0,0,0,5728,3,0,3,105
598,102,fd,1,145,80,1,336,1056,0,2,2,65418,20,0,0,0,0,0,0,0,0,0,0,0,0,0,0,0,0,0,0,0,0,0,0,0,0,-1,0,0,0,0,0,-1,0,0,0,0,0,-1,0,0,0,0,0,-1,0,0,0,0,0,0,-1,0,0,0,0,0,0,-1,0,0,0,0,0,0,-1,0,0,0,0,0,0,-1,0,0,0,-1,0,0,0,-1,0,0,0,-1,0,0,-1,0,-1,0,-1,0,-1,0,-1,0,-1,0,-1,0,-1,0,-1,0,-1,0,-1,0,-1,0,-1,0,0,0,5727,3,0,3,106
599,103,fd,1,144,80,1,288,1056,0,2,2,65416,20,0,0,0,0,0,0,0,0,0,0,0,0,0,0,0,0,0,0,0,0,0,0,0,0,-1,0,0,0,0,0,-1,0,0,0,0,0,-1,0,0,0,0,0,-1,0,0,0,0,0,0,-1,0,0,0,0,0,0,-1,0,0,0,0,0,0,-1,0,0,0,0,0,0,-1,0,0,0,-1,0,0,0,-1,0,0,0,-1,0,0,-1,0,-1,0,-1,0,-1,0,-1,0,-1,0,-1,0,-1,0,-1,0,-1,0,-1,0,-1,0,-1,0,0,0,5726,3,0,3,107
600,104,fd,1,143,80,1,240,1056,0,2,2,65414,20,0,0,0,0,0,0,0,0,0,0,0,0,0,0,0,0,0,0,0,0,0,0,0,0,-1,0,0,0,0,0,-1,0,0,0,0,0,-1,0,0,0,0,0,-1,0,0,0,0,0,0,-1,0,0,0,0,0,0,-1,0,0,0,0,0,0,-1,0,0,0,0,0,0,-1,0,0,0,-1,0,0,0,-1,0,0,0,-1,0,0,-1,0,-1,0,-1,0,-1,0,-1,0,-1,0,-1,0,-1,0,-1,0,-1,0,-1,0,-1,0,-1,0,0,0,5725,3,0,3,108
601,105,fd,1,143,80,1,192,1056,0,2,2,65412,20,0,0,0,0,0,0,0,0,0,0,0,0,0,0,0,0,0,0,0,0,0,0,0,0,-1,0,0,0,0,0,-1,0,0,0,0,0,-1,0,0,0,0,0,-1,0,0,0,0,0,0,-1,0,0,0,0,0,0,-1,0,0,0,0,0,0,-1,0,0,0,0,0,0,-1,0,0,0,-1,0,0,0,-1,0,0,0,-1,0,0,-1,0,-1,0,-1,0,-1,0,-1,0,-1,0,-1,0,-1,0,-1,0,-1,0,-1,0,-1,0,-1,0,0,0,5724,3,0,3,109
602,106,fd,1,143,80,1,144,1056,0,2,2,65410,20,0,0,0,0,0,0,0,0,0,0,0,0,0,0,0,0,0,0,0,0,0,0,0,0,-1,0,0,0,0,0,-1,0,0,0,0,0,-1,0,0,0,0,0,-1,0,0,0,0,0,0,-1,0,0,0,0,0,0,-1,0,0,0,0,0,0,-1,0,0,0,0,0,0,-1,0,0,0,-1,0,0,0,-1,0,0,0,-1,0,0,-1,0,-1,0,-1,0,-1,0,-1,0,-1,0,-1,0,-1,0,-1,0,-1,0,-1,0,-1,0,-1,0,0,0,5723,3,0,3,110
603,107,fd,1,143,80,1,96,1056,0,2,2,65408,20,0,0,0,0,0,0,0,0,0,0,0,0,0,0,0,0,0,0,0,0,0,0,0,0,-1,0,0,0,0,0,-1,0,0,0,0,0,-1,0,0,0,0,0,-1,0,0,0,0,0,0,-1,0,0,0,0,0,0,-1,0,0,0,0,0,0,-1,0,0,0,0,0,0,-1,0,0,0,-1,0,0,0,-1,0,0,0,-1,0,0,-1,0,-1,0,-1,0,-1,0,-1,0,-1,0,-1,0,-1,0,-1,0,-1,0,-1,0,-1,0,-1,0,0,0,5722,3,0,3,111
604,108,fd,1,143,80,1,48,1056,0,2,2,65406,20,0,0,0,0,0,0,0,0,0,0,0,0,0,0,0,0,0,0,0,0,0,0,0,0,-1,0,0,0,0,0,-1,0,0,0,0,0,-1,0,0,0,0,0,-1,0,0,0,0,0,0,-1,0,0,0,0,0,0,-1,0,0,0,0,0,0,-1,0,0,0,0,0,0,-1,0,0,0,-1,0,0,0,-1,0,0,0,-1,0,0,-1,0,-1,0,-1,0,-1,0,-1,0,-1,0,-1,0,-1,0,-1,0,-1,0,-1,0,-1,0,-1,0,0,0,5721,3,0,3,112
605,109,fd,1,143,80,2,0,1056,0,2,2,65404,20,0,0,0,0,0,0,0,0,0,0,0,0,0,0,0,0,0,0,0,0,0,0,0,0,-1,0,0,0,0,0,-1,0,0,0,0,0,-1,0,0,0,0,0,-1,0,0,0,0,0,0,-1,0,0,0,0,0,0,-1,0,0,0,0,0,0,-1,0,0,0,0,0,0,-1,0,0,0,-1,0,0,0,-1,0,0,0,-1,0,0,-1,0,-1,0,-1,0,-1,0,-1,0,-1,0,-1,0,-1,0,-1,0,-1,0,-1,0,-1,0,-1,0,0,0,5720,3,0,3,113
606,110,fd,1,143,80,2,48,1056,0,2,2,65402,20,0,0,0,0,0,0,0,0,0,0,0,0,0,0,0,0,0,0,0,0,0,0,0,0,-1,0,0,0,0,0,-1,0,0,0,0,0,-1,0,0,0,0,0,-1,0,0,0,0,0,0,-1,0,0,0,0,0,0,-1,0,0,0,0,0,0,-1,0,0,0,0,0,0,-1,0,0,0,-1,0,0,0,-1,0,0,0,-1,0,0,-1,0,-1,0,-1,0,-1,0,-1,0,-1,0,-1,0,-1,0,-1,0,-1,0,-1,0,-1,0,-1,0,0,0,5719,3,0,3,114
607,111,fd,1,143,80,2,96,1056,0,2,2,65400,20,0,0,0,0,0,0,0,0,0,0,0,0,0,0,0,0,0,0,0,0,0,0,0,0,-1,0,0,0,0,0,-1,0,0,0,0,0,-1,0,0,0,0,0,-1,0,0,0,0,0,0,-1,0,0,0,0,0,0,-1,0,0,0,0,0,0,-1,0,0,0,0,0,0,-1,0,0,0,-1,0,0,0,-1,0,0,0,-1,0,0,-1,0,-1,0,-1,0,-1,0,-1,0,-1,0,-1,0,-1,0,-1,0,-1,0,-1,0,-1,0,-1,0,0,0,5718,3,0,3,115
608,112,fd,1,143,80,2,144,1056,0,2,2,65398,20,0,0,0,0,0,0,0,0,0,0,0,0,0,0,0,0,0,0,0,0,0,0,0,0,-1,0,0,0,0,0,-1,0,0,0,0,0,-1,0,0,0,0,0,-1,0,0,0,0,0,0,-1,0,0,0,0,0,0,-1,0,0,0,0,0,0,-1,0,0,0,0,0,0,-1,0,0,0,-1,0,0,0,-1,0,0,0,-1,0,0,-1,0,-1,0,-1,0,-1,0,-1,0,-1,0,-1,0,-1,0,-1,0,-1,0,-1,0,-1,0,-1,0,0,0,5717,3,0,3,116
609,113,fd,1,143,80,2,192,1056,0,2,2,65396,20,0,0,0,0,0,0,0,0,0,0,0,0,0,0,0,0,0,0,0,0,0,0,0,0,-1,0,0,0,0,0,-1,0,0,0,0,0,-1,0,0,0,0,0,-1,0,0,0,0,0,0,-1,0,0,0,0,0,0,-1,0,0,0,0,0,0,-1,0,0,0,0,0,0,-1,0,0,0,-1,0,0,0,-1,0,0,0,-1,0,0,-1,0,-1,0,-1,0,-1,0,-1,0,-1,0,-1,0,-1,0,-1,0,-1,0,-1,0,-1,0,-1,0,0,0,5716,3,0,3,117
610,114,fd,1,143,80,2,240,1056,0,2,2,65394,20,0,0,0,0,1,239,56,0,0,0,0,0,0,0,0,0,0,0,0,0,0,0,0,0,-1,0,0,0,0,0,-1,0,0,0,0,0,-1,0,0,0,0,0,-1,0,0,0,0,0,0,-1,0,0,0,0,0,0,-1,0,0,0,0,0,0,-1,0,0,0,0,0,0,-1,0,0,0,-1,0,0,0,-1,0,0,0,-1,0,0,-1,0,-1,0,-1,0,-1,0,-1,0,-1,0,-1,0,-1,0,-1,0,-1,0,-1,0,-1,0,-1,0,0,0,5715,3,0,3,118
611,115,fd,1,143,80,2,288,1056,0,2,2,65392,20,0,0,0,0,1,237,55,0,0,0,0,0,0,0,0,0,0,0,0,0,0,0,0,0,-1,0,0,0,0,0,-1,0,0,0,0,0,-1,0,0,0,0,0,-1,0,0,0,0,0,0,-1,0,0,0,0,0,0,-1,0,0,0,0,0,0,-1,0,0,0,0,0,0,-1,0,0,0,-1,0,0,0,-1,0,0,0,-1,0,0,-1,0,-1,0,-1,0,-1,0,-1,0,-1,0,-1,0,-1,0,-1,0,-1,0,-1,0,-1,0,-1,0,0,0,5714,3,0,3,119
612,116,fd,1,144,80,2,336,1056,0,2,2,65390,20,0,0,0,0,1,235,54,0,0,0,0,0,0,0,0,0,0,0,0,0,0,0,0,0,-1,0,0,0,0,0,-1,0,0,0,0,0,-1,0,0,0,0,0,-1,0,0,0,0,0,0,-1,0,0,0,0,0,0,-1,0,0,0,0,0,0,-1,0,0,0,0,0,0,-1,0,0,0,-1,0,0,0,-1,0,0,0,-1,0,0,-1,0,-1,0,-1,0,-1,0,-1,0,-1,0,-1,0,-1,0,-1,0,-1,0,-1,0,-1,0,-1,0,0,0,5713,3,0,3,120
613,117,fd,1,145,80,2,384,1056,0,2,2,65388,20,0,0,0,0,1,233,53,0,0,0,0,0,0,0,0,0,0,0,0,0,0,0,0,0,-1,0,0,0,0,0,-1,0,0,0,0,0,-1,0,0,0,0,0,-1,0,0,0,0,0,0,-1,0,0,0,0,0,0,-1,0,0,0,0,0,0,-1,0,0,0,0,0,0,-1,0,0,0,-1,0,0,0,-1,0,0,0,-1,0,0,-1,0,-1,0,-1,0,-1,0,-1,0,-1,0,-1,0,-1,0,-1,0,-1,0,-1,0,-1,0,-1,0,0,0,5712,3,0,3,121
614,118,fd,1,146,80,2,432,1056,0,2,2,65386,20,0,0,0,0,1,231,52,0,0,0,0,0,0,0,0,0,0,0,0,0,0,0,0,0,-1,0,0,0,0,0,-1,0,0,0,0,0,-1,0,0,0,0,0,-1,0,0,0,0,0,0,-1,0,0,0,0,0,0,-1,0,0,0,0,0,0,-1,0,0,0,0,0,0,-1,0,0,0,-1,0,0,0,-1,0,0,0,-1,0,0,-1,0,-1,0,-1,0,-1,0,-1,0,-1,0,-1,0,-1,0,-1,0,-1,0,-1,0,-1,0,-1,0,0,0,5711,3,0,3,122
615,119,fd,1,147,80,2,480,1056,0,2,2,65384,20,0,0,0,0,1,229,51,0,0,0,0,0,0,0,0,0,0,0,0,0,0,0,0,0,-1,0,0,0,0,0,-1,0,0,0,0,0,-1,0,0,0,0,0,-1,0,0,0,0,0,0,-1,0,0,0,0,0,0,-1,0,0,0,0,0,0,-1,0,0,0,0,0,0,-1,0,0,0,-1,0,0,0,-1,0,0,0,-1,0,0,-1,0,-1,0,-1,0,-1,0,-1,0,-1,0,-1,0,-1,0,-1,0,-1,0,-1,0,-1,0,-1,0,0,0,5710,3,0,3,123
616,120,fd,1,148,80,2,528,1056,0,2,2,65382,20,0,0,0,0,1,227,50,0,0,0,0,0,0,0,0,0,0,0,0,0,0,0,0,0,-1,0,0,0,0,0,-1,0,0,0,0,0,-1,0,0,0,0,0,-1,0,0,0,0,0,0,-1,0,0,0,0,0,0,-1,0,0,0,0,0,0,-1,0,0,0,0,0,0,-1,0,0,0,-1,0,0,0,-1,0,0,0,-1,0,0,-1,0,-1,0,-1,0,-1,0,-1,0,-1,0,-1,0,-1,0,-1,0,-1,0,-1,0,-1,0,-1,0,0,0,5709,3,0,3,124
617,121,fd,1,150,80,2,576,1056,0,2,2,65380,20,0,0,0,0,1,225,49,0,0,0,0,0,0,0,0,0,0,0,0,0,0,0,0,0,-1,0,0,0,0,0,-1,0,0,0,0,0,-1,0,0,0,0,0,-1,0,0,0,0,0,0,-1,0,0,0,0,0,0,-1,0,0,0,0,0,0,-1,0,0,0,0,0,0,-1,0,0,0,-1,0,0,0,-1,0,0,0,-1,0,0,-1,0,-1,0,-1,0,-1,0,-1,0,-1,0,-1,0,-1,0,-1,0,-1,0,-1,0,-1,0,-1,0,0,0,5708,3,0,3,125
618,122,fd,1,152,80,2,624,1056,0,2,2,65378,20,0,0,0,0,1,223,48,0,0,0,0,0,0,0,0,0,0,0,0,0,0,0,0,0,-1,0,0,0,0,0,-1,0,0,0,0,0,-1,0,0,0,0,0,-1,0,0,0,0,0,0,-1,0,0,0,0,0,0,-1,0,0,0,0,0,0,-1,0,0,0,0,0,0,-1,0,0,0,-1,0,0,0,-1,0,0,0,-1,0,0,-1,0,-1,0,-1,0,-1,0,-1,0,-1,0,-1,0,-1,0,-1,0,-1,0,-1,0,-1,0,-1,0,0,0,5707,3,0,3,126
619,123,fd,1,154,80,2,672,1056,0,2,2,65376,20,0,0,0,0,1,221,47,0,0,0,0,0,0,0,0,0,0,0,0,0,0,0,0,0,-1,0,0,0,0,0,-1,0,0,0,0,0,-1,0,0,0,0,0,-1,0,0,0,0,0,0,-1,0,0,0,0,0,0,-1,0,0,0,0,0,0,-1,0,0,0,0,0,0,-1,0,0,0,-1,0,0,0,-1,0,0,0,-1,0,0,-1,0,-1,0,-1,0,-1,0,-1,0,-1,0,-1,0,-1,0,-1,0,-1,0,-1,0,-1,0,-1,0,0,0,5706,3,0,3,127
620,124,fd,1,156,80,2,720,1056,0,2,2,65374,20,0,0,0,0,1,219,46,0,0,0,0,0,0,0,0,0,0,0,0,0,0,0,0,0,-1,0,0,0,0,0,-1,0,0,0,0,0,-1,0,0,0,0,0,-1,0,0,0,0,0,0,-1,0,0,0,0,0,0,-1,0,0,0,0,0,0,-1,0,0,0,0,0,0,-1,0,0,0,-1,0,0,0,-1,0,0,0,-1,0,0,-1,0,-1,0,-1,0,-1,0,-1,0,-1,0,-1,0,-1,0,-1,0,-1,0,-1,0,-1,0,-1,0,0,0,5705,3,0,3,128
621,125,fd,1,158,80,2,768,1056,0,2,2,65372,20,0,0,0,0,1,217,45,0,0,0,0,0,0,0,0,0,0,0,0,0,0,0,0,0,-1,0,0,0,0,0,-1,0,0,0,0,0,-1,0,0,0,0,0,-1,0,0,0,0,0,0,-1,0,0,0,0,0,0,-1,0,0,0,0,0,0,-1,0,0,0,0,0,0,-1,0,0,0,-1,0,0,0,-1,0,0,0,-1,0,0,-1,0,-1,0,-1,0,-1,0,-1,0,-1,0,-1,0,-1,0,-1,0,-1,0,-1,0,-1,0,-1,0,0,0,5704,3,0,3,129
622,126,fd,1,161,80,2,816,1056,0,2,2,65370,20,0,0,0,0,1,215,44,0,0,0,0,0,0,0,0,0,0,0,0,0,0,0,0,0,-1,0,0,0,0,0,-1,0,0,0,0,0,-1,0,0,0,0,0,-1,0,0,0,0,0,0,-1,0,0,0,0,0,0,-1,0,0,0,0,0,0,-1,0,0,0,0,0,0,-1,0,0,0,-1,0,0,0,-1,0,0,0,-1,0,0,-1,0,-1,0,-1,0,-1,0,-1,0,-1,0,-1,0,-1,0,-1,0,-1,0,-1,0,-1,0,-1,0,0,0,5703,3,0,3,130
623,127,fd,1,164,80,2,864,1056,0,2,2,65368,20,0,0,0,0,1,213,43,0,0,0,0,0,0,0,0,0,0,0,0,0,0,0,0,0,-1,0,0,0,0,0,-1,0,0,0,0,0,-1,0,0,0,0,0,-1,0,0,0,0,0,0,-1,0,0,0,0,0,0,-1,0,0,0,0,0,0,-1,0,0,0,0,0,0,-1,0,0,0,-1,0,0,0,-1,0,0,0,-1,0,0,-1,0,-1,0,-1,0,-1,0,-1,0,-1,0,-1,0,-1,0,-1,0,-1,0,-1,0,-1,0,-1,0,0,0,5702,3,0,3,131
624,128,fd,1,167,80,2,912,1056,0,2,2,65366,20,0,0,0,0,1,211,42,0,0,0,0,0,0,0,0,0,0,0,0,0,0,0,0,0,-1,0,0,0,0,0,-1,0,0,0,0,0,-1,0,0,0,0,0,-1,0,0,0,0,0,0,-1,0,0,0,0,0,0,-1,0,0,0,0,0,0,-1,0,0,0,0,0,0,-1,0,0,0,-1,0,0,0,-1,0,0,0,-1,0,0,-1,0,-1,0,-1,0,-1,0,-1,0,-1,0,-1,0,-1,0,-1,0,-1,0,-1,0,-1,0,-1,0,0,0,5701,3,0,3,132
625,129,fd,1,170,80,2,960,1056,0,2,2,65364,20,0,0,0,0,1,209,41,0,0,0,0,0,0,0,0,0,0,0,0,0,0,0,0,0,-1,0,0,0,0,0,-1,0,0,0,0,0,-1,0,0,0,0,0,-1,0,0,0,0,0,0,-1,0,0,0,0,0,0,-1,0,0,0,0,0,0,-1,0,0,0,0,0,0,-1,0,0,0,-1,0,0,0,-1,0,0,0,-1,0,0,-1,0,-1,0,-1,0,-1,0,-1,0,-1,0,-1,0,-1,0,-1,0,-1,0,-1,0,-1,0,-1,0,0,0,5700,3,0,3,133
626,130,fd,1,173,80,2,1008,1056,0,2,2,65362,20,0,0,0,0,1,207,40,0,0,0,0,0,0,0,0,0,0,0,0,0,0,0,0,0,-1,0,0,0,0,0,-1,0,0,0,0,0,-1,0,0,0,0,0,-1,0,0,0,0,0,0,-1,0,0,0,0,0,0,-1,0,0,0,0,0,0,-1,0,0,0,0,0,0,-1,0,0,0,-1,0,0,0,-1,0,0,0,-1,0,0,-1,0,-1,0,-1,0,-1,0,-1,0,-1,0,-1,0,-1,0,-1,0,-1,0,-1,0,-1,0,-1,0,0,0,5699,3,0,3,134
627,131,fd,1,180,80,1,960,960,0,2,2,65360,40,0,0,0,8,1,205,39,0,0,0,0,0,0,0,0,0,0,0,0,0,0,0,0,0,-1,0,0,0,0,0,-1,0,0,0,0,0,-1,0,0,0,0,0,-1,0,0,0,0,0,0,-1,0,0,0,0,0,0,-1,0,0,0,0,0,0,-1,0,0,0,0,0,0,-1,0,0,0,-1,0,0,0,-1,0,0,0,-1,0,0,-1,0,-1,0,-1,0,-1,0,-1,0,-1,0,-1,0,-1,0,-1,0,-1,0,-1,0,-1,0,-1,0,0,0,5698,3,0,3,135
628,132,fd,1,177,80,1,912,960,0,2,2,65358,40,0,0,0,7,1,203,38,0,0,0,0,0,0,0,0,0,0,0,0,0,0,0,0,0,-1,0,0,0,0,0,-1,0,0,0,0,0,-1,0,0,0,0,0,-1,0,0,0,0,0,0,-1,0,0,0,0,0,0,-1,0,0,0,0,0,0,-1,0,0,0,0,0,0,-1,0,0,0,-1,0,0,0,-1,0,0,0,-1,0,0,-1,0,-1,0,-1,0,-1,0,-1,0,-1,0,-1,0,-1,0,-1,0,-1,0,-1,0,-1,0,-1,0,0,0,5697,3,0,3,136
629,133,fd,1,174,80,1,864,960,0,2,2,65356,40,0,0,0,6,1,201,37,0,0,0,0,0,0,0,0,0,0,0,0,0,0,0,0,0,-1,0,0,0,0,0,-1,0,0,0,0,0,-1,0,0,0,0,0,-1,0,0,0,0,0,0,-1,0,0,0,0,0,0,-1,0,0,0,0,0,0,-1,0,0,0,0,0,0,-1,0,0,0,-1,0,0,0,-1,0,0,0,-1,0,0,-1,0,-1,0,-1,0,-1,0,-1,0,-1,0,-1,0,-1,0,-1,0,-1,0,-1,0,-1,0,-1,0,0,0,5696,3,0,3,137
630,134,fd,1,171,80,1,816,960,0,2,2,65354,40,0,0,0,5,1,199,36,0,0,0,0,0,0,0,0,0,0,0,0,0,0,0,0,0,-1,0,0,0,0,0,-1,0,0,0,0,0,-1,0,0,0,0,0,-1,0,0,0,0,0,0,-1,0,0,0,0,0,0,-1,0,0,0,0,0,0,-1,0,0,0,0,0,0,-1,0,0,0,-1,0,0,0,-1,0,0,0,-1,0,0,-1,0,-1,0,-1,0,-1,0,-1,0,-1,0,-1,0,-1,0,-1,0,-1,0,-1,0,-1,0,-1,0,0,0,5695,3,0,3,138
631,135,fd,1,168,80,1,768,960,0,2,2,65352,40,0,0,0,4,1,197,35,0,0,0,0,0,0,0,0,0,0,0,0,0,0,0,0,0,-1,0,0,0,0,0,-1,0,0,0,0,0,-1,0,0,0,0,0,-1,0,0,0,0,0,0,-1,0,0,0,0,0,0,-1,0,0,0,0,0,0,-1,0,0,0,0,0,0,-1,0,0,0,-1,0,0,0,-1,0,0,0,-1,0,0,-1,0,-1,0,-1,0,-1,0,-1,0,-1,0,-1,0,-1,0,-1,0,-1,0,-1,0,-1,0,-1,0,0,0,5694,3,0,3,139
632,136,fd,1,165,80,1,720,960,0,2,2,65350,40,0,0,0,3,1,195,34,0,0,0,0,0,0,0,0,0,0,0,0,0,0,0,0,0,-1,0,0,0,0,0,-1,0,0,0,0,0,-1,0,0,0,0,0,-1,0,0,0,0,0,0,-1,0,0,0,0,0,0,-1,0,0,0,0,0,0,-1,0,0,0,0,0,0,-1,0,0,0,-1,0,0,0,-1,0,0,0,-1,0,0,-1,0,-1,0,-1,0,-1,0,-1,0,-1,0,-1,0,-1,0,-1,0,-1,0,-1,0,-1,0,-1,0,0,0,5693,3,0,3,140
633,137,fd,1,163,80,1,672,960,0,2,2,65348,40,0,0,0,2,1,193,33,0,0,0,0,0,0,0,0,0,0,0,0,0,0,0,0,0,-1,0,0,0,0,0,-1,0,0,0,0,0,-1,0,0,0,0,0,-1,0,0,0,0,0,0,-1,0,0,0,0,0,0,-1,0,0,0,0,0,0,-1,0,0,0,0,0,0,-1,0,0,0,-1,0,0,0,-1,0,0,0,-1,0,0,-1,0,-1,0,-1,0,-1,0,-1,0,-1,0,-1,0,-1,0,-1,0,-1,0,-1,0,-1,0,-1,0,0,0,5692,3,0,3,141
634,138,fd,1,161,80,1,624,960,0,2,2,65346,40,0,0,0,1,1,191,32,0,0,0,0,0,0,0,0,0,0,0,0,0,0,0,0,0,-1,0,0,0,0,0,-1,0,0,0,0,0,-1,0,0,0,0,0,-1,0,0,0,0,0,0,-1,0,0,0,0,0,0,-1,0,0,0,0,0,0,-1,0,0,0,0,0,0,-1,0,0,0,-1,0,0,0,-1,0,0,0,-1,0,0,-1,0,-1,0,-1,0,-1,0,-1,0,-1,0,-1,0,-1,0,-1,0,-1,0,-1,0,-1,0,-1,0,0,0,5691,3,0,3,142
635,139,fd,1,159,80,1,576,960,0,2,2,65344,40,0,0,0,0,1,189,31,0,0,0,0,0,0,0,0,0,0,0,0,0,0,0,0,0,-1,0,0,0,0,0,-1,0,0,0,0,0,-1,0,0,0,0,0,-1,0,0,0,0,0,0,-1,0,0,0,0,0,0,-1,0,0,0,0,0,0,-1,0,0,0,0,0,0,3,240,64,0,-1,0,0,0,-1,0,0,0,-1,0,0,-1,0,-1,0,-1,0,-1,0,-1,0,-1,0,-1,0,-1,0,-1,0,-1,0,-1,0,-1,0,-1,0,0,0,5690,3,0,3,143
636,140,fd,1,157,80,1,528,960,0,2,2,65342,40,0,0,0,0,1,187,30,0,0,0,0,0,0,0,0,0,0,0,0,0,0,0,0,0,-1,0,0,0,0,0,-1,0,0,0,0,0,-1,0,0,0,0,0,-1,0,0,0,0,0,0,-1,0,0,0,0,0,0,-1,0,0,0,0,0,0,-1,0,0,0,0,0,0,3,238,64,0,-1,0,0,0,-1,0,0,0,-1,0,0,-1,0,-1,0,-1,0,-1,0,-1,0,-1,0,-1,0,-1,0,-1,0,-1,0,-1,0,-1,0,-1,0,0,0,5689,3,0,3,144
637,141,fd,1,155,80,1,480,960,0,2,2,65340,40,0,0,0,0,1,185,29,0,0,0,0,0,0,0,0,0,0,0,0,0,0,0,0,0,-1,0,0,0,0,0,-1,0,0,0,0,0,-1,0,0,0,0,0,-1,0,0,0,0,0,0,-1,0,0,0,0,0,0,-1,0,0,0,0,0,0,-1,0,0,0,0,0,0,3,236,64,0,-1,0,0,0,-1,0,0,0,-1,0,0,-1,0,-1,0,-1,0,-1,0,-1,0,-1,0,-1,0,-1,0,-1,0,-1,0,-1,0,-1,0,-1,0,0,0,5688,3,0,3,145
638,142,fd,1,154,80,1,432,960,0,2,2,65338,40,0,0,0,0,1,183,28,0,0,0,0,0,0,0,0,0,0,0,0,0,0,0,0,0,-1,0,0,0,0,0,-1,0,0,0,0,0,-1,0,0,0,0,0,-1,0,0,0,0,0,0,-1,0,0,0,0,0,0,-1,0,0,0,0,0,0,-1,0,0,0,0,0,0,3,234,64,0,-1,0,0,0,-1,0,0,0,-1,0,0,-1,0,-1,0,-1,0,-1,0,-1,0,-1,0,-1,0,-1,0,-1,0,-1,0,-1,0,-1,0,-1,0,0,0,5687,3,0,3,146
639,143,fd,1,153,80,1,384,960,0,2,2,65336,40,0,0,0,0,1,181,27,0,0,0,0,0,0,0,0,0,0,0,0,0,0,0,0,0,-1,0,0,0,0,0,-1,0,0,0,0,0,-1,0,0,0,0,0,-1,0,0,0,0,0,0,-1,0,0,0,0,0,0,-1,0,0,0,0,0,0,-1,0,0,0,0,0,0,3,232,64,0,-1,0,0,0,-1,0,0,0,-1,0,0,-1,0,-1,0,-1,0,-1,0,-1,0,-1,0,-1,0,-1,0,-1,0,-1,0,-1,0,-1,0,-1,0,0,0,5686,3,0,3,147
640,144,fd,1,152,80,1,336,960,0,2,2,65334,40,0,0,0,0,1,179,26,0,0,0,0,0,0,0,0,0,0,0,0,0,0,0,0,0,-1,0,0,0,0,0,-1,0,0,0,0,0,-1,0,0,0,0,0,-1,0,0,0,0,0,0,-1,0,0,0,0,0,0,-1,0,0,0,0,0,0,-1,0,0,0,0,0,0,3,230,64,0,-1,0,0,0,-1,0,0,0,-1,0,0,-1,0,-1,0,-1,0,-1,0,-1,0,-1,0,-1,0,-1,0,-1,0,-1,0,-1,0,-1,0,-1,0,0,0,5685,3,0,3,148
641,145,fd,1,151,80,1,288,960,0,2,2,65332,40,0,0,0,0,1,177,25,0,0,0,0,0,0,0,0,0,0,0,0,0,0,0,0,0,-1,0,0,0,0,0,-1,0,0,0,0,0,-1,0,0,0,0,0,-1,0,0,0,0,0,0,-1,0,0,0,0,0,0,-1,0,0,0,0,0,0,-1,0,0,0,0,0,0,3,228,64,0,-1,0,0,0,-1,0,0,0,-1,0,0,-1,0,-1,0,-1,0,-1,0,-1,0,-1,0,-1,0,-1,0,-1,0,-1,0,-1,0,-1,0,-1,0,0,0,5684,3,0,3,149
642,146,fd,1,150,80,1,240,960,0,2,2,65330,40,0,0,0,0,1,175,24,0,0,0,0,0,0,0,0,0,0,0,0,0,0,0,0,0,-1,0,0,0,0,0,-1,0,0,0,0,0,-1,0,0,0,0,0,-1,0,0,0,0,0,0,-1,0,0,0,0,0,0,-1,0,0,0,0,0,0,-1,0,0,0,0,0,0,3,226,64,0,-1,0,0,0,-1,0,0,0,-1,0,0,-1,0,-1,0,-1,0,-1,0,-1,0,-1,0,-1,0,-1,0,-1,0,-1,0,-1,0,-1,0,-1,0,0,0,5683,3,0,3,150
643,147,fd,1,150,80,1,192,960,0,2,2,65328,40,0,0,0,0,1,173,23,0,0,0,0,0,0,0,0,0,0,0,0,0,0,0,0,0,-1,0,0,0,0,0,-1,0,0,0,0,0,-1,0,0,0,0,0,-1,0,0,0,0,0,0,-1,0,0,0,0,0,0,-1,0,0,0,0,0,0,-1,0,0,0,0,0,0,3,224,64,0,-1,0,0,0,-1,0,0,0,-1,0,0,-1,0,-1,0,-1,0,-1,0,-1,0,-1,0,-1,0,-1,0,-1,0,-1,0,-1,0,-1,0,-1,0,0,0,5682,3,0,3,151
644,148,fd,1,150,80,1,144,960,0,2,2,65326,40,0,0,0,0,1,171,22,0,0,0,0,0,0,0,0,0,0,0,0,0,0,0,0,0,-1,0,0,0,0,0,-1,0,0,0,0,0,-1,0,0,0,0,0,-1,0,0,0,0,0,0,-1,0,0,0,0,0,0,-1,0,0,0,0,0,0,-1,0,0,0,0,0,0,3,222,64,0,-1,0,0,0,-1,0,0,0,-1,0,0,-1,0,-1,0,-1,0,-1,0,-1,0,-1,0,-1,0,-1,0,-1,0,-1,0,-1,0,-1,0,-1,0,0,0,5681,3,0,3,152
645,149,fd,1,150,80,1,96,960,0,2,2,65324,40,0,0,0,0,1,169,21,0,0,0,0,0,0,0,0,0,0,0,0,0,0,0,0,0,-1,0,0,0,0,0,-1,0,0,0,0,0,-1,0,0,0,0,0,-1,0,0,0,0,0,0,-1,0,0,0,0,0,0,-1,0,0,0,0,0,0,-1,0,0,0,0,0,0,3,220,64,0,-1,0,0,0,-1,0,0,0,-1,0,0,-1,0,-1,0,-1,0,-1,0,-1,0,-1,0,-1,0,-1,0,-1,0,-1,0,-1,0,-1,0,-1,0,0,0,5680,3,0,3,153
646,150,fd,1,150,80,1,48,960,0,2,2,65322,40,0,0,0,0,1,167,20,0,0,0,0,0,0,0,0,0,0,0,0,0,0,0,0,0,-1,0,0,0,0,0,-1,0,0,0,0,0,-1,0,0,0,0,0,-1,0,0,0,0,0,0,-1,0,0,0,0,0,0,-1,0,0,0,0,0,0,-1,0,0,0,0,0,0,3,218,64,0,-1,0,0,0,-1,0,0,0,-1,0,0,-1,0,-1,0,-1,0,-1,0,-1,0,-1,0,-1,0,-1,0,-1,0,-1,0,-1,0,-1,0,-1,0,0,0,5679,3,0,3,154
647,151,fd,1,150,80,2,0,960,0,2,2,65320,40,0,0,0,0,1,165,19,0,0,0,0,0,0,0,0,0,0,0,0,0,0,0,0,0,-1,0,0,0,0,0,-1,0,0,0,0,0,-1,0,0,0,0,0,-1,0,0,0,0,0,0,-1,0,0,0,0,0,0,-1,0,0,0,0,0,0,-1,0,0,0,0,0,0,3,216,64,0,-1,0,0,0,-1,0,0,0,-1,0,0,-1,0,-1,0,-1,0,-1,0,-1,0,-1,0,-1,0,-1,0,-1,0,-1,0,-1,0,-1,0,-1,0,0,0,5678,3,0,3,155
648,152,fd,1,150,80,2,48,960,0,2,2,65318,40,0,0,0,0,1,163,18,0,0,0,0,0,0,0,0,0,0,0,0,0,0,0,0,0,-1,0,0,0,0,0,-1,0,0,0,0,0,-1,0,0,0,0,0,-1,0,0,0,0,0,0,-1,0,0,0,0,0,0,-1,0,0,0,0,0,0,-1,0,0,0,0,0,0,3,214,64,0,-1,0,0,0,-1,0,0,0,-1,0,0,-1,0,-1,0,-1,0,-1,0,-1,0,-1,0,-1,0,-1,0,-1,0,-1,0,-1,0,-1,0,-1,0,0,0,5677,3,0,3,156
649,153,fd,1,150,80,2,96,960,0,2,2,65316,40,0,0,0,0,1,161,17,0,0,0,0,0,0,0,0,0,0,0,0,0,0,0,0,0,-1,0,0,0,0,0,-1,0,0,0,0,0,-1,0,0,0,0,0,-1,0,0,0,0,0,0,-1,0,0,0,0,0,0,-1,0,0,0,0,0,0,-1,0,0,0,0,0,0,3,212,64,0,-1,0,0,0,-1,0,0,0,-1,0,0,-1,0,-1,0,-1,0,-1,0,-1,0,-1,0,-1,0,-1,0,-1,0,-1,0,-1,0,-1,0,-1,0,0,0,5676,3,0,3,157
650,154,fd,1,150,80,2,144,960,0,2,2,65314,40,0,0,0,0,1,159,16,0,0,0,0,0,0,0,0,0,0,0,0,0,0,0,0,0,-1,0,0,0,0,0,-1,0,0,0,0,0,-1,0,0,0,0,0,-1,0,0,0,0,0,0,-1,0,0,0,0,0,0,-1,0,0,0,0,0,0,-1,0,0,0,0,0,0,3,210,64,0,-1,0,0,0,-1,0,0,0,-1,0,0,-1,0,-1,0,-1,0,-1,0,-1,0,-1,0,-1,0,-1,0,-1,0,-1,0,-1,0,-1,0,-1,0,0,0,5675,3,0,3,158
651,155,fd,1,150,80,2,192,960,0,2,2,65312,40,0,0,0,0,1,157,15,0,0,0,0,0,0,0,0,0,0,0,0,0,0,0,0,0,-1,0,0,0,0,0,-1,0,0,0,0,0,-1,0,0,0,0,0,-1,0,0,0,0,0,0,-1,0,0,0,0,0,0,-1,0,0,0,0,0,0,-1,0,0,0,0,0,0,3,208,64,0,-1,0,0,0,-1,0,0,0,-1,0,0,-1,0,-1,0,-1,0,-1,0,-1,0,-1,0,-1,0,-1,0,-1,0,-1,0,-1,0,-1,0,-1,0,0,0,5674,3,0,3,159
652,156,fd,1,150,80,2,240,960,0,2,2,65310,40,0,0,0,0,1,155,14,0,0,0,0,0,0,0,0,0,0,0,0,0,0,0,0,0,-1,0,0,0,0,0,-1,0,0,0,0,0,-1,0,0,0,0,0,-1,0,0,0,0,0,0,-1,0,0,0,0,0,0,-1,0,0,0,0,0,0,-1,0,0,0,0,0,0,3,206,64,0,-1,0,0,0,-1,0,0,0,-1,0,0,-1,0,-1,0,-1,0,-1,0,-1,0,-1,0,-1,0,-1,0,-1,0,-1,0,-1,0,-1,0,-1,0,0,0,5673,3,0,3,160
653,157,fd,1,150,80,2,288,960,0,2,2,65308,40,0,0,0,0,1,153,13,0,0,0,0,0,0,0,0,0,0,0,0,0,0,0,0,0,-1,0,0,0,0,0,-1,0,0,0,0,0,-1,0,0,0,0,0,-1,0,0,0,0,0,0,-1,0,0,0,0,0,0,-1,0,0,0,0,0,0,-1,0,0,0,0,0,0,3,204,64,0,-1,0,0,0,-1,0,0,0,-1,0,0,-1,0,-1,0,-1,0,-1,0,-1,0,-1,0,-1,0,-1,0,-1,0,-1,0,-1,0,-1,0,-1,0,0,0,5672,3,0,3,161
654,158,fd,1,151,80,2,336,960,0,2,2,65306,40,0,0,0,0,1,151,12,0,0,0,0,0,0,0,0,0,0,0,0,0,0,0,0,0,-1,0,0,0,0,0,-1,0,0,0,0,0,-1,0,0,0,0,0,-1,0,0,0,0,0,0,-1,0,0,0,0,0,0,-1,0,0,0,0,0,0,-1,0,0,0,0,0,0,3,202,64,0,-1,0,0,0,-1,0,0,0,-1,0,0,-1,0,-1,0,-1,0,-1,0,-1,0,-1,0,-1,0,-1,0,-1,0,-1,0,-1,0,-1,0,-1,0,0,0,5671,3,0,3,162
655,159,fd,1,152,80,2,384,960,0,2,2,65304,40,0,0,0,0,1,149,11,0,0,0,0,0,0,0,0,0,0,0,0,0,0,0,0,0,-1,0,0,0,0,0,-1,0,0,0,0,0,-1,0,0,0,0,0,-1,0,0,0,0,0,0,-1,0,0,0,0,0,0,-1,0,0,0,0,0,0,-1,0,0,0,0,0,0,3,200,64,0,-1,0,0,0,-1,0,0,0,-1,0,0,-1,0,-1,0,-1,0,-1,0,-1,0,-1,0,-1,0,-1,0,-1,0,-1,0,-1,0,-1,0,-1,0,0,0,5670,3,0,3,163
656,160,fd,1,153,80,2,432,960,0,2,2,65302,40,0,0,0,0,1,147,10,0,0,0,0,0,0,0,0,0,0,0,0,0,0,0,0,0,-1,0,0,0,0,0,-1,0,0,0,0,0,-1,0,0,0,0,0,-1,0,0,0,0,0,0,-1,0,0,0,0,0,0,-1,0,0,0,0,0,0,-1,0,0,0,0,0,0,3,198,64,0,-1,0,0,0,-1,0,0,0,-1,0,0,-1,0,-1,0,-1,0,-1,0,-1,0,-1,0,-1,0,-1,0,-1,0,-1,0,-1,0,-1,0,-1,0,0,0,5669,3,0,3,164
657,161,fd,1,154,80,2,480,960,0,2,2,65300,40,0,0,0,0,1,145,9,0,0,0,0,0,0,0,0,0,0,0,0,0,0,0,0,0,-1,0,0,0,0,0,-1,0,0,0,0,0,-1,0,0,0,0,0,-1,0,0,0,0,0,0,-1,0,0,0,0,0,0,-1,0,0,0,0,0,0,-1,0,0,0,0,0,0,3,196,64,0,-1,0,0,0,-1,0,0,0,-1,0,0,-1,0,-1,0,-1,0,-1,0,-1,0,-1,0,-1,0,-1,0,-1,0,-1,0,-1,0,-1,0,-1,0,0,0,5668,3,0,3,165
658,162,fd,1,155,80,2,528,960,0,2,2,65298,40,0,0,0,0,1,143,8,0,0,0,0,0,0,0,0,0,0,0,0,0,0,0,0,0,-1,0,0,0,0,0,-1,0,0,0,0,0,-1,0,0,0,0,0,-1,0,0,0,0,0,0,-1,0,0,0,0,0,0,-1,0,0,0,0,0,0,-1,0,0,0,0,0,0,3,194,64,0,-1,0,0,0,-1,0,0,0,-1,0,0,-1,0,-1,0,-1,0,-1,0,-1,0,-1,0,-1,0,-1,0,-1,0,-1,0,-1,0,-1,0,-1,0,0,0,5667,3,0,3,166
659,163,fd,1,157,80,2,576,960,0,2,2,65296,40,0,0,0,0,1,141,7,0,0,0,0,0,0,0,0,0,0,0,0,0,0,0,0,0,-1,0,0,0,0,0,-1,0,0,0,0,0,-1,0,0,0,0,0,-1,0,0,0,0,0,0,-1,0,0,0,0,0,0,-1,0,0,0,0,0,0,-1,0,0,0,0,0,0,3,192,64,0,-1,0,0,0,-1,0,0,0,-1,0,0,-1,0,-1,0,-1,0,-1,0,-1,0,-1,0,-1,0,-1,0,-1,0,-1,0,-1,0,-1,0,-1,0,0,0,5666,3,0,3,167
660,164,fd,1,159,80,2,624,960,0,2,2,65294,40,0,0,0,0,1,139,6,0,0,0,0,0,0,0,0,0,0,0,0,0,0,0,0,0,-1,0,0,0,0,0,-1,0,0,0,0,0,-1,0,0,0,0,0,-1,0,0,0,0,0,0,-1,0,0,0,0,0,0,-1,0,0,0,0,0,0,-1,0,0,0,0,0,0,3,190,64,0,-1,0,0,0,-1,0,0,0,-1,0,0,-1,0,-1,0,-1,0,-1,0,-1,0,-1,0,-1,0,-1,0,-1,0,-1,0,-1,0,-1,0,-1,0,0,0,5665,3,0,3,168
661,165,fd,1,161,80,2,672,960,0,2,2,65292,40,0,0,0,0,1,137,5,0,0,0,0,0,0,0,0,0,0,0,0,0,0,0,0,0,-1,0,0,0,0,0,-1,0,0,0,0,0,-1,0,0,0,0,0,-1,0,0,0,0,0,0,-1,0,0,0,0,0,0,-1,0,0,0,0,0,0,-1,0,0,0,0,0,0,3,188,64,0,-1,0,0,0,-1,0,0,0,-1,0,0,-1,0,-1,0,-1,0,-1,0,-1,0,-1,0,-1,0,-1,0,-1,0,-1,0,-1,0,-1,0,-1,0,0,0,5664,3,0,3,169
662,166,fd,1,163,80,2,720,960,0,2,2,65290,40,0,0,0,0,1,135,4,0,0,0,0,0,0,0,0,0,0,0,0,0,0,0,0,0,-1,0,0,0,0,0,-1,0,0,0,0,0,-1,0,0,0,0,0,-1,0,0,0,0,0,0,-1,0,0,0,0,0,0,-1,0,0,0,0,0,0,-1,0,0,0,0,0,0,3,186,64,0,-1,0,0,0,-1,0,0,0,-1,0,0,-1,0,-1,0,-1,0,-1,0,-1,0,-1,0,-1,0,-1,0,-1,0,-1,0,-1,0,-1,0,-1,0,0,0,5663,3,0,3,170
663,167,fd,1,165,80,2,768,960,0,2,2,65288,40,0,0,0,0,1,133,3,0,0,0,0,0,0,0,0,0,0,0,0,0,0,0,0,0,-1,0,0,0,0,0,-1,0,0,0,0,0,-1,0,0,0,0,0,-1,0,0,0,0,0,0,-1,0,0,0,0,0,0,-1,0,0,0,0,0,0,-1,0,0,0,0,0,0,3,184,64,0,-1,0,0,0,-1,0,0,0,-1,0,0,-1,0,-1,0,-1,0,-1,0,-1,0,-1,0,-1,0,-1,0,-1,0,-1,0,-1,0,-1,0,-1,0,0,0,5662,3,0,3,171
664,168,fd,1,168,80,2,816,960,0,2,2,65286,40,0,0,0,0,1,131,2,0,0,0,0,0,0,0,0,0,0,0,0,0,0,0,0,0,-1,0,0,0,0,0,-1,0,0,0,0,0,-1,0,0,0,0,0,-1,0,0,0,0,0,0,-1,0,0,0,0,0,0,-1,0,0,0,0,0,0,-1,0,0,0,0,0,0,3,182,64,0,-1,0,0,0,-1,0,0,0,-1,0,0,-1,0,-1,0,-1,0,-1,0,-1,0,-1,0,-1,0,-1,0,-1,0,-1,0,-1,0,-1,0,-1,0,0,0,5661,3,0,3,172
665,169,fd,1,171,80,2,864,960,0,2,2,65284,40,0,0,0,0,1,129,1,0,0,0,0,0,0,0,0,0,0,0,0,0,0,0,0,0,-1,0,0,0,0,0,-1,0,0,0,0,0,-1,0,0,0,0,0,-1,0,0,0,0,0,0,-1,0,0,0,0,0,0,-1,0,0,0,0,0,0,-1,0,0,0,0,0,0,3,180,64,0,-1,0,0,0,-1,0,0,0,-1,0,0,-1,0,-1,0,-1,0,-1,0,-1,0,-1,0,-1,0,-1,0,-1,0,-1,0,-1,0,-1,0,-1,0,0,0,5660,3,0,3,173
666,170,fd,1,174,80,2,912,960,0,2,2,65282,40,0,0,0,0,1,127,57,0,0,0,0,0,0,0,0,0,0,0,0,0,0,0,0,0,0,210,131,0,0,7,-1,0,0,0,0,0,-1,0,0,0,0,0,-1,0,0,0,0,0,0,-1,0,0,0,0,0,0,-1,0,0,0,0,0,0,-1,0,0,0,0,0,0,3,178,64,0,-1,0,0,0,-1,0,0,0,-1,0,0,-1,0,-1,0,-1,0,-1,0,-1,0,-1,0,-1,0,-1,0,-1,0,-1,0,-1,0,-1,0,-1,0,0,0,5659,3,0,3,174
667,171,fd,1,180,80,1,1056,1056,0,2,2,65280,60,0,0,0,8,1,125,56,0,0,0,0,0,0,0,0,0,0,0,0,0,0,0,0,0,0,210,129,0,0,6,-1,0,0,0,0,0,-1,0,0,0,0,0,-1,0,0,0,0,0,0,-1,0,0,0,0,0,0,-1,0,0,0,0,0,0,-1,0,0,0,0,0,0,3,176,64,0,-1,0,0,0,-1,0,0,0,-1,0,0,-1,0,-1,0,-1,0,-1,0,-1,0,-1,0,-1,0,-1,0,-1,0,-1,0,-1,0,-1,0,-1,0,0,0,5658,3,0,3,175
668,172,fd,1,176,80,1,1008,1056,0,2,2,65278,60,0,0,0,7,1,123,55,0,0,0,0,0,0,0,0,0,0,0,0,0,0,0,0,0,0,210,127,0,0,5,-1,0,0,0,0,0,-1,0,0,0,0,0,-1,0,0,0,0,0,0,-1,0,0,0,0,0,0,-1,0,0,0,0,0,0,-1,0,0,0,0,0,0,3,174,64,0,-1,0,0,0,-1,0,0,0,-1,0,0,-1,0,-1,0,-1,0,-1,0,-1,0,-1,0,-1,0,-1,0,-1,0,-1,0,-1,0,-1,0,-1,0,0,0,5657,3,0,3,176
669,173,fd,1,173,80,1,960,1056,0,2,2,65276,60,0,0,0,6,1,121,54,0,0,0,0,0,0,0,0,0,0,0,0,0,0,0,0,0,0,210,125,0,0,4,-1,0,0,0,0,0,-1,0,0,0,0,0,-1,0,0,0,0,0,0,-1,0,0,0,0,0,0,-1,0,0,0,0,0,0,-1,0,0,0,0,0,0,3,172,64,0,-1,0,0,0,-1,0,0,0,-1,0,0,-1,0,-1,0,-1,0,-1,0,-1,0,-1,0,-1,0,-1,0,-1,0,-1,0,-1,0,-1,0,-1,0,0,0,5656,3,0,3,177
670,174,fd,1,170,80,1,912,1056,0,2,2,65274,60,0,0,0,5,1,119,53,0,0,0,0,0,0,0,0,0,0,0,0,0,0,0,0,0,0,210,123,0,0,3,-1,0,0,0,0,0,-1,0,0,0,0,0,-1,0,0,0,0,0,0,-1,0,0,0,0,0,0,-1,0,0,0,0,0,0,-1,0,0,0,0,0,0,3,170,64,0,-1,0,0,0,-1,0,0,0,-1,0,0,-1,0,-1,0,-1,0,-1,0,-1,0,-1,0,-1,0,-1,0,-1,0,-1,0,-1,0,-1,0,-1,0,0,0,5655,3,0,3,178
671,175,fd,1,167,80,1,864,1056,0,2,2,65272,60,0,0,0,4,1,117,52,0,0,0,0,0,0,0,0,0,0,0,0,0,0,0,0,0,0,210,121,0,0,2,-1,0,0,0,0,0,-1,0,0,0,0,0,-1,0,0,0,0,0,0,-1,0,0,0,0,0,0,-1,0,0,0,0,0,0,-1,0,0,0,0,0,0,3,168,64,0,-1,0,0,0,-1,0,0,0,-1,0,0,-1,0,-1,0,-1,0,-1,0,-1,0,-1,0,-1,0,-1,0,-1,0,-1,0,-1,0,-1,0,-1,0,0,0,5654,3,0,3,179
672,176,fd,1,164,80,1,816,1056,0,2,2,65270,60,0,0,0,3,1,115,51,0,0,0,0,0,0,0,0,0,0,0,0,0,0,0,0,0,0,210,119,0,0,1,-1,0,0,0,0,0,-1,0,0,0,0,0,-1,0,0,0,0,0,0,-1,0,0,0,0,0,0,-1,0,0,0,0,0,0,-1,0,0,0,0,0,0,3,166,64,0,-1,0,0,0,-1,0,0,0,-1,0,0,-1,0,-1,0,-1,0,-1,0,-1,0,-1,0,-1,0,-1,0,-1,0,-1,0,-1,0,-1,0,-1,0,0,0,5653,3,0,3,180
673,177,fd,1,161,80,1,768,1056,0,2,2,65268,60,0,0,0,2,1,113,50,0,0,0,0,0,0,0,0,0,0,0,0,0,0,0,0,0,1,210,117,1024,0,0,-1,0,0,0,0,0,-1,0,0,0,0,0,-1,0,0,0,0,0,0,-1,0,0,0,0,0,0,-1,0,0,0,0,0,0,-1,0,0,0,0,0,0,3,164,64,0,-1,0,0,0,-1,0,0,0,-1,0,0,-1,0,-1,0,-1,0,-1,0,-1,0,-1,0,-1,0,-1,0,-1,0,-1,0,-1,0,-1,0,-1,0,0,0,5652,3,0,3,181
674,178,fd,1,158,80,1,720,1056,0,2,2,65266,60,0,0,0,1,1,111,49,0,0,0,0,0,0,0,0,0,0,0,0,0,0,0,0,0,1,206,115,1008,0,0,-1,0,0,0,0,0,-1,0,0,0,0,0,-1,0,0,0,0,0,0,-1,0,0,0,0,0,0,-1,0,0,0,0,0,0,-1,0,0,0,0,0,0,3,162,64,0,-1,0,0,0,-1,0,0,0,-1,0,0,-1,0,-1,0,-1,0,-1,0,-1,0,-1,0,-1,0,-1,0,-1,0,-1,0,-1,0,-1,0,-1,0,0,0,5651,3,0,3,182
675,179,fd,1,156,80,1,672,1056,0,2,2,65264,60,0,0,0,0,1,109,48,0,0,0,0,0,0,0,0,0,0,0,0,0,0,0,0,0,1,203,113,992,0,0,-1,0,0,0,0,0,-1,0,0,0,0,0,-1,0,0,0,0,0,0,-1,0,0,0,0,0,0,-1,0,0,0,0,0,0,-1,0,0,0,0,0,0,3,160,64,0,-1,0,0,0,-1,0,0,0,-1,0,0,-1,0,-1,0,-1,0,-1,0,-1,0,-1,0,-1,0,-1,0,-1,0,-1,0,-1,0,-1,0,-1,0,0,0,5650,3,0,3,183
676,180,fd,1,154,80,1,624,1056,0,2,2,65262,60,0,0,0,0,1,107,47,0,0,0,0,0,0,0,0,0,0,0,0,0,0,0,0,0,1,200,111,976,0,0,-1,0,0,0,0,0,-1,0,0,0,0,0,-1,0,0,0,0,0,0,-1,0,0,0,0,0,0,-1,0,0,0,0,0,0,-1,0,0,0,0,0,0,3,158,64,0,-1,0,0,0,-1,0,0,0,-1,0,0,-1,0,-1,0,-1,0,-1,0,-1,0,-1,0,-1,0,-1,0,-1,0,-1,0,-1,0,-1,0,-1,0,0,0,5649,3,0,3,184
677,181,fd,1,152,80,1,576,1056,0,2,2,65260,60,0,0,0,0,1,105,46,0,0,0,0,0,0,0,0,0,0,0,0,0,0,0,0,0,1,197,109,960,0,0,-1,0,0,0,0,0,-1,0,0,0,0,0,-1,0,0,0,0,0,0,-1,0,0,0,0,0,0,-1,0,0,0,0,0,0,-1,0,0,0,0,0,0,3,156,64,0,-1,0,0,0,-1,0,0,0,-1,0,0,-1,0,-1,0,-1,0,-1,0,-1,0,-1,0,-1,0,-1,0,-1,0,-1,0,-1,0,-1,0,-1,0,0,0,5648,3,0,3,185
678,182,fd,1,150,80,1,528,1056,0,2,2,65258,60,0,0,0,0,1,103,45,0,0,0,0,0,0,0,0,0,0,0,0,0,0,0,0,0,1,194,107,944,0,0,-1,0,0,0,0,0,-1,0,0,0,0,0,-1,0,0,0,0,0,0,-1,0,0,0,0,0,0,-1,0,0,0,0,0,0,-1,0,0,0,0,0,0,3,154,64,0,-1,0,0,0,-1,0,0,0,-1,0,0,-1,0,-1,0,-1,0,-1,0,-1,0,-1,0,-1,0,-1,0,-1,0,-1,0,-1,0,-1,0,-1,0,0,0,5647,3,0,3,186
679,183,fd,1,148,80,1,480,1056,0,2,2,65256,60,0,0,0,0,1,101,44,0,0,0,0,0,0,0,0,0,0,0,0,0,0,0,0,0,1,191,105,928,0,0,-1,0,0,0,0,0,-1,0,0,0,0,0,-1,0,0,0,0,0,0,-1,0,0,0,0,0,0,-1,0,0,0,0,0,0,-1,0,0,0,0,0,0,3,152,64,0,-1,0,0,0,-1,0,0,0,-1,0,0,-1,0,-1,0,-1,0,-1,0,-1,0,-1,0,-1,0,-1,0,-1,0,-1,0,-1,0,-1,0,-1,0,0,0,5646,3,0,3,187
680,184,fd,1,147,80,1,432,1056,0,2,2,65254,60,0,0,0,0,1,99,43,0,0,0,0,0,0,0,0,0,0,0,0,0,0,0,0,0,1,188,103,912,0,0,-1,0,0,0,0,0,-1,0,0,0,0,0,-1,0,0,0,0,0,0,-1,0,0,0,0,0,0,-1,0,0,0,0,0,0,-1,0,0,0,0,0,0,3,150,64,0,-1,0,0,0,-1,0,0,0,-1,0,0,-1,0,-1,0,-1,0,-1,0,-1,0,-1,0,-1,0,-1,0,-1,0,-1,0,-1,0,-1,0,-1,0,0,0,5645,3,0,3,188
681,185,fd,1,146,80,1,384,1056,0,2,2,65252,60,0,0,0,0,1,97,42,0,0,0,0,0,0,0,0,0,0,0,0,0,0,0,0,0,1,185,101,896,0,0,-1,0,0,0,0,0,-1,0,0,0,0,0,-1,0,0,0,0,0,0,-1,0,0,0,0,0,0,-1,0,0,0,0,0,0,-1,0,0,0,0,0,0,3,148,64,0,-1,0,0,0,-1,0,0,0,-1,0,0,-1,0,-1,0,-1,0,-1,0,-1,0,-1,0,-1,0,-1,0,-1,0,-1,0,-1,0,-1,0,-1,0,0,0,5644,3,0,3,189
682,186,fd,1,145,80,1,336,1056,0,2,2,65250,60,0,0,0,0,1,95,41,0,0,0,0,0,0,0,0,0,0,0,0,0,0,0,0,0,1,182,99,880,0,0,-1,0,0,0,0,0,-1,0,0,0,0,0,-1,0,0,0,0,0,0,-1,0,0,0,0,0,0,-1,0,0,0,0,0,0,-1,0,0,0,0,0,0,3,146,64,0,-1,0,0,0,-1,0,0,0,-1,0,0,-1,0,-1,0,-1,0,-1,0,-1,0,-1,0,-1,0,-1,0,-1,0,-1,0,-1,0,-1,0,-1,0,0,0,5643,3,0,3,190
683,187,fd,1,144,80,1,288,1056,0,2,2,65248,60,0,0,0,0,1,93,40,0,0,0,0,0,0,0,0,0,0,0,0,0,0,0,0,0,1,179,97,864,0,0,-1,0,0,0,0,0,-1,0,0,0,0,0,-1,0,0,0,0,0,0,-1,0,0,0,0,0,0,-1,0,0,0,0,0,0,-1,0,0,0,0,0,0,3,144,64,0,-1,0,0,0,-1,0,0,0,-1,0,0,-1,0,-1,0,-1,0,-1,0,-1,0,-1,0,-1,0,-1,0,-1,0,-1,0,-1,0,-1,0,-1,0,0,0,5642,3,0,3,191
684,188,fd,1,143,80,1,240,1056,0,2,2,65246,60,0,0,0,0,1,91,39,0,0,0,0,0,0,0,0,0,0,0,0,0,0,0,0,0,1,176,95,848,0,0,-1,0,0,0,0,0,-1,0,0,0,0,0,-1,0,0,0,0,0,0,-1,0,0,0,0,0,0,-1,0,0,0,0,0,0,-1,0,0,0,0,0,0,3,142,64,0,-1,0,0,0,-1,0,0,0,-1,0,0,-1,0,-1,0,-1,0,-1,0,-1,0,-1,0,-1,0,-1,0,-1,0,-1,0,-1,0,-1,0,-1,0,0,0,5641,3,0,3,192
685,189,fd,1,143,80,1,192,1056,0,2,2,65244,60,0,0,0,0,1,89,38,0,0,0,0,0,0,0,0,0,0,0,0,0,0,0,0,0,1,173,93,832,0,0,-1,0,0,0,0,0,-1,0,0,0,0,0,-1,0,0,0,0,0,0,-1,0,0,0,0,0,0,-1,0,0,0,0,0,0,-1,0,0,0,0,0,0,3,140,64,0,-1,0,0,0,-1,0,0,0,-1,0,0,-1,0,-1,0,-1,0,-1,0,-1,0,-1,0,-1,0,-1,0,-1,0,-1,0,-1,0,-1,0,-1,0,0,0,5640,3,0,3,193
686,190,fd,1,143,80,1,144,1056,0,2,2,65242,60,0,0,0,0,1,87,37,0,0,0,0,0,0,0,0,0,0,0,0,0,0,0,0,0,1,170,91,816,0,0,-1,0,0,0,0,0,-1,0,0,0,0,0,-1,0,0,0,0,0,0,-1,0,0,0,0,0,0,-1,0,0,0,0,0,0,-1,0,0,0,0,0,0,3,138,64,0,-1,0,0,0,-1,0,0,0,-1,0,0,-1,0,-1,0,-1,0,-1,0,-1,0,-1,0,-1,0,-1,0,-1,0,-1,0,-1,0,-1,0,-1,0,0,0,5639,3,0,3,194
687,191,fd,1,143,80,1,96,1056,0,2,2,65240,60,0,0,0,0,1,85,36,0,0,0,0,0,0,0,0,0,0,0,0,0,0,0,0,0,1,167,89,800,0,0,-1,0,0,0,0,0,-1,0,0,0,0,0,-1,0,0,0,0,0,0,-1,0,0,0,0,0,0,-1,0,0,0,0,0,0,-1,0,0,0,0,0,0,3,136,64,0,-1,0,0,0,-1,0,0,0,-1,0,0,-1,0,-1,0,-1,0,-1,0,-1,0,-1,0,-1,0,-1,0,-1,0,-1,0,-1,0,-1,0,-1,0,0,0,5638,3,0,3,195
688,192,fd,1,143,80,1,48,1056,0,2,2,65238,60,0,0,0,0,1,83,35,0,0,0,0,0,0,0,0,0,0,0,0,0,0,0,0,0,1,164,87,784,0,0,-1,0,0,0,0,0,-1,0,0,0,0,0,-1,0,0,0,0,0,0,-1,0,0,0,0,0,0,-1,0,0,0,0,0,0,-1,0,0,0,0,0,0,3,134,64,0,-1,0,0,0,-1,0,0,0,-1,0,0,-1,0,-1,0,-1,0,-1,0,-1,0,-1,0,-1,0,-1,0,-1,0,-1,0,-1,0,-1,0,-1,0,0,0,5637,3,0,3,196
689,193,fd,1,143,80,2,0,1056,0,2,2,65236,60,0,0,0,0,1,81,34,0,0,0,0,0,0,0,0,0,0,0,0,0,0,0,0,0,1,161,85,768,0,0,-1,0,0,0,0,0,-1,0,0,0,0,0,-1,0,0,0,0,0,0,-1,0,0,0,0,0,0,-1,0,0,0,0,0,0,-1,0,0,0,0,0,0,3,132,64,0,-1,0,0,0,-1,0,0,0,-1,0,0,-1,0,-1,0,-1,0,-1,0,-1,0,-1,0,-1,0,-1,0,-1,0,-1,0,-1,0,-1,0,-1,0,0,0,5636,3,0,3,197
690,194,fd,1,143,80,2,48,1056,0,2,2,65234,60,0,0,0,0,1,79,33,0,0,0,0,0,0,0,0,0,0,0,0,0,0,0,0,0,1,158,83,752,0,0,-1,0,0,0,0,0,-1,0,0,0,0,0,-1,0,0,0,0,0,0,-1,0,0,0,0,0,0,-1,0,0,0,0,0,0,-1,0,0,0,0,0,0,3,130,64,0,-1,0,0,0,-1,0,0,0,-1,0,0,-1,0,-1,0,-1,0,-1,0,-1,0,-1,0,-1,0,-1,0,-1,0,-1,0,-1,0,-1,0,-1,0,0,0,5635,3,0,3,198
691,195,fd,1,143,80,2,96,1056,0,2,2,65232,60,0,0,0,0,1,77,32,0,0,0,0,0,0,0,0,0,0,0,0,0,0,0,0,0,1,156,81,736,0,0,-1,0,0,0,0,0,-1,0,0,0,0,0,-1,0,0,0,0,0,0,-1,0,0,0,0,0,0,-1,0,0,0,0,0,0,-1,0,0,0,0,0,0,3,128,64,0,-1,0,0,0,-1,0,0,0,-1,0,0,-1,0,-1,0,-1,0,-1,0,-1,0,-1,0,-1,0,-1,0,-1,0,-1,0,-1,0,-1,0,-1,0,0,0,5634,3,0,3,199
692,196,fd,1,143,80,2,144,1056,0,2,2,65230,60,0,0,0,0,1,75,31,0,0,0,0,0,0,0,0,0,0,0,0,0,0,0,0,0,1,154,79,720,0,0,-1,0,0,0,0,0,-1,0,0,0,0,0,-1,0,0,0,0,0,0,-1,0,0,0,0,0,0,-1,0,0,0,0,0,0,-1,0,0,0,0,0,0,3,126,64,0,-1,0,0,0,-1,0,0,0,-1,0,0,-1,0,-1,0,-1,0,-1,0,-1,0,-1,0,-1,0,-1,0,-1,0,-1,0,-1,0,-1,0,-1,0,0,0,5633,3,0,3,200
693,197,fd,1,143,80,2,192,1056,0,2,2,65228,60,0,0,0,0,1,73,30,0,0,0,0,0,0,0,0,0,0,0,0,0,0,0,0,0,1,152,77,704,0,0,-1,0,0,0,0,0,-1,0,0,0,0,0,-1,0,0,0,0,0,0,-1,0,0,0,0,0,0,-1,0,0,0,0,0,0,-1,0,0,0,0,0,0,3,124,64,0,-1,0,0,0,-1,0,0,0,-1,0,0,-1,0,-1,0,-1,0,-1,0,-1,0,-1,0,-1,0,-1,0,-1,0,-1,0,-1,0,-1,0,-1,0,0,0,5632,3,0,3,201
694,198,fd,1,143,80,2,240,1056,0,2,2,65226,60,0,0,0,0,1,71,29,0,0,0,0,0,0,0,0,0,0,0,0,0,0,0,0,0,1,150,75,688,0,0,-1,0,0,0,0,0,-1,0,0,0,0,0,-1,0,0,0,0,0,0,-1,0,0,0,0,0,0,-1,0,0,0,0,0,0,-1,0,0,0,0,0,0,3,122,64,0,-1,0,0,0,-1,0,0,0,-1,0,0,-1,0,-1,0,-1,0,-1,0,-1,0,-1,0,-1,0,-1,0,-1,0,-1,0,-1,0,-1,0,-1,0,0,0,5631,3,0,3,202
695,199,fd,1,143,80,2,288,1056,0,2,2,65224,60,0,0,0,0,1,69,28,0,0,0,0,0,0,0,0,0,0,0,0,0,0,0,0,0,1,148,73,672,0,0,-1,0,0,0,0,0,-1,0,0,0,0,0,-1,0,0,0,0,0,0,-1,0,0,0,0,0,0,-1,0,0,0,0,0,0,-1,0,0,0,0,0,0,3,120,64,0,-1,0,0,0,-1,0,0,0,-1,0,0,-1,0,-1,0,-1,0,-1,0,-1,0,-1,0,-1,0,-1,0,-1,0,-1,0,-1,0,-1,0,-1,0,0,0,5630,3,0,3,203
696,200,fd,1,144,80,2,336,1056,0,2,2,65222,60,0,0,0,0,1,67,27,0,0,0,0,0,0,0,0,0,0,0,0,0,0,0,0,0,1,146,71,656,0,0,-1,0,0,0,0,0,-1,0,0,0,0,0,-1,0,0,0,0,0,0,-1,0,0,0,0,0,0,-1,0,0,0,0,0,0,-1,0,0,0,0,0,0,3,118,64,0,-1,0,0,0,-1,0,0,0,-1,0,0,-1,0,-1,0,-1,0,-1,0,-1,0,-1,0,-1,0,-1,0,-1,0,-1,0,-1,0,-1,0,-1,0,0,0,5629,3,0,3,204
697,201,fd,1,145,80,2,384,1056,0,2,2,65220,60,0,0,0,0,1,65,26,0,0,0,0,0,0,0,0,0,0,0,0,0,0,0,0,0,1,144,69,640,0,0,-1,0,0,0,0,0,-1,0,0,0,0,0,-1,0,0,0,0,0,0,-1,0,0,0,0,0,0,-1,0,0,0,0,0,0,-1,0,0,0,0,0,0,3,116,64,0,-1,0,0,0,-1,0,0,0,-1,0,0,-1,0,-1,0,-1,0,-1,0,-1,0,-1,0,-1,0,-1,0,-1,0,-1,0,-1,0,-1,0,-1,0,0,0,5628,3,0,3,205
698,202,fd,1,146,80,2,432,1056,0,2,2,65218,60,0,0,0,0,1,63,25,0,0,1,239,56,1,1,0,0,0,0,0,0,0,0,0,0,1,142,67,624,0,0,-1,0,0,0,0,0,-1,0,0,0,0,0,-1,0,0,0,0,0,0,-1,0,0,0,0,0,0,-1,0,0,0,0,0,0,-1,0,0,0,0,0,0,3,114,64,0,-1,0,0,0,-1,0,0,0,-1,0,0,-1,0,-1,0,-1,0,-1,0,-1,0,-1,0,-1,0,-1,0,-1,0,-1,0,-1,0,-1,0,-1,0,0,0,5627,3,0,3,206
699,203,fd,1,147,80,2,480,1056,0,2,2,65216,60,0,0,0,0,1,61,24,0,0,1,237,55,1,1,0,0,0,0,0,0,0,0,0,0,1,140,65,608,0,0,-1,0,0,0,0,0,-1,0,0,0,0,0,-1,0,0,0,0,0,0,-1,0,0,0,0,0,0,-1,0,0,0,0,0,0,-1,0,0,0,0,0,0,3,112,64,0,-1,0,0,0,-1,0,0,0,-1,0,0,-1,0,-1,0,-1,0,-1,0,-1,0,-1,0,-1,0,-1,0,-1,0,-1,0,-1,0,-1,0,-1,0,0,0,5626,3,0,3,207
700,204,fd,1,148,80,2,528,1056,0,2,2,65214,60,0,0,0,0,1,59,23,0,0,1,235,54,1,1,0,0,0,0,0,0,0,0,0,0,1,138,63,592,0,0,-1,0,0,0,0,0,-1,0,0,0,0,0,-1,0,0,0,0,0,0,-1,0,0,0,0,0,0,-1,0,0,0,0,0,0,-1,0,0,0,0,0,0,3,110,64,0,-1,0,0,0,-1,0,0,0,-1,0,0,-1,0,-1,0,-1,0,-1,0,-1,0,-1,0,-1,0,-1,0,-1,0,-1,0,-1,0,-1,0,-1,0,0,0,5625,3,0,3,208
701,205,fd,1,150,80,2,576,1056,0,2,2,65212,60,0,0,0,0,1,57,22,0,0,1,233,53,1,1,0,0,0,0,0,0,0,0,0,0,1,136,61,576,0,0,-1,0,0,0,0,0,-1,0,0,0,0,0,-1,0,0,0,0,0,0,-1,0,0,0,0,0,0,-1,0,0,0,0,0,0,-1,0,0,0,0,0,0,3,108,64,0,-1,0,0,0,-1,0,0,0,-1,0,0,-1,0,-1,0,-1,0,-1,0,-1,0,-1,0,-1,0,-1,0,-1,0,-1,0,-1,0,-1,0,-1,0,0,0,5624,3,0,3,209
702,206,fd,1,152,80,2,624,1056,0,2,2,65210,60,0,0,0,0,1,55,21,0,0,1,231,52,1,1,0,0,0,0,0,0,0,0,0,0,1,134,59,560,0,0,-1,0,0,0,0,0,-1,0,0,0,0,0,-1,0,0,0,0,0,0,-1,0,0,0,0,0,0,-1,0,0,0,0,0,0,-1,0,0,0,0,0,0,3,106,64,0,-1,0,0,0,-1,0,0,0,-1,0,0,-1,0,-1,0,-1,0,-1,0,-1,0,-1,0,-1,0,-1,0,-1,0,-1,0,-1,0,-1,0,-1,0,0,0,5623,3,0,3,210
703,207,fd,1,154,80,2,672,1056,0,2,2,65208,60,0,0,0,0,1,53,20,0,0,1,229,51,1,1,0,0,0,0,0,0,0,0,0,0,1,132,57,544,0,0,-1,0,0,0,0,0,-1,0,0,0,0,0,-1,0,0,0,0,0,0,-1,0,0,0,0,0,0,-1,0,0,0,0,0,0,-1,0,0,0,0,0,0,3,104,64,0,-1,0,0,0,-1,0,0,0,-1,0,0,-1,0,-1,0,-1,0,-1,0,-1,0,-1,0,-1,0,-1,0,-1,0,-1,0,-1,0,-1,0,-1,0,0,0,5622,3,0,3,211
704,208,fd,1,156,80,2,720,1056,0,2,2,65206,60,0,0,0,0,1,51,19,0,0,1,227,50,1,1,0,0,0,0,0,0,0,0,0,0,1,130,55,528,0,0,-1,0,0,0,0,0,-1,0,0,0,0,0,-1,0,0,0,0,0,0,-1,0,0,0,0,0,0,-1,0,0,0,0,0,0,-1,0,0,0,0,0,0,3,102,64,0,-1,0,0,0,-1,0,0,0,-1,0,0,-1,0,-1,0,-1,0,-1,0,-1,0,-1,0,-1,0,-1,0,-1,0,-1,0,-1,0,-1,0,-1,0,0,0,5621,3,0,3,212
705,209,fd,1,158,80,2,768,1056,0,2,2,65204,60,0,0,0,0,1,49,18,0,0,1,225,49,1,1,0,0,0,0,0,0,0,0,0,0,1,128,53,512,0,0,-1,0,0,0,0,0,-1,0,0,0,0,0,-1,0,0,0,0,0,0,-1,0,0,0,0,0,0,-1,0,0,0,0,0,0,-1,0,0,0,0,0,0,3,100,64,0,-1,0,0,0,-1,0,0,0,-1,0,0,-1,0,-1,0,-1,0,-1,0,-1,0,-1,0,-1,0,-1,0,-1,0,-1,0,-1,0,-1,0,-1,0,0,0,5620,3,0,3,213
706,210,fd,1,161,80,2,816,1056,0,2,2,65202,60,0,0,0,0,1,47,17,0,0,1,223,48,1,1,0,0,0,0,0,0,0,0,0,0,1,126,51,496,0,0,-1,0,0,0,0,0,-1,0,0,0,0,0,-1,0,0,0,0,0,0,-1,0,0,0,0,0,0,-1,0,0,0,0,0,0,-1,0,0,0,0,0,0,3,98,64,0,-1,0,0,0,-1,0,0,0,-1,0,0,-1,0,-1,0,-1,0,-1,0,-1,0,-1,0,-1,0,-1,0,-1,0,-1,0,-1,0,-1,0,-1,0,0,0,5619,3,0,3,214
707,211,fd,1,164,80,2,864,1056,0,2,2,65200,60,0,0,0,0,1,45,16,0,0,1,221,47,1,1,0,0,0,0,0,0,0,0,0,0,1,125,49,480,0,0,-1,0,0,0,0,0,-1,0,0,0,0,0,-1,0,0,0,0,0,0,-1,0,0,0,0,0,0,-1,0,0,0,0,0,0,-1,0,0,0,0,0,0,3,96,64,0,-1,0,0,0,-1,0,0,0,-1,0,0,-1,0,-1,0,-1,0,-1,0,-1,0,-1,0,-1,0,-1,0,-1,0,-1,0,-1,0,-1,0,-1,0,0,0,5618,3,0,3,215
708,212,fd,1,167,80,2,912,1056,0,2,2,65198,60,0,0,0,0,1,43,15,0,0,1,219,46,1,1,0,0,0,0,0,0,0,0,0,0,1,124,47,464,0,0,-1,0,0,0,0,0,-1,0,0,0,0,0,-1,0,0,0,0,0,0,-1,0,0,0,0,0,0,-1,0,0,0,0,0,0,-1,0,0,0,0,0,0,3,94,64,0,-1,0,0,0,-1,0,0,0,-1,0,0,-1,0,-1,0,-1,0,-1,0,-1,0,-1,0,-1,0,-1,0,-1,0,-1,0,-1,0,-1,0,-1,0,0,0,5617,3,0,3,216
709,213,fd,1,170,80,2,960,1056,0,2,2,65196,60,0,0,0,0,1,41,14,0,0,1,217,45,1,1,0,0,0,0,0,0,0,0,0,0,1,123,45,448,0,0,-1,0,0,0,0,0,-1,0,0,0,0,0,-1,0,0,0,0,0,0,-1,0,0,0,0,0,0,-1,0,0,0,0,0,0,-1,0,0,0,0,0,0,3,92,64,0,-1,0,0,0,-1,0,0,0,-1,0,0,-1,0,-1,0,-1,0,-1,0,-1,0,-1,0,-1,0,-1,0,-1,0,-1,0,-1,0,-1,0,-1,0,0,0,5616,3,0,3,217
710,214,fd,1,173,80,2,1008,1056,0,2,2,65194,60,0,0,0,0,1,39,13,0,0,1,215,44,1,1,0,0,0,0,0,0,0,0,0,0,1,122,43,432,0,0,-1,0,0,0,0,0,-1,0,0,0,0,0,-1,0,0,0,0,0,0,-1,0,0,0,0,0,0,-1,0,0,0,0,0,0,-1,0,0,0,0,0,0,3,90,64,0,-1,0,0,0,-1,0,0,0,-1,0,0,-1,0,-1,0,-1,0,-1,0,-1,0,-1,0,-1,0,-1,0,-1,0,-1,0,-1,0,-1,0,-1,0,0,0,5615,3,0,3,218
711,215,fd,1,180,80,1,1056,1056,0,2,2,65192,80,0,0,0,8,1,37,12,0,0,1,213,43,1,1,0,0,0,0,0,0,0,0,0,0,1,121,41,416,0,0,-1,0,0,0,0,0,-1,0,0,0,0,0,-1,0,0,0,0,0,0,-1,0,0,0,0,0,0,-1,0,0,0,0,0,0,-1,0,0,0,0,0,0,3,88,64,0,-1,0,0,0,-1,0,0,0,-1,0,0,-1,0,-1,0,-1,0,-1,0,-1,0,-1,0,-1,0,-1,0,-1,0,-1,0,-1,0,-1,0,-1,0,0,0,5614,3,0,3,219
712,216,fd,1,176,80,1,1008,1056,0,2,2,65190,80,0,0,0,7,1,35,11,0,0,1,211,42,1,1,0,0,0,0,0,0,0,0,0,0,1,120,39,400,0,0,-1,0,0,0,0,0,-1,0,0,0,0,0,-1,0,0,0,0,0,0,-1,0,0,0,0,0,0,-1,0,0,0,0,0,0,-1,0,0,0,0,0,0,3,86,64,0,-1,0,0,0,-1,0,0,0,-1,0,0,-1,0,-1,0,-1,0,-1,0,-1,0,-1,0,-1,0,-1,0,-1,0,-1,0,-1,0,-1,0,-1,0,0,0,5613,3,0,3,220
713,217,fd,1,173,80,1,960,1056,0,2,2,65188,80,0,0,0,6,1,33,10,0,0,1,209,41,1,1,0,0,0,0,0,0,0,0,0,0,1,119,37,384,0,0,-1,0,0,0,0,0,-1,0,0,0,0,0,-1,0,0,0,0,0,0,-1,0,0,0,0,0,0,-1,0,0,0,0,0,0,-1,0,0,0,0,0,0,3,84,64,0,-1,0,0,0,-1,0,0,0,-1,0,0,-1,0,-1,0,-1,0,-1,0,-1,0,-1,0,-1,0,-1,0,-1,0,-1,0,-1,0,-1,0,-1,0,0,0,5612,3,0,3,221
714,218,fd,1,170,80,1,912,1056,0,2,2,65186,80,0,0,0,5,1,31,9,0,0,1,207,40,1,1,0,0,0,0,0,0,0,0,0,0,1,118,35,368,0,0,-1,0,0,0,0,0,-1,0,0,0,0,0,-1,0,0,0,0,0,0,-1,0,0,0,0,0,0,-1,0,0,0,0,0,0,-1,0,0,0,0,0,0,3,82,64,0,-1,0,0,0,-1,0,0,0,-1,0,0,-1,0,-1,0,-1,0,-1,0,-1,0,-1,0,-1,0,-1,0,-1,0,-1,0,-1,0,-1,0,-1,0,0,0,5611,3,0,3,222
715,219,fd,1,167,80,1,864,1056,0,2,2,65184,80,0,0,0,4,1,29,8,0,0,1,205,39,1,1,0,0,0,0,0,0,0,0,0,0,1,117,33,352,0,0,-1,0,0,0,0,0,-1,0,0,0,0,0,-1,0,0,0,0,0,0,-1,0,0,0,0,0,0,-1,0,0,0,0,0,0,-1,0,0,0,0,0,0,3,80,64,0,-1,0,0,0,-1,0,0,0,-1,0,0,-1,0,-1,0,-1,0,-1,0,-1,0,-1,0,-1,0,-1,0,-1,0,-1,0,-1,0,-1,0,-1,0,0,0,5610,3,0,3,223
716,220,fd,1,164,80,1,816,1056,0,2,2,65182,80,0,0,0,3,1,27,7,0,0,1,203,38,1,1,0,0,0,0,0,0,0,0,0,0,1,116,31,336,0,0,-1,0,0,0,0,0,-1,0,0,0,0,0,-1,0,0,0,0,0,0,-1,0,0,0,0,0,0,-1,0,0,0,0,0,0,-1,0,0,0,0,0,0,3,78,64,0,-1,0,0,0,-1,0,0,0,-1,0,0,-1,0,-1,0,-1,0,-1,0,-1,0,-1,0,-1,0,-1,0,-1,0,-1,0,-1,0,-1,0,-1,0,0,0,5609,3,0,3,224
717,221,fd,1,161,80,1,768,1056,0,2,2,65180,80,0,0,0,2,1,25,6,0,0,1,201,37,1,1,0,0,0,0,0,0,0,0,0,0,1,115,29,320,0,0,-1,0,0,0,0,0,-1,0,0,0,0,0,-1,0,0,0,0,0,0,-1,0,0,0,0,0,0,-1,0,0,0,0,0,0,-1,0,0,0,0,0,0,3,76,64,0,-1,0,0,0,-1,0,0,0,-1,0,0,-1,0,-1,0,-1,0,-1,0,-1,0,-1,0,-1,0,-1,0,-1,0,-1,0,-1,0,-1,0,-1,0,0,0,5608,3,0,3,225
718,222,fd,1,158,80,1,720,1056,0,2,2,65178,80,0,0,0,1,1,23,5,0,0,1,199,36,1,1,0,0,0,0,0,0,0,0,0,0,1,114,27,304,0,0,-1,0,0,0,0,0,-1,0,0,0,0,0,-1,0,0,0,0,0,0,-1,0,0,0,0,0,0,-1,0,0,0,0,0,0,-1,0,0,0,0,0,0,3,74,64,0,-1,0,0,0,-1,0,0,0,-1,0,0,-1,0,-1,0,-1,0,-1,0,-1,0,-1,0,-1,0,-1,0,-1,0,-1,0,-1,0,-1,0,-1,0,0,0,5607,3,0,3,226
719,223,fd,1,156,80,1,672,1056,0,2,2,65176,80,0,0,0,0,1,21,4,0,0,1,197,35,1,1,0,0,0,0,0,0,0,0,0,0,1,113,25,288,0,0,-1,0,0,0,0,0,-1,0,0,0,0,0,-1,0,0,0,0,0,0,-1,0,0,0,0,0,0,-1,0,0,0,0,0,0,-1,0,0,0,0,0,0,3,72,64,0,3,240,152,0,-1,0,0,0,-1,0,0,-1,0,-1,0,-1,0,-1,0,-1,0,-1,0,-1,0,-1,0,-1,0,-1,0,-1,0,-1,0,-1,0,0,0,5606,3,0,3,227
720,224,fd,1,154,80,1,624,1056,0,2,2,65174,80,0,0,0,0,1,19,3,0,0,1,195,34,1,1,0,0,0,0,0,0,0,0,0,0,1,112,23,272,0,0,-1,0,0,0,0,0,-1,0,0,0,0,0,-1,0,0,0,0,0,0,-1,0,0,0,0,0,0,-1,0,0,0,0,0,0,-1,0,0,0,0,0,0,3,70,64,0,3,238,152,0,-1,0,0,0,-1,0,0,-1,0,-1,0,-1,0,-1,0,-1,0,-1,0,-1,0,-1,0,-1,0,-1,0,-1,0,-1,0,-1,0,0,0,5605,3,0,3,228
721,225,fd,1,152,80,1,576,1056,0,2,2,65172,80,0,0,0,0,1,17,2,0,0,1,193,33,1,1,0,0,0,0,0,0,0,0,0,0,1,111,21,256,0,0,-1,0,0,0,0,0,-1,0,0,0,0,0,-1,0,0,0,0,0,0,-1,0,0,0,0,0,0,-1,0,0,0,0,0,0,-1,0,0,0,0,0,0,3,68,64,0,3,236,152,0,-1,0,0,0,-1,0,0,-1,0,-1,0,-1,0,-1,0,-1,0,-1,0,-1,0,-1,0,-1,0,-1,0,-1,0,-1,0,-1,0,0,0,5604,3,0,3,229
722,226,fd,1,150,80,1,528,1056,0,2,2,65170,80,0,0,0,0,1,15,1,0,0,1,191,32,1,1,0,0,0,0,0,0,0,0,0,0,1,110,19,240,0,0,-1,0,0,0,0,0,-1,0,0,0,0,0,-1,0,0,0,0,0,0,-1,0,0,0,0,0,0,-1,0,0,0,0,0,0,-1,0,0,0,0,0,0,3,66,64,0,3,234,152,0,-1,0,0,0,-1,0,0,-1,0,-1,0,-1,0,-1,0,-1,0,-1,0,-1,0,-1,0,-1,0,-1,0,-1,0,-1,0,-1,0,0,0,5603,3,0,3,230
723,227,fd,1,148,80,1,480,1056,0,2,2,65168,80,0,0,0,0,1,13,57,0,0,1,189,31,1,1,0,0,0,0,0,0,0,0,0,0,1,110,17,0,1,8,0,210,17,0,0,7,-1,0,0,0,0,0,-1,0,0,0,0,0,0,-1,0,0,0,0,0,0,-1,0,0,0,0,0,0,-1,0,0,0,0,0,0,3,64,64,0,3,232,152,0,-1,0,0,0,-1,0,0,-1,0,-1,0,-1,0,-1,0,-1,0,-1,0,-1,0,-1,0,-1,0,-1,0,-1,0,-1,0,-1,0,0,0,5602,3,0,3,231
724,228,fd,1,147,80,1,432,1056,0,2,2,65166,80,0,0,0,0,1,11,56,0,0,1,187,30,1,1,0,0,0,0,0,0,0,0,0,0,1,110,15,0,1,7,0,210,15,0,0,6,-1,0,0,0,0,0,-1,0,0,0,0,0,0,-1,0,0,0,0,0,0,-1,0,0,0,0,0,0,-1,0,0,0,0,0,0,3,62,64,0,3,230,152,0,-1,0,0,0,-1,0,0,-1,0,-1,0,-1,0,-1,0,-1,0,-1,0,-1,0,-1,0,-1,0,-1,0,-1,0,-1,0,-1,0,0,0,5601,3,0,3,232
725,229,fd,1,146,80,1,384,1056,0,2,2,65164,80,0,0,0,0,1,9,55,0,0,1,185,29,1,1,0,0,0,0,0,0,0,0,0,0,1,110,13,0,1,6,0,210,13,0,0,5,-1,0,0,0,0,0,-1,0,0,0,0,0,0,-1,0,0,0,0,0,0,-1,0,0,0,0,0,0,-1,0,0,0,0,0,0,3,60,64,0,3,228,152,0,-1,0,0,0,-1,0,0,-1,0,-1,0,-1,0,-1,0,-1,0,-1,0,-1,0,-1,0,-1,0,-1,0,-1,0,-1,0,-1,0,0,0,5600,3,0,3,233
726,230,fd,1,145,80,1,336,1056,0,2,2,65162,80,0,0,0,0,1,7,54,0,0,1,183,28,1,1,0,0,0,0,0,0,0,0,0,0,1,110,11,0,1,5,0,210,11,0,0,4,-1,0,0,0,0,0,-1,0,0,0,0,0,0,-1,0,0,0,0,0,0,-1,0,0,0,0,0,0,-1,0,0,0,0,0,0,3,58,64,0,3,226,152,0,-1,0,0,0,-1,0,0,-1,0,-1,0,-1,0,-1,0,-1,0,-1,0,-1,0,-1,0,-1,0,-1,0,-1,0,-1,0,-1,0,0,0,5599,3,0,3,234
727,231,fd,1,144,80,1,288,1056,0,2,2,65160,80,0,0,0,0,1,5,53,0,0,1,181,27,1,1,0,0,0,0,0,0,0,0,0,0,1,110,9,0,1,4,0,210,9,0,0,3,-1,0,0,0,0,0,-1,0,0,0,0,0,0,-1,0,0,0,0,0,0,-1,0,0,0,0,0,0,-1,0,0,0,0,0,0,3,56,64,0,3,224,152,0,-1,0,0,0,-1,0,0,-1,0,-1,0,-1,0,-1,0,-1,0,-1,0,-1,0,-1,0,-1,0,-1,0,-1,0,-1,0,-1,0,0,0,5598,3,0,3,235
728,232,fd,1,143,80,1,240,1056,0,2,2,65158,80,0,0,0,0,1,3,52,0,0,1,179,26,1,1,0,0,0,0,0,0,0,0,0,0,1,110,7,0,1,3,0,210,7,0,0,2,-1,0,0,0,0,0,-1,0,0,0,0,0,0,-1,0,0,0,0,0,0,-1,0,0,0,0,0,0,-1,0,0,0,0,0,0,3,54,64,0,3,222,152,0,-1,0,0,0,-1,0,0,-1,0,-1,0,-1,0,-1,0,-1,0,-1,0,-1,0,-1,0,-1,0,-1,0,-1,0,-1,0,-1,0,0,0,5597,3,0,3,236
729,233,fd,1,143,80,1,192,1056,0,2,2,65156,80,0,0,0,0,1,1,51,0,0,1,177,25,1,1,0,0,0,0,0,0,0,0,0,0,1,110,5,0,1,2,0,210,5,0,0,1,-1,0,0,0,0,0,-1,0,0,0,0,0,0,-1,0,0,0,0,0,0,-1,0,0,0,0,0,0,-1,0,0,0,0,0,0,3,52,64,0,3,220,152,0,-1,0,0,0,-1,0,0,-1,0,-1,0,-1,0,-1,0,-1,0,-1,0,-1,0,-1,0,-1,0,-1,0,-1,0,-1,0,-1,0,0,0,5596,3,0,3,237
730,234,fd,1,143,80,1,144,1056,0,2,2,65154,80,0,0,0,0,1,255,50,0,0,1,175,24,1,1,0,0,0,0,0,0,0,0,0,0,1,110,3,0,1,1,1,210,3,1024,0,0,-1,0,0,0,0,0,-1,0,0,0,0,0,0,-1,0,0,0,0,0,0,-1,0,0,0,0,0,0,-1,0,0,0,0,0,0,3,50,64,0,3,218,152,0,-1,0,0,0,-1,0,0,-1,0,-1,0,-1,0,-1,0,-1,0,-1,0,-1,0,-1,0,-1,0,-1,0,-1,0,-1,0,-1,0,0,0,5595,3,0,3,238
731,235,fd,1,143,80,1,96,1056,0,2,2,65152,80,0,0,0,0,1,253,49,0,0,1,173,23,1,1,0,0,0,0,0,0,0,0,0,0,-1,0,0,0,0,0,1,206,1,1008,0,0,-1,0,0,0,0,0,-1,0,0,0,0,0,0,-1,0,0,0,0,0,0,-1,0,0,0,0,0,0,-1,0,0,0,0,0,0,3,48,64,0,3,216,152,0,-1,0,0,0,-1,0,0,-1,0,-1,0,-1,0,-1,0,-1,0,-1,0,-1,0,-1,0,-1,0,-1,0,-1,0,-1,0,-1,0,0,0,5594,3,0,3,239
732,236,fd,1,143,80,1,48,1056,0,2,2,65150,80,0,0,0,0,1,251,48,0,0,1,171,22,1,1,0,0,0,0,0,0,0,0,0,0,-1,0,0,0,0,0,1,203,255,992,0,0,-1,0,0,0,0,0,-1,0,0,0,0,0,0,-1,0,0,0,0,0,0,-1,0,0,0,0,0,0,-1,0,0,0,0,0,0,3,46,64,0,3,214,152,0,-1,0,0,0,-1,0,0,-1,0,-1,0,-1,0,-1,0,-1,0,-1,0,-1,0,-1,0,-1,0,-1,0,-1,0,-1,0,-1,0,0,0,5593,3,0,3,240
733,237,fd,1,143,80,2,0,1056,0,2,2,65148,80,0,0,0,0,1,249,47,0,0,1,169,21,1,1,0,0,0,0,0,0,0,0,0,0,-1,0,0,0,0,0,1,200,253,976,0,0,-1,0,0,0,0,0,-1,0,0,0,0,0,0,-1,0,0,0,0,0,0,-1,0,0,0,0,0,0,-1,0,0,0,0,0,0,3,44,64,0,3,212,152,0,-1,0,0,0,-1,0,0,-1,0,-1,0,-1,0,-1,0,-1,0,-1,0,-1,0,-1,0,-1,0,-1,0,-1,0,-1,0,-1,0,0,0,5592,3,0,3,241
734,238,fd,1,143,80,2,48,1056,0,2,2,65146,80,0,0,0,0,1,247,46,0,0,1,167,20,1,1,0,0,0,0,0,0,0,0,0,0,-1,0,0,0,0,0,1,197,251,960,0,0,-1,0,0,0,0,0,-1,0,0,0,0,0,0,-1,0,0,0,0,0,0,-1,0,0,0,0,0,0,-1,0,0,0,0,0,0,3,42,64,0,3,210,152,0,-1,0,0,0,-1,0,0,-1,0,-1,0,-1,0,-1,0,-1,0,-1,0,-1,0,-1,0,-1,0,-1,0,-1,0,-1,0,-1,0,0,0,5591,3,0,3,242
735,239,fd,1,143,80,2,96,1056,0,2,2,65144,80,0,0,0,0,1,245,45,0,0,1,165,19,1,1,0,0,0,0,0,0,0,0,0,0,-1,0,0,0,0,0,1,194,249,944,0,0,-1,0,0,0,0,0,-1,0,0,0,0,0,0,-1,0,0,0,0,0,0,-1,0,0,0,0,0,0,-1,0,0,0,0,0,0,3,40,64,0,3,208,152,0,-1,0,0,0,-1,0,0,-1,0,-1,0,-1,0,-1,0,-1,0,-1,0,-1,0,-1,0,-1,0,-1,0,-1,0,-1,0,-1,0,0,0,5590,3,0,3,243
736,240,fd,1,143,80,2,144,1056,0,2,2,65142,80,0,0,0,0,1,243,44,0,0,1,163,18,1,1,0,0,0,0,0,0,0,0,0,0,-1,0,0,0,0,0,1,191,247,928,0,0,-1,0,0,0,0,0,-1,0,0,0,0,0,0,-1,0,0,0,0,0,0,-1,0,0,0,0,0,0,-1,0,0,0,0,0,0,3,38,64,0,3,206,152,0,-1,0,0,0,-1,0,0,-1,0,-1,0,-1,0,-1,0,-1,0,-1,0,-1,0,-1,0,-1,0,-1,0,-1,0,-1,0,-1,0,0,0,5589,3,0,3,244
737,241,fd,1,143,80,2,192,1056,0,2,2,65140,80,0,0,0,0,0,0,0,0,0,1,161,17,1,1,0,0,0,0,0,0,0,0,0,0,-1,0,0,0,0,0,1,188,245,912,0,0,-1,0,0,0,0,0,-1,0,0,0,0,0,0,-1,0,0,0,0,0,0,-1,0,0,0,0,0,0,-1,0,0,0,0,0,0,3,36,64,0,3,204,152,0,-1,0,0,0,-1,0,0,-1,0,-1,0,-1,0,-1,0,-1,0,-1,0,-1,0,-1,0,-1,0,-1,0,-1,0,-1,0,-1,0,0,0,5588,3,0,3,245
738,242,fd,1,143,80,2,240,1056,0,2,2,65138,80,0,0,0,0,0,0,0,0,0,1,159,16,1,1,0,0,0,0,0,0,0,0,0,0,-1,0,0,0,0,0,1,185,243,896,0,0,-1,0,0,0,0,0,-1,0,0,0,0,0,0,-1,0,0,0,0,0,0,-1,0,0,0,0,0,0,-1,0,0,0,0,0,0,3,34,64,0,3,202,152,0,-1,0,0,0,-1,0,0,-1,0,-1,0,-1,0,-1,0,-1,0,-1,0,-1,0,-1,0,-1,0,-1,0,-1,0,-1,0,-1,0,0,0,5587,3,0,3,246
739,243,fd,1,143,80,2,288,1056,0,2,2,65136,80,0,0,0,0,0,0,0,0,0,1,157,15,1,1,0,0,0,0,0,0,0,0,0,0,-1,0,0,0,0,0,-1,0,0,0,0,0,-1,0,0,0,0,0,-1,0,0,0,0,0,0,-1,0,0,0,0,0,0,-1,0,0,0,0,0,0,-1,0,0,0,0,0,0,3,32,64,0,3,200,152,0,-1,0,0,0,-1,0,0,-1,0,-1,0,-1,0,-1,0,-1,0,-1,0,-1,0,-1,0,-1,0,-1,0,-1,0,-1,0,-1,0,0,0,5586,3,0,3,247
740,244,fd,1,144,80,2,336,1056,0,2,2,65134,80,0,0,0,0,0,0,0,0,0,1,155,14,1,1,0,0,0,0,0,0,0,0,0,0,-1,0,0,0,0,0,-1,0,0,0,0,0,-1,0,0,0,0,0,-1,0,0,0,0,0,0,-1,0,0,0,0,0,0,-1,0,0,0,0,0,0,-1,0,0,0,0,0,0,3,30,64,0,3,198,152,0,-1,0,0,0,-1,0,0,-1,0,-1,0,-1,0,-1,0,-1,0,-1,0,-1,0,-1,0,-1,0,-1,0,-1,0,-1,0,-1,0,0,0,5585,3,0,3,248
741,245,fd,1,145,80,2,384,1056,0,2,2,65132,80,0,0,0,0,0,0,0,0,0,1,153,13,1,1,0,0,0,0,0,0,0,0,0,0,-1,0,0,0,0,0,-1,0,0,0,0,0,-1,0,0,0,0,0,-1,0,0,0,0,0,0,-1,0,0,0,0,0,0,-1,0,0,0,0,0,0,-1,0,0,0,0,0,0,3,28,64,0,3,196,152,0,-1,0,0,0,-1,0,0,-1,0,-1,0,-1,0,-1,0,-1,0,-1,0,-1,0,-1,0,-1,0,-1,0,-1,0,-1,0,-1,0,0,0,5584,3,0,3,249
742,246,fd,1,146,80,2,432,1056,0,2,2,65130,80,0,0,0,0,0,0,0,0,0,1,151,12,1,1,0,0,0,0,0,0,0,0,0,0,-1,0,0,0,0,0,-1,0,0,0,0,0,-1,0,0,0,0,0,-1,0,0,0,0,0,0,-1,0,0,0,0,0,0,-1,0,0,0,0,0,0,-1,0,0,0,0,0,0,3,26,64,0,3,194,152,0,-1,0,0,0,-1,0,0,-1,0,-1,0,-1,0,-1,0,-1,0,-1,0,-1,0,-1,0,-1,0,-1,0,-1,0,-1,0,-1,0,0,0,5583,3,0,3,250
743,247,fd,1,147,80,2,480,1056,0,2,2,65128,80,0,0,0,0,0,0,0,0,0,1,149,11,1,1,0,0,0,0,0,0,0,0,0,0,-1,0,0,0,0,0,-1,0,0,0,0,0,-1,0,0,0,0,0,-1,0,0,0,0,0,0,-1,0,0,0,0,0,0,-1,0,0,0,0,0,0,-1,0,0,0,0,0,0,3,24,64,0,3,192,152,0,-1,0,0,0,-1,0,0,-1,0,-1,0,-1,0,-1,0,-1,0,-1,0,-1,0,-1,0,-1,0,-1,0,-1,0,-1,0,-1,0,0,0,5582,3,0,3,251
744,248,fd,1,148,80,2,528,1056,0,2,2,65126,80,0,0,0,0,0,0,0,0,0,1,147,10,1,1,0,0,0,0,0,0,0,0,0,0,-1,0,0,0,0,0,-1,0,0,0,0,0,-1,0,0,0,0,0,-1,0,0,0,0,0,0,-1,0,0,0,0,0,0,-1,0,0,0,0,0,0,-1,0,0,0,0,0,0,3,22,64,0,3,190,152,0,-1,0,0,0,-1,0,0,-1,0,-1,0,-1,0,-1,0,-1,0,-1,0,-1,0,-1,0,-1,0,-1,0,-1,0,-1,0,-1,0,0,0,5581,3,0,3,252
745,249,fd,1,150,80,2,576,1056,0,2,2,65124,80,0,0,0,0,0,0,0,0,0,1,145,9,1,1,0,0,0,0,0,0,0,0,0,0,-1,0,0,0,0,0,-1,0,0,0,0,0,-1,0,0,0,0,0,-1,0,0,0,0,0,0,-1,0,0,0,0,0,0,-1,0,0,0,0,0,0,-1,0,0,0,0,0,0,3,20,64,0,3,188,152,0,-1,0,0,0,-1,0,0,-1,0,-1,0,-1,0,-1,0,-1,0,-1,0,-1,0,-1,0,-1,0,-1,0,-1,0,-1,0,-1,0,0,0,5580,3,0,3,253
746,250,fd,1,152,80,2,624,1056,0,2,2,65122,80,0,0,0,0,0,0,0,0,0,1,143,8,1,1,0,0,0,0,0,0,0,0,0,0,-1,0,0,0,0,0,-1,0,0,0,0,0,-1,0,0,0,0,0,-1,0,0,0,0,0,0,-1,0,0,0,0,0,0,-1,0,0,0,0,0,0,-1,0,0,0,0,0,0,3,18,64,0,3,186,152,0,-1,0,0,0,-1,0,0,-1,0,-1,0,-1,0,-1,0,-1,0,-1,0,-1,0,-1,0,-1,0,-1,0,-1,0,-1,0,-1,0,0,0,5579,3,0,3,254
747,251,fd,1,154,80,2,672,1056,0,2,2,65120,80,0,0,0,0,0,0,0,0,0,1,141,7,1,1,0,0,0,0,0,0,0,0,0,0,-1,0,0,0,0,0,-1,0,0,0,0,0,-1,0,0,0,0,0,-1,0,0,0,0,0,0,-1,0,0,0,0,0,0,-1,0,0,0,0,0,0,-1,0,0,0,0,0,0,3,16,64,0,3,184,152,0,-1,0,0,0,-1,0,0,-1,0,-1,0,-1,0,-1,0,-1,0,-1,0,-1,0,-1,0,-1,0,-1,0,-1,0,-1,0,-1,0,0,0,5578,3,0,3,255
748,252,fd,1,156,80,2,720,1056,0,2,2,65118,80,0,0,0,0,0,0,0,0,0,1,139,6,1,1,0,0,0,0,0,0,0,0,0,0,-1,0,0,0,0,0,-1,0,0,0,0,0,-1,0,0,0,0,0,-1,0,0,0,0,0,0,-1,0,0,0,0,0,0,-1,0,0,0,0,0,0,-1,0,0,0,0,0,0,3,14,64,0,3,182,152,0,-1,0,0,0,-1,0,0,-1,0,-1,0,-1,0,-1,0,-1,0,-1,0,-1,0,-1,0,-1,0,-1,0,-1,0,-1,0,-1,0,0,0,5577,3,0,3,0
749,253,fd,1,158,80,2,768,1056,0,2,2,65116,80,0,0,0,0,0,0,0,0,0,1,137,5,1,1,0,0,0,0,0,0,0,0,0,0,-1,0,0,0,0,0,-1,0,0,0,0,0,-1,0,0,0,0,0,-1,0,0,0,0,0,0,-1,0,0,0,0,0,0,-1,0,0,0,0,0,0,-1,0,0,0,0,0,0,3,12,64,0,3,180,152,0,-1,0,0,0,-1,0,0,-1,0,-1,0,-1,0,-1,0,-1,0,-1,0,-1,0,-1,0,-1,0,-1,0,-1,0,-1,0,-1,0,0,0,5576,3,0,3,1
750,254,fd,1,161,80,2,816,1056,0,2,2,65114,80,0,0,0,0,0,0,0,0,0,1,135,4,1,1,0,0,0,0,0,0,0,0,0,0,-1,0,0,0,0,0,-1,0,0,0,0,0,-1,0,0,0,0,0,-1,0,0,0,0,0,0,-1,0,0,0,0,0,0,-1,0,0,0,0,0,0,-1,0,0,0,0,0,0,3,10,64,0,3,178,152,0,-1,0,0,0,-1,0,0,-1,0,-1,0,-1,0,-1,0,-1,0,-1,0,-1,0,-1,0,-1,0,-1,0,-1,0,-1,0,-1,0,0,0,5575,3,0,3,2
751,255,fd,1,164,80,2,864,1056,0,2,2,65112,80,0,0,0,0,0,0,0,0,0,1,133,3,1,1,0,0,0,0,0,0,0,0,0,0,-1,0,0,0,0,0,-1,0,0,0,0,0,-1,0,0,0,0,0,-1,0,0,0,0,0,0,-1,0,0,0,0,0,0,-1,0,0,0,0,0,0,-1,0,0,0,0,0,0,3,8,64,0,3,176,152,0,-1,0,0,0,-1,0,0,-1,0,-1,0,-1,0,-1,0,-1,0,-1,0,-1,0,-1,0,-1,0,-1,0,-1,0,-1,0,-1,0,0,0,5574,3,0,3,3
752,256,fd,1,167,80,2,912,1056,0,2,2,65110,80,0,0,0,0,0,0,0,0,0,1,131,2,1,1,0,0,0,0,0,0,0,0,0,0,-1,0,0,0,0,0,-1,0,0,0,0,0,-1,0,0,0,0,0,-1,0,0,0,0,0,0,-1,0,0,0,0,0,0,-1,0,0,0,0,0,0,-1,0,0,0,0,0,0,3,6,64,0,3,174,152,0,-1,0,0,0,-1,0,0,-1,0,-1,0,-1,0,-1,0,-1,0,-1,0,-1,0,-1,0,-1,0,-1,0,-1,0,-1,0,-1,0,0,0,5573,3,0,3,4
753,257,fd,1,170,80,2,960,1056,0,2,2,65108,80,0,0,0,0,0,0,0,0,0,1,129,1,1,1,0,0,0,0,0,0,0,0,0,0,-1,0,0,0,0,0,-1,0,0,0,0,0,-1,0,0,0,0,0,-1,0,0,0,0,0,0,-1,0,0,0,0,0,0,-1,0,0,0,0,0,0,-1,0,0,0,0,0,0,3,4,64,0,3,172,152,0,-1,0,0,0,-1,0,0,-1,0,-1,0,-1,0,-1,0,-1,0,-1,0,-1,0,-1,0,-1,0,-1,0,-1,0,-1,0,-1,0,0,0,5572,3,0,3,5
754,258,fd,1,173,80,2,1008,1056,0,2,2,65106,80,0,0,0,0,0,0,0,0,0,1,127,57,0,1,0,0,0,0,0,0,0,0,0,0,-1,0,0,0,0,0,-1,0,0,0,0,0,-1,0,0,0,0,0,0,204,127,1008,0,32,8,-1,0,0,0,0,0,0,-1,0,0,0,0,0,0,-1,0,0,0,0,0,0,3,2,64,0,3,170,152,0,-1,0,0,0,-1,0,0,-1,0,-1,0,-1,0,-1,0,-1,0,-1,0,-1,0,-1,0,-1,0,-1,0,-1,0,-1,0,-1,0,0,0,5571,3,0,3,6
755,259,fd,1,180,80,1,960,960,0,2,2,65104,100,0,0,0,8,0,0,0,0,0,1,125,57,0,1,0,0,0,0,0,0,0,0,0,0,-1,0,0,0,0,0,-1,0,0,0,0,0,-1,0,0,0,0,0,0,201,125,992,0,64,8,-1,0,0,0,0,0,0,-1,0,0,0,0,0,0,-1,0,0,0,0,0,0,3,0,64,0,3,168,152,0,-1,0,0,0,-1,0,0,-1,0,-1,0,-1,0,-1,0,-1,0,-1,0,-1,0,-1,0,-1,0,-1,0,-1,0,-1,0,-1,0,0,0,5570,3,0,3,7
756,260,fd,1,177,80,1,912,960,0,2,2,65102,100,0,0,0,7,0,0,0,0,0,1,123,57,0,1,0,0,0,0,0,0,0,0,0,0,-1,0,0,0,0,0,-1,0,0,0,0,0,-1,0,0,0,0,0,0,198,123,976,0,96,8,-1,0,0,0,0,0,0,-1,0,0,0,0,0,0,-1,0,0,0,0,0,0,3,254,64,0,3,166,152,0,-1,0,0,0,-1,0,0,-1,0,-1,0,-1,0,-1,0,-1,0,-1,0,-1,0,-1,0,-1,0,-1,0,-1,0,-1,0,-1,0,0,0,5569,3,0,3,8
757,261,fd,1,174,80,1,864,960,0,2,2,65100,100,0,0,0,6,0,0,0,0,0,1,121,57,0,1,0,0,0,0,0,0,0,0,0,0,-1,0,0,0,0,0,-1,0,0,0,0,0,-1,0,0,0,0,0,0,195,121,960,0,128,8,-1,0,0,0,0,0,0,-1,0,0,0,0,0,0,-1,0,0,0,0,0,0,3,252,64,0,3,164,152,0,-1,0,0,0,-1,0,0,-1,0,-1,0,-1,0,-1,0,-1,0,-1,0,-1,0,-1,0,-1,0,-1,0,-1,0,-1,0,-1,0,0,0,5568,3,0,3,9
758,262,fd,1,171,80,1,816,960,0,2,2,65098,100,0,0,0,5,0,0,0,0,0,1,119,57,0,1,0,0,0,0,0,0,0,0,0,0,-1,0,0,0,0,0,-1,0,0,0,0,0,-1,0,0,0,0,0,0,192,119,944,0,160,8,-1,0,0,0,0,0,0,-1,0,0,0,0,0,0,-1,0,0,0,0,0,0,3,250,64,0,3,162,152,0,-1,0,0,0,-1,0,0,-1,0,-1,0,-1,0,-1,0,-1,0,-1,0,-1,0,-1,0,-1,0,-1,0,-1,0,-1,0,-1,0,0,0,5567,3,0,3,10
759,263,fd,1,168,80,1,768,960,0,2,2,65096,100,0,0,0,4,0,0,0,0,0,1,117,57,0,1,0,0,0,0,0,0,0,0,0,0,-1,0,0,0,0,0,-1,0,0,0,0,0,-1,0,0,0,0,0,0,189,117,928,0,192,8,-1,0,0,0,0,0,0,-1,0,0,0,0,0,0,-1,0,0,0,0,0,0,3,248,64,0,3,160,152,0,-1,0,0,0,-1,0,0,-1,0,-1,0,-1,0,-1,0,-1,0,-1,0,-1,0,-1,0,-1,0,-1,0,-1,0,-1,0,-1,0,0,0,5566,3,0,3,11
760,264,fd,1,165,80,1,720,960,0,2,2,65094,100,0,0,0,3,0,0,0,0,0,1,115,57,0,1,0,0,0,0,0,0,0,0,0,0,-1,0,0,0,0,0,-1,0,0,0,0,0,-1,0,0,0,0,0,0,186,115,912,0,224,8,-1,0,0,0,0,0,0,-1,0,0,0,0,0,0,-1,0,0,0,0,0,0,3,246,64,0,3,158,152,0,-1,0,0,0,-1,0,0,-1,0,-1,0,-1,0,-1,0,-1,0,-1,0,-1,0,-1,0,-1,0,-1,0,-1,0,-1,0,-1,0,0,0,5565,3,0,3,12
761,265,fd,1,163,80,1,672,960,0,2,2,65092,100,1,0,0,2,0,0,0,0,0,1,113,57,0,1,0,0,0,0,0,0,0,0,0,0,-1,0,0,0,0,0,-1,0,0,0,0,0,-1,0,0,0,0,0,0,183,114,896,0,0,8,-1,0,0,0,0,0,0,-1,0,0,0,0,0,0,-1,0,0,0,0,0,0,-1,0,0,0,3,156,152,0,-1,0,0,0,-1,0,0,-1,0,-1,0,-1,0,-1,0,-1,0,-1,0,-1,0,-1,0,-1,0,-1,0,-1,0,-1,0,-1,0,0,0,5564,3,0,3,13
762,266,fd,1,161,80,1,624,960,0,2,2,65090,100,1,0,0,1,0,0,0,0,0,1,111,57,0,1,0,0,0,0,0,0,0,0,0,0,-1,0,0,0,0,0,-1,0,0,0,0,0,-1,0,0,0,0,0,0,180,112,880,0,32,8,-1,0,0,0,0,0,0,-1,0,0,0,0,0,0,-1,0,0,0,0,0,0,-1,0,0,0,3,154,152,0,-1,0,0,0,-1,0,0,-1,0,-1,0,-1,0,-1,0,-1,0,-1,0,-1,0,-1,0,-1,0,-1,0,-1,0,-1,0,-1,0,0,0,5563,3,0,3,14
763,267,fd,1,159,80,1,576,960,0,2,2,65088,100,1,0,0,0,0,0,0,0,0,1,109,57,0,1,0,0,0,0,0,0,0,0,0,0,-1,0,0,0,0,0,-1,0,0,0,0,0,-1,0,0,0,0,0,0,177,110,864,0,64,8,-1,0,0,0,0,0,0,-1,0,0,0,0,0,0,-1,0,0,0,0,0,0,-1,0,0,0,3,152,152,0,-1,0,0,0,-1,0,0,-1,0,-1,0,-1,0,-1,0,-1,0,-1,0,-1,0,-1,0,-1,0,-1,0,-1,0,-1,0,-1,0,0,0,5562,3,0,3,15
764,268,fd,1,157,80,1,528,960,0,2,2,65086,100,1,0,0,0,0,0,0,0,0,1,107,57,0,1,0,0,0,0,0,0,0,0,0,0,-1,0,0,0,0,0,-1,0,0,0,0,0,-1,0,0,0,0,0,0,174,108,848,0,96,8,-1,0,0,0,0,0,0,-1,0,0,0,0,0,0,-1,0,0,0,0,0,0,-1,0,0,0,3,150,152,0,-1,0,0,0,-1,0,0,-1,0,-1,0,-1,0,-1,0,-1,0,-1,0,-1,0,-1,0,-1,0,-1,0,-1,0,-1,0,-1,0,0,0,5561,3,0,3,16
765,269,fd,1,155,80,1,480,960,0,2,2,65084,100,1,0,0,0,0,0,0,0,0,1,105,57,0,1,0,0,0,0,0,0,0,0,0,0,-1,0,0,0,0,0,-1,0,0,0,0,0,-1,0,0,0,0,0,0,171,106,832,0,128,8,-1,0,0,0,0,0,0,-1,0,0,0,0,0,0,-1,0,0,0,0,0,0,-1,0,0,0,3,148,152,0,-1,0,0,0,-1,0,0,-1,0,-1,0,-1,0,-1,0,-1,0,-1,0,-1,0,-1,0,-1,0,-1,0,-1,0,-1,0,-1,0,0,0,5560,3,0,3,17
766,270,fd,1,154,80,1,432,960,0,2,2,65082,100,1,0,0,0,0,0,0,0,0,1,103,57,0,1,0,0,0,0,0,0,0,0,0,0,-1,0,0,0,0,0,-1,0,0,0,0,0,-1,0,0,0,0,0,0,168,104,816,0,160,8,-1,0,0,0,0,0,0,-1,0,0,0,0,0,0,-1,0,0,0,0,0,0,-1,0,0,0,3,146,152,0,-1,0,0,0,-1,0,0,-1,0,-1,0,-1,0,-1,0,-1,0,-1,0,-1,0,-1,0,-1,0,-1,0,-1,0,-1,0,-1,0,0,0,5559,3,0,3,18
767,271,fd,1,153,80,1,384,960,0,2,2,65080,100,1,0,0,0,0,0,0,0,0,1,101,57,0,1,0,0,0,0,0,0,0,0,0,0,-1,0,0,0,0,0,-1,0,0,0,0,0,-1,0,0,0,0,0,0,165,102,800,0,192,8,-1,0,0,0,0,0,0,-1,0,0,0,0,0,0,-1,0,0,0,0,0,0,-1,0,0,0,3,144,152,0,-1,0,0,0,-1,0,0,-1,0,-1,0,-1,0,-1,0,-1,0,-1,0,-1,0,-1,0,-1,0,-1,0,-1,0,-1,0,-1,0,0,0,5558,3,0,3,19
768,272,fd,1,152,80,1,336,960,0,2,2,65078,100,1,0,0,0,0,0,0,0,0,1,99,57,0,1,0,0,0,0,0,0,0,0,0,0,-1,0,0,0,0,0,-1,0,0,0,0,0,-1,0,0,0,0,0,0,162,100,784,0,224,8,-1,0,0,0,0,0,0,-1,0,0,0,0,0,0,-1,0,0,0,0,0,0,-1,0,0,0,3,142,152,0,-1,0,0,0,-1,0,0,-1,0,-1,0,-1,0,-1,0,-1,0,-1,0,-1,0,-1,0,-1,0,-1,0,-1,0,-1,0,-1,0,0,0,5557,3,0,3,20
769,273,fd,1,151,80,1,288,960,0,2,2,65076,100,1,0,0,0,0,0,0,0,0,1,97,57,0,1,0,0,0,0,0,0,0,0,0,0,-1,0,0,0,0,0,-1,0,0,0,0,0,-1,0,0,0,0,0,0,159,99,768,0,0,8,-1,0,0,0,0,0,0,-1,0,0,0,0,0,0,-1,0,0,0,0,0,0,-1,0,0,0,3,140,152,0,-1,0,0,0,-1,0,0,-1,0,-1,0,-1,0,-1,0,-1,0,-1,0,-1,0,-1,0,-1,0,-1,0,-1,0,-1,0,-1,0,0,0,5556,3,0,3,21
770,274,fd,1,150,80,1,240,960,0,2,2,65074,100,1,0,0,0,0,0,0,0,0,1,95,57,0,1,0,0,0,0,0,0,0,0,0,0,-1,0,0,0,0,0,-1,0,0,0,0,0,-1,0,0,0,0,0,0,156,97,752,0,32,8,-1,0,0,0,0,0,0,-1,0,0,0,0,0,0,-1,0,0,0,0,0,0,-1,0,0,0,3,138,152,0,-1,0,0,0,-1,0,0,-1,0,-1,0,-1,0,-1,0,-1,0,-1,0,-1,0,-1,0,-1,0,-1,0,-1,0,-1,0,-1,0,0,0,5555,3,0,3,22
771,275,fd,1,150,80,1,192,960,0,2,2,65072,100,1,0,0,0,0,0,0,0,0,1,93,57,0,1,0,0,0,0,0,0,0,0,0,0,-1,0,0,0,0,0,-1,0,0,0,0,0,-1,0,0,0,0,0,0,154,95,736,0,64,8,-1,0,0,0,0,0,0,-1,0,0,0,0,0,0,-1,0,0,0,0,0,0,-1,0,0,0,3,136,152,0,-1,0,0,0,-1,0,0,-1,0,-1,0,-1,0,-1,0,-1,0,-1,0,-1,0,-1,0,-1,0,-1,0,-1,0,-1,0,-1,0,0,0,5554,3,0,3,23
772,276,fd,1,150,80,1,144,960,0,2,2,65070,100,1,0,0,0,0,0,0,0,0,1,91,57,0,1,0,0,0,0,0,0,0,0,0,0,-1,0,0,0,0,0,-1,0,0,0,0,0,-1,0,0,0,0,0,0,152,93,720,0,96,8,-1,0,0,0,0,0,0,-1,0,0,0,0,0,0,-1,0,0,0,0,0,0,-1,0,0,0,3,134,152,0,-1,0,0,0,-1,0,0,-1,0,-1,0,-1,0,-1,0,-1,0,-1,0,-1,0,-1,0,-1,0,-1,0,-1,0,-1,0,-1,0,0,0,5553,3,0,3,24
773,277,fd,1,150,80,1,96,960,0,2,2,65068,100,1,0,0,0,0,0,0,0,0,1,89,57,0,1,0,0,0,0,0,0,0,0,0,0,-1,0,0,0,0,0,-1,0,0,0,0,0,-1,0,0,0,0,0,0,150,91,704,0,128,8,-1,0,0,0,0,0,0,-1,0,0,0,0,0,0,-1,0,0,0,0,0,0,-1,0,0,0,3,132,152,0,-1,0,0,0,-1,0,0,-1,0,-1,0,-1,0,-1,0,-1,0,-1,0,-1,0,-1,0,-1,0,-1,0,-1,0,-1,0,-1,0,0,0,5552,3,0,3,25
774,278,fd,1,150,80,1,48,960,0,2,2,65066,100,1,0,0,0,0,0,0,0,0,1,87,57,0,1,0,0,0,0,0,0,0,0,0,0,-1,0,0,0,0,0,-1,0,0,0,0,0,-1,0,0,0,0,0,0,148,89,688,0,160,8,-1,0,0,0,0,0,0,-1,0,0,0,0,0,0,-1,0,0,0,0,0,0,-1,0,0,0,3,130,152,0,-1,0,0,0,-1,0,0,-1,0,-1,0,-1,0,-1,0,-1,0,-1,0,-1,0,-1,0,-1,0,-1,0,-1,0,-1,0,-1,0,0,0,5551,3,0,3,26
775,279,fd,1,150,80,2,0,960,0,2,2,65064,100,1,0,0,0,0,0,0,0,0,1,85,57,0,1,0,0,0,0,0,0,0,0,0,0,-1,0,0,0,0,0,-1,0,0,0,0,0,-1,0,0,0,0,0,0,146,87,672,0,192,8,-1,0,0,0,0,0,0,-1,0,0,0,0,0,0,-1,0,0,0,0,0,0,-1,0,0,0,3,128,152,0,-1,0,0,0,-1,0,0,-1,0,-1,0,-1,0,-1,0,-1,0,-1,0,-1,0,-1,0,-1,0,-1,0,-1,0,-1,0,-1,0,0,0,5550,3,0,3,27
776,280,fd,1,150,80,2,48,960,0,2,2,65062,100,1,0,0,0,0,0,0,0,0,1,83,57,0,1,0,0,0,0,0,0,0,0,0,0,-1,0,0,0,0,0,-1,0,0,0,0,0,-1,0,0,0,0,0,0,144,85,656,0,224,8,-1,0,0,0,0,0,0,-1,0,0,0,0,0,0,-1,0,0,0,0,0,0,-1,0,0,0,3,126,152,0,-1,0,0,0,-1,0,0,-1,0,-1,0,-1,0,-1,0,-1,0,-1,0,-1,0,-1,0,-1,0,-1,0,-1,0,-1,0,-1,0,0,0,5549,3,0,3,28
777,281,fd,1,150,80,2,96,960,0,2,2,65060,100,1,0,0,0,0,0,0,0,0,1,81,57,0,1,0,0,0,0,0,0,0,0,0,0,-1,0,0,0,0,0,-1,0,0,0,0,0,-1,0,0,0,0,0,0,142,84,640,0,0,8,-1,0,0,0,0,0,0,-1,0,0,0,0,0,0,-1,0,0,0,0,0,0,-1,0,0,0,3,124,152,0,-1,0,0,0,-1,0,0,-1,0,-1,0,-1,0,-1,0,-1,0,-1,0,-1,0,-1,0,-1,0,-1,0,-1,0,-1,0,-1,0,0,0,5548,3,0,3,29
778,282,fd,1,150,80,2,144,960,0,2,2,65058,100,1,0,0,0,0,0,0,0,0,1,79,57,0,1,0,0,0,0,0,0,0,0,0,0,-1,0,0,0,0,0,-1,0,0,0,0,0,-1,0,0,0,0,0,0,140,82,624,0,32,8,-1,0,0,0,0,0,0,-1,0,0,0,0,0,0,-1,0,0,0,0,0,0,-1,0,0,0,3,122,152,0,-1,0,0,0,-1,0,0,-1,0,-1,0,-1,0,-1,0,-1,0,-1,0,-1,0,-1,0,-1,0,-1,0,-1,0,-1,0,-1,0,0,0,5547,3,0,3,30
779,283,fd,1,150,80,2,192,960,0,2,2,65056,100,1,0,0,0,0,0,0,0,0,1,77,57,0,1,0,0,0,0,0,0,0,0,0,0,-1,0,0,0,0,0,-1,0,0,0,0,0,-1,0,0,0,0,0,0,138,80,608,0,64,8,-1,0,0,0,0,0,0,-1,0,0,0,0,0,0,-1,0,0,0,0,0,0,-1,0,0,0,3,120,152,0,-1,0,0,0,-1,0,0,-1,0,-1,0,-1,0,-1,0,-1,0,-1,0,-1,0,-1,0,-1,0,-1,0,-1,0,-1,0,-1,0,0,0,5546,3,0,3,31
780,284,fd,1,150,80,2,240,960,0,2,2,65054,100,1,0,0,0,0,0,0,0,0,1,75,57,0,1,0,0,0,0,0,0,0,0,0,0,-1,0,0,0,0,0,-1,0,0,0,0,0,-1,0,0,0,0,0,0,136,78,592,0,96,8,-1,0,0,0,0,0,0,-1,0,0,0,0,0,0,-1,0,0,0,0,0,0,-1,0,0,0,3,118,152,0,-1,0,0,0,-1,0,0,-1,0,-1,0,-1,0,-1,0,-1,0,-1,0,-1,0,-1,0,-1,0,-1,0,-1,0,-1,0,-1,0,0,0,5545,3,0,3,32
781,285,fd,1,150,80,2,288,960,0,2,2,65052,100,1,0,0,0,0,0,0,0,0,1,73,57,0,1,0,0,0,0,0,0,0,0,0,0,-1,0,0,0,0,0,-1,0,0,0,0,0,-1,0,0,0,0,0,0,134,76,576,0,128,8,-1,0,0,0,0,0,0,-1,0,0,0,0,0,0,-1,0,0,0,0,0,0,-1,0,0,0,3,116,152,0,-1,0,0,0,-1,0,0,-1,0,-1,0,-1,0,-1,0,-1,0,-1,0,-1,0,-1,0,-1,0,-1,0,-1,0,-1,0,-1,0,0,0,5544,3,0,3,33
782,286,fd,1,151,80,2,336,960,0,2,2,65050,100,1,0,0,0,0,0,0,0,0,1,71,57,0,1,0,0,0,0,0,0,0,0,0,0,-1,0,0,0,0,0,-1,0,0,0,0,0,-1,0,0,0,0,0,0,132,74,560,0,160,8,-1,0,0,0,0,0,0,-1,0,0,0,0,0,0,-1,0,0,0,0,0,0,-1,0,0,0,3,114,152,0,-1,0,0,0,-1,0,0,-1,0,-1,0,-1,0,-1,0,-1,0,-1,0,-1,0,-1,0,-1,0,-1,0,-1,0,-1,0,-1,0,0,0,5543,3,0,3,34
783,287,fd,1,152,80,2,384,960,0,2,2,65048,100,1,0,0,0,0,0,0,0,0,1,69,57,0,1,0,0,0,0,0,0,0,0,0,0,-1,0,0,0,0,0,-1,0,0,0,0,0,-1,0,0,0,0,0,0,130,72,544,0,192,8,-1,0,0,0,0,0,0,-1,0,0,0,0,0,0,-1,0,0,0,0,0,0,-1,0,0,0,3,112,152,0,-1,0,0,0,-1,0,0,-1,0,-1,0,-1,0,-1,0,-1,0,-1,0,-1,0,-1,0,-1,0,-1,0,-1,0,-1,0,-1,0,0,0,5542,3,0,3,35
784,288,fd,1,153,80,2,432,960,0,2,2,65046,100,1,0,0,0,0,0,0,0,0,1,67,57,0,1,0,0,0,0,0,0,0,0,0,0,-1,0,0,0,0,0,-1,0,0,0,0,0,-1,0,0,0,0,0,0,128,70,528,0,224,8,-1,0,0,0,0,0,0,-1,0,0,0,0,0,0,-1,0,0,0,0,0,0,-1,0,0,0,3,110,152,0,-1,0,0,0,-1,0,0,-1,0,-1,0,-1,0,-1,0,-1,0,-1,0,-1,0,-1,0,-1,0,-1,0,-1,0,-1,0,-1,0,0,0,5541,3,0,3,36
785,289,fd,1,154,80,2,480,960,0,2,2,65044,100,1,0,0,0,0,0,0,0,0,1,65,57,0,1,0,0,0,0,0,0,0,0,0,0,-1,0,0,0,0,0,-1,0,0,0,0,0,-1,0,0,0,0,0,0,126,69,512,0,0,8,-1,0,0,0,0,0,0,-1,0,0,0,0,0,0,-1,0,0,0,0,0,0,-1,0,0,0,3,108,152,0,-1,0,0,0,-1,0,0,-1,0,-1,0,-1,0,-1,0,-1,0,-1,0,-1,0,-1,0,-1,0,-1,0,-1,0,-1,0,-1,0,0,0,5540,3,0,3,37
786,290,fd,1,155,80,2,528,960,0,2,2,65042,100,1,0,0,0,0,0,0,0,0,1,63,57,0,1,0,0,0,0,0,0,0,0,0,0,-1,0,0,0,0,0,-1,0,0,0,0,0,-1,0,0,0,0,0,0,124,67,496,0,32,8,-1,0,0,0,0,0,0,-1,0,0,0,0,0,0,-1,0,0,0,0,0,0,-1,0,0,0,3,106,152,0,-1,0,0,0,-1,0,0,-1,0,-1,0,-1,0,-1,0,-1,0,-1,0,-1,0,-1,0,-1,0,-1,0,-1,0,-1,0,-1,0,0,0,5539,3,0,3,38
787,291,fd,1,157,80,2,576,960,0,2,2,65040,100,1,0,0,0,0,0,0,0,0,1,61,57,0,1,0,0,0,0,0,0,0,0,0,0,-1,0,0,0,0,0,-1,0,0,0,0,0,-1,0,0,0,0,0,0,123,65,480,0,64,8,-1,0,0,0,0,0,0,-1,0,0,0,0,0,0,-1,0,0,0,0,0,0,-1,0,0,0,3,104,152,0,-1,0,0,0,-1,0,0,-1,0,-1,0,-1,0,-1,0,-1,0,-1,0,-1,0,-1,0,-1,0,-1,0,-1,0,-1,0,-1,0,0,0,5538,3,0,3,39
788,292,fd,1,159,80,2,624,960,0,2,2,65038,100,1,0,0,0,0,0,0,0,0,1,59,57,0,1,0,0,0,0,0,0,0,0,0,0,-1,0,0,0,0,0,-1,0,0,0,0,0,-1,0,0,0,0,0,0,122,63,464,0,96,8,-1,0,0,0,0,0,0,-1,0,0,0,0,0,0,-1,0,0,0,0,0,0,-1,0,0,0,3,102,152,0,-1,0,0,0,-1,0,0,-1,0,-1,0,-1,0,-1,0,-1,0,-1,0,-1,0,-1,0,-1,0,-1,0,-1,0,-1,0,-1,0,0,0,5537,3,0,3,40
789,293,fd,1,161,80,2,672,960,0,2,2,65036,100,1,0,0,0,0,0,0,0,0,1,57,57,0,1,0,0,0,0,0,0,0,0,0,0,-1,0,0,0,0,0,-1,0,0,0,0,0,-1,0,0,0,0,0,0,121,61,448,0,128,8,-1,0,0,0,0,0,0,-1,0,0,0,0,0,0,-1,0,0,0,0,0,0,-1,0,0,0,3,100,152,0,-1,0,0,0,-1,0,0,-1,0,-1,0,-1,0,-1,0,-1,0,-1,0,-1,0,-1,0,-1,0,-1,0,-1,0,-1,0,-1,0,0,0,5536,3,0,3,41
790,294,fd,1,163,80,2,720,960,0,2,2,65034,100,1,0,0,0,0,0,0,0,0,1,55,57,0,1,0,0,0,0,0,0,0,0,0,0,-1,0,0,0,0,0,-1,0,0,0,0,0,-1,0,0,0,0,0,0,120,59,432,0,160,8,-1,0,0,0,0,0,0,-1,0,0,0,0,0,0,-1,0,0,0,0,0,0,-1,0,0,0,3,98,152,0,-1,0,0,0,-1,0,0,-1,0,-1,0,-1,0,-1,0,-1,0,-1,0,-1,0,-1,0,-1,0,-1,0,-1,0,-1,0,-1,0,0,0,5535,3,0,3,42
791,295,fd,1,165,80,2,768,960,0,2,2,65032,100,1,0,0,0,0,0,0,0,0,1,53,57,0,1,0,0,0,0,0,0,0,0,0,0,-1,0,0,0,0,0,-1,0,0,0,0,0,-1,0,0,0,0,0,0,119,57,416,0,192,8,-1,0,0,0,0,0,0,-1,0,0,0,0,0,0,-1,0,0,0,0,0,0,-1,0,0,0,3,96,152,0,-1,0,0,0,-1,0,0,-1,0,-1,0,-1,0,-1,0,-1,0,-1,0,-1,0,-1,0,-1,0,-1,0,-1,0,-1,0,-1,0,0,0,5534,3,0,3,43
792,296,fd,1,168,80,2,816,960,0,2,2,65030,100,1,0,0,0,0,0,0,0,0,1,51,57,0,1,0,0,0,0,0,0,0,0,0,0,-1,0,0,0,0,0,-1,0,0,0,0,0,-1,0,0,0,0,0,0,118,55,400,0,224,8,-1,0,0,0,0,0,0,-1,0,0,0,0,0,0,-1,0,0,0,0,0,0,-1,0,0,0,3,94,152,0,-1,0,0,0,-1,0,0,-1,0,-1,0,-1,0,-1,0,-1,0,-1,0,-1,0,-1,0,-1,0,-1,0,-1,0,-1,0,-1,0,0,0,5533,3,0,3,44
793,297,fd,1,171,80,2,864,960,0,2,2,65028,100,1,0,0,0,0,0,0,0,0,1,49,57,0,1,0,0,0,0,0,0,0,0,0,0,-1,0,0,0,0,0,-1,0,0,0,0,0,-1,0,0,0,0,0,0,117,54,384,0,0,8,-1,0,0,0,0,0,0,-1,0,0,0,0,0,0,-1,0,0,0,0,0,0,-1,0,0,0,3,92,152,0,-1,0,0,0,-1,0,0,-1,0,-1,0,-1,0,-1,0,-1,0,-1,0,-1,0,-1,0,-1,0,-1,0,-1,0,-1,0,-1,0,0,0,5532,3,0,3,45
794,298,fd,1,174,80,2,912,960,0,2,2,65026,100,1,0,0,0,0,0,0,0,0,1,47,57,0,1,0,0,0,0,0,0,0,0,0,0,-1,0,0,0,0,0,-1,0,0,0,0,0,-1,0,0,0,0,0,0,116,52,368,0,32,8,-1,0,0,0,0,0,0,-1,0,0,0,0,0,0,-1,0,0,0,0,0,0,-1,0,0,0,3,90,152,0,-1,0,0,0,-1,0,0,-1,0,-1,0,-1,0,-1,0,-1,0,-1,0,-1,0,-1,0,-1,0,-1,0,-1,0,-1,0,-1,0,0,0,5531,3,0,3,46
795,299,fd,1,180,80,1,1056,1056,0,2,2,65024,120,1,0,0,8,0,0,0,0,0,1,45,57,0,1,0,0,0,0,0,0,0,0,0,0,-1,0,0,0,0,0,-1,0,0,0,0,0,-1,0,0,0,0,0,0,115,50,352,0,64,8,-1,0,0,0,0,0,0,-1,0,0,0,0,0,0,-1,0,0,0,0,0,0,-1,0,0,0,3,88,152,0,-1,0,0,0,-1,0,0,-1,0,-1,0,-1,0,-1,0,-1,0,-1,0,-1,0,-1,0,-1,0,-1,0,-1,0,-1,0,-1,0,0,0,5530,3,0,3,47
796,300,fd,1,176,80,1,1008,1056,0,2,2,65022,120,1,0,0,7,0,0,0,0,0,1,43,57,0,1,0,0,0,0,0,0,0,0,0,0,-1,0,0,0,0,0,-1,0,0,0,0,0,-1,0,0,0,0,0,0,114,48,336,0,96,8,-1,0,0,0,0,0,0,-1,0,0,0,0,0,0,-1,0,0,0,0,0,0,-1,0,0,0,3,86,152,0,-1,0,0,0,-1,0,0,-1,0,-1,0,-1,0,-1,0,-1,0,-1,0,-1,0,-1,0,-1,0,-1,0,-1,0,-1,0,-1,0,0,0,5529,3,0,3,48
797,301,fd,1,173,80,1,960,1056,0,2,2,65020,120,1,0,0,6,0,0,0,0,0,1,41,57,0,1,0,0,0,0,0,0,0,0,0,0,-1,0,0,0,0,0,-1,0,0,0,0,0,-1,0,0,0,0,0,0,113,46,320,0,128,8,-1,0,0,0,0,0,0,-1,0,0,0,0,0,0,-1,0,0,0,0,0,0,-1,0,0,0,3,84,152,0,-1,0,0,0,-1,0,0,-1,0,-1,0,-1,0,-1,0,-1,0,-1,0,-1,0,-1,0,-1,0,-1,0,-1,0,-1,0,-1,0,0,0,5528,3,0,3,49
798,302,fd,1,170,80,1,912,1056,0,2,2,65018,120,1,0,0,5,0,0,0,0,0,1,39,57,0,1,0,0,0,0,0,0,0,0,0,0,-1,0,0,0,0,0,-1,0,0,0,0,0,-1,0,0,0,0,0,0,112,44,304,0,160,8,-1,0,0,0,0,0,0,-1,0,0,0,0,0,0,-1,0,0,0,0,0,0,-1,0,0,0,3,82,152,0,-1,0,0,0,-1,0,0,-1,0,-1,0,-1,0,-1,0,-1,0,-1,0,-1,0,-1,0,-1,0,-1,0,-1,0,-1,0,-1,0,0,0,5527,3,0,3,50
799,303,fd,1,167,80,1,864,1056,0,2,2,65016,120,1,0,0,4,0,0,0,0,0,1,37,57,0,1,0,0,0,0,0,0,0,0,0,0,-1,0,0,0,0,0,-1,0,0,0,0,0,-1,0,0,0,0,0,0,111,42,288,0,192,8,-1,0,0,0,0,0,0,-1,0,0,0,0,0,0,-1,0,0,0,0,0,0,-1,0,0,0,3,80,152,0,-1,0,0,0,-1,0,0,-1,0,-1,0,-1,0,-1,0,-1,0,-1,0,-1,0,-1,0,-1,0,-1,0,-1,0,-1,0,-1,0,0,0,5526,3,0,3,51
800,304,fd,1,164,80,1,816,1056,0,2,2,65014,120,1,0,0,3,0,0,0,0,0,1,35,57,0,1,0,0,0,0,0,0,0,0,0,0,-1,0,0,0,0,0,-1,0,0,0,0,0,-1,0,0,0,0,0,0,110,40,272,0,224,8,-1,0,0,0,0,0,0,-1,0,0,0,0,0,0,-1,0,0,0,0,0,0,-1,0,0,0,3,78,152,0,-1,0,0,0,-1,0,0,-1,0,-1,0,-1,0,-1,0,-1,0,-1,0,-1,0,-1,0,-1,0,-1,0,-1,0,-1,0,-1,0,0,0,5525,3,0,3,52
801,305,fd,1,161,80,1,768,1056,0,2,2,65012,120,1,0,0,2,0,0,0,0,0,1,33,57,0,1,0,0,0,0,0,0,0,0,0,0,-1,0,0,0,0,0,-1,0,0,0,0,0,-1,0,0,0,0,0,0,109,39,256,0,0,8,-1,0,0,0,0,0,0,-1,0,0,0,0,0,0,-1,0,0,0,0,0,0,-1,0,0,0,3,76,152,0,-1,0,0,0,-1,0,0,-1,0,-1,0,-1,0,-1,0,-1,0,-1,0,-1,0,-1,0,-1,0,-1,0,-1,0,-1,0,-1,0,0,0,5524,3,0,3,53
802,306,fd,1,158,80,1,720,1056,0,2,2,65010,120,1,0,0,1,0,0,0,0,0,1,31,57,0,1,0,0,0,0,0,0,0,0,0,0,-1,0,0,0,0,0,-1,0,0,0,0,0,-1,0,0,0,0,0,0,108,37,240,0,32,8,-1,0,0,0,0,0,0,-1,0,0,0,0,0,0,-1,0,0,0,0,0,0,-1,0,0,0,3,74,152,0,-1,0,0,0,-1,0,0,-1,0,-1,0,-1,0,-1,0,-1,0,-1,0,-1,0,-1,0,-1,0,-1,0,-1,0,-1,0,-1,0,0,0,5523,3,0,3,54
803,307,fd,1,156,80,1,672,1056,0,2,2,65008,120,1,0,0,0,0,0,0,0,0,1,29,57,0,1,0,0,0,0,0,0,0,0,0,0,-1,0,0,0,0,0,-1,0,0,0,0,0,-1,0,0,0,0,0,1,108,35,0,1,64,8,-1,0,0,0,0,0,0,-1,0,0,0,0,0,0,-1,0,0,0,0,0,0,-1,0,0,0,3,72,152,0,-1,0,0,0,-1,0,0,-1,0,-1,0,-1,0,-1,0,-1,0,-1,0,-1,0,-1,0,-1,0,-1,0,-1,0,-1,0,-1,0,0,0,5522,3,0,3,55
804,308,fd,1,154,80,1,624,1056,0,2,2,65006,120,1,0,0,0,0,0,0,0,0,1,27,57,0,1,0,0,0,0,0,0,0,0,0,0,-1,0,0,0,0,0,-1,0,0,0,0,0,-1,0,0,0,0,0,1,108,33,16,1,96,8,-1,0,0,0,0,0,0,-1,0,0,0,0,0,0,-1,0,0,0,0,0,0,-1,0,0,0,3,70,152,0,-1,0,0,0,-1,0,0,-1,0,-1,0,-1,0,-1,0,-1,0,-1,0,-1,0,-1,0,-1,0,-1,0,-1,0,-1,0,-1,0,0,0,5521,3,0,3,56
805,309,fd,1,152,80,1,576,1056,0,2,2,65004,120,1,0,0,0,0,0,0,0,0,1,25,57,0,1,0,0,0,0,0,0,0,0,0,0,-1,0,0,0,0,0,-1,0,0,0,0,0,-1,0,0,0,0,0,1,108,31,32,1,128,8,-1,0,0,0,0,0,0,-1,0,0,0,0,0,0,-1,0,0,0,0,0,0,-1,0,0,0,3,68,152,0,-1,0,0,0,-1,0,0,-1,0,-1,0,-1,0,-1,0,-1,0,-1,0,-1,0,-1,0,-1,0,-1,0,-1,0,-1,0,-1,0,0,0,5520,3,0,3,57
806,310,fd,1,150,80,1,528,1056,0,2,2,65002,120,1,0,0,0,0,0,0,0,0,1,23,57,0,1,0,0,0,0,0,0,0,0,0,0,-1,0,0,0,0,0,-1,0,0,0,0,0,-1,0,0,0,0,0,1,108,29,48,1,160,8,-1,0,0,0,0,0,0,-1,0,0,0,0,0,0,-1,0,0,0,0,0,0,-1,0,0,0,3,66,152,0,-1,0,0,0,-1,0,0,-1,0,-1,0,-1,0,-1,0,-1,0,-1,0,-1,0,-1,0,-1,0,-1,0,-1,0,-1,0,-1,0,0,0,5519,3,0,3,58
807,311,fd,1,148,80,1,480,1056,0,2,2,65000,120,1,0,0,0,0,0,0,0,0,1,21,57,0,1,0,0,0,0,0,0,0,0,0,0,-1,0,0,0,0,0,-1,0,0,0,0,0,-1,0,0,0,0,0,1,108,27,64,1,192,8,-1,0,0,0,0,0,0,-1,0,0,0,0,0,0,-1,0,0,0,0,0,0,-1,0,0,0,3,64,152,0,-1,0,0,0,-1,0,0,-1,0,-1,0,-1,0,-1,0,-1,0,-1,0,-1,0,-1,0,-1,0,-1,0,-1,0,-1,0,-1,0,0,0,5518,3,0,3,59
808,312,fd,1,147,80,1,432,1056,0,2,2,64998,120,1,0,0,0,0,0,0,0,0,1,19,57,0,1,0,0,0,0,0,0,0,0,0,0,-1,0,0,0,0,0,-1,0,0,0,0,0,-1,0,0,0,0,0,1,108,25,80,1,224,8,-1,0,0,0,0,0,0,-1,0,0,0,0,0,0,-1,0,0,0,0,0,0,-1,0,0,0,3,62,152,0,-1,0,0,0,-1,0,0,-1,0,-1,0,-1,0,-1,0,-1,0,-1,0,-1,0,-1,0,-1,0,-1,0,-1,0,-1,0,-1,0,0,0,5517,3,0,3,60
809,313,fd,1,146,80,1,384,1056,0,2,2,64996,120,1,0,0,0,0,0,0,0,0,1,17,57,0,1,0,0,0,0,0,0,0,0,0,0,-1,0,0,0,0,0,-1,0,0,0,0,0,-1,0,0,0,0,0,1,108,24,96,1,0,8,-1,0,0,0,0,0,0,-1,0,0,0,0,0,0,-1,0,0,0,0,0,0,-1,0,0,0,3,60,152,0,-1,0,0,0,-1,0,0,-1,0,-1,0,-1,0,-1,0,-1,0,-1,0,-1,0,-1,0,-1,0,-1,0,-1,0,-1,0,-1,0,0,0,5516,3,0,3,61
810,314,fd,1,145,80,1,336,1056,0,2,2,64994,120,1,0,0,0,0,0,0,0,0,1,15,57,0,1,0,0,0,0,0,0,0,0,0,0,-1,0,0,0,0,0,-1,0,0,0,0,0,-1,0,0,0,0,0,1,108,22,112,1,32,8,-1,0,0,0,0,0,0,-1,0,0,0,0,0,0,-1,0,0,0,0,0,0,-1,0,0,0,3,58,152,0,-1,0,0,0,-1,0,0,-1,0,-1,0,-1,0,-1,0,-1,0,-1,0,-1,0,-1,0,-1,0,-1,0,-1,0,-1,0,-1,0,0,0,5515,3,0,3,62
811,315,fd,1,144,80,1,288,1056,0,2,2,64992,120,1,0,0,0,0,0,0,0,0,1,13,57,0,1,0,0,0,0,0,0,0,0,0,0,-1,0,0,0,0,0,-1,0,0,0,0,0,-1,0,0,0,0,0,1,108,20,128,1,64,8,-1,0,0,0,0,0,0,-1,0,0,0,0,0,0,-1,0,0,0,0,0,0,-1,0,0,0,3,56,152,0,-1,0,0,0,-1,0,0,-1,0,-1,0,-1,0,-1,0,-1,0,-1,0,-1,0,-1,0,-1,0,-1,0,-1,0,-1,0,-1,0,0,0,5514,3,0,3,63
812,316,fd,1,143,80,1,240,1056,0,2,2,64990,120,1,0,0,0,0,0,0,0,0,1,11,57,0,1,0,0,0,0,0,0,0,0,0,0,-1,0,0,0,0,0,-1,0,0,0,0,0,-1,0,0,0,0,0,1,108,18,144,1,96,8,-1,0,0,0,0,0,0,-1,0,0,0,0,0,0,-1,0,0,0,0,0,0,-1,0,0,0,3,54,152,0,-1,0,0,0,-1,0,0,-1,0,-1,0,-1,0,-1,0,-1,0,-1,0,-1,0,-1,0,-1,0,-1,0,-1,0,-1,0,-1,0,0,0,5513,3,0,3,64
813,317,fd,1,143,80,1,192,1056,0,2,2,64988,120,1,0,0,0,0,0,0,0,0,1,9,57,0,1,0,0,0,0,0,0,0,0,0,0,-1,0,0,0,0,0,-1,0,0,0,0,0,-1,0,0,0,0,0,1,108,16,160,1,128,8,-1,0,0,0,0,0,0,-1,0,0,0,0,0,0,-1,0,0,0,0,0,0,-1,0,0,0,3,52,152,0,-1,0,0,0,-1,0,0,-1,0,-1,0,-1,0,-1,0,-1,0,-1,0,-1,0,-1,0,-1,0,-1,0,-1,0,-1,0,-1,0,0,0,5512,3,0,3,65
814,318,fd,1,143,80,1,144,1056,0,2,2,64986,120,1,0,0,0,0,0,0,0,0,1,7,57,0,1,0,0,0,0,0,0,0,0,0,0,-1,0,0,0,0,0,-1,0,0,0,0,0,-1,0,0,0,0,0,1,108,14,176,1,160,8,-1,0,0,0,0,0,0,-1,0,0,0,0,0,0,-1,0,0,0,0,0,0,-1,0,0,0,3,50,152,0,-1,0,0,0,-1,0,0,-1,0,-1,0,-1,0,-1,0,-1,0,-1,0,-1,0,-1,0,-1,0,-1,0,-1,0,-1,0,-1,0,0,0,5511,3,0,3,66
815,319,fd,1,143,80,1,96,1056,0,2,2,64984,120,1,0,0,0,0,0,0,0,0,1,5,57,0,1,0,0,0,0,0,0,0,0,0,0,-1,0,0,0,0,0,-1,0,0,0,0,0,-1,0,0,0,0,0,1,108,12,192,1,192,8,-1,0,0,0,0,0,0,-1,0,0,0,0,0,0,-1,0,0,0,0,0,0,-1,0,0,0,3,48,152,0,-1,0,0,0,-1,0,0,-1,0,-1,0,-1,0,-1,0,-1,0,-1,0,-1,0,-1,0,-1,0,-1,0,-1,0,-1,0,-1,0,0,0,5510,3,0,3,67
816,320,fd,1,143,80,1,48,1056,0,2,2,64982,120,1,0,0,0,0,0,0,0,0,1,3,57,0,1,0,0,0,0,0,0,0,0,0,0,-1,0,0,0,0,0,-1,0,0,0,0,0,-1,0,0,0,0,0,1,108,10,208,1,224,8,-1,0,0,0,0,0,0,-1,0,0,0,0,0,0,-1,0,0,0,0,0,0,-1,0,0,0,3,46,152,0,-1,0,0,0,-1,0,0,-1,0,-1,0,-1,0,-1,0,-1,0,-1,0,-1,0,-1,0,-1,0,-1,0,-1,0,-1,0,-1,0,0,0,5509,3,0,3,68
817,321,fd,1,143,80,2,0,1056,0,2,2,64980,120,1,0,0,0,0,0,0,0,0,1,1,57,0,1,0,0,0,0,0,0,0,0,0,0,-1,0,0,0,0,0,-1,0,0,0,0,0,-1,0,0,0,0,0,1,108,9,224,1,0,8,-1,0,0,0,0,0,0,-1,0,0,0,0,0,0,-1,0,0,0,0,0,0,-1,0,0,0,3,44,152,0,-1,0,0,0,-1,0,0,-1,0,-1,0,-1,0,-1,0,-1,0,-1,0,-1,0,-1,0,-1,0,-1,0,-1,0,-1,0,-1,0,0,0,5508,3,0,3,69
818,322,fd,1,143,80,2,48,1056,0,2,2,64978,120,1,0,0,0,0,0,0,0,0,1,255,57,0,1,0,0,0,0,0,0,0,0,0,0,-1,0,0,0,0,0,-1,0,0,0,0,0,-1,0,0,0,0,0,1,108,7,240,1,32,8,-1,0,0,0,0,0,0,-1,0,0,0,0,0,0,-1,0,0,0,0,0,0,-1,0,0,0,3,42,152,0,-1,0,0,0,-1,0,0,-1,0,-1,0,-1,0,-1,0,-1,0,-1,0,-1,0,-1,0,-1,0,-1,0,-1,0,-1,0,-1,0,0,0,5507,3,0,3,70
819,323,fd,1,143,80,2,96,1056,0,2,2,64976,120,1,0,0,0,0,0,0,0,0,1,253,57,0,1,0,0,0,0,0,0,0,0,0,0,-1,0,0,0,0,0,-1,0,0,0,0,0,-1,0,0,0,0,0,1,108,5,256,1,64,8,-1,0,0,0,0,0,0,-1,0,0,0,0,0,0,-1,0,0,0,0,0,0,-1,0,0,0,3,40,152,0,-1,0,0,0,-1,0,0,-1,0,-1,0,-1,0,-1,0,-1,0,-1,0,-1,0,-1,0,-1,0,-1,0,-1,0,-1,0,-1,0,0,0,5506,3,0,3,71
820,324,fd,1,143,80,2,144,1056,0,2,2,64974,120,1,0,0,0,0,0,0,0,0,1,251,57,0,1,0,0,0,0,0,0,0,0,0,0,-1,0,0,0,0,0,-1,0,0,0,0,0,-1,0,0,0,0,0,1,109,3,272,1,96,8,-1,0,0,0,0,0,0,-1,0,0,0,0,0,0,-1,0,0,0,0,0,0,-1,0,0,0,3,38,152,0,-1,0,0,0,-1,0,0,-1,0,-1,0,-1,0,-1,0,-1,0,-1,0,-1,0,-1,0,-1,0,-1,0,-1,0,-1,0,-1,0,0,0,5505,3,0,3,72
821,325,fd,1,143,80,2,192,1056,0,2,2,64972,120,1,0,0,0,0,0,0,0,0,1,249,57,0,1,0,0,0,0,0,0,0,0,0,0,-1,0,0,0,0,0,-1,0,0,0,0,0,-1,0,0,0,0,0,1,110,1,288,1,128,8,-1,0,0,0,0,0,0,-1,0,0,0,0,0,0,-1,0,0,0,0,0,0,-1,0,0,0,3,36,152,0,-1,0,0,0,-1,0,0,-1,0,-1,0,-1,0,-1,0,-1,0,-1,0,-1,0,-1,0,-1,0,-1,0,-1,0,-1,0,-1,0,0,0,5504,3,0,3,73
822,326,fd,1,143,80,2,240,1056,0,2,2,64970,120,1,0,0,0,0,0,0,0,0,1,247,57,0,1,0,0,0,0,0,0,0,0,0,0,-1,0,0,0,0,0,-1,0,0,0,0,0,-1,0,0,0,0,0,1,111,255,304,1,160,8,-1,0,0,0,0,0,0,-1,0,0,0,0,0,0,-1,0,0,0,0,0,0,-1,0,0,0,3,34,152,0,-1,0,0,0,-1,0,0,-1,0,-1,0,-1,0,-1,0,-1,0,-1,0,-1,0,-1,0,-1,0,-1,0,-1,0,-1,0,-1,0,0,0,5503,3,0,3,74
823,327,fd,1,143,80,2,288,1056,0,2,2,64968,120,1,0,0,0,0,0,0,0,0,1,245,57,0,1,0,0,0,0,0,0,0,0,0,0,-1,0,0,0,0,0,-1,0,0,0,0,0,-1,0,0,0,0,0,1,112,253,320,1,192,8,-1,0,0,0,0,0,0,-1,0,0,0,0,0,0,-1,0,0,0,0,0,0,-1,0,0,0,3,32,152,0,-1,0,0,0,-1,0,0,-1,0,-1,0,-1,0,-1,0,-1,0,-1,0,-1,0,-1,0,-1,0,-1,0,-1,0,-1,0,-1,0,0,0,5502,3,0,3,75
824,328,fd,1,144,80,2,336,1056,0,2,2,64966,120,1,0,0,0,0,0,0,0,0,1,243,57,0,1,0,0,0,0,0,0,0,0,0,0,-1,0,0,0,0,0,-1,0,0,0,0,0,-1,0,0,0,0,0,1,113,251,336,1,224,8,-1,0,0,0,0,0,0,-1,0,0,0,0,0,0,-1,0,0,0,0,0,0,-1,0,0,0,3,30,152,0,-1,0,0,0,-1,0,0,-1,0,-1,0,-1,0,-1,0,-1,0,-1,0,-1,0,-1,0,-1,0,-1,0,-1,0,-1,0,-1,0,0,0,5501,3,0,3,76
825,329,fd,1,145,80,2,384,1056,0,2,2,64964,120,1,0,0,0,0,0,0,0,0,0,0,0,0,0,0,0,0,0,0,0,0,0,0,0,-1,0,0,0,0,0,-1,0,0,0,0,0,-1,0,0,0,0,0,-1,0,0,0,0,0,0,-1,0,0,0,0,0,0,-1,0,0,0,0,0,0,-1,0,0,0,0,0,0,-1,0,0,0,3,28,152,0,-1,0,0,0,-1,0,0,-1,0,-1,0,-1,0,-1,0,-1,0,-1,0,-1,0,-1,0,-1,0,-1,0,-1,0,-1,0,-1,0,0,0,5500,3,0,3,77
826,330,fd,1,146,80,2,432,1056,0,2,2,64962,120,1,0,0,0,1,239,56,1,1,0,0,0,0,0,0,0,0,0,0,0,0,0,0,0,-1,0,0,0,0,0,-1,0,0,0,0,0,-1,0,0,0,0,0,-1,0,0,0,0,0,0,-1,0,0,0,0,0,0,-1,0,0,0,0,0,0,-1,0,0,0,0,0,0,-1,0,0,0,3,26,152,0,-1,0,0,0,-1,0,0,-1,0,-1,0,-1,0,-1,0,-1,0,-1,0,-1,0,-1,0,-1,0,-1,0,-1,0,-1,0,-1,0,0,0,5499,3,0,3,78
827,331,fd,1,147,80,2,480,1056,0,2,2,64960,120,1,0,0,0,1,237,55,1,1,0,0,0,0,0,0,0,0,0,0,0,0,0,0,0,-1,0,0,0,0,0,-1,0,0,0,0,0,-1,0,0,0,0,0,-1,0,0,0,0,0,0,-1,0,0,0,0,0,0,-1,0,0,0,0,0,0,-1,0,0,0,0,0,0,-1,0,0,0,3,24,152,0,-1,0,0,0,-1,0,0,-1,0,-1,0,-1,0,-1,0,-1,0,-1,0,-1,0,-1,0,-1,0,-1,0,-1,0,-1,0,-1,0,0,0,5498,3,0,3,79
828,332,fd,1,148,80,2,528,1056,0,2,2,64958,120,1,0,0,0,1,235,54,1,1,0,0,0,0,0,0,0,0,0,0,0,0,0,0,0,-1,0,0,0,0,0,-1,0,0,0,0,0,-1,0,0,0,0,0,-1,0,0,0,0,0,0,-1,0,0,0,0,0,0,-1,0,0,0,0,0,0,-1,0,0,0,0,0,0,-1,0,0,0,3,22,152,0,-1,0,0,0,-1,0,0,-1,0,-1,0,-1,0,-1,0,-1,0,-1,0,-1,0,-1,0,-1,0,-1,0,-1,0,-1,0,-1,0,0,0,5497,3,0,3,80
829,333,fd,1,150,80,2,576,1056,0,2,2,64956,120,1,0,0,0,1,233,53,1,1,0,0,0,0,0,0,0,0,0,0,0,0,0,0,0,-1,0,0,0,0,0,-1,0,0,0,0,0,-1,0,0,0,0,0,-1,0,0,0,0,0,0,-1,0,0,0,0,0,0,-1,0,0,0,0,0,0,-1,0,0,0,0,0,0,-1,0,0,0,3,20,152,0,-1,0,0,0,-1,0,0,-1,0,-1,0,-1,0,-1,0,-1,0,-1,0,-1,0,-1,0,-1,0,-1,0,-1,0,-1,0,-1,0,0,0,5496,3,0,3,81
830,334,fd,1,152,80,2,624,1056,0,2,2,64954,120,1,0,0,0,1,231,52,1,1,0,0,0,0,0,0,0,0,0,0,0,0,0,0,0,-1,0,0,0,0,0,-1,0,0,0,0,0,-1,0,0,0,0,0,-1,0,0,0,0,0,0,-1,0,0,0,0,0,0,-1,0,0,0,0,0,0,-1,0,0,0,0,0,0,-1,0,0,0,3,18,152,0,-1,0,0,0,-1,0,0,-1,0,-1,0,-1,0,-1,0,-1,0,-1,0,-1,0,-1,0,-1,0,-1,0,-1,0,-1,0,-1,0,0,0,5495,3,0,3,82
831,335,fd,1,154,80,2,672,1056,0,2,2,64952,120,1,0,0,0,1,229,51,1,1,0,0,0,0,0,0,0,0,0,0,0,0,0,0,0,-1,0,0,0,0,0,-1,0,0,0,0,0,-1,0,0,0,0,0,-1,0,0,0,0,0,0,-1,0,0,0,0,0,0,-1,0,0,0,0,0,0,-1,0,0,0,0,0,0,-1,0,0,0,3,16,152,0,-1,0,0,0,-1,0,0,-1,0,-1,0,-1,0,-1,0,-1,0,-1,0,-1,0,-1,0,-1,0,-1,0,-1,0,-1,0,-1,0,0,0,5494,3,0,3,83
832,336,fd,1,156,80,2,720,1056,0,2,2,64950,120,1,0,0,0,1,227,50,1,1,0,0,0,0,0,0,0,0,0,0,0,0,0,0,0,-1,0,0,0,0,0,-1,0,0,0,0,0,-1,0,0,0,0,0,-1,0,0,0,0,0,0,-1,0,0,0,0,0,0,-1,0,0,0,0,0,0,-1,0,0,0,0,0,0,-1,0,0,0,3,14,152,0,-1,0,0,0,-1,0,0,-1,0,-1,0,-1,0,-1,0,-1,0,-1,0,-1,0,-1,0,-1,0,-1,0,-1,0,-1,0,-1,0,0,0,5493,3,0,3,84
833,337,fd,1,158,80,2,768,1056,0,2,2,64948,120,1,0,0,0,1,225,49,1,1,0,0,0,0,0,0,0,0,0,0,0,0,0,0,0,-1,0,0,0,0,0,-1,0,0,0,0,0,-1,0,0,0,0,0,-1,0,0,0,0,0,0,-1,0,0,0,0,0,0,-1,0,0,0,0,0,0,-1,0,0,0,0,0,0,-1,0,0,0,3,12,152,0,-1,0,0,0,-1,0,0,-1,0,-1,0,-1,0,-1,0,-1,0,-1,0,-1,0,-1,0,-1,0,-1,0,-1,0,-1,0,-1,0,0,0,5492,3,0,3,85
834,338,fd,1,161,80,2,816,1056,0,2,2,64946,120,1,0,0,0,1,223,48,1,1,0,0,0,0,0,0,0,0,0,0,0,0,0,0,0,-1,0,0,0,0,0,-1,0,0,0,0,0,-1,0,0,0,0,0,-1,0,0,0,0,0,0,-1,0,0,0,0,0,0,-1,0,0,0,0,0,0,-1,0,0,0,0,0,0,-1,0,0,0,3,10,152,0,-1,0,0,0,-1,0,0,-1,0,-1,0,-1,0,-1,0,-1,0,-1,0,-1,0,-1,0,-1,0,-1,0,-1,0,-1,0,-1,0,0,0,5491,3,0,3,86
835,339,fd,1,164,80,2,864,1056,0,2,2,64944,120,1,0,0,0,1,221,47,1,1,0,0,0,0,0,0,0,0,0,0,0,0,0,0,0,-1,0,0,0,0,0,-1,0,0,0,0,0,-1,0,0,0,0,0,-1,0,0,0,0,0,0,-1,0,0,0,0,0,0,-1,0,0,0,0,0,0,-1,0,0,0,0,0,0,-1,0,0,0,3,8,152,0,-1,0,0,0,-1,0,0,-1,0,-1,0,-1,0,-1,0,-1,0,-1,0,-1,0,-1,0,-1,0,-1,0,-1,0,-1,0,-1,0,0,0,5490,3,0,3,87
836,340,fd,1,167,80,2,912,1056,0,2,2,64942,120,1,0,0,0,1,219,46,1,1,0,0,0,0,0,0,0,0,0,0,0,0,0,0,0,-1,0,0,0,0,0,-1,0,0,0,0,0,-1,0,0,0,0,0,-1,0,0,0,0,0,0,-1,0,0,0,0,0,0,-1,0,0,0,0,0,0,-1,0,0,0,0,0,0,-1,0,0,0,3,6,152,0,-1,0,0,0,-1,0,0,-1,0,-1,0,-1,0,-1,0,-1,0,-1,0,-1,0,-1,0,-1,0,-1,0,-1,0,-1,0,-1,0,0,0,5489,3,0,3,88
837,341,fd,1,170,80,2,960,1056,0,2,2,64940,120,1,0,0,0,1,217,45,1,1,0,0,0,0,0,0,0,0,0,0,0,0,0,0,0,-1,0,0,0,0,0,-1,0,0,0,0,0,-1,0,0,0,0,0,-1,0,0,0,0,0,0,-1,0,0,0,0,0,0,-1,0,0,0,0,0,0,-1,0,0,0,0,0,0,-1,0,0,0,3,4,152,0,-1,0,0,0,-1,0,0,-1,0,-1,0,-1,0,-1,0,-1,0,-1,0,-1,0,-1,0,-1,0,-1,0,-1,0,-1,0,-1,0,0,0,5488,3,0,3,89
838,342,fd,1,173,80,2,1008,1056,0,2,2,64938,120,1,0,0,0,1,215,44,1,1,0,0,0,0,0,0,0,0,0,0,0,0,0,0,0,-1,0,0,0,0,0,-1,0,0,0,0,0,-1,0,0,0,0,0,-1,0,0,0,0,0,0,-1,0,0,0,0,0,0,-1,0,0,0,0,0,0,-1,0,0,0,0,0,0,-1,0,0,0,3,2,152,0,-1,0,0,0,-1,0,0,-1,0,-1,0,-1,0,-1,0,-1,0,-1,0,-1,0,-1,0,-1,0,-1,0,-1,0,-1,0,-1,0,0,0,5487,3,0,3,90
839,343,fd,1,180,80,1,1056,1056,0,2,2,64936,140,1,0,0,8,1,213,43,1,1,0,0,0,0,0,0,0,0,0,0,0,0,0,0,0,-1,0,0,0,0,0,-1,0,0,0,0,0,-1,0,0,0,0,0,-1,0,0,0,0,0,0,-1,0,0,0,0,0,0,-1,0,0,0,0,0,0,-1,0,0,0,0,0,0,-1,0,0,0,3,0,152,0,-1,0,0,0,-1,0,0,-1,0,-1,0,-1,0,-1,0,-1,0,-1,0,-1,0,-1,0,-1,0,-1,0,-1,0,-1,0,-1,0,0,0,5486,3,0,3,91
840,344,fd,1,176,80,1,1008,1056,0,2,2,64934,140,1,0,0,7,1,211,42,1,1,0,0,0,0,0,0,0,0,0,0,0,0,0,0,0,-1,0,0,0,0,0,-1,0,0,0,0,0,-1,0,0,0,0,0,-1,0,0,0,0,0,0,-1,0,0,0,0,0,0,-1,0,0,0,0,0,0,-1,0,0,0,0,0,0,-1,0,0,0,3,254,152,0,-1,0,0,0,-1,0,0,-1,0,-1,0,-1,0,-1,0,-1,0,-1,0,-1,0,-1,0,-1,0,-1,0,-1,0,-1,0,-1,0,0,0,5485,3,0,3,92
841,345,fd,1,173,80,1,960,1056,0,2,2,64932,140,1,0,0,6,1,209,41,1,1,0,0,0,0,0,0,0,0,0,0,0,0,0,0,0,-1,0,0,0,0,0,-1,0,0,0,0,0,-1,0,0,0,0,0,-1,0,0,0,0,0,0,-1,0,0,0,0,0,0,-1,0,0,0,0,0,0,-1,0,0,0,0,0,0,-1,0,0,0,3,252,152,0,-1,0,0,0,-1,0,0,-1,0,-1,0,-1,0,-1,0,-1,0,-1,0,-1,0,-1,0,-1,0,-1,0,-1,0,-1,0,-1,0,0,0,5484,3,0,3,93
842,346,fd,1,170,80,1,912,1056,0,2,2,64930,140,1,0,0,5,1,207,40,1,1,0,0,0,0,0,0,0,0,0,0,0,0,0,0,0,-1,0,0,0,0,0,-1,0,0,0,0,0,-1,0,0,0,0,0,-1,0,0,0,0,0,0,-1,0,0,0,0,0,0,-1,0,0,0,0,0,0,-1,0,0,0,0,0,0,-1,0,0,0,3,250,152,0,-1,0,0,0,-1,0,0,-1,0,-1,0,-1,0,-1,0,-1,0,-1,0,-1,0,-1,0,-1,0,-1,0,-1,0,-1,0,-1,0,0,0,5483,3,0,3,94
843,347,fd,1,167,80,1,864,1056,0,2,2,64928,140,1,0,0,4,1,205,39,1,1,0,0,0,0,0,0,0,0,0,0,0,0,0,0,0,-1,0,0,0,0,0,-1,0,0,0,0,0,-1,0,0,0,0,0,-1,0,0,0,0,0,0,-1,0,0,0,0,0,0,-1,0,0,0,0,0,0,-1,0,0,0,0,0,0,-1,0,0,0,3,248,152,0,-1,0,0,0,-1,0,0,-1,0,-1,0,-1,0,-1,0,-1,0,-1,0,-1,0,-1,0,-1,0,-1,0,-1,0,-1,0,-1,0,0,0,5482,3,0,3,95
844,348,fd,1,164,80,1,816,1056,0,2,2,64926,140,1,0,0,3,1,203,38,1,1,0,0,0,0,0,0,0,0,0,0,0,0,0,0,0,-1,0,0,0,0,0,-1,0,0,0,0,0,-1,0,0,0,0,0,-1,0,0,0,0,0,0,-1,0,0,0,0,0,0,-1,0,0,0,0,0,0,-1,0,0,0,0,0,0,-1,0,0,0,3,246,152,0,-1,0,0,0,-1,0,0,-1,0,-1,0,-1,0,-1,0,-1,0,-1,0,-1,0,-1,0,-1,0,-1,0,-1,0,-1,0,-1,0,0,0,5481,3,0,3,96
845,349,fd,1,161,80,1,768,1056,0,2,2,64924,140,2,0,0,2,1,201,37,1,1,0,0,0,0,0,0,0,0,0,0,0,0,0,0,0,-1,0,0,0,0,0,-1,0,0,0,0,0,-1,0,0,0,0,0,-1,0,0,0,0,0,0,-1,0,0,0,0,0,0,-1,0,0,0,0,0,0,-1,0,0,0,0,0,0,-1,0,0,0,-1,0,0,0,-1,0,0,0,-1,0,0,-1,0,-1,0,-1,0,-1,0,-1,0,-1,0,-1,0,-1,0,-1,0,-1,0,-1,0,-1,0,-1,0,0,0,5480,3,0,3,97
846,350,fd,1,158,80,1,720,1056,0,2,2,64922,140,2,0,0,1,1,199,36,1,1,0,0,0,0,0,0,0,0,0,0,0,0,0,0,0,-1,0,0,0,0,0,-1,0,0,0,0,0,-1,0,0,0,0,0,-1,0,0,0,0,0,0,-1,0,0,0,0,0,0,-1,0,0,0,0,0,0,-1,0,0,0,0,0,0,-1,0,0,0,-1,0,0,0,-1,0,0,0,-1,0,0,-1,0,-1,0,-1,0,-1,0,-1,0,-1,0,-1,0,-1,0,-1,0,-1,0,-1,0,-1,0,-1,0,0,0,5479,3,0,3,98
847,351,fd,1,156,80,1,672,1056,0,2,2,64920,140,2,0,0,0,1,197,35,1,1,0,0,0,0,0,0,0,0,0,0,0,0,0,0,0,-1,0,0,0,0,0,-1,0,0,0,0,0,-1,0,0,0,0,0,-1,0,0,0,0,0,0,-1,0,0,0,0,0,0,-1,0,0,0,0,0,0,-1,0,0,0,0,0,0,3,240,152,0,-1,0,0,0,-1,0,0,0,-1,0,0,-1,0,-1,0,-1,0,-1,0,-1,0,-1,0,-1,0,-1,0,-1,0,-1,0,-1,0,-1,0,-1,0,0,0,5478,3,0,3,99
848,352,fd,1,154,80,1,624,1056,0,2,2,64918,140,2,0,0,0,1,195,34,1,1,0,0,0,0,0,0,0,0,0,0,0,0,0,0,0,-1,0,0,0,0,0,-1,0,0,0,0,0,-1,0,0,0,0,0,-1,0,0,0,0,0,0,-1,0,0,0,0,0,0,-1,0,0,0,0,0,0,-1,0,0,0,0,0,0,3,238,152,0,-1,0,0,0,-1,0,0,0,-1,0,0,-1,0,-1,0,-1,0,-1,0,-1,0,-1,0,-1,0,-1,0,-1,0,-1,0,-1,0,-1,0,-1,0,0,0,5477,3,0,3,100
849,353,fd,1,152,80,1,576,1056,0,2,2,64916,140,2,0,0,0,1,193,33,1,1,0,0,0,0,0,0,0,0,0,0,0,0,0,0,0,-1,0,0,0,0,0,-1,0,0,0,0,0,-1,0,0,0,0,0,-1,0,0,0,0,0,0,-1,0,0,0,0,0,0,-1,0,0,0,0,0,0,-1,0,0,0,0,0,0,3,236,152,0,-1,0,0,0,-1,0,0,0,-1,0,0,-1,0,-1,0,-1,0,-1,0,-1,0,-1,0,-1,0,-1,0,-1,0,-1,0,-1,0,-1,0,-1,0,0,0,5476,3,0,3,101
850,354,fd,1,150,80,1,528,1056,0,2,2,64914,140,2,0,0,0,1,191,32,1,1,0,0,0,0,0,0,0,0,0,0,0,0,0,0,0,-1,0,0,0,0,0,-1,0,0,0,0,0,-1,0,0,0,0,0,-1,0,0,0,0,0,0,-1,0,0,0,0,0,0,-1,0,0,0,0,0,0,-1,0,0,0,0,0,0,3,234,152,0,-1,0,0,0,-1,0,0,0,-1,0,0,-1,0,-1,0,-1,0,-1,0,-1,0,-1,0,-1,0,-1,0,-1,0,-1,0,-1,0,-1,0,-1,0,0,0,5475,3,0,3,102
851,355,fd,1,148,80,1,480,1056,0,2,2,64912,140,2,0,0,0,1,189,31,1,1,0,0,0,0,0,0,0,0,0,0,0,0,0,0,0,-1,0,0,0,0,0,-1,0,0,0,0,0,-1,0,0,0,0,0,-1,0,0,0,0,0,0,-1,0,0,0,0,0,0,-1,0,0,0,0,0,0,-1,0,0,0,0,0,0,3,232,152,0,-1,0,0,0,-1,0,0,0,-1,0,0,-1,0,-1,0,-1,0,-1,0,-1,0,-1,0,-1,0,-1,0,-1,0,-1,0,-1,0,-1,0,-1,0,0,0,5474,3,0,3,103
852,356,fd,1,147,80,1,432,1056,0,2,2,64910,140,2,0,0,0,1,187,30,1,1,0,0,0,0,0,0,0,0,0,0,0,0,0,0,0,-1,0,0,0,0,0,-1,0,0,0,0,0,-1,0,0,0,0,0,-1,0,0,0,0,0,0,-1,0,0,0,0,0,0,-1,0,0,0,0,0,0,-1,0,0,0,0,0,0,3,230,152,0,-1,0,0,0,-1,0,0,0,-1,0,0,-1,0,-1,0,-1,0,-1,0,-1,0,-1,0,-1,0,-1,0,-1,0,-1,0,-1,0,-1,0,-1,0,0,0,5473,3,0,3,104
853,357,fd,1,146,80,1,384,1056,0,2,2,64908,140,2,0,0,0,1,185,29,1,1,0,0,0,0,0,0,0,0,0,0,0,0,0,0,0,-1,0,0,0,0,0,-1,0,0,0,0,0,-1,0,0,0,0,0,-1,0,0,0,0,0,0,-1,0,0,0,0,0,0,-1,0,0,0,0,0,0,-1,0,0,0,0,0,0,3,228,152,0,-1,0,0,0,-1,0,0,0,-1,0,0,-1,0,-1,0,-1,0,-1,0,-1,0,-1,0,-1,0,-1,0,-1,0,-1,0,-1,0,-1,0,-1,0,0,0,5472,3,0,3,105
854,358,fd,1,145,80,1,336,1056,0,2,2,64906,140,2,0,0,0,1,183,28,1,1,0,0,0,0,0,0,0,0,0,0,0,0,0,0,0,-1,0,0,0,0,0,-1,0,0,0,0,0,-1,0,0,0,0,0,-1,0,0,0,0,0,0,-1,0,0,0,0,0,0,-1,0,0,0,0,0,0,-1,0,0,0,0,0,0,3,226,152,0,-1,0,0,0,-1,0,0,0,-1,0,0,-1,0,-1,0,-1,0,-1,0,-1,0,-1,0,-1,0,-1,0,-1,0,-1,0,-1,0,-1,0,-1,0,0,0,5471,3,0,3,106
855,359,fd,1,144,80,1,288,1056,0,2,2,64904,140,2,0,0,0,1,181,27,1,1,0,0,0,0,0,0,0,0,0,0,0,0,0,0,0,-1,0,0,0,0,0,-1,0,0,0,0,0,-1,0,0,0,0,0,-1,0,0,0,0,0,0,-1,0,0,0,0,0,0,-1,0,0,0,0,0,0,-1,0,0,0,0,0,0,3,224,152,0,-1,0,0,0,-1,0,0,0,-1,0,0,-1,0,-1,0,-1,0,-1,0,-1,0,-1,0,-1,0,-1,0,-1,0,-1,0,-1,0,-1,0,-1,0,0,0,5470,3,0,3,107
856,360,fd,1,143,80,1,240,1056,0,2,2,64902,140,2,0,0,0,1,179,26,1,1,0,0,0,0,0,0,0,0,0,0,0,0,0,0,0,-1,0,0,0,0,0,-1,0,0,0,0,0,-1,0,0,0,0,0,-1,0,0,0,0,0,0,-1,0,0,0,0,0,0,-1,0,0,0,0,0,0,-1,0,0,0,0,0,0,3,222,152,0,-1,0,0,0,-1,0,0,0,-1,0,0,-1,0,-1,0,-1,0,-1,0,-1,0,-1,0,-1,0,-1,0,-1,0,-1,0,-1,0,-1,0,-1,0,0,0,5469,3,0,3,108
857,361,fd,1,143,80,1,192,1056,0,2,2,64900,140,2,0,0,0,1,177,25,1,1,0,0,0,0,0,0,0,0,0,0,0,0,0,0,0,-1,0,0,0,0,0,-1,0,0,0,0,0,-1,0,0,0,0,0,-1,0,0,0,0,0,0,-1,0,0,0,0,0,0,-1,0,0,0,0,0,0,-1,0,0,0,0,0,0,3,220,152,0,-1,0,0,0,-1,0,0,0,-1,0,0,-1,0,-1,0,-1,0,-1,0,-1,0,-1,0,-1,0,-1,0,-1,0,-1,0,-1,0,-1,0,-1,0,0,0,5468,3,0,3,109
858,362,fd,1,143,80,1,144,1056,0,2,2,64898,140,2,0,0,0,1,175,24,1,1,0,0,0,0,0,0,0,0,0,0,0,0,0,0,0,-1,0,0,0,0,0,-1,0,0,0,0,0,-1,0,0,0,0,0,-1,0,0,0,0,0,0,-1,0,0,0,0,0,0,-1,0,0,0,0,0,0,-1,0,0,0,0,0,0,3,218,152,0,-1,0,0,0,-1,0,0,0,-1,0,0,-1,0,-1,0,-1,0,-1,0,-1,0,-1,0,-1,0,-1,0,-1,0,-1,0,-1,0,-1,0,-1,0,0,0,5467,3,0,3,110
859,363,fd,1,143,80,1,96,1056,0,2,2,64896,140,2,0,0,0,1,173,23,1,1,0,0,0,0,0,0,0,0,0,0,0,0,0,0,0,-1,0,0,0,0,0,-1,0,0,0,0,0,-1,0,0,0,0,0,-1,0,0,0,0,0,0,-1,0,0,0,0,0,0,-1,0,0,0,0,0,0,-1,0,0,0,0,0,0,3,216,152,0,-1,0,0,0,-1,0,0,0,-1,0,0,-1,0,-1,0,-1,0,-1,0,-1,0,-1,0,-1,0,-1,0,-1,0,-1,0,-1,0,-1,0,-1,0,0,0,5466,3,0,3,111
860,364,fd,1,143,80,1,48,1056,0,2,2,64894,140,2,0,0,0,1,171,22,1,1,0,0,0,0,0,0,0,0,0,0,0,0,0,0,0,-1,0,0,0,0,0,-1,0,0,0,0,0,-1,0,0,0,0,0,-1,0,0,0,0,0,0,-1,0,0,0,0,0,0,-1,0,0,0,0,0,0,-1,0,0,0,0,0,0,3,214,152,0,-1,0,0,0,-1,0,0,0,-1,0,0,-1,0,-1,0,-1,0,-1,0,-1,0,-1,0,-1,0,-1,0,-1,0,-1,0,-1,0,-1,0,-1,0,0,0,5465,3,0,3,112
861,365,fd,1,143,80,2,0,1056,0,2,2,64892,140,2,0,0,0,1,169,21,1,1,0,0,0,0,0,0,0,0,0,0,0,0,0,0,0,-1,0,0,0,0,0,-1,0,0,0,0,0,-1,0,0,0,0,0,-1,0,0,0,0,0,0,-1,0,0,0,0,0,0,-1,0,0,0,0,0,0,-1,0,0,0,0,0,0,3,212,152,0,-1,0,0,0,-1,0,0,0,-1,0,0,-1,0,-1,0,-1,0,-1,0,-1,0,-1,0,-1,0,-1,0,-1,0,-1,0,-1,0,-1,0,-1,0,0,0,5464,3,0,3,113
862,366,fd,1,143,80,2,48,1056,0,2,2,64890,140,2,0,0,0,1,167,20,1,1,0,0,0,0,0,0,0,0,0,0,0,0,0,0,0,-1,0,0,0,0,0,-1,0,0,0,0,0,-1,0,0,0,0,0,-1,0,0,0,0,0,0,-1,0,0,0,0,0,0,-1,0,0,0,0,0,0,-1,0,0,0,0,0,0,3,210,152,0,-1,0,0,0,-1,0,0,0,-1,0,0,-1,0,-1,0,-1,0,-1,0,-1,0,-1,0,-1,0,-1,0,-1,0,-1,0,-1,0,-1,0,-1,0,0,0,5463,3,0,3,114
863,367,fd,1,143,80,2,96,1056,0,2,2,64888,140,2,0,0,0,1,165,19,1,1,0,0,0,0,0,0,0,0,0,0,0,0,0,0,0,-1,0,0,0,0,0,-1,0,0,0,0,0,-1,0,0,0,0,0,-1,0,0,0,0,0,0,-1,0,0,0,0,0,0,-1,0,0,0,0,0,0,-1,0,0,0,0,0,0,3,208,152,0,-1,0,0,0,-1,0,0,0,-1,0,0,-1,0,-1,0,-1,0,-1,0,-1,0,-1,0,-1,0,-1,0,-1,0,-1,0,-1,0,-1,0,-1,0,0,0,5462,3,0,3,115
864,368,fd,1,143,80,2,144,1056,0,2,2,64886,140,2,0,0,0,1,163,18,1,1,0,0,0,0,0,0,0,0,0,0,0,0,0,0,0,-1,0,0,0,0,0,-1,0,0,0,0,0,-1,0,0,0,0,0,-1,0,0,0,0,0,0,-1,0,0,0,0,0,0,-1,0,0,0,0,0,0,-1,0,0,0,0,0,0,3,206,152,0,-1,0,0,0,-1,0,0,0,-1,0,0,-1,0,-1,0,-1,0,-1,0,-1,0,-1,0,-1,0,-1,0,-1,0,-1,0,-1,0,-1,0,-1,0,0,0,5461,3,0,3,116
865,369,fd,1,143,80,2,192,1056,0,2,2,64884,140,2,0,0,0,1,161,17,1,1,0,0,0,0,0,0,0,0,0,0,0,0,0,0,0,-1,0,0,0,0,0,-1,0,0,0,0,0,-1,0,0,0,0,0,-1,0,0,0,0,0,0,-1,0,0,0,0,0,0,-1,0,0,0,0,0,0,-1,0,0,0,0,0,0,3,204,152,0,-1,0,0,0,-1,0,0,0,-1,0,0,-1,0,-1,0,-1,0,-1,0,-1,0,-1,0,-1,0,-1,0,-1,0,-1,0,-1,0,-1,0,-1,0,0,0,5460,3,0,3,117
866,370,fd,1,143,80,2,240,1056,0,2,2,64882,140,2,0,0,0,1,159,16,1,1,0,0,0,0,0,0,0,0,0,0,0,0,0,0,0,-1,0,0,0,0,0,-1,0,0,0,0,0,-1,0,0,0,0,0,-1,0,0,0,0,0,0,-1,0,0,0,0,0,0,-1,0,0,0,0,0,0,-1,0,0,0,0,0,0,3,202,152,0,-1,0,0,0,-1,0,0,0,-1,0,0,-1,0,-1,0,-1,0,-1,0,-1,0,-1,0,-1,0,-1,0,-1,0,-1,0,-1,0,-1,0,-1,0,0,0,5459,3,0,3,118
867,371,fd,1,143,80,2,288,1056,0,2,2,64880,140,2,0,0,0,1,157,15,1,1,0,0,0,0,0,0,0,0,0,0,0,0,0,0,0,-1,0,0,0,0,0,-1,0,0,0,0,0,-1,0,0,0,0,0,-1,0,0,0,0,0,0,-1,0,0,0,0,0,0,-1,0,0,0,0,0,0,-1,0,0,0,0,0,0,3,200,152,0,-1,0,0,0,-1,0,0,0,-1,0,0,-1,0,-1,0,-1,0,-1,0,-1,0,-1,0,-1,0,-1,0,-1,0,-1,0,-1,0,-1,0,-1,0,0,0,5458,3,0,3,119
868,372,fd,1,144,80,2,336,1056,0,2,2,64878,140,2,0,0,0,1,155,14,1,1,0,0,0,0,0,0,0,0,0,0,0,0,0,0,0,-1,0,0,0,0,0,-1,0,0,0,0,0,-1,0,0,0,0,0,-1,0,0,0,0,0,0,-1,0,0,0,0,0,0,-1,0,0,0,0,0,0,-1,0,0,0,0,0,0,3,198,152,0,-1,0,0,0,-1,0,0,0,-1,0,0,-1,0,-1,0,-1,0,-1,0,-1,0,-1,0,-1,0,-1,0,-1,0,-1,0,-1,0,-1,0,-1,0,0,0,5457,3,0,3,120
869,373,fd,1,145,80,2,384,1056,0,2,2,64876,140,2,0,0,0,1,153,13,1,1,0,0,0,0,0,0,0,0,0,0,0,0,0,0,0,-1,0,0,0,0,0,-1,0,0,0,0,0,-1,0,0,0,0,0,-1,0,0,0,0,0,0,-1,0,0,0,0,0,0,-1,0,0,0,0,0,0,-1,0,0,0,0,0,0,3,196,152,0,-1,0,0,0,-1,0,0,0,-1,0,0,-1,0,-1,0,-1,0,-1,0,-1,0,-1,0,-1,0,-1,0,-1,0,-1,0,-1,0,-1,0,-1,0,0,0,5456,3,0,3,121
870,374,fd,1,146,80,2,432,1056,0,2,2,64874,140,2,0,0,0,1,151,12,1,1,0,0,0,0,0,0,0,0,0,0,0,0,0,0,0,-1,0,0,0,0,0,-1,0,0,0,0,0,-1,0,0,0,0,0,-1,0,0,0,0,0,0,-1,0,0,0,0,0,0,-1,0,0,0,0,0,0,-1,0,0,0,0,0,0,3,194,152,0,-1,0,0,0,-1,0,0,0,-1,0,0,-1,0,-1,0,-1,0,-1,0,-1,0,-1,0,-1,0,-1,0,-1,0,-1,0,-1,0,-1,0,-1,0,0,0,5455,3,0,3,122
871,375,fd,1,147,80,2,480,1056,0,2,2,64872,140,2,0,0,0,1,149,11,1,1,0,0,0,0,0,0,0,0,0,0,0,0,0,0,0,-1,0,0,0,0,0,-1,0,0,0,0,0,-1,0,0,0,0,0,-1,0,0,0,0,0,0,-1,0,0,0,0,0,0,-1,0,0,0,0,0,0,-1,0,0,0,0,0,0,3,192,152,0,-1,0,0,0,-1,0,0,0,-1,0,0,-1,0,-1,0,-1,0,-1,0,-1,0,-1,0,-1,0,-1,0,-1,0,-1,0,-1,0,-1,0,-1,0,0,0,5454,3,0,3,123
872,376,fd,1,148,80,2,528,1056,0,2,2,64870,140,2,0,0,0,1,147,10,1,1,0,0,0,0,0,0,0,0,0,0,0,0,0,0,0,-1,0,0,0,0,0,-1,0,0,0,0,0,-1,0,0,0,0,0,-1,0,0,0,0,0,0,-1,0,0,0,0,0,0,-1,0,0,0,0,0,0,-1,0,0,0,0,0,0,3,190,152,0,-1,0,0,0,-1,0,0,0,-1,0,0,-1,0,-1,0,-1,0,-1,0,-1,0,-1,0,-1,0,-1,0,-1,0,-1,0,-1,0,-1,0,-1,0,0,0,5453,3,0,3,124
873,377,fd,1,150,80,2,576,1056,0,2,2,64868,140,2,0,0,0,1,145,9,1,1,0,0,0,0,0,0,0,0,0,0,0,0,0,0,0,-1,0,0,0,0,0,-1,0,0,0,0,0,-1,0,0,0,0,0,-1,0,0,0,0,0,0,-1,0,0,0,0,0,0,-1,0,0,0,0,0,0,-1,0,0,0,0,0,0,3,188,152,0,-1,0,0,0,-1,0,0,0,-1,0,0,-1,0,-1,0,-1,0,-1,0,-1,0,-1,0,-1,0,-1,0,-1,0,-1,0,-1,0,-1,0,-1,0,0,0,5452,3,0,3,125
874,378,fd,1,152,80,2,624,1056,0,2,2,64866,140,2,0,0,0,1,143,8,1,1,0,0,0,0,0,0,0,0,0,0,0,0,0,0,0,-1,0,0,0,0,0,-1,0,0,0,0,0,-1,0,0,0,0,0,-1,0,0,0,0,0,0,-1,0,0,0,0,0,0,-1,0,0,0,0,0,0,-1,0,0,0,0,0,0,3,186,152,0,-1,0,0,0,-1,0,0,0,-1,0,0,-1,0,-1,0,-1,0,-1,0,-1,0,-1,0,-1,0,-1,0,-1,0,-1,0,-1,0,-1,0,-1,0,0,0,5451,3,0,3,126
875,379,fd,1,154,80,2,672,1056,0,2,2,64864,140,2,0,0,0,1,141,7,1,1,0,0,0,0,0,0,0,0,0,0,0,0,0,0,0,-1,0,0,0,0,0,-1,0,0,0,0,0,-1,0,0,0,0,0,-1,0,0,0,0,0,0,-1,0,0,0,0,0,0,-1,0,0,0,0,0,0,-1,0,0,0,0,0,0,3,184,152,0,-1,0,0,0,-1,0,0,0,-1,0,0,-1,0,-1,0,-1,0,-1,0,-1,0,-1,0,-1,0,-1,0,-1,0,-1,0,-1,0,-1,0,-1,0,0,0,5450,3,0,3,127
876,380,fd,1,156,80,2,720,1056,0,2,2,64862,140,2,0,0,0,1,139,6,1,1,0,0,0,0,0,0,0,0,0,0,0,0,0,0,0,-1,0,0,0,0,0,-1,0,0,0,0,0,-1,0,0,0,0,0,-1,0,0,0,0,0,0,-1,0,0,0,0,0,0,-1,0,0,0,0,0,0,-1,0,0,0,0,0,0,3,182,152,0,-1,0,0,0,-1,0,0,0,-1,0,0,-1,0,-1,0,-1,0,-1,0,-1,0,-1,0,-1,0,-1,0,-1,0,-1,0,-1,0,-1,0,-1,0,0,0,5449,3,0,3,128
877,381,fd,1,158,80,2,768,1056,0,2,2,64860,140,2,0,0,0,1,137,5,1,1,0,0,0,0,0,0,0,0,0,0,0,0,0,0,0,-1,0,0,0,0,0,-1,0,0,0,0,0,-1,0,0,0,0,0,-1,0,0,0,0,0,0,-1,0,0,0,0,0,0,-1,0,0,0,0,0,0,-1,0,0,0,0,0,0,3,180,152,0,-1,0,0,0,-1,0,0,0,-1,0,0,-1,0,-1,0,-1,0,-1,0,-1,0,-1,0,-1,0,-1,0,-1,0,-1,0,-1,0,-1,0,-1,0,0,0,5448,3,0,3,129
878,382,fd,1,161,80,2,816,1056,0,2,2,64858,140,2,0,0,0,1,135,4,1,1,0,0,0,0,0,0,0,0,0,0,0,0,0,0,0,-1,0,0,0,0,0,-1,0,0,0,0,0,-1,0,0,0,0,0,-1,0,0,0,0,0,0,-1,0,0,0,0,0,0,-1,0,0,0,0,0,0,-1,0,0,0,0,0,0,3,178,152,0,-1,0,0,0,-1,0,0,0,-1,0,0,-1,0,-1,0,-1,0,-1,0,-1,0,-1,0,-1,0,-1,0,-1,0,-1,0,-1,0,-1,0,-1,0,0,0,5447,3,0,3,130
879,383,fd,1,164,80,2,864,1056,0,2,2,64856,140,2,0,0,0,1,133,3,1,1,0,0,0,0,0,0,0,0,0,0,0,0,0,0,0,-1,0,0,0,0,0,-1,0,0,0,0,0,-1,0,0,0,0,0,-1,0,0,0,0,0,0,-1,0,0,0,0,0,0,-1,0,0,0,0,0,0,-1,0,0,0,0,0,0,3,176,152,0,-1,0,0,0,-1,0,0,0,-1,0,0,-1,0,-1,0,-1,0,-1,0,-1,0,-1,0,-1,0,-1,0,-1,0,-1,0,-1,0,-1,0,-1,0,0,0,5446,3,0,3,131
880,384,fd,1,167,80,2,912,1056,0,2,2,64854,140,2,0,0,0,1,131,2,1,1,0,0,0,0,0,0,0,0,0,0,0,0,0,0,0,-1,0,0,0,0,0,-1,0,0,0,0,0,-1,0,0,0,0,0,-1,0,0,0,0,0,0,-1,0,0,0,0,0,0,-1,0,0,0,0,0,0,-1,0,0,0,0,0,0,3,174,152,0,-1,0,0,0,-1,0,0,0,-1,0,0,-1,0,-1,0,-1,0,-1,0,-1,0,-1,0,-1,0,-1,0,-1,0,-1,0,-1,0,-1,0,-1,0,0,0,5445,3,0,3,132
881,385,fd,1,170,80,2,960,1056,0,2,2,64852,140,2,0,0,0,1,129,1,1,1,0,0,0,0,0,0,0,0,0,0,0,0,0,0,0,-1,0,0,0,0,0,-1,0,0,0,0,0,-1,0,0,0,0,0,-1,0,0,0,0,0,0,-1,0,0,0,0,0,0,-1,0,0,0,0,0,0,-1,0,0,0,0,0,0,3,172,152,0,-1,0,0,0,-1,0,0,0,-1,0,0,-1,0,-1,0,-1,0,-1,0,-1,0,-1,0,-1,0,-1,0,-1,0,-1,0,-1,0,-1,0,-1,0,0,0,5444,3,0,3,133
882,386,fd,1,173,80,2,1008,1056,0,2,2,64850,140,2,0,0,0,1,127,57,0,1,0,0,0,0,0,0,0,0,0,0,0,0,0,0,0,-1,0,0,0,0,0,-1,0,0,0,0,0,-1,0,0,0,0,0,0,204,127,1008,0,32,8,-1,0,0,0,0,0,0,-1,0,0,0,0,0,0,-1,0,0,0,0,0,0,3,170,152,0,-1,0,0,0,-1,0,0,0,-1,0,0,-1,0,-1,0,-1,0,-1,0,-1,0,-1,0,-1,0,-1,0,-1,0,-1,0,-1,0,-1,0,-1,0,0,0,5443,3,0,3,134
883,387,fd,1,180,80,1,960,960,0,2,2,64848,160,2,0,0,8,1,125,57,0,1,0,0,0,0,0,0,0,0,0,0,0,0,0,0,0,-1,0,0,0,0,0,-1,0,0,0,0,0,-1,0,0,0,0,0,0,201,125,992,0,64,8,-1,0,0,0,0,0,0,-1,0,0,0,0,0,0,-1,0,0,0,0,0,0,3,168,152,0,-1,0,0,0,-1,0,0,0,-1,0,0,-1,0,-1,0,-1,0,-1,0,-1,0,-1,0,-1,0,-1,0,-1,0,-1,0,-1,0,-1,0,-1,0,0,0,5442,3,0,3,135
884,388,fd,1,177,80,1,912,960,0,2,2,64846,160,2,0,0,7,1,123,57,0,1,0,0,0,0,0,0,0,0,0,0,0,0,0,0,0,-1,0,0,0,0,0,-1,0,0,0,0,0,-1,0,0,0,0,0,0,198,123,976,0,96,8,-1,0,0,0,0,0,0,-1,0,0,0,0,0,0,-1,0,0,0,0,0,0,3,166,152,0,-1,0,0,0,-1,0,0,0,-1,0,0,-1,0,-1,0,-1,0,-1,0,-1,0,-1,0,-1,0,-1,0,-1,0,-1,0,-1,0,-1,0,-1,0,0,0,5441,3,0,3,136
885,389,fd,1,174,80,1,864,960,0,2,2,64844,160,2,0,0,6,1,121,57,0,1,0,0,0,0,0,0,0,0,0,0,0,0,0,0,0,-1,0,0,0,0,0,-1,0,0,0,0,0,-1,0,0,0,0,0,0,195,121,960,0,128,8,-1,0,0,0,0,0,0,-1,0,0,0,0,0,0,-1,0,0,0,0,0,0,3,164,152,0,-1,0,0,0,-1,0,0,0,-1,0,0,-1,0,-1,0,-1,0,-1,0,-1,0,-1,0,-1,0,-1,0,-1,0,-1,0,-1,0,-1,0,-1,0,0,0,5440,3,0,3,137
886,390,fd,1,171,80,1,816,960,0,2,2,64842,160,2,0,0,5,1,119,57,0,1,0,0,0,0,0,0,0,0,0,0,0,0,0,0,0,-1,0,0,0,0,0,-1,0,0,0,0,0,-1,0,0,0,0,0,0,192,119,944,0,160,8,-1,0,0,0,0,0,0,-1,0,0,0,0,0,0,-1,0,0,0,0,0,0,3,162,152,0,-1,0,0,0,-1,0,0,0,-1,0,0,-1,0,-1,0,-1,0,-1,0,-1,0,-1,0,-1,0,-1,0,-1,0,-1,0,-1,0,-1,0,-1,0,0,0,5439,3,0,3,138
887,391,fd,1,168,80,1,768,960,0,2,2,64840,160,2,0,0,4,1,117,57,0,1,0,0,0,0,0,0,0,0,0,0,0,0,0,0,0,-1,0,0,0,0,0,-1,0,0,0,0,0,-1,0,0,0,0,0,0,189,117,928,0,192,8,-1,0,0,0,0,0,0,-1,0,0,0,0,0,0,-1,0,0,0,0,0,0,3,160,152,0,-1,0,0,0,-1,0,0,0,-1,0,0,-1,0,-1,0,-1,0,-1,0,-1,0,-1,0,-1,0,-1,0,-1,0,-1,0,-1,0,-1,0,-1,0,0,0,5438,3,0,3,139
888,392,fd,1,165,80,1,720,960,0,2,2,64838,160,2,0,0,3,1,115,57,0,1,0,0,0,0,0,0,0,0,0,0,0,0,0,0,0,-1,0,0,0,0,0,-1,0,0,0,0,0,-1,0,0,0,0,0,0,186,115,912,0,224,8,-1,0,0,0,0,0,0,-1,0,0,0,0,0,0,-1,0,0,0,0,0,0,3,158,152,0,-1,0,0,0,-1,0,0,0,-1,0,0,-1,0,-1,0,-1,0,-1,0,-1,0,-1,0,-1,0,-1,0,-1,0,-1,0,-1,0,-1,0,-1,0,0,0,5437,3,0,3,140
889,393,fd,1,163,80,1,672,960,0,2,2,64836,160,2,0,0,2,1,113,57,0,1,0,0,0,0,0,0,0,0,0,0,0,0,0,0,0,-1,0,0,0,0,0,-1,0,0,0,0,0,-1,0,0,0,0,0,0,183,114,896,0,0,8,-1,0,0,0,0,0,0,-1,0,0,0,0,0,0,-1,0,0,0,0,0,0,3,156,152,0,-1,0,0,0,-1,0,0,0,-1,0,0,-1,0,-1,0,-1,0,-1,0,-1,0,-1,0,-1,0,-1,0,-1,0,-1,0,-1,0,-1,0,-1,0,0,0,5436,3,0,3,141
890,394,fd,1,161,80,1,624,960,0,2,2,64834,160,2,0,0,1,1,111,57,0,1,0,0,0,0,0,0,0,0,0,0,0,0,0,0,0,-1,0,0,0,0,0,-1,0,0,0,0,0,-1,0,0,0,0,0,0,180,112,880,0,32,8,-1,0,0,0,0,0,0,-1,0,0,0,0,0,0,-1,0,0,0,0,0,0,3,154,152,0,-1,0,0,0,-1,0,0,0,-1,0,0,-1,0,-1,0,-1,0,-1,0,-1,0,-1,0,-1,0,-1,0,-1,0,-1,0,-1,0,-1,0,-1,0,0,0,5435,3,0,3,142
891,395,fd,1,159,80,1,576,960,0,2,2,64832,160,2,0,0,0,1,109,57,0,1,0,0,0,0,0,0,0,0,0,0,0,0,0,0,0,-1,0,0,0,0,0,-1,0,0,0,0,0,-1,0,0,0,0,0,0,177,110,864,0,64,8,-1,0,0,0,0,0,0,-1,0,0,0,0,0,0,-1,0,0,0,0,0,0,3,152,152,0,-1,0,0,0,-1,0,0,0,-1,0,0,-1,0,-1,0,-1,0,-1,0,-1,0,-1,0,-1,0,-1,0,-1,0,-1,0,-1,0,-1,0,-1,0,0,0,5434,3,0,3,143
892,396,fd,1,157,80,1,528,960,0,2,2,64830,160,2,0,0,0,1,107,57,0,1,0,0,0,0,0,0,0,0,0,0,0,0,0,0,0,-1,0,0,0,0,0,-1,0,0,0,0,0,-1,0,0,0,0,0,0,174,108,848,0,96,8,-1,0,0,0,0,0,0,-1,0,0,0,0,0,0,-1,0,0,0,0,0,0,3,150,152,0,-1,0,0,0,-1,0,0,0,-1,0,0,-1,0,-1,0,-1,0,-1,0,-1,0,-1,0,-1,0,-1,0,-1,0,-1,0,-1,0,-1,0,-1,0,0,0,5433,3,0,3,144
893,397,fd,1,155,80,1,480,960,0,2,2,64828,160,2,0,0,0,1,105,57,0,1,0,0,0,0,0,0,0,0,0,0,0,0,0,0,0,-1,0,0,0,0,0,-1,0,0,0,0,0,-1,0,0,0,0,0,0,171,106,832,0,128,8,-1,0,0,0,0,0,0,-1,0,0,0,0,0,0,-1,0,0,0,0,0,0,3,148,152,0,-1,0,0,0,-1,0,0,0,-1,0,0,-1,0,-1,0,-1,0,-1,0,-1,0,-1,0,-1,0,-1,0,-1,0,-1,0,-1,0,-1,0,-1,0,0,0,5432,3,0,3,145
894,398,fd,1,154,80,1,432,960,0,2,2,64826,160,2,0,0,0,1,103,57,0,1,0,0,0,0,0,0,0,0,0,0,0,0,0,0,0,-1,0,0,0,0,0,-1,0,0,0,0,0,-1,0,0,0,0,0,0,168,104,816,0,160,8,-1,0,0,0,0,0,0,-1,0,0,0,0,0,0,-1,0,0,0,0,0,0,3,146,152,0,-1,0,0,0,-1,0,0,0,-1,0,0,-1,0,-1,0,-1,0,-1,0,-1,0,-1,0,-1,0,-1,0,-1,0,-1,0,-1,0,-1,0,-1,0,0,0,5431,3,0,3,146
895,399,fd,1,153,80,1,384,960,0,2,2,64824,160,2,0,0,0,1,101,57,0,1,0,0,0,0,0,0,0,0,0,0,0,0,0,0,0,-1,0,0,0,0,0,-1,0,0,0,0,0,-1,0,0,0,0,0,0,165,102,800,0,192,8,-1,0,0,0,0,0,0,-1,0,0,0,0,0,0,-1,0,0,0,0,0,0,3,144,152,0,-1,0,0,0,-1,0,0,0,-1,0,0,-1,0,-1,0,-1,0,-1,0,-1,0,-1,0,-1,0,-1,0,-1,0,-1,0,-1,0,-1,0,-1,0,0,0,5430,3,0,3,147
896,400,fd,1,152,80,1,336,960,0,2,2,64822,160,2,0,0,0,1,99,57,0,1,0,0,0,0,0,0,0,0,0,0,0,0,0,0,0,-1,0,0,0,0,0,-1,0,0,0,0,0,-1,0,0,0,0,0,0,162,100,784,0,224,8,-1,0,0,0,0,0,0,-1,0,0,0,0,0,0,-1,0,0,0,0,0,0,3,142,152,0,-1,0,0,0,-1,0,0,0,-1,0,0,-1,0,-1,0,-1,0,-1,0,-1,0,-1,0,-1,0,-1,0,-1,0,-1,0,-1,0,-1,0,-1,0,0,0,5429,3,0,3,148
897,401,fd,1,151,80,1,288,960,0,2,2,64820,160,2,0,0,0,1,97,57,0,1,0,0,0,0,0,0,0,0,0,0,0,0,0,0,0,-1,0,0,0,0,0,-1,0,0,0,0,0,-1,0,0,0,0,0,0,159,99,768,0,0,8,-1,0,0,0,0,0,0,-1,0,0,0,0,0,0,-1,0,0,0,0,0,0,3,140,152,0,-1,0,0,0,-1,0,0,0,-1,0,0,-1,0,-1,0,-1,0,-1,0,-1,0,-1,0,-1,0,-1,0,-1,0,-1,0,-1,0,-1,0,-1,0,0,0,5428,3,0,3,149
898,402,fd,1,150,80,1,240,960,0,2,2,64818,160,2,0,0,0,1,95,57,0,1,0,0,0,0,0,0,0,0,0,0,0,0,0,0,0,-1,0,0,0,0,0,-1,0,0,0,0,0,-1,0,0,0,0,0,0,156,97,752,0,32,8,-1,0,0,0,0,0,0,-1,0,0,0,0,0,0,-1,0,0,0,0,0,0,3,138,152,0,-1,0,0,0,-1,0,0,0,-1,0,0,-1,0,-1,0,-1,0,-1,0,-1,0,-1,0,-1,0,-1,0,-1,0,-1,0,-1,0,-1,0,-1,0,0,0,5427,3,0,3,150
899,403,fd,1,150,80,1,192,960,0,2,2,64816,160,2,0,0,0,1,93,57,0,1,0,0,0,0,0,0,0,0,0,0,0,0,0,0,0,-1,0,0,0,0,0,-1,0,0,0,0,0,-1,0,0,0,0,0,0,154,95,736,0,64,8,-1,0,0,0,0,0,0,-1,0,0,0,0,0,0,-1,0,0,0,0,0,0,3,136,152,0,-1,0,0,0,-1,0,0,0,-1,0,0,-1,0,-1,0,-1,0,-1,0,-1,0,-1,0,-1,0,-1,0,-1,0,-1,0,-1,0,-1,0,-1,0,0,0,5426,3,0,3,151
900,404,fd,1,150,80,1,144,960,0,2,2,64814,160,2,0,0,0,1,91,57,0,1,0,0,0,0,0,0,0,0,0,0,0,0,0,0,0,-1,0,0,0,0,0,-1,0,0,0,0,0,-1,0,0,0,0,0,0,152,93,720,0,96,8,-1,0,0,0,0,0,0,-1,0,0,0,0,0,0,-1,0,0,0,0,0,0,3,134,152,0,-1,0,0,0,-1,0,0,0,-1,0,0,-1,0,-1,0,-1,0,-1,0,-1,0,-1,0,-1,0,-1,0,-1,0,-1,0,-1,0,-1,0,-1,0,0,0,5425,3,0,3,152
901,405,fd,1,150,80,1,96,960,0,2,2,64812,160,2,0,0,0,1,89,57,0,1,0,0,0,0,0,0,0,0,0,0,0,0,0,0,0,-1,0,0,0,0,0,-1,0,0,0,0,0,-1,0,0,0,0,0,0,150,91,704,0,128,8,-1,0,0,0,0,0,0,-1,0,0,0,0,0,0,-1,0,0,0,0,0,0,3,132,152,0,-1,0,0,0,-1,0,0,0,-1,0,0,-1,0,-1,0,-1,0,-1,0,-1,0,-1,0,-1,0,-1,0,-1,0,-1,0,-1,0,-1,0,-1,0,0,0,5424,3,0,3,153
902,406,fd,1,150,80,1,48,960,0,2,2,64810,160,2,0,0,0,1,87,57,0,1,0,0,0,0,0,0,0,0,0,0,0,0,0,0,0,-1,0,0,0,0,0,-1,0,0,0,0,0,-1,0,0,0,0,0,0,148,89,688,0,160,8,-1,0,0,0,0,0,0,-1,0,0,0,0,0,0,-1,0,0,0,0,0,0,3,130,152,0,-1,0,0,0,-1,0,0,0,-1,0,0,-1,0,-1,0,-1,0,-1,0,-1,0,-1,0,-1,0,-1,0,-1,0,-1,0,-1,0,-1,0,-1,0,0,0,5423,3,0,3,154
903,407,fd,1,150,80,2,0,960,0,2,2,64808,160,2,0,0,0,1,85,57,0,1,0,0,0,0,0,0,0,0,0,0,0,0,0,0,0,-1,0,0,0,0,0,-1,0,0,0,0,0,-1,0,0,0,0,0,0,146,87,672,0,192,8,-1,0,0,0,0,0,0,-1,0,0,0,0,0,0,-1,0,0,0,0,0,0,3,128,152,0,-1,0,0,0,-1,0,0,0,-1,0,0,-1,0,-1,0,-1,0,-1,0,-1,0,-1,0,-1,0,-1,0,-1,0,-1,0,-1,0,-1,0,-1,0,0,0,5422,3,0,3,155
904,408,fd,1,150,80,2,48,960,0,2,2,64806,160,2,0,0,0,1,83,57,0,1,0,0,0,0,0,0,0,0,0,0,0,0,0,0,0,-1,0,0,0,0,0,-1,0,0,0,0,0,-1,0,0,0,0,0,0,144,85,656,0,224,8,-1,0,0,0,0,0,0,-1,0,0,0,0,0,0,-1,0,0,0,0,0,0,3,126,152,0,-1,0,0,0,-1,0,0,0,-1,0,0,-1,0,-1,0,-1,0,-1,0,-1,0,-1,0,-1,0,-1,0,-1,0,-1,0,-1,0,-1,0,-1,0,0,0,5421,3,0,3,156
905,409,fd,1,150,80,2,96,960,0,2,2,64804,160,2,0,0,0,1,81,57,0,1,0,0,0,0,0,0,0,0,0,0,0,0,0,0,0,-1,0,0,0,0,0,-1,0,0,0,0,0,-1,0,0,0,0,0,0,142,84,640,0,0,8,-1,0,0,0,0,0,0,-1,0,0,0,0,0,0,-1,0,0,0,0,0,0,3,124,152,0,-1,0,0,0,-1,0,0,0,-1,0,0,-1,0,-1,0,-1,0,-1,0,-1,0,-1,0,-1,0,-1,0,-1,0,-1,0,-1,0,-1,0,-1,0,0,0,5420,3,0,3,157
906,410,fd,1,150,80,2,144,960,0,2,2,64802,160,2,0,0,0,1,79,57,0,1,0,0,0,0,0,0,0,0,0,0,0,0,0,0,0,-1,0,0,0,0,0,-1,0,0,0,0,0,-1,0,0,0,0,0,0,140,82,624,0,32,8,-1,0,0,0,0,0,0,-1,0,0,0,0,0,0,-1,0,0,0,0,0,0,3,122,152,0,-1,0,0,0,-1,0,0,0,-1,0,0,-1,0,-1,0,-1,0,-1,0,-1,0,-1,0,-1,0,-1,0,-1,0,-1,0,-1,0,-1,0,-1,0,0,0,5419,3,0,3,158
907,411,fd,1,150,80,2,192,960,0,2,2,64800,160,2,0,0,0,1,77,57,0,1,0,0,0,0,0,0,0,0,0,0,0,0,0,0,0,-1,0,0,0,0,0,-1,0,0,0,0,0,-1,0,0,0,0,0,0,138,80,608,0,64,8,-1,0,0,0,0,0,0,-1,0,0,0,0,0,0,-1,0,0,0,0,0,0,3,120,152,0,-1,0,0,0,-1,0,0,0,-1,0,0,-1,0,-1,0,-1,0,-1,0,-1,0,-1,0,-1,0,-1,0,-1,0,-1,0,-1,0,-1,0,-1,0,0,0,5418,3,0,3,159
908,412,fd,1,150,80,2,240,960,0,2,2,64798,160,2,0,0,0,1,75,57,0,1,0,0,0,0,0,0,0,0,0,0,0,0,0,0,0,-1,0,0,0,0,0,-1,0,0,0,0,0,-1,0,0,0,0,0,0,136,78,592,0,96,8,-1,0,0,0,0,0,0,-1,0,0,0,0,0,0,-1,0,0,0,0,0,0,3,118,152,0,-1,0,0,0,-1,0,0,0,-1,0,0,-1,0,-1,0,-1,0,-1,0,-1,0,-1,0,-1,0,-1,0,-1,0,-1,0,-1,0,-1,0,-1,0,0,0,5417,3,0,3,160
909,413,fd,1,150,80,2,288,960,0,2,2,64796,160,2,0,0,0,1,73,57,0,1,0,0,0,0,0,0,0,0,0,0,0,0,0,0,0,-1,0,0,0,0,0,-1,0,0,0,0,0,-1,0,0,0,0,0,0,134,76,576,0,128,8,-1,0,0,0,0,0,0,-1,0,0,0,0,0,0,-1,0,0,0,0,0,0,3,116,152,0,-1,0,0,0,-1,0,0,0,-1,0,0,-1,0,-1,0,-1,0,-1,0,-1,0,-1,0,-1,0,-1,0,-1,0,-1,0,-1,0,-1,0,-1,0,0,0,5416,3,0,3,161
910,414,fd,1,151,80,2,336,960,0,2,2,64794,160,2,0,0,0,1,71,57,0,1,0,0,0,0,0,0,0,0,0,0,0,0,0,0,0,-1,0,0,0,0,0,-1,0,0,0,0,0,-1,0,0,0,0,0,0,132,74,560,0,160,8,-1,0,0,0,0,0,0,-1,0,0,0,0,0,0,-1,0,0,0,0,0,0,3,114,152,0,-1,0,0,0,-1,0,0,0,-1,0,0,-1,0,-1,0,-1,0,-1,0,-1,0,-1,0,-1,0,-1,0,-1,0,-1,0,-1,0,-1,0,-1,0,0,0,5415,3,0,3,162
911,415,fd,1,152,80,2,384,960,0,2,2,64792,160,2,0,0,0,1,69,57,0,1,0,0,0,0,0,0,0,0,0,0,0,0,0,0,0,-1,0,0,0,0,0,-1,0,0,0,0,0,-1,0,0,0,0,0,0,130,72,544,0,192,8,-1,0,0,0,0,0,0,-1,0,0,0,0,0,0,-1,0,0,0,0,0,0,3,112,152,0,-1,0,0,0,-1,0,0,0,-1,0,0,-1,0,-1,0,-1,0,-1,0,-1,0,-1,0,-1,0,-1,0,-1,0,-1,0,-1,0,-1,0,-1,0,0,0,5414,3,0,3,163
912,416,fd,1,153,80,2,432,960,0,2,2,64790,160,2,0,0,0,1,67,57,0,1,1,239,56,0,0,0,0,0,0,0,0,0,0,0,0,-1,0,0,0,0,0,-1,0,0,0,0,0,-1,0,0,0,0,0,0,128,70,528,0,224,8,-1,0,0,0,0,0,0,-1,0,0,0,0,0,0,-1,0,0,0,0,0,0,3,110,152,0,-1,0,0,0,-1,0,0,0,-1,0,0,-1,0,-1,0,-1,0,-1,0,-1,0,-1,0,-1,0,-1,0,-1,0,-1,0,-1,0,-1,0,-1,0,0,0,5413,3,0,3,164
913,417,fd,1,154,80,2,480,960,0,2,2,64788,160,2,0,0,0,1,65,57,0,1,1,237,55,0,0,0,0,0,0,0,0,0,0,0,0,-1,0,0,0,0,0,-1,0,0,0,0,0,-1,0,0,0,0,0,0,126,69,512,0,0,8,-1,0,0,0,0,0,0,-1,0,0,0,0,0,0,-1,0,0,0,0,0,0,3,108,152,0,-1,0,0,0,-1,0,0,0,-1,0,0,-1,0,-1,0,-1,0,-1,0,-1,0,-1,0,-1,0,-1,0,-1,0,-1,0,-1,0,-1,0,-1,0,0,0,5412,3,0,3,165
914,418,fd,1,155,80,2,528,960,0,2,2,64786,160,2,0,0,0,1,63,57,0,1,1,235,54,0,0,0,0,0,0,0,0,0,0,0,0,-1,0,0,0,0,0,-1,0,0,0,0,0,-1,0,0,0,0,0,0,124,67,496,0,32,8,-1,0,0,0,0,0,0,-1,0,0,0,0,0,0,-1,0,0,0,0,0,0,3,106,152,0,-1,0,0,0,-1,0,0,0,-1,0,0,-1,0,-1,0,-1,0,-1,0,-1,0,-1,0,-1,0,-1,0,-1,0,-1,0,-1,0,-1,0,-1,0,0,0,5411,3,0,3,166
915,419,fd,1,157,80,2,576,960,0,2,2,64784,160,2,0,0,0,1,61,57,0,1,1,233,53,0,0,0,0,0,0,0,0,0,0,0,0,-1,0,0,0,0,0,-1,0,0,0,0,0,-1,0,0,0,0,0,0,123,65,480,0,64,8,-1,0,0,0,0,0,0,-1,0,0,0,0,0,0,-1,0,0,0,0,0,0,3,104,152,0,-1,0,0,0,-1,0,0,0,-1,0,0,-1,0,-1,0,-1,0,-1,0,-1,0,-1,0,-1,0,-1,0,-1,0,-1,0,-1,0,-1,0,-1,0,0,0,5410,3,0,3,167
916,420,fd,1,159,80,2,624,960,0,2,2,64782,160,2,0,0,0,1,59,57,0,1,1,231,52,0,0,0,0,0,0,0,0,0,0,0,0,-1,0,0,0,0,0,-1,0,0,0,0,0,-1,0,0,0,0,0,0,122,63,464,0,96,8,-1,0,0,0,0,0,0,-1,0,0,0,0,0,0,-1,0,0,0,0,0,0,3,102,152,0,-1,0,0,0,-1,0,0,0,-1,0,0,-1,0,-1,0,-1,0,-1,0,-1,0,-1,0,-1,0,-1,0,-1,0,-1,0,-1,0,-1,0,-1,0,0,0,5409,3,0,3,168
917,421,fd,1,161,80,2,672,960,0,2,2,64780,160,2,0,0,0,1,57,57,0,1,1,229,51,0,0,0,0,0,0,0,0,0,0,0,0,-1,0,0,0,0,0,-1,0,0,0,0,0,-1,0,0,0,0,0,0,121,61,448,0,128,8,-1,0,0,0,0,0,0,-1,0,0,0,0,0,0,-1,0,0,0,0,0,0,3,100,152,0,-1,0,0,0,-1,0,0,0,-1,0,0,-1,0,-1,0,-1,0,-1,0,-1,0,-1,0,-1,0,-1,0,-1,0,-1,0,-1,0,-1,0,-1,0,0,0,5408,3,0,3,169
918,422,fd,1,163,80,2,720,960,0,2,2,64778,160,2,0,0,0,1,55,57,0,1,1,227,50,0,0,0,0,0,0,0,0,0,0,0,0,-1,0,0,0,0,0,-1,0,0,0,0,0,-1,0,0,0,0,0,0,120,59,432,0,160,8,-1,0,0,0,0,0,0,-1,0,0,0,0,0,0,-1,0,0,0,0,0,0,3,98,152,0,-1,0,0,0,-1,0,0,0,-1,0,0,-1,0,-1,0,-1,0,-1,0,-1,0,-1,0,-1,0,-1,0,-1,0,-1,0,-1,0,-1,0,-1,0,0,0,5407,3,0,3,170
919,423,fd,1,165,80,2,768,960,0,2,2,64776,160,2,0,0,0,1,53,57,0,1,1,225,49,0,0,0,0,0,0,0,0,0,0,0,0,-1,0,0,0,0,0,-1,0,0,0,0,0,-1,0,0,0,0,0,0,119,57,416,0,192,8,-1,0,0,0,0,0,0,-1,0,0,0,0,0,0,-1,0,0,0,0,0,0,3,96,152,0,-1,0,0,0,-1,0,0,0,-1,0,0,-1,0,-1,0,-1,0,-1,0,-1,0,-1,0,-1,0,-1,0,-1,0,-1,0,-1,0,-1,0,-1,0,0,0,5406,3,0,3,171
920,424,fd,1,168,80,2,816,960,0,2,2,64774,160,2,0,0,0,1,51,57,0,1,1,223,48,0,0,0,0,0,0,0,0,0,0,0,0,-1,0,0,0,0,0,-1,0,0,0,0,0,-1,0,0,0,0,0,0,118,55,400,0,224,8,-1,0,0,0,0,0,0,-1,0,0,0,0,0,0,-1,0,0,0,0,0,0,3,94,152,0,-1,0,0,0,-1,0,0,0,-1,0,0,-1,0,-1,0,-1,0,-1,0,-1,0,-1,0,-1,0,-1,0,-1,0,-1,0,-1,0,-1,0,-1,0,0,0,5405,3,0,3,172
921,425,fd,1,171,80,2,864,960,0,2,2,64772,160,2,0,0,0,1,49,57,0,1,1,221,47,0,0,0,0,0,0,0,0,0,0,0,0,-1,0,0,0,0,0,-1,0,0,0,0,0,-1,0,0,0,0,0,0,117,54,384,0,0,8,-1,0,0,0,0,0,0,-1,0,0,0,0,0,0,-1,0,0,0,0,0,0,3,92,152,0,-1,0,0,0,-1,0,0,0,-1,0,0,-1,0,-1,0,-1,0,-1,0,-1,0,-1,0,-1,0,-1,0,-1,0,-1,0,-1,0,-1,0,-1,0,0,0,5404,3,0,3,173
922,426,fd,1,174,80,2,912,960,0,2,2,64770,160,2,0,0,0,1,47,57,0,1,1,219,46,0,0,0,0,0,0,0,0,0,0,0,0,-1,0,0,0,0,0,-1,0,0,0,0,0,-1,0,0,0,0,0,0,116,52,368,0,32,8,-1,0,0,0,0,0,0,-1,0,0,0,0,0,0,-1,0,0,0,0,0,0,3,90,152,0,-1,0,0,0,-1,0,0,0,-1,0,0,-1,0,-1,0,-1,0,-1,0,-1,0,-1,0,-1,0,-1,0,-1,0,-1,0,-1,0,-1,0,-1,0,0,0,5403,3,0,3,174
923,427,fd,1,180,80,1,1056,1056,0,2,2,64768,180,2,0,0,8,1,45,57,0,1,1,217,45,0,0,0,0,0,0,0,0,0,0,0,0,-1,0,0,0,0,0,-1,0,0,0,0,0,-1,0,0,0,0,0,0,115,50,352,0,64,8,-1,0,0,0,0,0,0,-1,0,0,0,0,0,0,-1,0,0,0,0,0,0,3,88,152,0,-1,0,0,0,-1,0,0,0,-1,0,0,-1,0,-1,0,-1,0,-1,0,-1,0,-1,0,-1,0,-1,0,-1,0,-1,0,-1,0,-1,0,-1,0,0,0,5402,3,0,3,175
924,428,fd,1,176,80,1,1008,1056,0,2,2,64766,180,2,0,0,7,1,43,57,0,1,1,215,44,0,0,0,0,0,0,0,0,0,0,0,0,-1,0,0,0,0,0,-1,0,0,0,0,0,-1,0,0,0,0,0,0,114,48,336,0,96,8,-1,0,0,0,0,0,0,-1,0,0,0,0,0,0,-1,0,0,0,0,0,0,3,86,152,0,-1,0,0,0,-1,0,0,0,-1,0,0,-1,0,-1,0,-1,0,-1,0,-1,0,-1,0,-1,0,-1,0,-1,0,-1,0,-1,0,-1,0,-1,0,0,0,5401,3,0,3,176
925,429,fd,1,173,80,1,960,1056,0,2,2,64764,180,2,0,0,6,1,41,57,0,1,1,213,43,0,0,0,0,0,0,0,0,0,0,0,0,-1,0,0,0,0,0,-1,0,0,0,0,0,-1,0,0,0,0,0,0,113,46,320,0,128,8,-1,0,0,0,0,0,0,-1,0,0,0,0,0,0,-1,0,0,0,0,0,0,3,84,152,0,-1,0,0,0,-1,0,0,0,-1,0,0,-1,0,-1,0,-1,0,-1,0,-1,0,-1,0,-1,0,-1,0,-1,0,-1,0,-1,0,-1,0,-1,0,0,0,5400,3,0,3,177
926,430,fd,1,170,80,1,912,1056,0,2,2,64762,180,2,0,0,5,1,39,57,0,1,1,211,42,0,0,0,0,0,0,0,0,0,0,0,0,-1,0,0,0,0,0,-1,0,0,0,0,0,-1,0,0,0,0,0,0,112,44,304,0,160,8,-1,0,0,0,0,0,0,-1,0,0,0,0,0,0,-1,0,0,0,0,0,0,3,82,152,0,-1,0,0,0,-1,0,0,0,-1,0,0,-1,0,-1,0,-1,0,-1,0,-1,0,-1,0,-1,0,-1,0,-1,0,-1,0,-1,0,-1,0,-1,0,0,0,5399,3,0,3,178
927,431,fd,1,167,80,1,864,1056,0,2,2,64760,180,2,0,0,4,1,37,57,0,1,1,209,41,0,0,0,0,0,0,0,0,0,0,0,0,-1,0,0,0,0,0,-1,0,0,0,0,0,-1,0,0,0,0,0,0,111,42,288,0,192,8,-1,0,0,0,0,0,0,-1,0,0,0,0,0,0,-1,0,0,0,0,0,0,3,80,152,0,-1,0,0,0,-1,0,0,0,-1,0,0,-1,0,-1,0,-1,0,-1,0,-1,0,-1,0,-1,0,-1,0,-1,0,-1,0,-1,0,-1,0,-1,0,0,0,5398,3,0,3,179
928,432,fd,1,164,80,1,816,1056,0,2,2,64758,180,2,0,0,3,1,35,57,0,1,1,207,40,0,0,0,0,0,0,0,0,0,0,0,0,-1,0,0,0,0,0,-1,0,0,0,0,0,-1,0,0,0,0,0,0,110,40,272,0,224,8,-1,0,0,0,0,0,0,-1,0,0,0,0,0,0,-1,0,0,0,0,0,0,3,78,152,0,-1,0,0,0,-1,0,0,0,-1,0,0,-1,0,-1,0,-1,0,-1,0,-1,0,-1,0,-1,0,-1,0,-1,0,-1,0,-1,0,-1,0,-1,0,0,0,5397,3,0,3,180
929,433,fd,1,161,80,1,768,1056,0,2,2,64756,180,2,0,0,2,1,33,57,0,1,1,205,39,0,0,0,0,0,0,0,0,0,0,0,0,-1,0,0,0,0,0,-1,0,0,0,0,0,-1,0,0,0,0,0,0,109,39,256,0,0,8,-1,0,0,0,0,0,0,-1,0,0,0,0,0,0,-1,0,0,0,0,0,0,3,76,152,0,-1,0,0,0,-1,0,0,0,-1,0,0,-1,0,-1,0,-1,0,-1,0,-1,0,-1,0,-1,0,-1,0,-1,0,-1,0,-1,0,-1,0,-1,0,0,0,5396,3,0,3,181
930,434,fd,1,158,80,1,720,1056,0,2,2,64754,180,2,0,0,1,1,31,57,0,1,1,203,38,0,0,0,0,0,0,0,0,0,0,0,0,-1,0,0,0,0,0,-1,0,0,0,0,0,-1,0,0,0,0,0,0,108,37,240,0,32,8,-1,0,0,0,0,0,0,-1,0,0,0,0,0,0,-1,0,0,0,0,0,0,3,74,152,0,-1,0,0,0,-1,0,0,0,-1,0,0,-1,0,-1,0,-1,0,-1,0,-1,0,-1,0,-1,0,-1,0,-1,0,-1,0,-1,0,-1,0,-1,0,0,0,5395,3,0,3,182
931,435,fd,1,156,80,1,672,1056,0,2,2,64752,180,2,0,0,0,1,29,57,0,1,1,201,37,0,0,0,0,0,0,0,0,0,0,0,0,-1,0,0,0,0,0,-1,0,0,0,0,0,-1,0,0,0,0,0,1,108,35,0,1,64,8,-1,0,0,0,0,0,0,-1,0,0,0,0,0,0,-1,0,0,0,0,0,0,3,72,152,0,-1,0,0,0,-1,0,0,0,-1,0,0,-1,0,-1,0,-1,0,-1,0,-1,0,-1,0,-1,0,-1,0,-1,0,-1,0,-1,0,-1,0,-1,0,0,0,5394,3,0,3,183
932,436,fd,1,154,80,1,624,1056,0,2,2,64750,180,2,0,0,0,1,27,57,0,1,1,199,36,0,0,0,0,0,0,0,0,0,0,0,0,-1,0,0,0,0,0,-1,0,0,0,0,0,-1,0,0,0,0,0,1,108,33,16,1,96,8,-1,0,0,0,0,0,0,-1,0,0,0,0,0,0,-1,0,0,0,0,0,0,3,70,152,0,-1,0,0,0,-1,0,0,0,-1,0,0,-1,0,-1,0,-1,0,-1,0,-1,0,-1,0,-1,0,-1,0,-1,0,-1,0,-1,0,-1,0,-1,0,0,0,5393,3,0,3,184
933,437,fd,1,152,80,1,576,1056,0,2,2,64748,180,2,0,0,0,1,25,57,0,1,1,197,35,0,0,0,0,0,0,0,0,0,0,0,0,-1,0,0,0,0,0,-1,0,0,0,0,0,-1,0,0,0,0,0,1,108,31,32,1,128,8,-1,0,0,0,0,0,0,-1,0,0,0,0,0,0,-1,0,0,0,0,0,0,3,68,152,0,-1,0,0,0,-1,0,0,0,-1,0,0,-1,0,-1,0,-1,0,-1,0,-1,0,-1,0,-1,0,-1,0,-1,0,-1,0,-1,0,-1,0,-1,0,0,0,5392,3,0,3,185
934,438,fd,1,150,80,1,528,1056,0,2,2,64746,180,2,0,0,0,1,23,57,0,1,1,195,34,0,0,0,0,0,0,0,0,0,0,0,0,-1,0,0,0,0,0,-1,0,0,0,0,0,-1,0,0,0,0,0,1,108,29,48,1,160,8,-1,0,0,0,0,0,0,-1,0,0,0,0,0,0,-1,0,0,0,0,0,0,3,66,152,0,-1,0,0,0,-1,0,0,0,-1,0,0,-1,0,-1,0,-1,0,-1,0,-1,0,-1,0,-1,0,-1,0,-1,0,-1,0,-1,0,-1,0,-1,0,0,0,5391,3,0,3,186
935,439,fd,1,148,80,1,480,1056,0,2,2,64744,180,2,0,0,0,1,21,57,0,1,1,193,33,0,0,0,0,0,0,0,0,0,0,0,0,-1,0,0,0,0,0,-1,0,0,0,0,0,-1,0,0,0,0,0,1,108,27,64,1,192,8,-1,0,0,0,0,0,0,-1,0,0,0,0,0,0,-1,0,0,0,0,0,0,3,64,152,0,-1,0,0,0,-1,0,0,0,-1,0,0,-1,0,-1,0,-1,0,-1,0,-1,0,-1,0,-1,0,-1,0,-1,0,-1,0,-1,0,-1,0,-1,0,0,0,5390,3,0,3,187
936,440,fd,1,147,80,1,432,1056,0,2,2,64742,180,2,0,0,0,1,19,57,0,1,1,191,32,0,0,0,0,0,0,0,0,0,0,0,0,-1,0,0,0,0,0,-1,0,0,0,0,0,-1,0,0,0,0,0,1,108,25,80,1,224,8,-1,0,0,0,0,0,0,-1,0,0,0,0,0,0,-1,0,0,0,0,0,0,3,62,152,0,-1,0,0,0,-1,0,0,0,-1,0,0,-1,0,-1,0,-1,0,-1,0,-1,0,-1,0,-1,0,-1,0,-1,0,-1,0,-1,0,-1,0,-1,0,0,0,5389,3,0,3,188
937,441,fd,1,146,80,1,384,1056,0,2,2,64740,180,2,0,0,0,1,17,57,0,1,1,189,31,0,0,0,0,0,0,0,0,0,0,0,0,-1,0,0,0,0,0,-1,0,0,0,0,0,-1,0,0,0,0,0,1,108,24,96,1,0,8,-1,0,0,0,0,0,0,-1,0,0,0,0,0,0,-1,0,0,0,0,0,0,3,60,152,0,-1,0,0,0,-1,0,0,0,-1,0,0,-1,0,-1,0,-1,0,-1,0,-1,0,-1,0,-1,0,-1,0,-1,0,-1,0,-1,0,-1,0,-1,0,0,0,5388,3,0,3,189
938,442,fd,1,145,80,1,336,1056,0,2,2,64738,180,2,0,0,0,1,15,57,0,1,1,187,30,0,0,0,0,0,0,0,0,0,0,0,0,-1,0,0,0,0,0,-1,0,0,0,0,0,-1,0,0,0,0,0,1,108,22,112,1,32,8,-1,0,0,0,0,0,0,-1,0,0,0,0,0,0,-1,0,0,0,0,0,0,3,58,152,0,-1,0,0,0,-1,0,0,0,-1,0,0,-1,0,-1,0,-1,0,-1,0,-1,0,-1,0,-1,0,-1,0,-1,0,-1,0,-1,0,-1,0,-1,0,0,0,5387,3,0,3,190
939,443,fd,1,144,80,1,288,1056,0,2,2,64736,180,2,0,0,0,1,13,57,0,1,1,185,29,0,0,0,0,0,0,0,0,0,0,0,0,-1,0,0,0,0,0,-1,0,0,0,0,0,-1,0,0,0,0,0,1,108,20,128,1,64,8,-1,0,0,0,0,0,0,-1,0,0,0,0,0,0,-1,0,0,0,0,0,0,3,56,152,0,-1,0,0,0,-1,0,0,0,-1,0,0,-1,0,-1,0,-1,0,-1,0,-1,0,-1,0,-1,0,-1,0,-1,0,-1,0,-1,0,-1,0,-1,0,0,0,5386,3,0,3,191
940,444,fd,1,143,80,1,240,1056,0,2,2,64734,180,2,0,0,0,1,11,57,0,1,1,183,28,0,0,0,0,0,0,0,0,0,0,0,0,-1,0,0,0,0,0,-1,0,0,0,0,0,-1,0,0,0,0,0,1,108,18,144,1,96,8,-1,0,0,0,0,0,0,-1,0,0,0,0,0,0,-1,0,0,0,0,0,0,3,54,152,0,-1,0,0,0,-1,0,0,0,-1,0,0,-1,0,-1,0,-1,0,-1,0,-1,0,-1,0,-1,0,-1,0,-1,0,-1,0,-1,0,-1,0,-1,0,0,0,5385,3,0,3,192
941,445,fd,1,143,80,1,192,1056,0,2,2,64732,180,2,0,0,0,1,9,57,0,1,1,181,27,0,0,0,0,0,0,0,0,0,0,0,0,-1,0,0,0,0,0,-1,0,0,0,0,0,-1,0,0,0,0,0,1,108,16,160,1,128,8,-1,0,0,0,0,0,0,-1,0,0,0,0,0,0,-1,0,0,0,0,0,0,3,52,152,0,-1,0,0,0,-1,0,0,0,-1,0,0,-1,0,-1,0,-1,0,-1,0,-1,0,-1,0,-1,0,-1,0,-1,0,-1,0,-1,0,-1,0,-1,0,0,0,5384,3,0,3,193
942,446,fd,1,143,80,1,144,1056,0,2,2,64730,180,2,0,0,0,1,7,57,0,1,1,179,26,0,0,0,0,0,0,0,0,0,0,0,0,-1,0,0,0,0,0,-1,0,0,0,0,0,-1,0,0,0,0,0,1,108,14,176,1,160,8,-1,0,0,0,0,0,0,-1,0,0,0,0,0,0,-1,0,0,0,0,0,0,3,50,152,0,-1,0,0,0,-1,0,0,0,-1,0,0,-1,0,-1,0,-1,0,-1,0,-1,0,-1,0,-1,0,-1,0,-1,0,-1,0,-1,0,-1,0,-1,0,0,0,5383,3,0,3,194
943,447,fd,1,143,80,1,96,1056,0,2,2,64728,180,2,0,0,0,1,5,57,0,1,1,177,25,0,0,0,0,0,0,0,0,0,0,0,0,-1,0,0,0,0,0,-1,0,0,0,0,0,-1,0,0,0,0,0,1,108,12,192,1,192,8,-1,0,0,0,0,0,0,-1,0,0,0,0,0,0,-1,0,0,0,0,0,0,3,48,152,0,-1,0,0,0,-1,0,0,0,-1,0,0,-1,0,-1,0,-1,0,-1,0,-1,0,-1,0,-1,0,-1,0,-1,0,-1,0,-1,0,-1,0,-1,0,0,0,5382,3,0,3,195
944,448,fd,1,143,80,1,48,1056,0,2,2,64726,180,2,0,0,0,1,3,57,0,1,1,175,24,0,0,0,0,0,0,0,0,0,0,0,0,-1,0,0,0,0,0,-1,0,0,0,0,0,-1,0,0,0,0,0,1,108,10,208,1,224,8,-1,0,0,0,0,0,0,-1,0,0,0,0,0,0,-1,0,0,0,0,0,0,3,46,152,0,-1,0,0,0,-1,0,0,0,-1,0,0,-1,0,-1,0,-1,0,-1,0,-1,0,-1,0,-1,0,-1,0,-1,0,-1,0,-1,0,-1,0,-1,0,0,0,5381,3,0,3,196
945,449,fd,1,143,80,2,0,1056,0,2,2,64724,180,2,0,0,0,1,1,57,0,1,1,173,23,0,0,0,0,0,0,0,0,0,0,0,0,-1,0,0,0,0,0,-1,0,0,0,0,0,-1,0,0,0,0,0,1,108,9,224,1,0,8,-1,0,0,0,0,0,0,-1,0,0,0,0,0,0,-1,0,0,0,0,0,0,3,44,152,0,-1,0,0,0,-1,0,0,0,-1,0,0,-1,0,-1,0,-1,0,-1,0,-1,0,-1,0,-1,0,-1,0,-1,0,-1,0,-1,0,-1,0,-1,0,0,0,5380,3,0,3,197
946,450,fd,1,143,80,2,48,1056,0,2,2,64722,180,2,0,0,0,1,255,57,0,1,1,171,22,0,0,0,0,0,0,0,0,0,0,0,0,-1,0,0,0,0,0,-1,0,0,0,0,0,-1,0,0,0,0,0,1,108,7,240,1,32,8,-1,0,0,0,0,0,0,-1,0,0,0,0,0,0,-1,0,0,0,0,0,0,3,42,152,0,-1,0,0,0,-1,0,0,0,-1,0,0,-1,0,-1,0,-1,0,-1,0,-1,0,-1,0,-1,0,-1,0,-1,0,-1,0,-1,0,-1,0,-1,0,0,0,5379,3,0,3,198
947,451,fd,1,143,80,2,96,1056,0,2,2,64720,180,2,0,0,0,1,253,57,0,1,1,169,21,0,0,0,0,0,0,0,0,0,0,0,0,-1,0,0,0,0,0,-1,0,0,0,0,0,-1,0,0,0,0,0,1,108,5,256,1,64,8,-1,0,0,0,0,0,0,-1,0,0,0,0,0,0,-1,0,0,0,0,0,0,3,40,152,0,-1,0,0,0,-1,0,0,0,-1,0,0,-1,0,-1,0,-1,0,-1,0,-1,0,-1,0,-1,0,-1,0,-1,0,-1,0,-1,0,-1,0,-1,0,0,0,5378,3,0,3,199
948,452,fd,1,143,80,2,144,1056,0,2,2,64718,180,2,0,0,0,1,251,57,0,1,1,167,20,0,0,0,0,0,0,0,0,0,0,0,0,-1,0,0,0,0,0,-1,0,0,0,0,0,-1,0,0,0,0,0,1,109,3,272,1,96,8,-1,0,0,0,0,0,0,-1,0,0,0,0,0,0,-1,0,0,0,0,0,0,3,38,152,0,-1,0,0,0,-1,0,0,0,-1,0,0,-1,0,-1,0,-1,0,-1,0,-1,0,-1,0,-1,0,-1,0,-1,0,-1,0,-1,0,-1,0,-1,0,0,0,5377,3,0,3,200
949,453,fd,1,143,80,2,192,1056,0,2,2,64716,180,2,0,0,0,1,249,57,0,1,1,165,19,0,0,0,0,0,0,0,0,0,0,0,0,-1,0,0,0,0,0,-1,0,0,0,0,0,-1,0,0,0,0,0,1,110,1,288,1,128,8,-1,0,0,0,0,0,0,-1,0,0,0,0,0,0,-1,0,0,0,0,0,0,3,36,152,0,-1,0,0,0,-1,0,0,0,-1,0,0,-1,0,-1,0,-1,0,-1,0,-1,0,-1,0,-1,0,-1,0,-1,0,-1,0,-1,0,-1,0,-1,0,0,0,5376,3,0,3,201
950,454,fd,1,143,80,2,240,1056,0,2,2,64714,180,2,0,0,0,1,247,57,0,1,1,163,18,0,0,0,0,0,0,0,0,0,0,0,0,-1,0,0,0,0,0,-1,0,0,0,0,0,-1,0,0,0,0,0,1,111,255,304,1,160,8,-1,0,0,0,0,0,0,-1,0,0,0,0,0,0,-1,0,0,0,0,0,0,3,34,152,0,-1,0,0,0,-1,0,0,0,-1,0,0,-1,0,-1,0,-1,0,-1,0,-1,0,-1,0,-1,0,-1,0,-1,0,-1,0,-1,0,-1,0,-1,0,0,0,5375,3,0,3,202
951,455,fd,1,143,80,2,288,1056,0,2,2,64712,180,2,0,0,0,1,245,57,0,1,1,161,17,0,0,0,0,0,0,0,0,0,0,0,0,-1,0,0,0,0,0,-1,0,0,0,0,0,-1,0,0,0,0,0,1,112,253,320,1,192,8,-1,0,0,0,0,0,0,-1,0,0,0,0,0,0,-1,0,0,0,0,0,0,3,32,152,0,-1,0,0,0,-1,0,0,0,-1,0,0,-1,0,-1,0,-1,0,-1,0,-1,0,-1,0,-1,0,-1,0,-1,0,-1,0,-1,0,-1,0,-1,0,0,0,5374,3,0,3,203
952,456,fd,1,144,80,2,336,1056,0,2,2,64710,180,2,0,0,0,1,243,57,0,1,1,159,16,0,0,0,0,0,0,0,0,0,0,0,0,-1,0,0,0,0,0,-1,0,0,0,0,0,-1,0,0,0,0,0,1,113,251,336,1,224,8,-1,0,0,0,0,0,0,-1,0,0,0,0,0,0,-1,0,0,0,0,0,0,3,30,152,0,-1,0,0,0,-1,0,0,0,-1,0,0,-1,0,-1,0,-1,0,-1,0,-1,0,-1,0,-1,0,-1,0,-1,0,-1,0,-1,0,-1,0,-1,0,0,0,5373,3,0,3,204
953,457,fd,1,145,80,2,384,1056,0,2,2,64708,180,2,0,0,0,0,0,0,0,0,1,157,15,0,0,0,0,0,0,0,0,0,0,0,0,-1,0,0,0,0,0,-1,0,0,0,0,0,-1,0,0,0,0,0,-1,0,0,0,0,0,0,-1,0,0,0,0,0,0,-1,0,0,0,0,0,0,-1,0,0,0,0,0,0,3,28,152,0,-1,0,0,0,-1,0,0,0,-1,0,0,-1,0,-1,0,-1,0,-1,0,-1,0,-1,0,-1,0,-1,0,-1,0,-1,0,-1,0,-1,0,-1,0,0,0,5372,3,0,3,205
954,458,fd,1,146,80,2,432,1056,0,2,2,64706,180,2,0,0,0,0,0,0,0,0,1,155,14,0,0,0,0,0,0,0,0,0,0,0,0,-1,0,0,0,0,0,-1,0,0,0,0,0,-1,0,0,0,0,0,-1,0,0,0,0,0,0,-1,0,0,0,0,0,0,-1,0,0,0,0,0,0,-1,0,0,0,0,0,0,3,26,152,0,-1,0,0,0,-1,0,0,0,-1,0,0,-1,0,-1,0,-1,0,-1,0,-1,0,-1,0,-1,0,-1,0,-1,0,-1,0,-1,0,-1,0,-1,0,0,0,5371,3,0,3,206
955,459,fd,1,147,80,2,480,1056,0,2,2,64704,180,2,0,0,0,0,0,0,0,0,1,153,13,0,0,0,0,0,0,0,0,0,0,0,0,-1,0,0,0,0,0,-1,0,0,0,0,0,-1,0,0,0,0,0,-1,0,0,0,0,0,0,-1,0,0,0,0,0,0,-1,0,0,0,0,0,0,-1,0,0,0,0,0,0,3,24,152,0,-1,0,0,0,-1,0,0,0,-1,0,0,-1,0,-1,0,-1,0,-1,0,-1,0,-1,0,-1,0,-1,0,-1,0,-1,0,-1,0,-1,0,-1,0,0,0,5370,3,0,3,207
956,460,fd,1,148,80,2,528,1056,0,2,2,64702,180,2,0,0,0,0,0,0,0,0,1,151,12,0,0,0,0,0,0,0,0,0,0,0,0,-1,0,0,0,0,0,-1,0,0,0,0,0,-1,0,0,0,0,0,-1,0,0,0,0,0,0,-1,0,0,0,0,0,0,-1,0,0,0,0,0,0,-1,0,0,0,0,0,0,3,22,152,0,-1,0,0,0,-1,0,0,0,-1,0,0,-1,0,-1,0,-1,0,-1,0,-1,0,-1,0,-1,0,-1,0,-1,0,-1,0,-1,0,-1,0,-1,0,0,0,5369,3,0,3,208
957,461,fd,1,150,80,2,576,1056,0,2,2,64700,180,2,0,0,0,0,0,0,0,0,1,149,11,0,0,0,0,0,0,0,0,0,0,0,0,-1,0,0,0,0,0,-1,0,0,0,0,0,-1,0,0,0,0,0,-1,0,0,0,0,0,0,-1,0,0,0,0,0,0,-1,0,0,0,0,0,0,-1,0,0,0,0,0,0,3,20,152,0,-1,0,0,0,-1,0,0,0,-1,0,0,-1,0,-1,0,-1,0,-1,0,-1,0,-1,0,-1,0,-1,0,-1,0,-1,0,-1,0,-1,0,-1,0,0,0,5368,3,0,3,209
958,462,fd,1,152,80,2,624,1056,0,2,2,64698,180,2,0,0,0,0,0,0,0,0,1,147,10,0,0,0,0,0,0,0,0,0,0,0,0,-1,0,0,0,0,0,-1,0,0,0,0,0,-1,0,0,0,0,0,-1,0,0,0,0,0,0,-1,0,0,0,0,0,0,-1,0,0,0,0,0,0,-1,0,0,0,0,0,0,3,18,152,0,-1,0,0,0,-1,0,0,0,-1,0,0,-1,0,-1,0,-1,0,-1,0,-1,0,-1,0,-1,0,-1,0,-1,0,-1,0,-1,0,-1,0,-1,0,0,0,5367,3,0,3,210
959,463,fd,1,154,80,2,672,1056,0,2,2,64696,180,2,0,0,0,0,0,0,0,0,1,145,9,0,0,0,0,0,0,0,0,0,0,0,0,-1,0,0,0,0,0,-1,0,0,0,0,0,-1,0,0,0,0,0,-1,0,0,0,0,0,0,-1,0,0,0,0,0,0,-1,0,0,0,0,0,0,-1,0,0,0,0,0,0,3,16,152,0,-1,0,0,0,-1,0,0,0,-1,0,0,-1,0,-1,0,-1,0,-1,0,-1,0,-1,0,-1,0,-1,0,-1,0,-1,0,-1,0,-1,0,-1,0,0,0,5366,3,0,3,211
960,464,fd,1,156,80,2,720,1056,0,2,2,64694,180,2,0,0,0,0,0,0,0,0,1,143,8,0,0,0,0,0,0,0,0,0,0,0,0,-1,0,0,0,0,0,-1,0,0,0,0,0,-1,0,0,0,0,0,-1,0,0,0,0,0,0,-1,0,0,0,0,0,0,-1,0,0,0,0,0,0,-1,0,0,0,0,0,0,3,14,152,0,-1,0,0,0,-1,0,0,0,-1,0,0,-1,0,-1,0,-1,0,-1,0,-1,0,-1,0,-1,0,-1,0,-1,0,-1,0,-1,0,-1,0,-1,0,0,0,5365,3,0,3,212
961,465,fd,1,158,80,2,768,1056,0,2,2,64692,180,2,0,0,0,0,0,0,0,0,1,141,7,0,0,0,0,0,0,0,0,0,0,0,0,-1,0,0,0,0,0,-1,0,0,0,0,0,-1,0,0,0,0,0,-1,0,0,0,0,0,0,-1,0,0,0,0,0,0,-1,0,0,0,0,0,0,-1,0,0,0,0,0,0,3,12,152,0,-1,0,0,0,-1,0,0,0,-1,0,0,-1,0,-1,0,-1,0,-1,0,-1,0,-1,0,-1,0,-1,0,-1,0,-1,0,-1,0,-1,0,-1,0,0,0,5364,3,0,3,213
962,466,fd,1,161,80,2,816,1056,0,2,2,64690,180,2,0,0,0,0,0,0,0,0,1,139,6,0,0,0,0,0,0,0,0,0,0,0,0,-1,0,0,0,0,0,-1,0,0,0,0,0,-1,0,0,0,0,0,-1,0,0,0,0,0,0,-1,0,0,0,0,0,0,-1,0,0,0,0,0,0,-1,0,0,0,0,0,0,3,10,152,0,-1,0,0,0,-1,0,0,0,-1,0,0,-1,0,-1,0,-1,0,-1,0,-1,0,-1,0,-1,0,-1,0,-1,0,-1,0,-1,0,-1,0,-1,0,0,0,5363,3,0,3,214
963,467,fd,1,164,80,2,864,1056,0,2,2,64688,180,2,0,0,0,0,0,0,0,0,1,137,5,0,0,0,0,0,0,0,0,0,0,0,0,-1,0,0,0,0,0,-1,0,0,0,0,0,-1,0,0,0,0,0,-1,0,0,0,0,0,0,-1,0,0,0,0,0,0,-1,0,0,0,0,0,0,-1,0,0,0,0,0,0,3,8,152,0,-1,0,0,0,-1,0,0,0,-1,0,0,-1,0,-1,0,-1,0,-1,0,-1,0,-1,0,-1,0,-1,0,-1,0,-1,0,-1,0,-1,0,-1,0,0,0,5362,3,0,3,215
964,468,fd,1,167,80,2,912,1056,0,2,2,64686,180,2,0,0,0,0,0,0,0,0,1,135,4,0,0,0,0,0,0,0,0,0,0,0,0,-1,0,0,0,0,0,-1,0,0,0,0,0,-1,0,0,0,0,0,-1,0,0,0,0,0,0,-1,0,0,0,0,0,0,-1,0,0,0,0,0,0,-1,0,0,0,0,0,0,3,6,152,0,-1,0,0,0,-1,0,0,0,-1,0,0,-1,0,-1,0,-1,0,-1,0,-1,0,-1,0,-1,0,-1,0,-1,0,-1,0,-1,0,-1,0,-1,0,0,0,5361,3,0,3,216
965,469,fd,1,170,80,2,960,1056,0,2,2,64684,180,2,0,0,0,0,0,0,0,0,1,133,3,0,0,0,0,0,0,0,0,0,0,0,0,-1,0,0,0,0,0,-1,0,0,0,0,0,-1,0,0,0,0,0,-1,0,0,0,0,0,0,-1,0,0,0,0,0,0,-1,0,0,0,0,0,0,-1,0,0,0,0,0,0,3,4,152,0,-1,0,0,0,-1,0,0,0,-1,0,0,-1,0,-1,0,-1,0,-1,0,-1,0,-1,0,-1,0,-1,0,-1,0,-1,0,-1,0,-1,0,-1,0,0,0,5360,3,0,3,217
966,470,fd,1,173,80,2,1008,1056,0,2,2,64682,180,2,0,0,0,0,0,0,0,0,1,131,2,0,0,0,0,0,0,0,0,0,0,0,0,-1,0,0,0,0,0,-1,0,0,0,0,0,-1,0,0,0,0,0,-1,0,0,0,0,0,0,-1,0,0,0,0,0,0,-1,0,0,0,0,0,0,-1,0,0,0,0,0,0,3,2,152,0,-1,0,0,0,-1,0,0,0,-1,0,0,-1,0,-1,0,-1,0,-1,0,-1,0,-1,0,-1,0,-1,0,-1,0,-1,0,-1,0,-1,0,-1,0,0,0,5359,3,0,3,218
967,471,fd,1,180,80,1,1056,1056,0,2,2,64680,200,2,0,0,8,0,0,0,0,0,1,129,1,0,0,0,0,0,0,0,0,0,0,0,0,-1,0,0,0,0,0,-1,0,0,0,0,0,-1,0,0,0,0,0,-1,0,0,0,0,0,0,-1,0,0,0,0,0,0,-1,0,0,0,0,0,0,-1,0,0,0,0,0,0,3,0,152,0,-1,0,0,0,-1,0,0,0,-1,0,0,-1,0,-1,0,-1,0,-1,0,-1,0,-1,0,-1,0,-1,0,-1,0,-1,0,-1,0,-1,0,-1,0,0,0,5358,3,0,3,219
968,472,fd,1,176,80,1,1008,1056,0,2,2,64678,200,2,0,0,7,0,0,0,0,0,1,127,57,0,0,0,0,0,0,0,0,0,0,0,0,0,210,131,0,0,7,-1,0,0,0,0,0,-1,0,0,0,0,0,-1,0,0,0,0,0,0,-1,0,0,0,0,0,0,-1,0,0,0,0,0,0,-1,0,0,0,0,0,0,3,254,152,0,-1,0,0,0,-1,0,0,0,-1,0,0,-1,0,-1,0,-1,0,-1,0,-1,0,-1,0,-1,0,-1,0,-1,0,-1,0,-1,0,-1,0,-1,0,0,0,5357,3,0,3,220
969,473,fd,1,173,80,1,960,1056,0,2,2,64676,200,2,0,0,6,0,0,0,0,0,1,125,56,0,0,0,0,0,0,0,0,0,0,0,0,0,210,129,0,0,6,-1,0,0,0,0,0,-1,0,0,0,0,0,-1,0,0,0,0,0,0,-1,0,0,0,0,0,0,-1,0,0,0,0,0,0,-1,0,0,0,0,0,0,3,252,152,0,-1,0,0,0,-1,0,0,0,-1,0,0,-1,0,-1,0,-1,0,-1,0,-1,0,-1,0,-1,0,-1,0,-1,0,-1,0,-1,0,-1,0,-1,0,0,0,5356,3,0,3,221
970,474,fd,1,170,80,1,912,1056,0,2,2,64674,200,2,0,0,5,0,0,0,0,0,1,123,55,0,0,0,0,0,0,0,0,0,0,0,0,0,210,127,0,0,5,-1,0,0,0,0,0,-1,0,0,0,0,0,-1,0,0,0,0,0,0,-1,0,0,0,0,0,0,-1,0,0,0,0,0,0,-1,0,0,0,0,0,0,3,250,152,0,-1,0,0,0,-1,0,0,0,-1,0,0,-1,0,-1,0,-1,0,-1,0,-1,0,-1,0,-1,0,-1,0,-1,0,-1,0,-1,0,-1,0,-1,0,0,0,5355,3,0,3,222
971,475,fd,1,167,80,1,864,1056,0,2,2,64672,200,2,0,0,4,0,0,0,0,0,1,121,54,0,0,0,0,0,0,0,0,0,0,0,0,0,210,125,0,0,4,-1,0,0,0,0,0,-1,0,0,0,0,0,-1,0,0,0,0,0,0,-1,0,0,0,0,0,0,-1,0,0,0,0,0,0,-1,0,0,0,0,0,0,3,248,152,0,-1,0,0,0,-1,0,0,0,-1,0,0,-1,0,-1,0,-1,0,-1,0,-1,0,-1,0,-1,0,-1,0,-1,0,-1,0,-1,0,-1,0,-1,0,0,0,5354,3,0,3,223
972,476,fd,1,164,80,1,816,1056,0,2,2,64670,200,2,0,0,3,0,0,0,0,0,1,119,53,0,0,0,0,0,0,0,0,0,0,0,0,0,210,123,0,0,3,-1,0,0,0,0,0,-1,0,0,0,0,0,-1,0,0,0,0,0,0,-1,0,0,0,0,0,0,-1,0,0,0,0,0,0,-1,0,0,0,0,0,0,3,246,152,0,-1,0,0,0,-1,0,0,0,-1,0,0,-1,0,-1,0,-1,0,-1,0,-1,0,-1,0,-1,0,-1,0,-1,0,-1,0,-1,0,-1,0,-1,0,0,0,5353,3,0,3,224
973,477,fd,1,161,80,1,768,1056,0,2,2,64668,200,3,0,0,2,0,0,0,0,0,1,117,52,0,0,0,0,0,0,0,0,0,0,0,0,0,210,121,0,0,2,-1,0,0,0,0,0,-1,0,0,0,0,0,-1,0,0,0,0,0,0,-1,0,0,0,0,0,0,-1,0,0,0,0,0,0,-1,0,0,0,0,0,0,-1,0,0,0,-1,0,0,0,-1,0,0,0,-1,0,0,-1,0,-1,0,-1,0,-1,0,-1,0,-1,0,-1,0,-1,0,-1,0,-1,0,-1,0,-1,0,-1,0,0,0,5352,3,0,3,225
974,478,fd,1,158,80,1,720,1056,0,2,2,64666,200,3,0,0,1,0,0,0,0,0,1,115,51,0,0,0,0,0,0,0,0,0,0,0,0,0,210,119,0,0,1,-1,0,0,0,0,0,-1,0,0,0,0,0,-1,0,0,0,0,0,0,-1,0,0,0,0,0,0,-1,0,0,0,0,0,0,-1,0,0,0,0,0,0,-1,0,0,0,-1,0,0,0,-1,0,0,0,-1,0,0,-1,0,-1,0,-1,0,-1,0,-1,0,-1,0,-1,0,-1,0,-1,0,-1,0,-1,0,-1,0,-1,0,0,0,5351,3,0,3,226
975,479,fd,1,156,80,1,672,1056,0,2,2,64664,200,3,0,0,0,0,0,0,0,0,1,113,50,0,0,0,0,0,0,0,0,0,0,0,0,1,210,117,1024,0,0,-1,0,0,0,0,0,-1,0,0,0,0,0,-1,0,0,0,0,0,0,-1,0,0,0,0,0,0,-1,0,0,0,0,0,0,-1,0,0,0,0,0,0,-1,0,0,0,-1,0,0,0,-1,0,0,0,-1,0,0,-1,0,-1,0,-1,0,-1,0,-1,0,-1,0,-1,0,-1,0,-1,0,-1,0,-1,0,-1,0,-1,0,0,0,5350,3,0,3,227
976,480,fd,1,154,80,1,624,1056,0,2,2,64662,200,3,0,0,0,0,0,0,0,0,1,111,49,0,0,0,0,0,0,0,0,0,0,0,0,1,206,115,1008,0,0,-1,0,0,0,0,0,-1,0,0,0,0,0,-1,0,0,0,0,0,0,-1,0,0,0,0,0,0,-1,0,0,0,0,0,0,-1,0,0,0,0,0,0,-1,0,0,0,-1,0,0,0,-1,0,0,0,-1,0,0,-1,0,-1,0,-1,0,-1,0,-1,0,-1,0,-1,0,-1,0,-1,0,-1,0,-1,0,-1,0,-1,0,0,0,5349,3,0,3,228
977,481,fd,1,152,80,1,576,1056,0,2,2,64660,200,3,0,0,0,0,0,0,0,0,1,109,48,0,0,0,0,0,0,0,0,0,0,0,0,1,203,113,992,0,0,-1,0,0,0,0,0,-1,0,0,0,0,0,-1,0,0,0,0,0,0,-1,0,0,0,0,0,0,-1,0,0,0,0,0,0,-1,0,0,0,0,0,0,-1,0,0,0,-1,0,0,0,-1,0,0,0,-1,0,0,-1,0,-1,0,-1,0,-1,0,-1,0,-1,0,-1,0,-1,0,-1,0,-1,0,-1,0,-1,0,-1,0,0,0,5348,3,0,3,229
978,482,fd,1,150,80,1,528,1056,0,2,2,64658,200,3,0,0,0,0,0,0,0,0,1,107,47,0,0,0,0,0,0,0,0,0,0,0,0,1,200,111,976,0,0,-1,0,0,0,0,0,-1,0,0,0,0,0,-1,0,0,0,0,0,0,-1,0,0,0,0,0,0,-1,0,0,0,0,0,0,-1,0,0,0,0,0,0,-1,0,0,0,-1,0,0,0,-1,0,0,0,-1,0,0,-1,0,-1,0,-1,0,-1,0,-1,0,-1,0,-1,0,-1,0,-1,0,-1,0,-1,0,-1,0,-1,0,0,0,5347,3,0,3,230
979,483,fd,1,148,80,1,480,1056,0,2,2,64656,200,3,0,0,0,0,0,0,0,0,1,105,46,0,0,0,0,0,0,0,0,0,0,0,0,1,197,109,960,0,0,-1,0,0,0,0,0,-1,0,0,0,0,0,-1,0,0,0,0,0,0,-1,0,0,0,0,0,0,-1,0,0,0,0,0,0,-1,0,0,0,0,0,0,-1,0,0,0,-1,0,0,0,-1,0,0,0,-1,0,0,-1,0,-1,0,-1,0,-1,0,-1,0,-1,0,-1,0,-1,0,-1,0,-1,0,-1,0,-1,0,-1,0,0,0,5346,3,0,3,231
980,484,fd,1,147,80,1,432,1056,0,2,2,64654,200,3,0,0,0,0,0,0,0,0,1,103,45,0,0,0,0,0,0,0,0,0,0,0,0,1,194,107,944,0,0,-1,0,0,0,0,0,-1,0,0,0,0,0,-1,0,0,0,0,0,0,-1,0,0,0,0,0,0,-1,0,0,0,0,0,0,-1,0,0,0,0,0,0,-1,0,0,0,-1,0,0,0,-1,0,0,0,-1,0,0,-1,0,-1,0,-1,0,-1,0,-1,0,-1,0,-1,0,-1,0,-1,0,-1,0,-1,0,-1,0,-1,0,0,0,5345,3,0,3,232
981,485,fd,1,146,80,1,384,1056,0,2,2,64652,200,3,0,0,0,0,0,0,0,0,1,101,44,0,0,0,0,0,0,0,0,0,0,0,0,1,191,105,928,0,0,-1,0,0,0,0,0,-1,0,0,0,0,0,-1,0,0,0,0,0,0,-1,0,0,0,0,0,0,-1,0,0,0,0,0,0,-1,0,0,0,0,0,0,-1,0,0,0,-1,0,0,0,-1,0,0,0,-1,0,0,-1,0,-1,0,-1,0,-1,0,-1,0,-1,0,-1,0,-1,0,-1,0,-1,0,-1,0,-1,0,-1,0,0,0,5344,3,0,3,233
982,486,fd,1,145,80,1,336,1056,0,2,2,64650,200,3,0,0,0,0,0,0,0,0,1,99,43,0,0,0,0,0,0,0,0,0,0,0,0,1,188,103,912,0,0,-1,0,0,0,0,0,-1,0,0,0,0,0,-1,0,0,0,0,0,0,-1,0,0,0,0,0,0,-1,0,0,0,0,0,0,-1,0,0,0,0,0,0,-1,0,0,0,-1,0,0,0,-1,0,0,0,-1,0,0,-1,0,-1,0,-1,0,-1,0,-1,0,-1,0,-1,0,-1,0,-1,0,-1,0,-1,0,-1,0,-1,0,0,0,5343,3,0,3,234
983,487,fd,1,144,80,1,288,1056,0,2,2,64648,200,3,0,0,0,0,0,0,0,0,1,97,42,0,0,0,0,0,0,0,0,0,0,0,0,1,185,101,896,0,0,-1,0,0,0,0,0,-1,0,0,0,0,0,-1,0,0,0,0,0,0,-1,0,0,0,0,0,0,-1,0,0,0,0,0,0,-1,0,0,0,0,0,0,-1,0,0,0,-1,0,0,0,-1,0,0,0,-1,0,0,-1,0,-1,0,-1,0,-1,0,-1,0,-1,0,-1,0,-1,0,-1,0,-1,0,-1,0,-1,0,-1,0,0,0,5342,3,0,3,235
984,488,fd,1,143,80,1,240,1056,0,2,2,64646,200,3,0,0,0,0,0,0,0,0,1,95,41,0,0,0,0,0,0,0,0,0,0,0,0,1,182,99,880,0,0,-1,0,0,0,0,0,-1,0,0,0,0,0,-1,0,0,0,0,0,0,-1,0,0,0,0,0,0,-1,0,0,0,0,0,0,-1,0,0,0,0,0,0,-1,0,0,0,-1,0,0,0,-1,0,0,0,-1,0,0,-1,0,-1,0,-1,0,-1,0,-1,0,-1,0,-1,0,-1,0,-1,0,-1,0,-1,0,-1,0,-1,0,0,0,5341,3,0,3,236
985,489,fd,1,143,80,1,192,1056,0,2,2,64644,200,3,0,0,0,0,0,0,0,0,1,93,40,0,0,0,0,0,0,0,0,0,0,0,0,1,179,97,864,0,0,-1,0,0,0,0,0,-1,0,0,0,0,0,-1,0,0,0,0,0,0,-1,0,0,0,0,0,0,-1,0,0,0,0,0,0,-1,0,0,0,0,0,0,-1,0,0,0,-1,0,0,0,-1,0,0,0,-1,0,0,-1,0,-1,0,-1,0,-1,0,-1,0,-1,0,-1,0,-1,0,-1,0,-1,0,-1,0,-1,0,-1,0,0,0,5340,3,0,3,237
986,490,fd,1,143,80,1,144,1056,0,2,2,64642,200,3,0,0,0,0,0,0,0,0,1,91,39,0,0,0,0,0,0,0,0,0,0,0,0,1,176,95,848,0,0,-1,0,0,0,0,0,-1,0,0,0,0,0,-1,0,0,0,0,0,0,-1,0,0,0,0,0,0,-1,0,0,0,0,0,0,-1,0,0,0,0,0,0,-1,0,0,0,-1,0,0,0,-1,0,0,0,-1,0,0,-1,0,-1,0,-1,0,-1,0,-1,0,-1,0,-1,0,-1,0,-1,0,-1,0,-1,0,-1,0,-1,0,0,0,5339,3,0,3,238
987,491,fd,1,143,80,1,96,1056,0,2,2,64640,200,3,0,0,0,0,0,0,0,0,1,89,38,0,0,0,0,0,0,0,0,0,0,0,0,1,173,93,832,0,0,-1,0,0,0,0,0,-1,0,0,0,0,0,-1,0,0,0,0,0,0,-1,0,0,0,0,0,0,-1,0,0,0,0,0,0,-1,0,0,0,0,0,0,-1,0,0,0,-1,0,0,0,-1,0,0,0,-1,0,0,-1,0,-1,0,-1,0,-1,0,-1,0,-1,0,-1,0,-1,0,-1,0,-1,0,-1,0,-1,0,-1,0,0,0,5338,3,0,3,239
988,492,fd,1,143,80,1,48,1056,0,2,2,64638,200,3,0,0,0,0,0,0,0,0,1,87,37,0,0,0,0,0,0,0,0,0,0,0,0,1,170,91,816,0,0,-1,0,0,0,0,0,-1,0,0,0,0,0,-1,0,0,0,0,0,0,-1,0,0,0,0,0,0,-1,0,0,0,0,0,0,-1,0,0,0,0,0,0,-1,0,0,0,-1,0,0,0,-1,0,0,0,-1,0,0,-1,0,-1,0,-1,0,-1,0,-1,0,-1,0,-1,0,-1,0,-1,0,-1,0,-1,0,-1,0,-1,0,0,0,5337,3,0,3,240
989,493,fd,1,143,80,2,0,1056,0,2,2,64636,200,3,0,0,0,0,0,0,0,0,1,85,36,0,0,0,0,0,0,0,0,0,0,0,0,1,167,89,800,0,0,-1,0,0,0,0,0,-1,0,0,0,0,0,-1,0,0,0,0,0,0,-1,0,0,0,0,0,0,-1,0,0,0,0,0,0,-1,0,0,0,0,0,0,-1,0,0,0,-1,0,0,0,-1,0,0,0,-1,0,0,-1,0,-1,0,-1,0,-1,0,-1,0,-1,0,-1,0,-1,0,-1,0,-1,0,-1,0,-1,0,-1,0,0,0,5336,3,0,3,241
990,494,fd,1,143,80,2,48,1056,0,2,2,64634,200,3,0,0,0,0,0,0,0,0,1,83,35,0,0,0,0,0,0,0,0,0,0,0,0,1,164,87,784,0,0,-1,0,0,0,0,0,-1,0,0,0,0,0,-1,0,0,0,0,0,0,-1,0,0,0,0,0,0,-1,0,0,0,0,0,0,-1,0,0,0,0,0,0,-1,0,0,0,-1,0,0,0,-1,0,0,0,-1,0,0,-1,0,-1,0,-1,0,-1,0,-1,0,-1,0,-1,0,-1,0,-1,0,-1,0,-1,0,-1,0,-1,0,0,0,5335,3,0,3,242
991,495,fd,1,143,80,2,96,1056,0,2,2,64632,200,3,0,0,0,0,0,0,0,0,1,81,34,0,0,0,0,0,0,0,0,0,0,0,0,1,161,85,768,0,0,-1,0,0,0,0,0,-1,0,0,0,0,0,-1,0,0,0,0,0,0,-1,0,0,0,0,0,0,-1,0,0,0,0,0,0,-1,0,0,0,0,0,0,-1,0,0,0,-1,0,0,0,-1,0,0,0,-1,0,0,-1,0,-1,0,-1,0,-1,0,-1,0,-1,0,-1,0,-1,0,-1,0,-1,0,-1,0,-1,0,-1,0,0,0,5334,3,0,3,243
992,496,fd,1,143,80,2,144,1056,0,2,2,64630,200,3,0,0,0,0,0,0,0,0,1,79,33,0,0,0,0,0,0,0,0,0,0,0,0,1,158,83,752,0,0,-1,0,0,0,0,0,-1,0,0,0,0,0,-1,0,0,0,0,0,0,-1,0,0,0,0,0,0,-1,0,0,0,0,0,0,-1,0,0,0,0,0,0,-1,0,0,0,-1,0,0,0,-1,0,0,0,-1,0,0,-1,0,-1,0,-1,0,-1,0,-1,0,-1,0,-1,0,-1,0,-1,0,-1,0,-1,0,-1,0,-1,0,0,0,5333,3,0,3,244
993,497,fd,1,143,80,2,192,1056,0,2,2,64628,200,3,0,0,0,0,0,0,0,0,1,77,32,0,0,0,0,0,0,0,0,0,0,0,0,1,156,81,736,0,0,-1,0,0,0,0,0,-1,0,0,0,0,0,-1,0,0,0,0,0,0,-1,0,0,0,0,0,0,-1,0,0,0,0,0,0,-1,0,0,0,0,0,0,-1,0,0,0,-1,0,0,0,-1,0,0,0,-1,0,0,-1,0,-1,0,-1,0,-1,0,-1,0,-1,0,-1,0,-1,0,-1,0,-1,0,-1,0,-1,0,-1,0,0,0,5332,3,0,3,245
994,498,fd,1,143,80,2,240,1056,0,2,2,64626,200,3,0,0,0,1,239,56,0,0,1,75,31,0,0,0,0,0,0,0,0,0,0,0,0,1,154,79,720,0,0,-1,0,0,0,0,0,-1,0,0,0,0,0,-1,0,0,0,0,0,0,-1,0,0,0,0,0,0,-1,0,0,0,0,0,0,-1,0,0,0,0,0,0,-1,0,0,0,-1,0,0,0,-1,0,0,0,-1,0,0,-1,0,-1,0,-1,0,-1,0,-1,0,-1,0,-1,0,-1,0,-1,0,-1,0,-1,0,-1,0,-1,0,0,0,5331,3,0,3,246
995,499,fd,1,143,80,2,288,1056,0,2,2,64624,200,3,0,0,0,1,237,55,0,0,1,73,30,0,0,0,0,0,0,0,0,0,0,0,0,1,152,77,704,0,0,-1,0,0,0,0,0,-1,0,0,0,0,0,-1,0,0,0,0,0,0,-1,0,0,0,0,0,0,-1,0,0,0,0,0,0,-1,0,0,0,0,0,0,-1,0,0,0,-1,0,0,0,-1,0,0,0,-1,0,0,-1,0,-1,0,-1,0,-1,0,-1,0,-1,0,-1,0,-1,0,-1,0,-1,0,-1,0,-1,0,-1,0,0,0,5330,3,0,3,247
996,500,fd,1,144,80,2,336,1056,0,2,2,64622,200,3,0,0,0,1,235,54,0,0,1,71,29,0,0,0,0,0,0,0,0,0,0,0,0,1,150,75,688,0,0,-1,0,0,0,0,0,-1,0,0,0,0,0,-1,0,0,0,0,0,0,-1,0,0,0,0,0,0,-1,0,0,0,0,0,0,-1,0,0,0,0,0,0,-1,0,0,0,-1,0,0,0,-1,0,0,0,-1,0,0,-1,0,-1,0,-1,0,-1,0,-1,0,-1,0,-1,0,-1,0,-1,0,-1,0,-1,0,-1,0,-1,0,0,0,5329,3,0,3,248
997,501,fd,1,145,80,2,384,1056,0,2,2,64620,200,3,0,0,0,1,233,53,0,0,1,69,28,0,0,0,0,0,0,0,0,0,0,0,0,1,148,73,672,0,0,-1,0,0,0,0,0,-1,0,0,0,0,0,-1,0,0,0,0,0,0,-1,0,0,0,0,0,0,-1,0,0,0,0,0,0,-1,0,0,0,0,0,0,-1,0,0,0,-1,0,0,0,-1,0,0,0,-1,0,0,-1,0,-1,0,-1,0,-1,0,-1,0,-1,0,-1,0,-1,0,-1,0,-1,0,-1,0,-1,0,-1,0,0,0,5328,3,0,3,249
998,502,fd,1,146,80,2,432,1056,0,2,2,64618,200,3,0,0,0,1,231,52,0,0,1,67,27,0,0,0,0,0,0,0,0,0,0,0,0,1,146,71,656,0,0,-1,0,0,0,0,0,-1,0,0,0,0,0,-1,0,0,0,0,0,0,-1,0,0,0,0,0,0,-1,0,0,0,0,0,0,-1,0,0,0,0,0,0,-1,0,0,0,-1,0,0,0,-1,0,0,0,-1,0,0,-1,0,-1,0,-1,0,-1,0,-1,0,-1,0,-1,0,-1,0,-1,0,-1,0,-1,0,-1,0,-1,0,0,0,5327,3,0,3,250
999,503,fd,1,147,80,2,480,1056,0,2,2,64616,200,3,0,0,0,1,229,51,0,0,1,65,26,0,0,0,0,0,0,0,0,0,0,0,0,1,144,69,640,0,0,-1,0,0,0,0,0,-1,0,0,0,0,0,-1,0,0,0,0,0,0,-1,0,0,0,0,0,0,-1,0,0,0,0,0,0,-1,0,0,0,0,0,0,-1,0,0,0,-1,0,0,0,-1,0,0,0,-1,0,0,-1,0,-1,0,-1,0,-1,0,-1,0,-1,0,-1,0,-1,0,-1,0,-1,0,-1,0,-1,0,-1,0,0,0,5326,3,0,3,251
1000,504,fd,1,148,80,2,528,1056,0,2,2,64614,200,3,0,0,0,1,227,50,0,0,1,63,25,0,0,0,0,0,0,0,0,0,0,0,0,1,142,67,624,0,0,-1,0,0,0,0,0,-1,0,0,0,0,0,-1,0,0,0,0,0,0,-1,0,0,0,0,0,0,-1,0,0,0,0,0,0,-1,0,0,0,0,0,0,-1,0,0,0,-1,0,0,0,-1,0,0,0,-1,0,0,-1,0,-1,0,-1,0,-1,0,-1,0,-1,0,-1,0,-1,0,-1,0,-1,0,-1,0,-1,0,-1,0,0,0,5325,3,0,3,252
1001,505,fd,1,150,80,2,576,1056,0,2,2,64612,200,3,0,0,0,1,225,49,0,0,1,61,24,0,0,0,0,0,0,0,0,0,0,0,0,1,140,65,608,0,0,-1,0,0,0,0,0,-1,0,0,0,0,0,-1,0,0,0,0,0,0,-1,0,0,0,0,0,0,-1,0,0,0,0,0,0,-1,0,0,0,0,0,0,-1,0,0,0,-1,0,0,0,-1,0,0,0,-1,0,0,-1,0,-1,0,-1,0,-1,0,-1,0,-1,0,-1,0,-1,0,-1,0,-1,0,-1,0,-1,0,-1,0,0,0,5324,3,0,3,253
1002,506,fd,1,152,80,2,624,1056,0,2,2,64610,200,3,0,0,0,1,223,48,0,0,1,59,23,0,0,0,0,0,0,0,0,0,0,0,0,1,138,63,592,0,0,-1,0,0,0,0,0,-1,0,0,0,0,0,-1,0,0,0,0,0,0,-1,0,0,0,0,0,0,-1,0,0,0,0,0,0,-1,0,0,0,0,0,0,-1,0,0,0,-1,0,0,0,-1,0,0,0,-1,0,0,-1,0,-1,0,-1,0,-1,0,-1,0,-1,0,-1,0,-1,0,-1,0,-1,0,-1,0,-1,0,-1,0,0,0,5323,3,0,3,254
1003,507,fd,1,154,80,2,672,1056,0,2,2,64608,200,3,0,0,0,1,221,47,0,0,1,57,22,0,0,0,0,0,0,0,0,0,0,0,0,1,136,61,576,0,0,-1,0,0,0,0,0,-1,0,0,0,0,0,-1,0,0,0,0,0,0,-1,0,0,0,0,0,0,-1,0,0,0,0,0,0,-1,0,0,0,0,0,0,-1,0,0,0,-1,0,0,0,-1,0,0,0,-1,0,0,-1,0,-1,0,-1,0,-1,0,-1,0,-1,0,-1,0,-1,0,-1,0,-1,0,-1,0,-1,0,-1,0,0,0,5322,3,0,3,255
1004,508,fd,1,156,80,2,720,1056,0,2,2,64606,200,3,0,0,0,1,219,46,0,0,1,55,21,0,0,0,0,0,0,0,0,0,0,0,0,1,134,59,560,0,0,-1,0,0,0,0,0,-1,0,0,0,0,0,-1,0,0,0,0,0,0,-1,0,0,0,0,0,0,-1,0,0,0,0,0,0,-1,0,0,0,0,0,0,-1,0,0,0,-1,0,0,0,-1,0,0,0,-1,0,0,-1,0,-1,0,-1,0,-1,0,-1,0,-1,0,-1,0,-1,0,-1,0,-1,0,-1,0,-1,0,-1,0,0,0,5321,3,0,3,0
1005,509,fd,1,158,80,2,768,1056,0,2,2,64604,200,3,0,0,0,1,217,45,0,0,1,53,20,0,0,0,0,0,0,0,0,0,0,0,0,1,132,57,544,0,0,-1,0,0,0,0,0,-1,0,0,0,0,0,-1,0,0,0,0,0,0,-1,0,0,0,0,0,0,-1,0,0,0,0,0,0,-1,0,0,0,0,0,0,-1,0,0,0,-1,0,0,0,-1,0,0,0,-1,0,0,-1,0,-1,0,-1,0,-1,0,-1,0,-1,0,-1,0,-1,0,-1,0,-1,0,-1,0,-1,0,-1,0,0,0,5320,3,0,3,1
1006,510,fd,1,161,80,2,816,1056,0,2,2,64602,200,3,0,0,0,1,215,44,0,0,1,51,19,0,0,0,0,0,0,0,0,0,0,0,0,1,130,55,528,0,0,-1,0,0,0,0,0,-1,0,0,0,0,0,-1,0,0,0,0,0,0,-1,0,0,0,0,0,0,-1,0,0,0,0,0,0,-1,0,0,0,0,0,0,-1,0,0,0,-1,0,0,0,-1,0,0,0,-1,0,0,-1,0,-1,0,-1,0,-1,0,-1,0,-1,0,-1,0,-1,0,-1,0,-1,0,-1,0,-1,0,-1,0,0,0,5319,3,0,3,2
1007,511,fd,1,164,80,2,864,1056,0,2,2,64600,200,3,0,0,0,1,213,43,0,0,1,49,18,0,0,0,0,0,0,0,0,0,0,0,0,1,128,53,512,0,0,-1,0,0,0,0,0,-1,0,0,0,0,0,-1,0,0,0,0,0,0,-1,0,0,0,0,0,0,-1,0,0,0,0,0,0,-1,0,0,0,0,0,0,-1,0,0,0,-1,0,0,0,-1,0,0,0,-1,0,0,-1,0,-1,0,-1,0,-1,0,-1,0,-1,0,-1,0,-1,0,-1,0,-1,0,-1,0,-1,0,-1,0,0,0,5318,3,0,3,3
1008,512,fd,1,167,80,2,912,1056,0,2,2,64598,200,3,0,0,0,1,211,42,0,0,1,47,17,0,0,0,0,0,0,0,0,0,0,0,0,1,126,51,496,0,0,-1,0,0,0,0,0,-1,0,0,0,0,0,-1,0,0,0,0,0,0,-1,0,0,0,0,0,0,-1,0,0,0,0,0,0,-1,0,0,0,0,0,0,-1,0,0,0,-1,0,0,0,-1,0,0,0,-1,0,0,-1,0,-1,0,-1,0,-1,0,-1,0,-1,0,-1,0,-1,0,-1,0,-1,0,-1,0,-1,0,-1,0,0,0,5317,3,0,3,4
1009,513,fd,1,170,80,2,960,1056,0,2,2,64596,200,3,0,0,0,1,209,41,0,0,1,45,16,0,0,0,0,0,0,0,0,0,0,0,0,1,125,49,480,0,0,-1,0,0,0,0,0,-1,0,0,0,0,0,-1,0,0,0,0,0,0,-1,0,0,0,0,0,0,-1,0,0,0,0,0,0,-1,0,0,0,0,0,0,-1,0,0,0,-1,0,0,0,-1,0,0,0,-1,0,0,-1,0,-1,0,-1,0,-1,0,-1,0,-1,0,-1,0,-1,0,-1,0,-1,0,-1,0,-1,0,-1,0,0,0,5316,3,0,3,5
1010,514,fd,1,173,80,2,1008,1056,0,2,2,64594,200,3,0,0,0,1,207,40,0,0,1,43,15,0,0,0,0,0,0,0,0,0,0,0,0,1,124,47,464,0,0,-1,0,0,0,0,0,-1,0,0,0,0,0,-1,0,0,0,0,0,0,-1,0,0,0,0,0,0,-1,0,0,0,0,0,0,-1,0,0,0,0,0,0,-1,0,0,0,-1,0,0,0,-1,0,0,0,-1,0,0,-1,0,-1,0,-1,0,-1,0,-1,0,-1,0,-1,0,-1,0,-1,0,-1,0,-1,0,-1,0,-1,0,0,0,5315,3,0,3,6
1011,515,fd,1,180,80,1,960,960,0,2,2,64592,220,3,0,0,8,1,205,39,0,0,1,41,14,0,0,0,0,0,0,0,0,0,0,0,0,1,123,45,448,0,0,-1,0,0,0,0,0,-1,0,0,0,0,0,-1,0,0,0,0,0,0,-1,0,0,0,0,0,0,-1,0,0,0,0,0,0,-1,0,0,0,0,0,0,-1,0,0,0,-1,0,0,0,-1,0,0,0,-1,0,0,-1,0,-1,0,-1,0,-1,0,-1,0,-1,0,-1,0,-1,0,-1,0,-1,0,-1,0,-1,0,-1,0,0,0,5314,3,0,3,7
1012,516,fd,1,177,80,1,912,960,0,2,2,64590,220,3,0,0,7,1,203,38,0,0,1,39,13,0,0,0,0,0,0,0,0,0,0,0,0,1,122,43,432,0,0,-1,0,0,0,0,0,-1,0,0,0,0,0,-1,0,0,0,0,0,0,-1,0,0,0,0,0,0,-1,0,0,0,0,0,0,-1,0,0,0,0,0,0,-1,0,0,0,-1,0,0,0,-1,0,0,0,-1,0,0,-1,0,-1,0,-1,0,-1,0,-1,0,-1,0,-1,0,-1,0,-1,0,-1,0,-1,0,-1,0,-1,0,0,0,5313,3,0,3,8
1013,517,fd,1,174,80,1,864,960,0,2,2,64588,220,3,0,0,6,1,201,37,0,0,1,37,12,0,0,0,0,0,0,0,0,0,0,0,0,1,121,41,416,0,0,-1,0,0,0,0,0,-1,0,0,0,0,0,-1,0,0,0,0,0,0,-1,0,0,0,0,0,0,-1,0,0,0,0,0,0,-1,0,0,0,0,0,0,-1,0,0,0,-1,0,0,0,-1,0,0,0,-1,0,0,-1,0,-1,0,-1,0,-1,0,-1,0,-1,0,-1,0,-1,0,-1,0,-1,0,-1,0,-1,0,-1,0,0,0,5312,3,0,3,9
1014,518,fd,1,171,80,1,816,960,0,2,2,64586,220,3,0,0,5,1,199,36,0,0,1,35,11,0,0,0,0,0,0,0,0,0,0,0,0,1,120,39,400,0,0,-1,0,0,0,0,0,-1,0,0,0,0,0,-1,0,0,0,0,0,0,-1,0,0,0,0,0,0,-1,0,0,0,0,0,0,-1,0,0,0,0,0,0,-1,0,0,0,-1,0,0,0,-1,0,0,0,-1,0,0,-1,0,-1,0,-1,0,-1,0,-1,0,-1,0,-1,0,-1,0,-1,0,-1,0,-1,0,-1,0,-1,0,0,0,5311,3,0,3,10
1015,519,fd,1,168,80,1,768,960,0,2,2,64584,220,3,0,0,4,1,197,35,0,0,1,33,10,0,0,0,0,0,0,0,0,0,0,0,0,1,119,37,384,0,0,-1,0,0,0,0,0,-1,0,0,0,0,0,-1,0,0,0,0,0,0,-1,0,0,0,0,0,0,-1,0,0,0,0,0,0,-1,0,0,0,0,0,0,-1,0,0,0,-1,0,0,0,-1,0,0,0,-1,0,0,-1,0,-1,0,-1,0,-1,0,-1,0,-1,0,-1,0,-1,0,-1,0,-1,0,-1,0,-1,0,-1,0,0,0,5310,3,0,3,11
1016,520,fd,1,165,80,1,720,960,0,2,2,64582,220,3,0,0,3,1,195,34,0,0,1,31,9,0,0,0,0,0,0,0,0,0,0,0,0,1,118,35,368,0,0,-1,0,0,0,0,0,-1,0,0,0,0,0,-1,0,0,0,0,0,0,-1,0,0,0,0,0,0,-1,0,0,0,0,0,0,-1,0,0,0,0,0,0,-1,0,0,0,-1,0,0,0,-1,0,0,0,-1,0,0,-1,0,-1,0,-1,0,-1,0,-1,0,-1,0,-1,0,-1,0,-1,0,-1,0,-1,0,-1,0,-1,0,0,0,5309,3,0,3,12
1017,521,fd,1,163,80,1,672,960,0,2,2,64580,220,3,0,0,2,1,193,33,0,0,1,29,8,0,0,0,0,0,0,0,0,0,0,0,0,1,117,33,352,0,0,-1,0,0,0,0,0,-1,0,0,0,0,0,-1,0,0,0,0,0,0,-1,0,0,0,0,0,0,-1,0,0,0,0,0,0,-1,0,0,0,0,0,0,-1,0,0,0,-1,0,0,0,-1,0,0,0,-1,0,0,-1,0,-1,0,-1,0,-1,0,-1,0,-1,0,-1,0,-1,0,-1,0,-1,0,-1,0,-1,0,-1,0,0,0,5308,3,0,3,13
1018,522,fd,1,161,80,1,624,960,0,2,2,64578,220,3,0,0,1,1,191,32,0,0,1,27,7,0,0,0,0,0,0,0,0,0,0,0,0,1,116,31,336,0,0,-1,0,0,0,0,0,-1,0,0,0,0,0,-1,0,0,0,0,0,0,-1,0,0,0,0,0,0,-1,0,0,0,0,0,0,-1,0,0,0,0,0,0,-1,0,0,0,-1,0,0,0,-1,0,0,0,-1,0,0,-1,0,-1,0,-1,0,-1,0,-1,0,-1,0,-1,0,-1,0,-1,0,-1,0,-1,0,-1,0,-1,0,0,0,5307,3,0,3,14
1019,523,fd,1,159,80,1,576,960,0,2,2,64576,220,3,0,0,0,1,189,31,0,0,1,25,6,0,0,0,0,0,0,0,0,0,0,0,0,1,115,29,320,0,0,-1,0,0,0,0,0,-1,0,0,0,0,0,-1,0,0,0,0,0,0,-1,0,0,0,0,0,0,-1,0,0,0,0,0,0,-1,0,0,0,0,0,0,3,240,64,0,-1,0,0,0,-1,0,0,0,-1,0,0,-1,0,-1,0,-1,0,-1,0,-1,0,-1,0,-1,0,-1,0,-1,0,-1,0,-1,0,-1,0,-1,0,0,0,5306,3,0,3,15
1020,524,fd,1,157,80,1,528,960,0,2,2,64574,220,3,0,0,0,1,187,30,0,0,1,23,5,0,0,0,0,0,0,0,0,0,0,0,0,1,114,27,304,0,0,-1,0,0,0,0,0,-1,0,0,0,0,0,-1,0,0,0,0,0,0,-1,0,0,0,0,0,0,-1,0,0,0,0,0,0,-1,0,0,0,0,0,0,3,238,64,0,-1,0,0,0,-1,0,0,0,-1,0,0,-1,0,-1,0,-1,0,-1,0,-1,0,-1,0,-1,0,-1,0,-1,0,-1,0,-1,0,-1,0,-1,0,0,0,5305,3,0,3,16
1021,525,fd,1,155,80,1,480,960,0,2,2,64572,220,3,0,0,0,1,185,29,0,0,1,21,4,0,0,0,0,0,0,0,0,0,0,0,0,1,113,25,288,0,0,-1,0,0,0,0,0,-1,0,0,0,0,0,-1,0,0,0,0,0,0,-1,0,0,0,0,0,0,-1,0,0,0,0,0,0,-1,0,0,0,0,0,0,3,236,64,0,-1,0,0,0,-1,0,0,0,-1,0,0,-1,0,-1,0,-1,0,-1,0,-1,0,-1,0,-1,0,-1,0,-1,0,-1,0,-1,0,-1,0,-1,0,0,0,5304,3,0,3,17
1022,526,fd,1,154,80,1,432,960,0,2,2,64570,220,3,0,0,0,1,183,28,0,0,1,19,3,0,0,0,0,0,0,0,0,0,0,0,0,1,112,23,272,0,0,-1,0,0,0,0,0,-1,0,0,0,0,0,-1,0,0,0,0,0,0,-1,0,0,0,0,0,0,-1,0,0,0,0,0,0,-1,0,0,0,0,0,0,3,234,64,0,-1,0,0,0,-1,0,0,0,-1,0,0,-1,0,-1,0,-1,0,-1,0,-1,0,-1,0,-1,0,-1,0,-1,0,-1,0,-1,0,-1,0,-1,0,0,0,5303,3,0,3,18
1023,527,fd,1,153,80,1,384,960,0,2,2,64568,220,3,0,0,0,1,181,27,0,0,1,17,2,0,0,0,0,0,0,0,0,0,0,0,0,1,111,21,256,0,0,-1,0,0,0,0,0,-1,0,0,0,0,0,-1,0,0,0,0,0,0,-1,0,0,0,0,0,0,-1,0,0,0,0,0,0,-1,0,0,0,0,0,0,3,232,64,0,-1,0,0,0,-1,0,0,0,-1,0,0,-1,0,-1,0,-1,0,-1,0,-1,0,-1,0,-1,0,-1,0,-1,0,-1,0,-1,0,-1,0,-1,0,0,0,5302,3,0,3,19
1024,528,fd,1,152,80,1,336,960,0,2,2,64566,220,3,0,0,0,1,179,26,0,0,1,15,1,0,0,0,0,0,0,0,0,0,0,0,0,1,110,19,240,0,0,-1,0,0,0,0,0,-1,0,0,0,0,0,-1,0,0,0,0,0,0,-1,0,0,0,0,0,0,-1,0,0,0,0,0,0,-1,0,0,0,0,0,0,3,230,64,0,-1,0,0,0,-1,0,0,0,-1,0,0,-1,0,-1,0,-1,0,-1,0,-1,0,-1,0,-1,0,-1,0,-1,0,-1,0,-1,0,-1,0,-1,0,0,0,5301,3,0,3,20
1025,529,fd,1,151,80,1,288,960,0,2,2,64564,220,3,0,0,0,1,177,25,0,0,1,13,57,0,0,0,0,0,0,0,0,0,0,0,0,1,110,17,0,1,8,0,210,17,0,0,7,-1,0,0,0,0,0,-1,0,0,0,0,0,0,-1,0,0,0,0,0,0,-1,0,0,0,0,0,0,-1,0,0,0,0,0,0,3,228,64,0,-1,0,0,0,-1,0,0,0,-1,0,0,-1,0,-1,0,-1,0,-1,0,-1,0,-1,0,-1,0,-1,0,-1,0,-1,0,-1,0,-1,0,-1,0,0,0,5300,3,0,3,21
1026,530,fd,1,150,80,1,240,960,0,2,2,64562,220,3,0,0,0,1,175,24,0,0,1,11,56,0,0,0,0,0,0,0,0,0,0,0,0,1,110,15,0,1,7,0,210,15,0,0,6,-1,0,0,0,0,0,-1,0,0,0,0,0,0,-1,0,0,0,0,0,0,-1,0,0,0,0,0,0,-1,0,0,0,0,0,0,3,226,64,0,-1,0,0,0,-1,0,0,0,-1,0,0,-1,0,-1,0,-1,0,-1,0,-1,0,-1,0,-1,0,-1,0,-1,0,-1,0,-1,0,-1,0,-1,0,0,0,5299,3,0,3,22
1027,531,fd,1,150,80,1,192,960,0,2,2,64560,220,3,0,0,0,1,173,23,0,0,1,9,55,0,0,0,0,0,0,0,0,0,0,0,0,1,110,13,0,1,6,0,210,13,0,0,5,-1,0,0,0,0,0,-1,0,0,0,0,0,0,-1,0,0,0,0,0,0,-1,0,0,0,0,0,0,-1,0,0,0,0,0,0,3,224,64,0,-1,0,0,0,-1,0,0,0,-1,0,0,-1,0,-1,0,-1,0,-1,0,-1,0,-1,0,-1,0,-1,0,-1,0,-1,0,-1,0,-1,0,-1,0,0,0,5298,3,0,3,23
1028,532,fd,1,150,80,1,144,960,0,2,2,64558,220,3,0,0,0,1,171,22,0,0,1,7,54,0,0,0,0,0,0,0,0,0,0,0,0,1,110,11,0,1,5,0,210,11,0,0,4,-1,0,0,0,0,0,-1,0,0,0,0,0,0,-1,0,0,0,0,0,0,-1,0,0,0,0,0,0,-1,0,0,0,0,0,0,3,222,64,0,-1,0,0,0,-1,0,0,0,-1,0,0,-1,0,-1,0,-1,0,-1,0,-1,0,-1,0,-1,0,-1,0,-1,0,-1,0,-1,0,-1,0,-1,0,0,0,5297,3,0,3,24
1029,533,fd,1,150,80,1,96,960,0,2,2,64556,220,3,0,0,0,1,169,21,0,0,1,5,53,0,0,0,0,0,0,0,0,0,0,0,0,1,110,9,0,1,4,0,210,9,0,0,3,-1,0,0,0,0,0,-1,0,0,0,0,0,0,-1,0,0,0,0,0,0,-1,0,0,0,0,0,0,-1,0,0,0,0,0,0,3,220,64,0,-1,0,0,0,-1,0,0,0,-1,0,0,-1,0,-1,0,-1,0,-1,0,-1,0,-1,0,-1,0,-1,0,-1,0,-1,0,-1,0,-1,0,-1,0,0,0,5296,3,0,3,25
1030,534,fd,1,150,80,1,48,960,0,2,2,64554,220,3,0,0,0,1,167,20,0,0,1,3,52,0,0,0,0,0,0,0,0,0,0,0,0,1,110,7,0,1,3,0,210,7,0,0,2,-1,0,0,0,0,0,-1,0,0,0,0,0,0,-1,0,0,0,0,0,0,-1,0,0,0,0,0,0,-1,0,0,0,0,0,0,3,218,64,0,-1,0,0,0,-1,0,0,0,-1,0,0,-1,0,-1,0,-1,0,-1,0,-1,0,-1,0,-1,0,-1,0,-1,0,-1,0,-1,0,-1,0,-1,0,0,0,5295,3,0,3,26
1031,535,fd,1,150,80,2,0,960,0,2,2,64552,220,3,0,0,0,1,165,19,0,0,1,1,51,0,0,0,0,0,0,0,0,0,0,0,0,1,110,5,0,1,2,0,210,5,0,0,1,-1,0,0,0,0,0,-1,0,0,0,0,0,0,-1,0,0,0,0,0,0,-1,0,0,0,0,0,0,-1,0,0,0,0,0,0,3,216,64,0,-1,0,0,0,-1,0,0,0,-1,0,0,-1,0,-1,0,-1,0,-1,0,-1,0,-1,0,-1,0,-1,0,-1,0,-1,0,-1,0,-1,0,-1,0,0,0,5294,3,0,3,27
1032,536,fd,1,150,80,2,48,960,0,2,2,64550,220,3,0,0,0,1,163,18,0,0,1,255,50,0,0,0,0,0,0,0,0,0,0,0,0,1,110,3,0,1,1,1,210,3,1024,0,0,-1,0,0,0,0,0,-1,0,0,0,0,0,0,-1,0,0,0,0,0,0,-1,0,0,0,0,0,0,-1,0,0,0,0,0,0,3,214,64,0,-1,0,0,0,-1,0,0,0,-1,0,0,-1,0,-1,0,-1,0,-1,0,-1,0,-1,0,-1,0,-1,0,-1,0,-1,0,-1,0,-1,0,-1,0,0,0,5293,3,0,3,28
1033,537,fd,1,150,80,2,96,960,0,2,2,64548,220,3,0,0,0,1,161,17,0,0,1,253,49,0,0,0,0,0,0,0,0,0,0,0,0,-1,0,0,0,0,0,1,206,1,1008,0,0,-1,0,0,0,0,0,-1,0,0,0,0,0,0,-1,0,0,0,0,0,0,-1,0,0,0,0,0,0,-1,0,0,0,0,0,0,3,212,64,0,-1,0,0,0,-1,0,0,0,-1,0,0,-1,0,-1,0,-1,0,-1,0,-1,0,-1,0,-1,0,-1,0,-1,0,-1,0,-1,0,-1,0,-1,0,0,0,5292,3,0,3,29
1034,538,fd,1,150,80,2,144,960,0,2,2,64546,220,3,0,0,0,1,159,16,0,0,1,251,48,0,0,0,0,0,0,0,0,0,0,0,0,-1,0,0,0,0,0,1,203,255,992,0,0,-1,0,0,0,0,0,-1,0,0,0,0,0,0,-1,0,0,0,0,0,0,-1,0,0,0,0,0,0,-1,0,0,0,0,0,0,3,210,64,0,-1,0,0,0,-1,0,0,0,-1,0,0,-1,0,-1,0,-1,0,-1,0,-1,0,-1,0,-1,0,-1,0,-1,0,-1,0,-1,0,-1,0,-1,0,0,0,5291,3,0,3,30
1035,539,fd,1,150,80,2,192,960,0,2,2,64544,220,3,0,0,0,1,157,15,0,0,1,249,47,0,0,0,0,0,0,0,0,0,0,0,0,-1,0,0,0,0,0,1,200,253,976,0,0,-1,0,0,0,0,0,-1,0,0,0,0,0,0,-1,0,0,0,0,0,0,-1,0,0,0,0,0,0,-1,0,0,0,0,0,0,3,208,64,0,-1,0,0,0,-1,0,0,0,-1,0,0,-1,0,-1,0,-1,0,-1,0,-1,0,-1,0,-1,0,-1,0,-1,0,-1,0,-1,0,-1,0,-1,0,0,0,5290,3,0,3,31
1036,540,fd,1,150,80,2,240,960,0,2,2,64542,220,3,0,0,0,1,155,14,0,0,1,247,46,0,0,0,0,0,0,0,0,0,0,0,0,-1,0,0,0,0,0,1,197,251,960,0,0,-1,0,0,0,0,0,-1,0,0,0,0,0,0,-1,0,0,0,0,0,0,-1,0,0,0,0,0,0,-1,0,0,0,0,0,0,3,206,64,0,-1,0,0,0,-1,0,0,0,-1,0,0,-1,0,-1,0,-1,0,-1,0,-1,0,-1,0,-1,0,-1,0,-1,0,-1,0,-1,0,-1,0,-1,0,0,0,5289,3,0,3,32
1037,541,fd,1,150,80,2,288,960,0,2,2,64540,220,3,0,0,0,1,153,13,0,0,1,245,45,0,0,0,0,0,0,0,0,0,0,0,0,-1,0,0,0,0,0,1,194,249,944,0,0,-1,0,0,0,0,0,-1,0,0,0,0,0,0,-1,0,0,0,0,0,0,-1,0,0,0,0,0,0,-1,0,0,0,0,0,0,3,204,64,0,-1,0,0,0,-1,0,0,0,-1,0,0,-1,0,-1,0,-1,0,-1,0,-1,0,-1,0,-1,0,-1,0,-1,0,-1,0,-1,0,-1,0,-1,0,0,0,5288,3,0,3,33
1038,542,fd,1,151,80,2,336,960,0,2,2,64538,220,3,0,0,0,1,151,12,0,0,1,243,44,0,0,0,0,0,0,0,0,0,0,0,0,-1,0,0,0,0,0,1,191,247,928,0,0,-1,0,0,0,0,0,-1,0,0,0,0,0,0,-1,0,0,0,0,0,0,-1,0,0,0,0,0,0,-1,0,0,0,0,0,0,3,202,64,0,-1,0,0,0,-1,0,0,0,-1,0,0,-1,0,-1,0,-1,0,-1,0,-1,0,-1,0,-1,0,-1,0,-1,0,-1,0,-1,0,-1,0,-1,0,0,0,5287,3,0,3,34
1039,543,fd,1,152,80,2,384,960,0,2,2,64536,220,3,0,0,0,1,149,11,0,0,0,0,0,0,0,0,0,0,0,0,0,0,0,0,0,-1,0,0,0,0,0,1,188,245,912,0,0,-1,0,0,0,0,0,-1,0,0,0,0,0,0,-1,0,0,0,0,0,0,-1,0,0,0,0,0,0,-1,0,0,0,0,0,0,3,200,64,0,-1,0,0,0,-1,0,0,0,-1,0,0,-1,0,-1,0,-1,0,-1,0,-1,0,-1,0,-1,0,-1,0,-1,0,-1,0,-1,0,-1,0,-1,0,0,0,5286,3,0,3,35
1040,544,fd,1,153,80,2,432,960,0,2,2,64534,220,3,0,0,0,1,147,10,0,0,1,239,56,0,0,0,0,0,0,0,0,0,0,0,0,-1,0,0,0,0,0,1,185,243,896,0,0,-1,0,0,0,0,0,-1,0,0,0,0,0,0,-1,0,0,0,0,0,0,-1,0,0,0,0,0,0,-1,0,0,0,0,0,0,3,198,64,0,-1,0,0,0,-1,0,0,0,-1,0,0,-1,0,-1,0,-1,0,-1,0,-1,0,-1,0,-1,0,-1,0,-1,0,-1,0,-1,0,-1,0,-1,0,0,0,5285,3,0,3,36
1041,545,fd,1,154,80,2,480,960,0,2,2,64532,220,3,0,0,0,1,145,9,0,0,1,237,55,0,0,0,0,0,0,0,0,0,0,0,0,-1,0,0,0,0,0,-1,0,0,0,0,0,-1,0,0,0,0,0,-1,0,0,0,0,0,0,-1,0,0,0,0,0,0,-1,0,0,0,0,0,0,-1,0,0,0,0,0,0,3,196,64,0,-1,0,0,0,-1,0,0,0,-1,0,0,-1,0,-1,0,-1,0,-1,0,-1,0,-1,0,-1,0,-1,0,-1,0,-1,0,-1,0,-1,0,-1,0,0,0,5284,3,0,3,37
1042,546,fd,1,155,80,2,528,960,0,2,2,64530,220,3,0,0,0,1,143,8,0,0,1,235,54,0,0,0,0,0,0,0,0,0,0,0,0,-1,0,0,0,0,0,-1,0,0,0,0,0,-1,0,0,0,0,0,-1,0,0,0,0,0,0,-1,0,0,0,0,0,0,-1,0,0,0,0,0,0,-1,0,0,0,0,0,0,3,194,64,0,-1,0,0,0,-1,0,0,0,-1,0,0,-1,0,-1,0,-1,0,-1,0,-1,0,-1,0,-1,0,-1,0,-1,0,-1,0,-1,0,-1,0,-1,0,0,0,5283,3,0,3,38
1043,547,fd,1,157,80,2,576,960,0,2,2,64528,220,3,0,0,0,1,141,7,0,0,1,233,53,0,0,0,0,0,0,0,0,0,0,0,0,-1,0,0,0,0,0,-1,0,0,0,0,0,-1,0,0,0,0,0,-1,0,0,0,0,0,0,-1,0,0,0,0,0,0,-1,0,0,0,0,0,0,-1,0,0,0,0,0,0,3,192,64,0,-1,0,0,0,-1,0,0,0,-1,0,0,-1,0,-1,0,-1,0,-1,0,-1,0,-1,0,-1,0,-1,0,-1,0,-1,0,-1,0,-1,0,-1,0,0,0,5282,3,0,3,39
1044,548,fd,1,159,80,2,624,960,0,2,2,64526,220,3,0,0,0,1,139,6,0,0,1,231,52,0,0,0,0,0,0,0,0,0,0,0,0,-1,0,0,0,0,0,-1,0,0,0,0,0,-1,0,0,0,0,0,-1,0,0,0,0,0,0,-1,0,0,0,0,0,0,-1,0,0,0,0,0,0,-1,0,0,0,0,0,0,3,190,64,0,-1,0,0,0,-1,0,0,0,-1,0,0,-1,0,-1,0,-1,0,-1,0,-1,0,-1,0,-1,0,-1,0,-1,0,-1,0,-1,0,-1,0,-1,0,0,0,5281,3,0,3,40
1045,549,fd,1,161,80,2,672,960,0,2,2,64524,220,3,0,0,0,1,137,5,0,0,1,229,51,0,0,0,0,0,0,0,0,0,0,0,0,-1,0,0,0,0,0,-1,0,0,0,0,0,-1,0,0,0,0,0,-1,0,0,0,0,0,0,-1,0,0,0,0,0,0,-1,0,0,0,0,0,0,-1,0,0,0,0,0,0,3,188,64,0,-1,0,0,0,-1,0,0,0,-1,0,0,-1,0,-1,0,-1,0,-1,0,-1,0,-1,0,-1,0,-1,0,-1,0,-1,0,-1,0,-1,0,-1,0,0,0,5280,3,0,3,41
1046,550,fd,1,163,80,2,720,960,0,2,2,64522,220,3,0,0,0,1,135,4,0,0,1,227,50,0,0,0,0,0,0,0,0,0,0,0,0,-1,0,0,0,0,0,-1,0,0,0,0,0,-1,0,0,0,0,0,-1,0,0,0,0,0,0,-1,0,0,0,0,0,0,-1,0,0,0,0,0,0,-1,0,0,0,0,0,0,3,186,64,0,-1,0,0,0,-1,0,0,0,-1,0,0,-1,0,-1,0,-1,0,-1,0,-1,0,-1,0,-1,0,-1,0,-1,0,-1,0,-1,0,-1,0,-1,0,0,0,5279,3,0,3,42
1047,551,fd,1,165,80,2,768,960,0,2,2,64520,220,3,0,0,0,1,133,3,0,0,1,225,49,0,0,0,0,0,0,0,0,0,0,0,0,-1,0,0,0,0,0,-1,0,0,0,0,0,-1,0,0,0,0,0,-1,0,0,0,0,0,0,-1,0,0,0,0,0,0,-1,0,0,0,0,0,0,-1,0,0,0,0,0,0,3,184,64,0,-1,0,0,0,-1,0,0,0,-1,0,0,-1,0,-1,0,-1,0,-1,0,-1,0,-1,0,-1,0,-1,0,-1,0,-1,0,-1,0,-1,0,-1,0,0,0,5278,3,0,3,43
1048,552,fd,1,168,80,2,816,960,0,2,2,64518,220,3,0,0,0,1,131,2,0,0,1,223,48,0,0,0,0,0,0,0,0,0,0,0,0,-1,0,0,0,0,0,-1,0,0,0,0,0,-1,0,0,0,0,0,-1,0,0,0,0,0,0,-1,0,0,0,0,0,0,-1,0,0,0,0,0,0,-1,0,0,0,0,0,0,3,182,64,0,-1,0,0,0,-1,0,0,0,-1,0,0,-1,0,-1,0,-1,0,-1,0,-1,0,-1,0,-1,0,-1,0,-1,0,-1,0,-1,0,-1,0,-1,0,0,0,5277,3,0,3,44
1049,553,fd,1,171,80,2,864,960,0,2,2,64516,220,3,0,0,0,1,129,1,0,0,1,221,47,0,0,0,0,0,0,0,0,0,0,0,0,-1,0,0,0,0,0,-1,0,0,0,0,0,-1,0,0,0,0,0,-1,0,0,0,0,0,0,-1,0,0,0,0,0,0,-1,0,0,0,0,0,0,-1,0,0,0,0,0,0,3,180,64,0,-1,0,0,0,-1,0,0,0,-1,0,0,-1,0,-1,0,-1,0,-1,0,-1,0,-1,0,-1,0,-1,0,-1,0,-1,0,-1,0,-1,0,-1,0,0,0,5276,3,0,3,45
1050,554,fd,1,174,80,2,912,960,0,2,2,64514,220,3,0,0,0,1,127,57,0,0,1,219,46,0,0,0,0,0,0,0,0,0,0,0,0,0,210,131,0,0,7,-1,0,0,0,0,0,-1,0,0,0,0,0,-1,0,0,0,0,0,0,-1,0,0,0,0,0,0,-1,0,0,0,0,0,0,-1,0,0,0,0,0,0,3,178,64,0,-1,0,0,0,-1,0,0,0,-1,0,0,-1,0,-1,0,-1,0,-1,0,-1,0,-1,0,-1,0,-1,0,-1,0,-1,0,-1,0,-1,0,-1,0,0,0,5275,3,0,3,46
1051,555,fd,1,180,80,1,1056,1056,0,2,2,64512,240,3,0,0,8,1,125,56,0,0,1,217,45,0,0,0,0,0,0,0,0,0,0,0,0,0,210,129,0,0,6,-1,0,0,0,0,0,-1,0,0,0,0,0,-1,0,0,0,0,0,0,-1,0,0,0,0,0,0,-1,0,0,0,0,0,0,-1,0,0,0,0,0,0,3,176,64,0,-1,0,0,0,-1,0,0,0,-1,0,0,-1,0,-1,0,-1,0,-1,0,-1,0,-1,0,-1,0,-1,0,-1,0,-1,0,-1,0,-1,0,-1,0,0,0,5274,3,0,3,47
1052,556,fd,1,176,80,1,1008,1056,0,2,2,64510,240,3,0,0,7,1,123,55,0,0,1,215,44,0,0,0,0,0,0,0,0,0,0,0,0,0,210,127,0,0,5,-1,0,0,0,0,0,-1,0,0,0,0,0,-1,0,0,0,0,0,0,-1,0,0,0,0,0,0,-1,0,0,0,0,0,0,-1,0,0,0,0,0,0,3,174,64,0,-1,0,0,0,-1,0,0,0,-1,0,0,-1,0,-1,0,-1,0,-1,0,-1,0,-1,0,-1,0,-1,0,-1,0,-1,0,-1,0,-1,0,-1,0,0,0,5273,3,0,3,48
1053,557,fd,1,173,80,1,960,1056,0,2,2,64508,240,3,0,0,6,1,121,54,0,0,1,213,43,0,0,0,0,0,0,0,0,0,0,0,0,0,210,125,0,0,4,-1,0,0,0,0,0,-1,0,0,0,0,0,-1,0,0,0,0,0,0,-1,0,0,0,0,0,0,-1,0,0,0,0,0,0,-1,0,0,0,0,0,0,3,172,64,0,-1,0,0,0,-1,0,0,0,-1,0,0,-1,0,-1,0,-1,0,-1,0,-1,0,-1,0,-1,0,-1,0,-1,0,-1,0,-1,0,-1,0,-1,0,0,0,5272,3,0,3,49
1054,558,fd,1,170,80,1,912,1056,0,2,2,64506,240,3,0,0,5,1,119,53,0,0,1,211,42,0,0,0,0,0,0,0,0,0,0,0,0,0,210,123,0,0,3,-1,0,0,0,0,0,-1,0,0,0,0,0,-1,0,0,0,0,0,0,-1,0,0,0,0,0,0,-1,0,0,0,0,0,0,-1,0,0,0,0,0,0,3,170,64,0,-1,0,0,0,-1,0,0,0,-1,0,0,-1,0,-1,0,-1,0,-1,0,-1,0,-1,0,-1,0,-1,0,-1,0,-1,0,-1,0,-1,0,-1,0,0,0,5271,3,0,3,50
1055,559,fd,1,167,80,1,864,1056,0,2,2,64504,240,3,0,0,4,1,117,52,0,0,1,209,41,0,0,0,0,0,0,0,0,0,0,0,0,0,210,121,0,0,2,-1,0,0,0,0,0,-1,0,0,0,0,0,-1,0,0,0,0,0,0,-1,0,0,0,0,0,0,-1,0,0,0,0,0,0,-1,0,0,0,0,0,0,3,168,64,0,-1,0,0,0,-1,0,0,0,-1,0,0,-1,0,-1,0,-1,0,-1,0,-1,0,-1,0,-1,0,-1,0,-1,0,-1,0,-1,0,-1,0,-1,0,0,0,5270,3,0,3,51
1056,560,fd,1,164,80,1,816,1056,0,2,2,64502,240,3,0,0,3,1,115,51,0,0,1,207,40,0,0,0,0,0,0,0,0,0,0,0,0,0,210,119,0,0,1,-1,0,0,0,0,0,-1,0,0,0,0,0,-1,0,0,0,0,0,0,-1,0,0,0,0,0,0,-1,0,0,0,0,0,0,-1,0,0,0,0,0,0,3,166,64,0,-1,0,0,0,-1,0,0,0,-1,0,0,-1,0,-1,0,-1,0,-1,0,-1,0,-1,0,-1,0,-1,0,-1,0,-1,0,-1,0,-1,0,-1,0,0,0,5269,3,0,3,52
1057,561,fd,1,161,80,1,768,1056,0,2,2,64500,240,3,0,0,2,1,113,50,0,0,1,205,39,0,0,0,0,0,0,0,0,0,0,0,0,1,210,117,1024,0,0,-1,0,0,0,0,0,-1,0,0,0,0,0,-1,0,0,0,0,0,0,-1,0,0,0,0,0,0,-1,0,0,0,0,0,0,-1,0,0,0,0,0,0,3,164,64,0,-1,0,0,0,-1,0,0,0,-1,0,0,-1,0,-1,0,-1,0,-1,0,-1,0,-1,0,-1,0,-1,0,-1,0,-1,0,-1,0,-1,0,-1,0,0,0,5268,3,0,3,53
1058,562,fd,1,158,80,1,720,1056,0,2,2,64498,240,3,0,0,1,1,111,49,0,0,1,203,38,0,0,0,0,0,0,0,0,0,0,0,0,1,206,115,1008,0,0,-1,0,0,0,0,0,-1,0,0,0,0,0,-1,0,0,0,0,0,0,-1,0,0,0,0,0,0,-1,0,0,0,0,0,0,-1,0,0,0,0,0,0,3,162,64,0,-1,0,0,0,-1,0,0,0,-1,0,0,-1,0,-1,0,-1,0,-1,0,-1,0,-1,0,-1,0,-1,0,-1,0,-1,0,-1,0,-1,0,-1,0,0,0,5267,3,0,3,54
1059,563,fd,1,156,80,1,672,1056,0,2,2,64496,240,3,0,0,0,1,109,48,0,0,1,201,37,0,0,0,0,0,0,0,0,0,0,0,0,1,203,113,992,0,0,-1,0,0,0,0,0,-1,0,0,0,0,0,-1,0,0,0,0,0,0,-1,0,0,0,0,0,0,-1,0,0,0,0,0,0,-1,0,0,0,0,0,0,3,160,64,0,-1,0,0,0,-1,0,0,0,-1,0,0,-1,0,-1,0,-1,0,-1,0,-1,0,-1,0,-1,0,-1,0,-1,0,-1,0,-1,0,-1,0,-1,0,0,0,5266,3,0,3,55
1060,564,fd,1,154,80,1,624,1056,0,2,2,64494,240,3,0,0,0,1,107,47,0,0,1,199,36,0,0,0,0,0,0,0,0,0,0,0,0,1,200,111,976,0,0,-1,0,0,0,0,0,-1,0,0,0,0,0,-1,0,0,0,0,0,0,-1,0,0,0,0,0,0,-1,0,0,0,0,0,0,-1,0,0,0,0,0,0,3,158,64,0,-1,0,0,0,-1,0,0,0,-1,0,0,-1,0,-1,0,-1,0,-1,0,-1,0,-1,0,-1,0,-1,0,-1,0,-1,0,-1,0,-1,0,-1,0,0,0,5265,3,0,3,56
1061,565,fd,1,152,80,1,576,1056,0,2,2,64492,240,3,0,0,0,1,105,46,0,0,1,197,35,0,0,0,0,0,0,0,0,0,0,0,0,1,197,109,960,0,0,-1,0,0,0,0,0,-1,0,0,0,0,0,-1,0,0,0,0,0,0,-1,0,0,0,0,0,0,-1,0,0,0,0,0,0,-1,0,0,0,0,0,0,3,156,64,0,-1,0,0,0,-1,0,0,0,-1,0,0,-1,0,-1,0,-1,0,-1,0,-1,0,-1,0,-1,0,-1,0,-1,0,-1,0,-1,0,-1,0,-1,0,0,0,5264,3,0,3,57
1062,566,fd,1,150,80,1,528,1056,0,2,2,64490,240,3,0,0,0,1,103,45,0,0,1,195,34,0,0,0,0,0,0,0,0,0,0,0,0,1,194,107,944,0,0,-1,0,0,0,0,0,-1,0,0,0,0,0,-1,0,0,0,0,0,0,-1,0,0,0,0,0,0,-1,0,0,0,0,0,0,-1,0,0,0,0,0,0,3,154,64,0,-1,0,0,0,-1,0,0,0,-1,0,0,-1,0,-1,0,-1,0,-1,0,-1,0,-1,0,-1,0,-1,0,-1,0,-1,0,-1,0,-1,0,-1,0,0,0,5263,3,0,3,58
1063,567,fd,1,148,80,1,480,1056,0,2,2,64488,240,3,0,0,0,1,101,44,0,0,1,193,33,0,0,0,0,0,0,0,0,0,0,0,0,1,191,105,928,0,0,-1,0,0,0,0,0,-1,0,0,0,0,0,-1,0,0,0,0,0,0,-1,0,0,0,0,0,0,-1,0,0,0,0,0,0,-1,0,0,0,0,0,0,3,152,64,0,-1,0,0,0,-1,0,0,0,-1,0,0,-1,0,-1,0,-1,0,-1,0,-1,0,-1,0,-1,0,-1,0,-1,0,-1,0,-1,0,-1,0,-1,0,0,0,5262,3,0,3,59
1064,568,fd,1,147,80,1,432,1056,0,2,2,64486,240,3,0,0,0,1,99,43,0,0,1,191,32,0,0,0,0,0,0,0,0,0,0,0,0,1,188,103,912,0,0,-1,0,0,0,0,0,-1,0,0,0,0,0,-1,0,0,0,0,0,0,-1,0,0,0,0,0,0,-1,0,0,0,0,0,0,-1,0,0,0,0,0,0,3,150,64,0,-1,0,0,0,-1,0,0,0,-1,0,0,-1,0,-1,0,-1,0,-1,0,-1,0,-1,0,-1,0,-1,0,-1,0,-1,0,-1,0,-1,0,-1,0,0,0,5261,3,0,3,60
1065,569,fd,1,146,80,1,384,1056,0,2,2,64484,240,3,0,0,0,1,97,42,0,0,1,189,31,0,0,0,0,0,0,0,0,0,0,0,0,1,185,101,896,0,0,-1,0,0,0,0,0,-1,0,0,0,0,0,-1,0,0,0,0,0,0,-1,0,0,0,0,0,0,-1,0,0,0,0,0,0,-1,0,0,0,0,0,0,3,148,64,0,-1,0,0,0,-1,0,0,0,-1,0,0,-1,0,-1,0,-1,0,-1,0,-1,0,-1,0,-1,0,-1,0,-1,0,-1,0,-1,0,-1,0,-1,0,0,0,5260,3,0,3,61
1066,570,fd,1,145,80,1,336,1056,0,2,2,64482,240,3,0,0,0,1,95,41,0,0,1,187,30,0,0,0,0,0,0,0,0,0,0,0,0,1,182,99,880,0,0,-1,0,0,0,0,0,-1,0,0,0,0,0,-1,0,0,0,0,0,0,-1,0,0,0,0,0,0,-1,0,0,0,0,0,0,-1,0,0,0,0,0,0,3,146,64,0,-1,0,0,0,-1,0,0,0,-1,0,0,-1,0,-1,0,-1,0,-1,0,-1,0,-1,0,-1,0,-1,0,-1,0,-1,0,-1,0,-1,0,-1,0,0,0,5259,3,0,3,62
1067,571,fd,1,144,80,1,288,1056,0,2,2,64480,240,3,0,0,0,1,93,40,0,0,1,185,29,0,0,0,0,0,0,0,0,0,0,0,0,1,179,97,864,0,0,-1,0,0,0,0,0,-1,0,0,0,0,0,-1,0,0,0,0,0,0,-1,0,0,0,0,0,0,-1,0,0,0,0,0,0,-1,0,0,0,0,0,0,3,144,64,0,-1,0,0,0,-1,0,0,0,-1,0,0,-1,0,-1,0,-1,0,-1,0,-1,0,-1,0,-1,0,-1,0,-1,0,-1,0,-1,0,-1,0,-1,0,0,0,5258,3,0,3,63
1068,572,fd,1,143,80,1,240,1056,0,2,2,64478,240,3,0,0,0,1,91,39,0,0,1,183,28,0,0,0,0,0,0,0,0,0,0,0,0,1,176,95,848,0,0,-1,0,0,0,0,0,-1,0,0,0,0,0,-1,0,0,0,0,0,0,-1,0,0,0,0,0,0,-1,0,0,0,0,0,0,-1,0,0,0,0,0,0,3,142,64,0,-1,0,0,0,-1,0,0,0,-1,0,0,-1,0,-1,0,-1,0,-1,0,-1,0,-1,0,-1,0,-1,0,-1,0,-1,0,-1,0,-1,0,-1,0,0,0,5257,3,0,3,64
1069,573,fd,1,143,80,1,192,1056,0,2,2,64476,240,3,0,0,0,1,89,38,0,0,1,181,27,0,0,0,0,0,0,0,0,0,0,0,0,1,173,93,832,0,0,-1,0,0,0,0,0,-1,0,0,0,0,0,-1,0,0,0,0,0,0,-1,0,0,0,0,0,0,-1,0,0,0,0,0,0,-1,0,0,0,0,0,0,3,140,64,0,-1,0,0,0,-1,0,0,0,-1,0,0,-1,0,-1,0,-1,0,-1,0,-1,0,-1,0,-1,0,-1,0,-1,0,-1,0,-1,0,-1,0,-1,0,0,0,5256,3,0,3,65
1070,574,fd,1,143,80,1,144,1056,0,2,2,64474,240,3,0,0,0,1,87,37,0,0,1,179,26,0,0,0,0,0,0,0,0,0,0,0,0,1,170,91,816,0,0,-1,0,0,0,0,0,-1,0,0,0,0,0,-1,0,0,0,0,0,0,-1,0,0,0,0,0,0,-1,0,0,0,0,0,0,-1,0,0,0,0,0,0,3,138,64,0,-1,0,0,0,-1,0,0,0,-1,0,0,-1,0,-1,0,-1,0,-1,0,-1,0,-1,0,-1,0,-1,0,-1,0,-1,0,-1,0,-1,0,-1,0,0,0,5255,3,0,3,66
1071,575,fd,1,143,80,1,96,1056,0,2,2,64472,240,3,0,0,0,1,85,36,0,0,1,177,25,0,0,0,0,0,0,0,0,0,0,0,0,1,167,89,800,0,0,-1,0,0,0,0,0,-1,0,0,0,0,0,-1,0,0,0,0,0,0,-1,0,0,0,0,0,0,-1,0,0,0,0,0,0,-1,0,0,0,0,0,0,3,136,64,0,-1,0,0,0,-1,0,0,0,-1,0,0,-1,0,-1,0,-1,0,-1,0,-1,0,-1,0,-1,0,-1,0,-1,0,-1,0,-1,0,-1,0,-1,0,0,0,5254,3,0,3,67
1072,576,fd,1,143,80,1,48,1056,0,2,2,64470,240,3,0,0,0,1,83,35,0,0,1,175,24,0,0,0,0,0,0,0,0,0,0,0,0,1,164,87,784,0,0,-1,0,0,0,0,0,-1,0,0,0,0,0,-1,0,0,0,0,0,0,-1,0,0,0,0,0,0,-1,0,0,0,0,0,0,-1,0,0,0,0,0,0,3,134,64,0,-1,0,0,0,-1,0,0,0,-1,0,0,-1,0,-1,0,-1,0,-1,0,-1,0,-1,0,-1,0,-1,0,-1,0,-1,0,-1,0,-1,0,-1,0,0,0,5253,3,0,3,68
1073,577,fd,1,143,80,2,0,1056,0,2,2,64468,240,3,0,0,0,1,81,34,0,0,1,173,23,0,0,0,0,0,0,0,0,0,0,0,0,1,161,85,768,0,0,-1,0,0,0,0,0,-1,0,0,0,0,0,-1,0,0,0,0,0,0,-1,0,0,0,0,0,0,-1,0,0,0,0,0,0,-1,0,0,0,0,0,0,3,132,64,0,-1,0,0,0,-1,0,0,0,-1,0,0,-1,0,-1,0,-1,0,-1,0,-1,0,-1,0,-1,0,-1,0,-1,0,-1,0,-1,0,-1,0,-1,0,0,0,5252,3,0,3,69
1074,578,fd,1,143,80,2,48,1056,0,2,2,64466,240,3,0,0,0,1,79,33,0,0,1,171,22,0,0,0,0,0,0,0,0,0,0,0,0,1,158,83,752,0,0,-1,0,0,0,0,0,-1,0,0,0,0,0,-1,0,0,0,0,0,0,-1,0,0,0,0,0,0,-1,0,0,0,0,0,0,-1,0,0,0,0,0,0,3,130,64,0,-1,0,0,0,-1,0,0,0,-1,0,0,-1,0,-1,0,-1,0,-1,0,-1,0,-1,0,-1,0,-1,0,-1,0,-1,0,-1,0,-1,0,-1,0,0,0,5251,3,0,3,70
1075,579,fd,1,143,80,2,96,1056,0,2,2,64464,240,3,0,0,0,1,77,32,0,0,1,169,21,0,0,0,0,0,0,0,0,0,0,0,0,1,156,81,736,0,0,-1,0,0,0,0,0,-1,0,0,0,0,0,-1,0,0,0,0,0,0,-1,0,0,0,0,0,0,-1,0,0,0,0,0,0,-1,0,0,0,0,0,0,3,128,64,0,-1,0,0,0,-1,0,0,0,-1,0,0,-1,0,-1,0,-1,0,-1,0,-1,0,-1,0,-1,0,-1,0,-1,0,-1,0,-1,0,-1,0,-1,0,0,0,5250,3,0,3,71
1076,580,fd,1,143,80,2,144,1056,0,2,2,64462,240,3,0,0,0,1,75,31,0,0,1,167,20,0,0,0,0,0,0,0,0,0,0,0,0,1,154,79,720,0,0,-1,0,0,0,0,0,-1,0,0,0,0,0,-1,0,0,0,0,0,0,-1,0,0,0,0,0,0,-1,0,0,0,0,0,0,-1,0,0,0,0,0,0,3,126,64,0,-1,0,0,0,-1,0,0,0,-1,0,0,-1,0,-1,0,-1,0,-1,0,-1,0,-1,0,-1,0,-1,0,-1,0,-1,0,-1,0,-1,0,-1,0,0,0,5249,3,0,3,72
1077,581,fd,1,143,80,2,192,1056,0,2,2,64460,240,3,0,0,0,1,73,30,0,0,1,165,19,0,0,0,0,0,0,0,0,0,0,0,0,1,152,77,704,0,0,-1,0,0,0,0,0,-1,0,0,0,0,0,-1,0,0,0,0,0,0,-1,0,0,0,0,0,0,-1,0,0,0,0,0,0,-1,0,0,0,0,0,0,3,124,64,0,-1,0,0,0,-1,0,0,0,-1,0,0,-1,0,-1,0,-1,0,-1,0,-1,0,-1,0,-1,0,-1,0,-1,0,-1,0,-1,0,-1,0,-1,0,0,0,5248,3,0,3,73
1078,582,fd,1,143,80,2,240,1056,0,2,2,64458,240,3,0,0,0,1,71,29,0,0,1,163,18,0,0,0,0,0,0,0,0,0,0,0,0,1,150,75,688,0,0,-1,0,0,0,0,0,-1,0,0,0,0,0,-1,0,0,0,0,0,0,-1,0,0,0,0,0,0,-1,0,0,0,0,0,0,-1,0,0,0,0,0,0,3,122,64,0,-1,0,0,0,-1,0,0,0,-1,0,0,-1,0,-1,0,-1,0,-1,0,-1,0,-1,0,-1,0,-1,0,-1,0,-1,0,-1,0,-1,0,-1,0,0,0,5247,3,0,3,74
1079,583,fd,1,143,80,2,288,1056,0,2,2,64456,240,3,0,0,0,1,69,28,0,0,1,161,17,0,0,0,0,0,0,0,0,0,0,0,0,1,148,73,672,0,0,-1,0,0,0,0,0,-1,0,0,0,0,0,-1,0,0,0,0,0,0,-1,0,0,0,0,0,0,-1,0,0,0,0,0,0,-1,0,0,0,0,0,0,3,120,64,0,-1,0,0,0,-1,0,0,0,-1,0,0,-1,0,-1,0,-1,0,-1,0,-1,0,-1,0,-1,0,-1,0,-1,0,-1,0,-1,0,-1,0,-1,0,0,0,5246,3,0,3,75
1080,584,fd,1,144,80,2,336,1056,0,2,2,64454,240,3,0,0,0,1,67,27,0,0,1,159,16,0,0,0,0,0,0,0,0,0,0,0,0,1,146,71,656,0,0,-1,0,0,0,0,0,-1,0,0,0,0,0,-1,0,0,0,0,0,0,-1,0,0,0,0,0,0,-1,0,0,0,0,0,0,-1,0,0,0,0,0,0,3,118,64,0,-1,0,0,0,-1,0,0,0,-1,0,0,-1,0,-1,0,-1,0,-1,0,-1,0,-1,0,-1,0,-1,0,-1,0,-1,0,-1,0,-1,0,-1,0,0,0,5245,3,0,3,76
1081,585,fd,1,145,80,2,384,1056,0,2,2,64452,240,3,0,0,0,1,65,26,0,0,1,157,15,0,0,0,0,0,0,0,0,0,0,0,0,1,144,69,640,0,0,-1,0,0,0,0,0,-1,0,0,0,0,0,-1,0,0,0,0,0,0,-1,0,0,0,0,0,0,-1,0,0,0,0,0,0,-1,0,0,0,0,0,0,3,116,64,0,-1,0,0,0,-1,0,0,0,-1,0,0,-1,0,-1,0,-1,0,-1,0,-1,0,-1,0,-1,0,-1,0,-1,0,-1,0,-1,0,-1,0,-1,0,0,0,5244,3,0,3,77
1082,586,fd,1,146,80,2,432,1056,0,2,2,64450,240,3,0,0,0,1,63,25,0,0,1,155,14,0,0,0,0,0,0,0,0,0,0,0,0,1,142,67,624,0,0,-1,0,0,0,0,0,-1,0,0,0,0,0,-1,0,0,0,0,0,0,-1,0,0,0,0,0,0,-1,0,0,0,0,0,0,-1,0,0,0,0,0,0,3,114,64,0,-1,0,0,0,-1,0,0,0,-1,0,0,-1,0,-1,0,-1,0,-1,0,-1,0,-1,0,-1,0,-1,0,-1,0,-1,0,-1,0,-1,0,-1,0,0,0,5243,3,0,3,78
1083,587,fd,1,147,80,2,480,1056,0,2,2,64448,240,3,0,0,0,1,61,24,0,0,1,153,13,0,0,0,0,0,0,0,0,0,0,0,0,1,140,65,608,0,0,-1,0,0,0,0,0,-1,0,0,0,0,0,-1,0,0,0,0,0,0,-1,0,0,0,0,0,0,-1,0,0,0,0,0,0,-1,0,0,0,0,0,0,3,112,64,0,-1,0,0,0,-1,0,0,0,-1,0,0,-1,0,-1,0,-1,0,-1,0,-1,0,-1,0,-1,0,-1,0,-1,0,-1,0,-1,0,-1,0,-1,0,0,0,5242,3,0,3,79
1084,588,fd,1,148,80,2,528,1056,0,2,2,64446,240,3,0,0,0,1,59,23,0,0,1,151,12,0,0,0,0,0,0,0,0,0,0,0,0,1,138,63,592,0,0,-1,0,0,0,0,0,-1,0,0,0,0,0,-1,0,0,0,0,0,0,-1,0,0,0,0,0,0,-1,0,0,0,0,0,0,-1,0,0,0,0,0,0,3,110,64,0,-1,0,0,0,-1,0,0,0,-1,0,0,-1,0,-1,0,-1,0,-1,0,-1,0,-1,0,-1,0,-1,0,-1,0,-1,0,-1,0,-1,0,-1,0,0,0,5241,3,0,3,80
1085,589,fd,1,150,80,2,576,1056,0,2,2,64444,240,3,0,0,0,1,57,22,0,0,1,149,11,0,0,0,0,0,0,0,0,0,0,0,0,1,136,61,576,0,0,-1,0,0,0,0,0,-1,0,0,0,0,0,-1,0,0,0,0,0,0,-1,0,0,0,0,0,0,-1,0,0,0,0,0,0,-1,0,0,0,0,0,0,3,108,64,0,-1,0,0,0,-1,0,0,0,-1,0,0,-1,0,-1,0,-1,0,-1,0,-1,0,-1,0,-1,0,-1,0,-1,0,-1,0,-1,0,-1,0,-1,0,0,0,5240,3,0,3,81
1086,590,fd,1,152,80,2,624,1056,0,2,2,64442,240,3,0,0,0,1,55,21,0,0,1,147,10,0,0,0,0,0,0,0,0,0,0,0,0,1,134,59,560,0,0,-1,0,0,0,0,0,-1,0,0,0,0,0,-1,0,0,0,0,0,0,-1,0,0,0,0,0,0,-1,0,0,0,0,0,0,-1,0,0,0,0,0,0,3,106,64,0,-1,0,0,0,-1,0,0,0,-1,0,0,-1,0,-1,0,-1,0,-1,0,-1,0,-1,0,-1,0,-1,0,-1,0,-1,0,-1,0,-1,0,-1,0,0,0,5239,3,0,3,82
1087,591,fd,1,154,80,2,672,1056,0,2,2,64440,240,3,0,0,0,1,53,20,0,0,1,145,9,0,0,0,0,0,0,0,0,0,0,0,0,1,132,57,544,0,0,-1,0,0,0,0,0,-1,0,0,0,0,0,-1,0,0,0,0,0,0,-1,0,0,0,0,0,0,-1,0,0,0,0,0,0,-1,0,0,0,0,0,0,3,104,64,0,-1,0,0,0,-1,0,0,0,-1,0,0,-1,0,-1,0,-1,0,-1,0,-1,0,-1,0,-1,0,-1,0,-1,0,-1,0,-1,0,-1,0,-1,0,0,0,5238,3,0,3,83
1088,592,fd,1,156,80,2,720,1056,0,2,2,64438,240,3,0,0,0,1,51,19,0,0,1,143,8,0,0,0,0,0,0,0,0,0,0,0,0,1,130,55,528,0,0,-1,0,0,0,0,0,-1,0,0,0,0,0,-1,0,0,0,0,0,0,-1,0,0,0,0,0,0,-1,0,0,0,0,0,0,-1,0,0,0,0,0,0,3,102,64,0,-1,0,0,0,-1,0,0,0,-1,0,0,-1,0,-1,0,-1,0,-1,0,-1,0,-1,0,-1,0,-1,0,-1,0,-1,0,-1,0,-1,0,-1,0,0,0,5237,3,0,3,84
1089,593,fd,1,158,80,2,768,1056,0,2,2,64436,240,3,0,0,0,1,49,18,0,0,1,141,7,0,0,0,0,0,0,0,0,0,0,0,0,1,128,53,512,0,0,-1,0,0,0,0,0,-1,0,0,0,0,0,-1,0,0,0,0,0,0,-1,0,0,0,0,0,0,-1,0,0,0,0,0,0,-1,0,0,0,0,0,0,3,100,64,0,-1,0,0,0,-1,0,0,0,-1,0,0,-1,0,-1,0,-1,0,-1,0,-1,0,-1,0,-1,0,-1,0,-1,0,-1,0,-1,0,-1,0,-1,0,0,0,5236,3,0,3,85
1090,594,fd,1,161,80,2,816,1056,0,2,2,64434,240,3,0,0,0,1,47,17,0,0,1,139,6,0,0,0,0,0,0,0,0,0,0,0,0,1,126,51,496,0,0,-1,0,0,0,0,0,-1,0,0,0,0,0,-1,0,0,0,0,0,0,-1,0,0,0,0,0,0,-1,0,0,0,0,0,0,-1,0,0,0,0,0,0,3,98,64,0,-1,0,0,0,-1,0,0,0,-1,0,0,-1,0,-1,0,-1,0,-1,0,-1,0,-1,0,-1,0,-1,0,-1,0,-1,0,-1,0,-1,0,-1,0,0,0,5235,3,0,3,86
1091,595,fd,1,164,80,2,864,1056,0,2,2,64432,240,3,0,0,0,1,45,16,0,0,1,137,5,0,0,0,0,0,0,0,0,0,0,0,0,1,125,49,480,0,0,-1,0,0,0,0,0,-1,0,0,0,0,0,-1,0,0,0,0,0,0,-1,0,0,0,0,0,0,-1,0,0,0,0,0,0,-1,0,0,0,0,0,0,3,96,64,0,-1,0,0,0,-1,0,0,0,-1,0,0,-1,0,-1,0,-1,0,-1,0,-1,0,-1,0,-1,0,-1,0,-1,0,-1,0,-1,0,-1,0,-1,0,0,0,5234,3,0,3,87
1092,596,fd,1,167,80,2,912,1056,0,2,2,64430,240,3,0,0,0,1,43,15,0,0,1,135,4,0,0,0,0,0,0,0,0,0,0,0,0,1,124,47,464,0,0,-1,0,0,0,0,0,-1,0,0,0,0,0,-1,0,0,0,0,0,0,-1,0,0,0,0,0,0,-1,0,0,0,0,0,0,-1,0,0,0,0,0,0,3,94,64,0,-1,0,0,0,-1,0,0,0,-1,0,0,-1,0,-1,0,-1,0,-1,0,-1,0,-1,0,-1,0,-1,0,-1,0,-1,0,-1,0,-1,0,-1,0,0,0,5233,3,0,3,88
1093,597,fd,1,170,80,2,960,1056,0,2,2,64428,240,3,0,0,0,1,41,14,0,0,1,133,3,0,0,0,0,0,0,0,0,0,0,0,0,1,123,45,448,0,0,-1,0,0,0,0,0,-1,0,0,0,0,0,-1,0,0,0,0,0,0,-1,0,0,0,0,0,0,-1,0,0,0,0,0,0,-1,0,0,0,0,0,0,3,92,64,0,-1,0,0,0,-1,0,0,0,-1,0,0,-1,0,-1,0,-1,0,-1,0,-1,0,-1,0,-1,0,-1,0,-1,0,-1,0,-1,0,-1,0,-1,0,0,0,5232,3,0,3,89
1094,598,fd,1,173,80,2,1008,1056,0,2,2,64426,240,3,0,0,0,1,39,13,0,0,1,131,2,0,0,0,0,0,0,0,0,0,0,0,0,1,122,43,432,0,0,-1,0,0,0,0,0,-1,0,0,0,0,0,-1,0,0,0,0,0,0,-1,0,0,0,0,0,0,-1,0,0,0,0,0,0,-1,0,0,0,0,0,0,3,90,64,0,-1,0,0,0,-1,0,0,0,-1,0,0,-1,0,-1,0,-1,0,-1,0,-1,0,-1,0,-1,0,-1,0,-1,0,-1,0,-1,0,-1,0,-1,0,0,0,5231,3,0,3,90
1095,599,fd,1,180,80,1,1056,1056,0,2,2,64424,260,3,0,0,8,1,37,12,0,0,1,129,1,0,0,0,0,0,0,0,0,0,0,0,0,1,121,41,416,0,0,-1,0,0,0,0,0,-1,0,0,0,0,0,-1,0,0,0,0,0,0,-1,0,0,0,0,0,0,-1,0,0,0,0,0,0,-1,0,0,0,0,0,0,3,88,64,0,-1,0,0,0,-1,0,0,0,-1,0,0,-1,0,-1,0,-1,0,-1,0,-1,0,-1,0,-1,0,-1,0,-1,0,-1,0,-1,0,-1,0,-1,0,0,0,5230,3,0,3,91
1096,600,fd,1,176,80,1,1008,1056,0,2,2,64422,260,3,0,0,7,1,35,11,0,0,1,127,57,0,0,0,0,0,0,0,0,0,0,0,0,1,120,39,400,0,0,0,210,131,0,0,7,-1,0,0,0,0,0,-1,0,0,0,0,0,0,-1,0,0,0,0,0,0,-1,0,0,0,0,0,0,-1,0,0,0,0,0,0,3,86,64,0,-1,0,0,0,-1,0,0,0,-1,0,0,-1,0,-1,0,-1,0,-1,0,-1,0,-1,0,-1,0,-1,0,-1,0,-1,0,-1,0,-1,0,-1,0,0,0,5229,3,0,3,92
1097,601,fd,1,173,80,1,960,1056,0,2,2,64420,260,3,0,0,6,1,33,10,0,0,1,125,56,0,0,0,0,0,0,0,0,0,0,0,0,1,119,37,384,0,0,0,210,129,0,0,6,-1,0,0,0,0,0,-1,0,0,0,0,0,0,-1,0,0,0,0,0,0,-1,0,0,0,0,0,0,-1,0,0,0,0,0,0,3,84,64,0,-1,0,0,0,-1,0,0,0,-1,0,0,-1,0,-1,0,-1,0,-1,0,-1,0,-1,0,-1,0,-1,0,-1,0,-1,0,-1,0,-1,0,-1,0,0,0,5228,3,0,3,93
1098,602,fd,1,170,80,1,912,1056,0,2,2,64418,260,3,0,0,5,1,31,9,0,0,1,123,55,0,0,0,0,0,0,0,0,0,0,0,0,1,118,35,368,0,0,0,210,127,0,0,5,-1,0,0,0,0,0,-1,0,0,0,0,0,0,-1,0,0,0,0,0,0,-1,0,0,0,0,0,0,-1,0,0,0,0,0,0,3,82,64,0,-1,0,0,0,-1,0,0,0,-1,0,0,-1,0,-1,0,-1,0,-1,0,-1,0,-1,0,-1,0,-1,0,-1,0,-1,0,-1,0,-1,0,-1,0,0,0,5227,3,0,3,94
1099,603,fd,1,167,80,1,864,1056,0,2,2,64416,260,3,0,0,4,1,29,8,0,0,1,121,54,0,0,0,0,0,0,0,0,0,0,0,0,1,117,33,352,0,0,0,210,125,0,0,4,-1,0,0,0,0,0,-1,0,0,0,0,0,0,-1,0,0,0,0,0,0,-1,0,0,0,0,0,0,-1,0,0,0,0,0,0,3,80,64,0,-1,0,0,0,-1,0,0,0,-1,0,0,-1,0,-1,0,-1,0,-1,0,-1,0,-1,0,-1,0,-1,0,-1,0,-1,0,-1,0,-1,0,-1,0,0,0,5226,3,0,3,95
1100,604,fd,1,164,80,1,816,1056,0,2,2,64414,260,3,0,0,3,1,27,7,0,0,1,119,53,0,0,0,0,0,0,0,0,0,0,0,0,1,116,31,336,0,0,0,210,123,0,0,3,-1,0,0,0,0,0,-1,0,0,0,0,0,0,-1,0,0,0,0,0,0,-1,0,0,0,0,0,0,-1,0,0,0,0,0,0,3,78,64,0,-1,0,0,0,-1,0,0,0,-1,0,0,-1,0,-1,0,-1,0,-1,0,-1,0,-1,0,-1,0,-1,0,-1,0,-1,0,-1,0,-1,0,-1,0,0,0,5225,3,0,3,96
1101,605,fd,1,161,80,1,768,1056,0,2,2,64412,260,3,0,0,2,1,25,6,0,0,1,117,52,0,0,0,0,0,0,0,0,0,0,0,0,1,115,29,320,0,0,0,210,121,0,0,2,-1,0,0,0,0,0,-1,0,0,0,0,0,0,-1,0,0,0,0,0,0,-1,0,0,0,0,0,0,-1,0,0,0,0,0,0,3,76,64,0,-1,0,0,0,-1,0,0,0,-1,0,0,-1,0,-1,0,-1,0,-1,0,-1,0,-1,0,-1,0,-1,0,-1,0,-1,0,-1,0,-1,0,-1,0,0,0,5224,3,0,3,97
1102,606,fd,1,158,80,1,720,1056,0,2,2,64410,260,3,0,0,1,1,23,5,0,0,1,115,51,0,0,0,0,0,0,0,0,0,0,0,0,1,114,27,304,0,0,0,210,119,0,0,1,-1,0,0,0,0,0,-1,0,0,0,0,0,0,-1,0,0,0,0,0,0,-1,0,0,0,0,0,0,-1,0,0,0,0,0,0,3,74,64,0,-1,0,0,0,-1,0,0,0,-1,0,0,-1,0,-1,0,-1,0,-1,0,-1,0,-1,0,-1,0,-1,0,-1,0,-1,0,-1,0,-1,0,-1,0,0,0,5223,3,0,3,98
1103,607,fd,1,156,80,1,672,1056,0,2,2,64408,260,3,0,0,0,1,21,4,0,0,1,113,50,0,0,0,0,0,0,0,0,0,0,0,0,1,113,25,288,0,0,1,210,117,1024,0,0,-1,0,0,0,0,0,-1,0,0,0,0,0,0,-1,0,0,0,0,0,0,-1,0,0,0,0,0,0,-1,0,0,0,0,0,0,3,72,64,0,3,240,152,0,-1,0,0,0,-1,0,0,-1,0,-1,0,-1,0,-1,0,-1,0,-1,0,-1,0,-1,0,-1,0,-1,0,-1,0,-1,0,-1,0,0,0,5222,3,0,3,99
1104,608,fd,1,154,80,1,624,1056,0,2,2,64406,260,3,0,0,0,1,19,3,0,0,1,111,49,0,0,0,0,0,0,0,0,0,0,0,0,1,112,23,272,0,0,1,206,115,1008,0,0,-1,0,0,0,0,0,-1,0,0,0,0,0,0,-1,0,0,0,0,0,0,-1,0,0,0,0,0,0,-1,0,0,0,0,0,0,3,70,64,0,3,238,152,0,-1,0,0,0,-1,0,0,-1,0,-1,0,-1,0,-1,0,-1,0,-1,0,-1,0,-1,0,-1,0,-1,0,-1,0,-1,0,-1,0,0,0,5221,3,0,3,100
1105,609,fd,1,152,80,1,576,1056,0,2,2,64404,260,3,0,0,0,1,17,2,0,0,1,109,48,0,0,0,0,0,0,0,0,0,0,0,0,1,111,21,256,0,0,1,203,113,992,0,0,-1,0,0,0,0,0,-1,0,0,0,0,0,0,-1,0,0,0,0,0,0,-1,0,0,0,0,0,0,-1,0,0,0,0,0,0,3,68,64,0,3,236,152,0,-1,0,0,0,-1,0,0,-1,0,-1,0,-1,0,-1,0,-1,0,-1,0,-1,0,-1,0,-1,0,-1,0,-1,0,-1,0,-1,0,0,0,5220,3,0,3,101
1106,610,fd,1,150,80,1,528,1056,0,2,2,64402,260,3,0,0,0,1,15,1,0,0,1,107,47,0,0,0,0,0,0,0,0,0,0,0,0,1,110,19,240,0,0,1,200,111,976,0,0,-1,0,0,0,0,0,-1,0,0,0,0,0,0,-1,0,0,0,0,0,0,-1,0,0,0,0,0,0,-1,0,0,0,0,0,0,3,66,64,0,3,234,152,0,-1,0,0,0,-1,0,0,-1,0,-1,0,-1,0,-1,0,-1,0,-1,0,-1,0,-1,0,-1,0,-1,0,-1,0,-1,0,-1,0,0,0,5219,3,0,3,102
1107,611,fd,1,148,80,1,480,1056,0,2,2,64400,260,3,0,0,0,1,13,57,0,0,1,105,46,0,0,0,0,0,0,0,0,0,0,0,0,1,110,17,0,1,8,1,197,109,960,0,0,0,210,17,0,0,7,-1,0,0,0,0,0,0,-1,0,0,0,0,0,0,-1,0,0,0,0,0,0,-1,0,0,0,0,0,0,3,64,64,0,3,232,152,0,-1,0,0,0,-1,0,0,-1,0,-1,0,-1,0,-1,0,-1,0,-1,0,-1,0,-1,0,-1,0,-1,0,-1,0,-1,0,-1,0,0,0,5218,3,0,3,103
1108,612,fd,1,147,80,1,432,1056,0,2,2,64398,260,3,0,0,0,1,11,56,0,0,1,103,45,0,0,0,0,0,0,0,0,0,0,0,0,1,110,15,0,1,7,1,194,107,944,0,0,0,210,15,0,0,6,-1,0,0,0,0,0,0,-1,0,0,0,0,0,0,-1,0,0,0,0,0,0,-1,0,0,0,0,0,0,3,62,64,0,3,230,152,0,-1,0,0,0,-1,0,0,-1,0,-1,0,-1,0,-1,0,-1,0,-1,0,-1,0,-1,0,-1,0,-1,0,-1,0,-1,0,-1,0,0,0,5217,3,0,3,104
1109,613,fd,1,146,80,1,384,1056,0,2,2,64396,260,3,0,0,0,1,9,55,0,0,1,101,44,0,0,0,0,0,0,0,0,0,0,0,0,1,110,13,0,1,6,1,191,105,928,0,0,0,210,13,0,0,5,-1,0,0,0,0,0,0,-1,0,0,0,0,0,0,-1,0,0,0,0,0,0,-1,0,0,0,0,0,0,3,60,64,0,3,228,152,0,-1,0,0,0,-1,0,0,-1,0,-1,0,-1,0,-1,0,-1,0,-1,0,-1,0,-1,0,-1,0,-1,0,-1,0,-1,0,-1,0,0,0,5216,3,0,3,105
1110,614,fd,1,145,80,1,336,1056,0,2,2,64394,260,3,0,0,0,1,7,54,0,0,1,99,43,0,0,0,0,0,0,0,0,0,0,0,0,1,110,11,0,1,5,1,188,103,912,0,0,0,210,11,0,0,4,-1,0,0,0,0,0,0,-1,0,0,0,0,0,0,-1,0,0,0,0,0,0,-1,0,0,0,0,0,0,3,58,64,0,3,226,152,0,-1,0,0,0,-1,0,0,-1,0,-1,0,-1,0,-1,0,-1,0,-1,0,-1,0,-1,0,-1,0,-1,0,-1,0,-1,0,-1,0,0,0,5215,3,0,3,106
1111,615,fd,1,144,80,1,288,1056,0,2,2,64392,260,3,0,0,0,1,5,53,0,0,1,97,42,0,0,0,0,0,0,0,0,0,0,0,0,1,110,9,0,1,4,1,185,101,896,0,0,0,210,9,0,0,3,-1,0,0,0,0,0,0,-1,0,0,0,0,0,0,-1,0,0,0,0,0,0,-1,0,0,0,0,0,0,3,56,64,0,3,224,152,0,-1,0,0,0,-1,0,0,-1,0,-1,0,-1,0,-1,0,-1,0,-1,0,-1,0,-1,0,-1,0,-1,0,-1,0,-1,0,-1,0,0,0,5214,3,0,3,107
1112,616,fd,1,143,80,1,240,1056,0,2,2,64390,260,3,0,0,0,1,3,52,0,0,1,95,41,0,0,0,0,0,0,0,0,0,0,0,0,1,110,7,0,1,3,1,182,99,880,0,0,0,210,7,0,0,2,-1,0,0,0,0,0,0,-1,0,0,0,0,0,0,-1,0,0,0,0,0,0,-1,0,0,0,0,0,0,3,54,64,0,3,222,152,0,-1,0,0,0,-1,0,0,-1,0,-1,0,-1,0,-1,0,-1,0,-1,0,-1,0,-1,0,-1,0,-1,0,-1,0,-1,0,-1,0,0,0,5213,3,0,3,108
1113,617,fd,1,143,80,1,192,1056,0,2,2,64388,260,3,0,0,0,1,1,51,0,0,1,93,40,0,0,0,0,0,0,0,0,0,0,0,0,1,110,5,0,1,2,1,179,97,864,0,0,0,210,5,0,0,1,-1,0,0,0,0,0,0,-1,0,0,0,0,0,0,-1,0,0,0,0,0,0,-1,0,0,0,0,0,0,3,52,64,0,3,220,152,0,-1,0,0,0,-1,0,0,-1,0,-1,0,-1,0,-1,0,-1,0,-1,0,-1,0,-1,0,-1,0,-1,0,-1,0,-1,0,-1,0,0,0,5212,3,0,3,109
1114,618,fd,1,143,80,1,144,1056,0,2,2,64386,260,3,0,0,0,1,255,50,0,0,1,91,39,0,0,0,0,0,0,0,0,0,0,0,0,1,110,3,0,1,1,1,176,95,848,0,0,1,210,3,1024,0,0,-1,0,0,0,0,0,0,-1,0,0,0,0,0,0,-1,0,0,0,0,0,0,-1,0,0,0,0,0,0,3,50,64,0,3,218,152,0,-1,0,0,0,-1,0,0,-1,0,-1,0,-1,0,-1,0,-1,0,-1,0,-1,0,-1,0,-1,0,-1,0,-1,0,-1,0,-1,0,0,0,5211,3,0,3,110
1115,619,fd,1,143,80,1,96,1056,0,2,2,64384,260,3,0,0,0,1,253,49,0,0,1,89,38,0,0,0,0,0,0,0,0,0,0,0,0,-1,0,0,0,0,0,1,173,93,832,0,0,1,206,1,1008,0,0,-1,0,0,0,0,0,0,-1,0,0,0,0,0,0,-1,0,0,0,0,0,0,-1,0,0,0,0,0,0,3,48,64,0,3,216,152,0,-1,0,0,0,-1,0,0,-1,0,-1,0,-1,0,-1,0,-1,0,-1,0,-1,0,-1,0,-1,0,-1,0,-1,0,-1,0,-1,0,0,0,5210,3,0,3,111
1116,620,fd,1,143,80,1,48,1056,0,2,2,64382,260,3,0,0,0,1,251,48,0,0,1,87,37,0,0,0,0,0,0,0,0,0,0,0,0,-1,0,0,0,0,0,1,170,91,816,0,0,1,203,255,992,0,0,-1,0,0,0,0,0,0,-1,0,0,0,0,0,0,-1,0,0,0,0,0,0,-1,0,0,0,0,0,0,3,46,64,0,3,214,152,0,-1,0,0,0,-1,0,0,-1,0,-1,0,-1,0,-1,0,-1,0,-1,0,-1,0,-1,0,-1,0,-1,0,-1,0,-1,0,-1,0,0,0,5209,3,0,3,112
1117,621,fd,1,143,80,2,0,1056,0,2,2,64380,260,3,0,0,0,1,249,47,0,0,1,85,36,0,0,0,0,0,0,0,0,0,0,0,0,-1,0,0,0,0,0,1,167,89,800,0,0,1,200,253,976,0,0,-1,0,0,0,0,0,0,-1,0,0,0,0,0,0,-1,0,0,0,0,0,0,-1,0,0,0,0,0,0,3,44,64,0,3,212,152,0,-1,0,0,0,-1,0,0,-1,0,-1,0,-1,0,-1,0,-1,0,-1,0,-1,0,-1,0,-1,0,-1,0,-1,0,-1,0,-1,0,0,0,5208,3,0,3,113
1118,622,fd,1,143,80,2,48,1056,0,2,2,64378,260,3,0,0,0,1,247,46,0,0,1,83,35,0,0,0,0,0,0,0,0,0,0,0,0,-1,0,0,0,0,0,1,164,87,784,0,0,1,197,251,960,0,0,-1,0,0,0,0,0,0,-1,0,0,0,0,0,0,-1,0,0,0,0,0,0,-1,0,0,0,0,0,0,3,42,64,0,3,210,152,0,-1,0,0,0,-1,0,0,-1,0,-1,0,-1,0,-1,0,-1,0,-1,0,-1,0,-1,0,-1,0,-1,0,-1,0,-1,0,-1,0,0,0,5207,3,0,3,114
1119,623,fd,1,143,80,2,96,1056,0,2,2,64376,260,3,0,0,0,1,245,45,0,0,1,81,34,0,0,0,0,0,0,0,0,0,0,0,0,-1,0,0,0,0,0,1,161,85,768,0,0,1,194,249,944,0,0,-1,0,0,0,0,0,0,-1,0,0,0,0,0,0,-1,0,0,0,0,0,0,-1,0,0,0,0,0,0,3,40,64,0,3,208,152,0,-1,0,0,0,-1,0,0,-1,0,-1,0,-1,0,-1,0,-1,0,-1,0,-1,0,-1,0,-1,0,-1,0,-1,0,-1,0,-1,0,0,0,5206,3,0,3,115
1120,624,fd,1,143,80,2,144,1056,0,2,2,64374,260,3,0,0,0,1,243,44,0,0,1,79,33,0,0,0,0,0,0,0,0,0,0,0,0,-1,0,0,0,0,0,1,158,83,752,0,0,1,191,247,928,0,0,-1,0,0,0,0,0,0,-1,0,0,0,0,0,0,-1,0,0,0,0,0,0,-1,0,0,0,0,0,0,3,38,64,0,3,206,152,0,-1,0,0,0,-1,0,0,-1,0,-1,0,-1,0,-1,0,-1,0,-1,0,-1,0,-1,0,-1,0,-1,0,-1,0,-1,0,-1,0,0,0,5205,3,0,3,116
1121,625,fd,1,143,80,2,192,1056,0,2,2,64372,260,3,0,0,0,0,0,0,0,0,1,77,32,0,0,0,0,0,0,0,0,0,0,0,0,-1,0,0,0,0,0,1,156,81,736,0,0,1,188,245,912,0,0,-1,0,0,0,0,0,0,-1,0,0,0,0,0,0,-1,0,0,0,0,0,0,-1,0,0,0,0,0,0,3,36,64,0,3,204,152,0,-1,0,0,0,-1,0,0,-1,0,-1,0,-1,0,-1,0,-1,0,-1,0,-1,0,-1,0,-1,0,-1,0,-1,0,-1,0,-1,0,0,0,5204,3,0,3,117
1122,626,fd,1,143,80,2,240,1056,0,2,2,64370,260,3,0,0,0,1,239,56,0,0,1,75,31,0,0,0,0,0,0,0,0,0,0,0,0,-1,0,0,0,0,0,1,154,79,720,0,0,1,185,243,896,0,0,-1,0,0,0,0,0,0,-1,0,0,0,0,0,0,-1,0,0,0,0,0,0,-1,0,0,0,0,0,0,3,34,64,0,3,202,152,0,-1,0,0,0,-1,0,0,-1,0,-1,0,-1,0,-1,0,-1,0,-1,0,-1,0,-1,0,-1,0,-1,0,-1,0,-1,0,-1,0,0,0,5203,3,0,3,118
1123,627,fd,1,143,80,2,288,1056,0,2,2,64368,260,3,0,0,0,1,237,55,0,0,1,73,30,0,0,0,0,0,0,0,0,0,0,0,0,-1,0,0,0,0,0,1,152,77,704,0,0,-1,0,0,0,0,0,-1,0,0,0,0,0,0,-1,0,0,0,0,0,0,-1,0,0,0,0,0,0,-1,0,0,0,0,0,0,3,32,64,0,3,200,152,0,-1,0,0,0,-1,0,0,-1,0,-1,0,-1,0,-1,0,-1,0,-1,0,-1,0,-1,0,-1,0,-1,0,-1,0,-1,0,-1,0,0,0,5202,3,0,3,119
1124,628,fd,1,144,80,2,336,1056,0,2,2,64366,260,3,0,0,0,1,235,54,0,0,1,71,29,0,0,0,0,0,0,0,0,0,0,0,0,-1,0,0,0,0,0,1,150,75,688,0,0,-1,0,0,0,0,0,-1,0,0,0,0,0,0,-1,0,0,0,0,0,0,-1,0,0,0,0,0,0,-1,0,0,0,0,0,0,3,30,64,0,3,198,152,0,-1,0,0,0,-1,0,0,-1,0,-1,0,-1,0,-1,0,-1,0,-1,0,-1,0,-1,0,-1,0,-1,0,-1,0,-1,0,-1,0,0,0,5201,3,0,3,120
1125,629,fd,1,145,80,2,384,1056,0,2,2,64364,260,3,0,0,0,1,233,53,0,0,1,69,28,0,0,0,0,0,0,0,0,0,0,0,0,-1,0,0,0,0,0,1,148,73,672,0,0,-1,0,0,0,0,0,-1,0,0,0,0,0,0,-1,0,0,0,0,0,0,-1,0,0,0,0,0,0,-1,0,0,0,0,0,0,3,28,64,0,3,196,152,0,-1,0,0,0,-1,0,0,-1,0,-1,0,-1,0,-1,0,-1,0,-1,0,-1,0,-1,0,-1,0,-1,0,-1,0,-1,0,-1,0,0,0,5200,3,0,3,121
1126,630,fd,1,146,80,2,432,1056,0,2,2,64362,260,3,0,0,0,1,231,52,0,0,1,67,27,0,0,0,0,0,0,0,0,0,0,0,0,-1,0,0,0,0,0,1,146,71,656,0,0,-1,0,0,0,0,0,-1,0,0,0,0,0,0,-1,0,0,0,0,0,0,-1,0,0,0,0,0,0,-1,0,0,0,0,0,0,3,26,64,0,3,194,152,0,-1,0,0,0,-1,0,0,-1,0,-1,0,-1,0,-1,0,-1,0,-1,0,-1,0,-1,0,-1,0,-1,0,-1,0,-1,0,-1,0,0,0,5199,3,0,3,122
1127,631,fd,1,147,80,2,480,1056,0,2,2,64360,260,3,0,0,0,1,229,51,0,0,1,65,26,0,0,0,0,0,0,0,0,0,0,0,0,-1,0,0,0,0,0,1,144,69,640,0,0,-1,0,0,0,0,0,-1,0,0,0,0,0,0,-1,0,0,0,0,0,0,-1,0,0,0,0,0,0,-1,0,0,0,0,0,0,3,24,64,0,3,192,152,0,-1,0,0,0,-1,0,0,-1,0,-1,0,-1,0,-1,0,-1,0,-1,0,-1,0,-1,0,-1,0,-1,0,-1,0,-1,0,-1,0,0,0,5198,3,0,3,123
1128,632,fd,1,148,80,2,528,1056,0,2,2,64358,260,3,0,0,0,1,227,50,0,0,1,63,25,0,0,0,0,0,0,0,0,0,0,0,0,-1,0,0,0,0,0,1,142,67,624,0,0,-1,0,0,0,0,0,-1,0,0,0,0,0,0,-1,0,0,0,0,0,0,-1,0,0,0,0,0,0,-1,0,0,0,0,0,0,3,22,64,0,3,190,152,0,-1,0,0,0,-1,0,0,-1,0,-1,0,-1,0,-1,0,-1,0,-1,0,-1,0,-1,0,-1,0,-1,0,-1,0,-1,0,-1,0,0,0,5197,3,0,3,124
1129,633,fd,1,150,80,2,576,1056,0,2,2,64356,260,3,0,0,0,1,225,49,0,0,1,61,24,0,0,0,0,0,0,0,0,0,0,0,0,-1,0,0,0,0,0,1,140,65,608,0,0,-1,0,0,0,0,0,-1,0,0,0,0,0,0,-1,0,0,0,0,0,0,-1,0,0,0,0,0,0,-1,0,0,0,0,0,0,3,20,64,0,3,188,152,0,-1,0,0,0,-1,0,0,-1,0,-1,0,-1,0,-1,0,-1,0,-1,0,-1,0,-1,0,-1,0,-1,0,-1,0,-1,0,-1,0,0,0,5196,3,0,3,125
1130,634,fd,1,152,80,2,624,1056,0,2,2,64354,260,3,0,0,0,1,223,48,0,0,1,59,23,0,0,0,0,0,0,0,0,0,0,0,0,-1,0,0,0,0,0,1,138,63,592,0,0,-1,0,0,0,0,0,-1,0,0,0,0,0,0,-1,0,0,0,0,0,0,-1,0,0,0,0,0,0,-1,0,0,0,0,0,0,3,18,64,0,3,186,152,0,-1,0,0,0,-1,0,0,-1,0,-1,0,-1,0,-1,0,-1,0,-1,0,-1,0,-1,0,-1,0,-1,0,-1,0,-1,0,-1,0,0,0,5195,3,0,3,126
1131,635,fd,1,154,80,2,672,1056,0,2,2,64352,260,3,0,0,0,1,221,47,0,0,1,57,22,0,0,0,0,0,0,0,0,0,0,0,0,-1,0,0,0,0,0,1,136,61,576,0,0,-1,0,0,0,0,0,-1,0,0,0,0,0,0,-1,0,0,0,0,0,0,-1,0,0,0,0,0,0,-1,0,0,0,0,0,0,3,16,64,0,3,184,152,0,-1,0,0,0,-1,0,0,-1,0,-1,0,-1,0,-1,0,-1,0,-1,0,-1,0,-1,0,-1,0,-1,0,-1,0,-1,0,-1,0,0,0,5194,3,0,3,127
1132,636,fd,1,156,80,2,720,1056,0,2,2,64350,260,3,0,0,0,1,219,46,0,0,1,55,21,0,0,0,0,0,0,0,0,0,0,0,0,-1,0,0,0,0,0,1,134,59,560,0,0,-1,0,0,0,0,0,-1,0,0,0,0,0,0,-1,0,0,0,0,0,0,-1,0,0,0,0,0,0,-1,0,0,0,0,0,0,3,14,64,0,3,182,152,0,-1,0,0,0,-1,0,0,-1,0,-1,0,-1,0,-1,0,-1,0,-1,0,-1,0,-1,0,-1,0,-1,0,-1,0,-1,0,-1,0,0,0,5193,3,0,3,128
1133,637,fd,1,158,80,2,768,1056,0,2,2,64348,260,3,0,0,0,1,217,45,0,0,1,53,20,0,0,0,0,0,0,0,0,0,0,0,0,-1,0,0,0,0,0,1,132,57,544,0,0,-1,0,0,0,0,0,-1,0,0,0,0,0,0,-1,0,0,0,0,0,0,-1,0,0,0,0,0,0,-1,0,0,0,0,0,0,3,12,64,0,3,180,152,0,-1,0,0,0,-1,0,0,-1,0,-1,0,-1,0,-1,0,-1,0,-1,0,-1,0,-1,0,-1,0,-1,0,-1,0,-1,0,-1,0,0,0,5192,3,0,3,129
1134,638,fd,1,161,80,2,816,1056,0,2,2,64346,260,3,0,0,0,1,215,44,0,0,1,51,19,0,0,0,0,0,0,0,0,0,0,0,0,-1,0,0,0,0,0,1,130,55,528,0,0,-1,0,0,0,0,0,-1,0,0,0,0,0,0,-1,0,0,0,0,0,0,-1,0,0,0,0,0,0,-1,0,0,0,0,0,0,3,10,64,0,3,178,152,0,-1,0,0,0,-1,0,0,-1,0,-1,0,-1,0,-1,0,-1,0,-1,0,-1,0,-1,0,-1,0,-1,0,-1,0,-1,0,-1,0,0,0,5191,3,0,3,130
1135,639,fd,1,164,80,2,864,1056,0,2,2,64344,260,3,0,0,0,1,213,43,0,0,1,49,18,0,0,0,0,0,0,0,0,0,0,0,0,-1,0,0,0,0,0,1,128,53,512,0,0,-1,0,0,0,0,0,-1,0,0,0,0,0,0,-1,0,0,0,0,0,0,-1,0,0,0,0,0,0,-1,0,0,0,0,0,0,3,8,64,0,3,176,152,0,-1,0,0,0,-1,0,0,-1,0,-1,0,-1,0,-1,0,-1,0,-1,0,-1,0,-1,0,-1,0,-1,0,-1,0,-1,0,-1,0,0,0,5190,3,0,3,131
1136,640,fd,1,167,80,2,912,1056,0,2,2,64342,260,3,0,0,0,1,211,42,0,0,1,47,17,0,0,0,0,0,0,0,0,0,0,0,0,-1,0,0,0,0,0,1,126,51,496,0,0,-1,0,0,0,0,0,-1,0,0,0,0,0,0,-1,0,0,0,0,0,0,-1,0,0,0,0,0,0,-1,0,0,0,0,0,0,3,6,64,0,3,174,152,0,-1,0,0,0,-1,0,0,-1,0,-1,0,-1,0,-1,0,-1,0,-1,0,-1,0,-1,0,-1,0,-1,0,-1,0,-1,0,-1,0,0,0,5189,3,0,3,132
1137,641,fd,1,170,80,2,960,1056,0,2,2,64340,260,3,0,0,0,1,209,41,0,0,1,45,16,0,0,0,0,0,0,0,0,0,0,0,0,-1,0,0,0,0,0,1,125,49,480,0,0,-1,0,0,0,0,0,-1,0,0,0,0,0,0,-1,0,0,0,0,0,0,-1,0,0,0,0,0,0,-1,0,0,0,0,0,0,3,4,64,0,3,172,152,0,-1,0,0,0,-1,0,0,-1,0,-1,0,-1,0,-1,0,-1,0,-1,0,-1,0,-1,0,-1,0,-1,0,-1,0,-1,0,-1,0,0,0,5188,3,0,3,133
1138,642,fd,1,173,80,2,1008,1056,0,2,2,64338,260,3,0,0,0,1,207,40,0,0,1,43,15,0,0,0,0,0,0,0,0,0,0,0,0,-1,0,0,0,0,0,1,124,47,464,0,0,-1,0,0,0,0,0,-1,0,0,0,0,0,0,-1,0,0,0,0,0,0,-1,0,0,0,0,0,0,-1,0,0,0,0,0,0,3,2,64,0,3,170,152,0,-1,0,0,0,-1,0,0,-1,0,-1,0,-1,0,-1,0,-1,0,-1,0,-1,0,-1,0,-1,0,-1,0,-1,0,-1,0,-1,0,0,0,5187,3,0,3,134
1139,643,fd,1,180,80,1,960,960,0,2,2,64336,280,3,0,0,8,1,205,39,0,0,1,41,14,0,0,0,0,0,0,0,0,0,0,0,0,-1,0,0,0,0,0,1,123,45,448,0,0,-1,0,0,0,0,0,-1,0,0,0,0,0,0,-1,0,0,0,0,0,0,-1,0,0,0,0,0,0,-1,0,0,0,0,0,0,3,0,64,0,3,168,152,0,-1,0,0,0,-1,0,0,-1,0,-1,0,-1,0,-1,0,-1,0,-1,0,-1,0,-1,0,-1,0,-1,0,-1,0,-1,0,-1,0,0,0,5186,3,0,3,135
1140,644,fd,1,177,80,1,912,960,0,2,2,64334,280,3,0,0,7,1,203,38,0,0,1,39,13,0,0,0,0,0,0,0,0,0,0,0,0,-1,0,0,0,0,0,1,122,43,432,0,0,-1,0,0,0,0,0,-1,0,0,0,0,0,0,-1,0,0,0,0,0,0,-1,0,0,0,0,0,0,-1,0,0,0,0,0,0,3,254,64,0,3,166,152,0,-1,0,0,0,-1,0,0,-1,0,-1,0,-1,0,-1,0,-1,0,-1,0,-1,0,-1,0,-1,0,-1,0,-1,0,-1,0,-1,0,0,0,5185,3,0,3,136
1141,645,fd,1,174,80,1,864,960,0,2,2,64332,280,3,0,0,6,1,201,37,0,0,1,37,12,0,0,0,0,0,0,0,0,0,0,0,0,-1,0,0,0,0,0,1,121,41,416,0,0,-1,0,0,0,0,0,-1,0,0,0,0,0,0,-1,0,0,0,0,0,0,-1,0,0,0,0,0,0,-1,0,0,0,0,0,0,3,252,64,0,3,164,152,0,-1,0,0,0,-1,0,0,-1,0,-1,0,-1,0,-1,0,-1,0,-1,0,-1,0,-1,0,-1,0,-1,0,-1,0,-1,0,-1,0,0,0,5184,3,0,3,137
1142,646,fd,1,171,80,1,816,960,0,2,2,64330,280,3,0,0,5,1,199,36,0,0,1,35,11,0,0,0,0,0,0,0,0,0,0,0,0,-1,0,0,0,0,0,1,120,39,400,0,0,-1,0,0,0,0,0,-1,0,0,0,0,0,0,-1,0,0,0,0,0,0,-1,0,0,0,0,0,0,-1,0,0,0,0,0,0,3,250,64,0,3,162,152,0,-1,0,0,0,-1,0,0,-1,0,-1,0,-1,0,-1,0,-1,0,-1,0,-1,0,-1,0,-1,0,-1,0,-1,0,-1,0,-1,0,0,0,5183,3,0,3,138
1143,647,fd,1,168,80,1,768,960,0,2,2,64328,280,3,0,0,4,1,197,35,0,0,1,33,10,0,0,0,0,0,0,0,0,0,0,0,0,-1,0,0,0,0,0,1,119,37,384,0,0,-1,0,0,0,0,0,-1,0,0,0,0,0,0,-1,0,0,0,0,0,0,-1,0,0,0,0,0,0,-1,0,0,0,0,0,0,3,248,64,0,3,160,152,0,-1,0,0,0,-1,0,0,-1,0,-1,0,-1,0,-1,0,-1,0,-1,0,-1,0,-1,0,-1,0,-1,0,-1,0,-1,0,-1,0,0,0,5182,3,0,3,139
1144,648,fd,1,165,80,1,720,960,0,2,2,64326,280,3,0,0,3,1,195,34,0,0,1,31,9,0,0,0,0,0,0,0,0,0,0,0,0,-1,0,0,0,0,0,1,118,35,368,0,0,-1,0,0,0,0,0,-1,0,0,0,0,0,0,-1,0,0,0,0,0,0,-1,0,0,0,0,0,0,-1,0,0,0,0,0,0,3,246,64,0,3,158,152,0,-1,0,0,0,-1,0,0,-1,0,-1,0,-1,0,-1,0,-1,0,-1,0,-1,0,-1,0,-1,0,-1,0,-1,0,-1,0,-1,0,0,0,5181,3,0,3,140
1145,649,fd,1,163,80,1,672,960,0,2,2,64324,280,4,0,0,2,1,193,33,0,0,1,29,8,0,0,0,0,0,0,0,0,0,0,0,0,-1,0,0,0,0,0,1,117,33,352,0,0,-1,0,0,0,0,0,-1,0,0,0,0,0,0,-1,0,0,0,0,0,0,-1,0,0,0,0,0,0,-1,0,0,0,0,0,0,-1,0,0,0,3,156,152,0,-1,0,0,0,-1,0,0,-1,0,-1,0,-1,0,-1,0,-1,0,-1,0,-1,0,-1,0,-1,0,-1,0,-1,0,-1,0,-1,0,0,0,5180,3,0,3,141
1146,650,fd,1,161,80,1,624,960,0,2,2,64322,280,4,0,0,1,1,191,32,0,0,1,27,7,0,0,0,0,0,0,0,0,0,0,0,0,-1,0,0,0,0,0,1,116,31,336,0,0,-1,0,0,0,0,0,-1,0,0,0,0,0,0,-1,0,0,0,0,0,0,-1,0,0,0,0,0,0,-1,0,0,0,0,0,0,-1,0,0,0,3,154,152,0,-1,0,0,0,-1,0,0,-1,0,-1,0,-1,0,-1,0,-1,0,-1,0,-1,0,-1,0,-1,0,-1,0,-1,0,-1,0,-1,0,0,0,5179,3,0,3,142
1147,651,fd,1,159,80,1,576,960,0,2,2,64320,280,4,0,0,0,1,189,31,0,0,1,25,6,0,0,0,0,0,0,0,0,0,0,0,0,-1,0,0,0,0,0,1,115,29,320,0,0,-1,0,0,0,0,0,-1,0,0,0,0,0,0,-1,0,0,0,0,0,0,-1,0,0,0,0,0,0,-1,0,0,0,0,0,0,-1,0,0,0,3,152,152,0,-1,0,0,0,-1,0,0,-1,0,-1,0,-1,0,-1,0,-1,0,-1,0,-1,0,-1,0,-1,0,-1,0,-1,0,-1,0,-1,0,0,0,5178,3,0,3,143
1148,652,fd,1,157,80,1,528,960,0,2,2,64318,280,4,0,0,0,1,187,30,0,0,1,23,5,0,0,0,0,0,0,0,0,0,0,0,0,-1,0,0,0,0,0,1,114,27,304,0,0,-1,0,0,0,0,0,-1,0,0,0,0,0,0,-1,0,0,0,0,0,0,-1,0,0,0,0,0,0,-1,0,0,0,0,0,0,-1,0,0,0,3,150,152,0,-1,0,0,0,-1,0,0,-1,0,-1,0,-1,0,-1,0,-1,0,-1,0,-1,0,-1,0,-1,0,-1,0,-1,0,-1,0,-1,0,0,0,5177,3,0,3,144
1149,653,fd,1,155,80,1,480,960,0,2,2,64316,280,4,0,0,0,1,185,29,0,0,1,21,4,0,0,0,0,0,0,0,0,0,0,0,0,-1,0,0,0,0,0,1,113,25,288,0,0,-1,0,0,0,0,0,-1,0,0,0,0,0,0,-1,0,0,0,0,0,0,-1,0,0,0,0,0,0,-1,0,0,0,0,0,0,-1,0,0,0,3,148,152,0,-1,0,0,0,-1,0,0,-1,0,-1,0,-1,0,-1,0,-1,0,-1,0,-1,0,-1,0,-1,0,-1,0,-1,0,-1,0,-1,0,0,0,5176,3,0,3,145
1150,654,fd,1,154,80,1,432,960,0,2,2,64314,280,4,0,0,0,1,183,28,0,0,1,19,3,0,0,0,0,0,0,0,0,0,0,0,0,-1,0,0,0,0,0,1,112,23,272,0,0,-1,0,0,0,0,0,-1,0,0,0,0,0,0,-1,0,0,0,0,0,0,-1,0,0,0,0,0,0,-1,0,0,0,0,0,0,-1,0,0,0,3,146,152,0,-1,0,0,0,-1,0,0,-1,0,-1,0,-1,0,-1,0,-1,0,-1,0,-1,0,-1,0,-1,0,-1,0,-1,0,-1,0,-1,0,0,0,5175,3,0,3,146
1151,655,fd,1,153,80,1,384,960,0,2,2,64312,280,4,0,0,0,1,181,27,0,0,1,17,2,0,0,0,0,0,0,0,0,0,0,0,0,-1,0,0,0,0,0,1,111,21,256,0,0,-1,0,0,0,0,0,-1,0,0,0,0,0,0,-1,0,0,0,0,0,0,-1,0,0,0,0,0,0,-1,0,0,0,0,0,0,-1,0,0,0,3,144,152,0,-1,0,0,0,-1,0,0,-1,0,-1,0,-1,0,-1,0,-1,0,-1,0,-1,0,-1,0,-1,0,-1,0,-1,0,-1,0,-1,0,0,0,5174,3,0,3,147
1152,656,fd,1,152,80,1,336,960,0,2,2,64310,280,4,0,0,0,1,179,26,0,0,1,15,1,0,0,0,0,0,0,0,0,0,0,0,0,-1,0,0,0,0,0,1,110,19,240,0,0,-1,0,0,0,0,0,-1,0,0,0,0,0,0,-1,0,0,0,0,0,0,-1,0,0,0,0,0,0,-1,0,0,0,0,0,0,-1,0,0,0,3,142,152,0,-1,0,0,0,-1,0,0,-1,0,-1,0,-1,0,-1,0,-1,0,-1,0,-1,0,-1,0,-1,0,-1,0,-1,0,-1,0,-1,0,0,0,5173,3,0,3,148
1153,657,fd,1,151,80,1,288,960,0,2,2,64308,280,4,0,0,0,1,177,25,0,0,1,13,57,0,0,0,0,0,0,0,0,0,0,0,0,0,210,17,0,0,7,1,110,17,0,1,8,-1,0,0,0,0,0,-1,0,0,0,0,0,0,-1,0,0,0,0,0,0,-1,0,0,0,0,0,0,-1,0,0,0,0,0,0,-1,0,0,0,3,140,152,0,-1,0,0,0,-1,0,0,-1,0,-1,0,-1,0,-1,0,-1,0,-1,0,-1,0,-1,0,-1,0,-1,0,-1,0,-1,0,-1,0,0,0,5172,3,0,3,149
1154,658,fd,1,150,80,1,240,960,0,2,2,64306,280,4,0,0,0,1,175,24,0,0,1,11,56,0,0,0,0,0,0,0,0,0,0,0,0,0,210,15,0,0,6,1,110,15,0,1,7,-1,0,0,0,0,0,-1,0,0,0,0,0,0,-1,0,0,0,0,0,0,-1,0,0,0,0,0,0,-1,0,0,0,0,0,0,-1,0,0,0,3,138,152,0,-1,0,0,0,-1,0,0,-1,0,-1,0,-1,0,-1,0,-1,0,-1,0,-1,0,-1,0,-1,0,-1,0,-1,0,-1,0,-1,0,0,0,5171,3,0,3,150
1155,659,fd,1,150,80,1,192,960,0,2,2,64304,280,4,0,0,0,1,173,23,0,0,1,9,55,0,0,0,0,0,0,0,0,0,0,0,0,0,210,13,0,0,5,1,110,13,0,1,6,-1,0,0,0,0,0,-1,0,0,0,0,0,0,-1,0,0,0,0,0,0,-1,0,0,0,0,0,0,-1,0,0,0,0,0,0,-1,0,0,0,3,136,152,0,-1,0,0,0,-1,0,0,-1,0,-1,0,-1,0,-1,0,-1,0,-1,0,-1,0,-1,0,-1,0,-1,0,-1,0,-1,0,-1,0,0,0,5170,3,0,3,151
1156,660,fd,1,150,80,1,144,960,0,2,2,64302,280,4,0,0,0,1,171,22,0,0,1,7,54,0,0,0,0,0,0,0,0,0,0,0,0,0,210,11,0,0,4,1,110,11,0,1,5,-1,0,0,0,0,0,-1,0,0,0,0,0,0,-1,0,0,0,0,0,0,-1,0,0,0,0,0,0,-1,0,0,0,0,0,0,-1,0,0,0,3,134,152,0,-1,0,0,0,-1,0,0,-1,0,-1,0,-1,0,-1,0,-1,0,-1,0,-1,0,-1,0,-1,0,-1,0,-1,0,-1,0,-1,0,0,0,5169,3,0,3,152
1157,661,fd,1,150,80,1,96,960,0,2,2,64300,280,4,0,0,0,1,169,21,0,0,1,5,53,0,0,0,0,0,0,0,0,0,0,0,0,0,210,9,0,0,3,1,110,9,0,1,4,-1,0,0,0,0,0,-1,0,0,0,0,0,0,-1,0,0,0,0,0,0,-1,0,0,0,0,0,0,-1,0,0,0,0,0,0,-1,0,0,0,3,132,152,0,-1,0,0,0,-1,0,0,-1,0,-1,0,-1,0,-1,0,-1,0,-1,0,-1,0,-1,0,-1,0,-1,0,-1,0,-1,0,-1,0,0,0,5168,3,0,3,153
1158,662,fd,1,150,80,1,48,960,0,2,2,64298,280,4,0,0,0,1,167,20,0,0,1,3,52,0,0,0,0,0,0,0,0,0,0,0,0,0,210,7,0,0,2,1,110,7,0,1,3,-1,0,0,0,0,0,-1,0,0,0,0,0,0,-1,0,0,0,0,0,0,-1,0,0,0,0,0,0,-1,0,0,0,0,0,0,-1,0,0,0,3,130,152,0,-1,0,0,0,-1,0,0,-1,0,-1,0,-1,0,-1,0,-1,0,-1,0,-1,0,-1,0,-1,0,-1,0,-1,0,-1,0,-1,0,0,0,5167,3,0,3,154
1159,663,fd,1,150,80,2,0,960,0,2,2,64296,280,4,0,0,0,1,165,19,0,0,1,1,51,0,0,0,0,0,0,0,0,0,0,0,0,0,210,5,0,0,1,1,110,5,0,1,2,-1,0,0,0,0,0,-1,0,0,0,0,0,0,-1,0,0,0,0,0,0,-1,0,0,0,0,0,0,-1,0,0,0,0,0,0,-1,0,0,0,3,128,152,0,-1,0,0,0,-1,0,0,-1,0,-1,0,-1,0,-1,0,-1,0,-1,0,-1,0,-1,0,-1,0,-1,0,-1,0,-1,0,-1,0,0,0,5166,3,0,3,155
1160,664,fd,1,150,80,2,48,960,0,2,2,64294,280,4,0,0,0,1,163,18,0,0,1,255,50,0,0,0,0,0,0,0,0,0,0,0,0,1,210,3,1024,0,0,1,110,3,0,1,1,-1,0,0,0,0,0,-1,0,0,0,0,0,0,-1,0,0,0,0,0,0,-1,0,0,0,0,0,0,-1,0,0,0,0,0,0,-1,0,0,0,3,126,152,0,-1,0,0,0,-1,0,0,-1,0,-1,0,-1,0,-1,0,-1,0,-1,0,-1,0,-1,0,-1,0,-1,0,-1,0,-1,0,-1,0,0,0,5165,3,0,3,156
1161,665,fd,1,150,80,2,96,960,0,2,2,64292,280,4,0,0,0,1,161,17,0,0,1,253,49,0,0,0,0,0,0,0,0,0,0,0,0,1,206,1,1008,0,0,-1,0,0,0,0,0,-1,0,0,0,0,0,-1,0,0,0,0,0,0,-1,0,0,0,0,0,0,-1,0,0,0,0,0,0,-1,0,0,0,0,0,0,-1,0,0,0,3,124,152,0,-1,0,0,0,-1,0,0,-1,0,-1,0,-1,0,-1,0,-1,0,-1,0,-1,0,-1,0,-1,0,-1,0,-1,0,-1,0,-1,0,0,0,5164,3,0,3,157
1162,666,fd,1,150,80,2,144,960,0,2,2,64290,280,4,0,0,0,1,159,16,0,0,1,251,48,0,0,0,0,0,0,0,0,0,0,0,0,1,203,255,992,0,0,-1,0,0,0,0,0,-1,0,0,0,0,0,-1,0,0,0,0,0,0,-1,0,0,0,0,0,0,-1,0,0,0,0,0,0,-1,0,0,0,0,0,0,-1,0,0,0,3,122,152,0,-1,0,0,0,-1,0,0,-1,0,-1,0,-1,0,-1,0,-1,0,-1,0,-1,0,-1,0,-1,0,-1,0,-1,0,-1,0,-1,0,0,0,5163,3,0,3,158
1163,667,fd,1,150,80,2,192,960,0,2,2,64288,280,4,0,0,0,1,157,15,0,0,1,249,47,0,0,0,0,0,0,0,0,0,0,0,0,1,200,253,976,0,0,-1,0,0,0,0,0,-1,0,0,0,0,0,-1,0,0,0,0,0,0,-1,0,0,0,0,0,0,-1,0,0,0,0,0,0,-1,0,0,0,0,0,0,-1,0,0,0,3,120,152,0,-1,0,0,0,-1,0,0,-1,0,-1,0,-1,0,-1,0,-1,0,-1,0,-1,0,-1,0,-1,0,-1,0,-1,0,-1,0,-1,0,0,0,5162,3,0,3,159
1164,668,fd,1,150,80,2,240,960,0,2,2,64286,280,4,0,0,0,1,155,14,0,0,1,247,46,0,0,0,0,0,0,0,0,0,0,0,0,1,197,251,960,0,0,-1,0,0,0,0,0,-1,0,0,0,0,0,-1,0,0,0,0,0,0,-1,0,0,0,0,0,0,-1,0,0,0,0,0,0,-1,0,0,0,0,0,0,-1,0,0,0,3,118,152,0,-1,0,0,0,-1,0,0,-1,0,-1,0,-1,0,-1,0,-1,0,-1,0,-1,0,-1,0,-1,0,-1,0,-1,0,-1,0,-1,0,0,0,5161,3,0,3,160
1165,669,fd,1,150,80,2,288,960,0,2,2,64284,280,4,0,0,0,1,153,13,0,0,1,245,45,0,0,0,0,0,0,0,0,0,0,0,0,1,194,249,944,0,0,-1,0,0,0,0,0,-1,0,0,0,0,0,-1,0,0,0,0,0,0,-1,0,0,0,0,0,0,-1,0,0,0,0,0,0,-1,0,0,0,0,0,0,-1,0,0,0,3,116,152,0,-1,0,0,0,-1,0,0,-1,0,-1,0,-1,0,-1,0,-1,0,-1,0,-1,0,-1,0,-1,0,-1,0,-1,0,-1,0,-1,0,0,0,5160,3,0,3,161
1166,670,fd,1,151,80,2,336,960,0,2,2,64282,280,4,0,0,0,1,151,12,0,0,1,243,44,0,0,0,0,0,0,0,0,0,0,0,0,1,191,247,928,0,0,-1,0,0,0,0,0,-1,0,0,0,0,0,-1,0,0,0,0,0,0,-1,0,0,0,0,0,0,-1,0,0,0,0,0,0,-1,0,0,0,0,0,0,-1,0,0,0,3,114,152,0,-1,0,0,0,-1,0,0,-1,0,-1,0,-1,0,-1,0,-1,0,-1,0,-1,0,-1,0,-1,0,-1,0,-1,0,-1,0,-1,0,0,0,5159,3,0,3,162
1167,671,fd,1,152,80,2,384,960,0,2,2,64280,280,4,0,0,0,1,149,11,0,0,0,0,0,0,0,0,0,0,0,0,0,0,0,0,0,1,188,245,912,0,0,-1,0,0,0,0,0,-1,0,0,0,0,0,-1,0,0,0,0,0,0,-1,0,0,0,0,0,0,-1,0,0,0,0,0,0,-1,0,0,0,0,0,0,-1,0,0,0,3,112,152,0,-1,0,0,0,-1,0,0,-1,0,-1,0,-1,0,-1,0,-1,0,-1,0,-1,0,-1,0,-1,0,-1,0,-1,0,-1,0,-1,0,0,0,5158,3,0,3,163
1168,672,fd,1,153,80,2,432,960,0,2,2,64278,280,4,0,0,0,1,147,10,0,0,1,239,56,0,0,0,0,0,0,0,0,0,0,0,0,1,185,243,896,0,0,-1,0,0,0,0,0,-1,0,0,0,0,0,-1,0,0,0,0,0,0,-1,0,0,0,0,0,0,-1,0,0,0,0,0,0,-1,0,0,0,0,0,0,-1,0,0,0,3,110,152,0,-1,0,0,0,-1,0,0,-1,0,-1,0,-1,0,-1,0,-1,0,-1,0,-1,0,-1,0,-1,0,-1,0,-1,0,-1,0,-1,0,0,0,5157,3,0,3,164
1169,673,fd,1,154,80,2,480,960,0,2,2,64276,280,4,0,0,0,1,145,9,0,0,1,237,55,0,0,0,0,0,0,0,0,0,0,0,0,-1,0,0,0,0,0,-1,0,0,0,0,0,-1,0,0,0,0,0,-1,0,0,0,0,0,0,-1,0,0,0,0,0,0,-1,0,0,0,0,0,0,-1,0,0,0,0,0,0,-1,0,0,0,3,108,152,0,-1,0,0,0,-1,0,0,-1,0,-1,0,-1,0,-1,0,-1,0,-1,0,-1,0,-1,0,-1,0,-1,0,-1,0,-1,0,-1,0,0,0,5156,3,0,3,165
1170,674,fd,1,155,80,2,528,960,0,2,2,64274,280,4,0,0,0,1,143,8,0,0,1,235,54,0,0,0,0,0,0,0,0,0,0,0,0,-1,0,0,0,0,0,-1,0,0,0,0,0,-1,0,0,0,0,0,-1,0,0,0,0,0,0,-1,0,0,0,0,0,0,-1,0,0,0,0,0,0,-1,0,0,0,0,0,0,-1,0,0,0,3,106,152,0,-1,0,0,0,-1,0,0,-1,0,-1,0,-1,0,-1,0,-1,0,-1,0,-1,0,-1,0,-1,0,-1,0,-1,0,-1,0,-1,0,0,0,5155,3,0,3,166
1171,675,fd,1,157,80,2,576,960,0,2,2,64272,280,4,0,0,0,1,141,7,0,0,1,233,53,0,0,0,0,0,0,0,0,0,0,0,0,-1,0,0,0,0,0,-1,0,0,0,0,0,-1,0,0,0,0,0,-1,0,0,0,0,0,0,-1,0,0,0,0,0,0,-1,0,0,0,0,0,0,-1,0,0,0,0,0,0,-1,0,0,0,3,104,152,0,-1,0,0,0,-1,0,0,-1,0,-1,0,-1,0,-1,0,-1,0,-1,0,-1,0,-1,0,-1,0,-1,0,-1,0,-1,0,-1,0,0,0,5154,3,0,3,167
1172,676,fd,1,159,80,2,624,960,0,2,2,64270,280,4,0,0,0,1,139,6,0,0,1,231,52,0,0,0,0,0,0,0,0,0,0,0,0,-1,0,0,0,0,0,-1,0,0,0,0,0,-1,0,0,0,0,0,-1,0,0,0,0,0,0,-1,0,0,0,0,0,0,-1,0,0,0,0,0,0,-1,0,0,0,0,0,0,-1,0,0,0,3,102,152,0,-1,0,0,0,-1,0,0,-1,0,-1,0,-1,0,-1,0,-1,0,-1,0,-1,0,-1,0,-1,0,-1,0,-1,0,-1,0,-1,0,0,0,5153,3,0,3,168
1173,677,fd,1,161,80,2,672,960,0,2,2,64268,280,4,0,0,0,1,137,5,0,0,1,229,51,0,0,0,0,0,0,0,0,0,0,0,0,-1,0,0,0,0,0,-1,0,0,0,0,0,-1,0,0,0,0,0,-1,0,0,0,0,0,0,-1,0,0,0,0,0,0,-1,0,0,0,0,0,0,-1,0,0,0,0,0,0,-1,0,0,0,3,100,152,0,-1,0,0,0,-1,0,0,-1,0,-1,0,-1,0,-1,0,-1,0,-1,0,-1,0,-1,0,-1,0,-1,0,-1,0,-1,0,-1,0,0,0,5152,3,0,3,169
1174,678,fd,1,163,80,2,720,960,0,2,2,64266,280,4,0,0,0,1,135,4,0,0,1,227,50,0,0,0,0,0,0,0,0,0,0,0,0,-1,0,0,0,0,0,-1,0,0,0,0,0,-1,0,0,0,0,0,-1,0,0,0,0,0,0,-1,0,0,0,0,0,0,-1,0,0,0,0,0,0,-1,0,0,0,0,0,0,-1,0,0,0,3,98,152,0,-1,0,0,0,-1,0,0,-1,0,-1,0,-1,0,-1,0,-1,0,-1,0,-1,0,-1,0,-1,0,-1,0,-1,0,-1,0,-1,0,0,0,5151,3,0,3,170
1175,679,fd,1,165,80,2,768,960,0,2,2,64264,280,4,0,0,0,1,133,3,0,0,1,225,49,0,0,0,0,0,0,0,0,0,0,0,0,-1,0,0,0,0,0,-1,0,0,0,0,0,-1,0,0,0,0,0,-1,0,0,0,0,0,0,-1,0,0,0,0,0,0,-1,0,0,0,0,0,0,-1,0,0,0,0,0,0,-1,0,0,0,3,96,152,0,-1,0,0,0,-1,0,0,-1,0,-1,0,-1,0,-1,0,-1,0,-1,0,-1,0,-1,0,-1,0,-1,0,-1,0,-1,0,-1,0,0,0,5150,3,0,3,171
1176,680,fd,1,168,80,2,816,960,0,2,2,64262,280,4,0,0,0,1,131,2,0,0,1,223,48,0,0,0,0,0,0,0,0,0,0,0,0,-1,0,0,0,0,0,-1,0,0,0,0,0,-1,0,0,0,0,0,-1,0,0,0,0,0,0,-1,0,0,0,0,0,0,-1,0,0,0,0,0,0,-1,0,0,0,0,0,0,-1,0,0,0,3,94,152,0,-1,0,0,0,-1,0,0,-1,0,-1,0,-1,0,-1,0,-1,0,-1,0,-1,0,-1,0,-1,0,-1,0,-1,0,-1,0,-1,0,0,0,5149,3,0,3,172
1177,681,fd,1,171,80,2,864,960,0,2,2,64260,280,4,0,0,0,1,129,1,0,0,1,221,47,0,0,0,0,0,0,0,0,0,0,0,0,-1,0,0,0,0,0,-1,0,0,0,0,0,-1,0,0,0,0,0,-1,0,0,0,0,0,0,-1,0,0,0,0,0,0,-1,0,0,0,0,0,0,-1,0,0,0,0,0,0,-1,0,0,0,3,92,152,0,-1,0,0,0,-1,0,0,-1,0,-1,0,-1,0,-1,0,-1,0,-1,0,-1,0,-1,0,-1,0,-1,0,-1,0,-1,0,-1,0,0,0,5148,3,0,3,173
1178,682,fd,1,174,80,2,912,960,0,2,2,64258,280,4,0,0,0,1,127,57,0,0,1,219,46,0,0,0,0,0,0,0,0,0,0,0,0,0,210,131,0,0,7,-1,0,0,0,0,0,-1,0,0,0,0,0,-1,0,0,0,0,0,0,-1,0,0,0,0,0,0,-1,0,0,0,0,0,0,-1,0,0,0,0,0,0,-1,0,0,0,3,90,152,0,-1,0,0,0,-1,0,0,-1,0,-1,0,-1,0,-1,0,-1,0,-1,0,-1,0,-1,0,-1,0,-1,0,-1,0,-1,0,-1,0,0,0,5147,3,0,3,174
1179,683,fd,1,180,80,1,1056,1056,0,2,2,64256,300,4,0,0,8,1,125,56,0,0,1,217,45,0,0,0,0,0,0,0,0,0,0,0,0,0,210,129,0,0,6,-1,0,0,0,0,0,-1,0,0,0,0,0,-1,0,0,0,0,0,0,-1,0,0,0,0,0,0,-1,0,0,0,0,0,0,-1,0,0,0,0,0,0,-1,0,0,0,3,88,152,0,-1,0,0,0,-1,0,0,-1,0,-1,0,-1,0,-1,0,-1,0,-1,0,-1,0,-1,0,-1,0,-1,0,-1,0,-1,0,-1,0,0,0,5146,3,0,3,175
1180,684,fd,1,176,80,1,1008,1056,0,2,2,64254,300,4,0,0,7,1,123,55,0,0,1,215,44,0,0,0,0,0,0,0,0,0,0,0,0,0,210,127,0,0,5,-1,0,0,0,0,0,-1,0,0,0,0,0,-1,0,0,0,0,0,0,-1,0,0,0,0,0,0,-1,0,0,0,0,0,0,-1,0,0,0,0,0,0,-1,0,0,0,3,86,152,0,-1,0,0,0,-1,0,0,-1,0,-1,0,-1,0,-1,0,-1,0,-1,0,-1,0,-1,0,-1,0,-1,0,-1,0,-1,0,-1,0,0,0,5145,3,0,3,176
1181,685,fd,1,173,80,1,960,1056,0,2,2,64252,300,4,0,0,6,1,121,54,0,0,1,213,43,0,0,0,0,0,0,0,0,0,0,0,0,0,210,125,0,0,4,-1,0,0,0,0,0,-1,0,0,0,0,0,-1,0,0,0,0,0,0,-1,0,0,0,0,0,0,-1,0,0,0,0,0,0,-1,0,0,0,0,0,0,-1,0,0,0,3,84,152,0,-1,0,0,0,-1,0,0,-1,0,-1,0,-1,0,-1,0,-1,0,-1,0,-1,0,-1,0,-1,0,-1,0,-1,0,-1,0,-1,0,0,0,5144,3,0,3,177
1182,686,fd,1,170,80,1,912,1056,0,2,2,64250,300,4,0,0,5,1,119,53,0,0,1,211,42,0,0,0,0,0,0,0,0,0,0,0,0,0,210,123,0,0,3,-1,0,0,0,0,0,-1,0,0,0,0,0,-1,0,0,0,0,0,0,-1,0,0,0,0,0,0,-1,0,0,0,0,0,0,-1,0,0,0,0,0,0,-1,0,0,0,3,82,152,0,-1,0,0,0,-1,0,0,-1,0,-1,0,-1,0,-1,0,-1,0,-1,0,-1,0,-1,0,-1,0,-1,0,-1,0,-1,0,-1,0,0,0,5143,3,0,3,178
1183,687,fd,1,167,80,1,864,1056,0,2,2,64248,300,4,0,0,4,1,117,52,0,0,1,209,41,0,0,0,0,0,0,0,0,0,0,0,0,0,210,121,0,0,2,-1,0,0,0,0,0,-1,0,0,0,0,0,-1,0,0,0,0,0,0,-1,0,0,0,0,0,0,-1,0,0,0,0,0,0,-1,0,0,0,0,0,0,-1,0,0,0,3,80,152,0,-1,0,0,0,-1,0,0,-1,0,-1,0,-1,0,-1,0,-1,0,-1,0,-1,0,-1,0,-1,0,-1,0,-1,0,-1,0,-1,0,0,0,5142,3,0,3,179
1184,688,fd,1,164,80,1,816,1056,0,2,2,64246,300,4,0,0,3,1,115,51,0,0,1,207,40,0,0,0,0,0,0,0,0,0,0,0,0,0,210,119,0,0,1,-1,0,0,0,0,0,-1,0,0,0,0,0,-1,0,0,0,0,0,0,-1,0,0,0,0,0,0,-1,0,0,0,0,0,0,-1,0,0,0,0,0,0,-1,0,0,0,3,78,152,0,-1,0,0,0,-1,0,0,-1,0,-1,0,-1,0,-1,0,-1,0,-1,0,-1,0,-1,0,-1,0,-1,0,-1,0,-1,0,-1,0,0,0,5141,3,0,3,180
1185,689,fd,1,161,80,1,768,1056,0,2,2,64244,300,4,0,0,2,1,113,50,0,0,1,205,39,0,0,0,0,0,0,0,0,0,0,0,0,1,210,117,1024,0,0,-1,0,0,0,0,0,-1,0,0,0,0,0,-1,0,0,0,0,0,0,-1,0,0,0,0,0,0,-1,0,0,0,0,0,0,-1,0,0,0,0,0,0,-1,0,0,0,3,76,152,0,-1,0,0,0,-1,0,0,-1,0,-1,0,-1,0,-1,0,-1,0,-1,0,-1,0,-1,0,-1,0,-1,0,-1,0,-1,0,-1,0,0,0,5140,3,0,3,181
1186,690,fd,1,158,80,1,720,1056,0,2,2,64242,300,4,0,0,1,1,111,49,0,0,1,203,38,0,0,0,0,0,0,0,0,0,0,0,0,1,206,115,1008,0,0,-1,0,0,0,0,0,-1,0,0,0,0,0,-1,0,0,0,0,0,0,-1,0,0,0,0,0,0,-1,0,0,0,0,0,0,-1,0,0,0,0,0,0,-1,0,0,0,3,74,152,0,-1,0,0,0,-1,0,0,-1,0,-1,0,-1,0,-1,0,-1,0,-1,0,-1,0,-1,0,-1,0,-1,0,-1,0,-1,0,-1,0,0,0,5139,3,0,3,182
1187,691,fd,1,156,80,1,672,1056,0,2,2,64240,300,4,0,0,0,1,109,48,0,0,1,201,37,0,0,0,0,0,0,0,0,0,0,0,0,1,203,113,992,0,0,-1,0,0,0,0,0,-1,0,0,0,0,0,-1,0,0,0,0,0,0,-1,0,0,0,0,0,0,-1,0,0,0,0,0,0,-1,0,0,0,0,0,0,-1,0,0,0,3,72,152,0,-1,0,0,0,-1,0,0,-1,0,-1,0,-1,0,-1,0,-1,0,-1,0,-1,0,-1,0,-1,0,-1,0,-1,0,-1,0,-1,0,0,0,5138,3,0,3,183
1188,692,fd,1,154,80,1,624,1056,0,2,2,64238,300,4,0,0,0,1,107,47,0,0,1,199,36,0,0,0,0,0,0,0,0,0,0,0,0,1,200,111,976,0,0,-1,0,0,0,0,0,-1,0,0,0,0,0,-1,0,0,0,0,0,0,-1,0,0,0,0,0,0,-1,0,0,0,0,0,0,-1,0,0,0,0,0,0,-1,0,0,0,3,70,152,0,-1,0,0,0,-1,0,0,-1,0,-1,0,-1,0,-1,0,-1,0,-1,0,-1,0,-1,0,-1,0,-1,0,-1,0,-1,0,-1,0,0,0,5137,3,0,3,184
1189,693,fd,1,152,80,1,576,1056,0,2,2,64236,300,4,0,0,0,1,105,46,0,0,1,197,35,0,0,0,0,0,0,0,0,0,0,0,0,1,197,109,960,0,0,-1,0,0,0,0,0,-1,0,0,0,0,0,-1,0,0,0,0,0,0,-1,0,0,0,0,0,0,-1,0,0,0,0,0,0,-1,0,0,0,0,0,0,-1,0,0,0,3,68,152,0,-1,0,0,0,-1,0,0,-1,0,-1,0,-1,0,-1,0,-1,0,-1,0,-1,0,-1,0,-1,0,-1,0,-1,0,-1,0,-1,0,0,0,5136,3,0,3,185
1190,694,fd,1,150,80,1,528,1056,0,2,2,64234,300,4,0,0,0,1,103,45,0,0,1,195,34,0,0,0,0,0,0,0,0,0,0,0,0,1,194,107,944,0,0,-1,0,0,0,0,0,-1,0,0,0,0,0,-1,0,0,0,0,0,0,-1,0,0,0,0,0,0,-1,0,0,0,0,0,0,-1,0,0,0,0,0,0,-1,0,0,0,3,66,152,0,-1,0,0,0,-1,0,0,-1,0,-1,0,-1,0,-1,0,-1,0,-1,0,-1,0,-1,0,-1,0,-1,0,-1,0,-1,0,-1,0,0,0,5135,3,0,3,186
1191,695,fd,1,148,80,1,480,1056,0,2,2,64232,300,4,0,0,0,1,101,44,0,0,1,193,33,0,0,0,0,0,0,0,0,0,0,0,0,1,191,105,928,0,0,-1,0,0,0,0,0,-1,0,0,0,0,0,-1,0,0,0,0,0,0,-1,0,0,0,0,0,0,-1,0,0,0,0,0,0,-1,0,0,0,0,0,0,-1,0,0,0,3,64,152,0,-1,0,0,0,-1,0,0,-1,0,-1,0,-1,0,-1,0,-1,0,-1,0,-1,0,-1,0,-1,0,-1,0,-1,0,-1,0,-1,0,0,0,5134,3,0,3,187
1192,696,fd,1,147,80,1,432,1056,0,2,2,64230,300,4,0,0,0,1,99,43,0,0,1,191,32,0,0,0,0,0,0,0,0,0,0,0,0,1,188,103,912,0,0,-1,0,0,0,0,0,-1,0,0,0,0,0,-1,0,0,0,0,0,0,-1,0,0,0,0,0,0,-1,0,0,0,0,0,0,-1,0,0,0,0,0,0,-1,0,0,0,3,62,152,0,-1,0,0,0,-1,0,0,-1,0,-1,0,-1,0,-1,0,-1,0,-1,0,-1,0,-1,0,-1,0,-1,0,-1,0,-1,0,-1,0,0,0,5133,3,0,3,188
1193,697,fd,1,146,80,1,384,1056,0,2,2,64228,300,4,0,0,0,1,97,42,0,0,1,189,31,0,0,0,0,0,0,0,0,0,0,0,0,1,185,101,896,0,0,-1,0,0,0,0,0,-1,0,0,0,0,0,-1,0,0,0,0,0,0,-1,0,0,0,0,0,0,-1,0,0,0,0,0,0,-1,0,0,0,0,0,0,-1,0,0,0,3,60,152,0,-1,0,0,0,-1,0,0,-1,0,-1,0,-1,0,-1,0,-1,0,-1,0,-1,0,-1,0,-1,0,-1,0,-1,0,-1,0,-1,0,0,0,5132,3,0,3,189
1194,698,fd,1,145,80,1,336,1056,0,2,2,64226,300,4,0,0,0,1,95,41,0,0,1,187,30,0,0,0,0,0,0,0,0,0,0,0,0,1,182,99,880,0,0,-1,0,0,0,0,0,-1,0,0,0,0,0,-1,0,0,0,0,0,0,-1,0,0,0,0,0,0,-1,0,0,0,0,0,0,-1,0,0,0,0,0,0,-1,0,0,0,3,58,152,0,-1,0,0,0,-1,0,0,-1,0,-1,0,-1,0,-1,0,-1,0,-1,0,-1,0,-1,0,-1,0,-1,0,-1,0,-1,0,-1,0,0,0,5131,3,0,3,190
1195,699,fd,1,144,80,1,288,1056,0,2,2,64224,300,4,0,0,0,1,93,40,0,0,1,185,29,0,0,0,0,0,0,0,0,0,0,0,0,1,179,97,864,0,0,-1,0,0,0,0,0,-1,0,0,0,0,0,-1,0,0,0,0,0,0,-1,0,0,0,0,0,0,-1,0,0,0,0,0,0,-1,0,0,0,0,0,0,-1,0,0,0,3,56,152,0,-1,0,0,0,-1,0,0,-1,0,-1,0,-1,0,-1,0,-1,0,-1,0,-1,0,-1,0,-1,0,-1,0,-1,0,-1,0,-1,0,0,0,5130,3,0,3,191
1196,700,fd,1,143,80,1,240,1056,0,2,2,64222,300,4,0,0,0,1,91,39,0,0,1,183,28,0,0,0,0,0,0,0,0,0,0,0,0,1,176,95,848,0,0,-1,0,0,0,0,0,-1,0,0,0,0,0,-1,0,0,0,0,0,0,-1,0,0,0,0,0,0,-1,0,0,0,0,0,0,-1,0,0,0,0,0,0,-1,0,0,0,3,54,152,0,-1,0,0,0,-1,0,0,-1,0,-1,0,-1,0,-1,0,-1,0,-1,0,-1,0,-1,0,-1,0,-1,0,-1,0,-1,0,-1,0,0,0,5129,3,0,3,192
1197,701,fd,1,143,80,1,192,1056,0,2,2,64220,300,4,0,0,0,1,89,38,0,0,1,181,27,0,0,0,0,0,0,0,0,0,0,0,0,1,173,93,832,0,0,-1,0,0,0,0,0,-1,0,0,0,0,0,-1,0,0,0,0,0,0,-1,0,0,0,0,0,0,-1,0,0,0,0,0,0,-1,0,0,0,0,0,0,-1,0,0,0,3,52,152,0,-1,0,0,0,-1,0,0,-1,0,-1,0,-1,0,-1,0,-1,0,-1,0,-1,0,-1,0,-1,0,-1,0,-1,0,-1,0,-1,0,0,0,5128,3,0,3,193
1198,702,fd,1,143,80,1,144,1056,0,2,2,64218,300,4,0,0,0,1,87,37,0,0,1,179,26,0,0,0,0,0,0,0,0,0,0,0,0,1,170,91,816,0,0,-1,0,0,0,0,0,-1,0,0,0,0,0,-1,0,0,0,0,0,0,-1,0,0,0,0,0,0,-1,0,0,0,0,0,0,-1,0,0,0,0,0,0,-1,0,0,0,3,50,152,0,-1,0,0,0,-1,0,0,-1,0,-1,0,-1,0,-1,0,-1,0,-1,0,-1,0,-1,0,-1,0,-1,0,-1,0,-1,0,-1,0,0,0,5127,3,0,3,194
1199,703,fd,1,143,80,1,96,1056,0,2,2,64216,300,4,0,0,0,1,85,36,0,0,1,177,25,0,0,0,0,0,0,0,0,0,0,0,0,1,167,89,800,0,0,-1,0,0,0,0,0,-1,0,0,0,0,0,-1,0,0,0,0,0,0,-1,0,0,0,0,0,0,-1,0,0,0,0,0,0,-1,0,0,0,0,0,0,-1,0,0,0,3,48,152,0,-1,0,0,0,-1,0,0,-1,0,-1,0,-1,0,-1,0,-1,0,-1,0,-1,0,-1,0,-1,0,-1,0,-1,0,-1,0,-1,0,0,0,5126,3,0,3,195
1200,704,fd,1,143,80,1,48,1056,0,2,2,64214,300,4,0,0,0,1,83,35,0,0,1,175,24,0,0,0,0,0,0,0,0,0,0,0,0,1,164,87,784,0,0,-1,0,0,0,0,0,-1,0,0,0,0,0,-1,0,0,0,0,0,0,-1,0,0,0,0,0,0,-1,0,0,0,0,0,0,-1,0,0,0,0,0,0,-1,0,0,0,3,46,152,0,-1,0,0,0,-1,0,0,-1,0,-1,0,-1,0,-1,0,-1,0,-1,0,-1,0,-1,0,-1,0,-1,0,-1,0,-1,0,-1,0,0,0,5125,3,0,3,196
1201,705,fd,1,143,80,2,0,1056,0,2,2,64212,300,4,0,0,0,1,81,34,0,0,1,173,23,0,0,0,0,0,0,0,0,0,0,0,0,1,161,85,768,0,0,-1,0,0,0,0,0,-1,0,0,0,0,0,-1,0,0,0,0,0,0,-1,0,0,0,0,0,0,-1,0,0,0,0,0,0,-1,0,0,0,0,0,0,-1,0,0,0,3,44,152,0,-1,0,0,0,-1,0,0,-1,0,-1,0,-1,0,-1,0,-1,0,-1,0,-1,0,-1,0,-1,0,-1,0,-1,0,-1,0,-1,0,0,0,5124,3,0,3,197
1202,706,fd,1,143,80,2,48,1056,0,2,2,64210,300,4,0,0,0,1,79,33,0,0,1,171,22,0,0,0,0,0,0,0,0,0,0,0,0,1,158,83,752,0,0,-1,0,0,0,0,0,-1,0,0,0,0,0,-1,0,0,0,0,0,0,-1,0,0,0,0,0,0,-1,0,0,0,0,0,0,-1,0,0,0,0,0,0,-1,0,0,0,3,42,152,0,-1,0,0,0,-1,0,0,-1,0,-1,0,-1,0,-1,0,-1,0,-1,0,-1,0,-1,0,-1,0,-1,0,-1,0,-1,0,-1,0,0,0,5123,3,0,3,198
1203,707,fd,1,143,80,2,96,1056,0,2,2,64208,300,4,0,0,0,1,77,32,0,0,1,169,21,0,0,0,0,0,0,0,0,0,0,0,0,1,156,81,736,0,0,-1,0,0,0,0,0,-1,0,0,0,0,0,-1,0,0,0,0,0,0,-1,0,0,0,0,0,0,-1,0,0,0,0,0,0,-1,0,0,0,0,0,0,-1,0,0,0,3,40,152,0,-1,0,0,0,-1,0,0,-1,0,-1,0,-1,0,-1,0,-1,0,-1,0,-1,0,-1,0,-1,0,-1,0,-1,0,-1,0,-1,0,0,0,5122,3,0,3,199
1204,708,fd,1,143,80,2,144,1056,0,2,2,64206,300,4,0,0,0,1,75,31,0,0,1,167,20,0,0,0,0,0,0,0,0,0,0,0,0,1,154,79,720,0,0,-1,0,0,0,0,0,-1,0,0,0,0,0,-1,0,0,0,0,0,0,-1,0,0,0,0,0,0,-1,0,0,0,0,0,0,-1,0,0,0,0,0,0,-1,0,0,0,3,38,152,0,-1,0,0,0,-1,0,0,-1,0,-1,0,-1,0,-1,0,-1,0,-1,0,-1,0,-1,0,-1,0,-1,0,-1,0,-1,0,-1,0,0,0,5121,3,0,3,200
1205,709,fd,1,143,80,2,192,1056,0,2,2,64204,300,4,0,0,0,1,73,30,0,0,1,165,19,0,0,0,0,0,0,0,0,0,0,0,0,1,152,77,704,0,0,-1,0,0,0,0,0,-1,0,0,0,0,0,-1,0,0,0,0,0,0,-1,0,0,0,0,0,0,-1,0,0,0,0,0,0,-1,0,0,0,0,0,0,-1,0,0,0,3,36,152,0,-1,0,0,0,-1,0,0,-1,0,-1,0,-1,0,-1,0,-1,0,-1,0,-1,0,-1,0,-1,0,-1,0,-1,0,-1,0,-1,0,0,0,5120,3,0,3,201
1206,710,fd,1,143,80,2,240,1056,0,2,2,64202,300,4,0,0,0,1,71,29,0,0,1,163,18,0,0,0,0,0,0,0,0,0,0,0,0,1,150,75,688,0,0,-1,0,0,0,0,0,-1,0,0,0,0,0,-1,0,0,0,0,0,0,-1,0,0,0,0,0,0,-1,0,0,0,0,0,0,-1,0,0,0,0,0,0,-1,0,0,0,3,34,152,0,-1,0,0,0,-1,0,0,-1,0,-1,0,-1,0,-1,0,-1,0,-1,0,-1,0,-1,0,-1,0,-1,0,-1,0,-1,0,-1,0,0,0,5119,3,0,3,202
1207,711,fd,1,143,80,2,288,1056,0,2,2,64200,300,4,0,0,0,1,69,28,0,0,1,161,17,0,0,0,0,0,0,0,0,0,0,0,0,1,148,73,672,0,0,-1,0,0,0,0,0,-1,0,0,0,0,0,-1,0,0,0,0,0,0,-1,0,0,0,0,0,0,-1,0,0,0,0,0,0,-1,0,0,0,0,0,0,-1,0,0,0,3,32,152,0,-1,0,0,0,-1,0,0,-1,0,-1,0,-1,0,-1,0,-1,0,-1,0,-1,0,-1,0,-1,0,-1,0,-1,0,-1,0,-1,0,0,0,5118,3,0,3,203
1208,712,fd,1,144,80,2,336,1056,0,2,2,64198,300,4,0,0,0,1,67,27,0,0,1,159,16,0,0,0,0,0,0,0,0,0,0,0,0,1,146,71,656,0,0,-1,0,0,0,0,0,-1,0,0,0,0,0,-1,0,0,0,0,0,0,-1,0,0,0,0,0,0,-1,0,0,0,0,0,0,-1,0,0,0,0,0,0,-1,0,0,0,3,30,152,0,-1,0,0,0,-1,0,0,-1,0,-1,0,-1,0,-1,0,-1,0,-1,0,-1,0,-1,0,-1,0,-1,0,-1,0,-1,0,-1,0,0,0,5117,3,0,3,204
1209,713,fd,1,145,80,2,384,1056,0,2,2,64196,300,4,0,0,0,1,65,26,0,0,1,157,15,0,0,0,0,0,0,0,0,0,0,0,0,1,144,69,640,0,0,-1,0,0,0,0,0,-1,0,0,0,0,0,-1,0,0,0,0,0,0,-1,0,0,0,0,0,0,-1,0,0,0,0,0,0,-1,0,0,0,0,0,0,-1,0,0,0,3,28,152,0,-1,0,0,0,-1,0,0,-1,0,-1,0,-1,0,-1,0,-1,0,-1,0,-1,0,-1,0,-1,0,-1,0,-1,0,-1,0,-1,0,0,0,5116,3,0,3,205
1210,714,fd,1,146,80,2,432,1056,0,2,2,64194,300,4,0,0,0,1,63,25,0,0,1,155,14,0,0,0,0,0,0,0,0,0,0,0,0,1,142,67,624,0,0,-1,0,0,0,0,0,-1,0,0,0,0,0,-1,0,0,0,0,0,0,-1,0,0,0,0,0,0,-1,0,0,0,0,0,0,-1,0,0,0,0,0,0,-1,0,0,0,3,26,152,0,-1,0,0,0,-1,0,0,-1,0,-1,0,-1,0,-1,0,-1,0,-1,0,-1,0,-1,0,-1,0,-1,0,-1,0,-1,0,-1,0,0,0,5115,3,0,3,206
1211,715,fd,1,147,80,2,480,1056,0,2,2,64192,300,4,0,0,0,1,61,24,0,0,1,153,13,0,0,0,0,0,0,0,0,0,0,0,0,1,140,65,608,0,0,-1,0,0,0,0,0,-1,0,0,0,0,0,-1,0,0,0,0,0,0,-1,0,0,0,0,0,0,-1,0,0,0,0,0,0,-1,0,0,0,0,0,0,-1,0,0,0,3,24,152,0,-1,0,0,0,-1,0,0,-1,0,-1,0,-1,0,-1,0,-1,0,-1,0,-1,0,-1,0,-1,0,-1,0,-1,0,-1,0,-1,0,0,0,5114,3,0,3,207
1212,716,fd,1,148,80,2,528,1056,0,2,2,64190,300,4,0,0,0,1,59,23,0,0,1,151,12,0,0,0,0,0,0,0,0,0,0,0,0,1,138,63,592,0,0,-1,0,0,0,0,0,-1,0,0,0,0,0,-1,0,0,0,0,0,0,-1,0,0,0,0,0,0,-1,0,0,0,0,0,0,-1,0,0,0,0,0,0,-1,0,0,0,3,22,152,0,-1,0,0,0,-1,0,0,-1,0,-1,0,-1,0,-1,0,-1,0,-1,0,-1,0,-1,0,-1,0,-1,0,-1,0,-1,0,-1,0,0,0,5113,3,0,3,208
1213,717,fd,1,150,80,2,576,1056,0,2,2,64188,300,4,0,0,0,1,57,22,0,0,1,149,11,0,0,0,0,0,0,0,0,0,0,0,0,1,136,61,576,0,0,-1,0,0,0,0,0,-1,0,0,0,0,0,-1,0,0,0,0,0,0,-1,0,0,0,0,0,0,-1,0,0,0,0,0,0,-1,0,0,0,0,0,0,-1,0,0,0,3,20,152,0,-1,0,0,0,-1,0,0,-1,0,-1,0,-1,0,-1,0,-1,0,-1,0,-1,0,-1,0,-1,0,-1,0,-1,0,-1,0,-1,0,0,0,5112,3,0,3,209
1214,718,fd,1,152,80,2,624,1056,0,2,2,64186,300,4,0,0,0,1,55,21,0,0,1,147,10,0,0,0,0,0,0,0,0,0,0,0,0,1,134,59,560,0,0,-1,0,0,0,0,0,-1,0,0,0,0,0,-1,0,0,0,0,0,0,-1,0,0,0,0,0,0,-1,0,0,0,0,0,0,-1,0,0,0,0,0,0,-1,0,0,0,3,18,152,0,-1,0,0,0,-1,0,0,-1,0,-1,0,-1,0,-1,0,-1,0,-1,0,-1,0,-1,0,-1,0,-1,0,-1,0,-1,0,-1,0,0,0,5111,3,0,3,210
1215,719,fd,1,154,80,2,672,1056,0,2,2,64184,300,4,0,0,0,1,53,20,0,0,1,145,9,0,0,0,0,0,0,0,0,0,0,0,0,1,132,57,544,0,0,-1,0,0,0,0,0,-1,0,0,0,0,0,-1,0,0,0,0,0,0,-1,0,0,0,0,0,0,-1,0,0,0,0,0,0,-1,0,0,0,0,0,0,-1,0,0,0,3,16,152,0,-1,0,0,0,-1,0,0,-1,0,-1,0,-1,0,-1,0,-1,0,-1,0,-1,0,-1,0,-1,0,-1,0,-1,0,-1,0,-1,0,0,0,5110,3,0,3,211
1216,720,fd,1,156,80,2,720,1056,0,2,2,64182,300,4,0,0,0,1,51,19,0,0,1,143,8,0,0,0,0,0,0,0,0,0,0,0,0,1,130,55,528,0,0,-1,0,0,0,0,0,-1,0,0,0,0,0,-1,0,0,0,0,0,0,-1,0,0,0,0,0,0,-1,0,0,0,0,0,0,-1,0,0,0,0,0,0,-1,0,0,0,3,14,152,0,-1,0,0,0,-1,0,0,-1,0,-1,0,-1,0,-1,0,-1,0,-1,0,-1,0,-1,0,-1,0,-1,0,-1,0,-1,0,-1,0,0,0,5109,3,0,3,212
1217,721,fd,1,158,80,2,768,1056,0,2,2,64180,300,4,0,0,0,1,49,18,0,0,1,141,7,0,0,0,0,0,0,0,0,0,0,0,0,1,128,53,512,0,0,-1,0,0,0,0,0,-1,0,0,0,0,0,-1,0,0,0,0,0,0,-1,0,0,0,0,0,0,-1,0,0,0,0,0,0,-1,0,0,0,0,0,0,-1,0,0,0,3,12,152,0,-1,0,0,0,-1,0,0,-1,0,-1,0,-1,0,-1,0,-1,0,-1,0,-1,0,-1,0,-1,0,-1,0,-1,0,-1,0,-1,0,0,0,5108,3,0,3,213
1218,722,fd,1,161,80,2,816,1056,0,2,2,64178,300,4,0,0,0,1,47,17,0,0,1,139,6,0,0,0,0,0,0,0,0,0,0,0,0,1,126,51,496,0,0,-1,0,0,0,0,0,-1,0,0,0,0,0,-1,0,0,0,0,0,0,-1,0,0,0,0,0,0,-1,0,0,0,0,0,0,-1,0,0,0,0,0,0,-1,0,0,0,3,10,152,0,-1,0,0,0,-1,0,0,-1,0,-1,0,-1,0,-1,0,-1,0,-1,0,-1,0,-1,0,-1,0,-1,0,-1,0,-1,0,-1,0,0,0,5107,3,0,3,214
1219,723,fd,1,164,80,2,864,1056,0,2,2,64176,300,4,0,0,0,1,45,16,0,0,1,137,5,0,0,0,0,0,0,0,0,0,0,0,0,1,125,49,480,0,0,-1,0,0,0,0,0,-1,0,0,0,0,0,-1,0,0,0,0,0,0,-1,0,0,0,0,0,0,-1,0,0,0,0,0,0,-1,0,0,0,0,0,0,-1,0,0,0,3,8,152,0,-1,0,0,0,-1,0,0,-1,0,-1,0,-1,0,-1,0,-1,0,-1,0,-1,0,-1,0,-1,0,-1,0,-1,0,-1,0,-1,0,0,0,5106,3,0,3,215
1220,724,fd,1,167,80,2,912,1056,0,2,2,64174,300,4,0,0,0,1,43,15,0,0,1,135,4,0,0,0,0,0,0,0,0,0,0,0,0,1,124,47,464,0,0,-1,0,0,0,0,0,-1,0,0,0,0,0,-1,0,0,0,0,0,0,-1,0,0,0,0,0,0,-1,0,0,0,0,0,0,-1,0,0,0,0,0,0,-1,0,0,0,3,6,152,0,-1,0,0,0,-1,0,0,-1,0,-1,0,-1,0,-1,0,-1,0,-1,0,-1,0,-1,0,-1,0,-1,0,-1,0,-1,0,-1,0,0,0,5105,3,0,3,216
1221,725,fd,1,170,80,2,960,1056,0,2,2,64172,300,4,0,0,0,1,41,14,0,0,1,133,3,0,0,0,0,0,0,0,0,0,0,0,0,1,123,45,448,0,0,-1,0,0,0,0,0,-1,0,0,0,0,0,-1,0,0,0,0,0,0,-1,0,0,0,0,0,0,-1,0,0,0,0,0,0,-1,0,0,0,0,0,0,-1,0,0,0,3,4,152,0,-1,0,0,0,-1,0,0,-1,0,-1,0,-1,0,-1,0,-1,0,-1,0,-1,0,-1,0,-1,0,-1,0,-1,0,-1,0,-1,0,0,0,5104,3,0,3,217
1222,726,fd,1,173,80,2,1008,1056,0,2,2,64170,300,4,0,0,0,1,39,13,0,0,1,131,2,0,0,0,0,0,0,0,0,0,0,0,0,1,122,43,432,0,0,-1,0,0,0,0,0,-1,0,0,0,0,0,-1,0,0,0,0,0,0,-1,0,0,0,0,0,0,-1,0,0,0,0,0,0,-1,0,0,0,0,0,0,-1,0,0,0,3,2,152,0,-1,0,0,0,-1,0,0,-1,0,-1,0,-1,0,-1,0,-1,0,-1,0,-1,0,-1,0,-1,0,-1,0,-1,0,-1,0,-1,0,0,0,5103,3,0,3,218
1223,727,fd,1,180,80,1,1056,1056,0,2,2,64168,320,4,0,0,8,1,37,12,0,0,1,129,1,0,0,0,0,0,0,0,0,0,0,0,0,1,121,41,416,0,0,-1,0,0,0,0,0,-1,0,0,0,0,0,-1,0,0,0,0,0,0,-1,0,0,0,0,0,0,-1,0,0,0,0,0,0,-1,0,0,0,0,0,0,-1,0,0,0,3,0,152,0,-1,0,0,0,-1,0,0,-1,0,-1,0,-1,0,-1,0,-1,0,-1,0,-1,0,-1,0,-1,0,-1,0,-1,0,-1,0,-1,0,0,0,5102,3,0,3,219
1224,728,fd,1,176,80,1,1008,1056,0,2,2,64166,320,4,0,0,7,1,35,11,0,0,1,127,57,0,0,0,0,0,0,0,0,0,0,0,0,1,120,39,400,0,0,0,210,131,0,0,7,-1,0,0,0,0,0,-1,0,0,0,0,0,0,-1,0,0,0,0,0,0,-1,0,0,0,0,0,0,-1,0,0,0,0,0,0,-1,0,0,0,3,254,152,0,-1,0,0,0,-1,0,0,-1,0,-1,0,-1,0,-1,0,-1,0,-1,0,-1,0,-1,0,-1,0,-1,0,-1,0,-1,0,-1,0,0,0,5101,3,0,3,220
1225,729,fd,1,173,80,1,960,1056,0,2,2,64164,320,4,0,0,6,1,33,10,0,0,1,125,56,0,0,0,0,0,0,0,0,0,0,0,0,1,119,37,384,0,0,0,210,129,0,0,6,-1,0,0,0,0,0,-1,0,0,0,0,0,0,-1,0,0,0,0,0,0,-1,0,0,0,0,0,0,-1,0,0,0,0,0,0,-1,0,0,0,3,252,152,0,-1,0,0,0,-1,0,0,-1,0,-1,0,-1,0,-1,0,-1,0,-1,0,-1,0,-1,0,-1,0,-1,0,-1,0,-1,0,-1,0,0,0,5100,3,0,3,221
1226,730,fd,1,170,80,1,912,1056,0,2,2,64162,320,4,0,0,5,1,31,9,0,0,1,123,55,0,0,0,0,0,0,0,0,0,0,0,0,1,118,35,368,0,0,0,210,127,0,0,5,-1,0,0,0,0,0,-1,0,0,0,0,0,0,-1,0,0,0,0,0,0,-1,0,0,0,0,0,0,-1,0,0,0,0,0,0,-1,0,0,0,3,250,152,0,-1,0,0,0,-1,0,0,-1,0,-1,0,-1,0,-1,0,-1,0,-1,0,-1,0,-1,0,-1,0,-1,0,-1,0,-1,0,-1,0,0,0,5099,3,0,3,222
1227,731,fd,1,167,80,1,864,1056,0,2,2,64160,320,4,0,0,4,1,29,8,0,0,1,121,54,0,0,0,0,0,0,0,0,0,0,0,0,1,117,33,352,0,0,0,210,125,0,0,4,-1,0,0,0,0,0,-1,0,0,0,0,0,0,-1,0,0,0,0,0,0,-1,0,0,0,0,0,0,-1,0,0,0,0,0,0,-1,0,0,0,3,248,152,0,-1,0,0,0,-1,0,0,-1,0,-1,0,-1,0,-1,0,-1,0,-1,0,-1,0,-1,0,-1,0,-1,0,-1,0,-1,0,-1,0,0,0,5098,3,0,3,223
1228,732,fd,1,164,80,1,816,1056,0,2,2,64158,320,4,0,0,3,1,27,7,0,0,1,119,53,0,0,0,0,0,0,0,0,0,0,0,0,1,116,31,336,0,0,0,210,123,0,0,3,-1,0,0,0,0,0,-1,0,0,0,0,0,0,-1,0,0,0,0,0,0,-1,0,0,0,0,0,0,-1,0,0,0,0,0,0,-1,0,0,0,3,246,152,0,-1,0,0,0,-1,0,0,-1,0,-1,0,-1,0,-1,0,-1,0,-1,0,-1,0,-1,0,-1,0,-1,0,-1,0,-1,0,-1,0,0,0,5097,3,0,3,224
1229,733,fd,1,161,80,1,768,1056,0,2,2,64156,320,5,0,0,2,1,25,6,0,0,1,117,52,0,0,0,0,0,0,0,0,0,0,0,0,1,115,29,320,0,0,0,210,121,0,0,2,-1,0,0,0,0,0,-1,0,0,0,0,0,0,-1,0,0,0,0,0,0,-1,0,0,0,0,0,0,-1,0,0,0,0,0,0,-1,0,0,0,-1,0,0,0,-1,0,0,0,-1,0,0,-1,0,-1,0,-1,0,-1,0,-1,0,-1,0,-1,0,-1,0,-1,0,-1,0,-1,0,-1,0,-1,0,0,0,5096,3,0,3,225
1230,734,fd,1,158,80,1,720,1056,0,2,2,64154,320,5,0,0,1,1,23,5,0,0,1,115,51,0,0,0,0,0,0,0,0,0,0,0,0,1,114,27,304,0,0,0,210,119,0,0,1,-1,0,0,0,0,0,-1,0,0,0,0,0,0,-1,0,0,0,0,0,0,-1,0,0,0,0,0,0,-1,0,0,0,0,0,0,-1,0,0,0,-1,0,0,0,-1,0,0,0,-1,0,0,-1,0,-1,0,-1,0,-1,0,-1,0,-1,0,-1,0,-1,0,-1,0,-1,0,-1,0,-1,0,-1,0,0,0,5095,3,0,3,226
1231,735,fd,1,156,80,1,672,1056,0,2,2,64152,320,5,0,0,0,1,21,4,0,0,1,113,50,0,0,0,0,0,0,0,0,0,0,0,0,1,113,25,288,0,0,1,210,117,1024,0,0,-1,0,0,0,0,0,-1,0,0,0,0,0,0,-1,0,0,0,0,0,0,-1,0,0,0,0,0,0,-1,0,0,0,0,0,0,-1,0,0,0,-1,0,0,0,-1,0,0,0,-1,0,0,-1,0,-1,0,-1,0,-1,0,-1,0,-1,0,-1,0,-1,0,-1,0,-1,0,-1,0,-1,0,-1,0,0,0,5094,3,0,3,227
1232,736,fd,1,154,80,1,624,1056,0,2,2,64150,320,5,0,0,0,1,19,3,0,0,1,111,49,0,0,0,0,0,0,0,0,0,0,0,0,1,112,23,272,0,0,1,206,115,1008,0,0,-1,0,0,0,0,0,-1,0,0,0,0,0,0,-1,0,0,0,0,0,0,-1,0,0,0,0,0,0,-1,0,0,0,0,0,0,-1,0,0,0,-1,0,0,0,-1,0,0,0,-1,0,0,-1,0,-1,0,-1,0,-1,0,-1,0,-1,0,-1,0,-1,0,-1,0,-1,0,-1,0,-1,0,-1,0,0,0,5093,3,0,3,228
1233,737,fd,1,152,80,1,576,1056,0,2,2,64148,320,5,0,0,0,1,17,2,0,0,1,109,48,0,0,0,0,0,0,0,0,0,0,0,0,1,111,21,256,0,0,1,203,113,992,0,0,-1,0,0,0,0,0,-1,0,0,0,0,0,0,-1,0,0,0,0,0,0,-1,0,0,0,0,0,0,-1,0,0,0,0,0,0,-1,0,0,0,-1,0,0,0,-1,0,0,0,-1,0,0,-1,0,-1,0,-1,0,-1,0,-1,0,-1,0,-1,0,-1,0,-1,0,-1,0,-1,0,-1,0,-1,0,0,0,5092,3,0,3,229
1234,738,fd,1,150,80,1,528,1056,0,2,2,64146,320,5,0,0,0,1,15,1,0,0,1,107,47,0,0,0,0,0,0,0,0,0,0,0,0,1,110,19,240,0,0,1,200,111,976,0,0,-1,0,0,0,0,0,-1,0,0,0,0,0,0,-1,0,0,0,0,0,0,-1,0,0,0,0,0,0,-1,0,0,0,0,0,0,-1,0,0,0,-1,0,0,0,-1,0,0,0,-1,0,0,-1,0,-1,0,-1,0,-1,0,-1,0,-1,0,-1,0,-1,0,-1,0,-1,0,-1,0,-1,0,-1,0,0,0,5091,3,0,3,230
1235,739,fd,1,148,80,1,480,1056,0,2,2,64144,320,5,0,0,0,1,13,57,0,0,1,105,46,0,0,0,0,0,0,0,0,0,0,0,0,1,110,17,0,1,8,1,197,109,960,0,0,0,210,17,0,0,7,-1,0,0,0,0,0,0,-1,0,0,0,0,0,0,-1,0,0,0,0,0,0,-1,0,0,0,0,0,0,-1,0,0,0,-1,0,0,0,-1,0,0,0,-1,0,0,-1,0,-1,0,-1,0,-1,0,-1,0,-1,0,-1,0,-1,0,-1,0,-1,0,-1,0,-1,0,-1,0,0,0,5090,3,0,3,231
1236,740,fd,1,147,80,1,432,1056,0,2,2,64142,320,5,0,0,0,1,11,56,0,0,1,103,45,0,0,0,0,0,0,0,0,0,0,0,0,1,110,15,0,1,7,1,194,107,944,0,0,0,210,15,0,0,6,-1,0,0,0,0,0,0,-1,0,0,0,0,0,0,-1,0,0,0,0,0,0,-1,0,0,0,0,0,0,-1,0,0,0,-1,0,0,0,-1,0,0,0,-1,0,0,-1,0,-1,0,-1,0,-1,0,-1,0,-1,0,-1,0,-1,0,-1,0,-1,0,-1,0,-1,0,-1,0,0,0,5089,3,0,3,232
1237,741,fd,1,146,80,1,384,1056,0,2,2,64140,320,5,0,0,0,1,9,55,0,0,1,101,44,0,0,0,0,0,0,0,0,0,0,0,0,1,110,13,0,1,6,1,191,105,928,0,0,0,210,13,0,0,5,-1,0,0,0,0,0,0,-1,0,0,0,0,0,0,-1,0,0,0,0,0,0,-1,0,0,0,0,0,0,-1,0,0,0,-1,0,0,0,-1,0,0,0,-1,0,0,-1,0,-1,0,-1,0,-1,0,-1,0,-1,0,-1,0,-1,0,-1,0,-1,0,-1,0,-1,0,-1,0,0,0,5088,3,0,3,233
1238,742,fd,1,145,80,1,336,1056,0,2,2,64138,320,5,0,0,0,1,7,54,0,0,1,99,43,0,0,0,0,0,0,0,0,0,0,0,0,1,110,11,0,1,5,1,188,103,912,0,0,0,210,11,0,0,4,-1,0,0,0,0,0,0,-1,0,0,0,0,0,0,-1,0,0,0,0,0,0,-1,0,0,0,0,0,0,-1,0,0,0,-1,0,0,0,-1,0,0,0,-1,0,0,-1,0,-1,0,-1,0,-1,0,-1,0,-1,0,-1,0,-1,0,-1,0,-1,0,-1,0,-1,0,-1,0,0,0,5087,3,0,3,234
1239,743,fd,1,144,80,1,288,1056,0,2,2,64136,320,5,0,0,0,1,5,53,0,0,1,97,42,0,0,0,0,0,0,0,0,0,0,0,0,1,110,9,0,1,4,1,185,101,896,0,0,0,210,9,0,0,3,-1,0,0,0,0,0,0,-1,0,0,0,0,0,0,-1,0,0,0,0,0,0,-1,0,0,0,0,0,0,-1,0,0,0,-1,0,0,0,-1,0,0,0,-1,0,0,-1,0,-1,0,-1,0,-1,0,-1,0,-1,0,-1,0,-1,0,-1,0,-1,0,-1,0,-1,0,-1,0,0,0,5086,3,0,3,235
1240,744,fd,1,143,80,1,240,1056,0,2,2,64134,320,5,0,0,0,1,3,52,0,0,1,95,41,0,0,0,0,0,0,0,0,0,0,0,0,1,110,7,0,1,3,1,182,99,880,0,0,0,210,7,0,0,2,-1,0,0,0,0,0,0,-1,0,0,0,0,0,0,-1,0,0,0,0,0,0,-1,0,0,0,0,0,0,-1,0,0,0,-1,0,0,0,-1,0,0,0,-1,0,0,-1,0,-1,0,-1,0,-1,0,-1,0,-1,0,-1,0,-1,0,-1,0,-1,0,-1,0,-1,0,-1,0,0,0,5085,3,0,3,236
1241,745,fd,1,143,80,1,192,1056,0,2,2,64132,320,5,0,0,0,1,1,51,0,0,1,93,40,0,0,0,0,0,0,0,0,0,0,0,0,1,110,5,0,1,2,1,179,97,864,0,0,0,210,5,0,0,1,-1,0,0,0,0,0,0,-1,0,0,0,0,0,0,-1,0,0,0,0,0,0,-1,0,0,0,0,0,0,-1,0,0,0,-1,0,0,0,-1,0,0,0,-1,0,0,-1,0,-1,0,-1,0,-1,0,-1,0,-1,0,-1,0,-1,0,-1,0,-1,0,-1,0,-1,0,-1,0,0,0,5084,3,0,3,237
1242,746,fd,1,143,80,1,144,1056,0,2,2,64130,320,5,0,0,0,1,255,50,0,0,1,91,39,0,0,0,0,0,0,0,0,0,0,0,0,1,110,3,0,1,1,1,176,95,848,0,0,1,210,3,1024,0,0,-1,0,0,0,0,0,0,-1,0,0,0,0,0,0,-1,0,0,0,0,0,0,-1,0,0,0,0,0,0,-1,0,0,0,-1,0,0,0,-1,0,0,0,-1,0,0,-1,0,-1,0,-1,0,-1,0,-1,0,-1,0,-1,0,-1,0,-1,0,-1,0,-1,0,-1,0,-1,0,0,0,5083,3,0,3,238
1243,747,fd,1,143,80,1,96,1056,0,2,2,64128,320,5,0,0,0,1,253,49,0,0,1,89,38,0,0,0,0,0,0,0,0,0,0,0,0,-1,0,0,0,0,0,1,173,93,832,0,0,1,206,1,1008,0,0,-1,0,0,0,0,0,0,-1,0,0,0,0,0,0,-1,0,0,0,0,0,0,-1,0,0,0,0,0,0,-1,0,0,0,-1,0,0,0,-1,0,0,0,-1,0,0,-1,0,-1,0,-1,0,-1,0,-1,0,-1,0,-1,0,-1,0,-1,0,-1,0,-1,0,-1,0,-1,0,0,0,5082,3,0,3,239
1244,748,fd,1,143,80,1,48,1056,0,2,2,64126,320,5,0,0,0,1,251,48,0,0,1,87,37,0,0,0,0,0,0,0,0,0,0,0,0,-1,0,0,0,0,0,1,170,91,816,0,0,1,203,255,992,0,0,-1,0,0,0,0,0,0,-1,0,0,0,0,0,0,-1,0,0,0,0,0,0,-1,0,0,0,0,0,0,-1,0,0,0,-1,0,0,0,-1,0,0,0,-1,0,0,-1,0,-1,0,-1,0,-1,0,-1,0,-1,0,-1,0,-1,0,-1,0,-1,0,-1,0,-1,0,-1,0,0,0,5081,3,0,3,240
1245,749,fd,1,143,80,2,0,1056,0,2,2,64124,320,5,0,0,0,1,249,47,0,0,1,85,36,0,0,0,0,0,0,0,0,0,0,0,0,-1,0,0,0,0,0,1,167,89,800,0,0,1,200,253,976,0,0,-1,0,0,0,0,0,0,-1,0,0,0,0,0,0,-1,0,0,0,0,0,0,-1,0,0,0,0,0,0,-1,0,0,0,-1,0,0,0,-1,0,0,0,-1,0,0,-1,0,-1,0,-1,0,-1,0,-1,0,-1,0,-1,0,-1,0,-1,0,-1,0,-1,0,-1,0,-1,0,0,0,5080,3,0,3,241
1246,750,fd,1,143,80,2,48,1056,0,2,2,64122,320,5,0,0,0,1,247,46,0,0,1,83,35,0,0,0,0,0,0,0,0,0,0,0,0,-1,0,0,0,0,0,1,164,87,784,0,0,1,197,251,960,0,0,-1,0,0,0,0,0,0,-1,0,0,0,0,0,0,-1,0,0,0,0,0,0,-1,0,0,0,0,0,0,-1,0,0,0,-1,0,0,0,-1,0,0,0,-1,0,0,-1,0,-1,0,-1,0,-1,0,-1,0,-1,0,-1,0,-1,0,-1,0,-1,0,-1,0,-1,0,-1,0,0,0,5079,3,0,3,242
1247,751,fd,1,143,80,2,96,1056,0,2,2,64120,320,5,0,0,0,1,245,45,0,0,1,81,34,0,0,0,0,0,0,0,0,0,0,0,0,-1,0,0,0,0,0,1,161,85,768,0,0,1,194,249,944,0,0,-1,0,0,0,0,0,0,-1,0,0,0,0,0,0,-1,0,0,0,0,0,0,-1,0,0,0,0,0,0,-1,0,0,0,-1,0,0,0,-1,0,0,0,-1,0,0,-1,0,-1,0,-1,0,-1,0,-1,0,-1,0,-1,0,-1,0,-1,0,-1,0,-1,0,-1,0,-1,0,0,0,5078,3,0,3,243
1248,752,fd,1,143,80,2,144,1056,0,2,2,64118,320,5,0,0,0,1,243,44,0,0,1,79,33,0,0,0,0,0,0,0,0,0,0,0,0,-1,0,0,0,0,0,1,158,83,752,0,0,1,191,247,928,0,0,-1,0,0,0,0,0,0,-1,0,0,0,0,0,0,-1,0,0,0,0,0,0,-1,0,0,0,0,0,0,-1,0,0,0,-1,0,0,0,-1,0,0,0,-1,0,0,-1,0,-1,0,-1,0,-1,0,-1,0,-1,0,-1,0,-1,0,-1,0,-1,0,-1,0,-1,0,-1,0,0,0,5077,3,0,3,244
1249,753,fd,1,143,80,2,192,1056,0,2,2,64116,320,5,0,0,0,0,0,0,0,0,1,77,32,0,0,0,0,0,0,0,0,0,0,0,0,-1,0,0,0,0,0,1,156,81,736,0,0,1,188,245,912,0,0,-1,0,0,0,0,0,0,-1,0,0,0,0,0,0,-1,0,0,0,0,0,0,-1,0,0,0,0,0,0,-1,0,0,0,-1,0,0,0,-1,0,0,0,-1,0,0,-1,0,-1,0,-1,0,-1,0,-1,0,-1,0,-1,0,-1,0,-1,0,-1,0,-1,0,-1,0,-1,0,0,0,5076,3,0,3,245
1250,754,fd,1,143,80,2,240,1056,0,2,2,64114,320,5,0,0,0,1,239,56,0,0,1,75,31,0,0,0,0,0,0,0,0,0,0,0,0,-1,0,0,0,0,0,1,154,79,720,0,0,1,185,243,896,0,0,-1,0,0,0,0,0,0,-1,0,0,0,0,0,0,-1,0,0,0,0,0,0,-1,0,0,0,0,0,0,-1,0,0,0,-1,0,0,0,-1,0,0,0,-1,0,0,-1,0,-1,0,-1,0,-1,0,-1,0,-1,0,-1,0,-1,0,-1,0,-1,0,-1,0,-1,0,-1,0,0,0,5075,3,0,3,246
1251,755,fd,1,143,80,2,288,1056,0,2,2,64112,320,5,0,0,0,1,237,55,0,0,1,73,30,0,0,0,0,0,0,0,0,0,0,0,0,-1,0,0,0,0,0,1,152,77,704,0,0,-1,0,0,0,0,0,-1,0,0,0,0,0,0,-1,0,0,0,0,0,0,-1,0,0,0,0,0,0,-1,0,0,0,0,0,0,-1,0,0,0,-1,0,0,0,-1,0,0,0,-1,0,0,-1,0,-1,0,-1,0,-1,0,-1,0,-1,0,-1,0,-1,0,-1,0,-1,0,-1,0,-1,0,-1,0,0,0,5074,3,0,3,247
1252,756,fd,1,144,80,2,336,1056,0,2,2,64110,320,5,0,0,0,1,235,54,0,0,1,71,29,0,0,0,0,0,0,0,0,0,0,0,0,-1,0,0,0,0,0,1,150,75,688,0,0,-1,0,0,0,0,0,-1,0,0,0,0,0,0,-1,0,0,0,0,0,0,-1,0,0,0,0,0,0,-1,0,0,0,0,0,0,-1,0,0,0,-1,0,0,0,-1,0,0,0,-1,0,0,-1,0,-1,0,-1,0,-1,0,-1,0,-1,0,-1,0,-1,0,-1,0,-1,0,-1,0,-1,0,-1,0,0,0,5073,3,0,3,248
1253,757,fd,1,145,80,2,384,1056,0,2,2,64108,320,5,0,0,0,1,233,53,0,0,1,69,28,0,0,0,0,0,0,0,0,0,0,0,0,-1,0,0,0,0,0,1,148,73,672,0,0,-1,0,0,0,0,0,-1,0,0,0,0,0,0,-1,0,0,0,0,0,0,-1,0,0,0,0,0,0,-1,0,0,0,0,0,0,-1,0,0,0,-1,0,0,0,-1,0,0,0,-1,0,0,-1,0,-1,0,-1,0,-1,0,-1,0,-1,0,-1,0,-1,0,-1,0,-1,0,-1,0,-1,0,-1,0,0,0,5072,3,0,3,249
1254,758,fd,1,146,80,2,432,1056,0,2,2,64106,320,5,0,0,0,1,231,52,0,0,1,67,27,0,0,0,0,0,0,0,0,0,0,0,0,-1,0,0,0,0,0,1,146,71,656,0,0,-1,0,0,0,0,0,-1,0,0,0,0,0,0,-1,0,0,0,0,0,0,-1,0,0,0,0,0,0,-1,0,0,0,0,0,0,-1,0,0,0,-1,0,0,0,-1,0,0,0,-1,0,0,-1,0,-1,0,-1,0,-1,0,-1,0,-1,0,-1,0,-1,0,-1,0,-1,0,-1,0,-1,0,-1,0,0,0,5071,3,0,3,250
1255,759,fd,1,147,80,2,480,1056,0,2,2,64104,320,5,0,0,0,1,229,51,0,0,1,65,26,0,0,0,0,0,0,0,0,0,0,0,0,-1,0,0,0,0,0,1,144,69,640,0,0,-1,0,0,0,0,0,-1,0,0,0,0,0,0,-1,0,0,0,0,0,0,-1,0,0,0,0,0,0,-1,0,0,0,0,0,0,-1,0,0,0,-1,0,0,0,-1,0,0,0,-1,0,0,-1,0,-1,0,-1,0,-1,0,-1,0,-1,0,-1,0,-1,0,-1,0,-1,0,-1,0,-1,0,-1,0,0,0,5070,3,0,3,251
1256,760,fd,1,148,80,2,528,1056,0,2,2,64102,320,5,0,0,0,1,227,50,0,0,1,63,25,0,0,0,0,0,0,0,0,0,0,0,0,-1,0,0,0,0,0,1,142,67,624,0,0,-1,0,0,0,0,0,-1,0,0,0,0,0,0,-1,0,0,0,0,0,0,-1,0,0,0,0,0,0,-1,0,0,0,0,0,0,-1,0,0,0,-1,0,0,0,-1,0,0,0,-1,0,0,-1,0,-1,0,-1,0,-1,0,-1,0,-1,0,-1,0,-1,0,-1,0,-1,0,-1,0,-1,0,-1,0,0,0,5069,3,0,3,252
1257,761,fd,1,150,80,2,576,1056,0,2,2,64100,320,5,0,0,0,1,225,49,0,0,1,61,24,0,0,0,0,0,0,0,0,0,0,0,0,-1,0,0,0,0,0,1,140,65,608,0,0,-1,0,0,0,0,0,-1,0,0,0,0,0,0,-1,0,0,0,0,0,0,-1,0,0,0,0,0,0,-1,0,0,0,0,0,0,-1,0,0,0,-1,0,0,0,-1,0,0,0,-1,0,0,-1,0,-1,0,-1,0,-1,0,-1,0,-1,0,-1,0,-1,0,-1,0,-1,0,-1,0,-1,0,-1,0,0,0,5068,3,0,3,253
1258,762,fd,1,152,80,2,624,1056,0,2,2,64098,320,5,0,0,0,1,223,48,0,0,1,59,23,0,0,0,0,0,0,0,0,0,0,0,0,-1,0,0,0,0,0,1,138,63,592,0,0,-1,0,0,0,0,0,-1,0,0,0,0,0,0,-1,0,0,0,0,0,0,-1,0,0,0,0,0,0,-1,0,0,0,0,0,0,-1,0,0,0,-1,0,0,0,-1,0,0,0,-1,0,0,-1,0,-1,0,-1,0,-1,0,-1,0,-1,0,-1,0,-1,0,-1,0,-1,0,-1,0,-1,0,-1,0,0,0,5067,3,0,3,254
1259,763,fd,1,154,80,2,672,1056,0,2,2,64096,320,5,0,0,0,1,221,47,0,0,1,57,22,0,0,0,0,0,0,0,0,0,0,0,0,-1,0,0,0,0,0,1,136,61,576,0,0,-1,0,0,0,0,0,-1,0,0,0,0,0,0,-1,0,0,0,0,0,0,-1,0,0,0,0,0,0,-1,0,0,0,0,0,0,-1,0,0,0,-1,0,0,0,-1,0,0,0,-1,0,0,-1,0,-1,0,-1,0,-1,0,-1,0,-1,0,-1,0,-1,0,-1,0,-1,0,-1,0,-1,0,-1,0,0,0,5066,3,0,3,255
1260,764,fd,1,156,80,2,720,1056,0,2,2,64094,320,5,0,0,0,1,219,46,0,0,1,55,21,0,0,0,0,0,0,0,0,0,0,0,0,-1,0,0,0,0,0,1,134,59,560,0,0,-1,0,0,0,0,0,-1,0,0,0,0,0,0,-1,0,0,0,0,0,0,-1,0,0,0,0,0,0,-1,0,0,0,0,0,0,-1,0,0,0,-1,0,0,0,-1,0,0,0,-1,0,0,-1,0,-1,0,-1,0,-1,0,-1,0,-1,0,-1,0,-1,0,-1,0,-1,0,-1,0,-1,0,-1,0,0,0,5065,3,0,3,0
1261,765,fd,1,158,80,2,768,1056,0,2,2,64092,320,5,0,0,0,1,217,45,0,0,1,53,20,0,0,0,0,0,0,0,0,0,0,0,0,-1,0,0,0,0,0,1,132,57,544,0,0,-1,0,0,0,0,0,-1,0,0,0,0,0,0,-1,0,0,0,0,0,0,-1,0,0,0,0,0,0,-1,0,0,0,0,0,0,-1,0,0,0,-1,0,0,0,-1,0,0,0,-1,0,0,-1,0,-1,0,-1,0,-1,0,-1,0,-1,0,-1,0,-1,0,-1,0,-1,0,-1,0,-1,0,-1,0,0,0,5064,3,0,3,1
1262,766,fd,1,161,80,2,816,1056,0,2,2,64090,320,5,0,0,0,1,215,44,0,0,1,51,19,0,0,0,0,0,0,0,0,0,0,0,0,-1,0,0,0,0,0,1,130,55,528,0,0,-1,0,0,0,0,0,-1,0,0,0,0,0,0,-1,0,0,0,0,0,0,-1,0,0,0,0,0,0,-1,0,0,0,0,0,0,-1,0,0,0,-1,0,0,0,-1,0,0,0,-1,0,0,-1,0,-1,0,-1,0,-1,0,-1,0,-1,0,-1,0,-1,0,-1,0,-1,0,-1,0,-1,0,-1,0,0,0,5063,3,0,3,2
1263,767,fd,1,164,80,2,864,1056,0,2,2,64088,320,5,0,0,0,1,213,43,0,0,1,49,18,0,0,0,0,0,0,0,0,0,0,0,0,-1,0,0,0,0,0,1,128,53,512,0,0,-1,0,0,0,0,0,-1,0,0,0,0,0,0,-1,0,0,0,0,0,0,-1,0,0,0,0,0,0,-1,0,0,0,0,0,0,-1,0,0,0,-1,0,0,0,-1,0,0,0,-1,0,0,-1,0,-1,0,-1,0,-1,0,-1,0,-1,0,-1,0,-1,0,-1,0,-1,0,-1,0,-1,0,-1,0,0,0,5062,3,0,3,3
1264,768,fd,1,167,80,2,912,1056,0,2,2,64086,320,5,0,0,0,1,211,42,0,0,1,47,17,0,0,0,0,0,0,0,0,0,0,0,0,-1,0,0,0,0,0,1,126,51,496,0,0,-1,0,0,0,0,0,-1,0,0,0,0,0,0,-1,0,0,0,0,0,0,-1,0,0,0,0,0,0,-1,0,0,0,0,0,0,-1,0,0,0,-1,0,0,0,-1,0,0,0,-1,0,0,-1,0,-1,0,-1,0,-1,0,-1,0,-1,0,-1,0,-1,0,-1,0,-1,0,-1,0,-1,0,-1,0,0,0,5061,3,0,3,4
1265,769,fd,1,170,80,2,960,1056,0,2,2,64084,320,5,0,0,0,1,209,41,0,0,1,45,16,0,0,0,0,0,0,0,0,0,0,0,0,-1,0,0,0,0,0,1,125,49,480,0,0,-1,0,0,0,0,0,-1,0,0,0,0,0,0,-1,0,0,0,0,0,0,-1,0,0,0,0,0,0,-1,0,0,0,0,0,0,-1,0,0,0,-1,0,0,0,-1,0,0,0,-1,0,0,-1,0,-1,0,-1,0,-1,0,-1,0,-1,0,-1,0,-1,0,-1,0,-1,0,-1,0,-1,0,-1,0,0,0,5060,3,0,3,5
1266,770,fd,1,173,80,2,1008,1056,0,2,2,64082,320,5,0,0,0,1,207,40,0,0,1,43,15,0,0,0,0,0,0,0,0,0,0,0,0,-1,0,0,0,0,0,1,124,47,464,0,0,-1,0,0,0,0,0,-1,0,0,0,0,0,0,-1,0,0,0,0,0,0,-1,0,0,0,0,0,0,-1,0,0,0,0,0,0,-1,0,0,0,-1,0,0,0,-1,0,0,0,-1,0,0,-1,0,-1,0,-1,0,-1,0,-1,0,-1,0,-1,0,-1,0,-1,0,-1,0,-1,0,-1,0,-1,0,0,0,5059,3,0,3,6
1267,771,fd,1,180,80,1,960,960,0,2,2,64080,340,5,0,0,8,1,205,39,0,0,1,41,14,0,0,0,0,0,0,0,0,0,0,0,0,-1,0,0,0,0,0,1,123,45,448,0,0,-1,0,0,0,0,0,-1,0,0,0,0,0,0,-1,0,0,0,0,0,0,-1,0,0,0,0,0,0,-1,0,0,0,0,0,0,-1,0,0,0,-1,0,0,0,-1,0,0,0,-1,0,0,-1,0,-1,0,-1,0,-1,0,-1,0,-1,0,-1,0,-1,0,-1,0,-1,0,-1,0,-1,0,-1,0,0,0,5058,3,0,3,7
1268,772,fd,1,177,80,1,912,960,0,2,2,64078,340,5,0,0,7,1,203,38,0,0,1,39,13,0,0,0,0,0,0,0,0,0,0,0,0,-1,0,0,0,0,0,1,122,43,432,0,0,-1,0,0,0,0,0,-1,0,0,0,0,0,0,-1,0,0,0,0,0,0,-1,0,0,0,0,0,0,-1,0,0,0,0,0,0,-1,0,0,0,-1,0,0,0,-1,0,0,0,-1,0,0,-1,0,-1,0,-1,0,-1,0,-1,0,-1,0,-1,0,-1,0,-1,0,-1,0,-1,0,-1,0,-1,0,0,0,5057,3,0,3,8
1269,773,fd,1,174,80,1,864,960,0,2,2,64076,340,5,0,0,6,1,201,37,0,0,1,37,12,0,0,0,0,0,0,0,0,0,0,0,0,-1,0,0,0,0,0,1,121,41,416,0,0,-1,0,0,0,0,0,-1,0,0,0,0,0,0,-1,0,0,0,0,0,0,-1,0,0,0,0,0,0,-1,0,0,0,0,0,0,-1,0,0,0,-1,0,0,0,-1,0,0,0,-1,0,0,-1,0,-1,0,-1,0,-1,0,-1,0,-1,0,-1,0,-1,0,-1,0,-1,0,-1,0,-1,0,-1,0,0,0,5056,3,0,3,9
1270,774,fd,1,171,80,1,816,960,0,2,2,64074,340,5,0,0,5,1,199,36,0,0,1,35,11,0,0,0,0,0,0,0,0,0,0,0,0,-1,0,0,0,0,0,1,120,39,400,0,0,-1,0,0,0,0,0,-1,0,0,0,0,0,0,-1,0,0,0,0,0,0,-1,0,0,0,0,0,0,-1,0,0,0,0,0,0,-1,0,0,0,-1,0,0,0,-1,0,0,0,-1,0,0,-1,0,-1,0,-1,0,-1,0,-1,0,-1,0,-1,0,-1,0,-1,0,-1,0,-1,0,-1,0,-1,0,0,0,5055,3,0,3,10
1271,775,fd,1,168,80,1,768,960,0,2,2,64072,340,5,0,0,4,1,197,35,0,0,1,33,10,0,0,0,0,0,0,0,0,0,0,0,0,-1,0,0,0,0,0,1,119,37,384,0,0,-1,0,0,0,0,0,-1,0,0,0,0,0,0,-1,0,0,0,0,0,0,-1,0,0,0,0,0,0,-1,0,0,0,0,0,0,-1,0,0,0,-1,0,0,0,-1,0,0,0,-1,0,0,-1,0,-1,0,-1,0,-1,0,-1,0,-1,0,-1,0,-1,0,-1,0,-1,0,-1,0,-1,0,-1,0,0,0,5054,3,0,3,11
1272,776,fd,1,165,80,1,720,960,0,2,2,64070,340,5,0,0,3,1,195,34,0,0,1,31,9,0,0,0,0,0,0,0,0,0,0,0,0,-1,0,0,0,0,0,1,118,35,368,0,0,-1,0,0,0,0,0,-1,0,0,0,0,0,0,-1,0,0,0,0,0,0,-1,0,0,0,0,0,0,-1,0,0,0,0,0,0,-1,0,0,0,-1,0,0,0,-1,0,0,0,-1,0,0,-1,0,-1,0,-1,0,-1,0,-1,0,-1,0,-1,0,-1,0,-1,0,-1,0,-1,0,-1,0,-1,0,0,0,5053,3,0,3,12
1273,777,fd,1,163,80,1,672,960,0,2,2,64068,340,5,0,0,2,1,193,33,0,0,1,29,8,0,0,0,0,0,0,0,0,0,0,0,0,-1,0,0,0,0,0,1,117,33,352,0,0,-1,0,0,0,0,0,-1,0,0,0,0,0,0,-1,0,0,0,0,0,0,-1,0,0,0,0,0,0,-1,0,0,0,0,0,0,-1,0,0,0,-1,0,0,0,-1,0,0,0,-1,0,0,-1,0,-1,0,-1,0,-1,0,-1,0,-1,0,-1,0,-1,0,-1,0,-1,0,-1,0,-1,0,-1,0,0,0,5052,3,0,3,13
1274,778,fd,1,161,80,1,624,960,0,2,2,64066,340,5,0,0,1,1,191,32,0,0,1,27,7,0,0,0,0,0,0,0,0,0,0,0,0,-1,0,0,0,0,0,1,116,31,336,0,0,-1,0,0,0,0,0,-1,0,0,0,0,0,0,-1,0,0,0,0,0,0,-1,0,0,0,0,0,0,-1,0,0,0,0,0,0,-1,0,0,0,-1,0,0,0,-1,0,0,0,-1,0,0,-1,0,-1,0,-1,0,-1,0,-1,0,-1,0,-1,0,-1,0,-1,0,-1,0,-1,0,-1,0,-1,0,0,0,5051,3,0,3,14
1275,779,fd,1,159,80,1,576,960,0,2,2,64064,340,5,0,0,0,1,189,31,0,0,1,25,6,0,0,0,0,0,0,0,0,0,0,0,0,-1,0,0,0,0,0,1,115,29,320,0,0,-1,0,0,0,0,0,-1,0,0,0,0,0,0,-1,0,0,0,0,0,0,-1,0,0,0,0,0,0,-1,0,0,0,0,0,0,3,240,64,0,-1,0,0,0,-1,0,0,0,-1,0,0,-1,0,-1,0,-1,0,-1,0,-1,0,-1,0,-1,0,-1,0,-1,0,-1,0,-1,0,-1,0,-1,0,0,0,5050,3,0,3,15
1276,780,fd,1,157,80,1,528,960,0,2,2,64062,340,5,0,0,0,1,187,30,0,0,1,23,5,0,0,0,0,0,0,0,0,0,0,0,0,-1,0,0,0,0,0,1,114,27,304,0,0,-1,0,0,0,0,0,-1,0,0,0,0,0,0,-1,0,0,0,0,0,0,-1,0,0,0,0,0,0,-1,0,0,0,0,0,0,3,238,64,0,-1,0,0,0,-1,0,0,0,-1,0,0,-1,0,-1,0,-1,0,-1,0,-1,0,-1,0,-1,0,-1,0,-1,0,-1,0,-1,0,-1,0,-1,0,0,0,5049,3,0,3,16
1277,781,fd,1,155,80,1,480,960,0,2,2,64060,340,5,0,0,0,1,185,29,0,0,1,21,4,0,0,0,0,0,0,0,0,0,0,0,0,-1,0,0,0,0,0,1,113,25,288,0,0,-1,0,0,0,0,0,-1,0,0,0,0,0,0,-1,0,0,0,0,0,0,-1,0,0,0,0,0,0,-1,0,0,0,0,0,0,3,236,64,0,-1,0,0,0,-1,0,0,0,-1,0,0,-1,0,-1,0,-1,0,-1,0,-1,0,-1,0,-1,0,-1,0,-1,0,-1,0,-1,0,-1,0,-1,0,0,0,5048,3,0,3,17
1278,782,fd,1,154,80,1,432,960,0,2,2,64058,340,5,0,0,0,1,183,28,0,0,1,19,3,0,0,0,0,0,0,0,0,0,0,0,0,-1,0,0,0,0,0,1,112,23,272,0,0,-1,0,0,0,0,0,-1,0,0,0,0,0,0,-1,0,0,0,0,0,0,-1,0,0,0,0,0,0,-1,0,0,0,0,0,0,3,234,64,0,-1,0,0,0,-1,0,0,0,-1,0,0,-1,0,-1,0,-1,0,-1,0,-1,0,-1,0,-1,0,-1,0,-1,0,-1,0,-1,0,-1,0,-1,0,0,0,5047,3,0,3,18
1279,783,fd,1,153,80,1,384,960,0,2,2,64056,340,5,0,0,0,1,181,27,0,0,1,17,2,0,0,0,0,0,0,0,0,0,0,0,0,-1,0,0,0,0,0,1,111,21,256,0,0,-1,0,0,0,0,0,-1,0,0,0,0,0,0,-1,0,0,0,0,0,0,-1,0,0,0,0,0,0,-1,0,0,0,0,0,0,3,232,64,0,-1,0,0,0,-1,0,0,0,-1,0,0,-1,0,-1,0,-1,0,-1,0,-1,0,-1,0,-1,0,-1,0,-1,0,-1,0,-1,0,-1,0,-1,0,0,0,5046,3,0,3,19
1280,784,fd,1,152,80,1,336,960,0,2,2,64054,340,5,0,0,0,1,179,26,0,0,1,15,1,0,0,0,0,0,0,0,0,0,0,0,0,-1,0,0,0,0,0,1,110,19,240,0,0,-1,0,0,0,0,0,-1,0,0,0,0,0,0,-1,0,0,0,0,0,0,-1,0,0,0,0,0,0,-1,0,0,0,0,0,0,3,230,64,0,-1,0,0,0,-1,0,0,0,-1,0,0,-1,0,-1,0,-1,0,-1,0,-1,0,-1,0,-1,0,-1,0,-1,0,-1,0,-1,0,-1,0,-1,0,0,0,5045,3,0,3,20
1281,785,fd,1,151,80,1,288,960,0,2,2,64052,340,5,0,0,0,1,177,25,0,0,1,13,57,0,0,0,0,0,0,0,0,0,0,0,0,0,210,17,0,0,7,1,110,17,0,1,8,-1,0,0,0,0,0,-1,0,0,0,0,0,0,-1,0,0,0,0,0,0,-1,0,0,0,0,0,0,-1,0,0,0,0,0,0,3,228,64,0,-1,0,0,0,-1,0,0,0,-1,0,0,-1,0,-1,0,-1,0,-1,0,-1,0,-1,0,-1,0,-1,0,-1,0,-1,0,-1,0,-1,0,-1,0,0,0,5044,3,0,3,21
1282,786,fd,1,150,80,1,240,960,0,2,2,64050,340,5,0,0,0,1,175,24,0,0,1,11,56,0,0,0,0,0,0,0,0,0,0,0,0,0,210,15,0,0,6,1,110,15,0,1,7,-1,0,0,0,0,0,-1,0,0,0,0,0,0,-1,0,0,0,0,0,0,-1,0,0,0,0,0,0,-1,0,0,0,0,0,0,3,226,64,0,-1,0,0,0,-1,0,0,0,-1,0,0,-1,0,-1,0,-1,0,-1,0,-1,0,-1,0,-1,0,-1,0,-1,0,-1,0,-1,0,-1,0,-1,0,0,0,5043,3,0,3,22
1283,787,fd,1,150,80,1,192,960,0,2,2,64048,340,5,0,0,0,1,173,23,0,0,1,9,55,0,0,0,0,0,0,0,0,0,0,0,0,0,210,13,0,0,5,1,110,13,0,1,6,-1,0,0,0,0,0,-1,0,0,0,0,0,0,-1,0,0,0,0,0,0,-1,0,0,0,0,0,0,-1,0,0,0,0,0,0,3,224,64,0,-1,0,0,0,-1,0,0,0,-1,0,0,-1,0,-1,0,-1,0,-1,0,-1,0,-1,0,-1,0,-1,0,-1,0,-1,0,-1,0,-1,0,-1,0,0,0,5042,3,0,3,23
1284,788,fd,1,150,80,1,144,960,0,2,2,64046,340,5,0,0,0,1,171,22,0,0,1,7,54,0,0,0,0,0,0,0,0,0,0,0,0,0,210,11,0,0,4,1,110,11,0,1,5,-1,0,0,0,0,0,-1,0,0,0,0,0,0,-1,0,0,0,0,0,0,-1,0,0,0,0,0,0,-1,0,0,0,0,0,0,3,222,64,0,-1,0,0,0,-1,0,0,0,-1,0,0,-1,0,-1,0,-1,0,-1,0,-1,0,-1,0,-1,0,-1,0,-1,0,-1,0,-1,0,-1,0,-1,0,0,0,5041,3,0,3,24
1285,789,fd,1,150,80,1,96,960,0,2,2,64044,340,5,0,0,0,1,169,21,0,0,1,5,53,0,0,0,0,0,0,0,0,0,0,0,0,0,210,9,0,0,3,1,110,9,0,1,4,-1,0,0,0,0,0,-1,0,0,0,0,0,0,-1,0,0,0,0,0,0,-1,0,0,0,0,0,0,-1,0,0,0,0,0,0,3,220,64,0,-1,0,0,0,-1,0,0,0,-1,0,0,-1,0,-1,0,-1,0,-1,0,-1,0,-1,0,-1,0,-1,0,-1,0,-1,0,-1,0,-1,0,-1,0,0,0,5040,3,0,3,25
1286,790,fd,1,150,80,1,48,960,0,2,2,64042,340,5,0,0,0,1,167,20,0,0,1,3,52,0,0,0,0,0,0,0,0,0,0,0,0,0,210,7,0,0,2,1,110,7,0,1,3,-1,0,0,0,0,0,-1,0,0,0,0,0,0,-1,0,0,0,0,0,0,-1,0,0,0,0,0,0,-1,0,0,0,0,0,0,3,218,64,0,-1,0,0,0,-1,0,0,0,-1,0,0,-1,0,-1,0,-1,0,-1,0,-1,0,-1,0,-1,0,-1,0,-1,0,-1,0,-1,0,-1,0,-1,0,0,0,5039,3,0,3,26
1287,791,fd,1,150,80,2,0,960,0,2,2,64040,340,5,0,0,0,1,165,19,0,0,1,1,51,0,0,0,0,0,0,0,0,0,0,0,0,0,210,5,0,0,1,1,110,5,0,1,2,-1,0,0,0,0,0,-1,0,0,0,0,0,0,-1,0,0,0,0,0,0,-1,0,0,0,0,0,0,-1,0,0,0,0,0,0,3,216,64,0,-1,0,0,0,-1,0,0,0,-1,0,0,-1,0,-1,0,-1,0,-1,0,-1,0,-1,0,-1,0,-1,0,-1,0,-1,0,-1,0,-1,0,-1,0,0,0,5038,3,0,3,27
1288,792,fd,1,150,80,2,48,960,0,2,2,64038,340,5,0,0,0,1,163,18,0,0,1,255,50,0,0,0,0,0,0,0,0,0,0,0,0,1,210,3,1024,0,0,1,110,3,0,1,1,-1,0,0,0,0,0,-1,0,0,0,0,0,0,-1,0,0,0,0,0,0,-1,0,0,0,0,0,0,-1,0,0,0,0,0,0,3,214,64,0,-1,0,0,0,-1,0,0,0,-1,0,0,-1,0,-1,0,-1,0,-1,0,-1,0,-1,0,-1,0,-1,0,-1,0,-1,0,-1,0,-1,0,-1,0,0,0,5037,3,0,3,28
1289,793,fd,1,150,80,2,96,960,0,2,2,64036,340,5,0,0,0,1,161,17,0,0,1,253,49,0,0,0,0,0,0,0,0,0,0,0,0,1,206,1,1008,0,0,-1,0,0,0,0,0,-1,0,0,0,0,0,-1,0,0,0,0,0,0,-1,0,0,0,0,0,0,-1,0,0,0,0,0,0,-1,0,0,0,0,0,0,3,212,64,0,-1,0,0,0,-1,0,0,0,-1,0,0,-1,0,-1,0,-1,0,-1,0,-1,0,-1,0,-1,0,-1,0,-1,0,-1,0,-1,0,-1,0,-1,0,0,0,5036,3,0,3,29
1290,794,fd,1,150,80,2,144,960,0,2,2,64034,340,5,0,0,0,1,159,16,0,0,1,251,48,0,0,0,0,0,0,0,0,0,0,0,0,1,203,255,992,0,0,-1,0,0,0,0,0,-1,0,0,0,0,0,-1,0,0,0,0,0,0,-1,0,0,0,0,0,0,-1,0,0,0,0,0,0,-1,0,0,0,0,0,0,3,210,64,0,-1,0,0,0,-1,0,0,0,-1,0,0,-1,0,-1,0,-1,0,-1,0,-1,0,-1,0,-1,0,-1,0,-1,0,-1,0,-1,0,-1,0,-1,0,0,0,5035,3,0,3,30
1291,795,fd,1,150,80,2,192,960,0,2,2,64032,340,5,0,0,0,1,157,15,0,0,1,249,47,0,0,0,0,0,0,0,0,0,0,0,0,1,200,253,976,0,0,-1,0,0,0,0,0,-1,0,0,0,0,0,-1,0,0,0,0,0,0,-1,0,0,0,0,0,0,-1,0,0,0,0,0,0,-1,0,0,0,0,0,0,3,208,64,0,-1,0,0,0,-1,0,0,0,-1,0,0,-1,0,-1,0,-1,0,-1,0,-1,0,-1,0,-1,0,-1,0,-1,0,-1,0,-1,0,-1,0,-1,0,0,0,5034,3,0,3,31
1292,796,fd,1,150,80,2,240,960,0,2,2,64030,340,5,0,0,0,1,155,14,0,0,1,247,46,0,0,0,0,0,0,0,0,0,0,0,0,1,197,251,960,0,0,-1,0,0,0,0,0,-1,0,0,0,0,0,-1,0,0,0,0,0,0,-1,0,0,0,0,0,0,-1,0,0,0,0,0,0,-1,0,0,0,0,0,0,3,206,64,0,-1,0,0,0,-1,0,0,0,-1,0,0,-1,0,-1,0,-1,0,-1,0,-1,0,-1,0,-1,0,-1,0,-1,0,-1,0,-1,0,-1,0,-1,0,0,0,5033,3,0,3,32
1293,797,fd,1,150,80,2,288,960,0,2,2,64028,340,5,0,0,0,1,153,13,0,0,1,245,45,0,0,0,0,0,0,0,0,0,0,0,0,1,194,249,944,0,0,-1,0,0,0,0,0,-1,0,0,0,0,0,-1,0,0,0,0,0,0,-1,0,0,0,0,0,0,-1,0,0,0,0,0,0,-1,0,0,0,0,0,0,3,204,64,0,-1,0,0,0,-1,0,0,0,-1,0,0,-1,0,-1,0,-1,0,-1,0,-1,0,-1,0,-1,0,-1,0,-1,0,-1,0,-1,0,-1,0,-1,0,0,0,5032,3,0,3,33
1294,798,fd,1,151,80,2,336,960,0,2,2,64026,340,5,0,0,0,1,151,12,0,0,1,243,44,0,0,0,0,0,0,0,0,0,0,0,0,1,191,247,928,0,0,-1,0,0,0,0,0,-1,0,0,0,0,0,-1,0,0,0,0,0,0,-1,0,0,0,0,0,0,-1,0,0,0,0,0,0,-1,0,0,0,0,0,0,3,202,64,0,-1,0,0,0,-1,0,0,0,-1,0,0,-1,0,-1,0,-1,0,-1,0,-1,0,-1,0,-1,0,-1,0,-1,0,-1,0,-1,0,-1,0,-1,0,0,0,5031,3,0,3,34
1295,799,fd,1,152,80,2,384,960,0,2,2,64024,340,5,0,0,0,1,149,11,0,0,0,0,0,0,0,0,0,0,0,0,0,0,0,0,0,1,188,245,912,0,0,-1,0,0,0,0,0,-1,0,0,0,0,0,-1,0,0,0,0,0,0,-1,0,0,0,0,0,0,-1,0,0,0,0,0,0,-1,0,0,0,0,0,0,3,200,64,0,-1,0,0,0,-1,0,0,0,-1,0,0,-1,0,-1,0,-1,0,-1,0,-1,0,-1,0,-1,0,-1,0,-1,0,-1,0,-1,0,-1,0,-1,0,0,0,5030,3,0,3,35
1296,800,fd,1,153,80,2,432,960,0,2,2,64022,340,5,0,0,0,1,147,10,0,0,1,239,56,0,0,0,0,0,0,0,0,0,0,0,0,1,185,243,896,0,0,-1,0,0,0,0,0,-1,0,0,0,0,0,-1,0,0,0,0,0,0,-1,0,0,0,0,0,0,-1,0,0,0,0,0,0,-1,0,0,0,0,0,0,3,198,64,0,-1,0,0,0,-1,0,0,0,-1,0,0,-1,0,-1,0,-1,0,-1,0,-1,0,-1,0,-1,0,-1,0,-1,0,-1,0,-1,0,-1,0,-1,0,0,0,5029,3,0,3,36
1297,801,fd,1,154,80,2,480,960,0,2,2,64020,340,5,0,0,0,1,145,9,0,0,1,237,55,0,0,0,0,0,0,0,0,0,0,0,0,-1,0,0,0,0,0,-1,0,0,0,0,0,-1,0,0,0,0,0,-1,0,0,0,0,0,0,-1,0,0,0,0,0,0,-1,0,0,0,0,0,0,-1,0,0,0,0,0,0,3,196,64,0,-1,0,0,0,-1,0,0,0,-1,0,0,-1,0,-1,0,-1,0,-1,0,-1,0,-1,0,-1,0,-1,0,-1,0,-1,0,-1,0,-1,0,-1,0,0,0,5028,3,0,3,37
1298,802,fd,1,155,80,2,528,960,0,2,2,64018,340,5,0,0,0,1,143,8,0,0,1,235,54,0,0,0,0,0,0,0,0,0,0,0,0,-1,0,0,0,0,0,-1,0,0,0,0,0,-1,0,0,0,0,0,-1,0,0,0,0,0,0,-1,0,0,0,0,0,0,-1,0,0,0,0,0,0,-1,0,0,0,0,0,0,3,194,64,0,-1,0,0,0,-1,0,0,0,-1,0,0,-1,0,-1,0,-1,0,-1,0,-1,0,-1,0,-1,0,-1,0,-1,0,-1,0,-1,0,-1,0,-1,0,0,0,5027,3,0,3,38
1299,803,fd,1,157,80,2,576,960,0,2,2,64016,340,5,0,0,0,1,141,7,0,0,1,233,53,0,0,0,0,0,0,0,0,0,0,0,0,-1,0,0,0,0,0,-1,0,0,0,0,0,-1,0,0,0,0,0,-1,0,0,0,0,0,0,-1,0,0,0,0,0,0,-1,0,0,0,0,0,0,-1,0,0,0,0,0,0,3,192,64,0,-1,0,0,0,-1,0,0,0,-1,0,0,-1,0,-1,0,-1,0,-1,0,-1,0,-1,0,-1,0,-1,0,-1,0,-1,0,-1,0,-1,0,-1,0,0,0,5026,3,0,3,39
1300,804,fd,1,159,80,2,624,960,0,2,2,64014,340,5,0,0,0,1,139,6,0,0,1,231,52,0,0,0,0,0,0,0,0,0,0,0,0,-1,0,0,0,0,0,-1,0,0,0,0,0,-1,0,0,0,0,0,-1,0,0,0,0,0,0,-1,0,0,0,0,0,0,-1,0,0,0,0,0,0,-1,0,0,0,0,0,0,3,190,64,0,-1,0,0,0,-1,0,0,0,-1,0,0,-1,0,-1,0,-1,0,-1,0,-1,0,-1,0,-1,0,-1,0,-1,0,-1,0,-1,0,-1,0,-1,0,0,0,5025,3,0,3,40
1301,805,fd,1,161,80,2,672,960,0,2,2,64012,340,5,0,0,0,1,137,5,0,0,1,229,51,0,0,0,0,0,0,0,0,0,0,0,0,-1,0,0,0,0,0,-1,0,0,0,0,0,-1,0,0,0,0,0,-1,0,0,0,0,0,0,-1,0,0,0,0,0,0,-1,0,0,0,0,0,0,-1,0,0,0,0,0,0,3,188,64,0,-1,0,0,0,-1,0,0,0,-1,0,0,-1,0,-1,0,-1,0,-1,0,-1,0,-1,0,-1,0,-1,0,-1,0,-1,0,-1,0,-1,0,-1,0,0,0,5024,3,0,3,41
1302,806,fd,1,163,80,2,720,960,0,2,2,64010,340,5,0,0,0,1,135,4,0,0,1,227,50,0,0,0,0,0,0,0,0,0,0,0,0,-1,0,0,0,0,0,-1,0,0,0,0,0,-1,0,0,0,0,0,-1,0,0,0,0,0,0,-1,0,0,0,0,0,0,-1,0,0,0,0,0,0,-1,0,0,0,0,0,0,3,186,64,0,-1,0,0,0,-1,0,0,0,-1,0,0,-1,0,-1,0,-1,0,-1,0,-1,0,-1,0,-1,0,-1,0,-1,0,-1,0,-1,0,-1,0,-1,0,0,0,5023,3,0,3,42
1303,807,fd,1,165,80,2,768,960,0,2,2,64008,340,5,0,0,0,1,133,3,0,0,1,225,49,0,0,0,0,0,0,0,0,0,0,0,0,-1,0,0,0,0,0,-1,0,0,0,0,0,-1,0,0,0,0,0,-1,0,0,0,0,0,0,-1,0,0,0,0,0,0,-1,0,0,0,0,0,0,-1,0,0,0,0,0,0,3,184,64,0,-1,0,0,0,-1,0,0,0,-1,0,0,-1,0,-1,0,-1,0,-1,0,-1,0,-1,0,-1,0,-1,0,-1,0,-1,0,-1,0,-1,0,-1,0,0,0,5022,3,0,3,43
1304,808,fd,1,168,80,2,816,960,0,2,2,64006,340,5,0,0,0,1,131,2,0,0,1,223,48,0,0,0,0,0,0,0,0,0,0,0,0,-1,0,0,0,0,0,-1,0,0,0,0,0,-1,0,0,0,0,0,-1,0,0,0,0,0,0,-1,0,0,0,0,0,0,-1,0,0,0,0,0,0,-1,0,0,0,0,0,0,3,182,64,0,-1,0,0,0,-1,0,0,0,-1,0,0,-1,0,-1,0,-1,0,-1,0,-1,0,-1,0,-1,0,-1,0,-1,0,-1,0,-1,0,-1,0,-1,0,0,0,5021,3,0,3,44
1305,809,fd,1,171,80,2,864,960,0,2,2,64004,340,5,0,0,0,1,129,1,0,0,1,221,47,0,0,0,0,0,0,0,0,0,0,0,0,-1,0,0,0,0,0,-1,0,0,0,0,0,-1,0,0,0,0,0,-1,0,0,0,0,0,0,-1,0,0,0,0,0,0,-1,0,0,0,0,0,0,-1,0,0,0,0,0,0,3,180,64,0,-1,0,0,0,-1,0,0,0,-1,0,0,-1,0,-1,0,-1,0,-1,0,-1,0,-1,0,-1,0,-1,0,-1,0,-1,0,-1,0,-1,0,-1,0,0,0,5020,3,0,3,45
1306,810,fd,1,174,80,2,912,960,0,2,2,64002,340,5,0,0,0,1,127,57,0,0,1,219,46,0,0,0,0,0,0,0,0,0,0,0,0,0,210,131,0,0,7,-1,0,0,0,0,0,-1,0,0,0,0,0,-1,0,0,0,0,0,0,-1,0,0,0,0,0,0,-1,0,0,0,0,0,0,-1,0,0,0,0,0,0,3,178,64,0,-1,0,0,0,-1,0,0,0,-1,0,0,-1,0,-1,0,-1,0,-1,0,-1,0,-1,0,-1,0,-1,0,-1,0,-1,0,-1,0,-1,0,-1,0,0,0,5019,3,0,3,46
1307,811,fd,1,180,80,1,1056,1056,0,2,2,64000,360,5,0,0,8,1,125,56,0,0,1,217,45,0,0,0,0,0,0,0,0,0,0,0,0,0,210,129,0,0,6,-1,0,0,0,0,0,-1,0,0,0,0,0,-1,0,0,0,0,0,0,-1,0,0,0,0,0,0,-1,0,0,0,0,0,0,-1,0,0,0,0,0,0,3,176,64,0,-1,0,0,0,-1,0,0,0,-1,0,0,-1,0,-1,0,-1,0,-1,0,-1,0,-1,0,-1,0,-1,0,-1,0,-1,0,-1,0,-1,0,-1,0,0,0,5018,3,0,3,47
1308,812,fd,1,176,80,1,1008,1056,0,2,2,63998,360,5,0,0,7,1,123,55,0,0,1,215,44,0,0,0,0,0,0,0,0,0,0,0,0,0,210,127,0,0,5,-1,0,0,0,0,0,-1,0,0,0,0,0,-1,0,0,0,0,0,0,-1,0,0,0,0,0,0,-1,0,0,0,0,0,0,-1,0,0,0,0,0,0,3,174,64,0,-1,0,0,0,-1,0,0,0,-1,0,0,-1,0,-1,0,-1,0,-1,0,-1,0,-1,0,-1,0,-1,0,-1,0,-1,0,-1,0,-1,0,-1,0,0,0,5017,3,0,3,48
1309,813,fd,1,173,80,1,960,1056,0,2,2,63996,360,5,0,0,6,1,121,54,0,0,1,213,43,0,0,0,0,0,0,0,0,0,0,0,0,0,210,125,0,0,4,-1,0,0,0,0,0,-1,0,0,0,0,0,-1,0,0,0,0,0,0,-1,0,0,0,0,0,0,-1,0,0,0,0,0,0,-1,0,0,0,0,0,0,3,172,64,0,-1,0,0,0,-1,0,0,0,-1,0,0,-1,0,-1,0,-1,0,-1,0,-1,0,-1,0,-1,0,-1,0,-1,0,-1,0,-1,0,-1,0,-1,0,0,0,5016,3,0,3,49
1310,814,fd,1,170,80,1,912,1056,0,2,2,63994,360,5,0,0,5,1,119,53,0,0,1,211,42,0,0,0,0,0,0,0,0,0,0,0,0,0,210,123,0,0,3,-1,0,0,0,0,0,-1,0,0,0,0,0,-1,0,0,0,0,0,0,-1,0,0,0,0,0,0,-1,0,0,0,0,0,0,-1,0,0,0,0,0,0,3,170,64,0,-1,0,0,0,-1,0,0,0,-1,0,0,-1,0,-1,0,-1,0,-1,0,-1,0,-1,0,-1,0,-1,0,-1,0,-1,0,-1,0,-1,0,-1,0,0,0,5015,3,0,3,50
1311,815,fd,1,167,80,1,864,1056,0,2,2,63992,360,5,0,0,4,1,117,52,0,0,1,209,41,0,0,0,0,0,0,0,0,0,0,0,0,0,210,121,0,0,2,-1,0,0,0,0,0,-1,0,0,0,0,0,-1,0,0,0,0,0,0,-1,0,0,0,0,0,0,-1,0,0,0,0,0,0,-1,0,0,0,0,0,0,3,168,64,0,-1,0,0,0,-1,0,0,0,-1,0,0,-1,0,-1,0,-1,0,-1,0,-1,0,-1,0,-1,0,-1,0,-1,0,-1,0,-1,0,-1,0,-1,0,0,0,5014,3,0,3,51
1312,816,fd,1,164,80,1,816,1056,0,2,2,63990,360,5,0,0,3,1,115,51,0,0,1,207,40,0,0,0,0,0,0,0,0,0,0,0,0,0,210,119,0,0,1,-1,0,0,0,0,0,-1,0,0,0,0,0,-1,0,0,0,0,0,0,-1,0,0,0,0,0,0,-1,0,0,0,0,0,0,-1,0,0,0,0,0,0,3,166,64,0,-1,0,0,0,-1,0,0,0,-1,0,0,-1,0,-1,0,-1,0,-1,0,-1,0,-1,0,-1,0,-1,0,-1,0,-1,0,-1,0,-1,0,-1,0,0,0,5013,3,0,3,52
1313,817,fd,1,161,80,1,768,1056,0,2,2,63988,360,5,0,0,2,1,113,50,0,0,1,205,39,0,0,0,0,0,0,0,0,0,0,0,0,1,210,117,1024,0,0,-1,0,0,0,0,0,-1,0,0,0,0,0,-1,0,0,0,0,0,0,-1,0,0,0,0,0,0,-1,0,0,0,0,0,0,-1,0,0,0,0,0,0,3,164,64,0,-1,0,0,0,-1,0,0,0,-1,0,0,-1,0,-1,0,-1,0,-1,0,-1,0,-1,0,-1,0,-1,0,-1,0,-1,0,-1,0,-1,0,-1,0,0,0,5012,3,0,3,53
1314,818,fd,1,158,80,1,720,1056,0,2,2,63986,360,5,0,0,1,1,111,49,0,0,1,203,38,0,0,0,0,0,0,0,0,0,0,0,0,1,206,115,1008,0,0,-1,0,0,0,0,0,-1,0,0,0,0,0,-1,0,0,0,0,0,0,-1,0,0,0,0,0,0,-1,0,0,0,0,0,0,-1,0,0,0,0,0,0,3,162,64,0,-1,0,0,0,-1,0,0,0,-1,0,0,-1,0,-1,0,-1,0,-1,0,-1,0,-1,0,-1,0,-1,0,-1,0,-1,0,-1,0,-1,0,-1,0,0,0,5011,3,0,3,54
1315,819,fd,1,156,80,1,672,1056,0,2,2,63984,360,5,0,0,0,1,109,48,0,0,1,201,37,0,0,0,0,0,0,0,0,0,0,0,0,1,203,113,992,0,0,-1,0,0,0,0,0,-1,0,0,0,0,0,-1,0,0,0,0,0,0,-1,0,0,0,0,0,0,-1,0,0,0,0,0,0,-1,0,0,0,0,0,0,3,160,64,0,-1,0,0,0,-1,0,0,0,-1,0,0,-1,0,-1,0,-1,0,-1,0,-1,0,-1,0,-1,0,-1,0,-1,0,-1,0,-1,0,-1,0,-1,0,0,0,5010,3,0,3,55
1316,820,fd,1,154,80,1,624,1056,0,2,2,63982,360,5,0,0,0,1,107,47,0,0,1,199,36,0,0,0,0,0,0,0,0,0,0,0,0,1,200,111,976,0,0,-1,0,0,0,0,0,-1,0,0,0,0,0,-1,0,0,0,0,0,0,-1,0,0,0,0,0,0,-1,0,0,0,0,0,0,-1,0,0,0,0,0,0,3,158,64,0,-1,0,0,0,-1,0,0,0,-1,0,0,-1,0,-1,0,-1,0,-1,0,-1,0,-1,0,-1,0,-1,0,-1,0,-1,0,-1,0,-1,0,-1,0,0,0,5009,3,0,3,56
1317,821,fd,1,152,80,1,576,1056,0,2,2,63980,360,5,0,0,0,1,105,46,0,0,1,197,35,0,0,0,0,0,0,0,0,0,0,0,0,1,197,109,960,0,0,-1,0,0,0,0,0,-1,0,0,0,0,0,-1,0,0,0,0,0,0,-1,0,0,0,0,0,0,-1,0,0,0,0,0,0,-1,0,0,0,0,0,0,3,156,64,0,-1,0,0,0,-1,0,0,0,-1,0,0,-1,0,-1,0,-1,0,-1,0,-1,0,-1,0,-1,0,-1,0,-1,0,-1,0,-1,0,-1,0,-1,0,0,0,5008,3,0,3,57
1318,822,fd,1,150,80,1,528,1056,0,2,2,63978,360,5,0,0,0,1,103,45,0,0,1,195,34,0,0,0,0,0,0,0,0,0,0,0,0,1,194,107,944,0,0,-1,0,0,0,0,0,-1,0,0,0,0,0,-1,0,0,0,0,0,0,-1,0,0,0,0,0,0,-1,0,0,0,0,0,0,-1,0,0,0,0,0,0,3,154,64,0,-1,0,0,0,-1,0,0,0,-1,0,0,-1,0,-1,0,-1,0,-1,0,-1,0,-1,0,-1,0,-1,0,-1,0,-1,0,-1,0,-1,0,-1,0,0,0,5007,3,0,3,58
1319,823,fd,1,148,80,1,480,1056,0,2,2,63976,360,5,0,0,0,1,101,44,0,0,1,193,33,0,0,0,0,0,0,0,0,0,0,0,0,1,191,105,928,0,0,-1,0,0,0,0,0,-1,0,0,0,0,0,-1,0,0,0,0,0,0,-1,0,0,0,0,0,0,-1,0,0,0,0,0,0,-1,0,0,0,0,0,0,3,152,64,0,-1,0,0,0,-1,0,0,0,-1,0,0,-1,0,-1,0,-1,0,-1,0,-1,0,-1,0,-1,0,-1,0,-1,0,-1,0,-1,0,-1,0,-1,0,0,0,5006,3,0,3,59
1320,824,fd,1,147,80,1,432,1056,0,2,2,63974,360,5,0,0,0,1,99,43,0,0,1,191,32,0,0,0,0,0,0,0,0,0,0,0,0,1,188,103,912,0,0,-1,0,0,0,0,0,-1,0,0,0,0,0,-1,0,0,0,0,0,0,-1,0,0,0,0,0,0,-1,0,0,0,0,0,0,-1,0,0,0,0,0,0,3,150,64,0,-1,0,0,0,-1,0,0,0,-1,0,0,-1,0,-1,0,-1,0,-1,0,-1,0,-1,0,-1,0,-1,0,-1,0,-1,0,-1,0,-1,0,-1,0,0,0,5005,3,0,3,60
1321,825,fd,1,146,80,1,384,1056,0,2,2,63972,360,5,0,0,0,1,97,42,0,0,1,189,31,0,0,0,0,0,0,0,0,0,0,0,0,1,185,101,896,0,0,-1,0,0,0,0,0,-1,0,0,0,0,0,-1,0,0,0,0,0,0,-1,0,0,0,0,0,0,-1,0,0,0,0,0,0,-1,0,0,0,0,0,0,3,148,64,0,-1,0,0,0,-1,0,0,0,-1,0,0,-1,0,-1,0,-1,0,-1,0,-1,0,-1,0,-1,0,-1,0,-1,0,-1,0,-1,0,-1,0,-1,0,0,0,5004,3,0,3,61
1322,826,fd,1,145,80,1,336,1056,0,2,2,63970,360,5,0,0,0,1,95,41,0,0,1,187,30,0,0,0,0,0,0,0,0,0,0,0,0,1,182,99,880,0,0,-1,0,0,0,0,0,-1,0,0,0,0,0,-1,0,0,0,0,0,0,-1,0,0,0,0,0,0,-1,0,0,0,0,0,0,-1,0,0,0,0,0,0,3,146,64,0,-1,0,0,0,-1,0,0,0,-1,0,0,-1,0,-1,0,-1,0,-1,0,-1,0,-1,0,-1,0,-1,0,-1,0,-1,0,-1,0,-1,0,-1,0,0,0,5003,3,0,3,62
1323,827,fd,1,144,80,1,288,1056,0,2,2,63968,360,5,0,0,0,1,93,40,0,0,1,185,29,0,0,0,0,0,0,0,0,0,0,0,0,1,179,97,864,0,0,-1,0,0,0,0,0,-1,0,0,0,0,0,-1,0,0,0,0,0,0,-1,0,0,0,0,0,0,-1,0,0,0,0,0,0,-1,0,0,0,0,0,0,3,144,64,0,-1,0,0,0,-1,0,0,0,-1,0,0,-1,0,-1,0,-1,0,-1,0,-1,0,-1,0,-1,0,-1,0,-1,0,-1,0,-1,0,-1,0,-1,0,0,0,5002,3,0,3,63
1324,828,fd,1,143,80,1,240,1056,0,2,2,63966,360,5,0,0,0,1,91,39,0,0,1,183,28,0,0,0,0,0,0,0,0,0,0,0,0,1,176,95,848,0,0,-1,0,0,0,0,0,-1,0,0,0,0,0,-1,0,0,0,0,0,0,-1,0,0,0,0,0,0,-1,0,0,0,0,0,0,-1,0,0,0,0,0,0,3,142,64,0,-1,0,0,0,-1,0,0,0,-1,0,0,-1,0,-1,0,-1,0,-1,0,-1,0,-1,0,-1,0,-1,0,-1,0,-1,0,-1,0,-1,0,-1,0,0,0,5001,3,0,3,64
1325,829,fd,1,143,80,1,192,1056,0,2,2,63964,360,5,0,0,0,1,89,38,0,0,1,181,27,0,0,0,0,0,0,0,0,0,0,0,0,1,173,93,832,0,0,-1,0,0,0,0,0,-1,0,0,0,0,0,-1,0,0,0,0,0,0,-1,0,0,0,0,0,0,-1,0,0,0,0,0,0,-1,0,0,0,0,0,0,3,140,64,0,-1,0,0,0,-1,0,0,0,-1,0,0,-1,0,-1,0,-1,0,-1,0,-1,0,-1,0,-1,0,-1,0,-1,0,-1,0,-1,0,-1,0,-1,0,0,0,5000,3,0,3,65
1326,830,fd,1,143,80,1,144,1056,0,2,2,63962,360,5,0,0,0,1,87,37,0,0,1,179,26,0,0,0,0,0,0,0,0,0,0,0,0,1,170,91,816,0,0,-1,0,0,0,0,0,-1,0,0,0,0,0,-1,0,0,0,0,0,0,-1,0,0,0,0,0,0,-1,0,0,0,0,0,0,-1,0,0,0,0,0,0,3,138,64,0,-1,0,0,0,-1,0,0,0,-1,0,0,-1,0,-1,0,-1,0,-1,0,-1,0,-1,0,-1,0,-1,0,-1,0,-1,0,-1,0,-1,0,-1,0,0,0,4999,3,0,3,66
1327,831,fd,1,143,80,1,96,1056,0,2,2,63960,360,5,0,0,0,1,85,36,0,0,1,177,25,0,0,0,0,0,0,0,0,0,0,0,0,1,167,89,800,0,0,-1,0,0,0,0,0,-1,0,0,0,0,0,-1,0,0,0,0,0,0,-1,0,0,0,0,0,0,-1,0,0,0,0,0,0,-1,0,0,0,0,0,0,3,136,64,0,-1,0,0,0,-1,0,0,0,-1,0,0,-1,0,-1,0,-1,0,-1,0,-1,0,-1,0,-1,0,-1,0,-1,0,-1,0,-1,0,-1,0,-1,0,0,0,4998,3,0,3,67
1328,832,fd,1,143,80,1,48,1056,0,2,2,63958,360,5,0,0,0,1,83,35,0,0,1,175,24,0,0,0,0,0,0,0,0,0,0,0,0,1,164,87,784,0,0,-1,0,0,0,0,0,-1,0,0,0,0,0,-1,0,0,0,0,0,0,-1,0,0,0,0,0,0,-1,0,0,0,0,0,0,-1,0,0,0,0,0,0,3,134,64,0,-1,0,0,0,-1,0,0,0,-1,0,0,-1,0,-1,0,-1,0,-1,0,-1,0,-1,0,-1,0,-1,0,-1,0,-1,0,-1,0,-1,0,-1,0,0,0,4997,3,0,3,68
1329,833,fd,1,143,80,2,0,1056,0,2,2,63956,360,5,0,0,0,1,81,34,0,0,1,173,23,0,0,0,0,0,0,0,0,0,0,0,0,1,161,85,768,0,0,-1,0,0,0,0,0,-1,0,0,0,0,0,-1,0,0,0,0,0,0,-1,0,0,0,0,0,0,-1,0,0,0,0,0,0,-1,0,0,0,0,0,0,3,132,64,0,-1,0,0,0,-1,0,0,0,-1,0,0,-1,0,-1,0,-1,0,-1,0,-1,0,-1,0,-1,0,-1,0,-1,0,-1,0,-1,0,-1,0,-1,0,0,0,4996,3,0,3,69
1330,834,fd,1,143,80,2,48,1056,0,2,2,63954,360,5,0,0,0,1,79,33,0,0,1,171,22,0,0,0,0,0,0,0,0,0,0,0,0,1,158,83,752,0,0,-1,0,0,0,0,0,-1,0,0,0,0,0,-1,0,0,0,0,0,0,-1,0,0,0,0,0,0,-1,0,0,0,0,0,0,-1,0,0,0,0,0,0,3,130,64,0,-1,0,0,0,-1,0,0,0,-1,0,0,-1,0,-1,0,-1,0,-1,0,-1,0,-1,0,-1,0,-1,0,-1,0,-1,0,-1,0,-1,0,-1,0,0,0,4995,3,0,3,70
1331,835,fd,1,143,80,2,96,1056,0,2,2,63952,360,5,0,0,0,1,77,32,0,0,1,169,21,0,0,0,0,0,0,0,0,0,0,0,0,1,156,81,736,0,0,-1,0,0,0,0,0,-1,0,0,0,0,0,-1,0,0,0,0,0,0,-1,0,0,0,0,0,0,-1,0,0,0,0,0,0,-1,0,0,0,0,0,0,3,128,64,0,-1,0,0,0,-1,0,0,0,-1,0,0,-1,0,-1,0,-1,0,-1,0,-1,0,-1,0,-1,0,-1,0,-1,0,-1,0,-1,0,-1,0,-1,0,0,0,4994,3,0,3,71
1332,836,fd,1,143,80,2,144,1056,0,2,2,63950,360,5,0,0,0,1,75,31,0,0,1,167,20,0,0,0,0,0,0,0,0,0,0,0,0,1,154,79,720,0,0,-1,0,0,0,0,0,-1,0,0,0,0,0,-1,0,0,0,0,0,0,-1,0,0,0,0,0,0,-1,0,0,0,0,0,0,-1,0,0,0,0,0,0,3,126,64,0,-1,0,0,0,-1,0,0,0,-1,0,0,-1,0,-1,0,-1,0,-1,0,-1,0,-1,0,-1,0,-1,0,-1,0,-1,0,-1,0,-1,0,-1,0,0,0,4993,3,0,3,72
1333,837,fd,1,143,80,2,192,1056,0,2,2,63948,360,5,0,0,0,1,73,30,0,0,1,165,19,0,0,0,0,0,0,0,0,0,0,0,0,1,152,77,704,0,0,-1,0,0,0,0,0,-1,0,0,0,0,0,-1,0,0,0,0,0,0,-1,0,0,0,0,0,0,-1,0,0,0,0,0,0,-1,0,0,0,0,0,0,3,124,64,0,-1,0,0,0,-1,0,0,0,-1,0,0,-1,0,-1,0,-1,0,-1,0,-1,0,-1,0,-1,0,-1,0,-1,0,-1,0,-1,0,-1,0,-1,0,0,0,4992,3,0,3,73
1334,838,fd,1,143,80,2,240,1056,0,2,2,63946,360,5,0,0,0,1,71,29,0,0,1,163,18,0,0,0,0,0,0,0,0,0,0,0,0,1,150,75,688,0,0,-1,0,0,0,0,0,-1,0,0,0,0,0,-1,0,0,0,0,0,0,-1,0,0,0,0,0,0,-1,0,0,0,0,0,0,-1,0,0,0,0,0,0,3,122,64,0,-1,0,0,0,-1,0,0,0,-1,0,0,-1,0,-1,0,-1,0,-1,0,-1,0,-1,0,-1,0,-1,0,-1,0,-1,0,-1,0,-1,0,-1,0,0,0,4991,3,0,3,74
1335,839,fd,1,143,80,2,288,1056,0,2,2,63944,360,5,0,0,0,1,69,28,0,0,1,161,17,0,0,0,0,0,0,0,0,0,0,0,0,1,148,73,672,0,0,-1,0,0,0,0,0,-1,0,0,0,0,0,-1,0,0,0,0,0,0,-1,0,0,0,0,0,0,-1,0,0,0,0,0,0,-1,0,0,0,0,0,0,3,120,64,0,-1,0,0,0,-1,0,0,0,-1,0,0,-1,0,-1,0,-1,0,-1,0,-1,0,-1,0,-1,0,-1,0,-1,0,-1,0,-1,0,-1,0,-1,0,0,0,4990,3,0,3,75
1336,840,fd,1,144,80,2,336,1056,0,2,2,63942,360,5,0,0,0,1,67,27,0,0,1,159,16,0,0,0,0,0,0,0,0,0,0,0,0,1,146,71,656,0,0,-1,0,0,0,0,0,-1,0,0,0,0,0,-1,0,0,0,0,0,0,-1,0,0,0,0,0,0,-1,0,0,0,0,0,0,-1,0,0,0,0,0,0,3,118,64,0,-1,0,0,0,-1,0,0,0,-1,0,0,-1,0,-1,0,-1,0,-1,0,-1,0,-1,0,-1,0,-1,0,-1,0,-1,0,-1,0,-1,0,-1,0,0,0,4989,3,0,3,76
1337,841,fd,1,145,80,2,384,1056,0,2,2,63940,360,5,0,0,0,1,65,26,0,0,1,157,15,0,0,0,0,0,0,0,0,0,0,0,0,1,144,69,640,0,0,-1,0,0,0,0,0,-1,0,0,0,0,0,-1,0,0,0,0,0,0,-1,0,0,0,0,0,0,-1,0,0,0,0,0,0,-1,0,0,0,0,0,0,3,116,64,0,-1,0,0,0,-1,0,0,0,-1,0,0,-1,0,-1,0,-1,0,-1,0,-1,0,-1,0,-1,0,-1,0,-1,0,-1,0,-1,0,-1,0,-1,0,0,0,4988,3,0,3,77
1338,842,fd,1,146,80,2,432,1056,0,2,2,63938,360,5,0,0,0,1,63,25,0,0,1,155,14,0,0,1,239,56,0,0,0,0,0,0,0,1,142,67,624,0,0,-1,0,0,0,0,0,-1,0,0,0,0,0,-1,0,0,0,0,0,0,-1,0,0,0,0,0,0,-1,0,0,0,0,0,0,-1,0,0,0,0,0,0,3,114,64,0,-1,0,0,0,-1,0,0,0,-1,0,0,-1,0,-1,0,-1,0,-1,0,-1,0,-1,0,-1,0,-1,0,-1,0,-1,0,-1,0,-1,0,-1,0,0,0,4987,3,0,3,78
1339,843,fd,1,147,80,2,480,1056,0,2,2,63936,360,5,0,0,0,1,61,24,0,0,1,153,13,0,0,1,237,55,0,0,0,0,0,0,0,1,140,65,608,0,0,-1,0,0,0,0,0,-1,0,0,0,0,0,-1,0,0,0,0,0,0,-1,0,0,0,0,0,0,-1,0,0,0,0,0,0,-1,0,0,0,0,0,0,3,112,64,0,-1,0,0,0,-1,0,0,0,-1,0,0,-1,0,-1,0,-1,0,-1,0,-1,0,-1,0,-1,0,-1,0,-1,0,-1,0,-1,0,-1,0,-1,0,0,0,4986,3,0,3,79
1340,844,fd,1,148,80,2,528,1056,0,2,2,63934,360,5,0,0,0,1,59,23,0,0,1,151,12,0,0,1,235,54,0,0,0,0,0,0,0,1,138,63,592,0,0,-1,0,0,0,0,0,-1,0,0,0,0,0,-1,0,0,0,0,0,0,-1,0,0,0,0,0,0,-1,0,0,0,0,0,0,-1,0,0,0,0,0,0,3,110,64,0,-1,0,0,0,-1,0,0,0,-1,0,0,-1,0,-1,0,-1,0,-1,0,-1,0,-1,0,-1,0,-1,0,-1,0,-1,0,-1,0,-1,0,-1,0,0,0,4985,3,0,3,80
1341,845,fd,1,150,80,2,576,1056,0,2,2,63932,360,5,0,0,0,1,57,22,0,0,1,149,11,0,0,1,233,53,0,0,0,0,0,0,0,1,136,61,576,0,0,-1,0,0,0,0,0,-1,0,0,0,0,0,-1,0,0,0,0,0,0,-1,0,0,0,0,0,0,-1,0,0,0,0,0,0,-1,0,0,0,0,0,0,3,108,64,0,-1,0,0,0,-1,0,0,0,-1,0,0,-1,0,-1,0,-1,0,-1,0,-1,0,-1,0,-1,0,-1,0,-1,0,-1,0,-1,0,-1,0,-1,0,0,0,4984,3,0,3,81
1342,846,fd,1,152,80,2,624,1056,0,2,2,63930,360,5,0,0,0,1,55,21,0,0,1,147,10,0,0,1,231,52,0,0,0,0,0,0,0,1,134,59,560,0,0,-1,0,0,0,0,0,-1,0,0,0,0,0,-1,0,0,0,0,0,0,-1,0,0,0,0,0,0,-1,0,0,0,0,0,0,-1,0,0,0,0,0,0,3,106,64,0,-1,0,0,0,-1,0,0,0,-1,0,0,-1,0,-1,0,-1,0,-1,0,-1,0,-1,0,-1,0,-1,0,-1,0,-1,0,-1,0,-1,0,-1,0,0,0,4983,3,0,3,82
1343,847,fd,1,154,80,2,672,1056,0,2,2,63928,360,5,0,0,0,1,53,20,0,0,1,145,9,0,0,1,229,51,0,0,0,0,0,0,0,1,132,57,544,0,0,-1,0,0,0,0,0,-1,0,0,0,0,0,-1,0,0,0,0,0,0,-1,0,0,0,0,0,0,-1,0,0,0,0,0,0,-1,0,0,0,0,0,0,3,104,64,0,-1,0,0,0,-1,0,0,0,-1,0,0,-1,0,-1,0,-1,0,-1,0,-1,0,-1,0,-1,0,-1,0,-1,0,-1,0,-1,0,-1,0,-1,0,0,0,4982,3,0,3,83
1344,848,fd,1,156,80,2,720,1056,0,2,2,63926,360,5,0,0,0,1,51,19,0,0,1,143,8,0,0,1,227,50,0,0,0,0,0,0,0,1,130,55,528,0,0,-1,0,0,0,0,0,-1,0,0,0,0,0,-1,0,0,0,0,0,0,-1,0,0,0,0,0,0,-1,0,0,0,0,0,0,-1,0,0,0,0,0,0,3,102,64,0,-1,0,0,0,-1,0,0,0,-1,0,0,-1,0,-1,0,-1,0,-1,0,-1,0,-1,0,-1,0,-1,0,-1,0,-1,0,-1,0,-1,0,-1,0,0,0,4981,3,0,3,84
1345,849,fd,1,158,80,2,768,1056,0,2,2,63924,360,5,0,0,0,1,49,18,0,0,1,141,7,0,0,1,225,49,0,0,0,0,0,0,0,1,128,53,512,0,0,-1,0,0,0,0,0,-1,0,0,0,0,0,-1,0,0,0,0,0,0,-1,0,0,0,0,0,0,-1,0,0,0,0,0,0,-1,0,0,0,0,0,0,3,100,64,0,-1,0,0,0,-1,0,0,0,-1,0,0,-1,0,-1,0,-1,0,-1,0,-1,0,-1,0,-1,0,-1,0,-1,0,-1,0,-1,0,-1,0,-1,0,0,0,4980,3,0,3,85
1346,850,fd,1,161,80,2,816,1056,0,2,2,63922,360,5,0,0,0,1,47,17,0,0,1,139,6,0,0,1,223,48,0,0,0,0,0,0,0,1,126,51,496,0,0,-1,0,0,0,0,0,-1,0,0,0,0,0,-1,0,0,0,0,0,0,-1,0,0,0,0,0,0,-1,0,0,0,0,0,0,-1,0,0,0,0,0,0,3,98,64,0,-1,0,0,0,-1,0,0,0,-1,0,0,-1,0,-1,0,-1,0,-1,0,-1,0,-1,0,-1,0,-1,0,-1,0,-1,0,-1,0,-1,0,-1,0,0,0,4979,3,0,3,86
1347,851,fd,1,164,80,2,864,1056,0,2,2,63920,360,5,0,0,0,1,45,16,0,0,1,137,5,0,0,1,221,47,0,0,0,0,0,0,0,1,125,49,480,0,0,-1,0,0,0,0,0,-1,0,0,0,0,0,-1,0,0,0,0,0,0,-1,0,0,0,0,0,0,-1,0,0,0,0,0,0,-1,0,0,0,0,0,0,3,96,64,0,-1,0,0,0,-1,0,0,0,-1,0,0,-1,0,-1,0,-1,0,-1,0,-1,0,-1,0,-1,0,-1,0,-1,0,-1,0,-1,0,-1,0,-1,0,0,0,4978,3,0,3,87
1348,852,fd,1,167,80,2,912,1056,0,2,2,63918,360,5,0,0,0,1,43,15,0,0,1,135,4,0,0,1,219,46,0,0,0,0,0,0,0,1,124,47,464,0,0,-1,0,0,0,0,0,-1,0,0,0,0,0,-1,0,0,0,0,0,0,-1,0,0,0,0,0,0,-1,0,0,0,0,0,0,-1,0,0,0,0,0,0,3,94,64,0,-1,0,0,0,-1,0,0,0,-1,0,0,-1,0,-1,0,-1,0,-1,0,-1,0,-1,0,-1,0,-1,0,-1,0,-1,0,-1,0,-1,0,-1,0,0,0,4977,3,0,3,88
1349,853,fd,1,170,80,2,960,1056,0,2,2,63916,360,5,0,0,0,1,41,14,0,0,1,133,3,0,0,1,217,45,0,0,0,0,0,0,0,1,123,45,448,0,0,-1,0,0,0,0,0,-1,0,0,0,0,0,-1,0,0,0,0,0,0,-1,0,0,0,0,0,0,-1,0,0,0,0,0,0,-1,0,0,0,0,0,0,3,92,64,0,-1,0,0,0,-1,0,0,0,-1,0,0,-1,0,-1,0,-1,0,-1,0,-1,0,-1,0,-1,0,-1,0,-1,0,-1,0,-1,0,-1,0,-1,0,0,0,4976,3,0,3,89
1350,854,fd,1,173,80,2,1008,1056,0,2,2,63914,360,5,0,0,0,1,39,13,0,0,1,131,2,0,0,1,215,44,0,0,0,0,0,0,0,1,122,43,432,0,0,-1,0,0,0,0,0,-1,0,0,0,0,0,-1,0,0,0,0,0,0,-1,0,0,0,0,0,0,-1,0,0,0,0,0,0,-1,0,0,0,0,0,0,3,90,64,0,-1,0,0,0,-1,0,0,0,-1,0,0,-1,0,-1,0,-1,0,-1,0,-1,0,-1,0,-1,0,-1,0,-1,0,-1,0,-1,0,-1,0,-1,0,0,0,4975,3,0,3,90
1351,855,fd,1,180,80,1,1056,1056,0,2,2,63912,380,5,0,0,8,1,37,12,0,0,1,129,1,0,0,1,213,43,0,0,0,0,0,0,0,1,121,41,416,0,0,-1,0,0,0,0,0,-1,0,0,0,0,0,-1,0,0,0,0,0,0,-1,0,0,0,0,0,0,-1,0,0,0,0,0,0,-1,0,0,0,0,0,0,3,88,64,0,-1,0,0,0,-1,0,0,0,-1,0,0,-1,0,-1,0,-1,0,-1,0,-1,0,-1,0,-1,0,-1,0,-1,0,-1,0,-1,0,-1,0,-1,0,0,0,4974,3,0,3,91
1352,856,fd,1,176,80,1,1008,1056,0,2,2,63910,380,5,0,0,7,1,35,11,0,0,1,127,57,0,0,1,211,42,0,0,0,0,0,0,0,1,120,39,400,0,0,0,210,131,0,0,7,-1,0,0,0,0,0,-1,0,0,0,0,0,0,-1,0,0,0,0,0,0,-1,0,0,0,0,0,0,-1,0,0,0,0,0,0,3,86,64,0,-1,0,0,0,-1,0,0,0,-1,0,0,-1,0,-1,0,-1,0,-1,0,-1,0,-1,0,-1,0,-1,0,-1,0,-1,0,-1,0,-1,0,-1,0,0,0,4973,3,0,3,92
1353,857,fd,1,173,80,1,960,1056,0,2,2,63908,380,5,0,0,6,1,33,10,0,0,1,125,56,0,0,1,209,41,0,0,0,0,0,0,0,1,119,37,384,0,0,0,210,129,0,0,6,-1,0,0,0,0,0,-1,0,0,0,0,0,0,-1,0,0,0,0,0,0,-1,0,0,0,0,0,0,-1,0,0,0,0,0,0,3,84,64,0,-1,0,0,0,-1,0,0,0,-1,0,0,-1,0,-1,0,-1,0,-1,0,-1,0,-1,0,-1,0,-1,0,-1,0,-1,0,-1,0,-1,0,-1,0,0,0,4972,3,0,3,93
1354,858,fd,1,170,80,1,912,1056,0,2,2,63906,380,5,0,0,5,1,31,9,0,0,1,123,55,0,0,1,207,40,0,0,0,0,0,0,0,1,118,35,368,0,0,0,210,127,0,0,5,-1,0,0,0,0,0,-1,0,0,0,0,0,0,-1,0,0,0,0,0,0,-1,0,0,0,0,0,0,-1,0,0,0,0,0,0,3,82,64,0,-1,0,0,0,-1,0,0,0,-1,0,0,-1,0,-1,0,-1,0,-1,0,-1,0,-1,0,-1,0,-1,0,-1,0,-1,0,-1,0,-1,0,-1,0,0,0,4971,3,0,3,94
1355,859,fd,1,167,80,1,864,1056,0,2,2,63904,380,5,0,0,4,1,29,8,0,0,1,121,54,0,0,1,205,39,0,0,0,0,0,0,0,1,117,33,352,0,0,0,210,125,0,0,4,-1,0,0,0,0,0,-1,0,0,0,0,0,0,-1,0,0,0,0,0,0,-1,0,0,0,0,0,0,-1,0,0,0,0,0,0,3,80,64,0,-1,0,0,0,-1,0,0,0,-1,0,0,-1,0,-1,0,-1,0,-1,0,-1,0,-1,0,-1,0,-1,0,-1,0,-1,0,-1,0,-1,0,-1,0,0,0,4970,3,0,3,95
1356,860,fd,1,164,80,1,816,1056,0,2,2,63902,380,5,0,0,3,1,27,7,0,0,1,119,53,0,0,1,203,38,0,0,0,0,0,0,0,1,116,31,336,0,0,0,210,123,0,0,3,-1,0,0,0,0,0,-1,0,0,0,0,0,0,-1,0,0,0,0,0,0,-1,0,0,0,0,0,0,-1,0,0,0,0,0,0,3,78,64,0,-1,0,0,0,-1,0,0,0,-1,0,0,-1,0,-1,0,-1,0,-1,0,-1,0,-1,0,-1,0,-1,0,-1,0,-1,0,-1,0,-1,0,-1,0,0,0,4969,3,0,3,96
1357,861,fd,1,161,80,1,768,1056,0,2,2,63900,380,5,0,0,2,1,25,6,0,0,1,117,52,0,0,1,201,37,0,0,0,0,0,0,0,1,115,29,320,0,0,0,210,121,0,0,2,-1,0,0,0,0,0,-1,0,0,0,0,0,0,-1,0,0,0,0,0,0,-1,0,0,0,0,0,0,-1,0,0,0,0,0,0,3,76,64,0,-1,0,0,0,-1,0,0,0,-1,0,0,-1,0,-1,0,-1,0,-1,0,-1,0,-1,0,-1,0,-1,0,-1,0,-1,0,-1,0,-1,0,-1,0,0,0,4968,3,0,3,97
1358,862,fd,1,158,80,1,720,1056,0,2,2,63898,380,5,0,0,1,1,23,5,0,0,1,115,51,0,0,1,199,36,0,0,0,0,0,0,0,1,114,27,304,0,0,0,210,119,0,0,1,-1,0,0,0,0,0,-1,0,0,0,0,0,0,-1,0,0,0,0,0,0,-1,0,0,0,0,0,0,-1,0,0,0,0,0,0,3,74,64,0,-1,0,0,0,-1,0,0,0,-1,0,0,-1,0,-1,0,-1,0,-1,0,-1,0,-1,0,-1,0,-1,0,-1,0,-1,0,-1,0,-1,0,-1,0,0,0,4967,3,0,3,98
1359,863,fd,1,156,80,1,672,1056,0,2,2,63896,380,5,0,0,0,1,21,4,0,0,1,113,50,0,0,1,197,35,0,0,0,0,0,0,0,1,113,25,288,0,0,1,210,117,1024,0,0,-1,0,0,0,0,0,-1,0,0,0,0,0,0,-1,0,0,0,0,0,0,-1,0,0,0,0,0,0,-1,0,0,0,0,0,0,3,72,64,0,3,240,152,0,-1,0,0,0,-1,0,0,-1,0,-1,0,-1,0,-1,0,-1,0,-1,0,-1,0,-1,0,-1,0,-1,0,-1,0,-1,0,-1,0,0,0,4966,3,0,3,99
1360,864,fd,1,154,80,1,624,1056,0,2,2,63894,380,5,0,0,0,1,19,3,0,0,1,111,49,0,0,1,195,34,0,0,0,0,0,0,0,1,112,23,272,0,0,1,206,115,1008,0,0,-1,0,0,0,0,0,-1,0,0,0,0,0,0,-1,0,0,0,0,0,0,-1,0,0,0,0,0,0,-1,0,0,0,0,0,0,3,70,64,0,3,238,152,0,-1,0,0,0,-1,0,0,-1,0,-1,0,-1,0,-1,0,-1,0,-1,0,-1,0,-1,0,-1,0,-1,0,-1,0,-1,0,-1,0,0,0,4965,3,0,3,100
1361,865,fd,1,152,80,1,576,1056,0,2,2,63892,380,5,0,0,0,1,17,2,0,0,1,109,48,0,0,1,193,33,0,0,0,0,0,0,0,1,111,21,256,0,0,1,203,113,992,0,0,-1,0,0,0,0,0,-1,0,0,0,0,0,0,-1,0,0,0,0,0,0,-1,0,0,0,0,0,0,-1,0,0,0,0,0,0,3,68,64,0,3,236,152,0,-1,0,0,0,-1,0,0,-1,0,-1,0,-1,0,-1,0,-1,0,-1,0,-1,0,-1,0,-1,0,-1,0,-1,0,-1,0,-1,0,0,0,4964,3,0,3,101
1362,866,fd,1,150,80,1,528,1056,0,2,2,63890,380,5,0,0,0,1,15,1,0,0,1,107,47,0,0,1,191,32,0,0,0,0,0,0,0,1,110,19,240,0,0,1,200,111,976,0,0,-1,0,0,0,0,0,-1,0,0,0,0,0,0,-1,0,0,0,0,0,0,-1,0,0,0,0,0,0,-1,0,0,0,0,0,0,3,66,64,0,3,234,152,0,-1,0,0,0,-1,0,0,-1,0,-1,0,-1,0,-1,0,-1,0,-1,0,-1,0,-1,0,-1,0,-1,0,-1,0,-1,0,-1,0,0,0,4963,3,0,3,102
1363,867,fd,1,148,80,1,480,1056,0,2,2,63888,380,5,0,0,0,1,13,57,0,0,1,105,46,0,0,1,189,31,0,0,0,0,0,0,0,1,110,17,0,1,8,1,197,109,960,0,0,0,210,17,0,0,7,-1,0,0,0,0,0,0,-1,0,0,0,0,0,0,-1,0,0,0,0,0,0,-1,0,0,0,0,0,0,3,64,64,0,3,232,152,0,-1,0,0,0,-1,0,0,-1,0,-1,0,-1,0,-1,0,-1,0,-1,0,-1,0,-1,0,-1,0,-1,0,-1,0,-1,0,-1,0,0,0,4962,3,0,3,103
1364,868,fd,1,147,80,1,432,1056,0,2,2,63886,380,5,0,0,0,1,11,56,0,0,1,103,45,0,0,1,187,30,0,0,0,0,0,0,0,1,110,15,0,1,7,1,194,107,944,0,0,0,210,15,0,0,6,-1,0,0,0,0,0,0,-1,0,0,0,0,0,0,-1,0,0,0,0,0,0,-1,0,0,0,0,0,0,3,62,64,0,3,230,152,0,-1,0,0,0,-1,0,0,-1,0,-1,0,-1,0,-1,0,-1,0,-1,0,-1,0,-1,0,-1,0,-1,0,-1,0,-1,0,-1,0,0,0,4961,3,0,3,104
1365,869,fd,1,146,80,1,384,1056,0,2,2,63884,380,5,0,0,0,1,9,55,0,0,1,101,44,0,0,1,185,29,0,0,0,0,0,0,0,1,110,13,0,1,6,1,191,105,928,0,0,0,210,13,0,0,5,-1,0,0,0,0,0,0,-1,0,0,0,0,0,0,-1,0,0,0,0,0,0,-1,0,0,0,0,0,0,3,60,64,0,3,228,152,0,-1,0,0,0,-1,0,0,-1,0,-1,0,-1,0,-1,0,-1,0,-1,0,-1,0,-1,0,-1,0,-1,0,-1,0,-1,0,-1,0,0,0,4960,3,0,3,105
1366,870,fd,1,145,80,1,336,1056,0,2,2,63882,380,5,0,0,0,1,7,54,0,0,1,99,43,0,0,1,183,28,0,0,0,0,0,0,0,1,110,11,0,1,5,1,188,103,912,0,0,0,210,11,0,0,4,-1,0,0,0,0,0,0,-1,0,0,0,0,0,0,-1,0,0,0,0,0,0,-1,0,0,0,0,0,0,3,58,64,0,3,226,152,0,-1,0,0,0,-1,0,0,-1,0,-1,0,-1,0,-1,0,-1,0,-1,0,-1,0,-1,0,-1,0,-1,0,-1,0,-1,0,-1,0,0,0,4959,3,0,3,106
1367,871,fd,1,144,80,1,288,1056,0,2,2,63880,380,5,0,0,0,1,5,53,0,0,1,97,42,0,0,1,181,27,0,0,0,0,0,0,0,1,110,9,0,1,4,1,185,101,896,0,0,0,210,9,0,0,3,-1,0,0,0,0,0,0,-1,0,0,0,0,0,0,-1,0,0,0,0,0,0,-1,0,0,0,0,0,0,3,56,64,0,3,224,152,0,-1,0,0,0,-1,0,0,-1,0,-1,0,-1,0,-1,0,-1,0,-1,0,-1,0,-1,0,-1,0,-1,0,-1,0,-1,0,-1,0,0,0,4958,3,0,3,107
1368,872,fd,1,143,80,1,240,1056,0,2,2,63878,380,5,0,0,0,1,3,52,0,0,1,95,41,0,0,1,179,26,0,0,0,0,0,0,0,1,110,7,0,1,3,1,182,99,880,0,0,0,210,7,0,0,2,-1,0,0,0,0,0,0,-1,0,0,0,0,0,0,-1,0,0,0,0,0,0,-1,0,0,0,0,0,0,3,54,64,0,3,222,152,0,-1,0,0,0,-1,0,0,-1,0,-1,0,-1,0,-1,0,-1,0,-1,0,-1,0,-1,0,-1,0,-1,0,-1,0,-1,0,-1,0,0,0,4957,3,0,3,108
1369,873,fd,1,143,80,1,192,1056,0,2,2,63876,380,5,0,0,0,1,1,51,0,0,1,93,40,0,0,1,177,25,0,0,0,0,0,0,0,1,110,5,0,1,2,1,179,97,864,0,0,0,210,5,0,0,1,-1,0,0,0,0,0,0,-1,0,0,0,0,0,0,-1,0,0,0,0,0,0,-1,0,0,0,0,0,0,3,52,64,0,3,220,152,0,-1,0,0,0,-1,0,0,-1,0,-1,0,-1,0,-1,0,-1,0,-1,0,-1,0,-1,0,-1,0,-1,0,-1,0,-1,0,-1,0,0,0,4956,3,0,3,109
1370,874,fd,1,143,80,1,144,1056,0,2,2,63874,380,5,0,0,0,1,255,50,0,0,1,91,39,0,0,1,175,24,0,0,0,0,0,0,0,1,110,3,0,1,1,1,176,95,848,0,0,1,210,3,1024,0,0,-1,0,0,0,0,0,0,-1,0,0,0,0,0,0,-1,0,0,0,0,0,0,-1,0,0,0,0,0,0,3,50,64,0,3,218,152,0,-1,0,0,0,-1,0,0,-1,0,-1,0,-1,0,-1,0,-1,0,-1,0,-1,0,-1,0,-1,0,-1,0,-1,0,-1,0,-1,0,0,0,4955,3,0,3,110
1371,875,fd,1,143,80,1,96,1056,0,2,2,63872,380,5,0,0,0,1,253,49,0,0,1,89,38,0,0,1,173,23,0,0,0,0,0,0,0,-1,0,0,0,0,0,1,173,93,832,0,0,1,206,1,1008,0,0,-1,0,0,0,0,0,0,-1,0,0,0,0,0,0,-1,0,0,0,0,0,0,-1,0,0,0,0,0,0,3,48,64,0,3,216,152,0,-1,0,0,0,-1,0,0,-1,0,-1,0,-1,0,-1,0,-1,0,-1,0,-1,0,-1,0,-1,0,-1,0,-1,0,-1,0,-1,0,0,0,4954,3,0,3,111
1372,876,fd,1,143,80,1,48,1056,0,2,2,63870,380,5,0,0,0,1,251,48,0,0,1,87,37,0,0,1,171,22,0,0,0,0,0,0,0,-1,0,0,0,0,0,1,170,91,816,0,0,1,203,255,992,0,0,-1,0,0,0,0,0,0,-1,0,0,0,0,0,0,-1,0,0,0,0,0,0,-1,0,0,0,0,0,0,3,46,64,0,3,214,152,0,-1,0,0,0,-1,0,0,-1,0,-1,0,-1,0,-1,0,-1,0,-1,0,-1,0,-1,0,-1,0,-1,0,-1,0,-1,0,-1,0,0,0,4953,3,0,3,112
1373,877,fd,1,143,80,2,0,1056,0,2,2,63868,380,5,0,0,0,1,249,47,0,0,1,85,36,0,0,1,169,21,0,0,0,0,0,0,0,-1,0,0,0,0,0,1,167,89,800,0,0,1,200,253,976,0,0,-1,0,0,0,0,0,0,-1,0,0,0,0,0,0,-1,0,0,0,0,0,0,-1,0,0,0,0,0,0,3,44,64,0,3,212,152,0,-1,0,0,0,-1,0,0,-1,0,-1,0,-1,0,-1,0,-1,0,-1,0,-1,0,-1,0,-1,0,-1,0,-1,0,-1,0,-1,0,0,0,4952,3,0,3,113
1374,878,fd,1,143,80,2,48,1056,0,2,2,63866,380,5,0,0,0,1,247,46,0,0,1,83,35,0,0,1,167,20,0,0,0,0,0,0,0,-1,0,0,0,0,0,1,164,87,784,0,0,1,197,251,960,0,0,-1,0,0,0,0,0,0,-1,0,0,0,0,0,0,-1,0,0,0,0,0,0,-1,0,0,0,0,0,0,3,42,64,0,3,210,152,0,-1,0,0,0,-1,0,0,-1,0,-1,0,-1,0,-1,0,-1,0,-1,0,-1,0,-1,0,-1,0,-1,0,-1,0,-1,0,-1,0,0,0,4951,3,0,3,114
1375,879,fd,1,143,80,2,96,1056,0,2,2,63864,380,5,0,0,0,1,245,45,0,0,1,81,34,0,0,1,165,19,0,0,0,0,0,0,0,-1,0,0,0,0,0,1,161,85,768,0,0,1,194,249,944,0,0,-1,0,0,0,0,0,0,-1,0,0,0,0,0,0,-1,0,0,0,0,0,0,-1,0,0,0,0,0,0,3,40,64,0,3,208,152,0,-1,0,0,0,-1,0,0,-1,0,-1,0,-1,0,-1,0,-1,0,-1,0,-1,0,-1,0,-1,0,-1,0,-1,0,-1,0,-1,0,0,0,4950,3,0,3,115
1376,880,fd,1,143,80,2,144,1056,0,2,2,63862,380,5,0,0,0,1,243,44,0,0,1,79,33,0,0,1,163,18,0,0,0,0,0,0,0,-1,0,0,0,0,0,1,158,83,752,0,0,1,191,247,928,0,0,-1,0,0,0,0,0,0,-1,0,0,0,0,0,0,-1,0,0,0,0,0,0,-1,0,0,0,0,0,0,3,38,64,0,3,206,152,0,-1,0,0,0,-1,0,0,-1,0,-1,0,-1,0,-1,0,-1,0,-1,0,-1,0,-1,0,-1,0,-1,0,-1,0,-1,0,-1,0,0,0,4949,3,0,3,116
1377,881,fd,1,143,80,2,192,1056,0,2,2,63860,380,5,0,0,0,0,0,0,0,0,1,77,32,0,0,1,161,17,0,0,0,0,0,0,0,-1,0,0,0,0,0,1,156,81,736,0,0,1,188,245,912,0,0,-1,0,0,0,0,0,0,-1,0,0,0,0,0,0,-1,0,0,0,0,0,0,-1,0,0,0,0,0,0,3,36,64,0,3,204,152,0,-1,0,0,0,-1,0,0,-1,0,-1,0,-1,0,-1,0,-1,0,-1,0,-1,0,-1,0,-1,0,-1,0,-1,0,-1,0,-1,0,0,0,4948,3,0,3,117
1378,882,fd,1,143,80,2,240,1056,0,2,2,63858,380,5,0,0,0,1,239,56,2,2,1,75,31,0,0,1,159,16,0,0,0,0,0,0,0,-1,0,0,0,0,0,1,154,79,720,0,0,1,185,243,896,0,0,-1,0,0,0,0,0,0,-1,0,0,0,0,0,0,-1,0,0,0,0,0,0,-1,0,0,0,0,0,0,3,34,64,0,3,202,152,0,-1,0,0,0,-1,0,0,-1,0,-1,0,-1,0,-1,0,-1,0,-1,0,-1,0,-1,0,-1,0,-1,0,-1,0,-1,0,-1,0,0,0,4947,3,0,3,118
1379,883,fd,1,143,80,2,288,1056,0,2,2,63856,380,5,0,0,0,1,237,55,2,2,1,73,30,0,0,1,157,15,0,0,0,0,0,0,0,-1,0,0,0,0,0,1,152,77,704,0,0,-1,0,0,0,0,0,-1,0,0,0,0,0,0,-1,0,0,0,0,0,0,-1,0,0,0,0,0,0,-1,0,0,0,0,0,0,3,32,64,0,3,200,152,0,-1,0,0,0,-1,0,0,-1,0,-1,0,-1,0,-1,0,-1,0,-1,0,-1,0,-1,0,-1,0,-1,0,-1,0,-1,0,-1,0,0,0,4946,3,0,3,119
1380,884,fd,1,144,80,2,336,1056,0,2,2,63854,380,5,0,0,0,1,235,54,2,2,1,71,29,0,0,1,155,14,0,0,0,0,0,0,0,-1,0,0,0,0,0,1,150,75,688,0,0,-1,0,0,0,0,0,-1,0,0,0,0,0,0,-1,0,0,0,0,0,0,-1,0,0,0,0,0,0,-1,0,0,0,0,0,0,3,30,64,0,3,198,152,0,-1,0,0,0,-1,0,0,-1,0,-1,0,-1,0,-1,0,-1,0,-1,0,-1,0,-1,0,-1,0,-1,0,-1,0,-1,0,-1,0,0,0,4945,3,0,3,120
1381,885,fd,1,145,80,2,384,1056,0,2,2,63852,380,5,0,0,0,1,233,53,2,2,1,69,28,0,0,1,153,13,0,0,0,0,0,0,0,-1,0,0,0,0,0,1,148,73,672,0,0,-1,0,0,0,0,0,-1,0,0,0,0,0,0,-1,0,0,0,0,0,0,-1,0,0,0,0,0,0,-1,0,0,0,0,0,0,3,28,64,0,3,196,152,0,-1,0,0,0,-1,0,0,-1,0,-1,0,-1,0,-1,0,-1,0,-1,0,-1,0,-1,0,-1,0,-1,0,-1,0,-1,0,-1,0,0,0,4944,3,0,3,121
1382,886,fd,1,146,80,2,432,1056,0,2,2,63850,380,5,0,0,0,1,231,52,2,2,1,67,27,0,0,1,151,12,0,0,0,0,0,0,0,-1,0,0,0,0,0,1,146,71,656,0,0,-1,0,0,0,0,0,-1,0,0,0,0,0,0,-1,0,0,0,0,0,0,-1,0,0,0,0,0,0,-1,0,0,0,0,0,0,3,26,64,0,3,194,152,0,-1,0,0,0,-1,0,0,-1,0,-1,0,-1,0,-1,0,-1,0,-1,0,-1,0,-1,0,-1,0,-1,0,-1,0,-1,0,-1,0,0,0,4943,3,0,3,122
1383,887,fd,1,147,80,2,480,1056,0,2,2,63848,380,5,0,0,0,1,229,51,2,2,1,65,26,0,0,1,149,11,0,0,0,0,0,0,0,-1,0,0,0,0,0,1,144,69,640,0,0,-1,0,0,0,0,0,-1,0,0,0,0,0,0,-1,0,0,0,0,0,0,-1,0,0,0,0,0,0,-1,0,0,0,0,0,0,3,24,64,0,3,192,152,0,-1,0,0,0,-1,0,0,-1,0,-1,0,-1,0,-1,0,-1,0,-1,0,-1,0,-1,0,-1,0,-1,0,-1,0,-1,0,-1,0,0,0,4942,3,0,3,123
1384,888,fd,1,148,80,2,528,1056,0,2,2,63846,380,5,0,0,0,1,227,50,2,2,1,63,25,0,0,1,147,10,0,0,0,0,0,0,0,-1,0,0,0,0,0,1,142,67,624,0,0,-1,0,0,0,0,0,-1,0,0,0,0,0,0,-1,0,0,0,0,0,0,-1,0,0,0,0,0,0,-1,0,0,0,0,0,0,3,22,64,0,3,190,152,0,-1,0,0,0,-1,0,0,-1,0,-1,0,-1,0,-1,0,-1,0,-1,0,-1,0,-1,0,-1,0,-1,0,-1,0,-1,0,-1,0,0,0,4941,3,0,3,124
1385,889,fd,1,150,80,2,576,1056,0,2,2,63844,380,5,0,0,0,1,225,49,2,2,1,61,24,0,0,1,145,9,0,0,0,0,0,0,0,-1,0,0,0,0,0,1,140,65,608,0,0,-1,0,0,0,0,0,-1,0,0,0,0,0,0,-1,0,0,0,0,0,0,-1,0,0,0,0,0,0,-1,0,0,0,0,0,0,3,20,64,0,3,188,152,0,-1,0,0,0,-1,0,0,-1,0,-1,0,-1,0,-1,0,-1,0,-1,0,-1,0,-1,0,-1,0,-1,0,-1,0,-1,0,-1,0,0,0,4940,3,0,3,125
1386,890,fd,1,152,80,2,624,1056,0,2,2,63842,380,5,0,0,0,1,223,48,2,2,1,59,23,0,0,1,143,8,0,0,0,0,0,0,0,-1,0,0,0,0,0,1,138,63,592,0,0,-1,0,0,0,0,0,-1,0,0,0,0,0,0,-1,0,0,0,0,0,0,-1,0,0,0,0,0,0,-1,0,0,0,0,0,0,3,18,64,0,3,186,152,0,-1,0,0,0,-1,0,0,-1,0,-1,0,-1,0,-1,0,-1,0,-1,0,-1,0,-1,0,-1,0,-1,0,-1,0,-1,0,-1,0,0,0,4939,3,0,3,126
1387,891,fd,1,154,80,2,672,1056,0,2,2,63840,380,5,0,0,0,1,221,47,2,2,1,57,22,0,0,1,141,7,0,0,0,0,0,0,0,-1,0,0,0,0,0,1,136,61,576,0,0,-1,0,0,0,0,0,-1,0,0,0,0,0,0,-1,0,0,0,0,0,0,-1,0,0,0,0,0,0,-1,0,0,0,0,0,0,3,16,64,0,3,184,152,0,-1,0,0,0,-1,0,0,-1,0,-1,0,-1,0,-1,0,-1,0,-1,0,-1,0,-1,0,-1,0,-1,0,-1,0,-1,0,-1,0,0,0,4938,3,0,3,127
1388,892,fd,1,156,80,2,720,1056,0,2,2,63838,380,5,0,0,0,1,219,46,2,2,1,55,21,0,0,1,139,6,0,0,0,0,0,0,0,-1,0,0,0,0,0,1,134,59,560,0,0,-1,0,0,0,0,0,-1,0,0,0,0,0,0,-1,0,0,0,0,0,0,-1,0,0,0,0,0,0,-1,0,0,0,0,0,0,3,14,64,0,3,182,152,0,-1,0,0,0,-1,0,0,-1,0,-1,0,-1,0,-1,0,-1,0,-1,0,-1,0,-1,0,-1,0,-1,0,-1,0,-1,0,-1,0,0,0,4937,3,0,3,128
1389,893,fd,1,158,80,2,768,1056,0,2,2,63836,380,5,0,0,0,1,217,45,2,2,1,53,20,0,0,1,137,5,0,0,0,0,0,0,0,-1,0,0,0,0,0,1,132,57,544,0,0,-1,0,0,0,0,0,-1,0,0,0,0,0,0,-1,0,0,0,0,0,0,-1,0,0,0,0,0,0,-1,0,0,0,0,0,0,3,12,64,0,3,180,152,0,-1,0,0,0,-1,0,0,-1,0,-1,0,-1,0,-1,0,-1,0,-1,0,-1,0,-1,0,-1,0,-1,0,-1,0,-1,0,-1,0,0,0,4936,3,0,3,129
1390,894,fd,1,161,80,2,816,1056,0,2,2,63834,380,5,0,0,0,1,215,44,2,2,1,51,19,0,0,1,135,4,0,0,0,0,0,0,0,-1,0,0,0,0,0,1,130,55,528,0,0,-1,0,0,0,0,0,-1,0,0,0,0,0,0,-1,0,0,0,0,0,0,-1,0,0,0,0,0,0,-1,0,0,0,0,0,0,3,10,64,0,3,178,152,0,-1,0,0,0,-1,0,0,-1,0,-1,0,-1,0,-1,0,-1,0,-1,0,-1,0,-1,0,-1,0,-1,0,-1,0,-1,0,-1,0,0,0,4935,3,0,3,130
1391,895,fd,1,164,80,2,864,1056,0,2,2,63832,380,5,0,0,0,1,213,43,2,2,1,49,18,0,0,1,133,3,0,0,0,0,0,0,0,-1,0,0,0,0,0,1,128,53,512,0,0,-1,0,0,0,0,0,-1,0,0,0,0,0,0,-1,0,0,0,0,0,0,-1,0,0,0,0,0,0,-1,0,0,0,0,0,0,3,8,64,0,3,176,152,0,-1,0,0,0,-1,0,0,-1,0,-1,0,-1,0,-1,0,-1,0,-1,0,-1,0,-1,0,-1,0,-1,0,-1,0,-1,0,-1,0,0,0,4934,3,0,3,131
1392,896,fd,1,167,80,2,912,1056,0,2,2,63830,380,5,0,0,0,1,211,42,2,2,1,47,17,0,0,1,131,2,0,0,0,0,0,0,0,-1,0,0,0,0,0,1,126,51,496,0,0,-1,0,0,0,0,0,-1,0,0,0,0,0,0,-1,0,0,0,0,0,0,-1,0,0,0,0,0,0,-1,0,0,0,0,0,0,3,6,64,0,3,174,152,0,-1,0,0,0,-1,0,0,-1,0,-1,0,-1,0,-1,0,-1,0,-1,0,-1,0,-1,0,-1,0,-1,0,-1,0,-1,0,-1,0,0,0,4933,3,0,3,132
1393,897,fd,1,170,80,2,960,1056,0,2,2,63828,380,5,0,0,0,1,209,41,2,2,1,45,16,0,0,1,129,1,0,0,0,0,0,0,0,-1,0,0,0,0,0,1,125,49,480,0,0,-1,0,0,0,0,0,-1,0,0,0,0,0,0,-1,0,0,0,0,0,0,-1,0,0,0,0,0,0,-1,0,0,0,0,0,0,3,4,64,0,3,172,152,0,-1,0,0,0,-1,0,0,-1,0,-1,0,-1,0,-1,0,-1,0,-1,0,-1,0,-1,0,-1,0,-1,0,-1,0,-1,0,-1,0,0,0,4932,3,0,3,133
1394,898,fd,1,173,80,2,1008,1056,0,2,2,63826,380,5,0,0,0,1,207,40,2,2,1,43,15,0,0,1,127,57,0,0,0,0,0,0,0,0,210,131,0,0,7,1,124,47,464,0,0,-1,0,0,0,0,0,-1,0,0,0,0,0,0,-1,0,0,0,0,0,0,-1,0,0,0,0,0,0,-1,0,0,0,0,0,0,3,2,64,0,3,170,152,0,-1,0,0,0,-1,0,0,-1,0,-1,0,-1,0,-1,0,-1,0,-1,0,-1,0,-1,0,-1,0,-1,0,-1,0,-1,0,-1,0,0,0,4931,3,0,3,134
1395,899,fd,1,180,80,1,960,960,0,2,2,63824,400,5,0,0,8,1,205,39,2,2,1,41,14,0,0,1,125,56,0,0,0,0,0,0,0,0,210,129,0,0,6,1,123,45,448,0,0,-1,0,0,0,0,0,-1,0,0,0,0,0,0,-1,0,0,0,0,0,0,-1,0,0,0,0,0,0,-1,0,0,0,0,0,0,3,0,64,0,3,168,152,0,-1,0,0,0,-1,0,0,-1,0,-1,0,-1,0,-1,0,-1,0,-1,0,-1,0,-1,0,-1,0,-1,0,-1,0,-1,0,-1,0,0,0,4930,3,0,3,135
1396,900,fd,1,177,80,1,912,960,0,2,2,63822,400,5,0,0,7,1,203,38,2,2,1,39,13,0,0,1,123,55,0,0,0,0,0,0,0,0,210,127,0,0,5,1,122,43,432,0,0,-1,0,0,0,0,0,-1,0,0,0,0,0,0,-1,0,0,0,0,0,0,-1,0,0,0,0,0,0,-1,0,0,0,0,0,0,3,254,64,0,3,166,152,0,-1,0,0,0,-1,0,0,-1,0,-1,0,-1,0,-1,0,-1,0,-1,0,-1,0,-1,0,-1,0,-1,0,-1,0,-1,0,-1,0,0,0,4929,3,0,3,136
1397,901,fd,1,174,80,1,864,960,0,2,2,63820,400,5,0,0,6,1,201,37,2,2,1,37,12,0,0,1,121,54,0,0,0,0,0,0,0,0,210,125,0,0,4,1,121,41,416,0,0,-1,0,0,0,0,0,-1,0,0,0,0,0,0,-1,0,0,0,0,0,0,-1,0,0,0,0,0,0,-1,0,0,0,0,0,0,3,252,64,0,3,164,152,0,-1,0,0,0,-1,0,0,-1,0,-1,0,-1,0,-1,0,-1,0,-1,0,-1,0,-1,0,-1,0,-1,0,-1,0,-1,0,-1,0,0,0,4928,3,0,3,137
1398,902,fd,1,171,80,1,816,960,0,2,2,63818,400,5,0,0,5,1,199,36,2,2,1,35,11,0,0,1,119,53,0,0,0,0,0,0,0,0,210,123,0,0,3,1,120,39,400,0,0,-1,0,0,0,0,0,-1,0,0,0,0,0,0,-1,0,0,0,0,0,0,-1,0,0,0,0,0,0,-1,0,0,0,0,0,0,3,250,64,0,3,162,152,0,-1,0,0,0,-1,0,0,-1,0,-1,0,-1,0,-1,0,-1,0,-1,0,-1,0,-1,0,-1,0,-1,0,-1,0,-1,0,-1,0,0,0,4927,3,0,3,138
1399,903,fd,1,168,80,1,768,960,0,2,2,63816,400,5,0,0,4,1,197,35,2,2,1,33,10,0,0,1,117,52,0,0,0,0,0,0,0,0,210,121,0,0,2,1,119,37,384,0,0,-1,0,0,0,0,0,-1,0,0,0,0,0,0,-1,0,0,0,0,0,0,-1,0,0,0,0,0,0,-1,0,0,0,0,0,0,3,248,64,0,3,160,152,0,-1,0,0,0,-1,0,0,-1,0,-1,0,-1,0,-1,0,-1,0,-1,0,-1,0,-1,0,-1,0,-1,0,-1,0,-1,0,-1,0,0,0,4926,3,0,3,139
1400,904,fd,1,165,80,1,720,960,0,2,2,63814,400,5,0,0,3,1,195,34,2,2,1,31,9,0,0,1,115,51,0,0,0,0,0,0,0,0,210,119,0,0,1,1,118,35,368,0,0,-1,0,0,0,0,0,-1,0,0,0,0,0,0,-1,0,0,0,0,0,0,-1,0,0,0,0,0,0,-1,0,0,0,0,0,0,3,246,64,0,3,158,152,0,-1,0,0,0,-1,0,0,-1,0,-1,0,-1,0,-1,0,-1,0,-1,0,-1,0,-1,0,-1,0,-1,0,-1,0,-1,0,-1,0,0,0,4925,3,0,3,140
1401,905,fd,1,163,80,1,672,960,0,2,2,63812,400,6,0,0,2,1,193,33,2,2,1,29,8,0,0,1,113,50,0,0,0,0,0,0,0,1,210,117,1024,0,0,1,117,33,352,0,0,-1,0,0,0,0,0,-1,0,0,0,0,0,0,-1,0,0,0,0,0,0,-1,0,0,0,0,0,0,-1,0,0,0,0,0,0,-1,0,0,0,3,156,152,0,-1,0,0,0,-1,0,0,-1,0,-1,0,-1,0,-1,0,-1,0,-1,0,-1,0,-1,0,-1,0,-1,0,-1,0,-1,0,-1,0,0,0,4924,3,0,3,141
1402,906,fd,1,161,80,1,624,960,0,2,2,63810,400,6,0,0,1,1,191,32,2,2,1,27,7,0,0,1,111,49,0,0,0,0,0,0,0,1,206,115,1008,0,0,1,116,31,336,0,0,-1,0,0,0,0,0,-1,0,0,0,0,0,0,-1,0,0,0,0,0,0,-1,0,0,0,0,0,0,-1,0,0,0,0,0,0,-1,0,0,0,3,154,152,0,-1,0,0,0,-1,0,0,-1,0,-1,0,-1,0,-1,0,-1,0,-1,0,-1,0,-1,0,-1,0,-1,0,-1,0,-1,0,-1,0,0,0,4923,3,0,3,142
1403,907,fd,1,159,80,1,576,960,0,2,2,63808,400,6,0,0,0,1,189,31,2,2,1,25,6,0,0,1,109,48,0,0,0,0,0,0,0,1,203,113,992,0,0,1,115,29,320,0,0,-1,0,0,0,0,0,-1,0,0,0,0,0,0,-1,0,0,0,0,0,0,-1,0,0,0,0,0,0,-1,0,0,0,0,0,0,-1,0,0,0,3,152,152,0,-1,0,0,0,-1,0,0,-1,0,-1,0,-1,0,-1,0,-1,0,-1,0,-1,0,-1,0,-1,0,-1,0,-1,0,-1,0,-1,0,0,0,4922,3,0,3,143
1404,908,fd,1,157,80,1,528,960,0,2,2,63806,400,6,0,0,0,1,187,30,2,2,1,23,5,0,0,1,107,47,0,0,0,0,0,0,0,1,200,111,976,0,0,1,114,27,304,0,0,-1,0,0,0,0,0,-1,0,0,0,0,0,0,-1,0,0,0,0,0,0,-1,0,0,0,0,0,0,-1,0,0,0,0,0,0,-1,0,0,0,3,150,152,0,-1,0,0,0,-1,0,0,-1,0,-1,0,-1,0,-1,0,-1,0,-1,0,-1,0,-1,0,-1,0,-1,0,-1,0,-1,0,-1,0,0,0,4921,3,0,3,144
1405,909,fd,1,155,80,1,480,960,0,2,2,63804,400,6,0,0,0,1,185,29,2,2,1,21,4,0,0,1,105,46,0,0,0,0,0,0,0,1,197,109,960,0,0,1,113,25,288,0,0,-1,0,0,0,0,0,-1,0,0,0,0,0,0,-1,0,0,0,0,0,0,-1,0,0,0,0,0,0,-1,0,0,0,0,0,0,-1,0,0,0,3,148,152,0,-1,0,0,0,-1,0,0,-1,0,-1,0,-1,0,-1,0,-1,0,-1,0,-1,0,-1,0,-1,0,-1,0,-1,0,-1,0,-1,0,0,0,4920,3,0,3,145
1406,910,fd,1,154,80,1,432,960,0,2,2,63802,400,6,0,0,0,1,183,28,2,2,1,19,3,0,0,1,103,45,0,0,0,0,0,0,0,1,194,107,944,0,0,1,112,23,272,0,0,-1,0,0,0,0,0,-1,0,0,0,0,0,0,-1,0,0,0,0,0,0,-1,0,0,0,0,0,0,-1,0,0,0,0,0,0,-1,0,0,0,3,146,152,0,-1,0,0,0,-1,0,0,-1,0,-1,0,-1,0,-1,0,-1,0,-1,0,-1,0,-1,0,-1,0,-1,0,-1,0,-1,0,-1,0,0,0,4919,3,0,3,146
1407,911,fd,1,153,80,1,384,960,0,2,2,63800,400,6,0,0,0,1,181,27,2,2,1,17,2,0,0,1,101,44,0,0,0,0,0,0,0,1,191,105,928,0,0,1,111,21,256,0,0,-1,0,0,0,0,0,-1,0,0,0,0,0,0,-1,0,0,0,0,0,0,-1,0,0,0,0,0,0,-1,0,0,0,0,0,0,-1,0,0,0,3,144,152,0,-1,0,0,0,-1,0,0,-1,0,-1,0,-1,0,-1,0,-1,0,-1,0,-1,0,-1,0,-1,0,-1,0,-1,0,-1,0,-1,0,0,0,4918,3,0,3,147
1408,912,fd,1,152,80,1,336,960,0,2,2,63798,400,6,0,0,0,1,179,26,2,2,1,15,1,0,0,1,99,43,0,0,0,0,0,0,0,1,188,103,912,0,0,1,110,19,240,0,0,-1,0,0,0,0,0,-1,0,0,0,0,0,0,-1,0,0,0,0,0,0,-1,0,0,0,0,0,0,-1,0,0,0,0,0,0,-1,0,0,0,3,142,152,0,-1,0,0,0,-1,0,0,-1,0,-1,0,-1,0,-1,0,-1,0,-1,0,-1,0,-1,0,-1,0,-1,0,-1,0,-1,0,-1,0,0,0,4917,3,0,3,148
1409,913,fd,1,151,80,1,288,960,0,2,2,63796,400,6,0,0,0,1,177,25,2,2,1,13,57,0,0,1,97,42,0,0,0,0,0,0,0,1,185,101,896,0,0,1,110,17,0,1,8,0,210,17,0,0,7,-1,0,0,0,0,0,0,-1,0,0,0,0,0,0,-1,0,0,0,0,0,0,-1,0,0,0,0,0,0,-1,0,0,0,3,140,152,0,-1,0,0,0,-1,0,0,-1,0,-1,0,-1,0,-1,0,-1,0,-1,0,-1,0,-1,0,-1,0,-1,0,-1,0,-1,0,-1,0,0,0,4916,3,0,3,149
1410,914,fd,1,150,80,1,240,960,0,2,2,63794,400,6,0,0,0,1,175,24,2,2,1,11,56,0,0,1,95,41,0,0,0,0,0,0,0,1,182,99,880,0,0,1,110,15,0,1,7,0,210,15,0,0,6,-1,0,0,0,0,0,0,-1,0,0,0,0,0,0,-1,0,0,0,0,0,0,-1,0,0,0,0,0,0,-1,0,0,0,3,138,152,0,-1,0,0,0,-1,0,0,-1,0,-1,0,-1,0,-1,0,-1,0,-1,0,-1,0,-1,0,-1,0,-1,0,-1,0,-1,0,-1,0,0,0,4915,3,0,3,150
1411,915,fd,1,150,80,1,192,960,0,2,2,63792,400,6,0,0,0,1,173,23,2,2,1,9,55,0,0,1,93,40,0,0,0,0,0,0,0,1,179,97,864,0,0,1,110,13,0,1,6,0,210,13,0,0,5,-1,0,0,0,0,0,0,-1,0,0,0,0,0,0,-1,0,0,0,0,0,0,-1,0,0,0,0,0,0,-1,0,0,0,3,136,152,0,-1,0,0,0,-1,0,0,-1,0,-1,0,-1,0,-1,0,-1,0,-1,0,-1,0,-1,0,-1,0,-1,0,-1,0,-1,0,-1,0,0,0,4914,3,0,3,151
1412,916,fd,1,150,80,1,144,960,0,2,2,63790,400,6,0,0,0,1,171,22,2,2,1,7,54,0,0,1,91,39,0,0,0,0,0,0,0,1,176,95,848,0,0,1,110,11,0,1,5,0,210,11,0,0,4,-1,0,0,0,0,0,0,-1,0,0,0,0,0,0,-1,0,0,0,0,0,0,-1,0,0,0,0,0,0,-1,0,0,0,3,134,152,0,-1,0,0,0,-1,0,0,-1,0,-1,0,-1,0,-1,0,-1,0,-1,0,-1,0,-1,0,-1,0,-1,0,-1,0,-1,0,-1,0,0,0,4913,3,0,3,152
1413,917,fd,1,150,80,1,96,960,0,2,2,63788,400,6,0,0,0,1,169,21,2,2,1,5,53,0,0,1,89,38,0,0,0,0,0,0,0,1,173,93,832,0,0,1,110,9,0,1,4,0,210,9,0,0,3,-1,0,0,0,0,0,0,-1,0,0,0,0,0,0,-1,0,0,0,0,0,0,-1,0,0,0,0,0,0,-1,0,0,0,3,132,152,0,-1,0,0,0,-1,0,0,-1,0,-1,0,-1,0,-1,0,-1,0,-1,0,-1,0,-1,0,-1,0,-1,0,-1,0,-1,0,-1,0,0,0,4912,3,0,3,153
1414,918,fd,1,150,80,1,48,960,0,2,2,63786,400,6,0,0,0,1,167,20,2,2,1,3,52,0,0,1,87,37,0,0,0,0,0,0,0,1,170,91,816,0,0,1,110,7,0,1,3,0,210,7,0,0,2,-1,0,0,0,0,0,0,-1,0,0,0,0,0,0,-1,0,0,0,0,0,0,-1,0,0,0,0,0,0,-1,0,0,0,3,130,152,0,-1,0,0,0,-1,0,0,-1,0,-1,0,-1,0,-1,0,-1,0,-1,0,-1,0,-1,0,-1,0,-1,0,-1,0,-1,0,-1,0,0,0,4911,3,0,3,154
1415,919,fd,1,150,80,2,0,960,0,2,2,63784,400,6,0,0,0,1,165,19,2,2,1,1,51,0,0,1,85,36,0,0,0,0,0,0,0,1,167,89,800,0,0,1,110,5,0,1,2,0,210,5,0,0,1,-1,0,0,0,0,0,0,-1,0,0,0,0,0,0,-1,0,0,0,0,0,0,-1,0,0,0,0,0,0,-1,0,0,0,3,128,152,0,-1,0,0,0,-1,0,0,-1,0,-1,0,-1,0,-1,0,-1,0,-1,0,-1,0,-1,0,-1,0,-1,0,-1,0,-1,0,-1,0,0,0,4910,3,0,3,155
1416,920,fd,1,150,80,2,48,960,0,2,2,63782,400,6,0,0,0,1,163,18,2,2,1,255,50,0,0,1,83,35,0,0,0,0,0,0,0,1,164,87,784,0,0,1,110,3,0,1,1,1,210,3,1024,0,0,-1,0,0,0,0,0,0,-1,0,0,0,0,0,0,-1,0,0,0,0,0,0,-1,0,0,0,0,0,0,-1,0,0,0,3,126,152,0,-1,0,0,0,-1,0,0,-1,0,-1,0,-1,0,-1,0,-1,0,-1,0,-1,0,-1,0,-1,0,-1,0,-1,0,-1,0,-1,0,0,0,4909,3,0,3,156
1417,921,fd,1,150,80,2,96,960,0,2,2,63780,400,6,0,0,0,1,161,17,2,2,1,253,49,0,0,1,81,34,0,0,0,0,0,0,0,1,161,85,768,0,0,-1,0,0,0,0,0,1,206,1,1008,0,0,-1,0,0,0,0,0,0,-1,0,0,0,0,0,0,-1,0,0,0,0,0,0,-1,0,0,0,0,0,0,-1,0,0,0,3,124,152,0,-1,0,0,0,-1,0,0,-1,0,-1,0,-1,0,-1,0,-1,0,-1,0,-1,0,-1,0,-1,0,-1,0,-1,0,-1,0,-1,0,0,0,4908,3,0,3,157
1418,922,fd,1,150,80,2,144,960,0,2,2,63778,400,6,0,0,0,1,159,16,2,2,1,251,48,0,0,1,79,33,0,0,0,0,0,0,0,1,158,83,752,0,0,-1,0,0,0,0,0,1,203,255,992,0,0,-1,0,0,0,0,0,0,-1,0,0,0,0,0,0,-1,0,0,0,0,0,0,-1,0,0,0,0,0,0,-1,0,0,0,3,122,152,0,-1,0,0,0,-1,0,0,-1,0,-1,0,-1,0,-1,0,-1,0,-1,0,-1,0,-1,0,-1,0,-1,0,-1,0,-1,0,-1,0,0,0,4907,3,0,3,158
1419,923,fd,1,150,80,2,192,960,0,2,2,63776,400,6,0,0,0,1,157,15,2,2,1,249,47,0,0,1,77,32,0,0,0,0,0,0,0,1,156,81,736,0,0,-1,0,0,0,0,0,1,200,253,976,0,0,-1,0,0,0,0,0,0,-1,0,0,0,0,0,0,-1,0,0,0,0,0,0,-1,0,0,0,0,0,0,-1,0,0,0,3,120,152,0,-1,0,0,0,-1,0,0,-1,0,-1,0,-1,0,-1,0,-1,0,-1,0,-1,0,-1,0,-1,0,-1,0,-1,0,-1,0,-1,0,0,0,4906,3,0,3,159
1420,924,fd,1,150,80,2,240,960,0,2,2,63774,400,6,0,0,0,1,155,14,2,2,1,247,46,0,0,1,75,31,0,0,0,0,0,0,0,1,154,79,720,0,0,-1,0,0,0,0,0,1,197,251,960,0,0,-1,0,0,0,0,0,0,-1,0,0,0,0,0,0,-1,0,0,0,0,0,0,-1,0,0,0,0,0,0,-1,0,0,0,3,118,152,0,-1,0,0,0,-1,0,0,-1,0,-1,0,-1,0,-1,0,-1,0,-1,0,-1,0,-1,0,-1,0,-1,0,-1,0,-1,0,-1,0,0,0,4905,3,0,3,160
1421,925,fd,1,150,80,2,288,960,0,2,2,63772,400,6,0,0,0,1,153,13,2,2,1,245,45,0,0,1,73,30,0,0,0,0,0,0,0,1,152,77,704,0,0,-1,0,0,0,0,0,1,194,249,944,0,0,-1,0,0,0,0,0,0,-1,0,0,0,0,0,0,-1,0,0,0,0,0,0,-1,0,0,0,0,0,0,-1,0,0,0,3,116,152,0,-1,0,0,0,-1,0,0,-1,0,-1,0,-1,0,-1,0,-1,0,-1,0,-1,0,-1,0,-1,0,-1,0,-1,0,-1,0,-1,0,0,0,4904,3,0,3,161
1422,926,fd,1,151,80,2,336,960,0,2,2,63770,400,6,0,0,0,1,151,12,2,2,1,243,44,0,0,1,71,29,0,0,0,0,0,0,0,1,150,75,688,0,0,-1,0,0,0,0,0,1,191,247,928,0,0,-1,0,0,0,0,0,0,-1,0,0,0,0,0,0,-1,0,0,0,0,0,0,-1,0,0,0,0,0,0,-1,0,0,0,3,114,152,0,-1,0,0,0,-1,0,0,-1,0,-1,0,-1,0,-1,0,-1,0,-1,0,-1,0,-1,0,-1,0,-1,0,-1,0,-1,0,-1,0,0,0,4903,3,0,3,162
1423,927,fd,1,152,80,2,384,960,0,2,2,63768,400,6,0,0,0,1,149,11,2,2,0,0,0,0,0,1,69,28,0,0,0,0,0,0,0,1,148,73,672,0,0,-1,0,0,0,0,0,1,188,245,912,0,0,-1,0,0,0,0,0,0,-1,0,0,0,0,0,0,-1,0,0,0,0,0,0,-1,0,0,0,0,0,0,-1,0,0,0,3,112,152,0,-1,0,0,0,-1,0,0,-1,0,-1,0,-1,0,-1,0,-1,0,-1,0,-1,0,-1,0,-1,0,-1,0,-1,0,-1,0,-1,0,0,0,4902,3,0,3,163
1424,928,fd,1,153,80,2,432,960,0,2,2,63766,400,6,0,0,0,1,147,10,2,2,0,0,0,0,0,1,67,27,0,0,0,0,0,0,0,1,146,71,656,0,0,-1,0,0,0,0,0,1,185,243,896,0,0,-1,0,0,0,0,0,0,-1,0,0,0,0,0,0,-1,0,0,0,0,0,0,-1,0,0,0,0,0,0,-1,0,0,0,3,110,152,0,-1,0,0,0,-1,0,0,-1,0,-1,0,-1,0,-1,0,-1,0,-1,0,-1,0,-1,0,-1,0,-1,0,-1,0,-1,0,-1,0,0,0,4901,3,0,3,164
1425,929,fd,1,154,80,2,480,960,0,2,2,63764,400,6,0,0,0,1,145,9,2,2,0,0,0,0,0,1,65,26,0,0,0,0,0,0,0,1,144,69,640,0,0,-1,0,0,0,0,0,-1,0,0,0,0,0,-1,0,0,0,0,0,0,-1,0,0,0,0,0,0,-1,0,0,0,0,0,0,-1,0,0,0,0,0,0,-1,0,0,0,3,108,152,0,-1,0,0,0,-1,0,0,-1,0,-1,0,-1,0,-1,0,-1,0,-1,0,-1,0,-1,0,-1,0,-1,0,-1,0,-1,0,-1,0,0,0,4900,3,0,3,165
1426,930,fd,1,155,80,2,528,960,0,2,2,63762,400,6,0,0,0,1,143,8,2,2,0,0,0,0,0,1,63,25,0,0,0,0,0,0,0,1,142,67,624,0,0,-1,0,0,0,0,0,-1,0,0,0,0,0,-1,0,0,0,0,0,0,-1,0,0,0,0,0,0,-1,0,0,0,0,0,0,-1,0,0,0,0,0,0,-1,0,0,0,3,106,152,0,-1,0,0,0,-1,0,0,-1,0,-1,0,-1,0,-1,0,-1,0,-1,0,-1,0,-1,0,-1,0,-1,0,-1,0,-1,0,-1,0,0,0,4899,3,0,3,166
1427,931,fd,1,157,80,2,576,960,0,2,2,63760,400,6,0,0,0,1,141,7,2,2,0,0,0,0,0,1,61,24,0,0,0,0,0,0,0,1,140,65,608,0,0,-1,0,0,0,0,0,-1,0,0,0,0,0,-1,0,0,0,0,0,0,-1,0,0,0,0,0,0,-1,0,0,0,0,0,0,-1,0,0,0,0,0,0,-1,0,0,0,3,104,152,0,-1,0,0,0,-1,0,0,-1,0,-1,0,-1,0,-1,0,-1,0,-1,0,-1,0,-1,0,-1,0,-1,0,-1,0,-1,0,-1,0,0,0,4898,3,0,3,167
1428,932,fd,1,159,80,2,624,960,0,2,2,63758,400,6,0,0,0,1,139,6,2,2,0,0,0,0,0,1,59,23,0,0,0,0,0,0,0,1,138,63,592,0,0,-1,0,0,0,0,0,-1,0,0,0,0,0,-1,0,0,0,0,0,0,-1,0,0,0,0,0,0,-1,0,0,0,0,0,0,-1,0,0,0,0,0,0,-1,0,0,0,3,102,152,0,-1,0,0,0,-1,0,0,-1,0,-1,0,-1,0,-1,0,-1,0,-1,0,-1,0,-1,0,-1,0,-1,0,-1,0,-1,0,-1,0,0,0,4897,3,0,3,168
1429,933,fd,1,161,80,2,672,960,0,2,2,63756,400,6,0,0,0,1,137,5,2,2,0,0,0,0,0,1,57,22,0,0,0,0,0,0,0,1,136,61,576,0,0,-1,0,0,0,0,0,-1,0,0,0,0,0,-1,0,0,0,0,0,0,-1,0,0,0,0,0,0,-1,0,0,0,0,0,0,-1,0,0,0,0,0,0,-1,0,0,0,3,100,152,0,-1,0,0,0,-1,0,0,-1,0,-1,0,-1,0,-1,0,-1,0,-1,0,-1,0,-1,0,-1,0,-1,0,-1,0,-1,0,-1,0,0,0,4896,3,0,3,169
1430,934,fd,1,163,80,2,720,960,0,2,2,63754,400,6,0,0,0,1,135,4,2,2,0,0,0,0,0,1,55,21,0,0,0,0,0,0,0,1,134,59,560,0,0,-1,0,0,0,0,0,-1,0,0,0,0,0,-1,0,0,0,0,0,0,-1,0,0,0,0,0,0,-1,0,0,0,0,0,0,-1,0,0,0,0,0,0,-1,0,0,0,3,98,152,0,-1,0,0,0,-1,0,0,-1,0,-1,0,-1,0,-1,0,-1,0,-1,0,-1,0,-1,0,-1,0,-1,0,-1,0,-1,0,-1,0,0,0,4895,3,0,3,170
1431,935,fd,1,165,80,2,768,960,0,2,2,63752,400,6,0,0,0,1,133,3,2,2,0,0,0,0,0,1,53,20,0,0,0,0,0,0,0,1,132,57,544,0,0,-1,0,0,0,0,0,-1,0,0,0,0,0,-1,0,0,0,0,0,0,-1,0,0,0,0,0,0,-1,0,0,0,0,0,0,-1,0,0,0,0,0,0,-1,0,0,0,3,96,152,0,-1,0,0,0,-1,0,0,-1,0,-1,0,-1,0,-1,0,-1,0,-1,0,-1,0,-1,0,-1,0,-1,0,-1,0,-1,0,-1,0,0,0,4894,3,0,3,171
1432,936,fd,1,168,80,2,816,960,0,2,2,63750,400,6,0,0,0,1,131,2,2,2,0,0,0,0,0,1,51,19,0,0,0,0,0,0,0,1,130,55,528,0,0,-1,0,0,0,0,0,-1,0,0,0,0,0,-1,0,0,0,0,0,0,-1,0,0,0,0,0,0,-1,0,0,0,0,0,0,-1,0,0,0,0,0,0,-1,0,0,0,3,94,152,0,-1,0,0,0,-1,0,0,-1,0,-1,0,-1,0,-1,0,-1,0,-1,0,-1,0,-1,0,-1,0,-1,0,-1,0,-1,0,-1,0,0,0,4893,3,0,3,172
1433,937,fd,1,171,80,2,864,960,0,2,2,63748,400,6,0,0,0,1,129,1,2,2,0,0,0,0,0,1,49,18,0,0,0,0,0,0,0,1,128,53,512,0,0,-1,0,0,0,0,0,-1,0,0,0,0,0,-1,0,0,0,0,0,0,-1,0,0,0,0,0,0,-1,0,0,0,0,0,0,-1,0,0,0,0,0,0,-1,0,0,0,3,92,152,0,-1,0,0,0,-1,0,0,-1,0,-1,0,-1,0,-1,0,-1,0,-1,0,-1,0,-1,0,-1,0,-1,0,-1,0,-1,0,-1,0,0,0,4892,3,0,3,173
1434,938,fd,1,174,80,2,912,960,0,2,2,63746,400,6,0,0,0,1,127,57,1,2,0,0,0,0,0,1,47,17,0,0,0,0,0,0,0,1,126,51,496,0,0,-1,0,0,0,0,0,-1,0,0,0,0,0,0,204,127,1008,0,32,8,-1,0,0,0,0,0,0,-1,0,0,0,0,0,0,-1,0,0,0,0,0,0,-1,0,0,0,3,90,152,0,-1,0,0,0,-1,0,0,-1,0,-1,0,-1,0,-1,0,-1,0,-1,0,-1,0,-1,0,-1,0,-1,0,-1,0,-1,0,-1,0,0,0,4891,3,0,3,174
1435,939,fd,1,180,80,1,1056,1056,0,2,2,63744,420,6,0,0,8,1,125,56,1,2,0,0,0,0,0,1,45,16,0,0,0,0,0,0,0,1,125,49,480,0,0,-1,0,0,0,0,0,-1,0,0,0,0,0,0,201,125,992,0,64,8,-1,0,0,0,0,0,0,-1,0,0,0,0,0,0,-1,0,0,0,0,0,0,-1,0,0,0,3,88,152,0,-1,0,0,0,-1,0,0,-1,0,-1,0,-1,0,-1,0,-1,0,-1,0,-1,0,-1,0,-1,0,-1,0,-1,0,-1,0,-1,0,0,0,4890,3,0,3,175
1436,940,fd,1,176,80,1,1008,1056,0,2,2,63742,420,6,0,0,7,1,123,55,1,2,0,0,0,0,0,1,43,15,0,0,0,0,0,0,0,1,124,47,464,0,0,-1,0,0,0,0,0,-1,0,0,0,0,0,0,198,123,976,0,96,8,-1,0,0,0,0,0,0,-1,0,0,0,0,0,0,-1,0,0,0,0,0,0,-1,0,0,0,3,86,152,0,-1,0,0,0,-1,0,0,-1,0,-1,0,-1,0,-1,0,-1,0,-1,0,-1,0,-1,0,-1,0,-1,0,-1,0,-1,0,-1,0,0,0,4889,3,0,3,176
1437,941,fd,1,173,82,1,960,1056,0,2,2,63742,420,6,0,0,6,1,123,54,1,2,0,0,0,0,0,1,43,14,0,0,0,0,0,0,0,1,123,47,448,0,0,-1,0,0,0,0,0,-1,0,0,0,0,0,0,195,123,960,0,128,8,-1,0,0,0,0,0,0,-1,0,0,0,0,0,0,-1,0,0,0,0,0,0,-1,0,0,0,3,86,152,0,-1,0,0,0,-1,0,0,-1,0,-1,0,-1,0,-1,0,-1,0,-1,0,-1,0,-1,0,-1,0,-1,0,-1,0,-1,0,-1,0,0,0,4888,3,0,3,177
1438,942,fd,1,170,84,1,912,1056,0,2,2,63742,420,6,0,0,5,1,123,53,1,2,0,0,0,0,0,1,43,13,0,0,0,0,0,0,0,1,122,47,432,0,0,-1,0,0,0,0,0,-1,0,0,0,0,0,0,192,123,944,0,160,8,-1,0,0,0,0,0,0,-1,0,0,0,0,0,0,-1,0,0,0,0,0,0,-1,0,0,0,3,86,152,0,-1,0,0,0,-1,0,0,-1,0,-1,0,-1,0,-1,0,-1,0,-1,0,-1,0,-1,0,-1,0,-1,0,-1,0,-1,0,-1,0,0,0,4887,3,0,3,178
1439,943,fd,1,167,86,1,864,1056,0,2,2,63742,420,6,0,0,4,1,123,52,1,2,0,0,0,0,0,1,43,12,0,0,0,0,0,0,0,1,121,47,416,0,0,-1,0,0,0,0,0,-1,0,0,0,0,0,0,189,123,928,0,192,8,-1,0,0,0,0,0,0,-1,0,0,0,0,0,0,-1,0,0,0,0,0,0,-1,0,0,0,3,86,152,0,-1,0,0,0,-1,0,0,-1,0,-1,0,-1,0,-1,0,-1,0,-1,0,-1,0,-1,0,-1,0,-1,0,-1,0,-1,0,-1,0,0,0,4886,3,0,3,179
1440,944,fd,1,164,88,1,816,1056,0,2,2,63742,420,6,0,0,3,1,123,51,1,2,0,0,0,0,0,1,43,11,0,0,0,0,0,0,0,1,120,47,400,0,0,-1,0,0,0,0,0,-1,0,0,0,0,0,0,186,123,912,0,224,8,-1,0,0,0,0,0,0,-1,0,0,0,0,0,0,-1,0,0,0,0,0,0,-1,0,0,0,3,86,152,0,-1,0,0,0,-1,0,0,-1,0,-1,0,-1,0,-1,0,-1,0,-1,0,-1,0,-1,0,-1,0,-1,0,-1,0,-1,0,-1,0,0,0,4885,3,0,3,180
1441,945,fd,1,161,90,1,768,1056,0,2,2,63742,420,6,0,0,2,1,123,50,1,2,0,0,0,0,0,1,43,10,0,0,0,0,0,0,0,1,119,47,384,0,0,-1,0,0,0,0,0,-1,0,0,0,0,0,0,183,124,896,0,0,8,-1,0,0,0,0,0,0,-1,0,0,0,0,0,0,-1,0,0,0,0,0,0,-1,0,0,0,3,86,152,0,-1,0,0,0,-1,0,0,-1,0,-1,0,-1,0,-1,0,-1,0,-1,0,-1,0,-1,0,-1,0,-1,0,-1,0,-1,0,-1,0,0,0,4884,3,0,3,181
1442,946,fd,1,158,92,1,720,1056,0,2,2,63742,420,6,0,0,1,1,123,49,1,2,0,0,0,0,0,1,43,9,0,0,0,0,0,0,0,1,118,47,368,0,0,-1,0,0,0,0,0,-1,0,0,0,0,0,0,180,124,880,0,32,8,-1,0,0,0,0,0,0,-1,0,0,0,0,0,0,-1,0,0,0,0,0,0,-1,0,0,0,3,86,152,0,-1,0,0,0,-1,0,0,-1,0,-1,0,-1,0,-1,0,-1,0,-1,0,-1,0,-1,0,-1,0,-1,0,-1,0,-1,0,-1,0,0,0,4883,3,0,3,182
1443,947,fd,1,156,94,1,672,1056,0,2,2,63742,420,6,0,0,0,1,123,48,1,2,0,0,0,0,0,1,43,8,0,0,0,0,0,0,0,1,117,47,352,0,0,-1,0,0,0,0,0,-1,0,0,0,0,0,0,177,124,864,0,64,8,-1,0,0,0,0,0,0,-1,0,0,0,0,0,0,-1,0,0,0,0,0,0,-1,0,0,0,3,86,152,0,-1,0,0,0,-1,0,0,-1,0,-1,0,-1,0,-1,0,-1,0,-1,0,-1,0,-1,0,-1,0,-1,0,-1,0,-1,0,-1,0,0,0,4882,3,0,3,183
1444,948,fd,1,154,96,1,624,1056,0,2,2,63742,420,6,0,0,0,1,123,47,1,2,0,0,0,0,0,1,43,7,0,0,0,0,0,0,0,1,116,47,336,0,0,-1,0,0,0,0,0,-1,0,0,0,0,0,0,174,124,848,0,96,8,-1,0,0,0,0,0,0,-1,0,0,0,0,0,0,-1,0,0,0,0,0,0,-1,0,0,0,3,86,152,0,-1,0,0,0,-1,0,0,-1,0,-1,0,-1,0,-1,0,-1,0,-1,0,-1,0,-1,0,-1,0,-1,0,-1,0,-1,0,-1,0,0,0,4881,3,0,3,184
1445,949,fd,1,152,98,1,576,1056,0,2,2,63742,420,6,0,0,0,1,123,46,1,2,0,0,0,0,0,1,43,6,0,0,0,0,0,0,0,1,115,47,320,0,0,-1,0,0,0,0,0,-1,0,0,0,0,0,0,171,124,832,0,128,8,-1,0,0,0,0,0,0,-1,0,0,0,0,0,0,-1,0,0,0,0,0,0,-1,0,0,0,3,86,152,0,-1,0,0,0,-1,0,0,-1,0,-1,0,-1,0,-1,0,-1,0,-1,0,-1,0,-1,0,-1,0,-1,0,-1,0,-1,0,-1,0,0,0,4880,3,0,3,185
1446,950,fd,1,150,100,1,528,1056,0,2,2,63742,420,6,0,0,0,1,123,45,1,2,0,0,0,0,0,1,43,5,0,0,0,0,0,0,0,1,114,47,304,0,0,-1,0,0,0,0,0,-1,0,0,0,0,0,0,168,124,816,0,160,8,-1,0,0,0,0,0,0,-1,0,0,0,0,0,0,-1,0,0,0,0,0,0,-1,0,0,0,3,86,152,0,-1,0,0,0,-1,0,0,-1,0,-1,0,-1,0,-1,0,-1,0,-1,0,-1,0,-1,0,-1,0,-1,0,-1,0,-1,0,-1,0,0,0,4879,3,0,3,186
1447,951,fd,1,148,102,1,480,1056,0,2,2,63742,420,6,0,0,0,1,123,44,1,2,0,0,0,0,0,1,43,4,0,0,0,0,0,0,0,1,113,47,288,0,0,-1,0,0,0,0,0,-1,0,0,0,0,0,0,165,124,800,0,192,8,-1,0,0,0,0,0,0,-1,0,0,0,0,0,0,-1,0,0,0,0,0,0,-1,0,0,0,3,86,152,0,-1,0,0,0,-1,0,0,-1,0,-1,0,-1,0,-1,0,-1,0,-1,0,-1,0,-1,0,-1,0,-1,0,-1,0,-1,0,-1,0,0,0,4878,3,0,3,187
1448,952,fd,1,147,104,1,432,1056,0,2,2,63742,420,6,0,0,0,1,123,43,1,2,0,0,0,0,0,1,43,3,0,0,0,0,0,0,0,1,112,47,272,0,0,-1,0,0,0,0,0,-1,0,0,0,0,0,0,162,124,784,0,224,8,-1,0,0,0,0,0,0,-1,0,0,0,0,0,0,-1,0,0,0,0,0,0,-1,0,0,0,3,86,152,0,-1,0,0,0,-1,0,0,-1,0,-1,0,-1,0,-1,0,-1,0,-1,0,-1,0,-1,0,-1,0,-1,0,-1,0,-1,0,-1,0,0,0,4877,3,0,3,188
1449,953,fd,1,146,106,1,384,1056,0,2,2,63742,420,6,0,0,0,1,123,42,1,2,0,0,0,0,0,1,43,2,0,0,0,0,0,0,0,1,111,47,256,0,0,-1,0,0,0,0,0,-1,0,0,0,0,0,0,159,125,768,0,0,8,-1,0,0,0,0,0,0,-1,0,0,0,0,0,0,-1,0,0,0,0,0,0,-1,0,0,0,3,86,152,0,-1,0,0,0,-1,0,0,-1,0,-1,0,-1,0,-1,0,-1,0,-1,0,-1,0,-1,0,-1,0,-1,0,-1,0,-1,0,-1,0,0,0,4876,3,0,3,189
1450,954,fd,1,145,108,1,336,1056,0,2,2,63742,420,6,0,0,0,1,123,41,1,2,0,0,0,0,0,1,43,1,0,0,0,0,0,0,0,1,110,47,240,0,0,-1,0,0,0,0,0,-1,0,0,0,0,0,0,156,125,752,0,32,8,-1,0,0,0,0,0,0,-1,0,0,0,0,0,0,-1,0,0,0,0,0,0,-1,0,0,0,3,86,152,0,-1,0,0,0,-1,0,0,-1,0,-1,0,-1,0,-1,0,-1,0,-1,0,-1,0,-1,0,-1,0,-1,0,-1,0,-1,0,-1,0,0,0,4875,3,0,3,190
1451,955,fd,1,144,110,1,288,1056,0,2,2,63742,420,6,0,0,0,1,123,40,1,2,0,0,0,0,0,1,43,57,0,0,0,0,0,0,0,1,110,47,0,1,8,0,210,47,0,0,7,-1,0,0,0,0,0,0,154,125,736,0,64,8,-1,0,0,0,0,0,0,-1,0,0,0,0,0,0,-1,0,0,0,0,0,0,-1,0,0,0,3,86,152,0,-1,0,0,0,-1,0,0,-1,0,-1,0,-1,0,-1,0,-1,0,-1,0,-1,0,-1,0,-1,0,-1,0,-1,0,-1,0,-1,0,0,0,4874,3,0,3,191
1452,956,fd,1,143,112,1,240,1056,0,2,2,63742,420,6,0,0,0,1,123,39,1,2,0,0,0,0,0,1,43,56,0,0,0,0,0,0,0,1,110,47,0,1,7,0,210,47,0,0,6,-1,0,0,0,0,0,0,152,125,720,0,96,8,-1,0,0,0,0,0,0,-1,0,0,0,0,0,0,-1,0,0,0,0,0,0,-1,0,0,0,3,86,152,0,-1,0,0,0,-1,0,0,-1,0,-1,0,-1,0,-1,0,-1,0,-1,0,-1,0,-1,0,-1,0,-1,0,-1,0,-1,0,-1,0,0,0,4873,3,0,3,192
1453,957,fd,1,143,114,1,192,1056,0,2,2,63742,420,6,0,0,0,1,123,38,1,2,0,0,0,0,0,1,43,55,0,0,0,0,0,0,0,1,110,47,0,1,6,0,210,47,0,0,5,-1,0,0,0,0,0,0,150,125,704,0,128,8,-1,0,0,0,0,0,0,-1,0,0,0,0,0,0,-1,0,0,0,0,0,0,-1,0,0,0,3,86,152,0,-1,0,0,0,-1,0,0,-1,0,-1,0,-1,0,-1,0,-1,0,-1,0,-1,0,-1,0,-1,0,-1,0,-1,0,-1,0,-1,0,0,0,4872,3,0,3,193
1454,958,fd,1,143,116,1,144,1056,0,2,2,63742,420,6,0,0,0,1,123,37,1,2,0,0,0,0,0,1,43,54,0,0,0,0,0,0,0,1,110,47,0,1,5,0,210,47,0,0,4,-1,0,0,0,0,0,0,148,125,688,0,160,8,-1,0,0,0,0,0,0,-1,0,0,0,0,0,0,-1,0,0,0,0,0,0,-1,0,0,0,3,86,152,0,-1,0,0,0,-1,0,0,-1,0,-1,0,-1,0,-1,0,-1,0,-1,0,-1,0,-1,0,-1,0,-1,0,-1,0,-1,0,-1,0,0,0,4871,3,0,3,194
1455,959,fd,1,143,118,1,96,1056,0,2,2,63742,420,6,0,0,0,1,123,36,1,2,0,0,0,0,0,1,43,53,0,0,0,0,0,0,0,1,110,47,0,1,4,0,210,47,0,0,3,-1,0,0,0,0,0,0,146,125,672,0,192,8,-1,0,0,0,0,0,0,-1,0,0,0,0,0,0,-1,0,0,0,0,0,0,-1,0,0,0,3,86,152,0,-1,0,0,0,-1,0,0,-1,0,-1,0,-1,0,-1,0,-1,0,-1,0,-1,0,-1,0,-1,0,-1,0,-1,0,-1,0,-1,0,0,0,4870,3,0,3,195
1456,960,fd,1,143,120,1,48,1056,0,2,2,63742,420,6,0,0,0,1,123,35,1,2,0,0,0,0,0,1,43,52,0,0,0,0,0,0,0,1,110,47,0,1,3,0,210,47,0,0,2,-1,0,0,0,0,0,0,144,125,656,0,224,8,-1,0,0,0,0,0,0,-1,0,0,0,0,0,0,-1,0,0,0,0,0,0,-1,0,0,0,3,86,152,0,-1,0,0,0,-1,0,0,-1,0,-1,0,-1,0,-1,0,-1,0,-1,0,-1,0,-1,0,-1,0,-1,0,-1,0,-1,0,-1,0,0,0,4869,3,0,3,196
1457,961,fd,1,143,122,2,0,1056,0,2,2,63742,420,6,0,0,0,1,123,34,1,2,0,0,0,0,0,1,43,51,0,0,0,0,0,0,0,1,110,47,0,1,2,0,210,47,0,0,1,-1,0,0,0,0,0,0,142,126,640,0,0,8,-1,0,0,0,0,0,0,-1,0,0,0,0,0,0,-1,0,0,0,0,0,0,-1,0,0,0,3,86,152,0,-1,0,0,0,-1,0,0,-1,0,-1,0,-1,0,-1,0,-1,0,-1,0,-1,0,-1,0,-1,0,-1,0,-1,0,-1,0,-1,0,0,0,4868,3,0,3,197
1458,962,fd,1,143,124,2,48,1056,0,2,2,63742,420,6,0,0,0,1,123,33,1,2,0,0,0,0,0,1,43,50,0,0,0,0,0,0,0,1,110,47,0,1,1,1,210,47,1024,0,0,-1,0,0,0,0,0,0,140,126,624,0,32,8,-1,0,0,0,0,0,0,-1,0,0,0,0,0,0,-1,0,0,0,0,0,0,-1,0,0,0,3,86,152,0,-1,0,0,0,-1,0,0,-1,0,-1,0,-1,0,-1,0,-1,0,-1,0,-1,0,-1,0,-1,0,-1,0,-1,0,-1,0,-1,0,0,0,4867,3,0,3,198
1459,963,fd,1,143,126,2,96,1056,0,2,2,63742,420,6,0,0,0,1,123,32,1,2,0,0,0,0,0,1,43,49,0,0,0,0,0,0,0,-1,0,0,0,0,0,1,206,47,1008,0,0,-1,0,0,0,0,0,0,138,126,608,0,64,8,-1,0,0,0,0,0,0,-1,0,0,0,0,0,0,-1,0,0,0,0,0,0,-1,0,0,0,3,86,152,0,-1,0,0,0,-1,0,0,-1,0,-1,0,-1,0,-1,0,-1,0,-1,0,-1,0,-1,0,-1,0,-1,0,-1,0,-1,0,-1,0,0,0,4866,3,0,3,199
1460,964,fd,1,143,128,2,144,1056,0,2,2,63742,420,6,0,0,0,1,123,31,1,2,0,0,0,0,0,1,43,48,0,0,0,0,0,0,0,-1,0,0,0,0,0,1,203,47,992,0,0,-1,0,0,0,0,0,0,136,126,592,0,96,8,-1,0,0,0,0,0,0,-1,0,0,0,0,0,0,-1,0,0,0,0,0,0,-1,0,0,0,3,86,152,0,-1,0,0,0,-1,0,0,-1,0,-1,0,-1,0,-1,0,-1,0,-1,0,-1,0,-1,0,-1,0,-1,0,-1,0,-1,0,-1,0,0,0,4865,3,0,3,200
1461,965,fd,1,143,130,2,192,1056,0,2,2,63742,420,6,0,0,0,1,123,30,1,2,0,0,0,0,0,1,43,47,0,0,0,0,0,0,0,-1,0,0,0,0,0,1,200,47,976,0,0,-1,0,0,0,0,0,0,134,126,576,0,128,8,-1,0,0,0,0,0,0,-1,0,0,0,0,0,0,-1,0,0,0,0,0,0,-1,0,0,0,3,86,152,0,-1,0,0,0,-1,0,0,-1,0,-1,0,-1,0,-1,0,-1,0,-1,0,-1,0,-1,0,-1,0,-1,0,-1,0,-1,0,-1,0,0,0,4864,3,0,3,201
1462,966,fd,1,143,132,2,240,1056,0,2,2,63742,420,6,0,0,0,1,123,29,1,2,0,0,0,0,0,1,43,46,0,0,0,0,0,0,0,-1,0,0,0,0,0,1,197,47,960,0,0,-1,0,0,0,0,0,0,132,126,560,0,160,8,-1,0,0,0,0,0,0,-1,0,0,0,0,0,0,-1,0,0,0,0,0,0,-1,0,0,0,3,86,152,0,-1,0,0,0,-1,0,0,-1,0,-1,0,-1,0,-1,0,-1,0,-1,0,-1,0,-1,0,-1,0,-1,0,-1,0,-1,0,-1,0,0,0,4863,3,0,3,202
1463,967,fd,1,143,134,2,288,1056,0,2,2,63742,420,6,0,0,0,1,123,28,1,2,0,0,0,0,0,1,43,45,0,0,0,0,0,0,0,-1,0,0,0,0,0,1,194,47,944,0,0,-1,0,0,0,0,0,0,130,126,544,0,192,8,-1,0,0,0,0,0,0,-1,0,0,0,0,0,0,-1,0,0,0,0,0,0,-1,0,0,0,3,86,152,0,-1,0,0,0,-1,0,0,-1,0,-1,0,-1,0,-1,0,-1,0,-1,0,-1,0,-1,0,-1,0,-1,0,-1,0,-1,0,-1,0,0,0,4862,3,0,3,203
1464,968,fd,1,144,136,2,336,1056,0,2,2,63742,420,6,0,0,0,1,123,27,1,2,0,0,0,0,0,1,43,44,0,0,0,0,0,0,0,-1,0,0,0,0,0,1,191,47,928,0,0,-1,0,0,0,0,0,0,128,126,528,0,224,8,-1,0,0,0,0,0,0,-1,0,0,0,0,0,0,-1,0,0,0,0,0,0,-1,0,0,0,3,86,152,0,-1,0,0,0,-1,0,0,-1,0,-1,0,-1,0,-1,0,-1,0,-1,0,-1,0,-1,0,-1,0,-1,0,-1,0,-1,0,-1,0,0,0,4861,3,0,3,204
1465,969,fd,1,145,138,2,384,1056,0,2,2,63742,420,6,0,0,0,1,123,26,1,2,0,0,0,0,0,1,43,43,0,0,0,0,0,0,0,-1,0,0,0,0,0,1,188,47,912,0,0,-1,0,0,0,0,0,0,126,127,512,0,0,8,-1,0,0,0,0,0,0,-1,0,0,0,0,0,0,-1,0,0,0,0,0,0,-1,0,0,0,3,86,152,0,-1,0,0,0,-1,0,0,-1,0,-1,0,-1,0,-1,0,-1,0,-1,0,-1,0,-1,0,-1,0,-1,0,-1,0,-1,0,-1,0,0,0,4860,3,0,3,205
1466,970,fd,1,146,140,2,432,1056,0,2,2,63742,420,6,0,0,0,1,123,25,1,2,0,0,0,0,0,1,43,42,0,0,0,0,0,0,0,-1,0,0,0,0,0,1,185,47,896,0,0,-1,0,0,0,0,0,0,124,127,496,0,32,8,-1,0,0,0,0,0,0,-1,0,0,0,0,0,0,-1,0,0,0,0,0,0,-1,0,0,0,3,86,152,0,-1,0,0,0,-1,0,0,-1,0,-1,0,-1,0,-1,0,-1,0,-1,0,-1,0,-1,0,-1,0,-1,0,-1,0,-1,0,-1,0,0,0,4859,3,0,3,206
1467,971,fd,1,147,142,2,480,1056,0,2,2,63742,420,6,0,0,0,1,123,24,1,2,0,0,0,0,0,1,43,41,0,0,0,0,0,0,0,-1,0,0,0,0,0,1,182,47,880,0,0,-1,0,0,0,0,0,0,123,127,480,0,64,8,-1,0,0,0,0,0,0,-1,0,0,0,0,0,0,-1,0,0,0,0,0,0,-1,0,0,0,3,86,152,0,-1,0,0,0,-1,0,0,-1,0,-1,0,-1,0,-1,0,-1,0,-1,0,-1,0,-1,0,-1,0,-1,0,-1,0,-1,0,-1,0,0,0,4858,3,0,3,207
1468,972,fd,1,148,144,2,528,1056,0,2,2,63742,420,6,0,0,0,1,123,23,1,2,0,0,0,0,0,1,43,40,0,0,0,0,0,0,0,-1,0,0,0,0,0,1,179,47,864,0,0,-1,0,0,0,0,0,0,122,127,464,0,96,8,-1,0,0,0,0,0,0,-1,0,0,0,0,0,0,-1,0,0,0,0,0,0,-1,0,0,0,3,86,152,0,-1,0,0,0,-1,0,0,-1,0,-1,0,-1,0,-1,0,-1,0,-1,0,-1,0,-1,0,-1,0,-1,0,-1,0,-1,0,-1,0,0,0,4857,3,0,3,208
1469,973,fd,1,150,146,2,576,1056,0,2,2,63742,420,6,0,0,0,1,123,22,1,2,0,0,0,0,0,1,43,39,0,0,0,0,0,0,0,-1,0,0,0,0,0,1,176,47,848,0,0,-1,0,0,0,0,0,0,121,127,448,0,128,8,-1,0,0,0,0,0,0,-1,0,0,0,0,0,0,-1,0,0,0,0,0,0,-1,0,0,0,3,86,152,0,-1,0,0,0,-1,0,0,-1,0,-1,0,-1,0,-1,0,-1,0,-1,0,-1,0,-1,0,-1,0,-1,0,-1,0,-1,0,-1,0,0,0,4856,3,0,3,209
1470,974,fd,1,152,148,2,624,1056,0,2,2,63742,420,6,0,0,0,1,123,21,1,2,0,0,0,0,0,1,43,38,0,0,0,0,0,0,0,-1,0,0,0,0,0,1,173,47,832,0,0,-1,0,0,0,0,0,0,120,127,432,0,160,8,-1,0,0,0,0,0,0,-1,0,0,0,0,0,0,-1,0,0,0,0,0,0,-1,0,0,0,3,86,152,0,-1,0,0,0,-1,0,0,-1,0,-1,0,-1,0,-1,0,-1,0,-1,0,-1,0,-1,0,-1,0,-1,0,-1,0,-1,0,-1,0,0,0,4855,3,0,3,210
1471,975,fd,1,154,150,2,672,1056,0,2,2,63742,420,6,0,0,0,1,123,20,1,2,0,0,0,0,0,1,43,37,0,0,0,0,0,0,0,-1,0,0,0,0,0,1,170,47,816,0,0,-1,0,0,0,0,0,0,119,127,416,0,192,8,-1,0,0,0,0,0,0,-1,0,0,0,0,0,0,-1,0,0,0,0,0,0,-1,0,0,0,3,86,152,0,-1,0,0,0,-1,0,0,-1,0,-1,0,-1,0,-1,0,-1,0,-1,0,-1,0,-1,0,-1,0,-1,0,-1,0,-1,0,-1,0,0,0,4854,3,0,3,211
1472,976,fd,1,156,152,2,720,1056,0,2,2,63742,420,6,0,0,0,1,123,19,1,2,0,0,0,0,0,1,43,36,0,0,0,0,0,0,0,-1,0,0,0,0,0,1,167,47,800,0,0,-1,0,0,0,0,0,0,118,127,400,0,224,8,-1,0,0,0,0,0,0,-1,0,0,0,0,0,0,-1,0,0,0,0,0,0,-1,0,0,0,3,86,152,0,-1,0,0,0,-1,0,0,-1,0,-1,0,-1,0,-1,0,-1,0,-1,0,-1,0,-1,0,-1,0,-1,0,-1,0,-1,0,-1,0,0,0,4853,3,0,3,212
1473,977,fd,1,158,154,2,768,1056,0,2,2,63742,420,6,0,0,0,1,123,18,1,2,0,0,0,0,0,1,43,35,0,0,0,0,0,0,0,-1,0,0,0,0,0,1,164,47,784,0,0,-1,0,0,0,0,0,0,117,128,384,0,0,8,-1,0,0,0,0,0,0,-1,0,0,0,0,0,0,-1,0,0,0,0,0,0,-1,0,0,0,3,86,152,0,-1,0,0,0,-1,0,0,-1,0,-1,0,-1,0,-1,0,-1,0,-1,0,-1,0,-1,0,-1,0,-1,0,-1,0,-1,0,-1,0,0,0,4852,3,0,3,213
1474,978,fd,1,161,156,2,816,1056,0,2,2,63742,420,6,0,0,0,1,123,17,1,2,0,0,0,0,0,1,43,34,0,0,0,0,0,0,0,-1,0,0,0,0,0,1,161,47,768,0,0,-1,0,0,0,0,0,0,116,128,368,0,32,8,-1,0,0,0,0,0,0,-1,0,0,0,0,0,0,-1,0,0,0,0,0,0,-1,0,0,0,3,86,152,0,-1,0,0,0,-1,0,0,-1,0,-1,0,-1,0,-1,0,-1,0,-1,0,-1,0,-1,0,-1,0,-1,0,-1,0,-1,0,-1,0,0,0,4851,3,0,3,214
1475,979,fd,1,164,158,2,864,1056,0,2,2,63742,420,6,0,0,0,1,123,16,1,2,0,0,0,0,0,1,43,33,0,0,0,0,0,0,0,-1,0,0,0,0,0,1,158,47,752,0,0,-1,0,0,0,0,0,0,115,128,352,0,64,8,-1,0,0,0,0,0,0,-1,0,0,0,0,0,0,-1,0,0,0,0,0,0,-1,0,0,0,3,86,152,0,-1,0,0,0,-1,0,0,-1,0,-1,0,-1,0,-1,0,-1,0,-1,0,-1,0,-1,0,-1,0,-1,0,-1,0,-1,0,-1,0,0,0,4850,3,0,3,215
1476,980,fd,1,167,160,2,912,1056,0,2,2,63742,420,6,0,0,0,1,123,15,1,2,0,0,0,0,0,1,43,32,0,0,0,0,0,0,0,-1,0,0,0,0,0,1,156,47,736,0,0,-1,0,0,0,0,0,0,114,128,336,0,96,8,-1,0,0,0,0,0,0,-1,0,0,0,0,0,0,-1,0,0,0,0,0,0,-1,0,0,0,3,86,152,0,-1,0,0,0,-1,0,0,-1,0,-1,0,-1,0,-1,0,-1,0,-1,0,-1,0,-1,0,-1,0,-1,0,-1,0,-1,0,-1,0,0,0,4849,3,0,3,216
1477,981,fd,1,170,162,2,960,1056,0,2,2,63742,420,6,0,0,0,1,123,14,1,2,0,0,0,0,0,1,43,31,0,0,0,0,0,0,0,-1,0,0,0,0,0,1,154,47,720,0,0,-1,0,0,0,0,0,0,113,128,320,0,128,8,-1,0,0,0,0,0,0,-1,0,0,0,0,0,0,-1,0,0,0,0,0,0,-1,0,0,0,3,86,152,0,-1,0,0,0,-1,0,0,-1,0,-1,0,-1,0,-1,0,-1,0,-1,0,-1,0,-1,0,-1,0,-1,0,-1,0,-1,0,-1,0,0,0,4848,3,0,3,217
1478,982,fd,1,173,164,2,1008,1056,0,2,2,63742,420,6,0,0,0,1,123,13,1,2,0,0,0,0,0,1,43,30,0,0,0,0,0,0,0,-1,0,0,0,0,0,1,152,47,704,0,0,-1,0,0,0,0,0,0,112,128,304,0,160,8,-1,0,0,0,0,0,0,-1,0,0,0,0,0,0,-1,0,0,0,0,0,0,-1,0,0,0,3,86,152,0,-1,0,0,0,-1,0,0,-1,0,-1,0,-1,0,-1,0,-1,0,-1,0,-1,0,-1,0,-1,0,-1,0,-1,0,-1,0,-1,0,0,0,4847,3,0,3,218
1479,983,fd,4,170,170,1,1056,1056,0,2,2,63742,440,6,0,0,8,1,123,12,1,2,0,0,0,0,0,1,43,29,0,0,0,0,0,0,0,-1,0,0,0,0,0,1,150,47,688,0,0,-1,0,0,0,0,0,0,111,128,288,0,192,8,-1,0,0,0,0,0,0,-1,0,0,0,0,0,0,-1,0,0,0,0,0,0,-1,0,0,0,3,86,152,0,-1,0,0,0,-1,0,0,-1,0,-1,0,-1,0,-1,0,-1,0,-1,0,-1,0,-1,0,-1,0,-1,0,-1,0,-1,0,-1,0,0,0,4847,3,0,3,219
1480,984,fd,4,170,170,1,1056,1056,0,2,2,63742,440,6,0,0,7,1,123,11,1,2,0,0,0,0,0,1,43,28,0,0,0,0,0,0,0,-1,0,0,0,0,0,1,148,47,672,0,0,-1,0,0,0,0,0,0,110,128,272,0,224,8,-1,0,0,0,0,0,0,-1,0,0,0,0,0,0,-1,0,0,0,0,0,0,-1,0,0,0,3,86,152,0,-1,0,0,0,-1,0,0,-1,0,-1,0,-1,0,-1,0,-1,0,-1,0,-1,0,-1,0,-1,0,-1,0,-1,0,-1,0,-1,0,0,0,4847,3,0,3,220
1481,985,fd,4,170,170,1,1056,1056,0,2,2,63742,440,6,0,0,6,1,123,10,1,2,0,0,0,0,0,1,43,27,0,0,0,0,0,0,0,-1,0,0,0,0,0,1,146,47,656,0,0,-1,0,0,0,0,0,0,109,129,256,0,0,8,-1,0,0,0,0,0,0,-1,0,0,0,0,0,0,-1,0,0,0,0,0,0,-1,0,0,0,3,86,152,0,-1,0,0,0,-1,0,0,-1,0,-1,0,-1,0,-1,0,-1,0,-1,0,-1,0,-1,0,-1,0,-1,0,-1,0,-1,0,-1,0,0,0,4847,3,0,3,221
1482,986,fd,4,170,170,1,1056,1056,0,2,2,63742,440,6,0,0,5,1,123,9,1,2,0,0,0,0,0,1,43,26,0,0,0,0,0,0,0,-1,0,0,0,0,0,1,144,47,640,0,0,-1,0,0,0,0,0,0,108,129,240,0,32,8,-1,0,0,0,0,0,0,-1,0,0,0,0,0,0,-1,0,0,0,0,0,0,-1,0,0,0,3,86,152,0,-1,0,0,0,-1,0,0,-1,0,-1,0,-1,0,-1,0,-1,0,-1,0,-1,0,-1,0,-1,0,-1,0,-1,0,-1,0,-1,0,0,0,4847,3,0,3,222
1483,987,fd,4,170,170,1,1056,1056,0,2,2,63742,440,6,0,0,4,1,123,8,1,2,0,0,0,0,0,1,43,25,0,0,0,0,0,0,0,-1,0,0,0,0,0,1,142,47,624,0,0,-1,0,0,0,0,0,1,108,129,0,1,64,8,-1,0,0,0,0,0,0,-1,0,0,0,0,0,0,-1,0,0,0,0,0,0,-1,0,0,0,3,86,152,0,-1,0,0,0,-1,0,0,-1,0,-1,0,-1,0,-1,0,-1,0,-1,0,-1,0,-1,0,-1,0,-1,0,-1,0,-1,0,-1,0,0,0,4847,3,0,3,223
1484,988,fd,4,170,170,1,1056,1056,0,2,2,63742,440,6,0,0,3,1,123,7,1,2,0,0,0,0,0,1,43,24,0,0,0,0,0,0,0,-1,0,0,0,0,0,1,140,47,608,0,0,-1,0,0,0,0,0,1,108,129,16,1,96,8,-1,0,0,0,0,0,0,-1,0,0,0,0,0,0,-1,0,0,0,0,0,0,-1,0,0,0,3,86,152,0,-1,0,0,0,-1,0,0,-1,0,-1,0,-1,0,-1,0,-1,0,-1,0,-1,0,-1,0,-1,0,-1,0,-1,0,-1,0,-1,0,0,0,4847,3,0,3,224
1485,989,fd,4,170,170,1,1056,1056,0,2,2,63742,440,6,0,0,2,1,123,6,1,2,0,0,0,0,0,1,43,23,0,0,0,0,0,0,0,-1,0,0,0,0,0,1,138,47,592,0,0,-1,0,0,0,0,0,1,108,129,32,1,128,8,-1,0,0,0,0,0,0,-1,0,0,0,0,0,0,-1,0,0,0,0,0,0,-1,0,0,0,3,86,152,0,-1,0,0,0,-1,0,0,-1,0,-1,0,-1,0,-1,0,-1,0,-1,0,-1,0,-1,0,-1,0,-1,0,-1,0,-1,0,-1,0,0,0,4847,3,0,3,225
1486,990,fd,4,170,170,1,1056,1056,0,2,2,63742,440,6,0,0,1,1,123,5,1,2,0,0,0,0,0,1,43,22,0,0,0,0,0,0,0,-1,0,0,0,0,0,1,136,47,576,0,0,-1,0,0,0,0,0,1,108,129,48,1,160,8,-1,0,0,0,0,0,0,-1,0,0,0,0,0,0,-1,0,0,0,0,0,0,-1,0,0,0,3,86,152,0,-1,0,0,0,-1,0,0,-1,0,-1,0,-1,0,-1,0,-1,0,-1,0,-1,0,-1,0,-1,0,-1,0,-1,0,-1,0,-1,0,0,0,4847,3,0,3,226
1487,991,fd,4,170,170,1,1056,1056,0,2,2,63742,440,6,0,0,0,1,123,4,1,2,0,0,0,0,0,1,43,21,0,0,0,0,0,0,0,-1,0,0,0,0,0,1,134,47,560,0,0,-1,0,0,0,0,0,1,108,129,64,1,192,8,-1,0,0,0,0,0,0,-1,0,0,0,0,0,0,-1,0,0,0,0,0,0,-1,0,0,0,3,86,152,0,-1,0,0,0,-1,0,0,-1,0,-1,0,-1,0,-1,0,-1,0,-1,0,-1,0,-1,0,-1,0,-1,0,-1,0,-1,0,-1,0,0,0,4847,3,0,3,227
1488,992,fd,4,170,170,1,1056,1056,0,2,2,63742,440,6,0,0,0,1,123,3,1,2,0,0,0,0,0,1,43,20,0,0,0,0,0,0,0,-1,0,0,0,0,0,1,132,47,544,0,0,-1,0,0,0,0,0,1,108,129,80,1,224,8,-1,0,0,0,0,0,0,-1,0,0,0,0,0,0,-1,0,0,0,0,0,0,-1,0,0,0,3,86,152,0,-1,0,0,0,-1,0,0,-1,0,-1,0,-1,0,-1,0,-1,0,-1,0,-1,0,-1,0,-1,0,-1,0,-1,0,-1,0,-1,0,0,0,4847,3,0,3,228
1489,993,fd,4,170,170,1,1056,1056,0,2,2,63742,440,6,0,0,0,1,123,2,1,2,0,0,0,0,0,1,43,19,0,0,0,0,0,0,0,-1,0,0,0,0,0,1,130,47,528,0,0,-1,0,0,0,0,0,1,108,130,96,1,0,8,-1,0,0,0,0,0,0,-1,0,0,0,0,0,0,-1,0,0,0,0,0,0,-1,0,0,0,3,86,152,0,-1,0,0,0,-1,0,0,-1,0,-1,0,-1,0,-1,0,-1,0,-1,0,-1,0,-1,0,-1,0,-1,0,-1,0,-1,0,-1,0,0,0,4847,3,0,3,229
1490,994,fd,4,170,170,1,1056,1056,0,2,2,63742,440,6,0,0,0,1,123,1,1,2,0,0,0,0,0,1,43,18,0,0,0,0,0,0,0,-1,0,0,0,0,0,1,128,47,512,0,0,-1,0,0,0,0,0,1,108,130,112,1,32,8,-1,0,0,0,0,0,0,-1,0,0,0,0,0,0,-1,0,0,0,0,0,0,-1,0,0,0,3,86,152,0,-1,0,0,0,-1,0,0,-1,0,-1,0,-1,0,-1,0,-1,0,-1,0,-1,0,-1,0,-1,0,-1,0,-1,0,-1,0,-1,0,0,0,4847,3,0,3,230
1491,995,fd,4,170,170,1,1056,1056,0,2,2,63742,440,6,0,0,0,1,123,57,0,2,0,0,0,0,0,1,43,17,0,0,0,0,0,0,0,-1,0,0,0,0,0,1,126,47,496,0,0,-1,0,0,0,0,0,1,108,130,128,1,64,8,0,204,123,1008,0,32,8,-1,0,0,0,0,0,0,-1,0,0,0,0,0,0,-1,0,0,0,3,86,152,0,-1,0,0,0,-1,0,0,-1,0,-1,0,-1,0,-1,0,-1,0,-1,0,-1,0,-1,0,-1,0,-1,0,-1,0,-1,0,-1,0,0,0,4847,3,0,3,231
1492,996,fd,4,170,170,1,1056,1056,0,2,2,63742,440,6,0,0,0,1,123,57,0,2,0,0,0,0,0,1,43,16,0,0,0,0,0,0,0,-1,0,0,0,0,0,1,125,47,480,0,0,-1,0,0,0,0,0,1,108,130,144,1,96,8,0,201,123,992,0,64,8,-1,0,0,0,0,0,0,-1,0,0,0,0,0,0,-1,0,0,0,3,86,152,0,-1,0,0,0,-1,0,0,-1,0,-1,0,-1,0,-1,0,-1,0,-1,0,-1,0,-1,0,-1,0,-1,0,-1,0,-1,0,-1,0,0,0,4847,3,0,3,232
1493,997,fd,4,170,170,1,1056,1056,0,2,2,63742,440,6,0,0,0,1,123,57,0,2,0,0,0,0,0,1,43,15,0,0,0,0,0,0,0,-1,0,0,0,0,0,1,124,47,464,0,0,-1,0,0,0,0,0,1,108,130,160,1,128,8,0,198,123,976,0,96,8,-1,0,0,0,0,0,0,-1,0,0,0,0,0,0,-1,0,0,0,3,86,152,0,-1,0,0,0,-1,0,0,-1,0,-1,0,-1,0,-1,0,-1,0,-1,0,-1,0,-1,0,-1,0,-1,0,-1,0,-1,0,-1,0,0,0,4847,3,0,3,233
1494,998,fd,4,170,170,1,1056,1056,0,2,2,63742,440,6,0,0,0,1,123,57,0,2,0,0,0,0,0,1,43,14,0,0,0,0,0,0,0,-1,0,0,0,0,0,1,123,47,448,0,0,-1,0,0,0,0,0,1,108,130,176,1,160,8,0,195,123,960,0,128,8,-1,0,0,0,0,0,0,-1,0,0,0,0,0,0,-1,0,0,0,3,86,152,0,-1,0,0,0,-1,0,0,-1,0,-1,0,-1,0,-1,0,-1,0,-1,0,-1,0,-1,0,-1,0,-1,0,-1,0,-1,0,-1,0,0,0,4847,3,0,3,234
1495,999,fd,4,170,170,1,1056,1056,0,2,2,63742,440,6,0,0,0,1,123,57,0,2,0,0,0,0,0,1,43,13,0,0,0,0,0,0,0,-1,0,0,0,0,0,1,122,47,432,0,0,-1,0,0,0,0,0,1,108,130,192,1,192,8,0,192,123,944,0,160,8,-1,0,0,0,0,0,0,-1,0,0,0,0,0,0,-1,0,0,0,3,86,152,0,-1,0,0,0,-1,0,0,-1,0,-1,0,-1,0,-1,0,-1,0,-1,0,-1,0,-1,0,-1,0,-1,0,-1,0,-1,0,-1,0,0,0,4847,3,0,3,235
1496,1000,fd,4,170,170,1,1056,1056,0,2,2,63742,440,6,0,0,0,1,123,57,0,2,0,0,0,0,0,1,43,12,0,0,0,0,0,0,0,-1,0,0,0,0,0,1,121,47,416,0,0,-1,0,0,0,0,0,1,108,130,208,1,224,8,0,189,123,928,0,192,8,-1,0,0,0,0,0,0,-1,0,0,0,0,0,0,-1,0,0,0,3,86,152,0,-1,0,0,0,-1,0,0,-1,0,-1,0,-1,0,-1,0,-1,0,-1,0,-1,0,-1,0,-1,0,-1,0,-1,0,-1,0,-1,0,0,0,4847,3,0,3,236
1497,1001,fd,4,170,170,1,1056,1056,0,2,2,63742,440,6,0,0,0,1,123,57,0,2,0,0,0,0,0,1,43,11,0,0,0,0,0,0,0,-1,0,0,0,0,0,1,120,47,400,0,0,-1,0,0,0,0,0,1,108,131,224,1,0,8,0,186,123,912,0,224,8,-1,0,0,0,0,0,0,-1,0,0,0,0,0,0,-1,0,0,0,3,86,152,0,-1,0,0,0,-1,0,0,-1,0,-1,0,-1,0,-1,0,-1,0,-1,0,-1,0,-1,0,-1,0,-1,0,-1,0,-1,0,-1,0,0,0,4847,3,0,3,237
1498,1002,fd,4,170,170,1,1056,1056,0,2,2,63742,440,6,0,0,0,1,123,57,0,2,0,0,0,0,0,1,43,10,0,0,0,0,0,0,0,-1,0,0,0,0,0,1,119,47,384,0,0,-1,0,0,0,0,0,1,108,131,240,1,32,8,0,183,124,896,0,0,8,-1,0,0,0,0,0,0,-1,0,0,0,0,0,0,-1,0,0,0,3,86,152,0,-1,0,0,0,-1,0,0,-1,0,-1,0,-1,0,-1,0,-1,0,-1,0,-1,0,-1,0,-1,0,-1,0,-1,0,-1,0,-1,0,0,0,4847,3,0,3,238
1499,1003,fd,4,170,170,1,1056,1056,0,2,2,63742,440,6,0,0,0,1,123,57,0,2,0,0,0,0,0,1,43,9,0,0,0,0,0,0,0,-1,0,0,0,0,0,1,118,47,368,0,0,-1,0,0,0,0,0,1,108,131,256,1,64,8,0,180,124,880,0,32,8,-1,0,0,0,0,0,0,-1,0,0,0,0,0,0,-1,0,0,0,3,86,152,0,-1,0,0,0,-1,0,0,-1,0,-1,0,-1,0,-1,0,-1,0,-1,0,-1,0,-1,0,-1,0,-1,0,-1,0,-1,0,-1,0,0,0,4847,3,0,3,239
1500,1004,fd,4,170,170,1,1056,1056,0,2,2,63742,440,6,0,0,0,1,123,57,0,2,0,0,0,0,0,1,43,8,0,0,0,0,0,0,0,-1,0,0,0,0,0,1,117,47,352,0,0,-1,0,0,0,0,0,1,109,131,272,1,96,8,0,177,124,864,0,64,8,-1,0,0,0,0,0,0,-1,0,0,0,0,0,0,-1,0,0,0,3,86,152,0,-1,0,0,0,-1,0,0,-1,0,-1,0,-1,0,-1,0,-1,0,-1,0,-1,0,-1,0,-1,0,-1,0,-1,0,-1,0,-1,0,0,0,4847,3,0,3,240
1501,1005,fd,4,170,170,1,1056,1056,0,2,2,63742,440,6,0,0,0,1,123,57,0,2,0,0,0,0,0,1,43,7,0,0,0,0,0,0,0,-1,0,0,0,0,0,1,116,47,336,0,0,-1,0,0,0,0,0,1,110,131,288,1,128,8,0,174,124,848,0,96,8,-1,0,0,0,0,0,0,-1,0,0,0,0,0,0,-1,0,0,0,3,86,152,0,-1,0,0,0,-1,0,0,-1,0,-1,0,-1,0,-1,0,-1,0,-1,0,-1,0,-1,0,-1,0,-1,0,-1,0,-1,0,-1,0,0,0,4847,3,0,3,241
1502,1006,fd,4,170,170,1,1056,1056,0,2,2,63742,440,6,0,0,0,1,123,57,0,2,0,0,0,0,0,1,43,6,0,0,0,0,0,0,0,-1,0,0,0,0,0,1,115,47,320,0,0,-1,0,0,0,0,0,1,111,131,304,1,160,8,0,171,124,832,0,128,8,-1,0,0,0,0,0,0,-1,0,0,0,0,0,0,-1,0,0,0,3,86,152,0,-1,0,0,0,-1,0,0,-1,0,-1,0,-1,0,-1,0,-1,0,-1,0,-1,0,-1,0,-1,0,-1,0,-1,0,-1,0,-1,0,0,0,4847,3,0,3,242
1503,1007,fd,4,170,170,1,1056,1056,0,2,2,63742,440,6,0,0,0,1,123,57,0,2,0,0,0,0,0,1,43,5,0,0,0,0,0,0,0,-1,0,0,0,0,0,1,114,47,304,0,0,-1,0,0,0,0,0,1,112,131,320,1,192,8,0,168,124,816,0,160,8,-1,0,0,0,0,0,0,-1,0,0,0,0,0,0,-1,0,0,0,3,86,152,0,-1,0,0,0,-1,0,0,-1,0,-1,0,-1,0,-1,0,-1,0,-1,0,-1,0,-1,0,-1,0,-1,0,-1,0,-1,0,-1,0,0,0,4847,3,0,3,243
1504,1008,fd,4,170,170,1,1056,1056,0,2,2,63742,440,6,0,0,0,1,123,57,0,2,0,0,0,0,0,1,43,4,0,0,0,0,0,0,0,-1,0,0,0,0,0,1,113,47,288,0,0,-1,0,0,0,0,0,1,113,131,336,1,224,8,0,165,124,800,0,192,8,-1,0,0,0,0,0,0,-1,0,0,0,0,0,0,-1,0,0,0,3,86,152,0,-1,0,0,0,-1,0,0,-1,0,-1,0,-1,0,-1,0,-1,0,-1,0,-1,0,-1,0,-1,0,-1,0,-1,0,-1,0,-1,0,0,0,4847,3,0,3,244
1505,1009,fd,4,170,170,1,1056,1056,0,2,2,63742,440,6,0,0,0,1,123,57,0,2,0,0,0,0,0,1,43,3,0,0,0,0,0,0,0,-1,0,0,0,0,0,1,112,47,272,0,0,-1,0,0,0,0,0,1,114,132,352,1,0,8,0,162,124,784,0,224,8,-1,0,0,0,0,0,0,-1,0,0,0,0,0,0,-1,0,0,0,3,86,152,0,-1,0,0,0,-1,0,0,-1,0,-1,0,-1,0,-1,0,-1,0,-1,0,-1,0,-1,0,-1,0,-1,0,-1,0,-1,0,-1,0,0,0,4847,3,0,3,245
1506,1010,fd,4,170,170,1,1056,1056,0,2,2,63742,440,6,0,0,0,1,123,57,0,2,0,0,0,0,0,1,43,2,0,0,0,0,0,0,0,-1,0,0,0,0,0,1,111,47,256,0,0,-1,0,0,0,0,0,1,115,132,368,1,32,8,0,159,125,768,0,0,8,-1,0,0,0,0,0,0,-1,0,0,0,0,0,0,-1,0,0,0,3,86,152,0,-1,0,0,0,-1,0,0,-1,0,-1,0,-1,0,-1,0,-1,0,-1,0,-1,0,-1,0,-1,0,-1,0,-1,0,-1,0,-1,0,0,0,4847,3,0,3,246
1507,1011,fd,4,170,170,1,1056,1056,0,2,2,63742,440,6,0,0,0,1,123,57,0,2,0,0,0,0,0,1,43,1,0,0,0,0,0,0,0,-1,0,0,0,0,0,1,110,47,240,0,0,-1,0,0,0,0,0,1,116,132,384,1,64,8,0,156,125,752,0,32,8,-1,0,0,0,0,0,0,-1,0,0,0,0,0,0,-1,0,0,0,3,86,152,0,-1,0,0,0,-1,0,0,-1,0,-1,0,-1,0,-1,0,-1,0,-1,0,-1,0,-1,0,-1,0,-1,0,-1,0,-1,0,-1,0,0,0,4847,3,0,3,247
1508,1012,fd,4,170,170,1,1056,1056,0,2,2,63742,440,6,0,0,0,1,123,57,0,2,0,0,0,0,0,1,43,57,0,0,0,0,0,0,0,0,210,47,0,0,7,1,110,47,0,1,8,-1,0,0,0,0,0,1,117,132,400,1,96,8,0,154,125,736,0,64,8,-1,0,0,0,0,0,0,-1,0,0,0,0,0,0,-1,0,0,0,3,86,152,0,-1,0,0,0,-1,0,0,-1,0,-1,0,-1,0,-1,0,-1,0,-1,0,-1,0,-1,0,-1,0,-1,0,-1,0,-1,0,-1,0,0,0,4847,3,0,3,248
1509,1013,fd,4,170,170,1,1056,1056,0,2,2,63742,440,6,0,0,0,1,123,57,0,2,0,0,0,0,0,1,43,56,0,0,0,0,0,0,0,0,210,47,0,0,6,1,110,47,0,1,7,-1,0,0,0,0,0,1,118,132,416,1,128,8,0,152,125,720,0,96,8,-1,0,0,0,0,0,0,-1,0,0,0,0,0,0,-1,0,0,0,3,86,152,0,-1,0,0,0,-1,0,0,-1,0,-1,0,-1,0,-1,0,-1,0,-1,0,-1,0,-1,0,-1,0,-1,0,-1,0,-1,0,-1,0,0,0,4847,3,0,3,249
1510,1014,fd,4,170,170,1,1056,1056,0,2,2,63742,440,6,0,0,0,1,123,57,0,2,0,0,0,0,0,1,43,55,0,0,0,0,0,0,0,0,210,47,0,0,5,1,110,47,0,1,6,-1,0,0,0,0,0,1,119,132,432,1,160,8,0,150,125,704,0,128,8,-1,0,0,0,0,0,0,-1,0,0,0,0,0,0,-1,0,0,0,3,86,152,0,-1,0,0,0,-1,0,0,-1,0,-1,0,-1,0,-1,0,-1,0,-1,0,-1,0,-1,0,-1,0,-1,0,-1,0,-1,0,-1,0,0,0,4847,3,0,3,250
1511,1015,fd,4,170,170,1,1056,1056,0,2,2,63742,440,6,0,0,0,1,123,57,0,2,0,0,0,0,0,1,43,54,0,0,0,0,0,0,0,0,210,47,0,0,4,1,110,47,0,1,5,-1,0,0,0,0,0,1,120,132,448,1,192,8,0,148,125,688,0,160,8,-1,0,0,0,0,0,0,-1,0,0,0,0,0,0,-1,0,0,0,3,86,152,0,-1,0,0,0,-1,0,0,-1,0,-1,0,-1,0,-1,0,-1,0,-1,0,-1,0,-1,0,-1,0,-1,0,-1,0,-1,0,-1,0,0,0,4847,3,0,3,251
1512,1016,fd,4,170,170,1,1056,1056,0,2,2,63742,440,6,0,0,0,1,123,57,0,2,0,0,0,0,0,1,43,53,0,0,0,0,0,0,0,0,210,47,0,0,3,1,110,47,0,1,4,-1,0,0,0,0,0,1,121,132,464,1,224,8,0,146,125,672,0,192,8,-1,0,0,0,0,0,0,-1,0,0,0,0,0,0,-1,0,0,0,3,86,152,0,-1,0,0,0,-1,0,0,-1,0,-1,0,-1,0,-1,0,-1,0,-1,0,-1,0,-1,0,-1,0,-1,0,-1,0,-1,0,-1,0,0,0,4847,3,0,3,252
1513,1017,fd,4,170,170,1,1056,1056,0,2,2,63742,440,6,0,0,0,1,123,57,0,2,0,0,0,0,0,1,43,52,0,0,0,0,0,0,0,0,210,47,0,0,2,1,110,47,0,1,3,-1,0,0,0,0,0,1,122,133,480,1,0,8,0,144,125,656,0,224,8,-1,0,0,0,0,0,0,-1,0,0,0,0,0,0,-1,0,0,0,3,86,152,0,-1,0,0,0,-1,0,0,-1,0,-1,0,-1,0,-1,0,-1,0,-1,0,-1,0,-1,0,-1,0,-1,0,-1,0,-1,0,-1,0,0,0,4847,3,0,3,253
1514,1018,fd,4,170,170,1,1056,1056,0,2,2,63742,440,6,0,0,0,1,123,57,0,2,0,0,0,0,0,1,43,51,0,0,0,0,0,0,0,0,210,47,0,0,1,1,110,47,0,1,2,-1,0,0,0,0,0,1,123,133,496,1,32,8,0,142,126,640,0,0,8,-1,0,0,0,0,0,0,-1,0,0,0,0,0,0,-1,0,0,0,3,86,152,0,-1,0,0,0,-1,0,0,-1,0,-1,0,-1,0,-1,0,-1,0,-1,0,-1,0,-1,0,-1,0,-1,0,-1,0,-1,0,-1,0,0,0,4847,3,0,3,254
1515,1019,fd,4,170,170,1,1056,1056,0,2,2,63742,440,6,0,0,0,1,123,57,0,2,0,0,0,0,0,1,43,50,0,0,0,0,0,0,0,1,210,47,1024,0,0,1,110,47,0,1,1,-1,0,0,0,0,0,1,124,133,512,1,64,8,0,140,126,624,0,32,8,-1,0,0,0,0,0,0,-1,0,0,0,0,0,0,-1,0,0,0,3,86,152,0,-1,0,0,0,-1,0,0,-1,0,-1,0,-1,0,-1,0,-1,0,-1,0,-1,0,-1,0,-1,0,-1,0,-1,0,-1,0,-1,0,0,0,4847,3,0,3,255
1516,1020,fd,4,170,170,1,1056,1056,0,2,2,63742,440,6,0,0,0,1,123,57,0,2,0,0,0,0,0,1,43,49,0,0,0,0,0,0,0,1,206,47,1008,0,0,-1,0,0,0,0,0,-1,0,0,0,0,0,1,126,133,528,1,96,8,0,138,126,608,0,64,8,-1,0,0,0,0,0,0,-1,0,0,0,0,0,0,-1,0,0,0,3,86,152,0,-1,0,0,0,-1,0,0,-1,0,-1,0,-1,0,-1,0,-1,0,-1,0,-1,0,-1,0,-1,0,-1,0,-1,0,-1,0,-1,0,0,0,4847,3,0,3,0
1517,1021,fd,4,170,170,1,1056,1056,0,2,2,63742,440,6,0,0,0,1,123,57,0,2,0,0,0,0,0,1,43,48,0,0,0,0,0,0,0,1,203,47,992,0,0,-1,0,0,0,0,0,-1,0,0,0,0,0,1,128,133,544,1,128,8,0,136,126,592,0,96,8,-1,0,0,0,0,0,0,-1,0,0,0,0,0,0,-1,0,0,0,3,86,152,0,-1,0,0,0,-1,0,0,-1,0,-1,0,-1,0,-1,0,-1,0,-1,0,-1,0,-1,0,-1,0,-1,0,-1,0,-1,0,-1,0,0,0,4847,3,0,3,1
1518,1022,fd,4,170,170,1,1056,1056,0,2,2,63742,440,6,0,0,0,1,123,57,0,2,0,0,0,0,0,1,43,47,0,0,0,0,0,0,0,1,200,47,976,0,0,-1,0,0,0,0,0,-1,0,0,0,0,0,1,130,133,560,1,160,8,0,134,126,576,0,128,8,-1,0,0,0,0,0,0,-1,0,0,0,0,0,0,-1,0,0,0,3,86,152,0,-1,0,0,0,-1,0,0,-1,0,-1,0,-1,0,-1,0,-1,0,-1,0,-1,0,-1,0,-1,0,-1,0,-1,0,-1,0,-1,0,0,0,4847,3,0,3,2
1519,1023,fd,4,170,170,1,1056,1056,0,2,2,63742,440,6,0,0,0,1,123,57,0,2,0,0,0,0,0,1,43,46,0,0,0,0,0,0,0,1,197,47,960,0,0,-1,0,0,0,0,0,-1,0,0,0,0,0,1,132,133,576,1,192,8,0,132,126,560,0,160,8,-1,0,0,0,0,0,0,-1,0,0,0,0,0,0,-1,0,0,0,3,86,152,0,-1,0,0,0,-1,0,0,-1,0,-1,0,-1,0,-1,0,-1,0,-1,0,-1,0,-1,0,-1,0,-1,0,-1,0,-1,0,-1,0,0,0,4847,3,0,3,3
1520,1024,fd,4,170,170,1,1056,1056,0,2,2,63742,440,6,0,0,0,1,123,57,0,2,0,0,0,0,0,1,43,45,0,0,0,0,0,0,0,1,194,47,944,0,0,-1,0,0,0,0,0,-1,0,0,0,0,0,1,134,133,592,1,224,8,0,130,126,544,0,192,8,-1,0,0,0,0,0,0,-1,0,0,0,0,0,0,-1,0,0,0,3,86,152,0,-1,0,0,0,-1,0,0,-1,0,-1,0,-1,0,-1,0,-1,0,-1,0,-1,0,-1,0,-1,0,-1,0,-1,0,-1,0,-1,0,0,0,4847,3,0,3,4
1521,1025,fd,4,170,170,1,1056,1056,0,2,2,63742,440,6,0,0,0,1,123,57,0,2,0,0,0,0,0,1,43,44,0,0,0,0,0,0,0,1,191,47,928,0,0,-1,0,0,0,0,0,-1,0,0,0,0,0,1,136,134,608,1,0,8,0,128,126,528,0,224,8,-1,0,0,0,0,0,0,-1,0,0,0,0,0,0,-1,0,0,0,3,86,152,0,-1,0,0,0,-1,0,0,-1,0,-1,0,-1,0,-1,0,-1,0,-1,0,-1,0,-1,0,-1,0,-1,0,-1,0,-1,0,-1,0,0,0,4847,3,0,3,5
1522,1026,fd,4,170,170,1,1056,1056,0,2,2,63742,440,6,0,0,0,1,123,57,0,2,0,0,0,0,0,1,43,43,0,0,0,0,0,0,0,1,188,47,912,0,0,-1,0,0,0,0,0,-1,0,0,0,0,0,1,138,134,624,1,32,8,0,126,127,512,0,0,8,-1,0,0,0,0,0,0,-1,0,0,0,0,0,0,-1,0,0,0,3,86,152,0,-1,0,0,0,-1,0,0,-1,0,-1,0,-1,0,-1,0,-1,0,-1,0,-1,0,-1,0,-1,0,-1,0,-1,0,-1,0,-1,0,0,0,4847,3,0,3,6
1523,1027,fd,4,170,170,1,1056,1056,0,2,2,63742,440,6,0,0,0,1,123,57,0,2,0,0,0,0,0,1,43,42,0,0,0,0,0,0,0,1,185,47,896,0,0,-1,0,0,0,0,0,-1,0,0,0,0,0,1,140,134,640,1,64,8,0,124,127,496,0,32,8,-1,0,0,0,0,0,0,-1,0,0,0,0,0,0,-1,0,0,0,3,86,152,0,-1,0,0,0,-1,0,0,-1,0,-1,0,-1,0,-1,0,-1,0,-1,0,-1,0,-1,0,-1,0,-1,0,-1,0,-1,0,-1,0,0,0,4847,3,0,3,7
1524,1028,fd,4,170,170,1,1056,1056,0,2,2,63742,440,6,0,0,0,1,123,57,0,2,0,0,0,0,0,1,43,41,0,0,0,0,0,0,0,1,182,47,880,0,0,-1,0,0,0,0,0,-1,0,0,0,0,0,1,142,134,656,1,96,8,0,123,127,480,0,64,8,-1,0,0,0,0,0,0,-1,0,0,0,0,0,0,-1,0,0,0,3,86,152,0,-1,0,0,0,-1,0,0,-1,0,-1,0,-1,0,-1,0,-1,0,-1,0,-1,0,-1,0,-1,0,-1,0,-1,0,-1,0,-1,0,0,0,4847,3,0,3,8
1525,1029,fd,4,170,170,1,1056,1056,0,2,2,63742,440,6,0,0,0,1,123,57,0,2,0,0,0,0,0,1,43,40,0,0,0,0,0,0,0,1,179,47,864,0,0,-1,0,0,0,0,0,-1,0,0,0,0,0,1,144,134,672,1,128,8,0,122,127,464,0,96,8,-1,0,0,0,0,0,0,-1,0,0,0,0,0,0,-1,0,0,0,3,86,152,0,-1,0,0,0,-1,0,0,-1,0,-1,0,-1,0,-1,0,-1,0,-1,0,-1,0,-1,0,-1,0,-1,0,-1,0,-1,0,-1,0,0,0,4847,3,0,3,9
1526,1030,fd,4,170,170,1,1056,1056,0,2,2,63742,440,6,0,0,0,1,123,57,0,2,0,0,0,0,0,1,43,39,0,0,0,0,0,0,0,1,176,47,848,0,0,-1,0,0,0,0,0,-1,0,0,0,0,0,1,146,134,688,1,160,8,0,121,127,448,0,128,8,-1,0,0,0,0,0,0,-1,0,0,0,0,0,0,-1,0,0,0,3,86,152,0,-1,0,0,0,-1,0,0,-1,0,-1,0,-1,0,-1,0,-1,0,-1,0,-1,0,-1,0,-1,0,-1,0,-1,0,-1,0,-1,0,0,0,4847,3,0,3,10
1527,1031,fd,4,170,170,1,1056,1056,0,2,2,63742,440,6,0,0,0,1,123,57,0,2,0,0,0,0,0,1,43,38,0,0,0,0,0,0,0,1,173,47,832,0,0,-1,0,0,0,0,0,-1,0,0,0,0,0,1,148,134,704,1,192,8,0,120,127,432,0,160,8,-1,0,0,0,0,0,0,-1,0,0,0,0,0,0,-1,0,0,0,3,86,152,0,-1,0,0,0,-1,0,0,-1,0,-1,0,-1,0,-1,0,-1,0,-1,0,-1,0,-1,0,-1,0,-1,0,-1,0,-1,0,-1,0,0,0,4847,3,0,3,11
1528,1032,fd,4,170,170,1,1056,1056,0,2,2,63742,440,6,0,0,0,1,123,57,0,2,0,0,0,0,0,1,43,37,0,0,0,0,0,0,0,1,170,47,816,0,0,-1,0,0,0,0,0,-1,0,0,0,0,0,1,150,134,720,1,224,8,0,119,127,416,0,192,8,-1,0,0,0,0,0,0,-1,0,0,0,0,0,0,-1,0,0,0,3,86,152,0,-1,0,0,0,-1,0,0,-1,0,-1,0,-1,0,-1,0,-1,0,-1,0,-1,0,-1,0,-1,0,-1,0,-1,0,-1,0,-1,0,0,0,4847,3,0,3,12
1529,1033,fd,4,170,170,1,1056,1056,0,2,2,63742,440,6,0,0,0,1,123,57,0,2,0,0,0,0,0,1,43,36,0,0,0,0,0,0,0,1,167,47,800,0,0,-1,0,0,0,0,0,-1,0,0,0,0,0,1,152,135,736,1,0,8,0,118,127,400,0,224,8,-1,0,0,0,0,0,0,-1,0,0,0,0,0,0,-1,0,0,0,3,86,152,0,-1,0,0,0,-1,0,0,-1,0,-1,0,-1,0,-1,0,-1,0,-1,0,-1,0,-1,0,-1,0,-1,0,-1,0,-1,0,-1,0,0,0,4847,3,0,3,13
1530,1034,fd,4,170,170,1,1056,1056,0,2,2,63742,440,6,0,0,0,1,123,57,0,2,0,0,0,0,0,1,43,35,0,0,0,0,0,0,0,1,164,47,784,0,0,-1,0,0,0,0,0,-1,0,0,0,0,0,1,154,135,752,1,32,8,0,117,128,384,0,0,8,-1,0,0,0,0,0,0,-1,0,0,0,0,0,0,-1,0,0,0,3,86,152,0,-1,0,0,0,-1,0,0,-1,0,-1,0,-1,0,-1,0,-1,0,-1,0,-1,0,-1,0,-1,0,-1,0,-1,0,-1,0,-1,0,0,0,4847,3,0,3,14
1531,1035,fd,4,170,170,1,1056,1056,0,2,2,63742,440,6,0,0,0,1,123,57,0,2,0,0,0,0,0,1,43,34,0,0,0,0,0,0,0,1,161,47,768,0,0,-1,0,0,0,0,0,-1,0,0,0,0,0,1,156,135,768,1,64,8,0,116,128,368,0,32,8,-1,0,0,0,0,0,0,-1,0,0,0,0,0,0,-1,0,0,0,3,86,152,0,-1,0,0,0,-1,0,0,-1,0,-1,0,-1,0,-1,0,-1,0,-1,0,-1,0,-1,0,-1,0,-1,0,-1,0,-1,0,-1,0,0,0,4847,3,0,3,15
1532,1036,fd,4,170,170,1,1056,1056,0,2,2,63742,440,6,0,0,0,1,123,57,0,2,0,0,0,0,0,1,43,33,0,0,0,0,0,0,0,1,158,47,752,0,0,-1,0,0,0,0,0,-1,0,0,0,0,0,1,159,135,784,1,96,8,0,115,128,352,0,64,8,-1,0,0,0,0,0,0,-1,0,0,0,0,0,0,-1,0,0,0,3,86,152,0,-1,0,0,0,-1,0,0,-1,0,-1,0,-1,0,-1,0,-1,0,-1,0,-1,0,-1,0,-1,0,-1,0,-1,0,-1,0,-1,0,0,0,4847,3,0,3,16
1533,1037,fd,4,170,170,1,1056,1056,0,2,2,63742,440,6,0,0,0,1,123,57,0,2,0,0,0,0,0,1,43,32,0,0,0,0,0,0,0,1,156,47,736,0,0,-1,0,0,0,0,0,-1,0,0,0,0,0,1,162,135,800,1,128,8,0,114,128,336,0,96,8,-1,0,0,0,0,0,0,-1,0,0,0,0,0,0,-1,0,0,0,3,86,152,0,-1,0,0,0,-1,0,0,-1,0,-1,0,-1,0,-1,0,-1,0,-1,0,-1,0,-1,0,-1,0,-1,0,-1,0,-1,0,-1,0,0,0,4847,3,0,3,17
1534,1038,fd,4,170,170,1,1056,1056,0,2,2,63742,440,6,0,0,0,1,123,57,0,2,0,0,0,0,0,1,43,31,0,0,0,0,0,0,0,1,154,47,720,0,0,-1,0,0,0,0,0,-1,0,0,0,0,0,1,165,135,816,1,160,8,0,113,128,320,0,128,8,-1,0,0,0,0,0,0,-1,0,0,0,0,0,0,-1,0,0,0,3,86,152,0,-1,0,0,0,-1,0,0,-1,0,-1,0,-1,0,-1,0,-1,0,-1,0,-1,0,-1,0,-1,0,-1,0,-1,0,-1,0,-1,0,0,0,4847,3,0,3,18
1535,1039,fd,4,170,170,1,1056,1056,0,2,2,63742,440,6,0,0,0,1,123,57,0,2,0,0,0,0,0,1,43,30,0,0,0,0,0,0,0,1,152,47,704,0,0,-1,0,0,0,0,0,-1,0,0,0,0,0,1,168,135,832,1,192,8,0,112,128,304,0,160,8,-1,0,0,0,0,0,0,-1,0,0,0,0,0,0,-1,0,0,0,3,86,152,0,-1,0,0,0,-1,0,0,-1,0,-1,0,-1,0,-1,0,-1,0,-1,0,-1,0,-1,0,-1,0,-1,0,-1,0,-1,0,-1,0,0,0,4847,3,0,3,19
1536,1040,fd,4,170,170,1,1056,1056,0,2,2,63742,440,6,0,0,0,1,123,57,0,2,0,0,0,0,0,1,43,29,0,0,0,0,0,0,0,1,150,47,688,0,0,-1,0,0,0,0,0,-1,0,0,0,0,0,1,171,135,848,1,224,8,0,111,128,288,0,192,8,-1,0,0,0,0,0,0,-1,0,0,0,0,0,0,-1,0,0,0,3,86,152,0,-1,0,0,0,-1,0,0,-1,0,-1,0,-1,0,-1,0,-1,0,-1,0,-1,0,-1,0,-1,0,-1,0,-1,0,-1,0,-1,0,0,0,4847,3,0,3,20
1537,1041,fd,4,170,170,1,1056,1056,0,2,2,63742,440,6,0,0,0,1,123,57,0,2,0,0,0,0,0,1,43,28,0,0,0,0,0,0,0,1,148,47,672,0,0,-1,0,0,0,0,0,-1,0,0,0,0,0,1,174,136,864,1,0,8,0,110,128,272,0,224,8,-1,0,0,0,0,0,0,-1,0,0,0,0,0,0,-1,0,0,0,3,86,152,0,-1,0,0,0,-1,0,0,-1,0,-1,0,-1,0,-1,0,-1,0,-1,0,-1,0,-1,0,-1,0,-1,0,-1,0,-1,0,-1,0,0,0,4847,3,0,3,21
1538,1042,fd,4,170,170,1,1056,1056,0,2,2,63742,440,6,0,0,0,1,123,57,0,2,0,0,0,0,0,1,43,27,0,0,0,0,0,0,0,1,146,47,656,0,0,-1,0,0,0,0,0,-1,0,0,0,0,0,1,177,136,880,1,32,8,0,109,129,256,0,0,8,-1,0,0,0,0,0,0,-1,0,0,0,0,0,0,-1,0,0,0,3,86,152,0,-1,0,0,0,-1,0,0,-1,0,-1,0,-1,0,-1,0,-1,0,-1,0,-1,0,-1,0,-1,0,-1,0,-1,0,-1,0,-1,0,0,0,4847,3,0,3,22
1539,1043,fd,4,170,170,1,1056,1056,0,2,2,63742,440,6,0,0,0,1,123,57,0,2,0,0,0,0,0,1,43,26,0,0,0,0,0,0,0,1,144,47,640,0,0,-1,0,0,0,0,0,-1,0,0,0,0,0,1,180,136,896,1,64,8,0,108,129,240,0,32,8,-1,0,0,0,0,0,0,-1,0,0,0,0,0,0,-1,0,0,0,3,86,152,0,-1,0,0,0,-1,0,0,-1,0,-1,0,-1,0,-1,0,-1,0,-1,0,-1,0,-1,0,-1,0,-1,0,-1,0,-1,0,-1,0,0,0,4847,3,0,3,23
1540,1044,fd,4,170,170,1,1056,1056,0,2,2,63742,440,6,0,0,0,1,123,57,0,2,0,0,0,0,0,1,43,25,0,0,0,0,0,0,0,1,142,47,624,0,0,-1,0,0,0,0,0,-1,0,0,0,0,0,1,183,136,912,1,96,8,1,108,129,0,1,64,8,-1,0,0,0,0,0,0,-1,0,0,0,0,0,0,-1,0,0,0,3,86,152,0,-1,0,0,0,-1,0,0,-1,0,-1,0,-1,0,-1,0,-1,0,-1,0,-1,0,-1,0,-1,0,-1,0,-1,0,-1,0,-1,0,0,0,4847,3,0,3,24
1541,1045,fd,4,170,170,1,1056,1056,0,2,2,63742,440,6,0,0,0,1,123,57,0,2,0,0,0,0,0,1,43,24,0,0,0,0,0,0,0,1,140,47,608,0,0,-1,0,0,0,0,0,-1,0,0,0,0,0,1,186,136,928,1,128,8,1,108,129,16,1,96,8,-1,0,0,0,0,0,0,-1,0,0,0,0,0,0,-1,0,0,0,3,86,152,0,-1,0,0,0,-1,0,0,-1,0,-1,0,-1,0,-1,0,-1,0,-1,0,-1,0,-1,0,-1,0,-1,0,-1,0,-1,0,-1,0,0,0,4847,3,0,3,25
1542,1046,fd,4,170,170,1,1056,1056,0,2,2,63742,440,6,0,0,0,1,123,57,0,2,0,0,0,0,0,1,43,23,0,0,0,0,0,0,0,1,138,47,592,0,0,-1,0,0,0,0,0,-1,0,0,0,0,0,1,189,136,944,1,160,8,1,108,129,32,1,128,8,-1,0,0,0,0,0,0,-1,0,0,0,0,0,0,-1,0,0,0,3,86,152,0,-1,0,0,0,-1,0,0,-1,0,-1,0,-1,0,-1,0,-1,0,-1,0,-1,0,-1,0,-1,0,-1,0,-1,0,-1,0,-1,0,0,0,4847,3,0,3,26
1543,1047,fd,4,170,170,1,1056,1056,0,2,2,63742,440,6,0,0,0,1,123,57,0,2,0,0,0,0,0,1,43,22,0,0,0,0,0,0,0,1,136,47,576,0,0,-1,0,0,0,0,0,-1,0,0,0,0,0,1,192,136,960,1,192,8,1,108,129,48,1,160,8,-1,0,0,0,0,0,0,-1,0,0,0,0,0,0,-1,0,0,0,3,86,152,0,-1,0,0,0,-1,0,0,-1,0,-1,0,-1,0,-1,0,-1,0,-1,0,-1,0,-1,0,-1,0,-1,0,-1,0,-1,0,-1,0,0,0,4847,3,0,3,27
1544,1048,fd,4,170,170,1,1056,1056,0,2,2,63742,440,6,0,0,0,1,123,57,0,2,0,0,0,0,0,1,43,21,0,0,0,0,0,0,0,1,134,47,560,0,0,-1,0,0,0,0,0,-1,0,0,0,0,0,1,195,136,976,1,224,8,1,108,129,64,1,192,8,-1,0,0,0,0,0,0,-1,0,0,0,0,0,0,-1,0,0,0,3,86,152,0,-1,0,0,0,-1,0,0,-1,0,-1,0,-1,0,-1,0,-1,0,-1,0,-1,0,-1,0,-1,0,-1,0,-1,0,-1,0,-1,0,0,0,4847,3,0,3,28
1545,1049,fd,4,170,170,1,1056,1056,0,2,2,63742,440,6,0,0,0,1,123,57,0,2,0,0,0,0,0,1,43,20,0,0,0,0,0,0,0,1,132,47,544,0,0,-1,0,0,0,0,0,-1,0,0,0,0,0,1,198,137,992,1,0,8,1,108,129,80,1,224,8,-1,0,0,0,0,0,0,-1,0,0,0,0,0,0,-1,0,0,0,3,86,152,0,-1,0,0,0,-1,0,0,-1,0,-1,0,-1,0,-1,0,-1,0,-1,0,-1,0,-1,0,-1,0,-1,0,-1,0,-1,0,-1,0,0,0,4847,3,0,3,29
1546,1050,fd,4,170,170,1,1056,1056,0,2,2,63742,440,6,0,0,0,1,123,57,0,2,0,0,0,0,0,1,43,19,0,0,0,0,0,0,0,1,130,47,528,0,0,-1,0,0,0,0,0,-1,0,0,0,0,0,1,201,137,1008,1,32,8,1,108,130,96,1,0,8,-1,0,0,0,0,0,0,-1,0,0,0,0,0,0,-1,0,0,0,3,86,152,0,-1,0,0,0,-1,0,0,-1,0,-1,0,-1,0,-1,0,-1,0,-1,0,-1,0,-1,0,-1,0,-1,0,-1,0,-1,0,-1,0,0,0,4847,3,0,3,30
1547,1051,fd,4,170,170,1,1056,1056,0,2,2,63742,440,6,0,0,0,1,123,57,0,2,0,0,0,0,0,1,43,18,0,0,0,0,0,0,0,1,128,47,512,0,0,-1,0,0,0,0,0,-1,0,0,0,0,0,2,208,123,1024,0,64,16,1,108,130,112,1,32,8,-1,0,0,0,0,0,0,-1,0,0,0,0,0,0,-1,0,0,0,3,86,152,0,-1,0,0,0,-1,0,0,-1,0,-1,0,-1,0,-1,0,-1,0,-1,0,-1,0,-1,0,-1,0,-1,0,-1,0,-1,0,-1,0,0,0,4847,3,0,3,31
1548,1052,fd,4,170,170,1,1056,1056,0,2,2,63742,440,6,0,0,0,1,123,57,0,2,0,0,0,0,0,1,43,17,0,0,0,0,0,0,0,1,126,47,496,0,0,-1,0,0,0,0,0,-1,0,0,0,0,0,2,208,123,1024,0,64,15,1,108,130,128,1,64,8,-1,0,0,0,0,0,0,-1,0,0,0,0,0,0,-1,0,0,0,3,86,152,0,-1,0,0,0,-1,0,0,-1,0,-1,0,-1,0,-1,0,-1,0,-1,0,-1,0,-1,0,-1,0,-1,0,-1,0,-1,0,-1,0,0,0,4847,3,0,3,32
1549,1053,fd,4,170,170,1,1056,1056,0,2,2,63742,440,6,0,0,0,1,123,57,0,2,0,0,0,0,0,1,43,16,0,0,0,0,0,0,0,1,125,47,480,0,0,-1,0,0,0,0,0,-1,0,0,0,0,0,2,208,123,1024,0,64,14,1,108,130,144,1,96,8,-1,0,0,0,0,0,0,-1,0,0,0,0,0,0,-1,0,0,0,3,86,152,0,-1,0,0,0,-1,0,0,-1,0,-1,0,-1,0,-1,0,-1,0,-1,0,-1,0,-1,0,-1,0,-1,0,-1,0,-1,0,-1,0,0,0,4847,3,0,3,33
1550,1054,fd,4,170,170,1,1056,1056,0,2,2,63742,440,6,0,0,0,1,123,57,0,2,0,0,0,0,0,1,43,15,0,0,0,0,0,0,0,1,124,47,464,0,0,-1,0,0,0,0,0,-1,0,0,0,0,0,2,208,123,1024,0,64,13,1,108,130,160,1,128,8,-1,0,0,0,0,0,0,-1,0,0,0,0,0,0,-1,0,0,0,3,86,152,0,-1,0,0,0,-1,0,0,-1,0,-1,0,-1,0,-1,0,-1,0,-1,0,-1,0,-1,0,-1,0,-1,0,-1,0,-1,0,-1,0,0,0,4847,3,0,3,34
1551,1055,fd,4,170,170,1,1056,1056,0,2,2,63742,440,6,0,0,0,1,123,57,0,2,0,0,0,0,0,1,43,14,0,0,0,0,0,0,0,1,123,47,448,0,0,-1,0,0,0,0,0,-1,0,0,0,0,0,2,208,123,1024,0,64,12,1,108,130,176,1,160,8,-1,0,0,0,0,0,0,-1,0,0,0,0,0,0,-1,0,0,0,3,86,152,0,-1,0,0,0,-1,0,0,-1,0,-1,0,-1,0,-1,0,-1,0,-1,0,-1,0,-1,0,-1,0,-1,0,-1,0,-1,0,-1,0,0,0,4847,3,0,3,35
1552,1056,fd,4,170,170,1,1056,1056,0,2,2,63742,440,6,0,0,0,1,123,57,0,2,0,0,0,0,0,1,43,13,0,0,0,0,0,0,0,1,122,47,432,0,0,-1,0,0,0,0,0,-1,0,0,0,0,0,2,208,123,1024,0,64,11,1,108,130,192,1,192,8,-1,0,0,0,0,0,0,-1,0,0,0,0,0,0,-1,0,0,0,3,86,152,0,-1,0,0,0,-1,0,0,-1,0,-1,0,-1,0,-1,0,-1,0,-1,0,-1,0,-1,0,-1,0,-1,0,-1,0,-1,0,-1,0,0,0,4847,3,0,3,36
1553,1057,fd,4,170,170,1,1056,1056,0,2,2,63742,440,6,0,0,0,1,123,57,0,2,0,0,0,0,0,1,43,12,0,0,0,0,0,0,0,1,121,47,416,0,0,-1,0,0,0,0,0,-1,0,0,0,0,0,2,208,123,1024,0,64,10,1,108,130,208,1,224,8,-1,0,0,0,0,0,0,-1,0,0,0,0,0,0,-1,0,0,0,3,86,152,0,-1,0,0,0,-1,0,0,-1,0,-1,0,-1,0,-1,0,-1,0,-1,0,-1,0,-1,0,-1,0,-1,0,-1,0,-1,0,-1,0,0,0,4847,3,0,3,37
1554,1058,fd,4,170,170,1,1056,1056,0,2,2,63742,440,6,0,0,0,1,123,57,0,2,0,0,0,0,0,1,43,11,0,0,0,0,0,0,0,1,120,47,400,0,0,-1,0,0,0,0,0,-1,0,0,0,0,0,2,208,123,1024,0,64,9,1,108,131,224,1,0,8,-1,0,0,0,0,0,0,-1,0,0,0,0,0,0,-1,0,0,0,3,86,152,0,-1,0,0,0,-1,0,0,-1,0,-1,0,-1,0,-1,0,-1,0,-1,0,-1,0,-1,0,-1,0,-1,0,-1,0,-1,0,-1,0,0,0,4847,3,0,3,38
1555,1059,fd,4,170,170,1,1056,1056,0,2,2,63742,440,6,0,0,0,1,123,57,0,2,0,0,0,0,0,1,43,10,0,0,0,0,0,0,0,1,119,47,384,0,0,-1,0,0,0,0,0,-1,0,0,0,0,0,2,208,123,1024,0,64,8,1,108,131,240,1,32,8,-1,0,0,0,0,0,0,-1,0,0,0,0,0,0,-1,0,0,0,3,86,152,0,-1,0,0,0,-1,0,0,-1,0,-1,0,-1,0,-1,0,-1,0,-1,0,-1,0,-1,0,-1,0,-1,0,-1,0,-1,0,-1,0,0,0,4847,3,0,3,39
1556,1060,fd,4,170,170,1,1056,1056,0,2,2,63742,440,6,0,0,0,1,123,57,0,2,0,0,0,0,0,1,43,9,0,0,0,0,0,0,0,1,118,47,368,0,0,-1,0,0,0,0,0,-1,0,0,0,0,0,2,208,123,1024,0,64,7,1,108,131,256,1,64,8,-1,0,0,0,0,0,0,-1,0,0,0,0,0,0,-1,0,0,0,3,86,152,0,-1,0,0,0,-1,0,0,-1,0,-1,0,-1,0,-1,0,-1,0,-1,0,-1,0,-1,0,-1,0,-1,0,-1,0,-1,0,-1,0,0,0,4847,3,0,3,40
1557,1061,fd,4,170,170,1,1056,1056,0,2,2,63742,440,6,0,0,0,1,123,57,0,2,0,0,0,0,0,1,43,8,0,0,0,0,0,0,0,1,117,47,352,0,0,-1,0,0,0,0,0,-1,0,0,0,0,0,2,208,123,1024,0,64,6,1,109,131,272,1,96,8,-1,0,0,0,0,0,0,-1,0,0,0,0,0,0,-1,0,0,0,3,86,152,0,-1,0,0,0,-1,0,0,-1,0,-1,0,-1,0,-1,0,-1,0,-1,0,-1,0,-1,0,-1,0,-1,0,-1,0,-1,0,-1,0,0,0,4847,3,0,3,41
1558,1062,fd,4,170,170,1,1056,1056,0,2,2,63742,440,6,0,0,0,1,123,57,0,2,0,0,0,0,0,1,43,7,0,0,0,0,0,0,0,1,116,47,336,0,0,-1,0,0,0,0,0,-1,0,0,0,0,0,2,208,123,1024,0,64,5,1,110,131,288,1,128,8,-1,0,0,0,0,0,0,-1,0,0,0,0,0,0,-1,0,0,0,3,86,152,0,-1,0,0,0,-1,0,0,-1,0,-1,0,-1,0,-1,0,-1,0,-1,0,-1,0,-1,0,-1,0,-1,0,-1,0,-1,0,-1,0,0,0,4847,3,0,3,42
1559,1063,fd,4,170,170,1,1056,1056,0,2,2,63742,440,6,0,0,0,1,123,57,0,2,0,0,0,0,0,1,43,6,0,0,0,0,0,0,0,1,115,47,320,0,0,-1,0,0,0,0,0,-1,0,0,0,0,0,2,208,123,1024,0,64,4,1,111,131,304,1,160,8,-1,0,0,0,0,0,0,-1,0,0,0,0,0,0,-1,0,0,0,3,86,152,0,-1,0,0,0,-1,0,0,-1,0,-1,0,-1,0,-1,0,-1,0,-1,0,-1,0,-1,0,-1,0,-1,0,-1,0,-1,0,-1,0,0,0,4847,3,0,3,43
1560,1064,fd,4,170,170,1,1056,1056,0,2,2,63742,440,6,0,0,0,1,123,57,0,2,0,0,0,0,0,1,43,5,0,0,0,0,0,0,0,1,114,47,304,0,0,-1,0,0,0,0,0,-1,0,0,0,0,0,2,208,123,1024,0,64,3,1,112,131,320,1,192,8,-1,0,0,0,0,0,0,-1,0,0,0,0,0,0,-1,0,0,0,3,86,152,0,-1,0,0,0,-1,0,0,-1,0,-1,0,-1,0,-1,0,-1,0,-1,0,-1,0,-1,0,-1,0,-1,0,-1,0,-1,0,-1,0,0,0,4847,3,0,3,44
1561,1065,fd,4,170,170,1,1056,1056,0,2,2,63742,440,6,0,0,0,1,123,57,0,2,0,0,0,0,0,1,43,4,0,0,0,0,0,0,0,1,113,47,288,0,0,-1,0,0,0,0,0,-1,0,0,0,0,0,2,208,123,1024,0,64,2,1,113,131,336,1,224,8,-1,0,0,0,0,0,0,-1,0,0,0,0,0,0,-1,0,0,0,3,86,152,0,-1,0,0,0,-1,0,0,-1,0,-1,0,-1,0,-1,0,-1,0,-1,0,-1,0,-1,0,-1,0,-1,0,-1,0,-1,0,-1,0,0,0,4847,3,0,3,45
1562,1066,fd,4,170,170,1,1056,1056,0,2,2,63742,440,6,0,0,0,1,123,57,0,2,0,0,0,0,0,1,43,3,0,0,0,0,0,0,0,1,112,47,272,0,0,-1,0,0,0,0,0,-1,0,0,0,0,0,2,208,123,1024,0,64,1,1,114,132,352,1,0,8,-1,0,0,0,0,0,0,-1,0,0,0,0,0,0,-1,0,0,0,3,86,152,0,-1,0,0,0,-1,0,0,-1,0,-1,0,-1,0,-1,0,-1,0,-1,0,-1,0,-1,0,-1,0,-1,0,-1,0,-1,0,-1,0,0,0,4847,3,0,3,46
1563,1067,fd,4,170,170,1,1056,1056,0,2,2,63742,440,6,0,0,0,1,123,57,0,2,0,0,0,0,0,1,43,2,0,0,0,0,0,0,0,1,111,47,256,0,0,-1,0,0,0,0,0,-1,0,0,0,0,0,0,208,123,1024,0,64,0,1,115,132,368,1,32,8,-1,0,0,0,0,0,0,-1,0,0,0,0,0,0,-1,0,0,0,3,86,152,0,-1,0,0,0,-1,0,0,-1,0,-1,0,-1,0,-1,0,-1,0,-1,0,-1,0,-1,0,-1,0,-1,0,-1,0,-1,0,-1,0,0,0,4847,3,0,3,47
1564,1068,fd,4,170,170,1,1056,1056,0,2,2,63742,440,6,0,0,0,1,123,57,0,2,0,0,0,0,0,1,43,1,0,0,0,0,0,0,0,1,110,47,240,0,0,-1,0,0,0,0,0,-1,0,0,0,0,0,0,204,123,1008,0,96,0,1,116,132,384,1,64,8,-1,0,0,0,0,0,0,-1,0,0,0,0,0,0,-1,0,0,0,3,86,152,0,-1,0,0,0,-1,0,0,-1,0,-1,0,-1,0,-1,0,-1,0,-1,0,-1,0,-1,0,-1,0,-1,0,-1,0,-1,0,-1,0,0,0,4847,3,0,3,48
1565,1069,fd,4,170,170,1,1056,1056,0,2,2,63742,440,6,0,0,0,1,123,57,0,2,0,0,0,0,0,1,43,57,0,0,0,0,0,0,0,1,110,47,0,1,8,0,210,47,0,0,7,-1,0,0,0,0,0,0,201,123,992,0,128,0,1,117,132,400,1,96,8,-1,0,0,0,0,0,0,-1,0,0,0,0,0,0,-1,0,0,0,3,86,152,0,-1,0,0,0,-1,0,0,-1,0,-1,0,-1,0,-1,0,-1,0,-1,0,-1,0,-1,0,-1,0,-1,0,-1,0,-1,0,-1,0,0,0,4847,3,0,3,49
1566,1070,fd,4,170,170,1,1056,1056,0,2,2,63742,440,6,0,0,0,1,123,57,0,2,0,0,0,0,0,1,43,56,0,0,0,0,0,0,0,1,110,47,0,1,7,0,210,47,0,0,6,-1,0,0,0,0,0,0,198,123,976,0,160,0,1,118,132,416,1,128,8,-1,0,0,0,0,0,0,-1,0,0,0,0,0,0,-1,0,0,0,3,86,152,0,-1,0,0,0,-1,0,0,-1,0,-1,0,-1,0,-1,0,-1,0,-1,0,-1,0,-1,0,-1,0,-1,0,-1,0,-1,0,-1,0,0,0,4847,3,0,3,50
1567,1071,fd,4,170,170,1,1056,1056,0,2,2,63742,440,6,0,0,0,1,123,57,0,2,0,0,0,0,0,1,43,55,0,0,0,0,0,0,0,1,110,47,0,1,6,0,210,47,0,0,5,-1,0,0,0,0,0,0,195,123,960,0,192,0,1,119,132,432,1,160,8,-1,0,0,0,0,0,0,-1,0,0,0,0,0,0,-1,0,0,0,3,86,152,0,-1,0,0,0,-1,0,0,-1,0,-1,0,-1,0,-1,0,-1,0,-1,0,-1,0,-1,0,-1,0,-1,0,-1,0,-1,0,-1,0,0,0,4847,3,0,3,51
1568,1072,fd,4,170,170,1,1056,1056,0,2,2,63742,440,6,0,0,0,1,123,57,0,2,0,0,0,0,0,1,43,54,0,0,0,0,0,0,0,1,110,47,0,1,5,0,210,47,0,0,4,-1,0,0,0,0,0,0,192,123,944,0,224,0,1,120,132,448,1,192,8,-1,0,0,0,0,0,0,-1,0,0,0,0,0,0,-1,0,0,0,3,86,152,0,-1,0,0,0,-1,0,0,-1,0,-1,0,-1,0,-1,0,-1,0,-1,0,-1,0,-1,0,-1,0,-1,0,-1,0,-1,0,-1,0,0,0,4847,3,0,3,52
1569,1073,fd,4,170,170,1,1056,1056,0,2,2,63742,440,6,0,0,0,1,123,57,0,2,0,0,0,0,0,1,43,53,0,0,0,0,0,0,0,1,110,47,0,1,4,0,210,47,0,0,3,-1,0,0,0,0,0,0,189,124,928,0,0,0,1,121,132,464,1,224,8,-1,0,0,0,0,0,0,-1,0,0,0,0,0,0,-1,0,0,0,3,86,152,0,-1,0,0,0,-1,0,0,-1,0,-1,0,-1,0,-1,0,-1,0,-1,0,-1,0,-1,0,-1,0,-1,0,-1,0,-1,0,-1,0,0,0,4847,3,0,3,53
1570,1074,fd,4,170,170,1,1056,1056,0,2,2,63742,440,6,0,0,0,1,123,57,0,2,0,0,0,0,0,1,43,52,0,0,0,0,0,0,0,1,110,47,0,1,3,0,210,47,0,0,2,-1,0,0,0,0,0,0,186,124,912,0,32,0,1,122,133,480,1,0,8,-1,0,0,0,0,0,0,-1,0,0,0,0,0,0,-1,0,0,0,3,86,152,0,-1,0,0,0,-1,0,0,-1,0,-1,0,-1,0,-1,0,-1,0,-1,0,-1,0,-1,0,-1,0,-1,0,-1,0,-1,0,-1,0,0,0,4847,3,0,3,54
1571,1075,fd,4,170,170,1,1056,1056,0,2,2,63742,440,6,0,0,0,1,123,57,0,2,0,0,0,0,0,1,43,51,0,0,0,0,0,0,0,1,110,47,0,1,2,0,210,47,0,0,1,-1,0,0,0,0,0,0,183,124,896,0,64,0,1,123,133,496,1,32,8,-1,0,0,0,0,0,0,-1,0,0,0,0,0,0,-1,0,0,0,3,86,152,0,-1,0,0,0,-1,0,0,-1,0,-1,0,-1,0,-1,0,-1,0,-1,0,-1,0,-1,0,-1,0,-1,0,-1,0,-1,0,-1,0,0,0,4847,3,0,3,55
1572,1076,fd,4,170,170,1,1056,1056,0,2,2,63742,440,6,0,0,0,1,123,57,0,2,0,0,0,0,0,1,43,50,0,0,0,0,0,0,0,1,110,47,0,1,1,1,210,47,1024,0,0,-1,0,0,0,0,0,0,180,124,880,0,96,0,1,124,133,512,1,64,8,-1,0,0,0,0,0,0,-1,0,0,0,0,0,0,-1,0,0,0,3,86,152,0,-1,0,0,0,-1,0,0,-1,0,-1,0,-1,0,-1,0,-1,0,-1,0,-1,0,-1,0,-1,0,-1,0,-1,0,-1,0,-1,0,0,0,4847,3,0,3,56
1573,1077,fd,4,170,170,1,1056,1056,0,2,2,63742,440,6,0,0,0,1,123,57,0,2,0,0,0,0,0,1,43,49,0,0,0,0,0,0,0,-1,0,0,0,0,0,1,206,47,1008,0,0,-1,0,0,0,0,0,0,177,124,864,0,128,0,1,126,133,528,1,96,8,-1,0,0,0,0,0,0,-1,0,0,0,0,0,0,-1,0,0,0,3,86,152,0,-1,0,0,0,-1,0,0,-1,0,-1,0,-1,0,-1,0,-1,0,-1,0,-1,0,-1,0,-1,0,-1,0,-1,0,-1,0,-1,0,0,0,4847,3,0,3,57
1574,1078,fd,4,170,170,1,1056,1056,0,2,2,63742,440,6,0,0,0,1,123,57,0,2,0,0,0,0,0,1,43,48,0,0,0,0,0,0,0,-1,0,0,0,0,0,1,203,47,992,0,0,-1,0,0,0,0,0,0,174,124,848,0,160,0,1,128,133,544,1,128,8,-1,0,0,0,0,0,0,-1,0,0,0,0,0,0,-1,0,0,0,3,86,152,0,-1,0,0,0,-1,0,0,-1,0,-1,0,-1,0,-1,0,-1,0,-1,0,-1,0,-1,0,-1,0,-1,0,-1,0,-1,0,-1,0,0,0,4847,3,0,3,58
1575,1079,fd,4,170,170,1,1056,1056,0,2,2,63742,440,6,0,0,0,1,123,57,0,2,0,0,0,0,0,1,43,47,0,0,0,0,0,0,0,-1,0,0,0,0,0,1,200,47,976,0,0,-1,0,0,0,0,0,0,171,124,832,0,192,0,1,130,133,560,1,160,8,-1,0,0,0,0,0,0,-1,0,0,0,0,0,0,-1,0,0,0,3,86,152,0,-1,0,0,0,-1,0,0,-1,0,-1,0,-1,0,-1,0,-1,0,-1,0,-1,0,-1,0,-1,0,-1,0,-1,0,-1,0,-1,0,0,0,4847,3,0,3,59
1576,1080,fd,4,170,170,1,1056,1056,0,2,2,63742,440,6,0,0,0,1,123,57,0,2,0,0,0,0,0,1,43,46,0,0,0,0,0,0,0,-1,0,0,0,0,0,1,197,47,960,0,0,-1,0,0,0,0,0,0,168,124,816,0,224,0,1,132,133,576,1,192,8,-1,0,0,0,0,0,0,-1,0,0,0,0,0,0,-1,0,0,0,3,86,152,0,-1,0,0,0,-1,0,0,-1,0,-1,0,-1,0,-1,0,-1,0,-1,0,-1,0,-1,0,-1,0,-1,0,-1,0,-1,0,-1,0,0,0,4847,3,0,3,60
1577,1081,fd,4,170,170,1,1056,1056,0,2,2,63742,440,6,0,0,0,1,123,57,0,2,0,0,0,0,0,1,43,45,0,0,0,0,0,0,0,-1,0,0,0,0,0,1,194,47,944,0,0,-1,0,0,0,0,0,0,165,125,800,0,0,0,1,134,133,592,1,224,8,-1,0,0,0,0,0,0,-1,0,0,0,0,0,0,-1,0,0,0,3,86,152,0,-1,0,0,0,-1,0,0,-1,0,-1,0,-1,0,-1,0,-1,0,-1,0,-1,0,-1,0,-1,0,-1,0,-1,0,-1,0,-1,0,0,0,4847,3,0,3,61
1578,1082,fd,4,170,170,1,1056,1056,0,2,2,63742,440,6,0,0,0,1,123,57,0,2,0,0,0,0,0,1,43,44,0,0,0,0,0,0,0,-1,0,0,0,0,0,1,191,47,928,0,0,-1,0,0,0,0,0,0,162,125,784,0,32,0,1,136,134,608,1,0,8,-1,0,0,0,0,0,0,-1,0,0,0,0,0,0,-1,0,0,0,3,86,152,0,-1,0,0,0,-1,0,0,-1,0,-1,0,-1,0,-1,0,-1,0,-1,0,-1,0,-1,0,-1,0,-1,0,-1,0,-1,0,-1,0,0,0,4847,3,0,3,62
1579,1083,fd,4,170,170,1,1056,1056,0,2,2,63742,440,6,0,0,0,1,123,57,0,2,0,0,0,0,0,1,43,43,0,0,0,0,0,0,0,-1,0,0,0,0,0,1,188,47,912,0,0,-1,0,0,0,0,0,0,159,125,768,0,64,0,1,138,134,624,1,32,8,-1,0,0,0,0,0,0,-1,0,0,0,0,0,0,-1,0,0,0,3,86,152,0,-1,0,0,0,-1,0,0,-1,0,-1,0,-1,0,-1,0,-1,0,-1,0,-1,0,-1,0,-1,0,-1,0,-1,0,-1,0,-1,0,0,0,4847,3,0,3,63
1580,1084,fd,4,170,170,1,1056,1056,0,2,2,63742,440,6,0,0,0,1,123,57,0,2,0,0,0,0,0,1,43,42,0,0,0,0,0,0,0,-1,0,0,0,0,0,1,185,47,896,0,0,-1,0,0,0,0,0,0,156,125,752,0,96,0,1,140,134,640,1,64,8,-1,0,0,0,0,0,0,-1,0,0,0,0,0,0,-1,0,0,0,3,86,152,0,-1,0,0,0,-1,0,0,-1,0,-1,0,-1,0,-1,0,-1,0,-1,0,-1,0,-1,0,-1,0,-1,0,-1,0,-1,0,-1,0,0,0,4847,3,0,3,64
1581,1085,fd,4,170,170,1,1056,1056,0,2,2,63742,440,6,0,0,0,1,123,57,0,2,0,0,0,0,0,1,43,41,0,0,0,0,0,0,0,-1,0,0,0,0,0,1,182,47,880,0,0,-1,0,0,0,0,0,0,154,125,736,0,128,0,1,142,134,656,1,96,8,-1,0,0,0,0,0,0,-1,0,0,0,0,0,0,-1,0,0,0,3,86,152,0,-1,0,0,0,-1,0,0,-1,0,-1,0,-1,0,-1,0,-1,0,-1,0,-1,0,-1,0,-1,0,-1,0,-1,0,-1,0,-1,0,0,0,4847,3,0,3,65
1582,1086,fd,4,170,170,1,1056,1056,0,2,2,63742,440,6,0,0,0,1,123,57,0,2,0,0,0,0,0,1,43,40,0,0,0,0,0,0,0,-1,0,0,0,0,0,1,179,47,864,0,0,-1,0,0,0,0,0,0,152,125,720,0,160,0,1,144,134,672,1,128,8,-1,0,0,0,0,0,0,-1,0,0,0,0,0,0,-1,0,0,0,3,86,152,0,-1,0,0,0,-1,0,0,-1,0,-1,0,-1,0,-1,0,-1,0,-1,0,-1,0,-1,0,-1,0,-1,0,-1,0,-1,0,-1,0,0,0,4847,3,0,3,66
1583,1087,fd,4,170,170,1,1056,1056,0,2,2,63742,440,6,0,0,0,1,123,57,0,2,0,0,0,0,0,1,43,39,0,0,0,0,0,0,0,-1,0,0,0,0,0,1,176,47,848,0,0,-1,0,0,0,0,0,0,150,125,704,0,192,0,1,146,134,688,1,160,8,-1,0,0,0,0,0,0,-1,0,0,0,0,0,0,-1,0,0,0,3,86,152,0,-1,0,0,0,-1,0,0,-1,0,-1,0,-1,0,-1,0,-1,0,-1,0,-1,0,-1,0,-1,0,-1,0,-1,0,-1,0,-1,0,0,0,4847,3,0,3,67
1584,1088,fd,4,170,170,1,1056,1056,0,2,2,63742,440,6,0,0,0,1,123,57,0,2,0,0,0,0,0,1,43,38,0,0,0,0,0,0,0,-1,0,0,0,0,0,1,173,47,832,0,0,-1,0,0,0,0,0,0,148,125,688,0,224,0,1,148,134,704,1,192,8,-1,0,0,0,0,0,0,-1,0,0,0,0,0,0,-1,0,0,0,3,86,152,0,-1,0,0,0,-1,0,0,-1,0,-1,0,-1,0,-1,0,-1,0,-1,0,-1,0,-1,0,-1,0,-1,0,-1,0,-1,0,-1,0,0,0,4847,3,0,3,68
1585,1089,fd,4,170,170,1,1056,1056,0,2,2,63742,440,6,0,0,0,1,123,57,0,2,0,0,0,0,0,1,43,37,0,0,0,0,0,0,0,-1,0,0,0,0,0,1,170,47,816,0,0,-1,0,0,0,0,0,0,146,126,672,0,0,0,1,150,134,720,1,224,8,-1,0,0,0,0,0,0,-1,0,0,0,0,0,0,-1,0,0,0,3,86,152,0,-1,0,0,0,-1,0,0,-1,0,-1,0,-1,0,-1,0,-1,0,-1,0,-1,0,-1,0,-1,0,-1,0,-1,0,-1,0,-1,0,0,0,4847,3,0,3,69
1586,1090,fd,4,170,170,1,1056,1056,0,2,2,63742,440,6,0,0,0,1,123,57,0,2,0,0,0,0,0,1,43,36,0,0,0,0,0,0,0,-1,0,0,0,0,0,1,167,47,800,0,0,-1,0,0,0,0,0,0,144,126,656,0,32,0,1,152,135,736,1,0,8,-1,0,0,0,0,0,0,-1,0,0,0,0,0,0,-1,0,0,0,3,86,152,0,-1,0,0,0,-1,0,0,-1,0,-1,0,-1,0,-1,0,-1,0,-1,0,-1,0,-1,0,-1,0,-1,0,-1,0,-1,0,-1,0,0,0,4847,3,0,3,70
1587,1091,fd,4,170,170,1,1056,1056,0,2,2,63742,440,6,0,0,0,1,123,57,0,2,0,0,0,0,0,1,43,35,0,0,0,0,0,0,0,-1,0,0,0,0,0,1,164,47,784,0,0,-1,0,0,0,0,0,0,142,126,640,0,64,0,1,154,135,752,1,32,8,-1,0,0,0,0,0,0,-1,0,0,0,0,0,0,-1,0,0,0,3,86,152,0,-1,0,0,0,-1,0,0,-1,0,-1,0,-1,0,-1,0,-1,0,-1,0,-1,0,-1,0,-1,0,-1,0,-1,0,-1,0,-1,0,0,0,4847,3,0,3,71
1588,1092,fd,4,170,170,1,1056,1056,0,2,2,63742,440,6,0,0,0,1,123,57,0,2,0,0,0,0,0,1,43,34,0,0,0,0,0,0,0,-1,0,0,0,0,0,1,161,47,768,0,0,-1,0,0,0,0,0,0,140,126,624,0,96,0,1,156,135,768,1,64,8,-1,0,0,0,0,0,0,-1,0,0,0,0,0,0,-1,0,0,0,3,86,152,0,-1,0,0,0,-1,0,0,-1,0,-1,0,-1,0,-1,0,-1,0,-1,0,-1,0,-1,0,-1,0,-1,0,-1,0,-1,0,-1,0,0,0,4847,3,0,3,72
1589,1093,fd,4,170,170,1,1056,1056,0,2,2,63742,440,6,0,0,0,1,123,57,0,2,0,0,0,0,0,1,43,33,0,0,0,0,0,0,0,-1,0,0,0,0,0,1,158,47,752,0,0,-1,0,0,0,0,0,0,138,126,608,0,128,0,1,159,135,784,1,96,8,-1,0,0,0,0,0,0,-1,0,0,0,0,0,0,-1,0,0,0,3,86,152,0,-1,0,0,0,-1,0,0,-1,0,-1,0,-1,0,-1,0,-1,0,-1,0,-1,0,-1,0,-1,0,-1,0,-1,0,-1,0,-1,0,0,0,4847,3,0,3,73
1590,1094,fd,4,170,170,1,1056,1056,0,2,2,63742,440,6,0,0,0,1,123,57,0,2,0,0,0,0,0,1,43,32,0,0,0,0,0,0,0,-1,0,0,0,0,0,1,156,47,736,0,0,-1,0,0,0,0,0,0,136,126,592,0,160,0,1,162,135,800,1,128,8,-1,0,0,0,0,0,0,-1,0,0,0,0,0,0,-1,0,0,0,3,86,152,0,-1,0,0,0,-1,0,0,-1,0,-1,0,-1,0,-1,0,-1,0,-1,0,-1,0,-1,0,-1,0,-1,0,-1,0,-1,0,-1,0,0,0,4847,3,0,3,74
1591,1095,fd,4,170,170,1,1056,1056,0,2,2,63742,440,6,0,0,0,1,123,57,0,2,0,0,0,0,0,1,43,31,0,0,0,0,0,0,0,-1,0,0,0,0,0,1,154,47,720,0,0,-1,0,0,0,0,0,0,134,126,576,0,192,0,1,165,135,816,1,160,8,-1,0,0,0,0,0,0,-1,0,0,0,0,0,0,-1,0,0,0,3,86,152,0,-1,0,0,0,-1,0,0,-1,0,-1,0,-1,0,-1,0,-1,0,-1,0,-1,0,-1,0,-1,0,-1,0,-1,0,-1,0,-1,0,0,0,4847,3,0,3,75
1592,1096,fd,4,170,170,1,1056,1056,0,2,2,63742,440,6,0,0,0,1,123,57,0,2,0,0,0,0,0,1,43,30,0,0,0,0,0,0,0,-1,0,0,0,0,0,1,152,47,704,0,0,-1,0,0,0,0,0,0,132,126,560,0,224,0,1,168,135,832,1,192,8,-1,0,0,0,0,0,0,-1,0,0,0,0,0,0,-1,0,0,0,3,86,152,0,-1,0,0,0,-1,0,0,-1,0,-1,0,-1,0,-1,0,-1,0,-1,0,-1,0,-1,0,-1,0,-1,0,-1,0,-1,0,-1,0,0,0,4847,3,0,3,76
1593,1097,fd,4,170,170,1,1056,1056,0,2,2,63742,440,6,0,0,0,1,123,57,0,2,0,0,0,0,0,1,43,29,0,0,0,0,0,0,0,-1,0,0,0,0,0,1,150,47,688,0,0,-1,0,0,0,0,0,0,130,127,544,0,0,0,1,171,135,848,1,224,8,-1,0,0,0,0,0,0,-1,0,0,0,0,0,0,-1,0,0,0,3,86,152,0,-1,0,0,0,-1,0,0,-1,0,-1,0,-1,0,-1,0,-1,0,-1,0,-1,0,-1,0,-1,0,-1,0,-1,0,-1,0,-1,0,0,0,4847,3,0,3,77
1594,1098,fd,4,170,170,1,1056,1056,0,2,2,63742,440,6,0,0,0,1,123,57,0,2,0,0,0,0,0,1,43,28,0,0,0,0,0,0,0,-1,0,0,0,0,0,1,148,47,672,0,0,-1,0,0,0,0,0,0,128,127,528,0,32,0,1,174,136,864,1,0,8,-1,0,0,0,0,0,0,-1,0,0,0,0,0,0,-1,0,0,0,3,86,152,0,-1,0,0,0,-1,0,0,-1,0,-1,0,-1,0,-1,0,-1,0,-1,0,-1,0,-1,0,-1,0,-1,0,-1,0,-1,0,-1,0,0,0,4847,3,0,3,78
1595,1099,fd,4,170,170,1,1056,1056,0,2,2,63742,440,6,0,0,0,1,123,57,0,2,0,0,0,0,0,1,43,27,0,0,0,0,0,0,0,-1,0,0,0,0,0,1,146,47,656,0,0,-1,0,0,0,0,0,0,126,127,512,0,64,0,1,177,136,880,1,32,8,-1,0,0,0,0,0,0,-1,0,0,0,0,0,0,-1,0,0,0,3,86,152,0,-1,0,0,0,-1,0,0,-1,0,-1,0,-1,0,-1,0,-1,0,-1,0,-1,0,-1,0,-1,0,-1,0,-1,0,-1,0,-1,0,0,0,4847,3,0,3,79
1596,1100,fd,4,170,170,1,1056,1056,0,2,2,63742,440,6,0,0,0,1,123,57,0,2,0,0,0,0,0,1,43,26,0,0,0,0,0,0,0,-1,0,0,0,0,0,1,144,47,640,0,0,-1,0,0,0,0,0,0,124,127,496,0,96,0,1,180,136,896,1,64,8,-1,0,0,0,0,0,0,-1,0,0,0,0,0,0,-1,0,0,0,3,86,152,0,-1,0,0,0,-1,0,0,-1,0,-1,0,-1,0,-1,0,-1,0,-1,0,-1,0,-1,0,-1,0,-1,0,-1,0,-1,0,-1,0,0,0,4847,3,0,3,80
1597,1101,fd,4,170,170,1,1056,1056,0,2,2,63742,440,6,0,0,0,1,123,57,0,2,0,0,0,0,0,1,43,25,0,0,0,0,0,0,0,-1,0,0,0,0,0,1,142,47,624,0,0,-1,0,0,0,0,0,0,123,127,480,0,128,0,1,183,136,912,1,96,8,-1,0,0,0,0,0,0,-1,0,0,0,0,0,0,-1,0,0,0,3,86,152,0,-1,0,0,0,-1,0,0,-1,0,-1,0,-1,0,-1,0,-1,0,-1,0,-1,0,-1,0,-1,0,-1,0,-1,0,-1,0,-1,0,0,0,4847,3,0,3,81
1598,1102,fd,4,170,170,1,1056,1056,0,2,2,63742,440,6,0,0,0,1,123,57,0,2,0,0,0,0,0,1,43,24,0,0,0,0,0,0,0,-1,0,0,0,0,0,1,140,47,608,0,0,-1,0,0,0,0,0,0,122,127,464,0,160,0,1,186,136,928,1,128,8,-1,0,0,0,0,0,0,-1,0,0,0,0,0,0,-1,0,0,0,3,86,152,0,-1,0,0,0,-1,0,0,-1,0,-1,0,-1,0,-1,0,-1,0,-1,0,-1,0,-1,0,-1,0,-1,0,-1,0,-1,0,-1,0,0,0,4847,3,0,3,82
1599,1103,fd,4,170,170,1,1056,1056,0,2,2,63742,440,6,0,0,0,1,123,57,0,2,0,0,0,0,0,1,43,23,0,0,0,0,0,0,0,-1,0,0,0,0,0,1,138,47,592,0,0,-1,0,0,0,0,0,0,121,127,448,0,192,0,1,189,136,944,1,160,8,-1,0,0,0,0,0,0,-1,0,0,0,0,0,0,-1,0,0,0,3,86,152,0,-1,0,0,0,-1,0,0,-1,0,-1,0,-1,0,-1,0,-1,0,-1,0,-1,0,-1,0,-1,0,-1,0,-1,0,-1,0,-1,0,0,0,4847,3,0,3,83
1600,1104,fd,4,170,170,1,1056,1056,0,2,2,63742,440,6,0,0,0,1,123,57,0,2,0,0,0,0,0,1,43,22,0,0,0,0,0,0,0,-1,0,0,0,0,0,1,136,47,576,0,0,-1,0,0,0,0,0,0,120,127,432,0,224,0,1,192,136,960,1,192,8,-1,0,0,0,0,0,0,-1,0,0,0,0,0,0,-1,0,0,0,3,86,152,0,-1,0,0,0,-1,0,0,-1,0,-1,0,-1,0,-1,0,-1,0,-1,0,-1,0,-1,0,-1,0,-1,0,-1,0,-1,0,-1,0,0,0,4847,3,0,3,84
1601,1105,fd,4,170,170,1,1056,1056,0,2,2,63742,440,6,0,0,0,1,123,57,0,2,0,0,0,0,0,1,43,21,0,0,0,0,0,0,0,-1,0,0,0,0,0,1,134,47,560,0,0,-1,0,0,0,0,0,0,119,128,416,0,0,0,1,195,136,976,1,224,8,-1,0,0,0,0,0,0,-1,0,0,0,0,0,0,-1,0,0,0,3,86,152,0,-1,0,0,0,-1,0,0,-1,0,-1,0,-1,0,-1,0,-1,0,-1,0,-1,0,-1,0,-1,0,-1,0,-1,0,-1,0,-1,0,0,0,4847,3,0,3,85
1602,1106,fd,4,170,170,1,1056,1056,0,2,2,63742,440,6,0,0,0,1,123,57,0,2,0,0,0,0,0,1,43,20,0,0,0,0,0,0,0,-1,0,0,0,0,0,1,132,47,544,0,0,-1,0,0,0,0,0,0,118,128,400,0,32,0,1,198,137,992,1,0,8,-1,0,0,0,0,0,0,-1,0,0,0,0,0,0,-1,0,0,0,3,86,152,0,-1,0,0,0,-1,0,0,-1,0,-1,0,-1,0,-1,0,-1,0,-1,0,-1,0,-1,0,-1,0,-1,0,-1,0,-1,0,-1,0,0,0,4847,3,0,3,86
1603,1107,fd,4,170,170,1,1056,1056,0,2,2,63742,440,6,0,0,0,1,123,57,0,2,0,0,0,0,0,1,43,19,0,0,0,0,0,0,0,-1,0,0,0,0,0,1,130,47,528,0,0,-1,0,0,0,0,0,0,117,128,384,0,64,0,1,201,137,1008,1,32,8,-1,0,0,0,0,0,0,-1,0,0,0,0,0,0,-1,0,0,0,3,86,152,0,-1,0,0,0,-1,0,0,-1,0,-1,0,-1,0,-1,0,-1,0,-1,0,-1,0,-1,0,-1,0,-1,0,-1,0,-1,0,-1,0,0,0,4847,3,0,3,87
1604,1108,fd,4,170,170,1,1056,1056,0,2,2,63742,440,6,0,0,0,1,123,57,0,2,0,0,0,0,0,1,43,18,0,0,0,0,0,0,0,-1,0,0,0,0,0,1,128,47,512,0,0,-1,0,0,0,0,0,0,116,128,368,0,96,0,2,208,123,1024,0,64,16,-1,0,0,0,0,0,0,-1,0,0,0,0,0,0,-1,0,0,0,3,86,152,0,-1,0,0,0,-1,0,0,-1,0,-1,0,-1,0,-1,0,-1,0,-1,0,-1,0,-1,0,-1,0,-1,0,-1,0,-1,0,-1,0,0,0,4847,3,0,3,88
1605,1109,fd,4,170,170,1,1056,1056,0,2,2,63742,440,6,0,0,0,1,123,57,0,2,0,0,0,0,0,1,43,17,0,0,0,0,0,0,0,-1,0,0,0,0,0,1,126,47,496,0,0,-1,0,0,0,0,0,0,115,128,352,0,128,0,2,208,123,1024,0,64,15,-1,0,0,0,0,0,0,-1,0,0,0,0,0,0,-1,0,0,0,3,86,152,0,-1,0,0,0,-1,0,0,-1,0,-1,0,-1,0,-1,0,-1,0,-1,0,-1,0,-1,0,-1,0,-1,0,-1,0,-1,0,-1,0,0,0,4847,3,0,3,89
1606,1110,fd,4,170,170,1,1056,1056,0,2,2,63742,440,6,0,0,0,1,123,57,0,2,0,0,0,0,0,1,43,16,0,0,0,0,0,0,0,-1,0,0,0,0,0,1,125,47,480,0,0,-1,0,0,0,0,0,0,114,128,336,0,160,0,2,208,123,1024,0,64,14,-1,0,0,0,0,0,0,-1,0,0,0,0,0,0,-1,0,0,0,3,86,152,0,-1,0,0,0,-1,0,0,-1,0,-1,0,-1,0,-1,0,-1,0,-1,0,-1,0,-1,0,-1,0,-1,0,-1,0,-1,0,-1,0,0,0,4847,3,0,3,90
1607,1111,fd,4,170,170,1,1056,1056,0,2,2,63742,440,6,0,0,0,1,123,57,0,2,0,0,0,0,0,1,43,15,0,0,0,0,0,0,0,-1,0,0,0,0,0,1,124,47,464,0,0,-1,0,0,0,0,0,0,113,128,320,0,192,0,2,208,123,1024,0,64,13,-1,0,0,0,0,0,0,-1,0,0,0,0,0,0,-1,0,0,0,3,86,152,0,-1,0,0,0,-1,0,0,-1,0,-1,0,-1,0,-1,0,-1,0,-1,0,-1,0,-1,0,-1,0,-1,0,-1,0,-1,0,-1,0,0,0,4847,3,0,3,91
1608,1112,fd,4,170,170,1,1056,1056,0,2,2,63742,440,6,0,0,0,1,123,57,0,2,0,0,0,0,0,1,43,14,0,0,0,0,0,0,0,-1,0,0,0,0,0,1,123,47,448,0,0,-1,0,0,0,0,0,0,112,128,304,0,224,0,2,208,123,1024,0,64,12,-1,0,0,0,0,0,0,-1,0,0,0,0,0,0,-1,0,0,0,3,86,152,0,-1,0,0,0,-1,0,0,-1,0,-1,0,-1,0,-1,0,-1,0,-1,0,-1,0,-1,0,-1,0,-1,0,-1,0,-1,0,-1,0,0,0,4847,3,0,3,92
1609,1113,fd,4,170,170,1,1056,1056,0,2,2,63742,440,6,0,0,0,1,123,57,0,2,0,0,0,0,0,1,43,13,0,0,0,0,0,0,0,-1,0,0,0,0,0,1,122,47,432,0,0,-1,0,0,0,0,0,0,111,129,288,0,0,0,2,208,123,1024,0,64,11,-1,0,0,0,0,0,0,-1,0,0,0,0,0,0,-1,0,0,0,3,86,152,0,-1,0,0,0,-1,0,0,-1,0,-1,0,-1,0,-1,0,-1,0,-1,0,-1,0,-1,0,-1,0,-1,0,-1,0,-1,0,-1,0,0,0,4847,3,0,3,93
1610,1114,fd,4,170,170,1,1056,1056,0,2,2,63742,440,6,0,0,0,1,123,57,0,2,0,0,0,0,0,1,43,12,0,0,0,0,0,0,0,-1,0,0,0,0,0,1,121,47,416,0,0,-1,0,0,0,0,0,0,110,129,272,0,32,0,2,208,123,1024,0,64,10,-1,0,0,0,0,0,0,-1,0,0,0,0,0,0,-1,0,0,0,3,86,152,0,-1,0,0,0,-1,0,0,-1,0,-1,0,-1,0,-1,0,-1,0,-1,0,-1,0,-1,0,-1,0,-1,0,-1,0,-1,0,-1,0,0,0,4847,3,0,3,94
1611,1115,fd,4,170,170,1,1056,1056,0,2,2,63742,440,6,0,0,0,1,123,57,0,2,0,0,0,0,0,1,43,11,0,0,0,0,0,0,0,-1,0,0,0,0,0,1,120,47,400,0,0,-1,0,0,0,0,0,0,109,129,256,0,64,0,2,208,123,1024,0,64,9,-1,0,0,0,0,0,0,-1,0,0,0,0,0,0,-1,0,0,0,3,86,152,0,-1,0,0,0,-1,0,0,-1,0,-1,0,-1,0,-1,0,-1,0,-1,0,-1,0,-1,0,-1,0,-1,0,-1,0,-1,0,-1,0,0,0,4847,3,0,3,95
1612,1116,fd,4,170,170,1,1056,1056,0,2,2,63742,440,6,0,0,0,1,123,57,0,2,0,0,0,0,0,1,43,10,0,0,0,0,0,0,0,-1,0,0,0,0,0,1,119,47,384,0,0,-1,0,0,0,0,0,0,108,129,240,0,96,0,2,208,123,1024,0,64,8,-1,0,0,0,0,0,0,-1,0,0,0,0,0,0,-1,0,0,0,3,86,152,0,-1,0,0,0,-1,0,0,-1,0,-1,0,-1,0,-1,0,-1,0,-1,0,-1,0,-1,0,-1,0,-1,0,-1,0,-1,0,-1,0,0,0,4847,3,0,3,96
1613,1117,fd,4,170,170,1,1056,1056,0,2,2,63742,440,6,0,0,0,1,123,57,0,2,0,0,0,0,0,1,43,9,0,0,0,0,0,0,0,-1,0,0,0,0,0,1,118,47,368,0,0,-1,0,0,0,0,0,1,108,129,0,1,128,8,2,208,123,1024,0,64,7,-1,0,0,0,0,0,0,-1,0,0,0,0,0,0,-1,0,0,0,3,86,152,0,-1,0,0,0,-1,0,0,-1,0,-1,0,-1,0,-1,0,-1,0,-1,0,-1,0,-1,0,-1,0,-1,0,-1,0,-1,0,-1,0,0,0,4847,3,0,3,97
1614,1118,fd,4,170,170,1,1056,1056,0,2,2,63742,440,6,0,0,0,1,123,57,0,2,0,0,0,0,0,1,43,8,0,0,0,0,0,0,0,-1,0,0,0,0,0,1,117,47,352,0,0,-1,0,0,0,0,0,1,108,129,16,1,160,8,2,208,123,1024,0,64,6,-1,0,0,0,0,0,0,-1,0,0,0,0,0,0,-1,0,0,0,3,86,152,0,-1,0,0,0,-1,0,0,-1,0,-1,0,-1,0,-1,0,-1,0,-1,0,-1,0,-1,0,-1,0,-1,0,-1,0,-1,0,-1,0,0,0,4847,3,0,3,98
1615,1119,fd,4,170,170,1,1056,1056,0,2,2,63742,440,6,0,0,0,1,123,57,0,2,0,0,0,0,0,1,43,7,0,0,0,0,0,0,0,-1,0,0,0,0,0,1,116,47,336,0,0,-1,0,0,0,0,0,1,108,129,32,1,192,8,2,208,123,1024,0,64,5,-1,0,0,0,0,0,0,-1,0,0,0,0,0,0,-1,0,0,0,3,86,152,0,-1,0,0,0,-1,0,0,-1,0,-1,0,-1,0,-1,0,-1,0,-1,0,-1,0,-1,0,-1,0,-1,0,-1,0,-1,0,-1,0,0,0,4847,3,0,3,99
1616,1120,fd,4,170,170,1,1056,1056,0,2,2,63742,440,6,0,0,0,1,123,57,0,2,0,0,0,0,0,1,43,6,0,0,0,0,0,0,0,-1,0,0,0,0,0,1,115,47,320,0,0,-1,0,0,0,0,0,1,108,129,48,1,224,8,2,208,123,1024,0,64,4,-1,0,0,0,0,0,0,-1,0,0,0,0,0,0,-1,0,0,0,3,86,152,0,-1,0,0,0,-1,0,0,-1,0,-1,0,-1,0,-1,0,-1,0,-1,0,-1,0,-1,0,-1,0,-1,0,-1,0,-1,0,-1,0,0,0,4847,3,0,3,100
1617,1121,fd,4,170,170,1,1056,1056,0,2,2,63742,440,6,0,0,0,1,123,57,0,2,0,0,0,0,0,1,43,5,0,0,0,0,0,0,0,-1,0,0,0,0,0,1,114,47,304,0,0,-1,0,0,0,0,0,1,108,130,64,1,0,8,2,208,123,1024,0,64,3,-1,0,0,0,0,0,0,-1,0,0,0,0,0,0,-1,0,0,0,3,86,152,0,-1,0,0,0,-1,0,0,-1,0,-1,0,-1,0,-1,0,-1,0,-1,0,-1,0,-1,0,-1,0,-1,0,-1,0,-1,0,-1,0,0,0,4847,3,0,3,101
1618,1122,fd,4,170,170,1,1056,1056,0,2,2,63742,440,6,0,0,0,1,123,57,0,2,0,0,0,0,0,1,43,4,0,0,0,0,0,0,0,-1,0,0,0,0,0,1,113,47,288,0,0,-1,0,0,0,0,0,1,108,130,80,1,32,8,2,208,123,1024,0,64,2,-1,0,0,0,0,0,0,-1,0,0,0,0,0,0,-1,0,0,0,3,86,152,0,-1,0,0,0,-1,0,0,-1,0,-1,0,-1,0,-1,0,-1,0,-1,0,-1,0,-1,0,-1,0,-1,0,-1,0,-1,0,-1,0,0,0,4847,3,0,3,102
1619,1123,fd,4,170,170,1,1056,1056,0,2,2,63742,440,6,0,0,0,1,123,57,0,2,0,0,0,0,0,1,43,3,0,0,0,0,0,0,0,-1,0,0,0,0,0,1,112,47,272,0,0,-1,0,0,0,0,0,1,108,130,96,1,64,8,2,208,123,1024,0,64,1,-1,0,0,0,0,0,0,-1,0,0,0,0,0,0,-1,0,0,0,3,86,152,0,-1,0,0,0,-1,0,0,-1,0,-1,0,-1,0,-1,0,-1,0,-1,0,-1,0,-1,0,-1,0,-1,0,-1,0,-1,0,-1,0,0,0,4847,3,0,3,103
1620,1124,fd,4,170,170,1,1056,1056,0,2,2,63742,440,6,0,0,0,1,123,57,0,2,0,0,0,0,0,1,43,2,0,0,0,0,0,0,0,-1,0,0,0,0,0,1,111,47,256,0,0,-1,0,0,0,0,0,1,108,130,112,1,96,8,0,208,123,1024,0,64,0,-1,0,0,0,0,0,0,-1,0,0,0,0,0,0,-1,0,0,0,3,86,152,0,-1,0,0,0,-1,0,0,-1,0,-1,0,-1,0,-1,0,-1,0,-1,0,-1,0,-1,0,-1,0,-1,0,-1,0,-1,0,-1,0,0,0,4847,3,0,3,104
1621,1125,fd,4,170,170,1,1056,1056,0,2,2,63742,440,6,0,0,0,1,123,57,0,2,0,0,0,0,0,1,43,1,0,0,0,0,0,0,0,-1,0,0,0,0,0,1,110,47,240,0,0,-1,0,0,0,0,0,1,108,130,128,1,128,8,0,204,123,1008,0,96,0,-1,0,0,0,0,0,0,-1,0,0,0,0,0,0,-1,0,0,0,3,86,152,0,-1,0,0,0,-1,0,0,-1,0,-1,0,-1,0,-1,0,-1,0,-1,0,-1,0,-1,0,-1,0,-1,0,-1,0,-1,0,-1,0,0,0,4847,3,0,3,105
1622,1126,fd,4,170,170,1,1056,1056,0,2,2,63742,440,6,0,0,0,1,123,57,0,2,0,0,0,0,0,1,43,57,0,0,0,0,0,0,0,0,210,47,0,0,7,1,110,47,0,1,8,-1,0,0,0,0,0,1,108,130,144,1,160,8,0,201,123,992,0,128,0,-1,0,0,0,0,0,0,-1,0,0,0,0,0,0,-1,0,0,0,3,86,152,0,-1,0,0,0,-1,0,0,-1,0,-1,0,-1,0,-1,0,-1,0,-1,0,-1,0,-1,0,-1,0,-1,0,-1,0,-1,0,-1,0,0,0,4847,3,0,3,106
1623,1127,fd,4,170,170,1,1056,1056,0,2,2,63742,440,6,0,0,0,1,123,57,0,2,0,0,0,0,0,1,43,56,0,0,0,0,0,0,0,0,210,47,0,0,6,1,110,47,0,1,7,-1,0,0,0,0,0,1,108,130,160,1,192,8,0,198,123,976,0,160,0,-1,0,0,0,0,0,0,-1,0,0,0,0,0,0,-1,0,0,0,3,86,152,0,-1,0,0,0,-1,0,0,-1,0,-1,0,-1,0,-1,0,-1,0,-1,0,-1,0,-1,0,-1,0,-1,0,-1,0,-1,0,-1,0,0,0,4847,3,0,3,107
1624,1128,fd,4,170,170,1,1056,1056,0,2,2,63742,440,6,0,0,0,1,123,57,0,2,0,0,0,0,0,1,43,55,0,0,0,0,0,0,0,0,210,47,0,0,5,1,110,47,0,1,6,-1,0,0,0,0,0,1,108,130,176,1,224,8,0,195,123,960,0,192,0,-1,0,0,0,0,0,0,-1,0,0,0,0,0,0,-1,0,0,0,3,86,152,0,-1,0,0,0,-1,0,0,-1,0,-1,0,-1,0,-1,0,-1,0,-1,0,-1,0,-1,0,-1,0,-1,0,-1,0,-1,0,-1,0,0,0,4847,3,0,3,108
1625,1129,fd,4,170,170,1,1056,1056,0,2,2,63742,440,6,0,0,0,1,123,57,0,2,0,0,0,0,0,1,43,54,0,0,0,0,0,0,0,0,210,47,0,0,4,1,110,47,0,1,5,-1,0,0,0,0,0,1,108,131,192,1,0,8,0,192,123,944,0,224,0,-1,0,0,0,0,0,0,-1,0,0,0,0,0,0,-1,0,0,0,3,86,152,0,-1,0,0,0,-1,0,0,-1,0,-1,0,-1,0,-1,0,-1,0,-1,0,-1,0,-1,0,-1,0,-1,0,-1,0,-1,0,-1,0,0,0,4847,3,0,3,109
1626,1130,fd,4,170,170,1,1056,1056,0,2,2,63742,440,6,0,0,0,1,123,57,0,2,0,0,0,0,0,1,43,53,0,0,0,0,0,0,0,0,210,47,0,0,3,1,110,47,0,1,4,-1,0,0,0,0,0,1,108,131,208,1,32,8,0,189,124,928,0,0,0,-1,0,0,0,0,0,0,-1,0,0,0,0,0,0,-1,0,0,0,3,86,152,0,-1,0,0,0,-1,0,0,-1,0,-1,0,-1,0,-1,0,-1,0,-1,0,-1,0,-1,0,-1,0,-1,0,-1,0,-1,0,-1,0,0,0,4847,3,0,3,110
1627,1131,fd,4,170,170,1,1056,1056,0,2,2,63742,440,6,0,0,0,1,123,57,0,2,0,0,0,0,0,1,43,52,0,0,0,0,0,0,0,0,210,47,0,0,2,1,110,47,0,1,3,-1,0,0,0,0,0,1,108,131,224,1,64,8,0,186,124,912,0,32,0,-1,0,0,0,0,0,0,-1,0,0,0,0,0,0,-1,0,0,0,3,86,152,0,-1,0,0,0,-1,0,0,-1,0,-1,0,-1,0,-1,0,-1,0,-1,0,-1,0,-1,0,-1,0,-1,0,-1,0,-1,0,-1,0,0,0,4847,3,0,3,111
1628,1132,fd,4,170,170,1,1056,1056,0,2,2,63742,440,6,0,0,0,1,123,57,0,2,0,0,0,0,0,1,43,51,0,0,0,0,0,0,0,0,210,47,0,0,1,1,110,47,0,1,2,-1,0,0,0,0,0,1,108,131,240,1,96,8,0,183,124,896,0,64,0,-1,0,0,0,0,0,0,-1,0,0,0,0,0,0,-1,0,0,0,3,86,152,0,-1,0,0,0,-1,0,0,-1,0,-1,0,-1,0,-1,0,-1,0,-1,0,-1,0,-1,0,-1,0,-1,0,-1,0,-1,0,-1,0,0,0,4847,3,0,3,112
1629,1133,fd,4,170,170,1,1056,1056,0,2,2,63742,440,6,0,0,0,1,123,57,0,2,0,0,0,0,0,1,43,50,0,0,0,0,0,0,0,1,210,47,1024,0,0,1,110,47,0,1,1,-1,0,0,0,0,0,1,108,131,256,1,128,8,0,180,124,880,0,96,0,-1,0,0,0,0,0,0,-1,0,0,0,0,0,0,-1,0,0,0,3,86,152,0,-1,0,0,0,-1,0,0,-1,0,-1,0,-1,0,-1,0,-1,0,-1,0,-1,0,-1,0,-1,0,-1,0,-1,0,-1,0,-1,0,0,0,4847,3,0,3,113
1630,1134,fd,4,170,170,1,1056,1056,0,2,2,63742,440,6,0,0,0,1,123,57,0,2,0,0,0,0,0,1,43,49,0,0,0,0,0,0,0,1,206,47,1008,0,0,-1,0,0,0,0,0,-1,0,0,0,0,0,1,109,131,272,1,160,8,0,177,124,864,0,128,0,-1,0,0,0,0,0,0,-1,0,0,0,0,0,0,-1,0,0,0,3,86,152,0,-1,0,0,0,-1,0,0,-1,0,-1,0,-1,0,-1,0,-1,0,-1,0,-1,0,-1,0,-1,0,-1,0,-1,0,-1,0,-1,0,0,0,4847,3,0,3,114
1631,1135,fd,4,170,170,1,1056,1056,0,2,2,63742,440,6,0,0,0,1,123,57,0,2,0,0,0,0,0,1,43,48,0,0,0,0,0,0,0,1,203,47,992,0,0,-1,0,0,0,0,0,-1,0,0,0,0,0,1,110,131,288,1,192,8,0,174,124,848,0,160,0,-1,0,0,0,0,0,0,-1,0,0,0,0,0,0,-1,0,0,0,3,86,152,0,-1,0,0,0,-1,0,0,-1,0,-1,0,-1,0,-1,0,-1,0,-1,0,-1,0,-1,0,-1,0,-1,0,-1,0,-1,0,-1,0,0,0,4847,3,0,3,115
1632,1136,fd,4,170,170,1,1056,1056,0,2,2,63742,440,6,0,0,0,1,123,57,0,2,0,0,0,0,0,1,43,47,0,0,0,0,0,0,0,1,200,47,976,0,0,-1,0,0,0,0,0,-1,0,0,0,0,0,1,111,131,304,1,224,8,0,171,124,832,0,192,0,-1,0,0,0,0,0,0,-1,0,0,0,0,0,0,-1,0,0,0,3,86,152,0,-1,0,0,0,-1,0,0,-1,0,-1,0,-1,0,-1,0,-1,0,-1,0,-1,0,-1,0,-1,0,-1,0,-1,0,-1,0,-1,0,0,0,4847,3,0,3,116
1633,1137,fd,4,170,170,1,1056,1056,0,2,2,63742,440,6,0,0,0,1,123,57,0,2,0,0,0,0,0,1,43,46,0,0,0,0,0,0,0,1,197,47,960,0,0,-1,0,0,0,0,0,-1,0,0,0,0,0,1,112,132,320,1,0,8,0,168,124,816,0,224,0,-1,0,0,0,0,0,0,-1,0,0,0,0,0,0,-1,0,0,0,3,86,152,0,-1,0,0,0,-1,0,0,-1,0,-1,0,-1,0,-1,0,-1,0,-1,0,-1,0,-1,0,-1,0,-1,0,-1,0,-1,0,-1,0,0,0,4847,3,0,3,117
1634,1138,fd,4,170,170,1,1056,1056,0,2,2,63742,440,6,0,0,0,1,123,57,0,2,0,0,0,0,0,1,43,45,0,0,0,0,0,0,0,1,194,47,944,0,0,-1,0,0,0,0,0,-1,0,0,0,0,0,1,113,132,336,1,32,8,0,165,125,800,0,0,0,-1,0,0,0,0,0,0,-1,0,0,0,0,0,0,-1,0,0,0,3,86,152,0,-1,0,0,0,-1,0,0,-1,0,-1,0,-1,0,-1,0,-1,0,-1,0,-1,0,-1,0,-1,0,-1,0,-1,0,-1,0,-1,0,0,0,4847,3,0,3,118
1635,1139,fd,4,170,170,1,1056,1056,0,2,2,63742,440,6,0,0,0,1,123,57,0,2,0,0,0,0,0,1,43,44,0,0,0,0,0,0,0,1,191,47,928,0,0,-1,0,0,0,0,0,-1,0,0,0,0,0,1,114,132,352,1,64,8,0,162,125,784,0,32,0,-1,0,0,0,0,0,0,-1,0,0,0,0,0,0,-1,0,0,0,3,86,152,0,-1,0,0,0,-1,0,0,-1,0,-1,0,-1,0,-1,0,-1,0,-1,0,-1,0,-1,0,-1,0,-1,0,-1,0,-1,0,-1,0,0,0,4847,3,0,3,119
1636,1140,fd,4,170,170,1,1056,1056,0,2,2,63742,440,6,0,0,0,1,123,57,0,2,0,0,0,0,0,1,43,43,0,0,0,0,0,0,0,1,188,47,912,0,0,-1,0,0,0,0,0,-1,0,0,0,0,0,1,115,132,368,1,96,8,0,159,125,768,0,64,0,-1,0,0,0,0,0,0,-1,0,0,0,0,0,0,-1,0,0,0,3,86,152,0,-1,0,0,0,-1,0,0,-1,0,-1,0,-1,0,-1,0,-1,0,-1,0,-1,0,-1,0,-1,0,-1,0,-1,0,-1,0,-1,0,0,0,4847,3,0,3,120
1637,1141,fd,4,170,170,1,1056,1056,0,2,2,63742,440,6,0,0,0,1,123,57,0,2,0,0,0,0,0,1,43,42,0,0,0,0,0,0,0,1,185,47,896,0,0,-1,0,0,0,0,0,-1,0,0,0,0,0,1,116,132,384,1,128,8,0,156,125,752,0,96,0,-1,0,0,0,0,0,0,-1,0,0,0,0,0,0,-1,0,0,0,3,86,152,0,-1,0,0,0,-1,0,0,-1,0,-1,0,-1,0,-1,0,-1,0,-1,0,-1,0,-1,0,-1,0,-1,0,-1,0,-1,0,-1,0,0,0,4847,3,0,3,121
1638,1142,fd,4,170,170,1,1056,1056,0,2,2,63742,440,6,0,0,0,1,123,57,0,2,0,0,0,0,0,1,43,41,0,0,0,0,0,0,0,1,182,47,880,0,0,-1,0,0,0,0,0,-1,0,0,0,0,0,1,117,132,400,1,160,8,0,154,125,736,0,128,0,-1,0,0,0,0,0,0,-1,0,0,0,0,0,0,-1,0,0,0,3,86,152,0,-1,0,0,0,-1,0,0,-1,0,-1,0,-1,0,-1,0,-1,0,-1,0,-1,0,-1,0,-1,0,-1,0,-1,0,-1,0,-1,0,0,0,4847,3,0,3,122
1639,1143,fd,4,170,170,1,1056,1056,0,2,2,254,440,6,0,0,0,1,123,57,0,2,0,0,0,0,0,1,43,40,0,0,0,0,0,0,0,1,179,47,864,0,0,-1,0,0,0,0,0,-1,0,0,0,0,0,1,118,132,416,1,192,8,0,152,125,720,0,160,0,-1,0,0,0,0,0,0,-1,0,0,0,0,0,0,-1,0,0,0,3,86,152,0,-1,0,0,0,-1,0,0,-1,0,-1,0,-1,0,-1,0,-1,0,-1,0,-1,0,-1,0,-1,0,-1,0,-1,0,-1,0,-1,0,0,0,4847,3,0,4,123
1640,1144,fd,4,170,170,1,1056,1056,0,2,2,254,440,6,0,0,0,1,123,57,0,2,0,0,0,0,0,1,43,40,0,0,0,0,0,0,0,1,179,47,864,0,0,-1,0,0,0,0,0,-1,0,0,0,0,0,1,118,132,416,1,192,8,0,152,125,720,0,160,0,-1,0,0,0,0,0,0,-1,0,0,0,0,0,0,-1,0,0,0,3,86,152,0,-1,0,0,0,-1,0,0,-1,0,-1,0,-1,0,-1,0,-1,0,-1,0,-1,0,-1,0,-1,0,-1,0,-1,0,-1,0,-1,0,0,0,4847,3,1,4,124
1641,1145,fd,0,0,0,0,0,0,0,0,0,254,440,6,0,0,0,0,0,0,0,0,0,0,0,0,0,0,0,0,0,0,0,0,0,0,0,-1,0,0,0,0,0,-1,0,0,0,0,0,-1,0,0,0,0,0,-1,0,0,0,0,0,0,-1,0,0,0,0,0,0,-1,0,0,0,0,0,0,-1,0,0,0,0,0,0,-1,0,0,0,-1,0,0,0,-1,0,0,0,-1,0,0,-1,0,-1,0,-1,0,-1,0,-1,0,-1,0,-1,0,-1,0,-1,0,-1,0,-1,0,-1,0,-1,0,0,0,4847,3,1,4,125
1642,1146,fd,0,0,0,0,0,0,0,0,0,254,440,6,0,0,0,0,0,0,0,0,0,0,0,0,0,0,0,0,0,0,0,0,0,0,0,-1,0,0,0,0,0,-1,0,0,0,0,0,-1,0,0,0,0,0,-1,0,0,0,0,0,0,-1,0,0,0,0,0,0,-1,0,0,0,0,0,0,-1,0,0,0,0,0,0,-1,0,0,0,-1,0,0,0,-1,0,0,0,-1,0,0,-1,0,-1,0,-1,0,-1,0,-1,0,-1,0,-1,0,-1,0,-1,0,-1,0,-1,0,-1,0,-1,0,0,0,4847,3,1,4,126
1643,1147,fd,0,0,0,0,0,0,0,0,0,254,440,6,0,0,0,0,0,0,0,0,0,0,0,0,0,0,0,0,0,0,0,0,0,0,0,-1,0,0,0,0,0,-1,0,0,0,0,0,-1,0,0,0,0,0,-1,0,0,0,0,0,0,-1,0,0,0,0,0,0,-1,0,0,0,0,0,0,-1,0,0,0,0,0,0,-1,0,0,0,-1,0,0,0,-1,0,0,0,-1,0,0,-1,0,-1,0,-1,0,-1,0,-1,0,-1,0,-1,0,-1,0,-1,0,-1,0,-1,0,-1,0,-1,0,0,0,4847,3,1,4,127
1644,1148,fd,0,0,0,0,0,0,0,0,0,254,440,6,0,0,0,0,0,0,0,0,0,0,0,0,0,0,0,0,0,0,0,0,0,0,0,-1,0,0,0,0,0,-1,0,0,0,0,0,-1,0,0,0,0,0,-1,0,0,0,0,0,0,-1,0,0,0,0,0,0,-1,0,0,0,0,0,0,-1,0,0,0,0,0,0,-1,0,0,0,-1,0,0,0,-1,0,0,0,-1,0,0,-1,0,-1,0,-1,0,-1,0,-1,0,-1,0,-1,0,-1,0,-1,0,-1,0,-1,0,-1,0,-1,0,0,0,4847,3,1,4,128
1645,1149,fd,0,0,0,0,0,0,0,0,0,254,440,6,0,0,0,0,0,0,0,0,0,0,0,0,0,0,0,0,0,0,0,0,0,0,0,-1,0,0,0,0,0,-1,0,0,0,0,0,-1,0,0,0,0,0,-1,0,0,0,0,0,0,-1,0,0,0,0,0,0,-1,0,0,0,0,0,0,-1,0,0,0,0,0,0,-1,0,0,0,-1,0,0,0,-1,0,0,0,-1,0,0,-1,0,-1,0,-1,0,-1,0,-1,0,-1,0,-1,0,-1,0,-1,0,-1,0,-1,0,-1,0,-1,0,0,0,4847,3,1,4,129
1646,1150,fd,0,0,0,0,0,0,0,0,0,254,440,6,0,0,0,0,0,0,0,0,0,0,0,0,0,0,0,0,0,0,0,0,0,0,0,-1,0,0,0,0,0,-1,0,0,0,0,0,-1,0,0,0,0,0,-1,0,0,0,0,0,0,-1,0,0,0,0,0,0,-1,0,0,0,0,0,0,-1,0,0,0,0,0,0,-1,0,0,0,-1,0,0,0,-1,0,0,0,-1,0,0,-1,0,-1,0,-1,0,-1,0,-1,0,-1,0,-1,0,-1,0,-1,0,-1,0,-1,0,-1,0,-1,0,0,0,4847,3,1,4,130
1647,1151,fd,0,0,0,0,0,0,0,0,0,254,440,6,0,0,0,0,0,0,0,0,0,0,0,0,0,0,0,0,0,0,0,0,0,0,0,-1,0,0,0,0,0,-1,0,0,0,0,0,-1,0,0,0,0,0,-1,0,0,0,0,0,0,-1,0,0,0,0,0,0,-1,0,0,0,0,0,0,-1,0,0,0,0,0,0,-1,0,0,0,-1,0,0,0,-1,0,0,0,-1,0,0,-1,0,-1,0,-1,0,-1,0,-1,0,-1,0,-1,0,-1,0,-1,0,-1,0,-1,0,-1,0,-1,0,0,0,4847,3,1,4,131
1648,1152,fd,0,0,0,0,0,0,0,0,0,254,440,6,0,0,0,0,0,0,0,0,0,0,0,0,0,0,0,0,0,0,0,0,0,0,0,-1,0,0,0,0,0,-1,0,0,0,0,0,-1,0,0,0,0,0,-1,0,0,0,0,0,0,-1,0,0,0,0,0,0,-1,0,0,0,0,0,0,-1,0,0,0,0,0,0,-1,0,0,0,-1,0,0,0,-1,0,0,0,-1,0,0,-1,0,-1,0,-1,0,-1,0,-1,0,-1,0,-1,0,-1,0,-1,0,-1,0,-1,0,-1,0,-1,0,0,0,4847,3,1,4,132
1649,1153,fd,0,0,0,0,0,0,0,0,0,254,440,6,0,0,0,0,0,0,0,0,0,0,0,0,0,0,0,0,0,0,0,0,0,0,0,-1,0,0,0,0,0,-1,0,0,0,0,0,-1,0,0,0,0,0,-1,0,0,0,0,0,0,-1,0,0,0,0,0,0,-1,0,0,0,0,0,0,-1,0,0,0,0,0,0,-1,0,0,0,-1,0,0,0,-1,0,0,0,-1,0,0,-1,0,-1,0,-1,0,-1,0,-1,0,-1,0,-1,0,-1,0,-1,0,-1,0,-1,0,-1,0,-1,0,0,0,4847,3,1,4,133
1650,1154,fd,0,0,0,0,0,0,0,0,0,254,440,6,0,0,0,0,0,0,0,0,0,0,0,0,0,0,0,0,0,0,0,0,0,0,0,-1,0,0,0,0,0,-1,0,0,0,0,0,-1,0,0,0,0,0,-1,0,0,0,0,0,0,-1,0,0,0,0,0,0,-1,0,0,0,0,0,0,-1,0,0,0,0,0,0,-1,0,0,0,-1,0,0,0,-1,0,0,0,-1,0,0,-1,0,-1,0,-1,0,-1,0,-1,0,-1,0,-1,0,-1,0,-1,0,-1,0,-1,0,-1,0,-1,0,0,0,4847,3,1,4,134
1651,1155,fd,0,0,0,0,0,0,0,0,0,254,440,6,0,0,0,0,0,0,0,0,0,0,0,0,0,0,0,0,0,0,0,0,0,0,0,-1,0,0,0,0,0,-1,0,0,0,0,0,-1,0,0,0,0,0,-1,0,0,0,0,0,0,-1,0,0,0,0,0,0,-1,0,0,0,0,0,0,-1,0,0,0,0,0,0,-1,0,0,0,-1,0,0,0,-1,0,0,0,-1,0,0,-1,0,-1,0,-1,0,-1,0,-1,0,-1,0,-1,0,-1,0,-1,0,-1,0,-1,0,-1,0,-1,0,0,0,4847,3,1,4,135
1652,1156,fd,0,0,0,0,0,0,0,0,0,254,440,6,0,0,0,0,0,0,0,0,0,0,0,0,0,0,0,0,0,0,0,0,0,0,0,-1,0,0,0,0,0,-1,0,0,0,0,0,-1,0,0,0,0,0,-1,0,0,0,0,0,0,-1,0,0,0,0,0,0,-1,0,0,0,0,0,0,-1,0,0,0,0,0,0,-1,0,0,0,-1,0,0,0,-1,0,0,0,-1,0,0,-1,0,-1,0,-1,0,-1,0,-1,0,-1,0,-1,0,-1,0,-1,0,-1,0,-1,0,-1,0,-1,0,0,0,4847,3,1,4,136
1653,1157,fd,0,0,0,0,0,0,0,0,0,254,440,6,0,0,0,0,0,0,0,0,0,0,0,0,0,0,0,0,0,0,0,0,0,0,0,-1,0,0,0,0,0,-1,0,0,0,0,0,-1,0,0,0,0,0,-1,0,0,0,0,0,0,-1,0,0,0,0,0,0,-1,0,0,0,0,0,0,-1,0,0,0,0,0,0,-1,0,0,0,-1,0,0,0,-1,0,0,0,-1,0,0,-1,0,-1,0,-1,0,-1,0,-1,0,-1,0,-1,0,-1,0,-1,0,-1,0,-1,0,-1,0,-1,0,0,0,4847,3,1,4,137
1654,1158,fd,0,0,0,0,0,0,0,0,0,254,440,6,0,0,0,0,0,0,0,0,0,0,0,0,0,0,0,0,0,0,0,0,0,0,0,-1,0,0,0,0,0,-1,0,0,0,0,0,-1,0,0,0,0,0,-1,0,0,0,0,0,0,-1,0,0,0,0,0,0,-1,0,0,0,0,0,0,-1,0,0,0,0,0,0,-1,0,0,0,-1,0,0,0,-1,0,0,0,-1,0,0,-1,0,-1,0,-1,0,-1,0,-1,0,-1,0,-1,0,-1,0,-1,0,-1,0,-1,0,-1,0,-1,0,0,0,4847,3,1,4,138
1655,1159,fd,0,0,0,0,0,0,0,0,0,254,440,6,0,0,0,0,0,0,0,0,0,0,0,0,0,0,0,0,0,0,0,0,0,0,0,-1,0,0,0,0,0,-1,0,0,0,0,0,-1,0,0,0,0,0,-1,0,0,0,0,0,0,-1,0,0,0,0,0,0,-1,0,0,0,0,0,0,-1,0,0,0,0,0,0,-1,0,0,0,-1,0,0,0,-1,0,0,0,-1,0,0,-1,0,-1,0,-1,0,-1,0,-1,0,-1,0,-1,0,-1,0,-1,0,-1,0,-1,0,-1,0,-1,0,0,0,4847,3,1,4,139
1656,1160,fd,0,0,0,0,0,0,0,0,0,254,440,6,0,0,0,0,0,0,0,0,0,0,0,0,0,0,0,0,0,0,0,0,0,0,0,-1,0,0,0,0,0,-1,0,0,0,0,0,-1,0,0,0,0,0,-1,0,0,0,0,0,0,-1,0,0,0,0,0,0,-1,0,0,0,0,0,0,-1,0,0,0,0,0,0,-1,0,0,0,-1,0,0,0,-1,0,0,0,-1,0,0,-1,0,-1,0,-1,0,-1,0,-1,0,-1,0,-1,0,-1,0,-1,0,-1,0,-1,0,-1,0,-1,0,0,0,4847,3,1,4,140
1657,1161,fd,0,0,0,0,0,0,0,0,0,254,440,6,0,0,0,0,0,0,0,0,0,0,0,0,0,0,0,0,0,0,0,0,0,0,0,-1,0,0,0,0,0,-1,0,0,0,0,0,-1,0,0,0,0,0,-1,0,0,0,0,0,0,-1,0,0,0,0,0,0,-1,0,0,0,0,0,0,-1,0,0,0,0,0,0,-1,0,0,0,-1,0,0,0,-1,0,0,0,-1,0,0,-1,0,-1,0,-1,0,-1,0,-1,0,-1,0,-1,0,-1,0,-1,0,-1,0,-1,0,-1,0,-1,0,0,0,4847,3,1,4,141
1658,1162,fd,0,0,0,0,0,0,0,0,0,254,440,6,0,0,0,0,0,0,0,0,0,0,0,0,0,0,0,0,0,0,0,0,0,0,0,-1,0,0,0,0,0,-1,0,0,0,0,0,-1,0,0,0,0,0,-1,0,0,0,0,0,0,-1,0,0,0,0,0,0,-1,0,0,0,0,0,0,-1,0,0,0,0,0,0,-1,0,0,0,-1,0,0,0,-1,0,0,0,-1,0,0,-1,0,-1,0,-1,0,-1,0,-1,0,-1,0,-1,0,-1,0,-1,0,-1,0,-1,0,-1,0,-1,0,0,0,4847,3,1,4,142
1659,1163,fd,0,0,0,0,0,0,0,0,0,254,440,6,0,0,0,0,0,0,0,0,0,0,0,0,0,0,0,0,0,0,0,0,0,0,0,-1,0,0,0,0,0,-1,0,0,0,0,0,-1,0,0,0,0,0,-1,0,0,0,0,0,0,-1,0,0,0,0,0,0,-1,0,0,0,0,0,0,-1,0,0,0,0,0,0,-1,0,0,0,-1,0,0,0,-1,0,0,0,-1,0,0,-1,0,-1,0,-1,0,-1,0,-1,0,-1,0,-1,0,-1,0,-1,0,-1,0,-1,0,-1,0,-1,0,0,0,4847,3,1,4,143
1660,1164,fd,0,0,0,0,0,0,0,0,0,254,440,6,0,0,0,0,0,0,0,0,0,0,0,0,0,0,0,0,0,0,0,0,0,0,0,-1,0,0,0,0,0,-1,0,0,0,0,0,-1,0,0,0,0,0,-1,0,0,0,0,0,0,-1,0,0,0,0,0,0,-1,0,0,0,0,0,0,-1,0,0,0,0,0,0,-1,0,0,0,-1,0,0,0,-1,0,0,0,-1,0,0,-1,0,-1,0,-1,0,-1,0,-1,0,-1,0,-1,0,-1,0,-1,0,-1,0,-1,0,-1,0,-1,0,0,0,4847,3,1,4,144
1661,1165,fd,0,0,0,0,0,0,0,0,0,254,440,6,0,0,0,0,0,0,0,0,0,0,0,0,0,0,0,0,0,0,0,0,0,0,0,-1,0,0,0,0,0,-1,0,0,0,0,0,-1,0,0,0,0,0,-1,0,0,0,0,0,0,-1,0,0,0,0,0,0,-1,0,0,0,0,0,0,-1,0,0,0,0,0,0,-1,0,0,0,-1,0,0,0,-1,0,0,0,-1,0,0,-1,0,-1,0,-1,0,-1,0,-1,0,-1,0,-1,0,-1,0,-1,0,-1,0,-1,0,-1,0,-1,0,0,0,4847,3,1,4,145
1662,1166,fd,0,0,0,0,0,0,0,0,0,254,440,6,0,0,0,0,0,0,0,0,0,0,0,0,0,0,0,0,0,0,0,0,0,0,0,-1,0,0,0,0,0,-1,0,0,0,0,0,-1,0,0,0,0,0,-1,0,0,0,0,0,0,-1,0,0,0,0,0,0,-1,0,0,0,0,0,0,-1,0,0,0,0,0,0,-1,0,0,0,-1,0,0,0,-1,0,0,0,-1,0,0,-1,0,-1,0,-1,0,-1,0,-1,0,-1,0,-1,0,-1,0,-1,0,-1,0,-1,0,-1,0,-1,0,0,0,4847,3,1,4,146
1663,1167,fd,0,0,0,0,0,0,0,0,0,0,440,6,0,0,0,0,0,0,0,0,0,0,0,0,0,0,0,0,0,0,0,0,0,0,0,-1,0,0,0,0,0,-1,0,0,0,0,0,-1,0,0,0,0,0,-1,0,0,0,0,0,0,-1,0,0,0,0,0,0,-1,0,0,0,0,0,0,-1,0,0,0,0,0,0,-1,0,0,0,-1,0,0,0,-1,0,0,0,-1,0,0,-1,0,-1,0,-1,0,-1,0,-1,0,-1,0,-1,0,-1,0,-1,0,-1,0,-1,0,-1,0,-1,0,0,0,4847,3,2,4,147
1664,1168,fd,0,0,0,0,0,0,0,0,0,0,440,6,0,0,0,0,0,0,0,0,0,0,0,0,0,0,0,0,0,0,0,0,0,0,0,-1,0,0,0,0,0,-1,0,0,0,0,0,-1,0,0,0,0,0,-1,0,0,0,0,0,0,-1,0,0,0,0,0,0,-1,0,0,0,0,0,0,-1,0,0,0,0,0,0,-1,0,0,0,-1,0,0,0,-1,0,0,0,-1,0,0,-1,0,-1,0,-1,0,-1,0,-1,0,-1,0,-1,0,-1,0,-1,0,-1,0,-1,0,-1,0,-1,0,0,0,4847,3,2,4,148
1665,1169,fd,0,0,0,0,0,0,0,0,0,0,440,6,0,0,0,0,0,0,0,0,0,0,0,0,0,0,0,0,0,0,0,0,0,0,0,-1,0,0,0,0,0,-1,0,0,0,0,0,-1,0,0,0,0,0,-1,0,0,0,0,0,0,-1,0,0,0,0,0,0,-1,0,0,0,0,0,0,-1,0,0,0,0,0,0,-1,0,0,0,-1,0,0,0,-1,0,0,0,-1,0,0,-1,0,-1,0,-1,0,-1,0,-1,0,-1,0,-1,0,-1,0,-1,0,-1,0,-1,0,-1,0,-1,0,0,0,4847,3,2,4,149
1666,1170,fd,0,0,0,0,0,0,0,0,0,0,440,6,0,0,0,0,0,0,0,0,0,0,0,0,0,0,0,0,0,0,0,0,0,0,0,-1,0,0,0,0,0,-1,0,0,0,0,0,-1,0,0,0,0,0,-1,0,0,0,0,0,0,-1,0,0,0,0,0,0,-1,0,0,0,0,0,0,-1,0,0,0,0,0,0,-1,0,0,0,-1,0,0,0,-1,0,0,0,-1,0,0,-1,0,-1,0,-1,0,-1,0,-1,0,-1,0,-1,0,-1,0,-1,0,-1,0,-1,0,-1,0,-1,0,0,0,4847,3,2,4,150
1667,1171,fd,0,0,0,0,0,0,0,0,0,0,440,6,0,0,0,0,0,0,0,0,0,0,0,0,0,0,0,0,0,0,0,0,0,0,0,-1,0,0,0,0,0,-1,0,0,0,0,0,-1,0,0,0,0,0,-1,0,0,0,0,0,0,-1,0,0,0,0,0,0,-1,0,0,0,0,0,0,-1,0,0,0,0,0,0,-1,0,0,0,-1,0,0,0,-1,0,0,0,-1,0,0,-1,0,-1,0,-1,0,-1,0,-1,0,-1,0,-1,0,-1,0,-1,0,-1,0,-1,0,-1,0,-1,0,0,0,4847,3,2,4,151
1668,1172,fd,0,0,0,0,0,0,0,0,0,0,440,6,0,0,0,0,0,0,0,0,0,0,0,0,0,0,0,0,0,0,0,0,0,0,0,-1,0,0,0,0,0,-1,0,0,0,0,0,-1,0,0,0,0,0,-1,0,0,0,0,0,0,-1,0,0,0,0,0,0,-1,0,0,0,0,0,0,-1,0,0,0,0,0,0,-1,0,0,0,-1,0,0,0,-1,0,0,0,-1,0,0,-1,0,-1,0,-1,0,-1,0,-1,0,-1,0,-1,0,-1,0,-1,0,-1,0,-1,0,-1,0,-1,0,0,0,4847,3,2,4,152
1669,1173,fd,0,0,0,0,0,0,0,0,0,0,440,6,0,0,0,0,0,0,0,0,0,0,0,0,0,0,0,0,0,0,0,0,0,0,0,-1,0,0,0,0,0,-1,0,0,0,0,0,-1,0,0,0,0,0,-1,0,0,0,0,0,0,-1,0,0,0,0,0,0,-1,0,0,0,0,0,0,-1,0,0,0,0,0,0,-1,0,0,0,-1,0,0,0,-1,0,0,0,-1,0,0,-1,0,-1,0,-1,0,-1,0,-1,0,-1,0,-1,0,-1,0,-1,0,-1,0,-1,0,-1,0,-1,0,0,0,4847,3,2,4,153
1670,1174,fd,0,0,0,0,0,0,0,0,0,0,440,6,0,0,0,0,0,0,0,0,0,0,0,0,0,0,0,0,0,0,0,0,0,0,0,-1,0,0,0,0,0,-1,0,0,0,0,0,-1,0,0,0,0,0,-1,0,0,0,0,0,0,-1,0,0,0,0,0,0,-1,0,0,0,0,0,0,-1,0,0,0,0,0,0,-1,0,0,0,-1,0,0,0,-1,0,0,0,-1,0,0,-1,0,-1,0,-1,0,-1,0,-1,0,-1,0,-1,0,-1,0,-1,0,-1,0,-1,0,-1,0,-1,0,0,0,4847,3,2,4,154
1671,1175,fd,0,0,0,0,0,0,0,0,0,0,440,6,0,0,0,0,0,0,0,0,0,0,0,0,0,0,0,0,0,0,0,0,0,0,0,-1,0,0,0,0,0,-1,0,0,0,0,0,-1,0,0,0,0,0,-1,0,0,0,0,0,0,-1,0,0,0,0,0,0,-1,0,0,0,0,0,0,-1,0,0,0,0,0,0,-1,0,0,0,-1,0,0,0,-1,0,0,0,-1,0,0,-1,0,-1,0,-1,0,-1,0,-1,0,-1,0,-1,0,-1,0,-1,0,-1,0,-1,0,-1,0,-1,0,0,0,4847,3,2,4,155
1672,1176,fd,0,0,0,0,0,0,0,0,0,0,440,6,0,0,0,0,0,0,0,0,0,0,0,0,0,0,0,0,0,0,0,0,0,0,0,-1,0,0,0,0,0,-1,0,0,0,0,0,-1,0,0,0,0,0,-1,0,0,0,0,0,0,-1,0,0,0,0,0,0,-1,0,0,0,0,0,0,-1,0,0,0,0,0,0,-1,0,0,0,-1,0,0,0,-1,0,0,0,-1,0,0,-1,0,-1,0,-1,0,-1,0,-1,0,-1,0,-1,0,-1,0,-1,0,-1,0,-1,0,-1,0,-1,0,0,0,4847,3,2,4,156
1673,1177,fd,0,0,0,0,0,0,0,0,0,0,440,6,0,0,0,0,0,0,0,0,0,0,0,0,0,0,0,0,0,0,0,0,0,0,0,-1,0,0,0,0,0,-1,0,0,0,0,0,-1,0,0,0,0,0,-1,0,0,0,0,0,0,-1,0,0,0,0,0,0,-1,0,0,0,0,0,0,-1,0,0,0,0,0,0,-1,0,0,0,-1,0,0,0,-1,0,0,0,-1,0,0,-1,0,-1,0,-1,0,-1,0,-1,0,-1,0,-1,0,-1,0,-1,0,-1,0,-1,0,-1,0,-1,0,0,0,4847,3,2,4,157
1674,1178,fd,0,0,0,0,0,0,0,0,0,0,440,6,0,0,0,0,0,0,0,0,0,0,0,0,0,0,0,0,0,0,0,0,0,0,0,-1,0,0,0,0,0,-1,0,0,0,0,0,-1,0,0,0,0,0,-1,0,0,0,0,0,0,-1,0,0,0,0,0,0,-1,0,0,0,0,0,0,-1,0,0,0,0,0,0,-1,0,0,0,-1,0,0,0,-1,0,0,0,-1,0,0,-1,0,-1,0,-1,0,-1,0,-1,0,-1,0,-1,0,-1,0,-1,0,-1,0,-1,0,-1,0,-1,0,0,0,4847,3,2,4,158
1675,1179,fd,0,0,0,0,0,0,0,0,0,0,440,6,0,0,0,0,0,0,0,0,0,0,0,0,0,0,0,0,0,0,0,0,0,0,0,-1,0,0,0,0,0,-1,0,0,0,0,0,-1,0,0,0,0,0,-1,0,0,0,0,0,0,-1,0,0,0,0,0,0,-1,0,0,0,0,0,0,-1,0,0,0,0,0,0,-1,0,0,0,-1,0,0,0,-1,0,0,0,-1,0,0,-1,0,-1,0,-1,0,-1,0,-1,0,-1,0,-1,0,-1,0,-1,0,-1,0,-1,0,-1,0,-1,0,0,0,4847,3,2,4,159
1676,1180,fd,0,0,0,0,0,0,0,0,0,0,440,6,0,0,0,0,0,0,0,0,0,0,0,0,0,0,0,0,0,0,0,0,0,0,0,-1,0,0,0,0,0,-1,0,0,0,0,0,-1,0,0,0,0,0,-1,0,0,0,0,0,0,-1,0,0,0,0,0,0,-1,0,0,0,0,0,0,-1,0,0,0,0,0,0,-1,0,0,0,-1,0,0,0,-1,0,0,0,-1,0,0,-1,0,-1,0,-1,0,-1,0,-1,0,-1,0,-1,0,-1,0,-1,0,-1,0,-1,0,-1,0,-1,0,0,0,4847,3,2,4,160
1677,1181,fd,0,0,0,0,0,0,0,0,0,0,440,6,0,0,0,0,0,0,0,0,0,0,0,0,0,0,0,0,0,0,0,0,0,0,0,-1,0,0,0,0,0,-1,0,0,0,0,0,-1,0,0,0,0,0,-1,0,0,0,0,0,0,-1,0,0,0,0,0,0,-1,0,0,0,0,0,0,-1,0,0,0,0,0,0,-1,0,0,0,-1,0,0,0,-1,0,0,0,-1,0,0,-1,0,-1,0,-1,0,-1,0,-1,0,-1,0,-1,0,-1,0,-1,0,-1,0,-1,0,-1,0,-1,0,0,0,4847,3,2,4,161
1678,1182,fd,0,0,0,0,0,0,0,0,0,0,440,6,0,0,0,0,0,0,0,0,0,0,0,0,0,0,0,0,0,0,0,0,0,0,0,-1,0,0,0,0,0,-1,0,0,0,0,0,-1,0,0,0,0,0,-1,0,0,0,0,0,0,-1,0,0,0,0,0,0,-1,0,0,0,0,0,0,-1,0,0,0,0,0,0,-1,0,0,0,-1,0,0,0,-1,0,0,0,-1,0,0,-1,0,-1,0,-1,0,-1,0,-1,0,-1,0,-1,0,-1,0,-1,0,-1,0,-1,0,-1,0,-1,0,0,0,4847,3,2,4,162
1679,1183,fd,0,0,0,0,0,0,0,0,0,0,440,6,0,0,0,0,0,0,0,0,0,0,0,0,0,0,0,0,0,0,0,0,0,0,0,-1,0,0,0,0,0,-1,0,0,0,0,0,-1,0,0,0,0,0,-1,0,0,0,0,0,0,-1,0,0,0,0,0,0,-1,0,0,0,0,0,0,-1,0,0,0,0,0,0,-1,0,0,0,-1,0,0,0,-1,0,0,0,-1,0,0,-1,0,-1,0,-1,0,-1,0,-1,0,-1,0,-1,0,-1,0,-1,0,-1,0,-1,0,-1,0,-1,0,0,0,4847,3,2,4,163
1680,1184,fd,0,0,0,0,0,0,0,0,0,0,440,6,0,0,0,0,0,0,0,0,0,0,0,0,0,0,0,0,0,0,0,0,0,0,0,-1,0,0,0,0,0,-1,0,0,0,0,0,-1,0,0,0,0,0,-1,0,0,0,0,0,0,-1,0,0,0,0,0,0,-1,0,0,0,0,0,0,-1,0,0,0,0,0,0,-1,0,0,0,-1,0,0,0,-1,0,0,0,-1,0,0,-1,0,-1,0,-1,0,-1,0,-1,0,-1,0,-1,0,-1,0,-1,0,-1,0,-1,0,-1,0,-1,0,0,0,4847,3,2,4,164
1681,1185,fd,0,0,0,0,0,0,0,0,0,0,440,6,0,0,0,0,0,0,0,0,0,0,0,0,0,0,0,0,0,0,0,0,0,0,0,-1,0,0,0,0,0,-1,0,0,0,0,0,-1,0,0,0,0,0,-1,0,0,0,0,0,0,-1,0,0,0,0,0,0,-1,0,0,0,0,0,0,-1,0,0,0,0,0,0,-1,0,0,0,-1,0,0,0,-1,0,0,0,-1,0,0,-1,0,-1,0,-1,0,-1,0,-1,0,-1,0,-1,0,-1,0,-1,0,-1,0,-1,0,-1,0,-1,0,0,0,4847,3,2,4,165
1682,1186,fd,0,0,0,0,0,0,0,0,0,0,440,6,0,0,0,0,0,0,0,0,0,0,0,0,0,0,0,0,0,0,0,0,0,0,0,-1,0,0,0,0,0,-1,0,0,0,0,0,-1,0,0,0,0,0,-1,0,0,0,0,0,0,-1,0,0,0,0,0,0,-1,0,0,0,0,0,0,-1,0,0,0,0,0,0,-1,0,0,0,-1,0,0,0,-1,0,0,0,-1,0,0,-1,0,-1,0,-1,0,-1,0,-1,0,-1,0,-1,0,-1,0,-1,0,-1,0,-1,0,-1,0,-1,0,0,0,4847,3,2,4,166
1683,1187,fd,0,0,0,0,0,0,0,0,0,0,440,6,0,0,0,0,0,0,0,0,0,0,0,0,0,0,0,0,0,0,0,0,0,0,0,-1,0,0,0,0,0,-1,0,0,0,0,0,-1,0,0,0,0,0,-1,0,0,0,0,0,0,-1,0,0,0,0,0,0,-1,0,0,0,0,0,0,-1,0,0,0,0,0,0,-1,0,0,0,-1,0,0,0,-1,0,0,0,-1,0,0,-1,0,-1,0,-1,0,-1,0,-1,0,-1,0,-1,0,-1,0,-1,0,-1,0,-1,0,-1,0,-1,0,0,0,4847,3,2,4,167
1684,1188,fd,0,0,0,0,0,0,0,0,0,0,440,6,0,0,0,0,0,0,0,0,0,0,0,0,0,0,0,0,0,0,0,0,0,0,0,-1,0,0,0,0,0,-1,0,0,0,0,0,-1,0,0,0,0,0,-1,0,0,0,0,0,0,-1,0,0,0,0,0,0,-1,0,0,0,0,0,0,-1,0,0,0,0,0,0,-1,0,0,0,-1,0,0,0,-1,0,0,0,-1,0,0,-1,0,-1,0,-1,0,-1,0,-1,0,-1,0,-1,0,-1,0,-1,0,-1,0,-1,0,-1,0,-1,0,0,0,4847,3,2,4,168
1685,1189,fd,0,0,0,0,0,0,0,0,0,0,440,6,0,0,0,0,0,0,0,0,0,0,0,0,0,0,0,0,0,0,0,0,0,0,0,-1,0,0,0,0,0,-1,0,0,0,0,0,-1,0,0,0,0,0,-1,0,0,0,0,0,0,-1,0,0,0,0,0,0,-1,0,0,0,0,0,0,-1,0,0,0,0,0,0,-1,0,0,0,-1,0,0,0,-1,0,0,0,-1,0,0,-1,0,-1,0,-1,0,-1,0,-1,0,-1,0,-1,0,-1,0,-1,0,-1,0,-1,0,-1,0,-1,0,0,0,4847,3,2,4,169
1686,1190,fd,0,0,0,0,0,0,0,0,0,0,440,6,0,0,0,0,0,0,0,0,0,0,0,0,0,0,0,0,0,0,0,0,0,0,0,-1,0,0,0,0,0,-1,0,0,0,0,0,-1,0,0,0,0,0,-1,0,0,0,0,0,0,-1,0,0,0,0,0,0,-1,0,0,0,0,0,0,-1,0,0,0,0,0,0,-1,0,0,0,-1,0,0,0,-1,0,0,0,-1,0,0,-1,0,-1,0,-1,0,-1,0,-1,0,-1,0,-1,0,-1,0,-1,0,-1,0,-1,0,-1,0,-1,0,0,0,4847,3,2,4,170
1687,1191,fd,0,0,0,0,0,0,0,0,0,0,440,6,0,0,0,0,0,0,0,0,0,0,0,0,0,0,0,0,0,0,0,0,0,0,0,-1,0,0,0,0,0,-1,0,0,0,0,0,-1,0,0,0,0,0,-1,0,0,0,0,0,0,-1,0,0,0,0,0,0,-1,0,0,0,0,0,0,-1,0,0,0,0,0,0,-1,0,0,0,-1,0,0,0,-1,0,0,0,-1,0,0,-1,0,-1,0,-1,0,-1,0,-1,0,-1,0,-1,0,-1,0,-1,0,-1,0,-1,0,-1,0,-1,0,0,0,4847,3,2,4,171
1688,1192,fd,0,0,0,0,0,0,0,0,0,0,440,6,0,0,0,0,0,0,0,0,0,0,0,0,0,0,0,0,0,0,0,0,0,0,0,-1,0,0,0,0,0,-1,0,0,0,0,0,-1,0,0,0,0,0,-1,0,0,0,0,0,0,-1,0,0,0,0,0,0,-1,0,0,0,0,0,0,-1,0,0,0,0,0,0,-1,0,0,0,-1,0,0,0,-1,0,0,0,-1,0,0,-1,0,-1,0,-1,0,-1,0,-1,0,-1,0,-1,0,-1,0,-1,0,-1,0,-1,0,-1,0,-1,0,0,0,4847,3,2,4,172
1689,1193,fd,0,0,0,0,0,0,0,0,0,0,440,6,0,0,0,0,0,0,0,0,0,0,0,0,0,0,0,0,0,0,0,0,0,0,0,-1,0,0,0,0,0,-1,0,0,0,0,0,-1,0,0,0,0,0,-1,0,0,0,0,0,0,-1,0,0,0,0,0,0,-1,0,0,0,0,0,0,-1,0,0,0,0,0,0,-1,0,0,0,-1,0,0,0,-1,0,0,0,-1,0,0,-1,0,-1,0,-1,0,-1,0,-1,0,-1,0,-1,0,-1,0,-1,0,-1,0,-1,0,-1,0,-1,0,0,0,4847,3,2,4,173
1690,1194,fd,0,0,0,0,0,0,0,0,0,0,440,6,0,0,0,0,0,0,0,0,0,0,0,0,0,0,0,0,0,0,0,0,0,0,0,-1,0,0,0,0,0,-1,0,0,0,0,0,-1,0,0,0,0,0,-1,0,0,0,0,0,0,-1,0,0,0,0,0,0,-1,0,0,0,0,0,0,-1,0,0,0,0,0,0,-1,0,0,0,-1,0,0,0,-1,0,0,0,-1,0,0,-1,0,-1,0,-1,0,-1,0,-1,0,-1,0,-1,0,-1,0,-1,0,-1,0,-1,0,-1,0,-1,0,0,0,4847,3,2,4,174
1691,1195,fd,0,0,0,0,0,0,0,0,0,0,440,6,0,0,0,0,0,0,0,0,0,0,0,0,0,0,0,0,0,0,0,0,0,0,0,-1,0,0,0,0,0,-1,0,0,0,0,0,-1,0,0,0,0,0,-1,0,0,0,0,0,0,-1,0,0,0,0,0,0,-1,0,0,0,0,0,0,-1,0,0,0,0,0,0,-1,0,0,0,-1,0,0,0,-1,0,0,0,-1,0,0,-1,0,-1,0,-1,0,-1,0,-1,0,-1,0,-1,0,-1,0,-1,0,-1,0,-1,0,-1,0,-1,0,0,0,4847,3,2,4,175
1692,1196,fd,0,0,0,0,0,0,0,0,0,0,440,6,0,0,0,0,0,0,0,0,0,0,0,0,0,0,0,0,0,0,0,0,0,0,0,-1,0,0,0,0,0,-1,0,0,0,0,0,-1,0,0,0,0,0,-1,0,0,0,0,0,0,-1,0,0,0,0,0,0,-1,0,0,0,0,0,0,-1,0,0,0,0,0,0,-1,0,0,0,-1,0,0,0,-1,0,0,0,-1,0,0,-1,0,-1,0,-1,0,-1,0,-1,0,-1,0,-1,0,-1,0,-1,0,-1,0,-1,0,-1,0,-1,0,0,0,4847,3,2,4,176
1693,1197,fd,0,0,0,0,0,0,0,0,0,0,440,6,0,0,0,0,0,0,0,0,0,0,0,0,0,0,0,0,0,0,0,0,0,0,0,-1,0,0,0,0,0,-1,0,0,0,0,0,-1,0,0,0,0,0,-1,0,0,0,0,0,0,-1,0,0,0,0,0,0,-1,0,0,0,0,0,0,-1,0,0,0,0,0,0,-1,0,0,0,-1,0,0,0,-1,0,0,0,-1,0,0,-1,0,-1,0,-1,0,-1,0,-1,0,-1,0,-1,0,-1,0,-1,0,-1,0,-1,0,-1,0,-1,0,0,0,4847,3,2,4,177
1694,1198,fd,0,0,0,0,0,0,0,0,0,0,440,6,0,0,0,0,0,0,0,0,0,0,0,0,0,0,0,0,0,0,0,0,0,0,0,-1,0,0,0,0,0,-1,0,0,0,0,0,-1,0,0,0,0,0,-1,0,0,0,0,0,0,-1,0,0,0,0,0,0,-1,0,0,0,0,0,0,-1,0,0,0,0,0,0,-1,0,0,0,-1,0,0,0,-1,0,0,0,-1,0,0,-1,0,-1,0,-1,0,-1,0,-1,0,-1,0,-1,0,-1,0,-1,0,-1,0,-1,0,-1,0,-1,0,0,0,4847,3,2,4,178
1695,1199,fd,0,0,0,0,0,0,0,0,0,0,440,6,0,0,0,0,0,0,0,0,0,0,0,0,0,0,0,0,0,0,0,0,0,0,0,-1,0,0,0,0,0,-1,0,0,0,0,0,-1,0,0,0,0,0,-1,0,0,0,0,0,0,-1,0,0,0,0,0,0,-1,0,0,0,0,0,0,-1,0,0,0,0,0,0,-1,0,0,0,-1,0,0,0,-1,0,0,0,-1,0,0,-1,0,-1,0,-1,0,-1,0,-1,0,-1,0,-1,0,-1,0,-1,0,-1,0,-1,0,-1,0,-1,0,0,0,4847,3,2,4,179
1696,1200,fd,0,0,0,0,0,0,0,0,0,0,440,6,0,0,0,0,0,0,0,0,0,0,0,0,0,0,0,0,0,0,0,0,0,0,0,-1,0,0,0,0,0,-1,0,0,0,0,0,-1,0,0,0,0,0,-1,0,0,0,0,0,0,-1,0,0,0,0,0,0,-1,0,0,0,0,0,0,-1,0,0,0,0,0,0,-1,0,0,0,-1,0,0,0,-1,0,0,0,-1,0,0,-1,0,-1,0,-1,0,-1,0,-1,0,-1,0,-1,0,-1,0,-1,0,-1,0,-1,0,-1,0,-1,0,0,0,4847,3,2,4,180
1697,1201,fd,0,0,0,0,0,0,0,0,0,0,440,6,0,0,0,0,0,0,0,0,0,0,0,0,0,0,0,0,0,0,0,0,0,0,0,-1,0,0,0,0,0,-1,0,0,0,0,0,-1,0,0,0,0,0,-1,0,0,0,0,0,0,-1,0,0,0,0,0,0,-1,0,0,0,0,0,0,-1,0,0,0,0,0,0,-1,0,0,0,-1,0,0,0,-1,0,0,0,-1,0,0,-1,0,-1,0,-1,0,-1,0,-1,0,-1,0,-1,0,-1,0,-1,0,-1,0,-1,0,-1,0,-1,0,0,0,4847,3,2,4,181
1698,1202,fd,0,0,0,0,0,0,0,0,0,0,440,6,0,0,0,0,0,0,0,0,0,0,0,0,0,0,0,0,0,0,0,0,0,0,0,-1,0,0,0,0,0,-1,0,0,0,0,0,-1,0,0,0,0,0,-1,0,0,0,0,0,0,-1,0,0,0,0,0,0,-1,0,0,0,0,0,0,-1,0,0,0,0,0,0,-1,0,0,0,-1,0,0,0,-1,0,0,0,-1,0,0,-1,0,-1,0,-1,0,-1,0,-1,0,-1,0,-1,0,-1,0,-1,0,-1,0,-1,0,-1,0,-1,0,0,0,4847,3,2,4,182
1699,1203,fd,0,0,0,0,0,0,0,0,0,0,440,6,0,0,0,0,0,0,0,0,0,0,0,0,0,0,0,0,0,0,0,0,0,0,0,-1,0,0,0,0,0,-1,0,0,0,0,0,-1,0,0,0,0,0,-1,0,0,0,0,0,0,-1,0,0,0,0,0,0,-1,0,0,0,0,0,0,-1,0,0,0,0,0,0,-1,0,0,0,-1,0,0,0,-1,0,0,0,-1,0,0,-1,0,-1,0,-1,0,-1,0,-1,0,-1,0,-1,0,-1,0,-1,0,-1,0,-1,0,-1,0,-1,0,0,0,4847,3,2,4,183
1700,1204,fd,0,0,0,0,0,0,0,0,0,0,440,6,0,0,0,0,0,0,0,0,0,0,0,0,0,0,0,0,0,0,0,0,0,0,0,-1,0,0,0,0,0,-1,0,0,0,0,0,-1,0,0,0,0,0,-1,0,0,0,0,0,0,-1,0,0,0,0,0,0,-1,0,0,0,0,0,0,-1,0,0,0,0,0,0,-1,0,0,0,-1,0,0,0,-1,0,0,0,-1,0,0,-1,0,-1,0,-1,0,-1,0,-1,0,-1,0,-1,0,-1,0,-1,0,-1,0,-1,0,-1,0,-1,0,0,0,4847,3,2,4,184
